solid Created by Gmsh
facet normal 0 -1 0
  outer loop
    vertex -3.993185705808753 0 -70.969858827295
    vertex -3.917024928674915 0 -73.97678869263387
    vertex -0.7263102259430179 0 -71.46064746118827
  endloop
endfacet
facet normal 0 -1 0
  outer loop
    vertex -3.917024928674915 0 -73.97678869263387
    vertex -0.6501494488091799 0 -74.46757732652715
    vertex -0.7263102259430179 0 -71.46064746118827
  endloop
endfacet
facet normal 0 -1 0
  outer loop
    vertex -3.917024928674915 0 -73.97678869263387
    vertex -3.840864151541077 0 -76.98371855797275
    vertex -0.6501494488091799 0 -74.46757732652715
  endloop
endfacet
facet normal 0 -1 0
  outer loop
    vertex -0.7263102259430179 0 -71.46064746118827
    vertex -0.6501494488091799 0 -74.46757732652715
    vertex 2.540565253922718 0 -71.95143609508155
  endloop
endfacet
facet normal -0 -1 0
  outer loop
    vertex 2.550110679264965 0 -48.03457356565414
    vertex -0.4411977187933722 0 -45.69717327529089
    vertex -0.7151738963770669 0 -48.5230304763367
  endloop
endfacet
facet normal 0 -1 0
  outer loop
    vertex -0.4411977187933722 0 -45.69717327529089
    vertex -3.706482294435404 0 -46.18563018597344
    vertex -0.7151738963770669 0 -48.5230304763367
  endloop
endfacet
facet normal -0 -1 0
  outer loop
    vertex -0.4411977187933722 0 -45.69717327529089
    vertex -3.43250611685171 0 -43.35977298492763
    vertex -3.706482294435404 0 -46.18563018597344
  endloop
endfacet
facet normal -0 -1 0
  outer loop
    vertex -0.7151738963770669 0 -48.5230304763367
    vertex -3.706482294435404 0 -46.18563018597344
    vertex -3.980458472019099 0 -49.01148738701926
  endloop
endfacet
facet normal 0 -1 -0
  outer loop
    vertex 2.540565253922718 0 -71.95143609508155
    vertex -0.6501494488091799 0 -74.46757732652715
    vertex 2.714078481483988 0 -74.98342371349835
  endloop
endfacet
facet normal 0 -1 0
  outer loop
    vertex -0.6501494488091799 0 -74.46757732652715
    vertex -0.4766362212479089 0 -77.49956494494397
    vertex 2.714078481483988 0 -74.98342371349835
  endloop
endfacet
facet normal 0 -1 -0
  outer loop
    vertex -0.6501494488091799 0 -74.46757732652715
    vertex -3.840864151541077 0 -76.98371855797275
    vertex -0.4766362212479089 0 -77.49956494494397
  endloop
endfacet
facet normal 0 -1 -0
  outer loop
    vertex 2.714078481483988 0 -74.98342371349835
    vertex -0.4766362212479089 0 -77.49956494494397
    vertex 2.887591709045259 0 -78.01541133191517
  endloop
endfacet
facet normal 0 -1 0
  outer loop
    vertex 2.908588865829744 0 -41.69008068332805
    vertex -0.2619586255109825 0 -42.52492683412784
    vertex 2.729349772547354 0 -44.8623271244911
  endloop
endfacet
facet normal 0 -1 -0
  outer loop
    vertex -0.2619586255109825 0 -42.52492683412784
    vertex -0.4411977187933722 0 -45.69717327529089
    vertex 2.729349772547354 0 -44.8623271244911
  endloop
endfacet
facet normal 0 -1 0
  outer loop
    vertex -0.2619586255109825 0 -42.52492683412784
    vertex -3.43250611685171 0 -43.35977298492763
    vertex -0.4411977187933722 0 -45.69717327529089
  endloop
endfacet
facet normal 0 -1 0
  outer loop
    vertex 2.729349772547354 0 -44.8623271244911
    vertex -0.4411977187933722 0 -45.69717327529089
    vertex 2.550110679264965 0 -48.03457356565414
  endloop
endfacet
facet normal 0 -1 0
  outer loop
    vertex -3.683989827883988 0 -111.472007180697
    vertex -0.1077252154719668 0 -111.2491629157717
    vertex -2.829572566437638 0 -108.4093029058809
  endloop
endfacet
facet normal 0 -1 0
  outer loop
    vertex -0.1077252154719668 0 -111.2491629157717
    vertex 0.7466920459743838 0 -108.1864586409557
    vertex -2.829572566437638 0 -108.4093029058809
  endloop
endfacet
facet normal 0 -1 0
  outer loop
    vertex -0.1077252154719668 0 -111.2491629157717
    vertex 3.468539396940054 0 -111.0263186508464
    vertex 0.7466920459743838 0 -108.1864586409557
  endloop
endfacet
facet normal 0 -1 0
  outer loop
    vertex -2.829572566437638 0 -108.4093029058809
    vertex 0.7466920459743838 0 -108.1864586409557
    vertex -1.975155304991286 0 -105.3465986310649
  endloop
endfacet
facet normal 0 -1 0
  outer loop
    vertex -1.975155304991286 0 -105.3465986310649
    vertex 0.7466920459743838 0 -108.1864586409557
    vertex 0.9768152324046548 0 -105.3465986310649
  endloop
endfacet
facet normal 0 -1 0
  outer loop
    vertex 0.7466920459743838 0 -108.1864586409557
    vertex 3.698662583370325 0 -108.1864586409556
    vertex 0.9768152324046548 0 -105.3465986310649
  endloop
endfacet
facet normal 0 -1 0
  outer loop
    vertex 0.7466920459743838 0 -108.1864586409557
    vertex 3.468539396940054 0 -111.0263186508464
    vertex 3.698662583370325 0 -108.1864586409556
  endloop
endfacet
facet normal 0 -1 0
  outer loop
    vertex 0.9768152324046548 0 -105.3465986310649
    vertex 3.698662583370325 0 -108.1864586409556
    vertex 3.928785769800597 0 -105.3465986310649
  endloop
endfacet
facet normal 0 -1 0
  outer loop
    vertex 3.730349362740526e-14 0 0
    vertex 1.866498774969002 0 -2.815138302791709
    vertex 2.937500000000027 0 0
  endloop
endfacet
facet normal 0 -1 0
  outer loop
    vertex 1.866498774969002 0 -2.815138302791709
    vertex 4.803998774968991 0 -2.815138302791709
    vertex 2.937500000000027 0 0
  endloop
endfacet
facet normal 0 -1 0
  outer loop
    vertex 1.866498774969002 0 -2.815138302791709
    vertex 3.732997549937967 0 -5.630276605583425
    vertex 4.803998774968991 0 -2.815138302791709
  endloop
endfacet
facet normal 0 -1 0
  outer loop
    vertex 2.937500000000027 0 0
    vertex 4.803998774968991 0 -2.815138302791709
    vertex 5.875000000000016 0 0
  endloop
endfacet
facet normal 0 -1 0
  outer loop
    vertex 11.75 0 -3
    vertex 11.75 0 -1.5
    vertex 10.25 0 -3
  endloop
endfacet
facet normal -0 -1 0
  outer loop
    vertex 11.75 0 -1.5
    vertex 10.25 0 -1.5
    vertex 10.25 0 -3
  endloop
endfacet
facet normal 0 -1 0
  outer loop
    vertex 11.75 0 -1.5
    vertex 11.75 0 0
    vertex 10.25 0 -1.5
  endloop
endfacet
facet normal 0 -1 0
  outer loop
    vertex 10.25 0 -3
    vertex 10.25 0 -1.5
    vertex 8.75 0 -3
  endloop
endfacet
facet normal 0 -1 0
  outer loop
    vertex -11.75 0 -3
    vertex -10.25 0 -3
    vertex -11.75 0 -1.5
  endloop
endfacet
facet normal 0 -1 0
  outer loop
    vertex -10.25 0 -3
    vertex -10.25 0 -1.5
    vertex -11.75 0 -1.5
  endloop
endfacet
facet normal 0 -1 0
  outer loop
    vertex -10.25 0 -3
    vertex -8.75 0 -3
    vertex -10.25 0 -1.5
  endloop
endfacet
facet normal 0 -1 0
  outer loop
    vertex -11.75 0 -1.5
    vertex -10.25 0 -1.5
    vertex -11.75 0 0
  endloop
endfacet
facet normal 0 -1 0
  outer loop
    vertex -2.5772732978048 0 -31.70609030132215
    vertex 0.5010106628047417 0 -34.18305719733923
    vertex 0.6966613244835829 0 -31.19983949331492
  endloop
endfacet
facet normal 0 -1 0
  outer loop
    vertex 0.5010106628047417 0 -34.18305719733923
    vertex 3.774945285093125 0 -33.67680638933199
    vertex 0.6966613244835829 0 -31.19983949331492
  endloop
endfacet
facet normal 0 -1 0
  outer loop
    vertex 0.5010106628047417 0 -34.18305719733923
    vertex 3.579294623414284 0 -36.66002409335631
    vertex 3.774945285093125 0 -33.67680638933199
  endloop
endfacet
facet normal 0 -1 0
  outer loop
    vertex 0.6966613244835829 0 -31.19983949331492
    vertex 3.774945285093125 0 -33.67680638933199
    vertex 3.970595946771966 0 -30.69358868530768
  endloop
endfacet
facet normal 0 -1 0
  outer loop
    vertex -2.774440965185407 0 -38.0700746054283
    vertex 0.4024268291144386 0 -37.36504934939231
    vertex -2.675857131495104 0 -34.88808245337523
  endloop
endfacet
facet normal 0 -1 0
  outer loop
    vertex 0.4024268291144386 0 -37.36504934939231
    vertex 0.5010106628047417 0 -34.18305719733923
    vertex -2.675857131495104 0 -34.88808245337523
  endloop
endfacet
facet normal 0 -1 0
  outer loop
    vertex 0.4024268291144386 0 -37.36504934939231
    vertex 3.579294623414284 0 -36.66002409335631
    vertex 0.5010106628047417 0 -34.18305719733923
  endloop
endfacet
facet normal 0 -1 0
  outer loop
    vertex -2.675857131495104 0 -34.88808245337523
    vertex 0.5010106628047417 0 -34.18305719733923
    vertex -2.5772732978048 0 -31.70609030132215
  endloop
endfacet
facet normal -0 -1 0
  outer loop
    vertex 3.928785769800597 0 -105.3465986310649
    vertex 3.175149237966817 0 -102.4219039098416
    vertex 0.9768152324046548 0 -105.3465986310649
  endloop
endfacet
facet normal -0 -1 0
  outer loop
    vertex 3.175149237966817 0 -102.4219039098416
    vertex 0.2231787005708759 0 -102.4219039098416
    vertex 0.9768152324046548 0 -105.3465986310649
  endloop
endfacet
facet normal 0 -1 0
  outer loop
    vertex 3.175149237966817 0 -102.4219039098416
    vertex 2.421512706133038 0 -99.49720918861841
    vertex 0.2231787005708759 0 -102.4219039098416
  endloop
endfacet
facet normal 0 -1 0
  outer loop
    vertex 0.9768152324046548 0 -105.3465986310649
    vertex 0.2231787005708759 0 -102.4219039098416
    vertex -1.975155304991286 0 -105.3465986310649
  endloop
endfacet
facet normal 0 -1 0
  outer loop
    vertex -1.975155304991286 0 -105.3465986310649
    vertex 0.2231787005708759 0 -102.4219039098416
    vertex -2.82667361823695 0 -102.4469806540579
  endloop
endfacet
facet normal -0 -1 0
  outer loop
    vertex 0.2231787005708759 0 -102.4219039098416
    vertex -0.6283396126747887 0 -99.52228593283469
    vertex -2.82667361823695 0 -102.4469806540579
  endloop
endfacet
facet normal 0 -1 0
  outer loop
    vertex 0.2231787005708759 0 -102.4219039098416
    vertex 2.421512706133038 0 -99.49720918861841
    vertex -0.6283396126747887 0 -99.52228593283469
  endloop
endfacet
facet normal 0 -1 0
  outer loop
    vertex -2.82667361823695 0 -102.4469806540579
    vertex -0.6283396126747887 0 -99.52228593283469
    vertex -3.678191931482615 0 -99.54736267705097
  endloop
endfacet
facet normal 0 -1 0
  outer loop
    vertex -2.589717217482806 0 -93.9345005037176
    vertex -0.0841022556748845 0 -96.71585484616801
    vertex 0.5875752048022811 0 -93.63471410708333
  endloop
endfacet
facet normal 0 -1 0
  outer loop
    vertex -0.0841022556748845 0 -96.71585484616801
    vertex 3.093190166610203 0 -96.41606844953373
    vertex 0.5875752048022811 0 -93.63471410708333
  endloop
endfacet
facet normal 0 -1 0
  outer loop
    vertex -0.0841022556748845 0 -96.71585484616801
    vertex 2.421512706133038 0 -99.49720918861841
    vertex 3.093190166610203 0 -96.41606844953373
  endloop
endfacet
facet normal 0 -1 0
  outer loop
    vertex 0.5875752048022811 0 -93.63471410708333
    vertex 3.093190166610203 0 -96.41606844953373
    vertex 3.764867627087368 0 -93.33492771044904
  endloop
endfacet
facet normal 0 -1 0
  outer loop
    vertex -3.678191931482615 0 -99.54736267705097
    vertex -0.6283396126747887 0 -99.52228593283469
    vertex -3.13395457448271 0 -96.74093159038429
  endloop
endfacet
facet normal 0 -1 0
  outer loop
    vertex -0.6283396126747887 0 -99.52228593283469
    vertex -0.0841022556748845 0 -96.71585484616801
    vertex -3.13395457448271 0 -96.74093159038429
  endloop
endfacet
facet normal 0 -1 0
  outer loop
    vertex -0.6283396126747887 0 -99.52228593283469
    vertex 2.421512706133038 0 -99.49720918861841
    vertex -0.0841022556748845 0 -96.71585484616801
  endloop
endfacet
facet normal 0 -1 0
  outer loop
    vertex -3.13395457448271 0 -96.74093159038429
    vertex -0.0841022556748845 0 -96.71585484616801
    vertex -2.589717217482806 0 -93.9345005037176
  endloop
endfacet
facet normal 0 -1 -0
  outer loop
    vertex 5.875000000000016 0 0
    vertex 4.803998774968991 0 -2.815138302791709
    vertex 7.312500000000008 0 -1.5
  endloop
endfacet
facet normal 0 -1 0
  outer loop
    vertex 4.803998774968991 0 -2.815138302791709
    vertex 6.241498774968983 0 -4.315138302791709
    vertex 7.312500000000008 0 -1.5
  endloop
endfacet
facet normal 0 -1 -0
  outer loop
    vertex 4.803998774968991 0 -2.815138302791709
    vertex 3.732997549937967 0 -5.630276605583425
    vertex 6.241498774968983 0 -4.315138302791709
  endloop
endfacet
facet normal 0 -1 -0
  outer loop
    vertex 7.312500000000008 0 -1.5
    vertex 6.241498774968983 0 -4.315138302791709
    vertex 8.75 0 -3
  endloop
endfacet
facet normal 0 -1 0
  outer loop
    vertex -2.355537403597821 0 -82.12976302292527
    vertex 1.179315808757861 0 -82.30727418841457
    vertex 0.2660271527237184 0 -80.07258717742023
  endloop
endfacet
facet normal 0 -1 0
  outer loop
    vertex 1.179315808757861 0 -82.30727418841457
    vertex 3.800880365079401 0 -80.25009834290952
    vertex 0.2660271527237184 0 -80.07258717742023
  endloop
endfacet
facet normal 0 -1 0
  outer loop
    vertex 1.179315808757861 0 -82.30727418841457
    vertex 4.714169021113543 0 -82.48478535390385
    vertex 3.800880365079401 0 -80.25009834290952
  endloop
endfacet
facet normal 0 -1 0
  outer loop
    vertex 0.2660271527237184 0 -80.07258717742023
    vertex 3.800880365079401 0 -80.25009834290952
    vertex 2.887591709045259 0 -78.01541133191517
  endloop
endfacet
facet normal 0 -1 -0
  outer loop
    vertex -3.178310680343857 0 -12.65044898563331
    vertex -3.483135525297356 0 -16.38768525648277
    vertex -0.21200435366418 0 -15.8937978020776
  endloop
endfacet
facet normal 0 -1 0
  outer loop
    vertex -3.483135525297356 0 -16.38768525648277
    vertex -0.5168291986176792 0 -19.63103407292705
    vertex -0.21200435366418 0 -15.8937978020776
  endloop
endfacet
facet normal 0 -1 -0
  outer loop
    vertex -3.483135525297356 0 -16.38768525648277
    vertex -3.787960370250855 0 -20.12492152733222
    vertex -0.5168291986176792 0 -19.63103407292705
  endloop
endfacet
facet normal 0 -1 -0
  outer loop
    vertex -0.21200435366418 0 -15.8937978020776
    vertex -0.5168291986176792 0 -19.63103407292705
    vertex 2.754301973015496 0 -19.13714661852188
  endloop
endfacet
facet normal 0 -1 0
  outer loop
    vertex 2.754301973015496 0 -19.13714661852188
    vertex 3.075255457599694 0 -15.6200665883758
    vertex -0.21200435366418 0 -15.8937978020776
  endloop
endfacet
facet normal -0 -1 0
  outer loop
    vertex 3.075255457599694 0 -15.6200665883758
    vertex 0.1089491309200179 0 -12.37671777193151
    vertex -0.21200435366418 0 -15.8937978020776
  endloop
endfacet
facet normal 0 -1 0
  outer loop
    vertex 3.075255457599694 0 -15.6200665883758
    vertex 3.396208942183892 0 -12.10298655822971
    vertex 0.1089491309200179 0 -12.37671777193151
  endloop
endfacet
facet normal 0 -1 0
  outer loop
    vertex -0.21200435366418 0 -15.8937978020776
    vertex 0.1089491309200179 0 -12.37671777193151
    vertex -3.178310680343857 0 -12.65044898563331
  endloop
endfacet
facet normal 0 -1 0
  outer loop
    vertex 1.325960873932671 0 -85.80492129138858
    vertex 3.020064947523108 0 -84.14485332264621
    vertex -0.5147882648325748 0 -83.96734215715693
  endloop
endfacet
facet normal 0 -1 0
  outer loop
    vertex 3.020064947523108 0 -84.14485332264621
    vertex 1.179315808757861 0 -82.30727418841457
    vertex -0.5147882648325748 0 -83.96734215715693
  endloop
endfacet
facet normal 0 -1 0
  outer loop
    vertex 3.020064947523108 0 -84.14485332264621
    vertex 4.714169021113543 0 -82.48478535390385
    vertex 1.179315808757861 0 -82.30727418841457
  endloop
endfacet
facet normal 0 -1 0
  outer loop
    vertex -0.5147882648325748 0 -83.96734215715693
    vertex 1.179315808757861 0 -82.30727418841457
    vertex -2.355537403597821 0 -82.12976302292527
  endloop
endfacet
facet normal 0 -1 0
  outer loop
    vertex 2.540565253922718 0 -71.95143609508155
    vertex 1.157215425114043 0 -68.8970368434351
    vertex -0.7263102259430179 0 -71.46064746118827
  endloop
endfacet
facet normal -0 -1 0
  outer loop
    vertex 1.157215425114043 0 -68.8970368434351
    vertex -2.109660054751692 0 -68.40624820954184
    vertex -0.7263102259430179 0 -71.46064746118827
  endloop
endfacet
facet normal 0 -1 0
  outer loop
    vertex 1.157215425114043 0 -68.8970368434351
    vertex -0.2261344036946307 0 -65.84263759178867
    vertex -2.109660054751692 0 -68.40624820954184
  endloop
endfacet
facet normal 0 -1 0
  outer loop
    vertex -0.7263102259430179 0 -71.46064746118827
    vertex -2.109660054751692 0 -68.40624820954184
    vertex -3.993185705808753 0 -70.969858827295
  endloop
endfacet
facet normal 0 -1 0
  outer loop
    vertex -3.980458472019099 0 -49.01148738701926
    vertex -2.101440382929206 0 -51.58170455386946
    vertex -0.7151738963770669 0 -48.5230304763367
  endloop
endfacet
facet normal 0 -1 0
  outer loop
    vertex -2.101440382929206 0 -51.58170455386946
    vertex 1.163844192712825 0 -51.0932476431869
    vertex -0.7151738963770669 0 -48.5230304763367
  endloop
endfacet
facet normal 0 -1 0
  outer loop
    vertex -2.101440382929206 0 -51.58170455386946
    vertex -0.2224222938393146 0 -54.15192172071966
    vertex 1.163844192712825 0 -51.0932476431869
  endloop
endfacet
facet normal 0 -1 0
  outer loop
    vertex -0.7151738963770669 0 -48.5230304763367
    vertex 1.163844192712825 0 -51.0932476431869
    vertex 2.550110679264965 0 -48.03457356565414
  endloop
endfacet
facet normal -0 -1 0
  outer loop
    vertex 2.887591709045259 0 -78.01541133191517
    vertex -0.4766362212479089 0 -77.49956494494397
    vertex 0.2660271527237184 0 -80.07258717742023
  endloop
endfacet
facet normal 0 -1 -0
  outer loop
    vertex -0.4766362212479089 0 -77.49956494494397
    vertex -3.09820077756945 0 -79.55674079044901
    vertex 0.2660271527237184 0 -80.07258717742023
  endloop
endfacet
facet normal -0 -1 0
  outer loop
    vertex -0.4766362212479089 0 -77.49956494494397
    vertex -3.840864151541077 0 -76.98371855797275
    vertex -3.09820077756945 0 -79.55674079044901
  endloop
endfacet
facet normal -0 -1 0
  outer loop
    vertex 0.2660271527237184 0 -80.07258717742023
    vertex -3.09820077756945 0 -79.55674079044901
    vertex -2.355537403597821 0 -82.12976302292527
  endloop
endfacet
facet normal 0 -1 -0
  outer loop
    vertex -2.774440965185407 0 -38.0700746054283
    vertex -3.103473541018558 0 -40.71492379517797
    vertex 0.06707395032216912 0 -39.88007764437818
  endloop
endfacet
facet normal 0 -1 0
  outer loop
    vertex -3.103473541018558 0 -40.71492379517797
    vertex -0.2619586255109825 0 -42.52492683412784
    vertex 0.06707395032216912 0 -39.88007764437818
  endloop
endfacet
facet normal 0 -1 -0
  outer loop
    vertex -3.103473541018558 0 -40.71492379517797
    vertex -3.43250611685171 0 -43.35977298492763
    vertex -0.2619586255109825 0 -42.52492683412784
  endloop
endfacet
facet normal 0 -1 -0
  outer loop
    vertex 0.06707395032216912 0 -39.88007764437818
    vertex -0.2619586255109825 0 -42.52492683412784
    vertex 2.908588865829744 0 -41.69008068332805
  endloop
endfacet
facet normal 0 -1 0
  outer loop
    vertex -8.75 0 -3
    vertex -5.776402224702076 0 -3.550152014733271
    vertex -7.312499999999987 0 -1.5
  endloop
endfacet
facet normal 0 -1 0
  outer loop
    vertex -5.776402224702076 0 -3.550152014733271
    vertex -4.338902224702061 0 -2.050152014733271
    vertex -7.312499999999987 0 -1.5
  endloop
endfacet
facet normal 0 -1 0
  outer loop
    vertex -5.776402224702076 0 -3.550152014733271
    vertex -2.80280444940415 0 -4.10030402946655
    vertex -4.338902224702061 0 -2.050152014733271
  endloop
endfacet
facet normal 0 -1 0
  outer loop
    vertex -7.312499999999987 0 -1.5
    vertex -4.338902224702061 0 -2.050152014733271
    vertex -5.874999999999972 0 0
  endloop
endfacet
facet normal 0 -1 0
  outer loop
    vertex 2.908588865829744 0 -41.69008068332805
    vertex 3.243941744622014 0 -39.17505238834217
    vertex 0.06707395032216912 0 -39.88007764437818
  endloop
endfacet
facet normal -0 -1 0
  outer loop
    vertex 3.243941744622014 0 -39.17505238834217
    vertex 0.4024268291144386 0 -37.36504934939231
    vertex 0.06707395032216912 0 -39.88007764437818
  endloop
endfacet
facet normal 0 -1 0
  outer loop
    vertex 3.243941744622014 0 -39.17505238834217
    vertex 3.579294623414284 0 -36.66002409335631
    vertex 0.4024268291144386 0 -37.36504934939231
  endloop
endfacet
facet normal 0 -1 0
  outer loop
    vertex 0.06707395032216912 0 -39.88007764437818
    vertex 0.4024268291144386 0 -37.36504934939231
    vertex -2.774440965185407 0 -38.0700746054283
  endloop
endfacet
facet normal -0 -1 0
  outer loop
    vertex 3.970595946771966 0 -30.69358868530768
    vertex 2.062633462023763 0 -27.98482232994518
    vertex 0.6966613244835829 0 -31.19983949331492
  endloop
endfacet
facet normal 0 -1 0
  outer loop
    vertex 2.062633462023763 0 -27.98482232994518
    vertex -1.211301160264619 0 -28.49107313795241
    vertex 0.6966613244835829 0 -31.19983949331492
  endloop
endfacet
facet normal -0 -1 0
  outer loop
    vertex 2.062633462023763 0 -27.98482232994518
    vertex 0.1546709772755603 0 -25.27605597458268
    vertex -1.211301160264619 0 -28.49107313795241
  endloop
endfacet
facet normal -0 -1 0
  outer loop
    vertex 0.6966613244835829 0 -31.19983949331492
    vertex -1.211301160264619 0 -28.49107313795241
    vertex -2.5772732978048 0 -31.70609030132215
  endloop
endfacet
facet normal 0 -1 0
  outer loop
    vertex -2.80280444940415 0 -4.10030402946655
    vertex 0.4650965502669084 0 -4.865290317524988
    vertex -1.401402224702056 0 -2.050152014733271
  endloop
endfacet
facet normal 0 -1 0
  outer loop
    vertex 0.4650965502669084 0 -4.865290317524988
    vertex 1.866498774969002 0 -2.815138302791709
    vertex -1.401402224702056 0 -2.050152014733271
  endloop
endfacet
facet normal 0 -1 0
  outer loop
    vertex 0.4650965502669084 0 -4.865290317524988
    vertex 3.732997549937967 0 -5.630276605583425
    vertex 1.866498774969002 0 -2.815138302791709
  endloop
endfacet
facet normal 0 -1 0
  outer loop
    vertex -1.401402224702056 0 -2.050152014733271
    vertex 1.866498774969002 0 -2.815138302791709
    vertex 3.730349362740526e-14 0 0
  endloop
endfacet
facet normal 0 -1 0
  outer loop
    vertex -8.75 0 -9.433632657088879
    vertex -7.025145414258552 0 -8.280055507091475
    vertex -8.75 0 -6.216816328544439
  endloop
endfacet
facet normal 0 -1 0
  outer loop
    vertex -7.025145414258552 0 -8.280055507091475
    vertex -7.025145414258552 0 -5.063239178547036
    vertex -8.75 0 -6.216816328544439
  endloop
endfacet
facet normal 0 -1 0
  outer loop
    vertex -7.025145414258552 0 -8.280055507091475
    vertex -5.300290828517103 0 -7.126478357094072
    vertex -7.025145414258552 0 -5.063239178547036
  endloop
endfacet
facet normal 0 -1 0
  outer loop
    vertex -8.75 0 -6.216816328544439
    vertex -7.025145414258552 0 -5.063239178547036
    vertex -8.75 0 -3
  endloop
endfacet
facet normal 0 -1 -0
  outer loop
    vertex 8.75 0 -3
    vertex 6.241498774968983 0 -4.315138302791709
    vertex 8.75 0 -6.216816328544439
  endloop
endfacet
facet normal 0 -1 0
  outer loop
    vertex 6.241498774968983 0 -4.315138302791709
    vertex 6.241498774968983 0 -7.531954631336149
    vertex 8.75 0 -6.216816328544439
  endloop
endfacet
facet normal 0 -1 -0
  outer loop
    vertex 6.241498774968983 0 -4.315138302791709
    vertex 3.732997549937967 0 -5.630276605583425
    vertex 6.241498774968983 0 -7.531954631336149
  endloop
endfacet
facet normal 0 -1 -0
  outer loop
    vertex 8.75 0 -6.216816328544439
    vertex 6.241498774968983 0 -7.531954631336149
    vertex 8.75 0 -9.433632657088875
  endloop
endfacet
facet normal 0 -1 0
  outer loop
    vertex 2.754301973015496 0 -19.13714661852188
    vertex -0.5168291986176792 0 -19.63103407292705
    vertex 1.454486475145528 0 -22.20660129655228
  endloop
endfacet
facet normal 0 -1 -0
  outer loop
    vertex -0.5168291986176792 0 -19.63103407292705
    vertex -1.816644696487647 0 -22.70048875095745
    vertex 1.454486475145528 0 -22.20660129655228
  endloop
endfacet
facet normal 0 -1 0
  outer loop
    vertex -0.5168291986176792 0 -19.63103407292705
    vertex -3.787960370250855 0 -20.12492152733222
    vertex -1.816644696487647 0 -22.70048875095745
  endloop
endfacet
facet normal 0 -1 0
  outer loop
    vertex 1.454486475145528 0 -22.20660129655228
    vertex -1.816644696487647 0 -22.70048875095745
    vertex 0.1546709772755603 0 -25.27605597458268
  endloop
endfacet
facet normal 0 -1 0
  outer loop
    vertex -3.399780076703656 0 -60.00000000000001
    vertex -0.02519590484397849 0 -59.99961137946489
    vertex -1.811101185271485 0 -57.07596086035983
  endloop
endfacet
facet normal 0 -1 0
  outer loop
    vertex -0.02519590484397849 0 -59.99961137946489
    vertex 1.563482986588192 0 -57.07557223982471
    vertex -1.811101185271485 0 -57.07596086035983
  endloop
endfacet
facet normal 0 -1 0
  outer loop
    vertex -0.02519590484397849 0 -59.99961137946489
    vertex 3.349388267015698 0 -59.99922275892976
    vertex 1.563482986588192 0 -57.07557223982471
  endloop
endfacet
facet normal 0 -1 0
  outer loop
    vertex -1.811101185271485 0 -57.07596086035983
    vertex 1.563482986588192 0 -57.07557223982471
    vertex -0.2224222938393146 0 -54.15192172071966
  endloop
endfacet
facet normal 0 -1 0
  outer loop
    vertex -0.2261344036946307 0 -65.84263759178867
    vertex 1.561626931660534 0 -62.92093017535922
    vertex -1.812957240199144 0 -62.92131879589434
  endloop
endfacet
facet normal -0 -1 0
  outer loop
    vertex 1.561626931660534 0 -62.92093017535922
    vertex -0.02519590484397849 0 -59.99961137946489
    vertex -1.812957240199144 0 -62.92131879589434
  endloop
endfacet
facet normal 0 -1 0
  outer loop
    vertex 1.561626931660534 0 -62.92093017535922
    vertex 3.349388267015698 0 -59.99922275892976
    vertex -0.02519590484397849 0 -59.99961137946489
  endloop
endfacet
facet normal 0 -1 0
  outer loop
    vertex -1.812957240199144 0 -62.92131879589434
    vertex -0.02519590484397849 0 -59.99961137946489
    vertex -3.399780076703656 0 -60.00000000000001
  endloop
endfacet
facet normal 0 -1 0
  outer loop
    vertex -2.664535259100376e-15 0 -115.6476106469235
    vertex 1.734269698470025 0 -113.336964648885
    vertex -1.841994913941996 0 -113.5598089138103
  endloop
endfacet
facet normal -0 -1 0
  outer loop
    vertex 1.734269698470025 0 -113.336964648885
    vertex -0.1077252154719668 0 -111.2491629157717
    vertex -1.841994913941996 0 -113.5598089138103
  endloop
endfacet
facet normal 0 -1 0
  outer loop
    vertex 1.734269698470025 0 -113.336964648885
    vertex 3.468539396940054 0 -111.0263186508464
    vertex -0.1077252154719668 0 -111.2491629157717
  endloop
endfacet
facet normal 0 -1 0
  outer loop
    vertex -1.841994913941996 0 -113.5598089138103
    vertex -0.1077252154719668 0 -111.2491629157717
    vertex -3.683989827883988 0 -111.472007180697
  endloop
endfacet
facet normal 0 -1 -0
  outer loop
    vertex 8.75 0 -28.7345306283555
    vertex 6.360297973385983 0 -29.71405965683159
    vertex 8.75 0 -31.95134695689994
  endloop
endfacet
facet normal 0 -1 0
  outer loop
    vertex 6.360297973385983 0 -29.71405965683159
    vertex 6.360297973385983 0 -32.93087598537603
    vertex 8.75 0 -31.95134695689994
  endloop
endfacet
facet normal 0 -1 -0
  outer loop
    vertex 6.360297973385983 0 -29.71405965683159
    vertex 3.970595946771966 0 -30.69358868530768
    vertex 6.360297973385983 0 -32.93087598537603
  endloop
endfacet
facet normal 0 -1 -0
  outer loop
    vertex 8.75 0 -31.95134695689994
    vertex 6.360297973385983 0 -32.93087598537603
    vertex 8.75 0 -35.16816328544438
  endloop
endfacet
facet normal -1.60361e-16 -1 -3.33114e-16
  outer loop
    vertex -8.75 1.071565949253934e-15 -35.16816328544438
    vertex -5.663636648902401 0 -33.43712679338326
    vertex -8.75 0 -31.95134695689994
  endloop
endfacet
facet normal 0 -1 0
  outer loop
    vertex -5.663636648902401 0 -33.43712679338326
    vertex -5.663636648902401 0 -30.22031046483883
    vertex -8.75 0 -31.95134695689994
  endloop
endfacet
facet normal 0 -1 0
  outer loop
    vertex -5.663636648902401 0 -33.43712679338326
    vertex -2.5772732978048 0 -31.70609030132215
    vertex -5.663636648902401 0 -30.22031046483883
  endloop
endfacet
facet normal 0 -1 0
  outer loop
    vertex -8.75 0 -31.95134695689994
    vertex -5.663636648902401 0 -30.22031046483883
    vertex -8.75 0 -28.73453062835551
  endloop
endfacet
facet normal -1.38784e-16 -1 -3.53229e-16
  outer loop
    vertex -8.75 1.071565949253934e-15 -75.16816328544438
    vertex -6.371592852904377 0 -73.06901105636969
    vertex -8.75 0 -72.13453062835549
  endloop
endfacet
facet normal 0 -1 0
  outer loop
    vertex -6.371592852904377 0 -73.06901105636969
    vertex -6.371592852904377 0 -70.0353783992808
    vertex -8.75 0 -72.13453062835549
  endloop
endfacet
facet normal 0 -1 0
  outer loop
    vertex -6.371592852904377 0 -73.06901105636969
    vertex -3.993185705808753 0 -70.969858827295
    vertex -6.371592852904377 0 -70.0353783992808
  endloop
endfacet
facet normal 0 -1 0
  outer loop
    vertex -8.75 0 -72.13453062835549
    vertex -6.371592852904377 0 -70.0353783992808
    vertex -8.75 0 -69.10089797126662
  endloop
endfacet
facet normal 0 -1 -0
  outer loop
    vertex 8.75 0 -69.10089797126662
    vertex 5.645282626961359 0 -70.52616703317408
    vertex 8.75 0 -72.13453062835549
  endloop
endfacet
facet normal 0 -1 0
  outer loop
    vertex 5.645282626961359 0 -70.52616703317408
    vertex 5.645282626961359 0 -73.55979969026296
    vertex 8.75 0 -72.13453062835549
  endloop
endfacet
facet normal 0 -1 -0
  outer loop
    vertex 5.645282626961359 0 -70.52616703317408
    vertex 2.540565253922718 0 -71.95143609508155
    vertex 5.645282626961359 0 -73.55979969026296
  endloop
endfacet
facet normal 0 -1 -0
  outer loop
    vertex 8.75 0 -72.13453062835549
    vertex 5.645282626961359 0 -73.55979969026296
    vertex 8.75 0 -75.16816328544438
  endloop
endfacet
facet normal 0 -1 -0
  outer loop
    vertex 8.75 0 -44.83183671455561
    vertex 5.650055339632482 0 -46.43320514010488
    vertex 8.75 0 -47.86546937164449
  endloop
endfacet
facet normal 0 -1 0
  outer loop
    vertex 5.650055339632482 0 -46.43320514010488
    vertex 5.650055339632482 0 -49.46683779719376
    vertex 8.75 0 -47.86546937164449
  endloop
endfacet
facet normal 0 -1 -0
  outer loop
    vertex 5.650055339632482 0 -46.43320514010488
    vertex 2.550110679264965 0 -48.03457356565414
    vertex 5.650055339632482 0 -49.46683779719376
  endloop
endfacet
facet normal 0 -1 -0
  outer loop
    vertex 8.75 0 -47.86546937164449
    vertex 5.650055339632482 0 -49.46683779719376
    vertex 8.75 0 -50.89910202873337
  endloop
endfacet
facet normal 0 -1 0
  outer loop
    vertex -8.75 0 -50.89910202873337
    vertex -6.36522923600955 0 -49.95529470787632
    vertex -8.75 0 -47.86546937164449
  endloop
endfacet
facet normal 0 -1 0
  outer loop
    vertex -6.36522923600955 0 -49.95529470787632
    vertex -6.36522923600955 0 -46.92166205078744
    vertex -8.75 0 -47.86546937164449
  endloop
endfacet
facet normal 0 -1 0
  outer loop
    vertex -6.36522923600955 0 -49.95529470787632
    vertex -3.980458472019099 0 -49.01148738701926
    vertex -6.36522923600955 0 -46.92166205078744
  endloop
endfacet
facet normal -1.39795e-16 -1 3.53229e-16
  outer loop
    vertex -8.75 0 -47.86546937164449
    vertex -6.36522923600955 0 -46.92166205078744
    vertex -8.75 1.071565949253934e-15 -44.83183671455561
  endloop
endfacet
facet normal 0 -1 -0
  outer loop
    vertex 8.75 0 -15.86726531417775
    vertex 5.752150986507748 0 -17.50220596634981
    vertex 8.75 0 -19.08408164272219
  endloop
endfacet
facet normal 0 -1 0
  outer loop
    vertex 5.752150986507748 0 -17.50220596634981
    vertex 5.752150986507748 0 -20.71902229489425
    vertex 8.75 0 -19.08408164272219
  endloop
endfacet
facet normal 0 -1 -0
  outer loop
    vertex 5.752150986507748 0 -17.50220596634981
    vertex 2.754301973015496 0 -19.13714661852188
    vertex 5.752150986507748 0 -20.71902229489425
  endloop
endfacet
facet normal 0 -1 -0
  outer loop
    vertex 8.75 0 -19.08408164272219
    vertex 5.752150986507748 0 -20.71902229489425
    vertex 8.75 0 -22.30089797126663
  endloop
endfacet
facet normal 0 -1 0
  outer loop
    vertex -8.75 0 -15.86726531417776
    vertex -5.964155340171929 0 -14.25885714990554
    vertex -8.75 0 -12.65044898563332
  endloop
endfacet
facet normal 0 -1 0
  outer loop
    vertex -5.964155340171929 0 -14.25885714990554
    vertex -5.964155340171929 0 -11.0420408213611
    vertex -8.75 0 -12.65044898563332
  endloop
endfacet
facet normal 0 -1 0
  outer loop
    vertex -5.964155340171929 0 -14.25885714990554
    vertex -3.178310680343857 0 -12.65044898563331
    vertex -5.964155340171929 0 -11.0420408213611
  endloop
endfacet
facet normal 0 -1 0
  outer loop
    vertex -8.75 0 -12.65044898563332
    vertex -5.964155340171929 0 -11.0420408213611
    vertex -8.75 0 -9.433632657088879
  endloop
endfacet
facet normal -3.43239e-16 -1 -4.46214e-16
  outer loop
    vertex -8.75 1.071565949253934e-15 -84.83183671455562
    vertex -8.830618906354506 0 -82.36835968680958
    vertex -10.63264585851102 1.302123571709288e-15 -83.90035556640436
  endloop
endfacet
facet normal -2.65827e-16 -1 -5.37271e-16
  outer loop
    vertex -8.830618906354506 0 -82.36835968680958
    vertex -10.71326476486552 0 -81.43687853865832
    vertex -10.63264585851102 1.302123571709288e-15 -83.90035556640436
  endloop
endfacet
facet normal 0 -1 0
  outer loop
    vertex -8.830618906354506 0 -82.36835968680958
    vertex -8.911237812709015 0 -79.90488265906356
    vertex -10.71326476486552 0 -81.43687853865832
  endloop
endfacet
facet normal -3.90307e-16 -1 -5.41344e-16
  outer loop
    vertex -10.63264585851102 1.302123571709288e-15 -83.90035556640436
    vertex -10.71326476486552 0 -81.43687853865832
    vertex -12.51529171702204 1.532681194164642e-15 -82.96887441825308
  endloop
endfacet
facet normal -3.60258e-16 -1 -4.80612e-16
  outer loop
    vertex -8.75 1.071565949253934e-15 -44.83183671455561
    vertex -8.925424717075334 0 -42.47075597442485
    vertex -10.63264585851102 1.302123571709288e-15 -43.90035556640434
  endloop
endfacet
facet normal -2.83278e-16 -1 -5.72542e-16
  outer loop
    vertex -8.925424717075334 0 -42.47075597442485
    vertex -10.80807057558635 0 -41.53927482627358
    vertex -10.63264585851102 1.302123571709288e-15 -43.90035556640434
  endloop
endfacet
facet normal 0 -1 0
  outer loop
    vertex -8.925424717075334 0 -42.47075597442485
    vertex -9.100849434150664 0 -40.10967523429408
    vertex -10.80807057558635 0 -41.53927482627358
  endloop
endfacet
facet normal -4.10416e-16 -1 -5.81988e-16
  outer loop
    vertex -10.63264585851102 1.302123571709288e-15 -43.90035556640434
    vertex -10.80807057558635 0 -41.53927482627358
    vertex -12.51529171702204 1.532681194164642e-15 -42.96887441825308
  endloop
endfacet
facet normal -0 -1 0
  outer loop
    vertex 12.51529171702204 0 -42.96887441825308
    vertex 10.81098044686655 0 -41.40129043411455
    vertex 10.63264585851102 0 -43.90035556640434
  endloop
endfacet
facet normal 0 -1 0
  outer loop
    vertex 10.81098044686655 0 -41.40129043411455
    vertex 8.928334588355533 0 -42.33277158226581
    vertex 10.63264585851102 0 -43.90035556640434
  endloop
endfacet
facet normal -0 -1 0
  outer loop
    vertex 10.81098044686655 0 -41.40129043411455
    vertex 9.106669176711065 0 -39.83370644997602
    vertex 8.928334588355533 0 -42.33277158226581
  endloop
endfacet
facet normal -0 -1 0
  outer loop
    vertex 10.63264585851102 0 -43.90035556640434
    vertex 8.928334588355533 0 -42.33277158226581
    vertex 8.75 0 -44.83183671455561
  endloop
endfacet
facet normal -0 -1 0
  outer loop
    vertex 12.51529171702204 0 -82.96887441825308
    vertex 10.88379752702581 0 -81.49520060271766
    vertex 10.63264585851102 0 -83.90035556640436
  endloop
endfacet
facet normal 0 -1 0
  outer loop
    vertex 10.88379752702581 0 -81.49520060271766
    vertex 9.001151668514796 0 -82.42668175086892
    vertex 10.63264585851102 0 -83.90035556640436
  endloop
endfacet
facet normal -0 -1 0
  outer loop
    vertex 10.88379752702581 0 -81.49520060271766
    vertex 9.252303337029591 0 -80.02152678718222
    vertex 9.001151668514796 0 -82.42668175086892
  endloop
endfacet
facet normal -0 -1 0
  outer loop
    vertex 10.63264585851102 0 -83.90035556640436
    vertex 9.001151668514796 0 -82.42668175086892
    vertex 8.75 0 -84.83183671455562
  endloop
endfacet
facet normal 0 -1 0
  outer loop
    vertex -8.75 0 -22.30089797126663
    vertex -6.268980185125428 0 -21.21290974929943
    vertex -8.75 0 -19.08408164272219
  endloop
endfacet
facet normal 0 -1 0
  outer loop
    vertex -6.268980185125428 0 -21.21290974929943
    vertex -6.268980185125428 0 -17.99609342075499
    vertex -8.75 0 -19.08408164272219
  endloop
endfacet
facet normal 0 -1 0
  outer loop
    vertex -6.268980185125428 0 -21.21290974929943
    vertex -3.787960370250855 0 -20.12492152733222
    vertex -6.268980185125428 0 -17.99609342075499
  endloop
endfacet
facet normal 0 -1 0
  outer loop
    vertex -8.75 0 -19.08408164272219
    vertex -6.268980185125428 0 -17.99609342075499
    vertex -8.75 0 -15.86726531417776
  endloop
endfacet
facet normal 0 -1 -0
  outer loop
    vertex 8.75 0 -9.433632657088875
    vertex 6.073104471091947 0 -10.76830960765929
    vertex 8.75 0 -12.65044898563331
  endloop
endfacet
facet normal 0 -1 0
  outer loop
    vertex 6.073104471091947 0 -10.76830960765929
    vertex 6.073104471091947 0 -13.98512593620373
    vertex 8.75 0 -12.65044898563331
  endloop
endfacet
facet normal 0 -1 -0
  outer loop
    vertex 6.073104471091947 0 -10.76830960765929
    vertex 3.396208942183892 0 -12.10298655822971
    vertex 6.073104471091947 0 -13.98512593620373
  endloop
endfacet
facet normal 0 -1 -0
  outer loop
    vertex 8.75 0 -12.65044898563331
    vertex 6.073104471091947 0 -13.98512593620373
    vertex 8.75 0 -15.86726531417775
  endloop
endfacet
facet normal 0 -1 0
  outer loop
    vertex -5.874999999999972 0 0
    vertex -4.338902224702061 0 -2.050152014733271
    vertex -2.937499999999966 0 0
  endloop
endfacet
facet normal 0 -1 0
  outer loop
    vertex -4.338902224702061 0 -2.050152014733271
    vertex -1.401402224702056 0 -2.050152014733271
    vertex -2.937499999999966 0 0
  endloop
endfacet
facet normal 0 -1 0
  outer loop
    vertex -4.338902224702061 0 -2.050152014733271
    vertex -2.80280444940415 0 -4.10030402946655
    vertex -1.401402224702056 0 -2.050152014733271
  endloop
endfacet
facet normal 0 -1 0
  outer loop
    vertex -2.937499999999966 0 0
    vertex -1.401402224702056 0 -2.050152014733271
    vertex 3.730349362740526e-14 0 0
  endloop
endfacet
facet normal 0 -1 0
  outer loop
    vertex -2.80280444940415 0 -4.10030402946655
    vertex -1.779942922640239 0 -6.183817099923715
    vertex 0.4650965502669084 0 -4.865290317524988
  endloop
endfacet
facet normal 0 -1 0
  outer loop
    vertex -1.779942922640239 0 -6.183817099923715
    vertex 1.48795807703082 0 -6.948803387982153
    vertex 0.4650965502669084 0 -4.865290317524988
  endloop
endfacet
facet normal 0 -1 0
  outer loop
    vertex -1.779942922640239 0 -6.183817099923715
    vertex -0.7570813958763276 0 -8.267330170380884
    vertex 1.48795807703082 0 -6.948803387982153
  endloop
endfacet
facet normal 0 -1 0
  outer loop
    vertex 0.4650965502669084 0 -4.865290317524988
    vertex 1.48795807703082 0 -6.948803387982153
    vertex 3.732997549937967 0 -5.630276605583425
  endloop
endfacet
facet normal 0 -1 0
  outer loop
    vertex -8.75 0 -90.69319726212969
    vertex -6.571444074733521 0 -89.22785712523617
    vertex -8.75 0 -87.76251698834265
  endloop
endfacet
facet normal 0 -1 0
  outer loop
    vertex -6.571444074733521 0 -89.22785712523617
    vertex -6.571444074733521 0 -86.29717685144914
    vertex -8.75 0 -87.76251698834265
  endloop
endfacet
facet normal 0 -1 0
  outer loop
    vertex -6.571444074733521 0 -89.22785712523617
    vertex -4.392888149467042 0 -87.76251698834267
    vertex -6.571444074733521 0 -86.29717685144914
  endloop
endfacet
facet normal -2.45935e-16 -1 3.65637e-16
  outer loop
    vertex -8.75 0 -87.76251698834265
    vertex -6.571444074733521 0 -86.29717685144914
    vertex -8.75 1.071565949253934e-15 -84.83183671455562
  endloop
endfacet
facet normal 0 -1 0
  outer loop
    vertex -8.75 0 -63.03363265708889
    vertex -6.074890038351829 0 -61.51681632854444
    vertex -8.75 0 -60.00000000000001
  endloop
endfacet
facet normal 0 -1 0
  outer loop
    vertex -6.074890038351829 0 -61.51681632854444
    vertex -6.074890038351829 0 -58.48318367145558
    vertex -8.75 0 -60.00000000000001
  endloop
endfacet
facet normal 0 -1 0
  outer loop
    vertex -6.074890038351829 0 -61.51681632854444
    vertex -3.399780076703656 0 -60.00000000000001
    vertex -6.074890038351829 0 -58.48318367145558
  endloop
endfacet
facet normal 0 -1 0
  outer loop
    vertex -8.75 0 -60.00000000000001
    vertex -6.074890038351829 0 -58.48318367145558
    vertex -8.75 0 -56.96636734291114
  endloop
endfacet
facet normal 0 -1 -0
  outer loop
    vertex 8.75 0 -56.96636734291114
    vertex 6.049694133507849 0 -58.48279505092045
    vertex 8.75 0 -60.00000000000001
  endloop
endfacet
facet normal 0 -1 0
  outer loop
    vertex 6.049694133507849 0 -58.48279505092045
    vertex 6.049694133507849 0 -61.51642770800932
    vertex 8.75 0 -60.00000000000001
  endloop
endfacet
facet normal 0 -1 -0
  outer loop
    vertex 6.049694133507849 0 -58.48279505092045
    vertex 3.349388267015698 0 -59.99922275892976
    vertex 6.049694133507849 0 -61.51642770800932
  endloop
endfacet
facet normal 0 -1 -0
  outer loop
    vertex 8.75 0 -60.00000000000001
    vertex 6.049694133507849 0 -61.51642770800932
    vertex 8.75 0 -63.03363265708889
  endloop
endfacet
facet normal 0 -1 -0
  outer loop
    vertex -3.787960370250855 0 -20.12492152733222
    vertex -4.345038542719522 0 -22.83573703330831
    vertex -1.816644696487647 0 -22.70048875095745
  endloop
endfacet
facet normal 0 -1 0
  outer loop
    vertex -4.345038542719522 0 -22.83573703330831
    vertex -2.373722868956315 0 -25.41130425693354
    vertex -1.816644696487647 0 -22.70048875095745
  endloop
endfacet
facet normal 0 -1 -0
  outer loop
    vertex -4.345038542719522 0 -22.83573703330831
    vertex -4.90211671518819 0 -25.54655253928441
    vertex -2.373722868956315 0 -25.41130425693354
  endloop
endfacet
facet normal 0 -1 -0
  outer loop
    vertex -1.816644696487647 0 -22.70048875095745
    vertex -2.373722868956315 0 -25.41130425693354
    vertex 0.1546709772755603 0 -25.27605597458268
  endloop
endfacet
facet normal 0 -1 0
  outer loop
    vertex 0.1546709772755603 0 -25.27605597458268
    vertex 2.515292378344083 0 -25.25224997509478
    vertex 1.454486475145528 0 -22.20660129655228
  endloop
endfacet
facet normal 0 -1 0
  outer loop
    vertex 2.515292378344083 0 -25.25224997509478
    vertex 3.81510787621405 0 -22.18279529706438
    vertex 1.454486475145528 0 -22.20660129655228
  endloop
endfacet
facet normal 0 -1 0
  outer loop
    vertex 2.515292378344083 0 -25.25224997509478
    vertex 4.875913779412604 0 -25.22844397560688
    vertex 3.81510787621405 0 -22.18279529706438
  endloop
endfacet
facet normal 0 -1 0
  outer loop
    vertex 1.454486475145528 0 -22.20660129655228
    vertex 3.81510787621405 0 -22.18279529706438
    vertex 2.754301973015496 0 -19.13714661852188
  endloop
endfacet
facet normal -0 -1 0
  outer loop
    vertex 8.75 0 -15.86726531417775
    vertex 6.073104471091947 0 -13.98512593620373
    vertex 5.752150986507748 0 -17.50220596634981
  endloop
endfacet
facet normal 0 -1 0
  outer loop
    vertex 6.073104471091947 0 -13.98512593620373
    vertex 3.075255457599694 0 -15.6200665883758
    vertex 5.752150986507748 0 -17.50220596634981
  endloop
endfacet
facet normal -0 -1 0
  outer loop
    vertex 6.073104471091947 0 -13.98512593620373
    vertex 3.396208942183892 0 -12.10298655822971
    vertex 3.075255457599694 0 -15.6200665883758
  endloop
endfacet
facet normal -0 -1 0
  outer loop
    vertex 5.752150986507748 0 -17.50220596634981
    vertex 3.075255457599694 0 -15.6200665883758
    vertex 2.754301973015496 0 -19.13714661852188
  endloop
endfacet
facet normal 0 -1 0
  outer loop
    vertex -8.75 0 -15.86726531417776
    vertex -6.268980185125428 0 -17.99609342075499
    vertex -5.964155340171929 0 -14.25885714990554
  endloop
endfacet
facet normal 0 -1 0
  outer loop
    vertex -6.268980185125428 0 -17.99609342075499
    vertex -3.483135525297356 0 -16.38768525648277
    vertex -5.964155340171929 0 -14.25885714990554
  endloop
endfacet
facet normal 0 -1 0
  outer loop
    vertex -6.268980185125428 0 -17.99609342075499
    vertex -3.787960370250855 0 -20.12492152733222
    vertex -3.483135525297356 0 -16.38768525648277
  endloop
endfacet
facet normal 0 -1 0
  outer loop
    vertex -5.964155340171929 0 -14.25885714990554
    vertex -3.483135525297356 0 -16.38768525648277
    vertex -3.178310680343857 0 -12.65044898563331
  endloop
endfacet
facet normal 0 -1 -0
  outer loop
    vertex 8.75 0 -90.69319726212969
    vertex 6.257433813543685 0 -92.01406248628936
    vertex 8.75 0 -93.62387753591673
  endloop
endfacet
facet normal 0 -1 0
  outer loop
    vertex 6.257433813543685 0 -92.01406248628936
    vertex 6.257433813543685 0 -94.94474276007639
    vertex 8.75 0 -93.62387753591673
  endloop
endfacet
facet normal 0 -1 -0
  outer loop
    vertex 6.257433813543685 0 -92.01406248628936
    vertex 3.764867627087368 0 -93.33492771044904
    vertex 6.257433813543685 0 -94.94474276007639
  endloop
endfacet
facet normal 0 -1 -0
  outer loop
    vertex 8.75 0 -93.62387753591673
    vertex 6.257433813543685 0 -94.94474276007639
    vertex 8.75 0 -96.55455780970377
  endloop
endfacet
facet normal 0 -1 -0
  outer loop
    vertex 8.75 0 -102.4159183572778
    vertex 6.339392884900298 0 -103.8812584941713
    vertex 8.75 0 -105.3465986310649
  endloop
endfacet
facet normal 0 -1 0
  outer loop
    vertex 6.339392884900298 0 -103.8812584941713
    vertex 6.339392884900299 0 -106.8119387679584
    vertex 8.75 0 -105.3465986310649
  endloop
endfacet
facet normal 0 -1 -0
  outer loop
    vertex 6.339392884900298 0 -103.8812584941713
    vertex 3.928785769800597 0 -105.3465986310649
    vertex 6.339392884900299 0 -106.8119387679584
  endloop
endfacet
facet normal 0 -1 -0
  outer loop
    vertex 8.75 0 -105.3465986310649
    vertex 6.339392884900299 0 -106.8119387679584
    vertex 8.75 0 -108.2772789048519
  endloop
endfacet
facet normal 0 -1 0
  outer loop
    vertex -8.75 0 -96.55455780970377
    vertex -5.669858608741404 0 -95.24452915671068
    vertex -8.75 0 -93.62387753591673
  endloop
endfacet
facet normal 0 -1 0
  outer loop
    vertex -5.669858608741404 0 -95.24452915671068
    vertex -5.669858608741404 0 -92.31384888292365
    vertex -8.75 0 -93.62387753591673
  endloop
endfacet
facet normal 0 -1 0
  outer loop
    vertex -5.669858608741404 0 -95.24452915671068
    vertex -2.589717217482806 0 -93.9345005037176
    vertex -5.669858608741404 0 -92.31384888292365
  endloop
endfacet
facet normal 0 -1 0
  outer loop
    vertex -8.75 0 -93.62387753591673
    vertex -5.669858608741404 0 -92.31384888292365
    vertex -8.75 0 -90.69319726212969
  endloop
endfacet
facet normal 0 -1 0
  outer loop
    vertex -8.75 0 -102.4159183572778
    vertex -6.214095965741309 0 -100.9816405171644
    vertex -8.75 0 -99.4852380834908
  endloop
endfacet
facet normal 0 -1 0
  outer loop
    vertex -6.214095965741309 0 -100.9816405171644
    vertex -6.214095965741309 0 -98.05096024337738
    vertex -8.75 0 -99.4852380834908
  endloop
endfacet
facet normal 0 -1 0
  outer loop
    vertex -6.214095965741309 0 -100.9816405171644
    vertex -3.678191931482615 0 -99.54736267705097
    vertex -6.214095965741309 0 -98.05096024337738
  endloop
endfacet
facet normal 0 -1 0
  outer loop
    vertex -8.75 0 -99.4852380834908
    vertex -6.214095965741309 0 -98.05096024337738
    vertex -8.75 0 -96.55455780970377
  endloop
endfacet
facet normal 0 -1 -0
  outer loop
    vertex 8.75 0 -96.55455780970377
    vertex 5.585756353066519 0 -98.0258834991611
    vertex 8.75 0 -99.4852380834908
  endloop
endfacet
facet normal 0 -1 0
  outer loop
    vertex 5.585756353066519 0 -98.0258834991611
    vertex 5.585756353066519 0 -100.9565637729481
    vertex 8.75 0 -99.4852380834908
  endloop
endfacet
facet normal 0 -1 -0
  outer loop
    vertex 5.585756353066519 0 -98.0258834991611
    vertex 2.421512706133038 0 -99.49720918861841
    vertex 5.585756353066519 0 -100.9565637729481
  endloop
endfacet
facet normal 0 -1 -0
  outer loop
    vertex 8.75 0 -99.4852380834908
    vertex 5.585756353066519 0 -100.9565637729481
    vertex 8.75 0 -102.4159183572778
  endloop
endfacet
facet normal 0 -1 0
  outer loop
    vertex -8.75 0 -108.2772789048519
    vertex -5.362577652495642 0 -106.8119387679584
    vertex -8.75 0 -105.3465986310649
  endloop
endfacet
facet normal 0 -1 0
  outer loop
    vertex -5.362577652495642 0 -106.8119387679584
    vertex -5.362577652495642 0 -103.8812584941713
    vertex -8.75 0 -105.3465986310649
  endloop
endfacet
facet normal 0 -1 0
  outer loop
    vertex -5.362577652495642 0 -106.8119387679584
    vertex -1.975155304991286 0 -105.3465986310649
    vertex -5.362577652495642 0 -103.8812584941713
  endloop
endfacet
facet normal 0 -1 0
  outer loop
    vertex -8.75 0 -105.3465986310649
    vertex -5.362577652495642 0 -103.8812584941713
    vertex -8.75 0 -102.4159183572778
  endloop
endfacet
facet normal 0 -1 0
  outer loop
    vertex 8.75 0 -44.83183671455561
    vertex 8.928334588355533 0 -42.33277158226581
    vertex 5.829294432914872 0 -43.26095869894183
  endloop
endfacet
facet normal -0 -1 0
  outer loop
    vertex 8.928334588355533 0 -42.33277158226581
    vertex 6.007629021270406 0 -40.76189356665203
    vertex 5.829294432914872 0 -43.26095869894183
  endloop
endfacet
facet normal 0 -1 0
  outer loop
    vertex 8.928334588355533 0 -42.33277158226581
    vertex 9.106669176711065 0 -39.83370644997602
    vertex 6.007629021270406 0 -40.76189356665203
  endloop
endfacet
facet normal 0 -1 0
  outer loop
    vertex 5.829294432914872 0 -43.26095869894183
    vertex 6.007629021270406 0 -40.76189356665203
    vertex 2.908588865829744 0 -41.69008068332805
  endloop
endfacet
facet normal 0 -1 0
  outer loop
    vertex 2.916666666666666 0 -120
    vertex 1.458333333333331 0 -117.8238053234618
    vertex 0 0 -120
  endloop
endfacet
facet normal -0 -1 0
  outer loop
    vertex 1.458333333333331 0 -117.8238053234618
    vertex -1.458333333333337 0 -117.8238053234618
    vertex 0 0 -120
  endloop
endfacet
facet normal 0 -1 0
  outer loop
    vertex 1.458333333333331 0 -117.8238053234618
    vertex -2.664535259100376e-15 0 -115.6476106469235
    vertex -1.458333333333337 0 -117.8238053234618
  endloop
endfacet
facet normal 0 -1 0
  outer loop
    vertex 0 0 -120
    vertex -1.458333333333337 0 -117.8238053234618
    vertex -2.916666666666668 0 -120
  endloop
endfacet
facet normal -0 -1 0
  outer loop
    vertex -0.7570813958763276 0 -8.267330170380884
    vertex -3.028686112196715 0 -7.69690426373748
    vertex -1.967696038110092 0 -10.4588895780071
  endloop
endfacet
facet normal 0 -1 -0
  outer loop
    vertex -3.028686112196715 0 -7.69690426373748
    vertex -4.23930075443048 0 -9.888463671363695
    vertex -1.967696038110092 0 -10.4588895780071
  endloop
endfacet
facet normal -0 -1 0
  outer loop
    vertex -3.028686112196715 0 -7.69690426373748
    vertex -5.300290828517103 0 -7.126478357094072
    vertex -4.23930075443048 0 -9.888463671363695
  endloop
endfacet
facet normal -0 -1 0
  outer loop
    vertex -1.967696038110092 0 -10.4588895780071
    vertex -4.23930075443048 0 -9.888463671363695
    vertex -3.178310680343857 0 -12.65044898563331
  endloop
endfacet
facet normal -0 -1 0
  outer loop
    vertex -2.355537403597821 0 -82.12976302292527
    vertex -5.633387608153417 0 -81.01732284099441
    vertex -5.552768701798912 0 -83.48079986874045
  endloop
endfacet
facet normal 0 -1 -0
  outer loop
    vertex -5.633387608153417 0 -81.01732284099441
    vertex -8.830618906354506 0 -82.36835968680958
    vertex -5.552768701798912 0 -83.48079986874045
  endloop
endfacet
facet normal -0 -1 0
  outer loop
    vertex -5.633387608153417 0 -81.01732284099441
    vertex -8.911237812709015 0 -79.90488265906356
    vertex -8.830618906354506 0 -82.36835968680958
  endloop
endfacet
facet normal -1.49282e-16 -1 -4.39866e-16
  outer loop
    vertex -5.552768701798912 0 -83.48079986874045
    vertex -8.830618906354506 0 -82.36835968680958
    vertex -8.75 1.071565949253934e-15 -84.83183671455562
  endloop
endfacet
facet normal 0 -1 0
  outer loop
    vertex 0.1546709772755603 0 -25.27605597458268
    vertex -2.373722868956315 0 -25.41130425693354
    vertex -1.211301160264619 0 -28.49107313795241
  endloop
endfacet
facet normal 0 -1 -0
  outer loop
    vertex -2.373722868956315 0 -25.41130425693354
    vertex -3.739695006496494 0 -28.62632142030328
    vertex -1.211301160264619 0 -28.49107313795241
  endloop
endfacet
facet normal 0 -1 0
  outer loop
    vertex -2.373722868956315 0 -25.41130425693354
    vertex -4.90211671518819 0 -25.54655253928441
    vertex -3.739695006496494 0 -28.62632142030328
  endloop
endfacet
facet normal 0 -1 0
  outer loop
    vertex -1.211301160264619 0 -28.49107313795241
    vertex -3.739695006496494 0 -28.62632142030328
    vertex -2.5772732978048 0 -31.70609030132215
  endloop
endfacet
facet normal 0 -1 0
  outer loop
    vertex 3.970595946771966 0 -30.69358868530768
    vertex 4.423254863092285 0 -27.96101633045728
    vertex 2.062633462023763 0 -27.98482232994518
  endloop
endfacet
facet normal -0 -1 0
  outer loop
    vertex 4.423254863092285 0 -27.96101633045728
    vertex 2.515292378344083 0 -25.25224997509478
    vertex 2.062633462023763 0 -27.98482232994518
  endloop
endfacet
facet normal 0 -1 0
  outer loop
    vertex 4.423254863092285 0 -27.96101633045728
    vertex 4.875913779412604 0 -25.22844397560688
    vertex 2.515292378344083 0 -25.25224997509478
  endloop
endfacet
facet normal 0 -1 0
  outer loop
    vertex 2.062633462023763 0 -27.98482232994518
    vertex 2.515292378344083 0 -25.25224997509478
    vertex 0.1546709772755603 0 -25.27605597458268
  endloop
endfacet
facet normal -3.53333e-16 -1 1.09469e-17
  outer loop
    vertex -8.75 1.071565949253934e-15 -35.16816328544438
    vertex -5.762220482592704 0 -36.61911894543634
    vertex -5.663636648902401 0 -33.43712679338326
  endloop
endfacet
facet normal 0 -1 0
  outer loop
    vertex -5.762220482592704 0 -36.61911894543634
    vertex -2.675857131495104 0 -34.88808245337523
    vertex -5.663636648902401 0 -33.43712679338326
  endloop
endfacet
facet normal 0 -1 0
  outer loop
    vertex -5.762220482592704 0 -36.61911894543634
    vertex -2.774440965185407 0 -38.0700746054283
    vertex -2.675857131495104 0 -34.88808245337523
  endloop
endfacet
facet normal 0 -1 0
  outer loop
    vertex -5.663636648902401 0 -33.43712679338326
    vertex -2.675857131495104 0 -34.88808245337523
    vertex -2.5772732978048 0 -31.70609030132215
  endloop
endfacet
facet normal 0 -1 0
  outer loop
    vertex -3.178310680343857 0 -12.65044898563331
    vertex -4.23930075443048 0 -9.888463671363695
    vertex -5.964155340171929 0 -11.0420408213611
  endloop
endfacet
facet normal -0 -1 0
  outer loop
    vertex -4.23930075443048 0 -9.888463671363695
    vertex -7.025145414258552 0 -8.280055507091475
    vertex -5.964155340171929 0 -11.0420408213611
  endloop
endfacet
facet normal 0 -1 0
  outer loop
    vertex -4.23930075443048 0 -9.888463671363695
    vertex -5.300290828517103 0 -7.126478357094072
    vertex -7.025145414258552 0 -8.280055507091475
  endloop
endfacet
facet normal 0 -1 0
  outer loop
    vertex -5.964155340171929 0 -11.0420408213611
    vertex -7.025145414258552 0 -8.280055507091475
    vertex -8.75 0 -9.433632657088879
  endloop
endfacet
facet normal -2.71804e-16 -1 -4.7404e-16
  outer loop
    vertex -8.75 1.071565949253934e-15 -44.83183671455561
    vertex -6.091253058425855 0 -44.09580484974162
    vertex -8.925424717075334 0 -42.47075597442485
  endloop
endfacet
facet normal 0 -1 0
  outer loop
    vertex -6.091253058425855 0 -44.09580484974162
    vertex -6.266677775501187 0 -41.73472410961085
    vertex -8.925424717075334 0 -42.47075597442485
  endloop
endfacet
facet normal 0 -1 0
  outer loop
    vertex -6.091253058425855 0 -44.09580484974162
    vertex -3.43250611685171 0 -43.35977298492763
    vertex -6.266677775501187 0 -41.73472410961085
  endloop
endfacet
facet normal 0 -1 0
  outer loop
    vertex -8.925424717075334 0 -42.47075597442485
    vertex -6.266677775501187 0 -41.73472410961085
    vertex -9.100849434150664 0 -40.10967523429408
  endloop
endfacet
facet normal -0 -1 0
  outer loop
    vertex 3.764867627087368 0 -93.33492771044904
    vertex 1.965194972362206 0 -91.71629774141688
    vertex 0.5875752048022811 0 -93.63471410708333
  endloop
endfacet
facet normal 0 -1 0
  outer loop
    vertex 1.965194972362206 0 -91.71629774141688
    vertex -1.21209744992288 0 -92.01608413805116
    vertex 0.5875752048022811 0 -93.63471410708333
  endloop
endfacet
facet normal -0 -1 0
  outer loop
    vertex 1.965194972362206 0 -91.71629774141688
    vertex 0.1655223176370439 0 -90.09766777238471
    vertex -1.21209744992288 0 -92.01608413805116
  endloop
endfacet
facet normal -0 -1 0
  outer loop
    vertex 0.5875752048022811 0 -93.63471410708333
    vertex -1.21209744992288 0 -92.01608413805116
    vertex -2.589717217482806 0 -93.9345005037176
  endloop
endfacet
facet normal 0 -1 0
  outer loop
    vertex -8.75 0 -3
    vertex -7.025145414258552 0 -5.063239178547036
    vertex -5.776402224702076 0 -3.550152014733271
  endloop
endfacet
facet normal 0 -1 0
  outer loop
    vertex -7.025145414258552 0 -5.063239178547036
    vertex -4.051547638960627 0 -5.613391193280307
    vertex -5.776402224702076 0 -3.550152014733271
  endloop
endfacet
facet normal 0 -1 0
  outer loop
    vertex -7.025145414258552 0 -5.063239178547036
    vertex -5.300290828517103 0 -7.126478357094072
    vertex -4.051547638960627 0 -5.613391193280307
  endloop
endfacet
facet normal 0 -1 0
  outer loop
    vertex -5.776402224702076 0 -3.550152014733271
    vertex -4.051547638960627 0 -5.613391193280307
    vertex -2.80280444940415 0 -4.10030402946655
  endloop
endfacet
facet normal 0 -1 0
  outer loop
    vertex 3.349388267015698 0 -59.99922275892976
    vertex 4.056470041491284 0 -56.98574984420442
    vertex 1.563482986588192 0 -57.07557223982471
  endloop
endfacet
facet normal -0 -1 0
  outer loop
    vertex 4.056470041491284 0 -56.98574984420442
    vertex 2.270564761063778 0 -54.06209932509936
    vertex 1.563482986588192 0 -57.07557223982471
  endloop
endfacet
facet normal 0 -1 0
  outer loop
    vertex 4.056470041491284 0 -56.98574984420442
    vertex 4.763551815966871 0 -53.97227692947907
    vertex 2.270564761063778 0 -54.06209932509936
  endloop
endfacet
facet normal 0 -1 0
  outer loop
    vertex 1.563482986588192 0 -57.07557223982471
    vertex 2.270564761063778 0 -54.06209932509936
    vertex -0.2224222938393146 0 -54.15192172071966
  endloop
endfacet
facet normal 0 -1 0
  outer loop
    vertex -0.2224222938393146 0 -54.15192172071966
    vertex -2.621477231175864 0 -54.17884870829817
    vertex -1.811101185271485 0 -57.07596086035983
  endloop
endfacet
facet normal 0 -1 -0
  outer loop
    vertex -2.621477231175864 0 -54.17884870829817
    vertex -4.210156122608034 0 -57.10288784793835
    vertex -1.811101185271485 0 -57.07596086035983
  endloop
endfacet
facet normal 0 -1 0
  outer loop
    vertex -2.621477231175864 0 -54.17884870829817
    vertex -5.020532168512415 0 -54.20577569587669
    vertex -4.210156122608034 0 -57.10288784793835
  endloop
endfacet
facet normal 0 -1 0
  outer loop
    vertex -1.811101185271485 0 -57.07596086035983
    vertex -4.210156122608034 0 -57.10288784793835
    vertex -3.399780076703656 0 -60.00000000000001
  endloop
endfacet
facet normal 0 -1 -0
  outer loop
    vertex -3.399780076703656 0 -60.00000000000001
    vertex -4.211800056972533 0 -62.89470270474392
    vertex -1.812957240199144 0 -62.92131879589434
  endloop
endfacet
facet normal 0 -1 0
  outer loop
    vertex -4.211800056972533 0 -62.89470270474392
    vertex -2.624977220468019 0 -65.81602150063826
    vertex -1.812957240199144 0 -62.92131879589434
  endloop
endfacet
facet normal 0 -1 -0
  outer loop
    vertex -4.211800056972533 0 -62.89470270474392
    vertex -5.02382003724141 0 -65.78940540948784
    vertex -2.624977220468019 0 -65.81602150063826
  endloop
endfacet
facet normal 0 -1 -0
  outer loop
    vertex -1.812957240199144 0 -62.92131879589434
    vertex -2.624977220468019 0 -65.81602150063826
    vertex -0.2261344036946307 0 -65.84263759178867
  endloop
endfacet
facet normal 0 -1 0
  outer loop
    vertex -0.2261344036946307 0 -65.84263759178867
    vertex 2.2680323012791 0 -65.93410964192539
    vertex 1.561626931660534 0 -62.92093017535922
  endloop
endfacet
facet normal 0 -1 0
  outer loop
    vertex 2.2680323012791 0 -65.93410964192539
    vertex 4.055793636634265 0 -63.01240222549594
    vertex 1.561626931660534 0 -62.92093017535922
  endloop
endfacet
facet normal 0 -1 0
  outer loop
    vertex 2.2680323012791 0 -65.93410964192539
    vertex 4.762199006252832 0 -66.0255816920621
    vertex 4.055793636634265 0 -63.01240222549594
  endloop
endfacet
facet normal 0 -1 0
  outer loop
    vertex 1.561626931660534 0 -62.92093017535922
    vertex 4.055793636634265 0 -63.01240222549594
    vertex 3.349388267015698 0 -59.99922275892976
  endloop
endfacet
facet normal -0 -1 0
  outer loop
    vertex 8.75 0 -44.83183671455561
    vertex 5.829294432914872 0 -43.26095869894183
    vertex 5.650055339632482 0 -46.43320514010488
  endloop
endfacet
facet normal 0 -1 0
  outer loop
    vertex 5.829294432914872 0 -43.26095869894183
    vertex 2.729349772547354 0 -44.8623271244911
    vertex 5.650055339632482 0 -46.43320514010488
  endloop
endfacet
facet normal -0 -1 0
  outer loop
    vertex 5.829294432914872 0 -43.26095869894183
    vertex 2.908588865829744 0 -41.69008068332805
    vertex 2.729349772547354 0 -44.8623271244911
  endloop
endfacet
facet normal -0 -1 0
  outer loop
    vertex 5.650055339632482 0 -46.43320514010488
    vertex 2.729349772547354 0 -44.8623271244911
    vertex 2.550110679264965 0 -48.03457356565414
  endloop
endfacet
facet normal 0 -1 0
  outer loop
    vertex 2.540565253922718 0 -71.95143609508155
    vertex 2.714078481483988 0 -74.98342371349835
    vertex 5.645282626961359 0 -73.55979969026296
  endloop
endfacet
facet normal 0 -1 0
  outer loop
    vertex 2.714078481483988 0 -74.98342371349835
    vertex 5.818795854522628 0 -76.59178730867978
    vertex 5.645282626961359 0 -73.55979969026296
  endloop
endfacet
facet normal 0 -1 0
  outer loop
    vertex 2.714078481483988 0 -74.98342371349835
    vertex 2.887591709045259 0 -78.01541133191517
    vertex 5.818795854522628 0 -76.59178730867978
  endloop
endfacet
facet normal 0 -1 0
  outer loop
    vertex 5.645282626961359 0 -73.55979969026296
    vertex 5.818795854522628 0 -76.59178730867978
    vertex 8.75 0 -75.16816328544438
  endloop
endfacet
facet normal 0 -1 0
  outer loop
    vertex -4.392888149467042 0 -87.76251698834267
    vertex -1.533463637767185 0 -86.78371913986562
    vertex -3.374212776532432 0 -84.94614000563396
  endloop
endfacet
facet normal 0 -1 0
  outer loop
    vertex -1.533463637767185 0 -86.78371913986562
    vertex -0.5147882648325748 0 -83.96734215715693
    vertex -3.374212776532432 0 -84.94614000563396
  endloop
endfacet
facet normal 0 -1 0
  outer loop
    vertex -1.533463637767185 0 -86.78371913986562
    vertex 1.325960873932671 0 -85.80492129138858
    vertex -0.5147882648325748 0 -83.96734215715693
  endloop
endfacet
facet normal 0 -1 0
  outer loop
    vertex -3.374212776532432 0 -84.94614000563396
    vertex -0.5147882648325748 0 -83.96734215715693
    vertex -2.355537403597821 0 -82.12976302292527
  endloop
endfacet
facet normal -0 -1 0
  outer loop
    vertex -0.2261344036946307 0 -65.84263759178867
    vertex -2.624977220468019 0 -65.81602150063826
    vertex -2.109660054751692 0 -68.40624820954184
  endloop
endfacet
facet normal 0 -1 -0
  outer loop
    vertex -2.624977220468019 0 -65.81602150063826
    vertex -4.508502871525082 0 -68.37963211839141
    vertex -2.109660054751692 0 -68.40624820954184
  endloop
endfacet
facet normal -0 -1 0
  outer loop
    vertex -2.624977220468019 0 -65.81602150063826
    vertex -5.02382003724141 0 -65.78940540948784
    vertex -4.508502871525082 0 -68.37963211839141
  endloop
endfacet
facet normal -0 -1 0
  outer loop
    vertex -2.109660054751692 0 -68.40624820954184
    vertex -4.508502871525082 0 -68.37963211839141
    vertex -3.993185705808753 0 -70.969858827295
  endloop
endfacet
facet normal 0 -1 0
  outer loop
    vertex -0.2224222938393146 0 -54.15192172071966
    vertex 2.270564761063778 0 -54.06209932509936
    vertex 1.163844192712825 0 -51.0932476431869
  endloop
endfacet
facet normal 0 -1 0
  outer loop
    vertex 2.270564761063778 0 -54.06209932509936
    vertex 3.656831247615917 0 -51.00342524756661
    vertex 1.163844192712825 0 -51.0932476431869
  endloop
endfacet
facet normal 0 -1 0
  outer loop
    vertex 2.270564761063778 0 -54.06209932509936
    vertex 4.763551815966871 0 -53.97227692947907
    vertex 3.656831247615917 0 -51.00342524756661
  endloop
endfacet
facet normal 0 -1 0
  outer loop
    vertex 1.163844192712825 0 -51.0932476431869
    vertex 3.656831247615917 0 -51.00342524756661
    vertex 2.550110679264965 0 -48.03457356565414
  endloop
endfacet
facet normal 0 -1 0
  outer loop
    vertex 2.540565253922718 0 -71.95143609508155
    vertex 3.651382130087775 0 -68.98850889357183
    vertex 1.157215425114043 0 -68.8970368434351
  endloop
endfacet
facet normal 0 -1 0
  outer loop
    vertex 3.651382130087775 0 -68.98850889357183
    vertex 2.2680323012791 0 -65.93410964192539
    vertex 1.157215425114043 0 -68.8970368434351
  endloop
endfacet
facet normal 0 -1 0
  outer loop
    vertex 3.651382130087775 0 -68.98850889357183
    vertex 4.762199006252832 0 -66.0255816920621
    vertex 2.2680323012791 0 -65.93410964192539
  endloop
endfacet
facet normal 0 -1 0
  outer loop
    vertex 1.157215425114043 0 -68.8970368434351
    vertex 2.2680323012791 0 -65.93410964192539
    vertex -0.2261344036946307 0 -65.84263759178867
  endloop
endfacet
facet normal 0 -1 -0
  outer loop
    vertex -3.980458472019099 0 -49.01148738701926
    vertex -4.500495320265757 0 -51.60863154144798
    vertex -2.101440382929206 0 -51.58170455386946
  endloop
endfacet
facet normal 0 -1 0
  outer loop
    vertex -4.500495320265757 0 -51.60863154144798
    vertex -2.621477231175864 0 -54.17884870829817
    vertex -2.101440382929206 0 -51.58170455386946
  endloop
endfacet
facet normal 0 -1 -0
  outer loop
    vertex -4.500495320265757 0 -51.60863154144798
    vertex -5.020532168512415 0 -54.20577569587669
    vertex -2.621477231175864 0 -54.17884870829817
  endloop
endfacet
facet normal 0 -1 -0
  outer loop
    vertex -2.101440382929206 0 -51.58170455386946
    vertex -2.621477231175864 0 -54.17884870829817
    vertex -0.2224222938393146 0 -54.15192172071966
  endloop
endfacet
facet normal 0 -1 0
  outer loop
    vertex -8.75 0 -114.1386394524259
    vertex -6.216994913941995 0 -112.8053233165615
    vertex -8.75 0 -111.2079591786389
  endloop
endfacet
facet normal 0 -1 0
  outer loop
    vertex -6.216994913941995 0 -112.8053233165615
    vertex -6.216994913941995 0 -109.8746430427745
    vertex -8.75 0 -111.2079591786389
  endloop
endfacet
facet normal 0 -1 0
  outer loop
    vertex -6.216994913941995 0 -112.8053233165615
    vertex -3.683989827883988 0 -111.472007180697
    vertex -6.216994913941995 0 -109.8746430427745
  endloop
endfacet
facet normal 0 -1 0
  outer loop
    vertex -8.75 0 -111.2079591786389
    vertex -6.216994913941995 0 -109.8746430427745
    vertex -8.75 0 -108.2772789048519
  endloop
endfacet
facet normal 0 -1 -0
  outer loop
    vertex 8.75 0 -108.2772789048519
    vertex 6.109269698470027 0 -109.6517987778492
    vertex 8.75 0 -111.2079591786389
  endloop
endfacet
facet normal 0 -1 0
  outer loop
    vertex 6.109269698470027 0 -109.6517987778492
    vertex 6.109269698470027 0 -112.5824790516362
    vertex 8.75 0 -111.2079591786389
  endloop
endfacet
facet normal 0 -1 -0
  outer loop
    vertex 6.109269698470027 0 -109.6517987778492
    vertex 3.468539396940054 0 -111.0263186508464
    vertex 6.109269698470027 0 -112.5824790516362
  endloop
endfacet
facet normal 0 -1 -0
  outer loop
    vertex 8.75 0 -111.2079591786389
    vertex 6.109269698470027 0 -112.5824790516362
    vertex 8.75 0 -114.1386394524259
  endloop
endfacet
facet normal 0 -1 -0
  outer loop
    vertex 3.732997549937967 0 -5.630276605583425
    vertex 3.56460324606093 0 -8.866631581906567
    vertex 6.241498774968983 0 -7.531954631336149
  endloop
endfacet
facet normal 0 -1 0
  outer loop
    vertex 3.56460324606093 0 -8.866631581906567
    vertex 6.073104471091947 0 -10.76830960765929
    vertex 6.241498774968983 0 -7.531954631336149
  endloop
endfacet
facet normal 0 -1 -0
  outer loop
    vertex 3.56460324606093 0 -8.866631581906567
    vertex 3.396208942183892 0 -12.10298655822971
    vertex 6.073104471091947 0 -10.76830960765929
  endloop
endfacet
facet normal 0 -1 -0
  outer loop
    vertex 6.241498774968983 0 -7.531954631336149
    vertex 6.073104471091947 0 -10.76830960765929
    vertex 8.75 0 -9.433632657088875
  endloop
endfacet
facet normal 0 -1 0
  outer loop
    vertex 2.754301973015496 0 -19.13714661852188
    vertex 3.81510787621405 0 -22.18279529706438
    vertex 5.752150986507748 0 -20.71902229489425
  endloop
endfacet
facet normal 0 -1 0
  outer loop
    vertex 3.81510787621405 0 -22.18279529706438
    vertex 6.812956889706302 0 -23.76467097343675
    vertex 5.752150986507748 0 -20.71902229489425
  endloop
endfacet
facet normal 0 -1 0
  outer loop
    vertex 3.81510787621405 0 -22.18279529706438
    vertex 4.875913779412604 0 -25.22844397560688
    vertex 6.812956889706302 0 -23.76467097343675
  endloop
endfacet
facet normal 0 -1 0
  outer loop
    vertex 5.752150986507748 0 -20.71902229489425
    vertex 6.812956889706302 0 -23.76467097343675
    vertex 8.75 0 -22.30089797126663
  endloop
endfacet
facet normal 0 -1 0
  outer loop
    vertex -8.75 0 -22.30089797126663
    vertex -6.826058357594095 0 -23.92372525527552
    vertex -6.268980185125428 0 -21.21290974929943
  endloop
endfacet
facet normal 0 -1 0
  outer loop
    vertex -6.826058357594095 0 -23.92372525527552
    vertex -4.345038542719522 0 -22.83573703330831
    vertex -6.268980185125428 0 -21.21290974929943
  endloop
endfacet
facet normal 0 -1 0
  outer loop
    vertex -6.826058357594095 0 -23.92372525527552
    vertex -4.90211671518819 0 -25.54655253928441
    vertex -4.345038542719522 0 -22.83573703330831
  endloop
endfacet
facet normal 0 -1 0
  outer loop
    vertex -6.268980185125428 0 -21.21290974929943
    vertex -4.345038542719522 0 -22.83573703330831
    vertex -3.787960370250855 0 -20.12492152733222
  endloop
endfacet
facet normal 0 -1 0
  outer loop
    vertex -4.392888149467042 0 -87.76251698834267
    vertex -3.374212776532432 0 -84.94614000563396
    vertex -6.571444074733521 0 -86.29717685144914
  endloop
endfacet
facet normal -0 -1 0
  outer loop
    vertex -3.374212776532432 0 -84.94614000563396
    vertex -5.552768701798912 0 -83.48079986874045
    vertex -6.571444074733521 0 -86.29717685144914
  endloop
endfacet
facet normal 0 -1 0
  outer loop
    vertex -3.374212776532432 0 -84.94614000563396
    vertex -2.355537403597821 0 -82.12976302292527
    vertex -5.552768701798912 0 -83.48079986874045
  endloop
endfacet
facet normal -3.95621e-16 -1 1.43095e-16
  outer loop
    vertex -6.571444074733521 0 -86.29717685144914
    vertex -5.552768701798912 0 -83.48079986874045
    vertex -8.75 1.071565949253934e-15 -84.83183671455562
  endloop
endfacet
facet normal 0 -1 -0
  outer loop
    vertex 8.75 0 -84.83183671455562
    vertex 6.910564771550984 0 -86.33120720820031
    vertex 8.75 0 -87.76251698834265
  endloop
endfacet
facet normal 0 -1 0
  outer loop
    vertex 6.910564771550984 0 -86.33120720820031
    vertex 6.910564771550984 0 -89.26188748198734
    vertex 8.75 0 -87.76251698834265
  endloop
endfacet
facet normal 0 -1 -0
  outer loop
    vertex 6.910564771550984 0 -86.33120720820031
    vertex 5.071129543101968 0 -87.83057770184499
    vertex 6.910564771550984 0 -89.26188748198734
  endloop
endfacet
facet normal 0 -1 -0
  outer loop
    vertex 8.75 0 -87.76251698834265
    vertex 6.910564771550984 0 -89.26188748198734
    vertex 8.75 0 -90.69319726212969
  endloop
endfacet
facet normal 0 -1 0
  outer loop
    vertex -8.75 0 -120
    vertex -6.621237399115544 0 -117.8674363810658
    vertex -8.75 0 -117.069319726213
  endloop
endfacet
facet normal 0 -1 0
  outer loop
    vertex -6.621237399115544 0 -117.8674363810658
    vertex -6.621237399115544 0 -114.9367561072788
    vertex -8.75 0 -117.069319726213
  endloop
endfacet
facet normal 0 -1 0
  outer loop
    vertex -6.621237399115544 0 -117.8674363810658
    vertex -4.492474798231087 0 -115.7348727621316
    vertex -6.621237399115544 0 -114.9367561072788
  endloop
endfacet
facet normal 0 -1 0
  outer loop
    vertex -8.75 0 -117.069319726213
    vertex -6.621237399115544 0 -114.9367561072788
    vertex -8.75 0 -114.1386394524259
  endloop
endfacet
facet normal 0 -1 -0
  outer loop
    vertex 8.75 0 -114.1386394524259
    vertex 6.621237399115532 0 -114.9367561072788
    vertex 8.75 0 -117.069319726213
  endloop
endfacet
facet normal 0 -1 0
  outer loop
    vertex 6.621237399115532 0 -114.9367561072788
    vertex 6.621237399115532 0 -117.8674363810658
    vertex 8.75 0 -117.069319726213
  endloop
endfacet
facet normal 0 -1 -0
  outer loop
    vertex 6.621237399115532 0 -114.9367561072788
    vertex 4.492474798231065 0 -115.7348727621316
    vertex 6.621237399115532 0 -117.8674363810658
  endloop
endfacet
facet normal 0 -1 -0
  outer loop
    vertex 8.75 0 -117.069319726213
    vertex 6.621237399115532 0 -117.8674363810658
    vertex 8.75 0 -120
  endloop
endfacet
facet normal 0 -1 0
  outer loop
    vertex 8.75 0 -120
    vertex 6.621237399115532 0 -117.8674363810658
    vertex 5.833333333333333 0 -120
  endloop
endfacet
facet normal -0 -1 0
  outer loop
    vertex 6.621237399115532 0 -117.8674363810658
    vertex 3.704570732448865 0 -117.8674363810658
    vertex 5.833333333333333 0 -120
  endloop
endfacet
facet normal 0 -1 0
  outer loop
    vertex 6.621237399115532 0 -117.8674363810658
    vertex 4.492474798231065 0 -115.7348727621316
    vertex 3.704570732448865 0 -117.8674363810658
  endloop
endfacet
facet normal 0 -1 0
  outer loop
    vertex 5.833333333333333 0 -120
    vertex 3.704570732448865 0 -117.8674363810658
    vertex 2.916666666666666 0 -120
  endloop
endfacet
facet normal 0 -1 0
  outer loop
    vertex -2.916666666666668 0 -120
    vertex -3.704570732448878 0 -117.8674363810658
    vertex -5.833333333333334 0 -120
  endloop
endfacet
facet normal -0 -1 0
  outer loop
    vertex -3.704570732448878 0 -117.8674363810658
    vertex -6.621237399115544 0 -117.8674363810658
    vertex -5.833333333333334 0 -120
  endloop
endfacet
facet normal 0 -1 0
  outer loop
    vertex -3.704570732448878 0 -117.8674363810658
    vertex -4.492474798231087 0 -115.7348727621316
    vertex -6.621237399115544 0 -117.8674363810658
  endloop
endfacet
facet normal 0 -1 0
  outer loop
    vertex -5.833333333333334 0 -120
    vertex -6.621237399115544 0 -117.8674363810658
    vertex -8.75 0 -120
  endloop
endfacet
facet normal -0 -1 0
  outer loop
    vertex 8.75 0 -102.4159183572778
    vertex 5.585756353066519 0 -100.9565637729481
    vertex 6.339392884900298 0 -103.8812584941713
  endloop
endfacet
facet normal 0 -1 -0
  outer loop
    vertex 5.585756353066519 0 -100.9565637729481
    vertex 3.175149237966817 0 -102.4219039098416
    vertex 6.339392884900298 0 -103.8812584941713
  endloop
endfacet
facet normal -0 -1 0
  outer loop
    vertex 5.585756353066519 0 -100.9565637729481
    vertex 2.421512706133038 0 -99.49720918861841
    vertex 3.175149237966817 0 -102.4219039098416
  endloop
endfacet
facet normal -0 -1 0
  outer loop
    vertex 6.339392884900298 0 -103.8812584941713
    vertex 3.175149237966817 0 -102.4219039098416
    vertex 3.928785769800597 0 -105.3465986310649
  endloop
endfacet
facet normal 0 -1 0
  outer loop
    vertex -8.75 0 -96.55455780970377
    vertex -6.214095965741309 0 -98.05096024337738
    vertex -5.669858608741404 0 -95.24452915671068
  endloop
endfacet
facet normal 0 -1 0
  outer loop
    vertex -6.214095965741309 0 -98.05096024337738
    vertex -3.13395457448271 0 -96.74093159038429
    vertex -5.669858608741404 0 -95.24452915671068
  endloop
endfacet
facet normal 0 -1 0
  outer loop
    vertex -6.214095965741309 0 -98.05096024337738
    vertex -3.678191931482615 0 -99.54736267705097
    vertex -3.13395457448271 0 -96.74093159038429
  endloop
endfacet
facet normal 0 -1 0
  outer loop
    vertex -5.669858608741404 0 -95.24452915671068
    vertex -3.13395457448271 0 -96.74093159038429
    vertex -2.589717217482806 0 -93.9345005037176
  endloop
endfacet
facet normal 0 -1 -0
  outer loop
    vertex 3.764867627087368 0 -93.33492771044904
    vertex 3.093190166610203 0 -96.41606844953373
    vertex 6.257433813543685 0 -94.94474276007639
  endloop
endfacet
facet normal 0 -1 0
  outer loop
    vertex 3.093190166610203 0 -96.41606844953373
    vertex 5.585756353066519 0 -98.0258834991611
    vertex 6.257433813543685 0 -94.94474276007639
  endloop
endfacet
facet normal 0 -1 -0
  outer loop
    vertex 3.093190166610203 0 -96.41606844953373
    vertex 2.421512706133038 0 -99.49720918861841
    vertex 5.585756353066519 0 -98.0258834991611
  endloop
endfacet
facet normal 0 -1 -0
  outer loop
    vertex 6.257433813543685 0 -94.94474276007639
    vertex 5.585756353066519 0 -98.0258834991611
    vertex 8.75 0 -96.55455780970377
  endloop
endfacet
facet normal 0 -1 0
  outer loop
    vertex -1.975155304991286 0 -105.3465986310649
    vertex -2.82667361823695 0 -102.4469806540579
    vertex -5.362577652495642 0 -103.8812584941713
  endloop
endfacet
facet normal -0 -1 0
  outer loop
    vertex -2.82667361823695 0 -102.4469806540579
    vertex -6.214095965741309 0 -100.9816405171644
    vertex -5.362577652495642 0 -103.8812584941713
  endloop
endfacet
facet normal 0 -1 0
  outer loop
    vertex -2.82667361823695 0 -102.4469806540579
    vertex -3.678191931482615 0 -99.54736267705097
    vertex -6.214095965741309 0 -100.9816405171644
  endloop
endfacet
facet normal 0 -1 0
  outer loop
    vertex -5.362577652495642 0 -103.8812584941713
    vertex -6.214095965741309 0 -100.9816405171644
    vertex -8.75 0 -102.4159183572778
  endloop
endfacet
facet normal 0 -1 -0
  outer loop
    vertex 3.970595946771966 0 -30.69358868530768
    vertex 3.774945285093125 0 -33.67680638933199
    vertex 6.360297973385983 0 -32.93087598537603
  endloop
endfacet
facet normal 0 -1 0
  outer loop
    vertex 3.774945285093125 0 -33.67680638933199
    vertex 6.164647311707141 0 -35.91409368940035
    vertex 6.360297973385983 0 -32.93087598537603
  endloop
endfacet
facet normal 0 -1 -0
  outer loop
    vertex 3.774945285093125 0 -33.67680638933199
    vertex 3.579294623414284 0 -36.66002409335631
    vertex 6.164647311707141 0 -35.91409368940035
  endloop
endfacet
facet normal 0 -1 -0
  outer loop
    vertex 6.360297973385983 0 -32.93087598537603
    vertex 6.164647311707141 0 -35.91409368940035
    vertex 8.75 0 -35.16816328544438
  endloop
endfacet
facet normal 0 -1 0
  outer loop
    vertex -8.75 0 -108.2772789048519
    vertex -6.216994913941995 0 -109.8746430427745
    vertex -5.362577652495642 0 -106.8119387679584
  endloop
endfacet
facet normal 0 -1 0
  outer loop
    vertex -6.216994913941995 0 -109.8746430427745
    vertex -2.829572566437638 0 -108.4093029058809
    vertex -5.362577652495642 0 -106.8119387679584
  endloop
endfacet
facet normal 0 -1 0
  outer loop
    vertex -6.216994913941995 0 -109.8746430427745
    vertex -3.683989827883988 0 -111.472007180697
    vertex -2.829572566437638 0 -108.4093029058809
  endloop
endfacet
facet normal 0 -1 0
  outer loop
    vertex -5.362577652495642 0 -106.8119387679584
    vertex -2.829572566437638 0 -108.4093029058809
    vertex -1.975155304991286 0 -105.3465986310649
  endloop
endfacet
facet normal 0 -1 -0
  outer loop
    vertex 3.928785769800597 0 -105.3465986310649
    vertex 3.698662583370325 0 -108.1864586409556
    vertex 6.339392884900299 0 -106.8119387679584
  endloop
endfacet
facet normal 0 -1 0
  outer loop
    vertex 3.698662583370325 0 -108.1864586409556
    vertex 6.109269698470027 0 -109.6517987778492
    vertex 6.339392884900299 0 -106.8119387679584
  endloop
endfacet
facet normal 0 -1 -0
  outer loop
    vertex 3.698662583370325 0 -108.1864586409556
    vertex 3.468539396940054 0 -111.0263186508464
    vertex 6.109269698470027 0 -109.6517987778492
  endloop
endfacet
facet normal 0 -1 -0
  outer loop
    vertex 6.339392884900299 0 -106.8119387679584
    vertex 6.109269698470027 0 -109.6517987778492
    vertex 8.75 0 -108.2772789048519
  endloop
endfacet
facet normal -0 -1 0
  outer loop
    vertex 8.75 0 -56.96636734291114
    vertex 6.756775907983435 0 -55.4693221361951
    vertex 6.049694133507849 0 -58.48279505092045
  endloop
endfacet
facet normal 0 -1 0
  outer loop
    vertex 6.756775907983435 0 -55.4693221361951
    vertex 4.056470041491284 0 -56.98574984420442
    vertex 6.049694133507849 0 -58.48279505092045
  endloop
endfacet
facet normal -0 -1 0
  outer loop
    vertex 6.756775907983435 0 -55.4693221361951
    vertex 4.763551815966871 0 -53.97227692947907
    vertex 4.056470041491284 0 -56.98574984420442
  endloop
endfacet
facet normal -0 -1 0
  outer loop
    vertex 6.049694133507849 0 -58.48279505092045
    vertex 4.056470041491284 0 -56.98574984420442
    vertex 3.349388267015698 0 -59.99922275892976
  endloop
endfacet
facet normal 0 -1 0
  outer loop
    vertex -3.399780076703656 0 -60.00000000000001
    vertex -4.210156122608034 0 -57.10288784793835
    vertex -6.074890038351829 0 -58.48318367145558
  endloop
endfacet
facet normal -0 -1 0
  outer loop
    vertex -4.210156122608034 0 -57.10288784793835
    vertex -6.885266084256208 0 -55.58607151939391
    vertex -6.074890038351829 0 -58.48318367145558
  endloop
endfacet
facet normal 0 -1 0
  outer loop
    vertex -4.210156122608034 0 -57.10288784793835
    vertex -5.020532168512415 0 -54.20577569587669
    vertex -6.885266084256208 0 -55.58607151939391
  endloop
endfacet
facet normal 0 -1 0
  outer loop
    vertex -6.074890038351829 0 -58.48318367145558
    vertex -6.885266084256208 0 -55.58607151939391
    vertex -8.75 0 -56.96636734291114
  endloop
endfacet
facet normal 0 -1 0
  outer loop
    vertex 3.349388267015698 0 -59.99922275892976
    vertex 4.055793636634265 0 -63.01240222549594
    vertex 6.049694133507849 0 -61.51642770800932
  endloop
endfacet
facet normal 0 -1 0
  outer loop
    vertex 4.055793636634265 0 -63.01240222549594
    vertex 6.756099503126416 0 -64.52960717457549
    vertex 6.049694133507849 0 -61.51642770800932
  endloop
endfacet
facet normal 0 -1 0
  outer loop
    vertex 4.055793636634265 0 -63.01240222549594
    vertex 4.762199006252832 0 -66.0255816920621
    vertex 6.756099503126416 0 -64.52960717457549
  endloop
endfacet
facet normal 0 -1 0
  outer loop
    vertex 6.049694133507849 0 -61.51642770800932
    vertex 6.756099503126416 0 -64.52960717457549
    vertex 8.75 0 -63.03363265708889
  endloop
endfacet
facet normal 0 -1 0
  outer loop
    vertex -8.75 0 -63.03363265708889
    vertex -6.886910018620704 0 -64.41151903328836
    vertex -6.074890038351829 0 -61.51681632854444
  endloop
endfacet
facet normal 0 -1 0
  outer loop
    vertex -6.886910018620704 0 -64.41151903328836
    vertex -4.211800056972533 0 -62.89470270474392
    vertex -6.074890038351829 0 -61.51681632854444
  endloop
endfacet
facet normal 0 -1 0
  outer loop
    vertex -6.886910018620704 0 -64.41151903328836
    vertex -5.02382003724141 0 -65.78940540948784
    vertex -4.211800056972533 0 -62.89470270474392
  endloop
endfacet
facet normal 0 -1 0
  outer loop
    vertex -6.074890038351829 0 -61.51681632854444
    vertex -4.211800056972533 0 -62.89470270474392
    vertex -3.399780076703656 0 -60.00000000000001
  endloop
endfacet
facet normal -1.43098e-16 -1 4.4386e-16
  outer loop
    vertex -8.75 1.071565949253934e-15 -35.16816328544438
    vertex -8.925424717075334 0 -37.63891925986923
    vertex -5.762220482592704 0 -36.61911894543634
  endloop
endfacet
facet normal 0 -1 0
  outer loop
    vertex -8.925424717075334 0 -37.63891925986923
    vertex -5.937645199668036 0 -39.08987491986119
    vertex -5.762220482592704 0 -36.61911894543634
  endloop
endfacet
facet normal 0 -1 -0
  outer loop
    vertex -8.925424717075334 0 -37.63891925986923
    vertex -9.100849434150664 0 -40.10967523429408
    vertex -5.937645199668036 0 -39.08987491986119
  endloop
endfacet
facet normal 0 -1 -0
  outer loop
    vertex -5.762220482592704 0 -36.61911894543634
    vertex -5.937645199668036 0 -39.08987491986119
    vertex -2.774440965185407 0 -38.0700746054283
  endloop
endfacet
facet normal 0 -1 0
  outer loop
    vertex -3.980458472019099 0 -49.01148738701926
    vertex -3.706482294435404 0 -46.18563018597344
    vertex -6.36522923600955 0 -46.92166205078744
  endloop
endfacet
facet normal -0 -1 0
  outer loop
    vertex -3.706482294435404 0 -46.18563018597344
    vertex -6.091253058425855 0 -44.09580484974162
    vertex -6.36522923600955 0 -46.92166205078744
  endloop
endfacet
facet normal 0 -1 0
  outer loop
    vertex -3.706482294435404 0 -46.18563018597344
    vertex -3.43250611685171 0 -43.35977298492763
    vertex -6.091253058425855 0 -44.09580484974162
  endloop
endfacet
facet normal -4.1415e-16 -1 4.01532e-17
  outer loop
    vertex -6.36522923600955 0 -46.92166205078744
    vertex -6.091253058425855 0 -44.09580484974162
    vertex -8.75 1.071565949253934e-15 -44.83183671455561
  endloop
endfacet
facet normal 0 -1 0
  outer loop
    vertex -8.75 0 -90.69319726212969
    vertex -5.669858608741404 0 -92.31384888292365
    vertex -6.571444074733521 0 -89.22785712523617
  endloop
endfacet
facet normal 0 -1 0
  outer loop
    vertex -5.669858608741404 0 -92.31384888292365
    vertex -3.491302683474925 0 -90.84850874603013
    vertex -6.571444074733521 0 -89.22785712523617
  endloop
endfacet
facet normal 0 -1 0
  outer loop
    vertex -5.669858608741404 0 -92.31384888292365
    vertex -2.589717217482806 0 -93.9345005037176
    vertex -3.491302683474925 0 -90.84850874603013
  endloop
endfacet
facet normal 0 -1 0
  outer loop
    vertex -6.571444074733521 0 -89.22785712523617
    vertex -3.491302683474925 0 -90.84850874603013
    vertex -4.392888149467042 0 -87.76251698834267
  endloop
endfacet
facet normal -4.40688e-16 -1 -1.11619e-17
  outer loop
    vertex -8.75 1.071565949253934e-15 -75.16816328544438
    vertex -6.295432075770539 0 -76.07594092170856
    vertex -6.371592852904377 0 -73.06901105636969
  endloop
endfacet
facet normal 0 -1 0
  outer loop
    vertex -6.295432075770539 0 -76.07594092170856
    vertex -3.917024928674915 0 -73.97678869263387
    vertex -6.371592852904377 0 -73.06901105636969
  endloop
endfacet
facet normal 0 -1 0
  outer loop
    vertex -6.295432075770539 0 -76.07594092170856
    vertex -3.840864151541077 0 -76.98371855797275
    vertex -3.917024928674915 0 -73.97678869263387
  endloop
endfacet
facet normal 0 -1 0
  outer loop
    vertex -6.371592852904377 0 -73.06901105636969
    vertex -3.917024928674915 0 -73.97678869263387
    vertex -3.993185705808753 0 -70.969858827295
  endloop
endfacet
facet normal 0 -1 0
  outer loop
    vertex -8.75 0 -28.73453062835551
    vertex -6.826058357594095 0 -27.14054158381996
    vertex -8.75 0 -25.51771429981107
  endloop
endfacet
facet normal 0 -1 0
  outer loop
    vertex -6.826058357594095 0 -27.14054158381996
    vertex -6.826058357594095 0 -23.92372525527552
    vertex -8.75 0 -25.51771429981107
  endloop
endfacet
facet normal 0 -1 0
  outer loop
    vertex -6.826058357594095 0 -27.14054158381996
    vertex -4.90211671518819 0 -25.54655253928441
    vertex -6.826058357594095 0 -23.92372525527552
  endloop
endfacet
facet normal 0 -1 0
  outer loop
    vertex -8.75 0 -25.51771429981107
    vertex -6.826058357594095 0 -23.92372525527552
    vertex -8.75 0 -22.30089797126663
  endloop
endfacet
facet normal 0 -1 -0
  outer loop
    vertex 8.75 0 -22.30089797126663
    vertex 6.812956889706302 0 -23.76467097343675
    vertex 8.75 0 -25.51771429981107
  endloop
endfacet
facet normal 0 -1 0
  outer loop
    vertex 6.812956889706302 0 -23.76467097343675
    vertex 6.812956889706302 0 -26.98148730198119
    vertex 8.75 0 -25.51771429981107
  endloop
endfacet
facet normal 0 -1 -0
  outer loop
    vertex 6.812956889706302 0 -23.76467097343675
    vertex 4.875913779412604 0 -25.22844397560688
    vertex 6.812956889706302 0 -26.98148730198119
  endloop
endfacet
facet normal 0 -1 -0
  outer loop
    vertex 8.75 0 -25.51771429981107
    vertex 6.812956889706302 0 -26.98148730198119
    vertex 8.75 0 -28.7345306283555
  endloop
endfacet
facet normal -0 -1 0
  outer loop
    vertex 8.75 0 -28.7345306283555
    vertex 6.812956889706302 0 -26.98148730198119
    vertex 6.360297973385983 0 -29.71405965683159
  endloop
endfacet
facet normal 0 -1 0
  outer loop
    vertex 6.812956889706302 0 -26.98148730198119
    vertex 4.423254863092285 0 -27.96101633045728
    vertex 6.360297973385983 0 -29.71405965683159
  endloop
endfacet
facet normal -0 -1 0
  outer loop
    vertex 6.812956889706302 0 -26.98148730198119
    vertex 4.875913779412604 0 -25.22844397560688
    vertex 4.423254863092285 0 -27.96101633045728
  endloop
endfacet
facet normal -0 -1 0
  outer loop
    vertex 6.360297973385983 0 -29.71405965683159
    vertex 4.423254863092285 0 -27.96101633045728
    vertex 3.970595946771966 0 -30.69358868530768
  endloop
endfacet
facet normal 0 -1 0
  outer loop
    vertex -2.5772732978048 0 -31.70609030132215
    vertex -3.739695006496494 0 -28.62632142030328
    vertex -5.663636648902401 0 -30.22031046483883
  endloop
endfacet
facet normal -0 -1 0
  outer loop
    vertex -3.739695006496494 0 -28.62632142030328
    vertex -6.826058357594095 0 -27.14054158381996
    vertex -5.663636648902401 0 -30.22031046483883
  endloop
endfacet
facet normal 0 -1 0
  outer loop
    vertex -3.739695006496494 0 -28.62632142030328
    vertex -4.90211671518819 0 -25.54655253928441
    vertex -6.826058357594095 0 -27.14054158381996
  endloop
endfacet
facet normal 0 -1 0
  outer loop
    vertex -5.663636648902401 0 -30.22031046483883
    vertex -6.826058357594095 0 -27.14054158381996
    vertex -8.75 0 -28.73453062835551
  endloop
endfacet
facet normal 0 -1 -0
  outer loop
    vertex -2.80280444940415 0 -4.10030402946655
    vertex -4.051547638960627 0 -5.613391193280307
    vertex -1.779942922640239 0 -6.183817099923715
  endloop
endfacet
facet normal 0 -1 0
  outer loop
    vertex -4.051547638960627 0 -5.613391193280307
    vertex -3.028686112196715 0 -7.69690426373748
    vertex -1.779942922640239 0 -6.183817099923715
  endloop
endfacet
facet normal 0 -1 -0
  outer loop
    vertex -4.051547638960627 0 -5.613391193280307
    vertex -5.300290828517103 0 -7.126478357094072
    vertex -3.028686112196715 0 -7.69690426373748
  endloop
endfacet
facet normal 0 -1 -0
  outer loop
    vertex -1.779942922640239 0 -6.183817099923715
    vertex -3.028686112196715 0 -7.69690426373748
    vertex -0.7570813958763276 0 -8.267330170380884
  endloop
endfacet
facet normal 0 -1 0
  outer loop
    vertex 2.887591709045259 0 -78.01541133191517
    vertex 6.069947523037425 0 -79.01846905954871
    vertex 5.818795854522628 0 -76.59178730867978
  endloop
endfacet
facet normal 0 -1 0
  outer loop
    vertex 6.069947523037425 0 -79.01846905954871
    vertex 9.001151668514796 0 -77.5948450363133
    vertex 5.818795854522628 0 -76.59178730867978
  endloop
endfacet
facet normal 0 -1 0
  outer loop
    vertex 6.069947523037425 0 -79.01846905954871
    vertex 9.252303337029591 0 -80.02152678718222
    vertex 9.001151668514796 0 -77.5948450363133
  endloop
endfacet
facet normal 0 -1 0
  outer loop
    vertex 5.818795854522628 0 -76.59178730867978
    vertex 9.001151668514796 0 -77.5948450363133
    vertex 8.75 0 -75.16816328544438
  endloop
endfacet
facet normal 0 -1 -0
  outer loop
    vertex 8.75 0 -50.89910202873337
    vertex 6.756775907983435 0 -52.43568947910622
    vertex 8.75 0 -53.93273468582225
  endloop
endfacet
facet normal 0 -1 0
  outer loop
    vertex 6.756775907983435 0 -52.43568947910622
    vertex 6.756775907983435 0 -55.4693221361951
    vertex 8.75 0 -53.93273468582225
  endloop
endfacet
facet normal 0 -1 -0
  outer loop
    vertex 6.756775907983435 0 -52.43568947910622
    vertex 4.763551815966871 0 -53.97227692947907
    vertex 6.756775907983435 0 -55.4693221361951
  endloop
endfacet
facet normal 0 -1 -0
  outer loop
    vertex 8.75 0 -53.93273468582225
    vertex 6.756775907983435 0 -55.4693221361951
    vertex 8.75 0 -56.96636734291114
  endloop
endfacet
facet normal 0 -1 0
  outer loop
    vertex -8.75 0 -56.96636734291114
    vertex -6.885266084256208 0 -55.58607151939391
    vertex -8.75 0 -53.93273468582225
  endloop
endfacet
facet normal 0 -1 0
  outer loop
    vertex -6.885266084256208 0 -55.58607151939391
    vertex -6.885266084256208 0 -52.55243886230503
    vertex -8.75 0 -53.93273468582225
  endloop
endfacet
facet normal 0 -1 0
  outer loop
    vertex -6.885266084256208 0 -55.58607151939391
    vertex -5.020532168512415 0 -54.20577569587669
    vertex -6.885266084256208 0 -52.55243886230503
  endloop
endfacet
facet normal 0 -1 0
  outer loop
    vertex -8.75 0 -53.93273468582225
    vertex -6.885266084256208 0 -52.55243886230503
    vertex -8.75 0 -50.89910202873337
  endloop
endfacet
facet normal 0 -1 0
  outer loop
    vertex -8.75 0 -69.10089797126662
    vertex -6.886910018620704 0 -67.44515169037723
    vertex -8.75 0 -66.06726531417775
  endloop
endfacet
facet normal 0 -1 0
  outer loop
    vertex -6.886910018620704 0 -67.44515169037723
    vertex -6.886910018620704 0 -64.41151903328836
    vertex -8.75 0 -66.06726531417775
  endloop
endfacet
facet normal 0 -1 0
  outer loop
    vertex -6.886910018620704 0 -67.44515169037723
    vertex -5.02382003724141 0 -65.78940540948784
    vertex -6.886910018620704 0 -64.41151903328836
  endloop
endfacet
facet normal 0 -1 0
  outer loop
    vertex -8.75 0 -66.06726531417775
    vertex -6.886910018620704 0 -64.41151903328836
    vertex -8.75 0 -63.03363265708889
  endloop
endfacet
facet normal 0 -1 -0
  outer loop
    vertex 8.75 0 -63.03363265708889
    vertex 6.756099503126416 0 -64.52960717457549
    vertex 8.75 0 -66.06726531417775
  endloop
endfacet
facet normal 0 -1 0
  outer loop
    vertex 6.756099503126416 0 -64.52960717457549
    vertex 6.756099503126416 0 -67.56323983166436
    vertex 8.75 0 -66.06726531417775
  endloop
endfacet
facet normal 0 -1 -0
  outer loop
    vertex 6.756099503126416 0 -64.52960717457549
    vertex 4.762199006252832 0 -66.0255816920621
    vertex 6.756099503126416 0 -67.56323983166436
  endloop
endfacet
facet normal 0 -1 -0
  outer loop
    vertex 8.75 0 -66.06726531417775
    vertex 6.756099503126416 0 -67.56323983166436
    vertex 8.75 0 -69.10089797126662
  endloop
endfacet
facet normal -0 -1 0
  outer loop
    vertex 8.75 0 -90.69319726212969
    vertex 6.910564771550984 0 -89.26188748198734
    vertex 6.257433813543685 0 -92.01406248628936
  endloop
endfacet
facet normal 0 -1 0
  outer loop
    vertex 6.910564771550984 0 -89.26188748198734
    vertex 4.417998585094669 0 -90.58275270614702
    vertex 6.257433813543685 0 -92.01406248628936
  endloop
endfacet
facet normal -0 -1 0
  outer loop
    vertex 6.910564771550984 0 -89.26188748198734
    vertex 5.071129543101968 0 -87.83057770184499
    vertex 4.417998585094669 0 -90.58275270614702
  endloop
endfacet
facet normal -0 -1 0
  outer loop
    vertex 6.257433813543685 0 -92.01406248628936
    vertex 4.417998585094669 0 -90.58275270614702
    vertex 3.764867627087368 0 -93.33492771044904
  endloop
endfacet
facet normal 0 -1 -0
  outer loop
    vertex 8.75 0 -35.16816328544438
    vertex 6.164647311707141 0 -35.91409368940035
    vertex 8.928334588355533 0 -37.5009348677102
  endloop
endfacet
facet normal 0 -1 0
  outer loop
    vertex 6.164647311707141 0 -35.91409368940035
    vertex 6.342981900062675 0 -38.24686527166616
    vertex 8.928334588355533 0 -37.5009348677102
  endloop
endfacet
facet normal 0 -1 -0
  outer loop
    vertex 6.164647311707141 0 -35.91409368940035
    vertex 3.579294623414284 0 -36.66002409335631
    vertex 6.342981900062675 0 -38.24686527166616
  endloop
endfacet
facet normal 0 -1 -0
  outer loop
    vertex 8.928334588355533 0 -37.5009348677102
    vertex 6.342981900062675 0 -38.24686527166616
    vertex 9.106669176711065 0 -39.83370644997602
  endloop
endfacet
facet normal 0 -1 0
  outer loop
    vertex 5.071129543101968 0 -87.83057770184499
    vertex 2.618325930369505 0 -88.96412273711485
    vertex 4.417998585094669 0 -90.58275270614702
  endloop
endfacet
facet normal 0 -1 -0
  outer loop
    vertex 2.618325930369505 0 -88.96412273711485
    vertex 1.965194972362206 0 -91.71629774141688
    vertex 4.417998585094669 0 -90.58275270614702
  endloop
endfacet
facet normal 0 -1 0
  outer loop
    vertex 2.618325930369505 0 -88.96412273711485
    vertex 0.1655223176370439 0 -90.09766777238471
    vertex 1.965194972362206 0 -91.71629774141688
  endloop
endfacet
facet normal 0 -1 0
  outer loop
    vertex 4.417998585094669 0 -90.58275270614702
    vertex 1.965194972362206 0 -91.71629774141688
    vertex 3.764867627087368 0 -93.33492771044904
  endloop
endfacet
facet normal 0 -1 0
  outer loop
    vertex 9.252303337029591 0 -80.02152678718222
    vertex 6.983236179071568 0 -81.25315607054304
    vertex 9.001151668514796 0 -82.42668175086892
  endloop
endfacet
facet normal 0 -1 -0
  outer loop
    vertex 6.983236179071568 0 -81.25315607054304
    vertex 6.732084510556772 0 -83.65831103422974
    vertex 9.001151668514796 0 -82.42668175086892
  endloop
endfacet
facet normal 0 -1 0
  outer loop
    vertex 6.983236179071568 0 -81.25315607054304
    vertex 4.714169021113543 0 -82.48478535390385
    vertex 6.732084510556772 0 -83.65831103422974
  endloop
endfacet
facet normal 0 -1 0
  outer loop
    vertex 9.001151668514796 0 -82.42668175086892
    vertex 6.732084510556772 0 -83.65831103422974
    vertex 8.75 0 -84.83183671455562
  endloop
endfacet
facet normal 0 -1 0
  outer loop
    vertex -4.392888149467042 0 -87.76251698834267
    vertex -2.113682915914999 0 -88.93009238036369
    vertex -1.533463637767185 0 -86.78371913986562
  endloop
endfacet
facet normal 0 -1 0
  outer loop
    vertex -2.113682915914999 0 -88.93009238036369
    vertex 0.7457415957848577 0 -87.95129453188665
    vertex -1.533463637767185 0 -86.78371913986562
  endloop
endfacet
facet normal 0 -1 0
  outer loop
    vertex -2.113682915914999 0 -88.93009238036369
    vertex 0.1655223176370439 0 -90.09766777238471
    vertex 0.7457415957848577 0 -87.95129453188665
  endloop
endfacet
facet normal 0 -1 0
  outer loop
    vertex -1.533463637767185 0 -86.78371913986562
    vertex 0.7457415957848577 0 -87.95129453188665
    vertex 1.325960873932671 0 -85.80492129138858
  endloop
endfacet
facet normal 0 -1 0
  outer loop
    vertex 3.732997549937967 0 -5.630276605583425
    vertex 1.48795807703082 0 -6.948803387982153
    vertex 3.56460324606093 0 -8.866631581906567
  endloop
endfacet
facet normal 0 -1 -0
  outer loop
    vertex 1.48795807703082 0 -6.948803387982153
    vertex 1.319563773153782 0 -10.1851583643053
    vertex 3.56460324606093 0 -8.866631581906567
  endloop
endfacet
facet normal 0 -1 0
  outer loop
    vertex 1.48795807703082 0 -6.948803387982153
    vertex -0.7570813958763276 0 -8.267330170380884
    vertex 1.319563773153782 0 -10.1851583643053
  endloop
endfacet
facet normal 0 -1 0
  outer loop
    vertex 3.56460324606093 0 -8.866631581906567
    vertex 1.319563773153782 0 -10.1851583643053
    vertex 3.396208942183892 0 -12.10298655822971
  endloop
endfacet
facet normal 0 -1 0
  outer loop
    vertex 2.550110679264965 0 -48.03457356565414
    vertex 3.656831247615917 0 -51.00342524756661
    vertex 5.650055339632482 0 -49.46683779719376
  endloop
endfacet
facet normal 0 -1 0
  outer loop
    vertex 3.656831247615917 0 -51.00342524756661
    vertex 6.756775907983435 0 -52.43568947910622
    vertex 5.650055339632482 0 -49.46683779719376
  endloop
endfacet
facet normal 0 -1 0
  outer loop
    vertex 3.656831247615917 0 -51.00342524756661
    vertex 4.763551815966871 0 -53.97227692947907
    vertex 6.756775907983435 0 -52.43568947910622
  endloop
endfacet
facet normal 0 -1 0
  outer loop
    vertex 5.650055339632482 0 -49.46683779719376
    vertex 6.756775907983435 0 -52.43568947910622
    vertex 8.75 0 -50.89910202873337
  endloop
endfacet
facet normal 0 -1 0
  outer loop
    vertex -3.993185705808753 0 -70.969858827295
    vertex -4.508502871525082 0 -68.37963211839141
    vertex -6.371592852904377 0 -70.0353783992808
  endloop
endfacet
facet normal -0 -1 0
  outer loop
    vertex -4.508502871525082 0 -68.37963211839141
    vertex -6.886910018620704 0 -67.44515169037723
    vertex -6.371592852904377 0 -70.0353783992808
  endloop
endfacet
facet normal 0 -1 0
  outer loop
    vertex -4.508502871525082 0 -68.37963211839141
    vertex -5.02382003724141 0 -65.78940540948784
    vertex -6.886910018620704 0 -67.44515169037723
  endloop
endfacet
facet normal 0 -1 0
  outer loop
    vertex -6.371592852904377 0 -70.0353783992808
    vertex -6.886910018620704 0 -67.44515169037723
    vertex -8.75 0 -69.10089797126662
  endloop
endfacet
facet normal 0 -1 0
  outer loop
    vertex -8.75 0 -50.89910202873337
    vertex -6.885266084256208 0 -52.55243886230503
    vertex -6.36522923600955 0 -49.95529470787632
  endloop
endfacet
facet normal 0 -1 0
  outer loop
    vertex -6.885266084256208 0 -52.55243886230503
    vertex -4.500495320265757 0 -51.60863154144798
    vertex -6.36522923600955 0 -49.95529470787632
  endloop
endfacet
facet normal 0 -1 0
  outer loop
    vertex -6.885266084256208 0 -52.55243886230503
    vertex -5.020532168512415 0 -54.20577569587669
    vertex -4.500495320265757 0 -51.60863154144798
  endloop
endfacet
facet normal 0 -1 0
  outer loop
    vertex -6.36522923600955 0 -49.95529470787632
    vertex -4.500495320265757 0 -51.60863154144798
    vertex -3.980458472019099 0 -49.01148738701926
  endloop
endfacet
facet normal -0 -1 0
  outer loop
    vertex 8.75 0 -69.10089797126662
    vertex 6.756099503126416 0 -67.56323983166436
    vertex 5.645282626961359 0 -70.52616703317408
  endloop
endfacet
facet normal 0 -1 0
  outer loop
    vertex 6.756099503126416 0 -67.56323983166436
    vertex 3.651382130087775 0 -68.98850889357183
    vertex 5.645282626961359 0 -70.52616703317408
  endloop
endfacet
facet normal -0 -1 0
  outer loop
    vertex 6.756099503126416 0 -67.56323983166436
    vertex 4.762199006252832 0 -66.0255816920621
    vertex 3.651382130087775 0 -68.98850889357183
  endloop
endfacet
facet normal -0 -1 0
  outer loop
    vertex 5.645282626961359 0 -70.52616703317408
    vertex 3.651382130087775 0 -68.98850889357183
    vertex 2.540565253922718 0 -71.95143609508155
  endloop
endfacet
facet normal 0 -1 0
  outer loop
    vertex 4.714169021113543 0 -82.48478535390385
    vertex 4.892649282107756 0 -85.15768152787442
    vertex 6.732084510556772 0 -83.65831103422974
  endloop
endfacet
facet normal 0 -1 0
  outer loop
    vertex 4.892649282107756 0 -85.15768152787442
    vertex 6.910564771550984 0 -86.33120720820031
    vertex 6.732084510556772 0 -83.65831103422974
  endloop
endfacet
facet normal 0 -1 0
  outer loop
    vertex 4.892649282107756 0 -85.15768152787442
    vertex 5.071129543101968 0 -87.83057770184499
    vertex 6.910564771550984 0 -86.33120720820031
  endloop
endfacet
facet normal 0 -1 0
  outer loop
    vertex 6.732084510556772 0 -83.65831103422974
    vertex 6.910564771550984 0 -86.33120720820031
    vertex 8.75 0 -84.83183671455562
  endloop
endfacet
facet normal 0 -1 0
  outer loop
    vertex 8.75 0 -75.16816328544438
    vertex 9.001151668514796 0 -77.5948450363133
    vertex 10.63264585851101 0 -76.09964443359564
  endloop
endfacet
facet normal 0 -1 0
  outer loop
    vertex 9.001151668514796 0 -77.5948450363133
    vertex 10.88379752702581 0 -78.52632618446457
    vertex 10.63264585851101 0 -76.09964443359564
  endloop
endfacet
facet normal 0 -1 0
  outer loop
    vertex 9.001151668514796 0 -77.5948450363133
    vertex 9.252303337029591 0 -80.02152678718222
    vertex 10.88379752702581 0 -78.52632618446457
  endloop
endfacet
facet normal 0 -1 0
  outer loop
    vertex 10.63264585851101 0 -76.09964443359564
    vertex 10.88379752702581 0 -78.52632618446457
    vertex 12.51529171702202 0 -77.03112558174691
  endloop
endfacet
facet normal -3.97169e-16 -1 5.55213e-16
  outer loop
    vertex -12.51529171702202 1.53268119416464e-15 -37.03112558174691
    vertex -10.80807057558635 0 -38.5704004080205
    vertex -10.63264585851101 1.302123571709287e-15 -36.09964443359565
  endloop
endfacet
facet normal -2.70246e-16 -1 5.46202e-16
  outer loop
    vertex -10.80807057558635 0 -38.5704004080205
    vertex -8.925424717075334 0 -37.63891925986923
    vertex -10.63264585851101 1.302123571709287e-15 -36.09964443359565
  endloop
endfacet
facet normal 0 -1 0
  outer loop
    vertex -10.80807057558635 0 -38.5704004080205
    vertex -9.100849434150664 0 -40.10967523429408
    vertex -8.925424717075334 0 -37.63891925986923
  endloop
endfacet
facet normal -3.49318e-16 -1 4.58501e-16
  outer loop
    vertex -10.63264585851101 1.302123571709287e-15 -36.09964443359565
    vertex -8.925424717075334 0 -37.63891925986923
    vertex -8.75 1.071565949253934e-15 -35.16816328544438
  endloop
endfacet
facet normal 0 -1 0
  outer loop
    vertex 8.75 0 -35.16816328544438
    vertex 8.928334588355533 0 -37.5009348677102
    vertex 10.63264585851101 0 -36.09964443359565
  endloop
endfacet
facet normal 0 -1 0
  outer loop
    vertex 8.928334588355533 0 -37.5009348677102
    vertex 10.81098044686654 0 -38.43241601586146
    vertex 10.63264585851101 0 -36.09964443359565
  endloop
endfacet
facet normal 0 -1 0
  outer loop
    vertex 8.928334588355533 0 -37.5009348677102
    vertex 9.106669176711065 0 -39.83370644997602
    vertex 10.81098044686654 0 -38.43241601586146
  endloop
endfacet
facet normal 0 -1 0
  outer loop
    vertex 10.63264585851101 0 -36.09964443359565
    vertex 10.81098044686654 0 -38.43241601586146
    vertex 12.51529171702202 0 -37.03112558174691
  endloop
endfacet
facet normal -4.01248e-16 -1 5.63458e-16
  outer loop
    vertex -12.51529171702202 1.53268119416464e-15 -77.03112558174691
    vertex -10.71326476486552 0 -78.46800412040524
    vertex -10.63264585851101 1.302123571709287e-15 -76.09964443359564
  endloop
endfacet
facet normal -2.76686e-16 -1 5.59218e-16
  outer loop
    vertex -10.71326476486552 0 -78.46800412040524
    vertex -8.830618906354506 0 -77.53652297225398
    vertex -10.63264585851101 1.302123571709287e-15 -76.09964443359564
  endloop
endfacet
facet normal 0 -1 0
  outer loop
    vertex -10.71326476486552 0 -78.46800412040524
    vertex -8.911237812709015 0 -79.90488265906356
    vertex -8.830618906354506 0 -77.53652297225398
  endloop
endfacet
facet normal -3.52258e-16 -1 4.64442e-16
  outer loop
    vertex -10.63264585851101 1.302123571709287e-15 -76.09964443359564
    vertex -8.830618906354506 0 -77.53652297225398
    vertex -8.75 1.071565949253934e-15 -75.16816328544438
  endloop
endfacet
facet normal -8.2226e-16 -1 1.41438e-15
  outer loop
    vertex -16.28058343404406 1.993796439075348e-15 -78.89408787804945
    vertex -14.79059052850615 0 -79.43753220493107
    vertex -14.39793757553304 1.763238816619994e-15 -77.96260672989818
  endloop
endfacet
facet normal -6.81217e-16 -1 1.37683e-15
  outer loop
    vertex -14.79059052850615 0 -79.43753220493107
    vertex -12.90794466999513 0 -78.50605105677981
    vertex -14.39793757553304 1.763238816619994e-15 -77.96260672989818
  endloop
endfacet
facet normal 0 -1 0
  outer loop
    vertex -14.79059052850615 0 -79.43753220493107
    vertex -13.30059762296824 0 -79.98097653181271
    vertex -12.90794466999513 0 -78.50605105677981
  endloop
endfacet
facet normal -7.33185e-16 -1 1.23435e-15
  outer loop
    vertex -14.39793757553304 1.763238816619994e-15 -77.96260672989818
    vertex -12.90794466999513 0 -78.50605105677981
    vertex -12.51529171702202 1.53268119416464e-15 -77.03112558174691
  endloop
endfacet
facet normal -7.24246e-16 -1 -1.21628e-15
  outer loop
    vertex -12.51529171702204 1.532681194164642e-15 -82.96887441825308
    vertex -12.90794466999514 0 -81.4749254750329
    vertex -14.39793757553305 1.763238816619995e-15 -82.03739327010182
  endloop
endfacet
facet normal -6.71246e-16 -1 -1.35668e-15
  outer loop
    vertex -12.90794466999514 0 -81.4749254750329
    vertex -14.79059052850615 0 -80.54344432688163
    vertex -14.39793757553305 1.763238816619995e-15 -82.03739327010182
  endloop
endfacet
facet normal 0 -1 0
  outer loop
    vertex -12.90794466999514 0 -81.4749254750329
    vertex -13.30059762296824 0 -79.98097653181271
    vertex -14.79059052850615 0 -80.54344432688163
  endloop
endfacet
facet normal -8.12017e-16 -1 -1.39368e-15
  outer loop
    vertex -14.39793757553305 1.763238816619995e-15 -82.03739327010182
    vertex -14.79059052850615 0 -80.54344432688163
    vertex -16.28058343404406 1.993796439075348e-15 -81.10591212195055
  endloop
endfacet
facet normal 0 -1 0
  outer loop
    vertex -8.911237812709015 0 -79.90488265906356
    vertex -6.376050982125045 0 -78.44430060851815
    vertex -8.830618906354506 0 -77.53652297225398
  endloop
endfacet
facet normal 0 -1 0
  outer loop
    vertex -6.376050982125045 0 -78.44430060851815
    vertex -6.295432075770539 0 -76.07594092170856
    vertex -8.830618906354506 0 -77.53652297225398
  endloop
endfacet
facet normal 0 -1 0
  outer loop
    vertex -6.376050982125045 0 -78.44430060851815
    vertex -3.840864151541077 0 -76.98371855797275
    vertex -6.295432075770539 0 -76.07594092170856
  endloop
endfacet
facet normal -2.65882e-16 -1 4.61501e-16
  outer loop
    vertex -8.830618906354506 0 -77.53652297225398
    vertex -6.295432075770539 0 -76.07594092170856
    vertex -8.75 1.071565949253934e-15 -75.16816328544438
  endloop
endfacet
facet normal -0 -1 0
  outer loop
    vertex 3.396208942183892 0 -12.10298655822971
    vertex 1.319563773153782 0 -10.1851583643053
    vertex 0.1089491309200179 0 -12.37671777193151
  endloop
endfacet
facet normal 0 -1 0
  outer loop
    vertex 1.319563773153782 0 -10.1851583643053
    vertex -1.967696038110092 0 -10.4588895780071
    vertex 0.1089491309200179 0 -12.37671777193151
  endloop
endfacet
facet normal -0 -1 0
  outer loop
    vertex 1.319563773153782 0 -10.1851583643053
    vertex -0.7570813958763276 0 -8.267330170380884
    vertex -1.967696038110092 0 -10.4588895780071
  endloop
endfacet
facet normal -0 -1 0
  outer loop
    vertex 0.1089491309200179 0 -12.37671777193151
    vertex -1.967696038110092 0 -10.4588895780071
    vertex -3.178310680343857 0 -12.65044898563331
  endloop
endfacet
facet normal -8.17137e-16 -1 1.40402e-15
  outer loop
    vertex -16.28058343404406 1.993796439075348e-15 -38.89408787804945
    vertex -14.80955169065032 0 -39.45801146245413
    vertex -14.39793757553304 1.763238816619994e-15 -37.96260672989818
  endloop
endfacet
facet normal -6.75365e-16 -1 1.365e-15
  outer loop
    vertex -14.80955169065032 0 -39.45801146245413
    vertex -12.9269058321393 0 -38.52653031430286
    vertex -14.39793757553304 1.763238816619994e-15 -37.96260672989818
  endloop
endfacet
facet normal 0 -1 0
  outer loop
    vertex -14.80955169065032 0 -39.45801146245413
    vertex -13.33851994725657 0 -40.02193504685881
    vertex -12.9269058321393 0 -38.52653031430286
  endloop
endfacet
facet normal -7.28828e-16 -1 1.22554e-15
  outer loop
    vertex -14.39793757553304 1.763238816619994e-15 -37.96260672989818
    vertex -12.9269058321393 0 -38.52653031430286
    vertex -12.51529171702202 1.53268119416464e-15 -37.03112558174691
  endloop
endfacet
facet normal 0 -1 0
  outer loop
    vertex 12.51529171702202 0 -77.03112558174691
    vertex 13.08437646846819 0 -78.51710041852932
    vertex 14.39793757553304 0 -77.96260672989818
  endloop
endfacet
facet normal 0 -1 0
  outer loop
    vertex 13.08437646846819 0 -78.51710041852932
    vertex 14.96702232697921 0 -79.44858156668059
    vertex 14.39793757553304 0 -77.96260672989818
  endloop
endfacet
facet normal 0 -1 0
  outer loop
    vertex 13.08437646846819 0 -78.51710041852932
    vertex 13.65346121991437 0 -80.00307525531174
    vertex 14.96702232697921 0 -79.44858156668059
  endloop
endfacet
facet normal 0 -1 0
  outer loop
    vertex 14.39793757553304 0 -77.96260672989818
    vertex 14.96702232697921 0 -79.44858156668059
    vertex 16.28058343404406 0 -78.89408787804945
  endloop
endfacet
facet normal 0 -1 0
  outer loop
    vertex 12.51529171702202 0 -37.03112558174691
    vertex 12.92748780639534 0 -38.49893343587106
    vertex 14.39793757553304 0 -37.96260672989818
  endloop
endfacet
facet normal 0 -1 0
  outer loop
    vertex 12.92748780639534 0 -38.49893343587106
    vertex 14.81013366490636 0 -39.43041458402232
    vertex 14.39793757553304 0 -37.96260672989818
  endloop
endfacet
facet normal 0 -1 0
  outer loop
    vertex 12.92748780639534 0 -38.49893343587106
    vertex 13.33968389576865 0 -39.9667412899952
    vertex 14.81013366490636 0 -39.43041458402232
  endloop
endfacet
facet normal 0 -1 0
  outer loop
    vertex 14.39793757553304 0 -37.96260672989818
    vertex 14.81013366490636 0 -39.43041458402232
    vertex 16.28058343404406 0 -38.89408787804945
  endloop
endfacet
facet normal -0 -1 0
  outer loop
    vertex 16.28058343404406 0 -41.10591212195055
    vertex 14.81013366490636 0 -40.53632670597288
    vertex 14.39793757553305 0 -42.03739327010182
  endloop
endfacet
facet normal 0 -1 0
  outer loop
    vertex 14.81013366490636 0 -40.53632670597288
    vertex 12.92748780639534 0 -41.46780785412414
    vertex 14.39793757553305 0 -42.03739327010182
  endloop
endfacet
facet normal -0 -1 0
  outer loop
    vertex 14.81013366490636 0 -40.53632670597288
    vertex 13.33968389576865 0 -39.9667412899952
    vertex 12.92748780639534 0 -41.46780785412414
  endloop
endfacet
facet normal -0 -1 0
  outer loop
    vertex 14.39793757553305 0 -42.03739327010182
    vertex 12.92748780639534 0 -41.46780785412414
    vertex 12.51529171702204 0 -42.96887441825308
  endloop
endfacet
facet normal -7.39302e-16 -1 -1.24671e-15
  outer loop
    vertex -12.51529171702204 1.532681194164642e-15 -42.96887441825308
    vertex -12.9269058321393 0 -41.49540473255595
    vertex -14.39793757553305 1.763238816619995e-15 -42.03739327010182
  endloop
endfacet
facet normal -6.87031e-16 -1 -1.38858e-15
  outer loop
    vertex -12.9269058321393 0 -41.49540473255595
    vertex -14.80955169065032 0 -40.56392358440468
    vertex -14.39793757553305 1.763238816619995e-15 -42.03739327010182
  endloop
endfacet
facet normal 0 -1 0
  outer loop
    vertex -12.9269058321393 0 -41.49540473255595
    vertex -13.33851994725657 0 -40.02193504685881
    vertex -14.80955169065032 0 -40.56392358440468
  endloop
endfacet
facet normal -8.29137e-16 -1 -1.42828e-15
  outer loop
    vertex -14.39793757553305 1.763238816619995e-15 -42.03739327010182
    vertex -14.80955169065032 0 -40.56392358440468
    vertex -16.28058343404406 1.993796439075348e-15 -41.10591212195055
  endloop
endfacet
facet normal -0 -1 0
  outer loop
    vertex 16.28058343404406 0 -81.10591212195055
    vertex 14.96702232697921 0 -80.55449368863115
    vertex 14.39793757553305 0 -82.03739327010182
  endloop
endfacet
facet normal 0 -1 0
  outer loop
    vertex 14.96702232697921 0 -80.55449368863115
    vertex 13.0843764684682 0 -81.48597483678242
    vertex 14.39793757553305 0 -82.03739327010182
  endloop
endfacet
facet normal -0 -1 0
  outer loop
    vertex 14.96702232697921 0 -80.55449368863115
    vertex 13.65346121991437 0 -80.00307525531174
    vertex 13.0843764684682 0 -81.48597483678242
  endloop
endfacet
facet normal -0 -1 0
  outer loop
    vertex 14.39793757553305 0 -82.03739327010182
    vertex 13.0843764684682 0 -81.48597483678242
    vertex 12.51529171702204 0 -82.96887441825308
  endloop
endfacet
facet normal 0 -1 0
  outer loop
    vertex -9.100849434150664 0 -40.10967523429408
    vertex -6.266677775501187 0 -41.73472410961085
    vertex -5.937645199668036 0 -39.08987491986119
  endloop
endfacet
facet normal 0 -1 0
  outer loop
    vertex -6.266677775501187 0 -41.73472410961085
    vertex -3.103473541018558 0 -40.71492379517797
    vertex -5.937645199668036 0 -39.08987491986119
  endloop
endfacet
facet normal 0 -1 0
  outer loop
    vertex -6.266677775501187 0 -41.73472410961085
    vertex -3.43250611685171 0 -43.35977298492763
    vertex -3.103473541018558 0 -40.71492379517797
  endloop
endfacet
facet normal 0 -1 0
  outer loop
    vertex -5.937645199668036 0 -39.08987491986119
    vertex -3.103473541018558 0 -40.71492379517797
    vertex -2.774440965185407 0 -38.0700746054283
  endloop
endfacet
facet normal -0 -1 0
  outer loop
    vertex 9.106669176711065 0 -39.83370644997602
    vertex 6.342981900062675 0 -38.24686527166616
    vertex 6.007629021270406 0 -40.76189356665203
  endloop
endfacet
facet normal 0 -1 0
  outer loop
    vertex 6.342981900062675 0 -38.24686527166616
    vertex 3.243941744622014 0 -39.17505238834217
    vertex 6.007629021270406 0 -40.76189356665203
  endloop
endfacet
facet normal -0 -1 0
  outer loop
    vertex 6.342981900062675 0 -38.24686527166616
    vertex 3.579294623414284 0 -36.66002409335631
    vertex 3.243941744622014 0 -39.17505238834217
  endloop
endfacet
facet normal -0 -1 0
  outer loop
    vertex 6.007629021270406 0 -40.76189356665203
    vertex 3.243941744622014 0 -39.17505238834217
    vertex 2.908588865829744 0 -41.69008068332805
  endloop
endfacet
facet normal -0 -1 0
  outer loop
    vertex -9.100849434150664 0 -40.10967523429408
    vertex -11.21968469070362 0 -40.06580514057644
    vertex -10.80807057558635 0 -41.53927482627358
  endloop
endfacet
facet normal 0 -1 -0
  outer loop
    vertex -11.21968469070362 0 -40.06580514057644
    vertex -12.9269058321393 0 -41.49540473255595
    vertex -10.80807057558635 0 -41.53927482627358
  endloop
endfacet
facet normal -0 -1 0
  outer loop
    vertex -11.21968469070362 0 -40.06580514057644
    vertex -13.33851994725657 0 -40.02193504685881
    vertex -12.9269058321393 0 -41.49540473255595
  endloop
endfacet
facet normal -2.16621e-17 -1 -1.04624e-15
  outer loop
    vertex -10.80807057558635 0 -41.53927482627358
    vertex -12.9269058321393 0 -41.49540473255595
    vertex -12.51529171702204 1.532681194164642e-15 -42.96887441825308
  endloop
endfacet
facet normal 0 -1 0
  outer loop
    vertex 12.51529171702204 0 -42.96887441825308
    vertex 12.92748780639534 0 -41.46780785412414
    vertex 10.81098044686655 0 -41.40129043411455
  endloop
endfacet
facet normal 0 -1 0
  outer loop
    vertex 12.92748780639534 0 -41.46780785412414
    vertex 11.22317653623986 0 -39.90022386998561
    vertex 10.81098044686655 0 -41.40129043411455
  endloop
endfacet
facet normal 0 -1 0
  outer loop
    vertex 12.92748780639534 0 -41.46780785412414
    vertex 13.33968389576865 0 -39.9667412899952
    vertex 11.22317653623986 0 -39.90022386998561
  endloop
endfacet
facet normal 0 -1 0
  outer loop
    vertex 10.81098044686655 0 -41.40129043411455
    vertex 11.22317653623986 0 -39.90022386998561
    vertex 9.106669176711065 0 -39.83370644997602
  endloop
endfacet
facet normal 0 -1 0
  outer loop
    vertex 12.51529171702204 0 -82.96887441825308
    vertex 13.0843764684682 0 -81.48597483678242
    vertex 10.88379752702581 0 -81.49520060271766
  endloop
endfacet
facet normal -0 -1 0
  outer loop
    vertex 13.0843764684682 0 -81.48597483678242
    vertex 11.45288227847198 0 -80.01230102124698
    vertex 10.88379752702581 0 -81.49520060271766
  endloop
endfacet
facet normal 0 -1 0
  outer loop
    vertex 13.0843764684682 0 -81.48597483678242
    vertex 13.65346121991437 0 -80.00307525531174
    vertex 11.45288227847198 0 -80.01230102124698
  endloop
endfacet
facet normal 0 -1 0
  outer loop
    vertex 10.88379752702581 0 -81.49520060271766
    vertex 11.45288227847198 0 -80.01230102124698
    vertex 9.252303337029591 0 -80.02152678718222
  endloop
endfacet
facet normal 0 -1 0
  outer loop
    vertex -2.355537403597821 0 -82.12976302292527
    vertex -3.09820077756945 0 -79.55674079044901
    vertex -5.633387608153417 0 -81.01732284099441
  endloop
endfacet
facet normal -0 -1 0
  outer loop
    vertex -3.09820077756945 0 -79.55674079044901
    vertex -6.376050982125045 0 -78.44430060851815
    vertex -5.633387608153417 0 -81.01732284099441
  endloop
endfacet
facet normal 0 -1 0
  outer loop
    vertex -3.09820077756945 0 -79.55674079044901
    vertex -3.840864151541077 0 -76.98371855797275
    vertex -6.376050982125045 0 -78.44430060851815
  endloop
endfacet
facet normal 0 -1 0
  outer loop
    vertex -5.633387608153417 0 -81.01732284099441
    vertex -6.376050982125045 0 -78.44430060851815
    vertex -8.911237812709015 0 -79.90488265906356
  endloop
endfacet
facet normal 0 -1 0
  outer loop
    vertex -2.664535259100376e-15 0 -115.6476106469235
    vertex -2.246237399115544 0 -115.6912417045276
    vertex -1.458333333333337 0 -117.8238053234618
  endloop
endfacet
facet normal 0 -1 -0
  outer loop
    vertex -2.246237399115544 0 -115.6912417045276
    vertex -3.704570732448878 0 -117.8674363810658
    vertex -1.458333333333337 0 -117.8238053234618
  endloop
endfacet
facet normal 0 -1 0
  outer loop
    vertex -2.246237399115544 0 -115.6912417045276
    vertex -4.492474798231087 0 -115.7348727621316
    vertex -3.704570732448878 0 -117.8674363810658
  endloop
endfacet
facet normal 0 -1 0
  outer loop
    vertex -1.458333333333337 0 -117.8238053234618
    vertex -3.704570732448878 0 -117.8674363810658
    vertex -2.916666666666668 0 -120
  endloop
endfacet
facet normal 0 -1 0
  outer loop
    vertex 2.916666666666666 0 -120
    vertex 3.704570732448865 0 -117.8674363810658
    vertex 1.458333333333331 0 -117.8238053234618
  endloop
endfacet
facet normal 0 -1 0
  outer loop
    vertex 3.704570732448865 0 -117.8674363810658
    vertex 2.246237399115532 0 -115.6912417045276
    vertex 1.458333333333331 0 -117.8238053234618
  endloop
endfacet
facet normal 0 -1 0
  outer loop
    vertex 3.704570732448865 0 -117.8674363810658
    vertex 4.492474798231065 0 -115.7348727621316
    vertex 2.246237399115532 0 -115.6912417045276
  endloop
endfacet
facet normal 0 -1 0
  outer loop
    vertex 1.458333333333331 0 -117.8238053234618
    vertex 2.246237399115532 0 -115.6912417045276
    vertex -2.664535259100376e-15 0 -115.6476106469235
  endloop
endfacet
facet normal 2.11007e-17 -1 1.01912e-15
  outer loop
    vertex -12.51529171702202 1.53268119416464e-15 -37.03112558174691
    vertex -12.9269058321393 0 -38.52653031430286
    vertex -10.80807057558635 0 -38.5704004080205
  endloop
endfacet
facet normal 0 -1 0
  outer loop
    vertex -12.9269058321393 0 -38.52653031430286
    vertex -11.21968469070362 0 -40.06580514057644
    vertex -10.80807057558635 0 -38.5704004080205
  endloop
endfacet
facet normal 0 -1 -0
  outer loop
    vertex -12.9269058321393 0 -38.52653031430286
    vertex -13.33851994725657 0 -40.02193504685881
    vertex -11.21968469070362 0 -40.06580514057644
  endloop
endfacet
facet normal 0 -1 -0
  outer loop
    vertex -10.80807057558635 0 -38.5704004080205
    vertex -11.21968469070362 0 -40.06580514057644
    vertex -9.100849434150664 0 -40.10967523429408
  endloop
endfacet
facet normal 0 -1 0
  outer loop
    vertex 9.106669176711065 0 -39.83370644997602
    vertex 11.22317653623986 0 -39.90022386998561
    vertex 10.81098044686654 0 -38.43241601586146
  endloop
endfacet
facet normal 0 -1 0
  outer loop
    vertex 11.22317653623986 0 -39.90022386998561
    vertex 12.92748780639534 0 -38.49893343587106
    vertex 10.81098044686654 0 -38.43241601586146
  endloop
endfacet
facet normal 0 -1 0
  outer loop
    vertex 11.22317653623986 0 -39.90022386998561
    vertex 13.33968389576865 0 -39.9667412899952
    vertex 12.92748780639534 0 -38.49893343587106
  endloop
endfacet
facet normal 0 -1 0
  outer loop
    vertex 10.81098044686654 0 -38.43241601586146
    vertex 12.92748780639534 0 -38.49893343587106
    vertex 12.51529171702202 0 -37.03112558174691
  endloop
endfacet
facet normal 0 -1 0
  outer loop
    vertex 9.252303337029591 0 -80.02152678718222
    vertex 11.45288227847198 0 -80.01230102124698
    vertex 10.88379752702581 0 -78.52632618446457
  endloop
endfacet
facet normal 0 -1 0
  outer loop
    vertex 11.45288227847198 0 -80.01230102124698
    vertex 13.08437646846819 0 -78.51710041852932
    vertex 10.88379752702581 0 -78.52632618446457
  endloop
endfacet
facet normal 0 -1 0
  outer loop
    vertex 11.45288227847198 0 -80.01230102124698
    vertex 13.65346121991437 0 -80.00307525531174
    vertex 13.08437646846819 0 -78.51710041852932
  endloop
endfacet
facet normal 0 -1 0
  outer loop
    vertex 10.88379752702581 0 -78.52632618446457
    vertex 13.08437646846819 0 -78.51710041852932
    vertex 12.51529171702202 0 -77.03112558174691
  endloop
endfacet
facet normal 0 -1 0
  outer loop
    vertex -2.589717217482806 0 -93.9345005037176
    vertex -1.21209744992288 0 -92.01608413805116
    vertex -3.491302683474925 0 -90.84850874603013
  endloop
endfacet
facet normal 0 -1 0
  outer loop
    vertex -1.21209744992288 0 -92.01608413805116
    vertex -2.113682915914999 0 -88.93009238036369
    vertex -3.491302683474925 0 -90.84850874603013
  endloop
endfacet
facet normal 0 -1 0
  outer loop
    vertex -1.21209744992288 0 -92.01608413805116
    vertex 0.1655223176370439 0 -90.09766777238471
    vertex -2.113682915914999 0 -88.93009238036369
  endloop
endfacet
facet normal 0 -1 0
  outer loop
    vertex -3.491302683474925 0 -90.84850874603013
    vertex -2.113682915914999 0 -88.93009238036369
    vertex -4.392888149467042 0 -87.76251698834267
  endloop
endfacet
facet normal 0 -1 -0
  outer loop
    vertex 1.325960873932671 0 -85.80492129138858
    vertex 0.7457415957848577 0 -87.95129453188665
    vertex 3.19854520851732 0 -86.81774949661678
  endloop
endfacet
facet normal 0 -1 0
  outer loop
    vertex 0.7457415957848577 0 -87.95129453188665
    vertex 2.618325930369505 0 -88.96412273711485
    vertex 3.19854520851732 0 -86.81774949661678
  endloop
endfacet
facet normal 0 -1 -0
  outer loop
    vertex 0.7457415957848577 0 -87.95129453188665
    vertex 0.1655223176370439 0 -90.09766777238471
    vertex 2.618325930369505 0 -88.96412273711485
  endloop
endfacet
facet normal 0 -1 -0
  outer loop
    vertex 3.19854520851732 0 -86.81774949661678
    vertex 2.618325930369505 0 -88.96412273711485
    vertex 5.071129543101968 0 -87.83057770184499
  endloop
endfacet
facet normal -1.33812e-15 -1 0
  outer loop
    vertex -16.28058343404406 1.993796439075348e-15 -81.10591212195055
    vertex -14.79059052850615 0 -80.54344432688163
    vertex -16.28058343404406 1.993796439075348e-15 -80
  endloop
endfacet
facet normal -1.33812e-15 -1 0
  outer loop
    vertex -14.79059052850615 0 -80.54344432688163
    vertex -14.79059052850615 0 -79.43753220493107
    vertex -16.28058343404406 1.993796439075348e-15 -80
  endloop
endfacet
facet normal 0 -1 0
  outer loop
    vertex -14.79059052850615 0 -80.54344432688163
    vertex -13.30059762296824 0 -79.98097653181271
    vertex -14.79059052850615 0 -79.43753220493107
  endloop
endfacet
facet normal -1.33812e-15 -1 0
  outer loop
    vertex -16.28058343404406 1.993796439075348e-15 -80
    vertex -14.79059052850615 0 -79.43753220493107
    vertex -16.28058343404406 1.993796439075348e-15 -78.89408787804945
  endloop
endfacet
facet normal 0 -1 0
  outer loop
    vertex 3.468539396940054 0 -111.0263186508464
    vertex 3.980507097585559 0 -113.380595706489
    vertex 6.109269698470027 0 -112.5824790516362
  endloop
endfacet
facet normal 0 -1 0
  outer loop
    vertex 3.980507097585559 0 -113.380595706489
    vertex 6.621237399115532 0 -114.9367561072788
    vertex 6.109269698470027 0 -112.5824790516362
  endloop
endfacet
facet normal 0 -1 0
  outer loop
    vertex 3.980507097585559 0 -113.380595706489
    vertex 4.492474798231065 0 -115.7348727621316
    vertex 6.621237399115532 0 -114.9367561072788
  endloop
endfacet
facet normal 0 -1 0
  outer loop
    vertex 6.109269698470027 0 -112.5824790516362
    vertex 6.621237399115532 0 -114.9367561072788
    vertex 8.75 0 -114.1386394524259
  endloop
endfacet
facet normal 0 -1 0
  outer loop
    vertex -8.75 0 -114.1386394524259
    vertex -6.621237399115544 0 -114.9367561072788
    vertex -6.216994913941995 0 -112.8053233165615
  endloop
endfacet
facet normal 0 -1 0
  outer loop
    vertex -6.621237399115544 0 -114.9367561072788
    vertex -4.088232313057538 0 -113.6034399714143
    vertex -6.216994913941995 0 -112.8053233165615
  endloop
endfacet
facet normal 0 -1 0
  outer loop
    vertex -6.621237399115544 0 -114.9367561072788
    vertex -4.492474798231087 0 -115.7348727621316
    vertex -4.088232313057538 0 -113.6034399714143
  endloop
endfacet
facet normal 0 -1 0
  outer loop
    vertex -6.216994913941995 0 -112.8053233165615
    vertex -4.088232313057538 0 -113.6034399714143
    vertex -3.683989827883988 0 -111.472007180697
  endloop
endfacet
facet normal 0 -1 0
  outer loop
    vertex -8.911237812709015 0 -79.90488265906356
    vertex -11.10591771783863 0 -79.94292959543813
    vertex -10.71326476486552 0 -81.43687853865832
  endloop
endfacet
facet normal 0 -1 -0
  outer loop
    vertex -11.10591771783863 0 -79.94292959543813
    vertex -12.90794466999514 0 -81.4749254750329
    vertex -10.71326476486552 0 -81.43687853865832
  endloop
endfacet
facet normal 0 -1 0
  outer loop
    vertex -11.10591771783863 0 -79.94292959543813
    vertex -13.30059762296824 0 -79.98097653181271
    vertex -12.90794466999514 0 -81.4749254750329
  endloop
endfacet
facet normal 1.77048e-17 -1 -1.02127e-15
  outer loop
    vertex -10.71326476486552 0 -81.43687853865832
    vertex -12.90794466999514 0 -81.4749254750329
    vertex -12.51529171702204 1.532681194164642e-15 -82.96887441825308
  endloop
endfacet
facet normal 0 -1 0
  outer loop
    vertex 2.887591709045259 0 -78.01541133191517
    vertex 3.800880365079401 0 -80.25009834290952
    vertex 6.069947523037425 0 -79.01846905954871
  endloop
endfacet
facet normal 0 -1 0
  outer loop
    vertex 3.800880365079401 0 -80.25009834290952
    vertex 6.983236179071568 0 -81.25315607054304
    vertex 6.069947523037425 0 -79.01846905954871
  endloop
endfacet
facet normal 0 -1 0
  outer loop
    vertex 3.800880365079401 0 -80.25009834290952
    vertex 4.714169021113543 0 -82.48478535390385
    vertex 6.983236179071568 0 -81.25315607054304
  endloop
endfacet
facet normal 0 -1 0
  outer loop
    vertex 6.069947523037425 0 -79.01846905954871
    vertex 6.983236179071568 0 -81.25315607054304
    vertex 9.252303337029591 0 -80.02152678718222
  endloop
endfacet
facet normal 0 -1 0
  outer loop
    vertex 1.325960873932671 0 -85.80492129138858
    vertex 3.19854520851732 0 -86.81774949661678
    vertex 3.020064947523108 0 -84.14485332264621
  endloop
endfacet
facet normal 0 -1 0
  outer loop
    vertex 3.19854520851732 0 -86.81774949661678
    vertex 4.892649282107756 0 -85.15768152787442
    vertex 3.020064947523108 0 -84.14485332264621
  endloop
endfacet
facet normal 0 -1 0
  outer loop
    vertex 3.19854520851732 0 -86.81774949661678
    vertex 5.071129543101968 0 -87.83057770184499
    vertex 4.892649282107756 0 -85.15768152787442
  endloop
endfacet
facet normal 0 -1 0
  outer loop
    vertex 3.020064947523108 0 -84.14485332264621
    vertex 4.892649282107756 0 -85.15768152787442
    vertex 4.714169021113543 0 -82.48478535390385
  endloop
endfacet
facet normal 0 -1 0
  outer loop
    vertex -2.664535259100376e-15 0 -115.6476106469235
    vertex 2.246237399115532 0 -115.6912417045276
    vertex 1.734269698470025 0 -113.336964648885
  endloop
endfacet
facet normal 0 -1 0
  outer loop
    vertex 2.246237399115532 0 -115.6912417045276
    vertex 3.980507097585559 0 -113.380595706489
    vertex 1.734269698470025 0 -113.336964648885
  endloop
endfacet
facet normal 0 -1 0
  outer loop
    vertex 2.246237399115532 0 -115.6912417045276
    vertex 4.492474798231065 0 -115.7348727621316
    vertex 3.980507097585559 0 -113.380595706489
  endloop
endfacet
facet normal 0 -1 0
  outer loop
    vertex 1.734269698470025 0 -113.336964648885
    vertex 3.980507097585559 0 -113.380595706489
    vertex 3.468539396940054 0 -111.0263186508464
  endloop
endfacet
facet normal 0 -1 -0
  outer loop
    vertex -3.683989827883988 0 -111.472007180697
    vertex -4.088232313057538 0 -113.6034399714143
    vertex -1.841994913941996 0 -113.5598089138103
  endloop
endfacet
facet normal 0 -1 0
  outer loop
    vertex -4.088232313057538 0 -113.6034399714143
    vertex -2.246237399115544 0 -115.6912417045276
    vertex -1.841994913941996 0 -113.5598089138103
  endloop
endfacet
facet normal 0 -1 -0
  outer loop
    vertex -4.088232313057538 0 -113.6034399714143
    vertex -4.492474798231087 0 -115.7348727621316
    vertex -2.246237399115544 0 -115.6912417045276
  endloop
endfacet
facet normal 0 -1 -0
  outer loop
    vertex -1.841994913941996 0 -113.5598089138103
    vertex -2.246237399115544 0 -115.6912417045276
    vertex -2.664535259100376e-15 0 -115.6476106469235
  endloop
endfacet
facet normal -1.80984e-17 -1 1.04398e-15
  outer loop
    vertex -12.51529171702202 1.53268119416464e-15 -77.03112558174691
    vertex -12.90794466999513 0 -78.50605105677981
    vertex -10.71326476486552 0 -78.46800412040524
  endloop
endfacet
facet normal 0 -1 0
  outer loop
    vertex -12.90794466999513 0 -78.50605105677981
    vertex -11.10591771783863 0 -79.94292959543813
    vertex -10.71326476486552 0 -78.46800412040524
  endloop
endfacet
facet normal 0 -1 -0
  outer loop
    vertex -12.90794466999513 0 -78.50605105677981
    vertex -13.30059762296824 0 -79.98097653181271
    vertex -11.10591771783863 0 -79.94292959543813
  endloop
endfacet
facet normal 0 -1 -0
  outer loop
    vertex -10.71326476486552 0 -78.46800412040524
    vertex -11.10591771783863 0 -79.94292959543813
    vertex -8.911237812709015 0 -79.90488265906356
  endloop
endfacet
facet normal 0 -1 -0
  outer loop
    vertex 16.28058343404406 0 -38.89408787804945
    vertex 14.81013366490636 0 -39.43041458402232
    vertex 16.28058343404406 0 -40
  endloop
endfacet
facet normal 0 -1 0
  outer loop
    vertex 14.81013366490636 0 -39.43041458402232
    vertex 14.81013366490636 0 -40.53632670597288
    vertex 16.28058343404406 0 -40
  endloop
endfacet
facet normal 0 -1 -0
  outer loop
    vertex 14.81013366490636 0 -39.43041458402232
    vertex 13.33968389576865 0 -39.9667412899952
    vertex 14.81013366490636 0 -40.53632670597288
  endloop
endfacet
facet normal 0 -1 -0
  outer loop
    vertex 16.28058343404406 0 -40
    vertex 14.81013366490636 0 -40.53632670597288
    vertex 16.28058343404406 0 -41.10591212195055
  endloop
endfacet
facet normal 0 -1 -0
  outer loop
    vertex 16.28058343404406 0 -78.89408787804945
    vertex 14.96702232697921 0 -79.44858156668059
    vertex 16.28058343404406 0 -80
  endloop
endfacet
facet normal 0 -1 0
  outer loop
    vertex 14.96702232697921 0 -79.44858156668059
    vertex 14.96702232697921 0 -80.55449368863115
    vertex 16.28058343404406 0 -80
  endloop
endfacet
facet normal 0 -1 -0
  outer loop
    vertex 14.96702232697921 0 -79.44858156668059
    vertex 13.65346121991437 0 -80.00307525531174
    vertex 14.96702232697921 0 -80.55449368863115
  endloop
endfacet
facet normal 0 -1 -0
  outer loop
    vertex 16.28058343404406 0 -80
    vertex 14.96702232697921 0 -80.55449368863115
    vertex 16.28058343404406 0 -81.10591212195055
  endloop
endfacet
facet normal -1.35537e-15 -1 0
  outer loop
    vertex -16.28058343404406 1.993796439075348e-15 -41.10591212195055
    vertex -14.80955169065032 0 -40.56392358440468
    vertex -16.28058343404406 1.993796439075348e-15 -40
  endloop
endfacet
facet normal -1.35537e-15 -1 0
  outer loop
    vertex -14.80955169065032 0 -40.56392358440468
    vertex -14.80955169065032 0 -39.45801146245413
    vertex -16.28058343404406 1.993796439075348e-15 -40
  endloop
endfacet
facet normal 0 -1 0
  outer loop
    vertex -14.80955169065032 0 -40.56392358440468
    vertex -13.33851994725657 0 -40.02193504685881
    vertex -14.80955169065032 0 -39.45801146245413
  endloop
endfacet
facet normal -1.35537e-15 -1 0
  outer loop
    vertex -16.28058343404406 1.993796439075348e-15 -40
    vertex -14.80955169065032 0 -39.45801146245413
    vertex -16.28058343404406 1.993796439075348e-15 -38.89408787804945
  endloop
endfacet
facet normal 0 -1 0
  outer loop
    vertex 8.75 0 -3
    vertex 10.25 0 -1.5
    vertex 7.312500000000008 0 -1.5
  endloop
endfacet
facet normal 0 -1 0
  outer loop
    vertex 10.25 0 -1.5
    vertex 8.812500000000007 0 0
    vertex 7.312500000000008 0 -1.5
  endloop
endfacet
facet normal 0 -1 0
  outer loop
    vertex 10.25 0 -1.5
    vertex 11.75 0 0
    vertex 8.812500000000007 0 0
  endloop
endfacet
facet normal 0 -1 0
  outer loop
    vertex 7.312500000000008 0 -1.5
    vertex 8.812500000000007 0 0
    vertex 5.875000000000016 0 0
  endloop
endfacet
facet normal 0 -1 0
  outer loop
    vertex -11.75 0 0
    vertex -10.25 0 -1.5
    vertex -8.812499999999986 0 0
  endloop
endfacet
facet normal 0 -1 0
  outer loop
    vertex -10.25 0 -1.5
    vertex -7.312499999999987 0 -1.5
    vertex -8.812499999999986 0 0
  endloop
endfacet
facet normal 0 -1 0
  outer loop
    vertex -10.25 0 -1.5
    vertex -8.75 0 -3
    vertex -7.312499999999987 0 -1.5
  endloop
endfacet
facet normal 0 -1 0
  outer loop
    vertex -8.812499999999986 0 0
    vertex -7.312499999999987 0 -1.5
    vertex -5.874999999999972 0 0
  endloop
endfacet
facet normal 2.1333e-15 0.434142 -0.900845
  outer loop
    vertex 5.16071182513962e-14 16.28058343404406 -41.10591212195055
    vertex 1.489355536079292 13.00685131661789 -42.68361262491779
    vertex -1.48935553607925 13.00685131661789 -42.6836126249178
  endloop
endfacet
facet normal 2.1268e-15 0.452842 -0.891591
  outer loop
    vertex 1.489355536079292 13.00685131661789 -42.68361262491779
    vertex -9.267734233794068e-15 9.804453653978356 -44.31012218399761
    vertex -1.48935553607925 13.00685131661789 -42.6836126249178
  endloop
endfacet
facet normal 0.0661661 0.427217 -0.901725
  outer loop
    vertex 1.489355536079292 13.00685131661789 -42.68361262491779
    vertex 2.972524507602913 9.67909064564202 -44.151400769393
    vertex -9.267734233794068e-15 9.804453653978356 -44.31012218399761
  endloop
endfacet
facet normal -0.0661661 0.427217 -0.901725
  outer loop
    vertex -1.48935553607925 13.00685131661789 -42.6836126249178
    vertex -9.267734233794068e-15 9.804453653978356 -44.31012218399761
    vertex -2.972524507602931 9.67909064564202 -44.15140076939299
  endloop
endfacet
facet normal -0.196803 0.392921 -0.898266
  outer loop
    vertex -6.230309549446154 15.04129781205565 -41.10591212195055
    vertex -4.60237781896523 12.36277507652825 -42.63422241312348
    vertex -7.518142397882825 11.95981921495854 -42.1716626366719
  endloop
endfacet
facet normal -0.197196 0.398879 -0.89555
  outer loop
    vertex -4.60237781896523 12.36277507652825 -42.63422241312348
    vertex -5.897097029948771 9.324457726730481 -43.70240198337163
    vertex -7.518142397882825 11.95981921495854 -42.1716626366719
  endloop
endfacet
facet normal -0.186043 0.395491 -0.89943
  outer loop
    vertex -4.60237781896523 12.36277507652825 -42.63422241312348
    vertex -2.972524507602931 9.67909064564202 -44.15140076939299
    vertex -5.897097029948771 9.324457726730481 -43.70240198337163
  endloop
endfacet
facet normal -0.278001 0.348852 -0.894996
  outer loop
    vertex -7.518142397882825 11.95981921495854 -42.1716626366719
    vertex -5.897097029948771 9.324457726730481 -43.70240198337163
    vertex -8.75 8.789295506574037 -43.02483604304029
  endloop
endfacet
facet normal 0.186043 0.395491 -0.89943
  outer loop
    vertex 2.972524507602913 9.67909064564202 -44.151400769393
    vertex 4.60237781896526 12.36277507652824 -42.63422241312348
    vertex 5.897097029948764 9.324457726730483 -43.70240198337163
  endloop
endfacet
facet normal 0.197196 0.398879 -0.89555
  outer loop
    vertex 4.60237781896526 12.36277507652824 -42.63422241312348
    vertex 7.518142397882863 11.95981921495853 -42.1716626366719
    vertex 5.897097029948764 9.324457726730483 -43.70240198337163
  endloop
endfacet
facet normal 0.196803 0.392921 -0.898266
  outer loop
    vertex 4.60237781896526 12.36277507652824 -42.63422241312348
    vertex 6.230309549446233 15.04129781205561 -41.10591212195055
    vertex 7.518142397882863 11.95981921495853 -42.1716626366719
  endloop
endfacet
facet normal 0.278001 0.348852 -0.894996
  outer loop
    vertex 5.897097029948764 9.324457726730483 -43.70240198337163
    vertex 7.518142397882863 11.95981921495853 -42.1716626366719
    vertex 8.75 8.789295506574037 -43.02483604304029
  endloop
endfacet
facet normal -0.130532 0.430306 -0.893196
  outer loop
    vertex -6.230309549446154 15.04129781205565 -41.10591212195055
    vertex -3.176184264758048 15.9677565884871 -41.10591212195055
    vertex -4.60237781896523 12.36277507652825 -42.63422241312348
  endloop
endfacet
facet normal -0.101625 0.422107 -0.900832
  outer loop
    vertex -3.176184264758048 15.9677565884871 -41.10591212195055
    vertex -1.48935553607925 13.00685131661789 -42.6836126249178
    vertex -4.60237781896523 12.36277507652825 -42.63422241312348
  endloop
endfacet
facet normal -0.0443218 0.450007 -0.891925
  outer loop
    vertex -3.176184264758048 15.9677565884871 -41.10591212195055
    vertex 5.16071182513962e-14 16.28058343404406 -41.10591212195055
    vertex -1.48935553607925 13.00685131661789 -42.6836126249178
  endloop
endfacet
facet normal -0.105225 0.440208 -0.891709
  outer loop
    vertex -4.60237781896523 12.36277507652825 -42.63422241312348
    vertex -1.48935553607925 13.00685131661789 -42.6836126249178
    vertex -2.972524507602931 9.67909064564202 -44.15140076939299
  endloop
endfacet
facet normal 0.0443218 0.450007 -0.891925
  outer loop
    vertex 5.16071182513962e-14 16.28058343404406 -41.10591212195055
    vertex 3.176184264758139 15.96775658848709 -41.10591212195055
    vertex 1.489355536079292 13.00685131661789 -42.68361262491779
  endloop
endfacet
facet normal 0.101625 0.422107 -0.900832
  outer loop
    vertex 3.176184264758139 15.96775658848709 -41.10591212195055
    vertex 4.60237781896526 12.36277507652824 -42.63422241312348
    vertex 1.489355536079292 13.00685131661789 -42.68361262491779
  endloop
endfacet
facet normal 0.130532 0.430306 -0.893196
  outer loop
    vertex 3.176184264758139 15.96775658848709 -41.10591212195055
    vertex 6.230309549446233 15.04129781205561 -41.10591212195055
    vertex 4.60237781896526 12.36277507652824 -42.63422241312348
  endloop
endfacet
facet normal 0.105225 0.440208 -0.891709
  outer loop
    vertex 1.489355536079292 13.00685131661789 -42.68361262491779
    vertex 4.60237781896526 12.36277507652824 -42.63422241312348
    vertex 2.972524507602913 9.67909064564202 -44.151400769393
  endloop
endfacet
facet normal -0.362198 0.297248 -0.883434
  outer loop
    vertex -11.5121109478859 11.51211094788595 -41.10591212195055
    vertex -11.61786046680888 9.674596102263038 -41.68082245210585
    vertex -13.53681039596384 9.045007532146958 -41.10591212195055
  endloop
endfacet
facet normal -0.348404 0.232796 -0.907976
  outer loop
    vertex -11.61786046680888 9.674596102263038 -41.68082245210585
    vertex -13.38412404437137 7.031195853696858 -41.68082245210585
    vertex -13.53681039596384 9.045007532146958 -41.10591212195055
  endloop
endfacet
facet normal -0.39388 0.263182 -0.880678
  outer loop
    vertex -11.61786046680888 9.674596102263038 -41.68082245210585
    vertex -11.70163872689493 7.818785025960405 -42.19794509299587
    vertex -13.38412404437137 7.031195853696858 -41.68082245210585
  endloop
endfacet
facet normal -0.413229 0.220875 -0.883434
  outer loop
    vertex -13.53681039596384 9.045007532146958 -41.10591212195055
    vertex -13.38412404437137 7.031195853696858 -41.68082245210585
    vertex -15.04129781205562 6.230309549446224 -41.10591212195055
  endloop
endfacet
facet normal 0.413229 0.220875 -0.883434
  outer loop
    vertex 15.04129781205563 6.230309549446191 -41.10591212195055
    vertex 13.38412390471868 7.031195760387019 -41.68082253474593
    vertex 13.53681039596387 9.04500753214692 -41.10591212195055
  endloop
endfacet
facet normal 0.348404 0.232796 -0.907976
  outer loop
    vertex 13.38412390471868 7.031195760387019 -41.68082253474593
    vertex 11.61786032715912 9.674596008948829 -41.68082253474593
    vertex 13.53681039596387 9.04500753214692 -41.10591212195055
  endloop
endfacet
facet normal 0.39388 0.263182 -0.880678
  outer loop
    vertex 13.38412390471868 7.031195760387019 -41.68082253474593
    vertex 11.7016384478978 7.818784839540427 -42.19794525901527
    vertex 11.61786032715912 9.674596008948829 -41.68082253474593
  endloop
endfacet
facet normal 0.362198 0.297248 -0.883434
  outer loop
    vertex 13.53681039596387 9.04500753214692 -41.10591212195055
    vertex 11.61786032715912 9.674596008948829 -41.68082253474593
    vertex 11.51211094788594 11.5121109478859 -41.10591212195055
  endloop
endfacet
facet normal 0.443227 0.0325098 -0.89582
  outer loop
    vertex 12.51529171702204 0 -42.96887441825308
    vertex 12.30061288842079 1.814209639281771 -43.00925293030521
    vertex 14.39793757553305 0 -42.03739327010182
  endloop
endfacet
facet normal 0.439969 0.0277988 -0.897583
  outer loop
    vertex 12.30061288842079 1.814209639281771 -43.00925293030521
    vertex 14.18674240398635 1.814145075531822 -42.08472944684499
    vertex 14.39793757553305 0 -42.03739327010182
  endloop
endfacet
facet normal 0.438054 0.0972559 -0.893672
  outer loop
    vertex 12.30061288842079 1.814209639281771 -43.00925293030521
    vertex 12.03392439548976 3.620748405964037 -42.94337589830827
    vertex 14.18674240398635 1.814145075531822 -42.08472944684499
  endloop
endfacet
facet normal 0.443285 0.0282278 -0.895936
  outer loop
    vertex 14.39793757553305 0 -42.03739327010182
    vertex 14.18674240398635 1.814145075531822 -42.08472944684499
    vertex 16.28058343404406 0 -41.10591212195055
  endloop
endfacet
facet normal -0.443285 0.0282278 -0.895936
  outer loop
    vertex -16.28058343404406 1.993796439075348e-15 -41.10591212195055
    vertex -14.18674240401757 1.814145075542142 -42.08472944682902
    vertex -14.39793757553305 1.763238816619995e-15 -42.03739327010182
  endloop
endfacet
facet normal -0.439969 0.0277988 -0.897583
  outer loop
    vertex -14.18674240401757 1.814145075542142 -42.08472944682902
    vertex -12.30061288845198 1.814209639292088 -43.00925293028919
    vertex -14.39793757553305 1.763238816619995e-15 -42.03739327010182
  endloop
endfacet
facet normal -0.438054 0.0972559 -0.893672
  outer loop
    vertex -14.18674240401757 1.814145075542142 -42.08472944682902
    vertex -12.03392439555195 3.620748405984612 -42.94337589827587
    vertex -12.30061288845198 1.814209639292088 -43.00925293028919
  endloop
endfacet
facet normal -0.443227 0.0325098 -0.89582
  outer loop
    vertex -14.39793757553305 1.763238816619995e-15 -42.03739327010182
    vertex -12.30061288845198 1.814209639292088 -43.00925293028919
    vertex -12.51529171702204 1.532681194164642e-15 -42.96887441825308
  endloop
endfacet
facet normal 0.454638 0.044778 -0.88955
  outer loop
    vertex 16.28058343404406 0 -41.10591212195055
    vertex 14.18674240398635 1.814145075531822 -42.08472944684499
    vertex 15.9677565884871 3.176184264758093 -41.10591212195055
  endloop
endfacet
facet normal 0.41802 0.102098 -0.902682
  outer loop
    vertex 14.18674240398635 1.814145075531822 -42.08472944684499
    vertex 13.54091580416958 4.926731361009134 -42.03175160574828
    vertex 15.9677565884871 3.176184264758093 -41.10591212195055
  endloop
endfacet
facet normal 0.44479 0.107423 -0.889169
  outer loop
    vertex 14.18674240398635 1.814145075531822 -42.08472944684499
    vertex 12.03392439548976 3.620748405964037 -42.94337589830827
    vertex 13.54091580416958 4.926731361009134 -42.03175160574828
  endloop
endfacet
facet normal 0.434989 0.131952 -0.890715
  outer loop
    vertex 15.9677565884871 3.176184264758093 -41.10591212195055
    vertex 13.54091580416958 4.926731361009134 -42.03175160574828
    vertex 15.04129781205563 6.230309549446191 -41.10591212195055
  endloop
endfacet
facet normal -0.434989 0.131952 -0.890715
  outer loop
    vertex -15.04129781205562 6.230309549446224 -41.10591212195055
    vertex -13.54091580420067 4.926731361019438 -42.03175160573209
    vertex -15.96775658848709 3.176184264758112 -41.10591212195055
  endloop
endfacet
facet normal -0.41802 0.102098 -0.902682
  outer loop
    vertex -13.54091580420067 4.926731361019438 -42.03175160573209
    vertex -14.18674240401757 1.814145075542142 -42.08472944682902
    vertex -15.96775658848709 3.176184264758112 -41.10591212195055
  endloop
endfacet
facet normal -0.44479 0.107423 -0.889169
  outer loop
    vertex -13.54091580420067 4.926731361019438 -42.03175160573209
    vertex -12.03392439555195 3.620748405984612 -42.94337589827587
    vertex -14.18674240401757 1.814145075542142 -42.08472944682902
  endloop
endfacet
facet normal -0.454638 0.044778 -0.88955
  outer loop
    vertex -15.96775658848709 3.176184264758112 -41.10591212195055
    vertex -14.18674240401757 1.814145075542142 -42.08472944682902
    vertex -16.28058343404406 1.993796439075348e-15 -41.10591212195055
  endloop
endfacet
facet normal -0.443227 0.0325098 -0.89582
  outer loop
    vertex -12.51529171702204 1.532681194164642e-15 -42.96887441825308
    vertex -12.30061288845198 1.814209639292088 -43.00925293028919
    vertex -10.63264585851102 1.302123571709288e-15 -43.90035556640434
  endloop
endfacet
facet normal -0.438644 0.0377294 -0.897868
  outer loop
    vertex -12.30061288845198 1.814209639292088 -43.00925293028919
    vertex -10.41326166146803 1.814084763026282 -43.93130368330775
    vertex -10.63264585851102 1.302123571709288e-15 -43.90035556640434
  endloop
endfacet
facet normal -0.436879 0.097104 -0.894264
  outer loop
    vertex -12.30061288845198 1.814209639292088 -43.00925293028919
    vertex -12.03392439555195 3.620748405984612 -42.94337589827587
    vertex -10.41326166146803 1.814084763026282 -43.93130368330775
  endloop
endfacet
facet normal -0.443136 0.0383106 -0.895636
  outer loop
    vertex -10.63264585851102 1.302123571709288e-15 -43.90035556640434
    vertex -10.41326166146803 1.814084763026282 -43.93130368330775
    vertex -8.75 1.071565949253934e-15 -44.83183671455561
  endloop
endfacet
facet normal 0.443136 0.0383106 -0.895636
  outer loop
    vertex 8.75 0 -44.83183671455561
    vertex 10.41326166143686 1.814084763015973 -43.93130368332381
    vertex 10.63264585851102 0 -43.90035556640434
  endloop
endfacet
facet normal 0.438644 0.0377294 -0.897868
  outer loop
    vertex 10.41326166143686 1.814084763015973 -43.93130368332381
    vertex 12.30061288842079 1.814209639281771 -43.00925293030521
    vertex 10.63264585851102 0 -43.90035556640434
  endloop
endfacet
facet normal 0.436879 0.097104 -0.894264
  outer loop
    vertex 10.41326166143686 1.814084763015973 -43.93130368332381
    vertex 12.03392439548976 3.620748405964037 -42.94337589830827
    vertex 12.30061288842079 1.814209639281771 -43.00925293030521
  endloop
endfacet
facet normal 0.443227 0.0325098 -0.89582
  outer loop
    vertex 10.63264585851102 0 -43.90035556640434
    vertex 12.30061288842079 1.814209639281771 -43.00925293030521
    vertex 12.51529171702204 0 -42.96887441825308
  endloop
endfacet
facet normal -0.427047 0.056452 -0.902465
  outer loop
    vertex -8.75 1.071565949253934e-15 -44.83183671455561
    vertex -10.41326166146803 1.814084763026282 -43.93130368330775
    vertex -8.75 2.248427313096466 -44.69119075985451
  endloop
endfacet
facet normal -0.438141 0.119005 -0.890994
  outer loop
    vertex -10.41326166146803 1.814084763026282 -43.93130368330775
    vertex -10.40012464446054 4.04733373425431 -43.63948179480191
    vertex -8.75 2.248427313096466 -44.69119075985451
  endloop
endfacet
facet normal -0.415536 0.120257 -0.901592
  outer loop
    vertex -10.41326166146803 1.814084763026282 -43.93130368330775
    vertex -12.03392439555195 3.620748405984612 -42.94337589827587
    vertex -10.40012464446054 4.04733373425431 -43.63948179480191
  endloop
endfacet
facet normal -0.401596 0.158917 -0.901923
  outer loop
    vertex -8.75 2.248427313096466 -44.69119075985451
    vertex -10.40012464446054 4.04733373425431 -43.63948179480191
    vertex -8.75 4.467566033699859 -44.30018250284436
  endloop
endfacet
facet normal 0.401596 0.158917 -0.901923
  outer loop
    vertex 8.75 4.467566033699858 -44.30018250284436
    vertex 10.40012464442944 4.04733373424402 -43.6394817948181
    vertex 8.75 2.248427313096464 -44.69119075985451
  endloop
endfacet
facet normal 0.438141 0.119005 -0.890994
  outer loop
    vertex 10.40012464442944 4.04733373424402 -43.6394817948181
    vertex 10.41326166143686 1.814084763015973 -43.93130368332381
    vertex 8.75 2.248427313096464 -44.69119075985451
  endloop
endfacet
facet normal 0.415536 0.120257 -0.901592
  outer loop
    vertex 10.40012464442944 4.04733373424402 -43.6394817948181
    vertex 12.03392439548976 3.620748405964037 -42.94337589830827
    vertex 10.41326166143686 1.814084763015973 -43.93130368332381
  endloop
endfacet
facet normal 0.427047 0.056452 -0.902465
  outer loop
    vertex 8.75 2.248427313096464 -44.69119075985451
    vertex 10.41326166143686 1.814084763015973 -43.93130368332381
    vertex 8.75 0 -44.83183671455561
  endloop
endfacet
facet normal -0.36511 0.237812 -0.900078
  outer loop
    vertex -8.75 4.467566033699859 -44.30018250284436
    vertex -10.22915462722688 6.145179194290353 -43.25692770222677
    vertex -8.75 6.646581443863377 -43.72445958877568
  endloop
endfacet
facet normal -0.368848 0.254546 -0.893956
  outer loop
    vertex -10.22915462722688 6.145179194290353 -43.25692770222677
    vertex -10.23573395678113 8.312091570455198 -42.63720435434988
    vertex -8.75 6.646581443863377 -43.72445958877568
  endloop
endfacet
facet normal -0.355516 0.256008 -0.898926
  outer loop
    vertex -10.22915462722688 6.145179194290353 -43.25692770222677
    vertex -11.70163872689493 7.818785025960405 -42.19794509299587
    vertex -10.23573395678113 8.312091570455198 -42.63720435434988
  endloop
endfacet
facet normal -0.328423 0.29317 -0.897881
  outer loop
    vertex -8.75 6.646581443863377 -43.72445958877568
    vertex -10.23573395678113 8.312091570455198 -42.63720435434988
    vertex -8.75 8.789295506574037 -43.02483604304029
  endloop
endfacet
facet normal 0.328423 0.29317 -0.897881
  outer loop
    vertex 8.75 8.789295506574037 -43.02483604304029
    vertex 10.23573381716234 8.312091477167044 -42.63720443707136
    vertex 8.75 6.646581443863376 -43.72445958877568
  endloop
endfacet
facet normal 0.368848 0.254546 -0.893956
  outer loop
    vertex 10.23573381716234 8.312091477167044 -42.63720443707136
    vertex 10.22915448769698 6.145179101058476 -43.25692778515941
    vertex 8.75 6.646581443863376 -43.72445958877568
  endloop
endfacet
facet normal 0.355516 0.256008 -0.898926
  outer loop
    vertex 10.23573381716234 8.312091477167044 -42.63720443707136
    vertex 11.7016384478978 7.818784839540427 -42.19794525901527
    vertex 10.22915448769698 6.145179101058476 -43.25692778515941
  endloop
endfacet
facet normal 0.36511 0.237812 -0.900078
  outer loop
    vertex 8.75 6.646581443863376 -43.72445958877568
    vertex 10.22915448769698 6.145179101058476 -43.25692778515941
    vertex 8.75 4.467566033699858 -44.30018250284436
  endloop
endfacet
facet normal 0.327615 0.299243 -0.896171
  outer loop
    vertex 11.51211094788594 11.5121109478859 -41.10591212195055
    vertex 11.61786032715912 9.674596008948829 -41.68082253474593
    vertex 10.1310567011629 10.15070445682992 -42.06537759367534
  endloop
endfacet
facet normal 0.327256 0.297564 -0.896861
  outer loop
    vertex 11.61786032715912 9.674596008948829 -41.68082253474593
    vertex 10.23573381716234 8.312091477167044 -42.63720443707136
    vertex 10.1310567011629 10.15070445682992 -42.06537759367534
  endloop
endfacet
facet normal 0.357657 0.265617 -0.895282
  outer loop
    vertex 11.61786032715912 9.674596008948829 -41.68082253474593
    vertex 11.7016384478978 7.818784839540427 -42.19794525901527
    vertex 10.23573381716234 8.312091477167044 -42.63720443707136
  endloop
endfacet
facet normal 0.329343 0.297456 -0.896132
  outer loop
    vertex 10.1310567011629 10.15070445682992 -42.06537759367534
    vertex 10.23573381716234 8.312091477167044 -42.63720443707136
    vertex 8.75 8.789295506574037 -43.02483604304029
  endloop
endfacet
facet normal -0.329343 0.297456 -0.896132
  outer loop
    vertex -8.75 8.789295506574037 -43.02483604304029
    vertex -10.23573395678113 8.312091570455198 -42.63720435434988
    vertex -10.13105670116287 10.15070445682994 -42.06537759367534
  endloop
endfacet
facet normal -0.327256 0.297564 -0.896861
  outer loop
    vertex -10.23573395678113 8.312091570455198 -42.63720435434988
    vertex -11.61786046680888 9.674596102263038 -41.68082245210585
    vertex -10.13105670116287 10.15070445682994 -42.06537759367534
  endloop
endfacet
facet normal -0.357657 0.265617 -0.895282
  outer loop
    vertex -10.23573395678113 8.312091570455198 -42.63720435434988
    vertex -11.70163872689493 7.818785025960405 -42.19794509299587
    vertex -11.61786046680888 9.674596102263038 -41.68082245210585
  endloop
endfacet
facet normal -0.327615 0.299243 -0.896171
  outer loop
    vertex -10.13105670116287 10.15070445682994 -42.06537759367534
    vertex -11.61786046680888 9.674596102263038 -41.68082245210585
    vertex -11.5121109478859 11.51211094788595 -41.10591212195055
  endloop
endfacet
facet normal -0.422142 0.161019 -0.892115
  outer loop
    vertex -12.03392439555195 3.620748405984612 -42.94337589827587
    vertex -11.89363187802155 5.732225470867546 -42.62865885023903
    vertex -10.40012464446054 4.04733373425431 -43.63948179480191
  endloop
endfacet
facet normal -0.388458 0.195854 -0.900412
  outer loop
    vertex -11.89363187802155 5.732225470867546 -42.62865885023903
    vertex -10.22915462722688 6.145179194290353 -43.25692770222677
    vertex -10.40012464446054 4.04733373425431 -43.63948179480191
  endloop
endfacet
facet normal -0.391847 0.220439 -0.893231
  outer loop
    vertex -11.89363187802155 5.732225470867546 -42.62865885023903
    vertex -11.70163872689493 7.818785025960405 -42.19794509299587
    vertex -10.22915462722688 6.145179194290353 -43.25692770222677
  endloop
endfacet
facet normal -0.407089 0.195864 -0.892141
  outer loop
    vertex -10.40012464446054 4.04733373425431 -43.63948179480191
    vertex -10.22915462722688 6.145179194290353 -43.25692770222677
    vertex -8.75 4.467566033699859 -44.30018250284436
  endloop
endfacet
facet normal 0.407089 0.195864 -0.892141
  outer loop
    vertex 8.75 4.467566033699858 -44.30018250284436
    vertex 10.22915448769698 6.145179101058476 -43.25692778515941
    vertex 10.40012464442944 4.04733373424402 -43.6394817948181
  endloop
endfacet
facet normal 0.388458 0.195854 -0.900412
  outer loop
    vertex 10.22915448769698 6.145179101058476 -43.25692778515941
    vertex 11.89363173822341 5.732225377461304 -42.62865893261294
    vertex 10.40012464442944 4.04733373424402 -43.6394817948181
  endloop
endfacet
facet normal 0.391847 0.220439 -0.893231
  outer loop
    vertex 10.22915448769698 6.145179101058476 -43.25692778515941
    vertex 11.7016384478978 7.818784839540427 -42.19794525901527
    vertex 11.89363173822341 5.732225377461304 -42.62865893261294
  endloop
endfacet
facet normal 0.422142 0.161019 -0.892115
  outer loop
    vertex 10.40012464442944 4.04733373424402 -43.6394817948181
    vertex 11.89363173822341 5.732225377461304 -42.62865893261294
    vertex 12.03392439548976 3.620748405964037 -42.94337589830827
  endloop
endfacet
facet normal -0.398805 0.179669 -0.899263
  outer loop
    vertex -15.04129781205562 6.230309549446224 -41.10591212195055
    vertex -13.38412404437137 7.031195853696858 -41.68082245210585
    vertex -13.54091580420067 4.926731361019438 -42.03175160573209
  endloop
endfacet
facet normal -0.411609 0.179658 -0.893477
  outer loop
    vertex -13.38412404437137 7.031195853696858 -41.68082245210585
    vertex -11.89363187802155 5.732225470867546 -42.62865885023903
    vertex -13.54091580420067 4.926731361019438 -42.03175160573209
  endloop
endfacet
facet normal -0.379366 0.220401 -0.898612
  outer loop
    vertex -13.38412404437137 7.031195853696858 -41.68082245210585
    vertex -11.70163872689493 7.818785025960405 -42.19794509299587
    vertex -11.89363187802155 5.732225470867546 -42.62865885023903
  endloop
endfacet
facet normal -0.404901 0.161058 -0.900064
  outer loop
    vertex -13.54091580420067 4.926731361019438 -42.03175160573209
    vertex -11.89363187802155 5.732225470867546 -42.62865885023903
    vertex -12.03392439555195 3.620748405984612 -42.94337589827587
  endloop
endfacet
facet normal 0.404901 0.161058 -0.900064
  outer loop
    vertex 12.03392439548976 3.620748405964037 -42.94337589830827
    vertex 11.89363173822341 5.732225377461304 -42.62865893261294
    vertex 13.54091580416958 4.926731361009134 -42.03175160574828
  endloop
endfacet
facet normal 0.411609 0.179658 -0.893477
  outer loop
    vertex 11.89363173822341 5.732225377461304 -42.62865893261294
    vertex 13.38412390471868 7.031195760387019 -41.68082253474593
    vertex 13.54091580416958 4.926731361009134 -42.03175160574828
  endloop
endfacet
facet normal 0.379366 0.220401 -0.898612
  outer loop
    vertex 11.89363173822341 5.732225377461304 -42.62865893261294
    vertex 11.7016384478978 7.818784839540427 -42.19794525901527
    vertex 13.38412390471868 7.031195760387019 -41.68082253474593
  endloop
endfacet
facet normal 0.398805 0.179669 -0.899263
  outer loop
    vertex 13.54091580416958 4.926731361009134 -42.03175160574828
    vertex 13.38412390471868 7.031195760387019 -41.68082253474593
    vertex 15.04129781205563 6.230309549446191 -41.10591212195055
  endloop
endfacet
facet normal -0.212485 0.397531 -0.892647
  outer loop
    vertex -6.230309549446154 15.04129781205565 -41.10591212195055
    vertex -7.518142397882825 11.95981921495854 -42.1716626366719
    vertex -9.045007532146901 13.53681039596388 -41.10591212195055
  endloop
endfacet
facet normal -0.273665 0.342452 -0.898796
  outer loop
    vertex -7.518142397882825 11.95981921495854 -42.1716626366719
    vertex -10.13105670116287 10.15070445682994 -42.06537759367534
    vertex -9.045007532146901 13.53681039596388 -41.10591212195055
  endloop
endfacet
facet normal -0.277929 0.348832 -0.895026
  outer loop
    vertex -7.518142397882825 11.95981921495854 -42.1716626366719
    vertex -8.75 8.789295506574037 -43.02483604304029
    vertex -10.13105670116287 10.15070445682994 -42.06537759367534
  endloop
endfacet
facet normal -0.28258 0.344325 -0.895315
  outer loop
    vertex -9.045007532146901 13.53681039596388 -41.10591212195055
    vertex -10.13105670116287 10.15070445682994 -42.06537759367534
    vertex -11.5121109478859 11.51211094788595 -41.10591212195055
  endloop
endfacet
facet normal 0.28258 0.344325 -0.895315
  outer loop
    vertex 11.51211094788594 11.5121109478859 -41.10591212195055
    vertex 10.1310567011629 10.15070445682992 -42.06537759367534
    vertex 9.045007532146959 13.53681039596384 -41.10591212195055
  endloop
endfacet
facet normal 0.273665 0.342452 -0.898796
  outer loop
    vertex 10.1310567011629 10.15070445682992 -42.06537759367534
    vertex 7.518142397882863 11.95981921495853 -42.1716626366719
    vertex 9.045007532146959 13.53681039596384 -41.10591212195055
  endloop
endfacet
facet normal 0.277929 0.348832 -0.895026
  outer loop
    vertex 10.1310567011629 10.15070445682992 -42.06537759367534
    vertex 8.75 8.789295506574037 -43.02483604304029
    vertex 7.518142397882863 11.95981921495853 -42.1716626366719
  endloop
endfacet
facet normal 0.212485 0.397531 -0.892647
  outer loop
    vertex 9.045007532146959 13.53681039596384 -41.10591212195055
    vertex 7.518142397882863 11.95981921495853 -42.1716626366719
    vertex 6.230309549446233 15.04129781205561 -41.10591212195055
  endloop
endfacet
facet normal 0.995185 0.0980171 -0
  outer loop
    vertex 16.28058343404406 0 -41.10591212195055
    vertex 15.9677565884871 3.176184264758094 -40
    vertex 16.28058343404406 0 -40
  endloop
endfacet
facet normal 0.995185 0.0980171 3.93597e-17
  outer loop
    vertex 15.9677565884871 3.176184264758094 -40
    vertex 15.9677565884871 3.176184264758093 -38.89408787804945
    vertex 16.28058343404406 0 -40
  endloop
endfacet
facet normal 0.95694 0.290285 1.16566e-16
  outer loop
    vertex 15.9677565884871 3.176184264758094 -40
    vertex 15.04129781205563 6.230309549446191 -38.89408787804945
    vertex 15.9677565884871 3.176184264758093 -38.89408787804945
  endloop
endfacet
facet normal 0.995185 0.0980171 -0
  outer loop
    vertex 16.28058343404406 0 -40
    vertex 15.9677565884871 3.176184264758093 -38.89408787804945
    vertex 16.28058343404406 0 -38.89408787804945
  endloop
endfacet
facet normal 0.995185 0.0980171 -6.29097e-17
  outer loop
    vertex 16.28058343404406 0 -41.10591212195055
    vertex 15.9677565884871 3.176184264758093 -41.10591212195055
    vertex 15.9677565884871 3.176184264758094 -40
  endloop
endfacet
facet normal 0.95694 0.290285 -1.16566e-16
  outer loop
    vertex 15.9677565884871 3.176184264758093 -41.10591212195055
    vertex 15.04129781205563 6.230309549446191 -40
    vertex 15.9677565884871 3.176184264758094 -40
  endloop
endfacet
facet normal 0.95694 0.290285 0
  outer loop
    vertex 15.9677565884871 3.176184264758093 -41.10591212195055
    vertex 15.04129781205563 6.230309549446191 -41.10591212195055
    vertex 15.04129781205563 6.230309549446191 -40
  endloop
endfacet
facet normal 0.95694 0.290285 0
  outer loop
    vertex 15.9677565884871 3.176184264758094 -40
    vertex 15.04129781205563 6.230309549446191 -40
    vertex 15.04129781205563 6.230309549446191 -38.89408787804945
  endloop
endfacet
facet normal -0.95694 0.290285 0
  outer loop
    vertex -15.04129781205562 6.230309549446224 -41.10591212195055
    vertex -15.96775658848709 3.176184264758112 -41.10591212195055
    vertex -15.96775658848709 3.176184264758112 -40
  endloop
endfacet
facet normal -0.995185 0.0980171 0
  outer loop
    vertex -15.96775658848709 3.176184264758112 -41.10591212195055
    vertex -16.28058343404406 1.993796439075348e-15 -40
    vertex -15.96775658848709 3.176184264758112 -40
  endloop
endfacet
facet normal -0.995185 0.0980171 0
  outer loop
    vertex -15.96775658848709 3.176184264758112 -41.10591212195055
    vertex -16.28058343404406 1.993796439075348e-15 -41.10591212195055
    vertex -16.28058343404406 1.993796439075348e-15 -40
  endloop
endfacet
facet normal -0.995185 0.0980171 0
  outer loop
    vertex -15.96775658848709 3.176184264758112 -40
    vertex -16.28058343404406 1.993796439075348e-15 -40
    vertex -16.28058343404406 1.993796439075348e-15 -38.89408787804945
  endloop
endfacet
facet normal -0.95694 0.290285 0
  outer loop
    vertex -15.04129781205562 6.230309549446224 -41.10591212195055
    vertex -15.96775658848709 3.176184264758112 -40
    vertex -15.04129781205562 6.230309549446224 -40
  endloop
endfacet
facet normal -0.95694 0.290285 0
  outer loop
    vertex -15.96775658848709 3.176184264758112 -40
    vertex -15.96775658848709 3.176184264758112 -38.89408787804945
    vertex -15.04129781205562 6.230309549446224 -40
  endloop
endfacet
facet normal -0.995185 0.0980171 0
  outer loop
    vertex -15.96775658848709 3.176184264758112 -40
    vertex -16.28058343404406 1.993796439075348e-15 -38.89408787804945
    vertex -15.96775658848709 3.176184264758112 -38.89408787804945
  endloop
endfacet
facet normal -0.95694 0.290285 0
  outer loop
    vertex -15.04129781205562 6.230309549446224 -40
    vertex -15.96775658848709 3.176184264758112 -38.89408787804945
    vertex -15.04129781205562 6.230309549446224 -38.89408787804945
  endloop
endfacet
facet normal 0.881921 0.471397 -0
  outer loop
    vertex 15.04129781205563 6.230309549446191 -41.10591212195055
    vertex 13.53681039596387 9.04500753214692 -41.10591212195055
    vertex 15.04129781205563 6.230309549446191 -40
  endloop
endfacet
facet normal 0.881921 0.471397 -0
  outer loop
    vertex 13.53681039596387 9.04500753214692 -41.10591212195055
    vertex 13.53681039596387 9.04500753214692 -40
    vertex 15.04129781205563 6.230309549446191 -40
  endloop
endfacet
facet normal 0.77301 0.634393 -0
  outer loop
    vertex 13.53681039596387 9.04500753214692 -41.10591212195055
    vertex 11.51211094788594 11.5121109478859 -41.10591212195055
    vertex 13.53681039596387 9.04500753214692 -40
  endloop
endfacet
facet normal 0.881921 0.471397 -0
  outer loop
    vertex 15.04129781205563 6.230309549446191 -40
    vertex 13.53681039596387 9.04500753214692 -40
    vertex 15.04129781205563 6.230309549446191 -38.89408787804945
  endloop
endfacet
facet normal 0.634393 0.77301 2.51639e-16
  outer loop
    vertex 11.51211094788594 11.5121109478859 -41.10591212195055
    vertex 9.045007532146959 13.53681039596384 -41.10591212195055
    vertex 9.045007532146961 13.53681039596384 -40
  endloop
endfacet
facet normal 0.471397 0.881921 6.594e-16
  outer loop
    vertex 9.045007532146959 13.53681039596384 -41.10591212195055
    vertex 6.230309549446233 15.04129781205561 -40
    vertex 9.045007532146961 13.53681039596384 -40
  endloop
endfacet
facet normal 0.471397 0.881921 0
  outer loop
    vertex 9.045007532146959 13.53681039596384 -41.10591212195055
    vertex 6.230309549446233 15.04129781205561 -41.10591212195055
    vertex 6.230309549446233 15.04129781205561 -40
  endloop
endfacet
facet normal 0.471397 0.881921 0
  outer loop
    vertex 9.045007532146961 13.53681039596384 -40
    vertex 6.230309549446233 15.04129781205561 -40
    vertex 6.230309549446233 15.04129781205561 -38.89408787804945
  endloop
endfacet
facet normal 0.881921 0.471397 0
  outer loop
    vertex 15.04129781205563 6.230309549446191 -38.89408787804945
    vertex 13.53681039596387 9.04500753214692 -40
    vertex 13.53681039596387 9.04500753214692 -38.89408787804945
  endloop
endfacet
facet normal 0.77301 0.634393 -0
  outer loop
    vertex 13.53681039596387 9.04500753214692 -40
    vertex 11.51211094788594 11.5121109478859 -40
    vertex 13.53681039596387 9.04500753214692 -38.89408787804945
  endloop
endfacet
facet normal 0.77301 0.634393 0
  outer loop
    vertex 13.53681039596387 9.04500753214692 -40
    vertex 11.51211094788594 11.5121109478859 -41.10591212195055
    vertex 11.51211094788594 11.5121109478859 -40
  endloop
endfacet
facet normal 0.77301 0.634393 0
  outer loop
    vertex 13.53681039596387 9.04500753214692 -38.89408787804945
    vertex 11.51211094788594 11.5121109478859 -40
    vertex 11.51211094788594 11.5121109478859 -38.89408787804945
  endloop
endfacet
facet normal 0.634393 0.77301 -0
  outer loop
    vertex 11.51211094788594 11.5121109478859 -41.10591212195055
    vertex 9.045007532146961 13.53681039596384 -40
    vertex 11.51211094788594 11.5121109478859 -40
  endloop
endfacet
facet normal 0.634393 0.77301 -2.22652e-16
  outer loop
    vertex 9.045007532146961 13.53681039596384 -40
    vertex 9.045007532146959 13.53681039596384 -38.89408787804945
    vertex 11.51211094788594 11.5121109478859 -40
  endloop
endfacet
facet normal 0.471397 0.881921 -6.594e-16
  outer loop
    vertex 9.045007532146961 13.53681039596384 -40
    vertex 6.230309549446233 15.04129781205561 -38.89408787804945
    vertex 9.045007532146959 13.53681039596384 -38.89408787804945
  endloop
endfacet
facet normal 0.634393 0.77301 -0
  outer loop
    vertex 11.51211094788594 11.5121109478859 -40
    vertex 9.045007532146959 13.53681039596384 -38.89408787804945
    vertex 11.51211094788594 11.5121109478859 -38.89408787804945
  endloop
endfacet
facet normal 0.290285 0.95694 -0
  outer loop
    vertex 6.230309549446233 15.04129781205561 -41.10591212195055
    vertex 3.176184264758139 15.96775658848709 -41.10591212195055
    vertex 6.230309549446233 15.04129781205561 -40
  endloop
endfacet
facet normal 0.290285 0.95694 6.04541e-16
  outer loop
    vertex 3.176184264758139 15.96775658848709 -41.10591212195055
    vertex 3.176184264758143 15.96775658848708 -40
    vertex 6.230309549446233 15.04129781205561 -40
  endloop
endfacet
facet normal 0.0980171 0.995185 1.28362e-15
  outer loop
    vertex 3.176184264758139 15.96775658848709 -41.10591212195055
    vertex 5.16071182513962e-14 16.28058343404406 -41.10591212195055
    vertex 3.176184264758143 15.96775658848708 -40
  endloop
endfacet
facet normal 0.290285 0.95694 -0
  outer loop
    vertex 6.230309549446233 15.04129781205561 -40
    vertex 3.176184264758143 15.96775658848708 -40
    vertex 6.230309549446233 15.04129781205561 -38.89408787804945
  endloop
endfacet
facet normal -0.0980171 0.995185 0
  outer loop
    vertex 5.16071182513962e-14 16.28058343404406 -38.89408787804945
    vertex 5.16071182513962e-14 16.28058343404406 -40
    vertex -3.176184264758048 15.9677565884871 -40
  endloop
endfacet
facet normal -0.0980171 0.995185 0
  outer loop
    vertex 5.16071182513962e-14 16.28058343404406 -40
    vertex -3.176184264758048 15.9677565884871 -41.10591212195055
    vertex -3.176184264758048 15.9677565884871 -40
  endloop
endfacet
facet normal -0.0980171 0.995185 0
  outer loop
    vertex 5.16071182513962e-14 16.28058343404406 -40
    vertex 5.16071182513962e-14 16.28058343404406 -41.10591212195055
    vertex -3.176184264758048 15.9677565884871 -41.10591212195055
  endloop
endfacet
facet normal -0.290285 0.95694 0
  outer loop
    vertex -3.176184264758048 15.9677565884871 -40
    vertex -3.176184264758048 15.9677565884871 -41.10591212195055
    vertex -6.230309549446154 15.04129781205565 -41.10591212195055
  endloop
endfacet
facet normal 0.290285 0.95694 -6.29097e-16
  outer loop
    vertex 6.230309549446233 15.04129781205561 -38.89408787804945
    vertex 3.176184264758143 15.96775658848708 -40
    vertex 3.176184264758139 15.96775658848709 -38.89408787804945
  endloop
endfacet
facet normal 0.0980171 0.995185 -1.28362e-15
  outer loop
    vertex 3.176184264758143 15.96775658848708 -40
    vertex 5.16071182513962e-14 16.28058343404406 -40
    vertex 3.176184264758139 15.96775658848709 -38.89408787804945
  endloop
endfacet
facet normal 0.0980171 0.995185 0
  outer loop
    vertex 3.176184264758143 15.96775658848708 -40
    vertex 5.16071182513962e-14 16.28058343404406 -41.10591212195055
    vertex 5.16071182513962e-14 16.28058343404406 -40
  endloop
endfacet
facet normal 0.0980171 0.995185 0
  outer loop
    vertex 3.176184264758139 15.96775658848709 -38.89408787804945
    vertex 5.16071182513962e-14 16.28058343404406 -40
    vertex 5.16071182513962e-14 16.28058343404406 -38.89408787804945
  endloop
endfacet
facet normal -0.471397 0.881921 0
  outer loop
    vertex -6.230309549446154 15.04129781205565 -41.10591212195055
    vertex -9.045007532146901 13.53681039596388 -41.10591212195055
    vertex -9.045007532146901 13.53681039596388 -40
  endloop
endfacet
facet normal -0.634393 0.77301 0
  outer loop
    vertex -9.045007532146901 13.53681039596388 -41.10591212195055
    vertex -11.5121109478859 11.51211094788595 -40
    vertex -9.045007532146901 13.53681039596388 -40
  endloop
endfacet
facet normal -0.634393 0.77301 0
  outer loop
    vertex -9.045007532146901 13.53681039596388 -41.10591212195055
    vertex -11.5121109478859 11.51211094788595 -41.10591212195055
    vertex -11.5121109478859 11.51211094788595 -40
  endloop
endfacet
facet normal -0.634393 0.77301 0
  outer loop
    vertex -9.045007532146901 13.53681039596388 -40
    vertex -11.5121109478859 11.51211094788595 -40
    vertex -11.5121109478859 11.51211094788595 -38.89408787804945
  endloop
endfacet
facet normal -0.0980171 0.995185 0
  outer loop
    vertex 5.16071182513962e-14 16.28058343404406 -38.89408787804945
    vertex -3.176184264758048 15.9677565884871 -40
    vertex -3.176184264758048 15.9677565884871 -38.89408787804945
  endloop
endfacet
facet normal -0.290285 0.95694 0
  outer loop
    vertex -3.176184264758048 15.9677565884871 -40
    vertex -6.230309549446154 15.04129781205565 -40
    vertex -3.176184264758048 15.9677565884871 -38.89408787804945
  endloop
endfacet
facet normal -0.290285 0.95694 0
  outer loop
    vertex -3.176184264758048 15.9677565884871 -40
    vertex -6.230309549446154 15.04129781205565 -41.10591212195055
    vertex -6.230309549446154 15.04129781205565 -40
  endloop
endfacet
facet normal -0.290285 0.95694 0
  outer loop
    vertex -3.176184264758048 15.9677565884871 -38.89408787804945
    vertex -6.230309549446154 15.04129781205565 -40
    vertex -6.230309549446154 15.04129781205565 -38.89408787804945
  endloop
endfacet
facet normal -0.471397 0.881921 0
  outer loop
    vertex -6.230309549446154 15.04129781205565 -41.10591212195055
    vertex -9.045007532146901 13.53681039596388 -40
    vertex -6.230309549446154 15.04129781205565 -40
  endloop
endfacet
facet normal -0.471397 0.881921 0
  outer loop
    vertex -9.045007532146901 13.53681039596388 -40
    vertex -9.045007532146901 13.53681039596388 -38.89408787804945
    vertex -6.230309549446154 15.04129781205565 -40
  endloop
endfacet
facet normal -0.634393 0.77301 0
  outer loop
    vertex -9.045007532146901 13.53681039596388 -40
    vertex -11.5121109478859 11.51211094788595 -38.89408787804945
    vertex -9.045007532146901 13.53681039596388 -38.89408787804945
  endloop
endfacet
facet normal -0.471397 0.881921 0
  outer loop
    vertex -6.230309549446154 15.04129781205565 -40
    vertex -9.045007532146901 13.53681039596388 -38.89408787804945
    vertex -6.230309549446154 15.04129781205565 -38.89408787804945
  endloop
endfacet
facet normal -0.77301 0.634393 -5.03278e-16
  outer loop
    vertex -11.5121109478859 11.51211094788595 -41.10591212195055
    vertex -13.53681039596384 9.045007532146958 -41.10591212195055
    vertex -13.53681039596384 9.045007532146963 -40
  endloop
endfacet
facet normal -0.881921 0.471397 5.61624e-16
  outer loop
    vertex -13.53681039596384 9.045007532146958 -41.10591212195055
    vertex -15.04129781205562 6.230309549446224 -40
    vertex -13.53681039596384 9.045007532146963 -40
  endloop
endfacet
facet normal -0.881921 0.471397 0
  outer loop
    vertex -13.53681039596384 9.045007532146958 -41.10591212195055
    vertex -15.04129781205562 6.230309549446224 -41.10591212195055
    vertex -15.04129781205562 6.230309549446224 -40
  endloop
endfacet
facet normal -0.881921 0.471397 0
  outer loop
    vertex -13.53681039596384 9.045007532146963 -40
    vertex -15.04129781205562 6.230309549446224 -40
    vertex -15.04129781205562 6.230309549446224 -38.89408787804945
  endloop
endfacet
facet normal -0.77301 0.634393 0
  outer loop
    vertex -11.5121109478859 11.51211094788595 -38.89408787804945
    vertex -11.5121109478859 11.51211094788595 -40
    vertex -13.53681039596384 9.045007532146958 -38.89408787804945
  endloop
endfacet
facet normal -0.77301 0.634393 5.03278e-16
  outer loop
    vertex -11.5121109478859 11.51211094788595 -40
    vertex -13.53681039596384 9.045007532146963 -40
    vertex -13.53681039596384 9.045007532146958 -38.89408787804945
  endloop
endfacet
facet normal -0.77301 0.634393 0
  outer loop
    vertex -11.5121109478859 11.51211094788595 -40
    vertex -11.5121109478859 11.51211094788595 -41.10591212195055
    vertex -13.53681039596384 9.045007532146963 -40
  endloop
endfacet
facet normal -0.881921 0.471397 -5.61624e-16
  outer loop
    vertex -13.53681039596384 9.045007532146958 -38.89408787804945
    vertex -13.53681039596384 9.045007532146963 -40
    vertex -15.04129781205562 6.230309549446224 -38.89408787804945
  endloop
endfacet
facet normal -0.0661661 0.427217 0.901725
  outer loop
    vertex -2.972524507602926 9.67909064564202 -35.848599230607
    vertex -9.045689628869759e-15 9.804453653978356 -35.68987781600239
    vertex -1.489355536079247 13.00685131661789 -37.3163873750822
  endloop
endfacet
facet normal 0 0.452842 0.891591
  outer loop
    vertex -9.045689628869759e-15 9.804453653978356 -35.68987781600239
    vertex 1.489355536079289 13.00685131661789 -37.3163873750822
    vertex -1.489355536079247 13.00685131661789 -37.3163873750822
  endloop
endfacet
facet normal 0.0661661 0.427217 0.901725
  outer loop
    vertex -9.045689628869759e-15 9.804453653978356 -35.68987781600239
    vertex 2.972524507602908 9.67909064564202 -35.848599230607
    vertex 1.489355536079289 13.00685131661789 -37.3163873750822
  endloop
endfacet
facet normal -0 0.434142 0.900845
  outer loop
    vertex -1.489355536079247 13.00685131661789 -37.3163873750822
    vertex 1.489355536079289 13.00685131661789 -37.3163873750822
    vertex 5.16071182513962e-14 16.28058343404406 -38.89408787804945
  endloop
endfacet
facet normal -0.130532 0.430306 0.893196
  outer loop
    vertex -6.230309549446154 15.04129781205565 -38.89408787804945
    vertex -4.602377818965226 12.36277507652825 -37.36577758687651
    vertex -3.176184264758048 15.9677565884871 -38.89408787804945
  endloop
endfacet
facet normal -0.101625 0.422107 0.900832
  outer loop
    vertex -4.602377818965226 12.36277507652825 -37.36577758687651
    vertex -1.489355536079247 13.00685131661789 -37.3163873750822
    vertex -3.176184264758048 15.9677565884871 -38.89408787804945
  endloop
endfacet
facet normal -0.105225 0.440208 0.891709
  outer loop
    vertex -4.602377818965226 12.36277507652825 -37.36577758687651
    vertex -2.972524507602926 9.67909064564202 -35.848599230607
    vertex -1.489355536079247 13.00685131661789 -37.3163873750822
  endloop
endfacet
facet normal -0.0443218 0.450007 0.891925
  outer loop
    vertex -3.176184264758048 15.9677565884871 -38.89408787804945
    vertex -1.489355536079247 13.00685131661789 -37.3163873750822
    vertex 5.16071182513962e-14 16.28058343404406 -38.89408787804945
  endloop
endfacet
facet normal 0.105225 0.440208 0.891709
  outer loop
    vertex 2.972524507602908 9.67909064564202 -35.848599230607
    vertex 4.602377818965255 12.36277507652823 -37.36577758687651
    vertex 1.489355536079289 13.00685131661789 -37.3163873750822
  endloop
endfacet
facet normal 0.101625 0.422107 0.900832
  outer loop
    vertex 4.602377818965255 12.36277507652823 -37.36577758687651
    vertex 3.176184264758139 15.96775658848709 -38.89408787804945
    vertex 1.489355536079289 13.00685131661789 -37.3163873750822
  endloop
endfacet
facet normal 0.130532 0.430306 0.893196
  outer loop
    vertex 4.602377818965255 12.36277507652823 -37.36577758687651
    vertex 6.230309549446233 15.04129781205561 -38.89408787804945
    vertex 3.176184264758139 15.96775658848709 -38.89408787804945
  endloop
endfacet
facet normal 0.0443218 0.450007 0.891925
  outer loop
    vertex 1.489355536079289 13.00685131661789 -37.3163873750822
    vertex 3.176184264758139 15.96775658848709 -38.89408787804945
    vertex 5.16071182513962e-14 16.28058343404406 -38.89408787804945
  endloop
endfacet
facet normal 0.346993 0.275544 0.896477
  outer loop
    vertex 8.75 8.789295506574046 -36.9751639569597
    vertex 10.3864692808828 6.419021901384768 -36.88004500699315
    vertex 11.94114044227352 7.538521638383989 -37.82589229106547
  endloop
endfacet
facet normal 0.400198 0.199873 0.894367
  outer loop
    vertex 10.3864692808828 6.419021901384768 -36.88004500699315
    vertex 13.47750681024324 5.105393257356666 -37.96960710400165
    vertex 11.94114044227352 7.538521638383989 -37.82589229106547
  endloop
endfacet
facet normal 0.395219 0.18341 0.90009
  outer loop
    vertex 10.3864692808828 6.419021901384768 -36.88004500699315
    vertex 11.91049797473538 3.979258022722097 -37.05208098271758
    vertex 13.47750681024324 5.105393257356666 -37.96960710400165
  endloop
endfacet
facet normal 0.391852 0.194314 0.899274
  outer loop
    vertex 11.94114044227352 7.538521638383989 -37.82589229106547
    vertex 13.47750681024324 5.105393257356666 -37.96960710400165
    vertex 15.04129781205563 6.230309549446191 -38.89408787804945
  endloop
endfacet
facet normal -0.391852 0.194314 0.899274
  outer loop
    vertex -15.04129781205562 6.230309549446224 -38.89408787804945
    vertex -13.47750679177518 5.105393315906129 -37.96960710571867
    vertex -11.94114044227351 7.538521638384006 -37.82589229106547
  endloop
endfacet
facet normal -0.400198 0.199873 0.894367
  outer loop
    vertex -13.47750679177518 5.105393315906129 -37.96960710571867
    vertex -10.38646926034887 6.41902195892209 -36.88004501331696
    vertex -11.94114044227351 7.538521638384006 -37.82589229106547
  endloop
endfacet
facet normal -0.395219 0.18341 0.90009
  outer loop
    vertex -13.47750679177518 5.105393315906129 -37.96960710571867
    vertex -11.91049793869956 3.979258140146376 -37.05208098421704
    vertex -10.38646926034887 6.41902195892209 -36.88004501331696
  endloop
endfacet
facet normal -0.346993 0.275544 0.896477
  outer loop
    vertex -11.94114044227351 7.538521638384006 -37.82589229106547
    vertex -10.38646926034887 6.41902195892209 -36.88004501331696
    vertex -8.75 8.789295506574046 -36.9751639569597
  endloop
endfacet
facet normal -0.366825 0.288749 0.884343
  outer loop
    vertex -8.75 8.789295506574046 -36.9751639569597
    vertex -10.38646926034887 6.41902195892209 -36.88004501331696
    vertex -8.75 6.646581443863424 -36.27554041122433
  endloop
endfacet
facet normal -0.36413 0.205456 0.908404
  outer loop
    vertex -10.38646926034887 6.41902195892209 -36.88004501331696
    vertex -10.33586300728732 4.225707326442728 -36.36369085816928
    vertex -8.75 6.646581443863424 -36.27554041122433
  endloop
endfacet
facet normal -0.418537 0.19896 0.886139
  outer loop
    vertex -10.38646926034887 6.41902195892209 -36.88004501331696
    vertex -11.91049793869956 3.979258140146376 -37.05208098421704
    vertex -10.33586300728732 4.225707326442728 -36.36369085816928
  endloop
endfacet
facet normal -0.405562 0.233496 0.883742
  outer loop
    vertex -8.75 6.646581443863424 -36.27554041122433
    vertex -10.33586300728732 4.225707326442728 -36.36369085816928
    vertex -8.75 4.467566033699869 -35.69981749715564
  endloop
endfacet
facet normal 0.405562 0.233496 0.883742
  outer loop
    vertex 8.75 4.467566033699867 -35.69981749715564
    vertex 10.33586302605056 4.225707267999402 -36.36369085581955
    vertex 8.75 6.646581443863424 -36.27554041122433
  endloop
endfacet
facet normal 0.36413 0.205456 0.908404
  outer loop
    vertex 10.33586302605056 4.225707267999402 -36.36369085581955
    vertex 10.3864692808828 6.419021901384768 -36.88004500699315
    vertex 8.75 6.646581443863424 -36.27554041122433
  endloop
endfacet
facet normal 0.418537 0.19896 0.886139
  outer loop
    vertex 10.33586302605056 4.225707267999402 -36.36369085581955
    vertex 11.91049797473538 3.979258022722097 -37.05208098271758
    vertex 10.3864692808828 6.419021901384768 -36.88004500699315
  endloop
endfacet
facet normal 0.366825 0.288749 0.884343
  outer loop
    vertex 8.75 6.646581443863424 -36.27554041122433
    vertex 10.3864692808828 6.419021901384768 -36.88004500699315
    vertex 8.75 8.789295506574046 -36.9751639569597
  endloop
endfacet
facet normal -0.297126 0.362049 0.883537
  outer loop
    vertex -11.5121109478859 11.51211094788595 -38.89408787804945
    vertex -9.634207494155637 11.63548365338096 -38.31311983385717
    vertex -9.045007532146901 13.53681039596388 -38.89408787804945
  endloop
endfacet
facet normal -0.231835 0.349258 0.907894
  outer loop
    vertex -9.634207494155637 11.63548365338096 -38.31311983385717
    vertex -6.989811759483263 13.40025301322808 -38.31675146248322
    vertex -9.045007532146901 13.53681039596388 -38.89408787804945
  endloop
endfacet
facet normal -0.261971 0.394359 0.880825
  outer loop
    vertex -9.634207494155637 11.63548365338096 -38.31311983385717
    vertex -7.736917410156747 11.7354426198921 -37.79359035016272
    vertex -6.989811759483263 13.40025301322808 -38.31675146248322
  endloop
endfacet
facet normal -0.220763 0.413018 0.883561
  outer loop
    vertex -9.045007532146901 13.53681039596388 -38.89408787804945
    vertex -6.989811759483263 13.40025301322808 -38.31675146248322
    vertex -6.230309549446154 15.04129781205565 -38.89408787804945
  endloop
endfacet
facet normal 0.220763 0.413018 0.883561
  outer loop
    vertex 6.230309549446233 15.04129781205561 -38.89408787804945
    vertex 6.989811810882337 13.40025283534234 -38.31675139620968
    vertex 9.045007532146959 13.53681039596384 -38.89408787804945
  endloop
endfacet
facet normal 0.231835 0.349258 0.907894
  outer loop
    vertex 6.989811810882337 13.40025283534234 -38.31675139620968
    vertex 9.634207542315211 11.63548347062859 -38.31311977940823
    vertex 9.045007532146959 13.53681039596384 -38.89408787804945
  endloop
endfacet
facet normal 0.261971 0.394359 0.880825
  outer loop
    vertex 6.989811810882337 13.40025283534234 -38.31675139620968
    vertex 7.736917510256869 11.73544225943862 -37.79359022852768
    vertex 9.634207542315211 11.63548347062859 -38.31311977940823
  endloop
endfacet
facet normal 0.297126 0.362049 0.883537
  outer loop
    vertex 9.045007532146959 13.53681039596384 -38.89408787804945
    vertex 9.634207542315211 11.63548347062859 -38.31311977940823
    vertex 11.51211094788594 11.5121109478859 -38.89408787804945
  endloop
endfacet
facet normal 0.443246 0.0311285 0.895859
  outer loop
    vertex 16.28058343404406 0 -38.89408787804945
    vertex 14.13134041662953 1.994682251074551 -37.90001124390685
    vertex 14.39793757553304 0 -37.96260672989818
  endloop
endfacet
facet normal 0.439215 0.0305269 0.897863
  outer loop
    vertex 14.13134041662953 1.994682251074551 -37.90001124390685
    vertex 12.24444906094381 1.994769576519148 -36.97698729838487
    vertex 14.39793757553304 0 -37.96260672989818
  endloop
endfacet
facet normal 0.436885 0.107314 0.893093
  outer loop
    vertex 14.13134041662953 1.994682251074551 -37.90001124390685
    vertex 11.91049797473538 3.979258022722097 -37.05208098271758
    vertex 12.24444906094381 1.994769576519148 -36.97698729838487
  endloop
endfacet
facet normal 0.443176 0.035863 0.895717
  outer loop
    vertex 14.39793757553304 0 -37.96260672989818
    vertex 12.24444906094381 1.994769576519148 -36.97698729838487
    vertex 12.51529171702202 0 -37.03112558174691
  endloop
endfacet
facet normal -0.443176 0.035863 0.895717
  outer loop
    vertex -12.51529171702202 1.53268119416464e-15 -37.03112558174691
    vertex -12.24444904481411 1.994769635698182 -36.9769872952162
    vertex -14.39793757553304 1.763238816619994e-15 -37.96260672989818
  endloop
endfacet
facet normal -0.439215 0.0305269 0.897863
  outer loop
    vertex -12.24444904481411 1.994769635698182 -36.9769872952162
    vertex -14.13134040076136 1.994682310245714 -37.90001124022466
    vertex -14.39793757553304 1.763238816619994e-15 -37.96260672989818
  endloop
endfacet
facet normal -0.436885 0.107314 0.893093
  outer loop
    vertex -12.24444904481411 1.994769635698182 -36.9769872952162
    vertex -11.91049793869956 3.979258140146376 -37.05208098421704
    vertex -14.13134040076136 1.994682310245714 -37.90001124022466
  endloop
endfacet
facet normal -0.443246 0.0311285 0.895859
  outer loop
    vertex -14.39793757553304 1.763238816619994e-15 -37.96260672989818
    vertex -14.13134040076136 1.994682310245714 -37.90001124022466
    vertex -16.28058343404406 1.993796439075348e-15 -38.89408787804945
  endloop
endfacet
facet normal 0.432811 0.131292 0.891873
  outer loop
    vertex 15.04129781205563 6.230309549446191 -38.89408787804945
    vertex 13.47750681024324 5.105393257356666 -37.96960710400165
    vertex 15.9677565884871 3.176184264758093 -38.89408787804945
  endloop
endfacet
facet normal 0.418542 0.108147 0.901735
  outer loop
    vertex 13.47750681024324 5.105393257356666 -37.96960710400165
    vertex 14.13134041662953 1.994682251074551 -37.90001124390685
    vertex 15.9677565884871 3.176184264758093 -38.89408787804945
  endloop
endfacet
facet normal 0.440607 0.112536 0.890618
  outer loop
    vertex 13.47750681024324 5.105393257356666 -37.96960710400165
    vertex 11.91049797473538 3.979258022722097 -37.05208098271758
    vertex 14.13134041662953 1.994682251074551 -37.90001124390685
  endloop
endfacet
facet normal 0.453206 0.0446369 0.890287
  outer loop
    vertex 15.9677565884871 3.176184264758093 -38.89408787804945
    vertex 14.13134041662953 1.994682251074551 -37.90001124390685
    vertex 16.28058343404406 0 -38.89408787804945
  endloop
endfacet
facet normal -0.453206 0.0446369 0.890287
  outer loop
    vertex -16.28058343404406 1.993796439075348e-15 -38.89408787804945
    vertex -14.13134040076136 1.994682310245714 -37.90001124022466
    vertex -15.96775658848709 3.176184264758112 -38.89408787804945
  endloop
endfacet
facet normal -0.418542 0.108147 0.901735
  outer loop
    vertex -14.13134040076136 1.994682310245714 -37.90001124022466
    vertex -13.47750679177518 5.105393315906129 -37.96960710571867
    vertex -15.96775658848709 3.176184264758112 -38.89408787804945
  endloop
endfacet
facet normal -0.440607 0.112536 0.890618
  outer loop
    vertex -14.13134040076136 1.994682310245714 -37.90001124022466
    vertex -11.91049793869956 3.979258140146376 -37.05208098421704
    vertex -13.47750679177518 5.105393315906129 -37.96960710571867
  endloop
endfacet
facet normal -0.432811 0.131292 0.891873
  outer loop
    vertex -15.96775658848709 3.176184264758112 -38.89408787804945
    vertex -13.47750679177518 5.105393315906129 -37.96960710571867
    vertex -15.04129781205562 6.230309549446224 -38.89408787804945
  endloop
endfacet
facet normal 0.169918 0.404757 0.898498
  outer loop
    vertex 2.972524507602908 9.67909064564202 -35.848599230607
    vertex 5.365207657310289 10.72823548868913 -36.7737092055249
    vertex 4.602377818965255 12.36277507652823 -37.36577758687651
  endloop
endfacet
facet normal 0.17931 0.407953 0.895222
  outer loop
    vertex 5.365207657310289 10.72823548868913 -36.7737092055249
    vertex 6.989811810882337 13.40025283534234 -38.31675139620968
    vertex 4.602377818965255 12.36277507652823 -37.36577758687651
  endloop
endfacet
facet normal 0.223374 0.382041 0.896744
  outer loop
    vertex 5.365207657310289 10.72823548868913 -36.7737092055249
    vertex 7.736917510256869 11.73544225943862 -37.79359022852768
    vertex 6.989811810882337 13.40025283534234 -38.31675139620968
  endloop
endfacet
facet normal 0.183432 0.400701 0.897659
  outer loop
    vertex 4.602377818965255 12.36277507652823 -37.36577758687651
    vertex 6.989811810882337 13.40025283534234 -38.31675139620968
    vertex 6.230309549446233 15.04129781205561 -38.89408787804945
  endloop
endfacet
facet normal -0.183432 0.400701 0.897659
  outer loop
    vertex -6.230309549446154 15.04129781205565 -38.89408787804945
    vertex -6.989811759483263 13.40025301322808 -38.31675146248322
    vertex -4.602377818965226 12.36277507652825 -37.36577758687651
  endloop
endfacet
facet normal -0.17931 0.407953 0.895222
  outer loop
    vertex -6.989811759483263 13.40025301322808 -38.31675146248322
    vertex -5.36520760564324 10.72823566623148 -36.77370927265674
    vertex -4.602377818965226 12.36277507652825 -37.36577758687651
  endloop
endfacet
facet normal -0.223374 0.382041 0.896744
  outer loop
    vertex -6.989811759483263 13.40025301322808 -38.31675146248322
    vertex -7.736917410156747 11.7354426198921 -37.79359035016272
    vertex -5.36520760564324 10.72823566623148 -36.77370927265674
  endloop
endfacet
facet normal -0.169918 0.404757 0.898498
  outer loop
    vertex -4.602377818965226 12.36277507652825 -37.36577758687651
    vertex -5.36520760564324 10.72823566623148 -36.77370927265674
    vertex -2.972524507602926 9.67909064564202 -35.848599230607
  endloop
endfacet
facet normal -0.185092 0.377818 0.907191
  outer loop
    vertex -2.972524507602926 9.67909064564202 -35.848599230607
    vertex -5.36520760564324 10.72823566623148 -36.77370927265674
    vertex -5.897097029948771 9.324457726730481 -36.29759801662837
  endloop
endfacet
facet normal -0.241662 0.392545 0.887416
  outer loop
    vertex -5.36520760564324 10.72823566623148 -36.77370927265674
    vertex -8.251589728032139 10.27249145983849 -37.35813539037658
    vertex -5.897097029948771 9.324457726730481 -36.29759801662837
  endloop
endfacet
facet normal -0.23892 0.353281 0.904494
  outer loop
    vertex -5.36520760564324 10.72823566623148 -36.77370927265674
    vertex -7.736917410156747 11.7354426198921 -37.79359035016272
    vertex -8.251589728032139 10.27249145983849 -37.35813539037658
  endloop
endfacet
facet normal -0.275921 0.326176 0.904144
  outer loop
    vertex -5.897097029948771 9.324457726730481 -36.29759801662837
    vertex -8.251589728032139 10.27249145983849 -37.35813539037658
    vertex -8.75 8.789295506574046 -36.9751639569597
  endloop
endfacet
facet normal 0.275921 0.326176 0.904144
  outer loop
    vertex 8.75 8.789295506574046 -36.9751639569597
    vertex 8.25158977650498 10.27249127740902 -37.35813533502627
    vertex 5.897097029948758 9.324457726730483 -36.29759801662837
  endloop
endfacet
facet normal 0.241662 0.392545 0.887416
  outer loop
    vertex 8.25158977650498 10.27249127740902 -37.35813533502627
    vertex 5.365207657310289 10.72823548868913 -36.7737092055249
    vertex 5.897097029948758 9.324457726730483 -36.29759801662837
  endloop
endfacet
facet normal 0.23892 0.353281 0.904494
  outer loop
    vertex 8.25158977650498 10.27249127740902 -37.35813533502627
    vertex 7.736917510256869 11.73544225943862 -37.79359022852768
    vertex 5.365207657310289 10.72823548868913 -36.7737092055249
  endloop
endfacet
facet normal 0.185092 0.377818 0.907191
  outer loop
    vertex 5.897097029948758 9.324457726730483 -36.29759801662837
    vertex 5.365207657310289 10.72823548868913 -36.7737092055249
    vertex 2.972524507602908 9.67909064564202 -35.848599230607
  endloop
endfacet
facet normal -0.443065 0.0422791 0.895492
  outer loop
    vertex -8.75 1.071565949253934e-15 -35.16816328544438
    vertex -10.35607048831314 1.994602352412788 -36.05697427876471
    vertex -10.63264585851101 1.302123571709287e-15 -36.09964443359565
  endloop
endfacet
facet normal -0.437603 0.0414636 0.898212
  outer loop
    vertex -10.35607048831314 1.994602352412788 -36.05697427876471
    vertex -12.24444904481411 1.994769635698182 -36.9769872952162
    vertex -10.63264585851101 1.302123571709287e-15 -36.09964443359565
  endloop
endfacet
facet normal -0.435456 0.107101 0.893816
  outer loop
    vertex -10.35607048831314 1.994602352412788 -36.05697427876471
    vertex -11.91049793869956 3.979258140146376 -37.05208098421704
    vertex -12.24444904481411 1.994769635698182 -36.9769872952162
  endloop
endfacet
facet normal -0.443176 0.035863 0.895717
  outer loop
    vertex -10.63264585851101 1.302123571709287e-15 -36.09964443359565
    vertex -12.24444904481411 1.994769635698182 -36.9769872952162
    vertex -12.51529171702202 1.53268119416464e-15 -37.03112558174691
  endloop
endfacet
facet normal 0.443176 0.035863 0.895717
  outer loop
    vertex 12.51529171702202 0 -37.03112558174691
    vertex 12.24444906094381 1.994769576519148 -36.97698729838487
    vertex 10.63264585851101 0 -36.09964443359565
  endloop
endfacet
facet normal 0.437603 0.0414636 0.898212
  outer loop
    vertex 12.24444906094381 1.994769576519148 -36.97698729838487
    vertex 10.35607050479496 1.994602293249364 -36.0569742812361
    vertex 10.63264585851101 0 -36.09964443359565
  endloop
endfacet
facet normal 0.435456 0.107101 0.893816
  outer loop
    vertex 12.24444906094381 1.994769576519148 -36.97698729838487
    vertex 11.91049797473538 3.979258022722097 -37.05208098271758
    vertex 10.35607050479496 1.994602293249364 -36.0569742812361
  endloop
endfacet
facet normal 0.443065 0.0422791 0.895492
  outer loop
    vertex 10.63264585851101 0 -36.09964443359565
    vertex 10.35607050479496 1.994602293249364 -36.0569742812361
    vertex 8.75 0 -35.16816328544438
  endloop
endfacet
facet normal -0.401766 0.158904 0.90185
  outer loop
    vertex -8.75 4.467566033699869 -35.69981749715564
    vertex -10.33586300728732 4.225707326442728 -36.36369085816928
    vertex -8.75 2.248427313096471 -35.30880924014549
  endloop
endfacet
facet normal -0.435231 0.126484 0.89139
  outer loop
    vertex -10.33586300728732 4.225707326442728 -36.36369085816928
    vertex -10.35607048831314 1.994602352412788 -36.05697427876471
    vertex -8.75 2.248427313096471 -35.30880924014549
  endloop
endfacet
facet normal -0.413997 0.127652 0.901283
  outer loop
    vertex -10.33586300728732 4.225707326442728 -36.36369085816928
    vertex -11.91049793869956 3.979258140146376 -37.05208098421704
    vertex -10.35607048831314 1.994602352412788 -36.05697427876471
  endloop
endfacet
facet normal -0.428905 0.056397 0.901588
  outer loop
    vertex -8.75 2.248427313096471 -35.30880924014549
    vertex -10.35607048831314 1.994602352412788 -36.05697427876471
    vertex -8.75 1.071565949253934e-15 -35.16816328544438
  endloop
endfacet
facet normal 0.428905 0.056397 0.901588
  outer loop
    vertex 8.75 0 -35.16816328544438
    vertex 10.35607050479496 1.994602293249364 -36.0569742812361
    vertex 8.75 2.24842731309647 -35.30880924014549
  endloop
endfacet
facet normal 0.435231 0.126484 0.89139
  outer loop
    vertex 10.35607050479496 1.994602293249364 -36.0569742812361
    vertex 10.33586302605056 4.225707267999402 -36.36369085581955
    vertex 8.75 2.24842731309647 -35.30880924014549
  endloop
endfacet
facet normal 0.413997 0.127652 0.901283
  outer loop
    vertex 10.35607050479496 1.994602293249364 -36.0569742812361
    vertex 11.91049797473538 3.979258022722097 -37.05208098271758
    vertex 10.33586302605056 4.225707267999402 -36.36369085581955
  endloop
endfacet
facet normal 0.401766 0.158904 0.90185
  outer loop
    vertex 8.75 2.24842731309647 -35.30880924014549
    vertex 10.33586302605056 4.225707267999402 -36.36369085581955
    vertex 8.75 4.467566033699867 -35.69981749715564
  endloop
endfacet
facet normal 0.298783 0.328398 0.896038
  outer loop
    vertex 11.51211094788594 11.5121109478859 -38.89408787804945
    vertex 9.634207542315211 11.63548347062859 -38.31311977940823
    vertex 10.1310567011629 10.15070445682992 -37.93462240632465
  endloop
endfacet
facet normal 0.29639 0.327851 0.897032
  outer loop
    vertex 9.634207542315211 11.63548347062859 -38.31311977940823
    vertex 8.25158977650498 10.27249127740902 -37.35813533502627
    vertex 10.1310567011629 10.15070445682992 -37.93462240632465
  endloop
endfacet
facet normal 0.26403 0.359314 0.895087
  outer loop
    vertex 9.634207542315211 11.63548347062859 -38.31311977940823
    vertex 7.736917510256869 11.73544225943862 -37.79359022852768
    vertex 8.25158977650498 10.27249127740902 -37.35813533502627
  endloop
endfacet
facet normal 0.296258 0.330896 0.895957
  outer loop
    vertex 10.1310567011629 10.15070445682992 -37.93462240632465
    vertex 8.25158977650498 10.27249127740902 -37.35813533502627
    vertex 8.75 8.789295506574046 -36.9751639569597
  endloop
endfacet
facet normal -0.296258 0.330896 0.895957
  outer loop
    vertex -8.75 8.789295506574046 -36.9751639569597
    vertex -8.251589728032139 10.27249145983849 -37.35813539037658
    vertex -10.13105670116287 10.15070445682994 -37.93462240632465
  endloop
endfacet
facet normal -0.29639 0.327851 0.897032
  outer loop
    vertex -8.251589728032139 10.27249145983849 -37.35813539037658
    vertex -9.634207494155637 11.63548365338096 -38.31311983385717
    vertex -10.13105670116287 10.15070445682994 -37.93462240632465
  endloop
endfacet
facet normal -0.26403 0.359314 0.895087
  outer loop
    vertex -8.251589728032139 10.27249145983849 -37.35813539037658
    vertex -7.736917410156747 11.7354426198921 -37.79359035016272
    vertex -9.634207494155637 11.63548365338096 -38.31311983385717
  endloop
endfacet
facet normal -0.298783 0.328398 0.896038
  outer loop
    vertex -10.13105670116287 10.15070445682994 -37.93462240632465
    vertex -9.634207494155637 11.63548365338096 -38.31311983385717
    vertex -11.5121109478859 11.51211094788595 -38.89408787804945
  endloop
endfacet
facet normal 0.347748 0.278237 0.895352
  outer loop
    vertex 8.75 8.789295506574046 -36.9751639569597
    vertex 11.94114044227352 7.538521638383989 -37.82589229106547
    vertex 10.1310567011629 10.15070445682992 -37.93462240632465
  endloop
endfacet
facet normal 0.342293 0.274591 0.898574
  outer loop
    vertex 11.94114044227352 7.538521638383989 -37.82589229106547
    vertex 13.53681039596387 9.04500753214692 -38.89408787804945
    vertex 10.1310567011629 10.15070445682992 -37.93462240632465
  endloop
endfacet
facet normal 0.397228 0.212323 0.892821
  outer loop
    vertex 11.94114044227352 7.538521638383989 -37.82589229106547
    vertex 15.04129781205563 6.230309549446191 -38.89408787804945
    vertex 13.53681039596387 9.04500753214692 -38.89408787804945
  endloop
endfacet
facet normal 0.343935 0.28226 0.895566
  outer loop
    vertex 10.1310567011629 10.15070445682992 -37.93462240632465
    vertex 13.53681039596387 9.04500753214692 -38.89408787804945
    vertex 11.51211094788594 11.5121109478859 -38.89408787804945
  endloop
endfacet
facet normal -0.397228 0.212323 0.892821
  outer loop
    vertex -15.04129781205562 6.230309549446224 -38.89408787804945
    vertex -11.94114044227351 7.538521638384006 -37.82589229106547
    vertex -13.53681039596384 9.045007532146958 -38.89408787804945
  endloop
endfacet
facet normal -0.342293 0.274591 0.898574
  outer loop
    vertex -11.94114044227351 7.538521638384006 -37.82589229106547
    vertex -10.13105670116287 10.15070445682994 -37.93462240632465
    vertex -13.53681039596384 9.045007532146958 -38.89408787804945
  endloop
endfacet
facet normal -0.347748 0.278237 0.895352
  outer loop
    vertex -11.94114044227351 7.538521638384006 -37.82589229106547
    vertex -8.75 8.789295506574046 -36.9751639569597
    vertex -10.13105670116287 10.15070445682994 -37.93462240632465
  endloop
endfacet
facet normal -0.343935 0.28226 0.895566
  outer loop
    vertex -13.53681039596384 9.045007532146958 -38.89408787804945
    vertex -10.13105670116287 10.15070445682994 -37.93462240632465
    vertex -11.5121109478859 11.51211094788595 -38.89408787804945
  endloop
endfacet
facet normal 1 0 0
  outer loop
    vertex 8.75 0 -28.7345306283555
    vertex 8.75 3.747095813632773 -27.81822401645709
    vertex 8.75 0 -25.51771429981107
  endloop
endfacet
facet normal 1 0 0
  outer loop
    vertex 8.75 3.747095813632773 -27.81822401645709
    vertex 8.75 3.747095813632773 -24.60140768791265
    vertex 8.75 0 -25.51771429981107
  endloop
endfacet
facet normal 1 0 -0
  outer loop
    vertex 8.75 3.747095813632773 -27.81822401645709
    vertex 8.75 7.494191627265546 -26.90191740455867
    vertex 8.75 3.747095813632773 -24.60140768791265
  endloop
endfacet
facet normal 1 0 0
  outer loop
    vertex 8.75 0 -25.51771429981107
    vertex 8.75 3.747095813632773 -24.60140768791265
    vertex 8.75 0 -22.30089797126663
  endloop
endfacet
facet normal 1 0 0
  outer loop
    vertex 8.75 16.26309850219135 -27.51262313504544
    vertex 8.75 11.87864506472845 -27.20727026980206
    vertex 8.75 14.39464775328702 -29.87825834052401
  endloop
endfacet
facet normal 1 0 0
  outer loop
    vertex 8.75 11.87864506472845 -27.20727026980206
    vertex 8.75 10.01019431582412 -29.57290547528062
    vertex 8.75 14.39464775328702 -29.87825834052401
  endloop
endfacet
facet normal 1 0 0
  outer loop
    vertex 8.75 11.87864506472845 -27.20727026980206
    vertex 8.75 7.494191627265546 -26.90191740455867
    vertex 8.75 10.01019431582412 -29.57290547528062
  endloop
endfacet
facet normal 1 0 0
  outer loop
    vertex 8.75 14.39464775328702 -29.87825834052401
    vertex 8.75 10.01019431582412 -29.57290547528062
    vertex 8.75 12.5261970043827 -32.24389354600257
  endloop
endfacet
facet normal 1 0 0
  outer loop
    vertex 8.75 13.9985913025061 -21.12075968604479
    vertex 8.75 13.48150530899332 -17.31866155936363
    vertex 8.75 10.35620554121912 -20.05840572491608
  endloop
endfacet
facet normal 1 0 0
  outer loop
    vertex 8.75 13.48150530899332 -17.31866155936363
    vertex 8.75 9.839119547706339 -16.25630759823492
    vertex 8.75 10.35620554121912 -20.05840572491608
  endloop
endfacet
facet normal 1 0 0
  outer loop
    vertex 8.75 13.48150530899332 -17.31866155936363
    vertex 8.75 12.96441931548054 -13.51656343268247
    vertex 8.75 9.839119547706339 -16.25630759823492
  endloop
endfacet
facet normal 1 0 0
  outer loop
    vertex 8.75 10.35620554121912 -20.05840572491608
    vertex 8.75 9.839119547706339 -16.25630759823492
    vertex 8.75 6.713819779932139 -18.99605176378737
  endloop
endfacet
facet normal 1 0 0
  outer loop
    vertex 8.75 6.713819779932139 -18.99605176378737
    vertex 8.75 7.104005703598842 -22.94898458417302
    vertex 8.75 10.35620554121912 -20.05840572491608
  endloop
endfacet
facet normal 1 -0 0
  outer loop
    vertex 8.75 7.104005703598842 -22.94898458417302
    vertex 8.75 10.74639146488582 -24.01133854530173
    vertex 8.75 10.35620554121912 -20.05840572491608
  endloop
endfacet
facet normal 1 0 0
  outer loop
    vertex 8.75 7.104005703598842 -22.94898458417302
    vertex 8.75 7.494191627265546 -26.90191740455867
    vertex 8.75 10.74639146488582 -24.01133854530173
  endloop
endfacet
facet normal 1 0 0
  outer loop
    vertex 8.75 10.35620554121912 -20.05840572491608
    vertex 8.75 10.74639146488582 -24.01133854530173
    vertex 8.75 13.9985913025061 -21.12075968604479
  endloop
endfacet
facet normal 1 -0 0
  outer loop
    vertex 8.75 0 -22.30089797126663
    vertex 8.75 3.747095813632773 -24.60140768791265
    vertex 8.75 3.35690988996607 -20.648474867527
  endloop
endfacet
facet normal 1 0 -0
  outer loop
    vertex 8.75 3.747095813632773 -24.60140768791265
    vertex 8.75 7.104005703598842 -22.94898458417302
    vertex 8.75 3.35690988996607 -20.648474867527
  endloop
endfacet
facet normal 1 -0 0
  outer loop
    vertex 8.75 3.747095813632773 -24.60140768791265
    vertex 8.75 7.494191627265546 -26.90191740455867
    vertex 8.75 7.104005703598842 -22.94898458417302
  endloop
endfacet
facet normal 1 -0 0
  outer loop
    vertex 8.75 3.35690988996607 -20.648474867527
    vertex 8.75 7.104005703598842 -22.94898458417302
    vertex 8.75 6.713819779932139 -18.99605176378737
  endloop
endfacet
facet normal 1 0 0
  outer loop
    vertex 8.75 20 -9.593784241362792
    vertex 8.75 16.48220965774027 -11.55517383702263
    vertex 8.75 20 -12.89067636204416
  endloop
endfacet
facet normal 1 0 0
  outer loop
    vertex 8.75 16.48220965774027 -11.55517383702263
    vertex 8.75 16.48220965774027 -14.85206595770401
    vertex 8.75 20 -12.89067636204416
  endloop
endfacet
facet normal 1 0 0
  outer loop
    vertex 8.75 16.48220965774027 -11.55517383702263
    vertex 8.75 12.96441931548054 -13.51656343268247
    vertex 8.75 16.48220965774027 -14.85206595770401
  endloop
endfacet
facet normal 1 0 0
  outer loop
    vertex 8.75 20 -12.89067636204416
    vertex 8.75 16.48220965774027 -14.85206595770401
    vertex 8.75 20 -16.18756848272554
  endloop
endfacet
facet normal 1 0 0
  outer loop
    vertex 8.75 13.9985913025061 -21.12075968604479
    vertex 8.75 10.74639146488582 -24.01133854530173
    vertex 8.75 15.13084490234872 -24.31669141054511
  endloop
endfacet
facet normal 1 0 0
  outer loop
    vertex 8.75 10.74639146488582 -24.01133854530173
    vertex 8.75 11.87864506472845 -27.20727026980206
    vertex 8.75 15.13084490234872 -24.31669141054511
  endloop
endfacet
facet normal 1 0 0
  outer loop
    vertex 8.75 10.74639146488582 -24.01133854530173
    vertex 8.75 7.494191627265546 -26.90191740455867
    vertex 8.75 11.87864506472845 -27.20727026980206
  endloop
endfacet
facet normal 1 0 0
  outer loop
    vertex 8.75 15.13084490234872 -24.31669141054511
    vertex 8.75 11.87864506472845 -27.20727026980206
    vertex 8.75 16.26309850219135 -27.51262313504544
  endloop
endfacet
facet normal 1 0 0
  outer loop
    vertex 8.75 12.96441931548054 -13.51656343268247
    vertex 8.75 9.213130225409319 -12.98765428406109
    vertex 8.75 9.839119547706339 -16.25630759823492
  endloop
endfacet
facet normal 1 0 0
  outer loop
    vertex 8.75 9.213130225409319 -12.98765428406109
    vertex 8.75 6.08783045763512 -15.72739844961354
    vertex 8.75 9.839119547706339 -16.25630759823492
  endloop
endfacet
facet normal 1 0 0
  outer loop
    vertex 8.75 9.213130225409319 -12.98765428406109
    vertex 8.75 5.461841135338101 -12.45874513543971
    vertex 8.75 6.08783045763512 -15.72739844961354
  endloop
endfacet
facet normal 1 0 0
  outer loop
    vertex 8.75 9.839119547706339 -16.25630759823492
    vertex 8.75 6.08783045763512 -15.72739844961354
    vertex 8.75 6.713819779932139 -18.99605176378737
  endloop
endfacet
facet normal 1 0 0
  outer loop
    vertex 8.75 20 -16.18756848272554
    vertex 8.75 16.99929565125305 -18.65416408438517
    vertex 8.75 20 -19.48446060340692
  endloop
endfacet
facet normal 1 0 0
  outer loop
    vertex 8.75 16.99929565125305 -18.65416408438517
    vertex 8.75 16.99929565125305 -21.95105620506655
    vertex 8.75 20 -19.48446060340692
  endloop
endfacet
facet normal 1 0 0
  outer loop
    vertex 8.75 16.99929565125305 -18.65416408438517
    vertex 8.75 13.9985913025061 -21.12075968604479
    vertex 8.75 16.99929565125305 -21.95105620506655
  endloop
endfacet
facet normal 1 0 0
  outer loop
    vertex 8.75 20 -19.48446060340692
    vertex 8.75 16.99929565125305 -21.95105620506655
    vertex 8.75 20 -22.78135272408831
  endloop
endfacet
facet normal 1 0 0
  outer loop
    vertex 8.75 20 -9.593784241362792
    vertex 8.75 17.59946521410204 -8.527329137684085
    vertex 8.75 16.48220965774027 -11.55517383702263
  endloop
endfacet
facet normal 1 0 0
  outer loop
    vertex 8.75 17.59946521410204 -8.527329137684085
    vertex 8.75 14.08167487184231 -10.48871873334392
    vertex 8.75 16.48220965774027 -11.55517383702263
  endloop
endfacet
facet normal 1 0 0
  outer loop
    vertex 8.75 17.59946521410204 -8.527329137684085
    vertex 8.75 15.19893042820408 -7.460874034005377
    vertex 8.75 14.08167487184231 -10.48871873334392
  endloop
endfacet
facet normal 1 0 0
  outer loop
    vertex 8.75 16.48220965774027 -11.55517383702263
    vertex 8.75 14.08167487184231 -10.48871873334392
    vertex 8.75 12.96441931548054 -13.51656343268247
  endloop
endfacet
facet normal 1 0 0
  outer loop
    vertex 8.75 20 -16.18756848272554
    vertex 8.75 16.48220965774027 -14.85206595770401
    vertex 8.75 16.99929565125305 -18.65416408438517
  endloop
endfacet
facet normal 1 0 0
  outer loop
    vertex 8.75 16.48220965774027 -14.85206595770401
    vertex 8.75 13.48150530899332 -17.31866155936363
    vertex 8.75 16.99929565125305 -18.65416408438517
  endloop
endfacet
facet normal 1 0 0
  outer loop
    vertex 8.75 16.48220965774027 -14.85206595770401
    vertex 8.75 12.96441931548054 -13.51656343268247
    vertex 8.75 13.48150530899332 -17.31866155936363
  endloop
endfacet
facet normal 1 0 0
  outer loop
    vertex 8.75 16.99929565125305 -18.65416408438517
    vertex 8.75 13.48150530899332 -17.31866155936363
    vertex 8.75 13.9985913025061 -21.12075968604479
  endloop
endfacet
facet normal 1 -0 0
  outer loop
    vertex 8.75 0 -28.7345306283555
    vertex 8.75 1.767589290035603 -30.29341015925338
    vertex 8.75 3.747095813632773 -27.81822401645709
  endloop
endfacet
facet normal 1 0 0
  outer loop
    vertex 8.75 1.767589290035603 -30.29341015925338
    vertex 8.75 5.514685103668375 -29.37710354735497
    vertex 8.75 3.747095813632773 -27.81822401645709
  endloop
endfacet
facet normal 1 -0 0
  outer loop
    vertex 8.75 1.767589290035603 -30.29341015925338
    vertex 8.75 3.535178580071205 -31.85228969015127
    vertex 8.75 5.514685103668375 -29.37710354735497
  endloop
endfacet
facet normal 1 -0 0
  outer loop
    vertex 8.75 3.747095813632773 -27.81822401645709
    vertex 8.75 5.514685103668375 -29.37710354735497
    vertex 8.75 7.494191627265546 -26.90191740455867
  endloop
endfacet
facet normal 1 0 0
  outer loop
    vertex 8.75 9.696899492206542 -8.194022495981617
    vertex 8.75 7.579370313772322 -10.32638381571067
    vertex 8.75 11.33065940384354 -10.85529296433205
  endloop
endfacet
facet normal 1 0 0
  outer loop
    vertex 8.75 7.579370313772322 -10.32638381571067
    vertex 8.75 9.213130225409319 -12.98765428406109
    vertex 8.75 11.33065940384354 -10.85529296433205
  endloop
endfacet
facet normal 1 0 0
  outer loop
    vertex 8.75 7.579370313772322 -10.32638381571067
    vertex 8.75 5.461841135338101 -12.45874513543971
    vertex 8.75 9.213130225409319 -12.98765428406109
  endloop
endfacet
facet normal 1 0 0
  outer loop
    vertex 8.75 11.33065940384354 -10.85529296433205
    vertex 8.75 9.213130225409319 -12.98765428406109
    vertex 8.75 12.96441931548054 -13.51656343268247
  endloop
endfacet
facet normal 1 0 0
  outer loop
    vertex 8.75 7.494191627265546 -26.90191740455867
    vertex 8.75 7.491113628350963 -29.73041125315173
    vertex 8.75 10.01019431582412 -29.57290547528062
  endloop
endfacet
facet normal 1 -0 0
  outer loop
    vertex 8.75 7.491113628350963 -29.73041125315173
    vertex 8.75 10.00711631690954 -32.40139932387368
    vertex 8.75 10.01019431582412 -29.57290547528062
  endloop
endfacet
facet normal 1 0 0
  outer loop
    vertex 8.75 7.491113628350963 -29.73041125315173
    vertex 8.75 7.488035629436379 -32.55890510174478
    vertex 8.75 10.00711631690954 -32.40139932387368
  endloop
endfacet
facet normal 1 0 0
  outer loop
    vertex 8.75 10.01019431582412 -29.57290547528062
    vertex 8.75 10.00711631690954 -32.40139932387368
    vertex 8.75 12.5261970043827 -32.24389354600257
  endloop
endfacet
facet normal 1 -0 0
  outer loop
    vertex 8.75 6.666666666666651 -3
    vertex 8.75 8.181783079436597 -5.597011247990809
    vertex 8.75 9.999999999999973 -3
  endloop
endfacet
facet normal 1 0 0
  outer loop
    vertex 8.75 8.181783079436597 -5.597011247990809
    vertex 8.75 11.51511641276992 -5.597011247990809
    vertex 8.75 9.999999999999973 -3
  endloop
endfacet
facet normal 1 -0 0
  outer loop
    vertex 8.75 8.181783079436597 -5.597011247990809
    vertex 8.75 9.696899492206542 -8.194022495981617
    vertex 8.75 11.51511641276992 -5.597011247990809
  endloop
endfacet
facet normal 1 -0 0
  outer loop
    vertex 8.75 9.999999999999973 -3
    vertex 8.75 11.51511641276992 -5.597011247990809
    vertex 8.75 13.33333333333329 -3
  endloop
endfacet
facet normal 1 0 0
  outer loop
    vertex 8.75 0 -22.30089797126663
    vertex 8.75 3.35690988996607 -20.648474867527
    vertex 8.75 0 -19.08408164272219
  endloop
endfacet
facet normal 1 0 -0
  outer loop
    vertex 8.75 3.35690988996607 -20.648474867527
    vertex 8.75 3.35690988996607 -17.43165853898256
    vertex 8.75 0 -19.08408164272219
  endloop
endfacet
facet normal 1 0 0
  outer loop
    vertex 8.75 3.35690988996607 -20.648474867527
    vertex 8.75 6.713819779932139 -18.99605176378737
    vertex 8.75 3.35690988996607 -17.43165853898256
  endloop
endfacet
facet normal 1 0 0
  outer loop
    vertex 8.75 0 -19.08408164272219
    vertex 8.75 3.35690988996607 -17.43165853898256
    vertex 8.75 0 -15.86726531417775
  endloop
endfacet
facet normal 1 0 0
  outer loop
    vertex 8.75 7.494191627265546 -26.90191740455867
    vertex 8.75 5.514685103668375 -29.37710354735497
    vertex 8.75 7.491113628350963 -29.73041125315173
  endloop
endfacet
facet normal 1 0 0
  outer loop
    vertex 8.75 5.514685103668375 -29.37710354735497
    vertex 8.75 5.511607104753792 -32.20559739594802
    vertex 8.75 7.491113628350963 -29.73041125315173
  endloop
endfacet
facet normal 1 0 0
  outer loop
    vertex 8.75 5.514685103668375 -29.37710354735497
    vertex 8.75 3.535178580071205 -31.85228969015127
    vertex 8.75 5.511607104753792 -32.20559739594802
  endloop
endfacet
facet normal 1 0 0
  outer loop
    vertex 8.75 7.491113628350963 -29.73041125315173
    vertex 8.75 5.511607104753792 -32.20559739594802
    vertex 8.75 7.488035629436379 -32.55890510174478
  endloop
endfacet
facet normal 1 0 -0
  outer loop
    vertex 8.75 12.96441931548054 -13.51656343268247
    vertex 8.75 14.08167487184231 -10.48871873334392
    vertex 8.75 11.33065940384354 -10.85529296433205
  endloop
endfacet
facet normal 1 0 0
  outer loop
    vertex 8.75 14.08167487184231 -10.48871873334392
    vertex 8.75 12.44791496020531 -7.827448264993496
    vertex 8.75 11.33065940384354 -10.85529296433205
  endloop
endfacet
facet normal 1 0 -0
  outer loop
    vertex 8.75 14.08167487184231 -10.48871873334392
    vertex 8.75 15.19893042820408 -7.460874034005377
    vertex 8.75 12.44791496020531 -7.827448264993496
  endloop
endfacet
facet normal 1 0 -0
  outer loop
    vertex 8.75 11.33065940384354 -10.85529296433205
    vertex 8.75 12.44791496020531 -7.827448264993496
    vertex 8.75 9.696899492206542 -8.194022495981617
  endloop
endfacet
facet normal 1 0 0
  outer loop
    vertex 8.75 0 -35.16816328544438
    vertex 8.75 1.767589290035603 -33.51022648779782
    vertex 8.75 0 -31.95134695689994
  endloop
endfacet
facet normal 1 0 -0
  outer loop
    vertex 8.75 1.767589290035603 -33.51022648779782
    vertex 8.75 1.767589290035603 -30.29341015925338
    vertex 8.75 0 -31.95134695689994
  endloop
endfacet
facet normal 1 0 0
  outer loop
    vertex 8.75 1.767589290035603 -33.51022648779782
    vertex 8.75 3.535178580071205 -31.85228969015127
    vertex 8.75 1.767589290035603 -30.29341015925338
  endloop
endfacet
facet normal 1 0 0
  outer loop
    vertex 8.75 0 -31.95134695689994
    vertex 8.75 1.767589290035603 -30.29341015925338
    vertex 8.75 0 -28.7345306283555
  endloop
endfacet
facet normal 1 0 0
  outer loop
    vertex 8.75 20 -22.78135272408831
    vertex 8.75 16.99929565125305 -21.95105620506655
    vertex 8.75 18.13154925109568 -25.14698792956687
  endloop
endfacet
facet normal 1 0 0
  outer loop
    vertex 8.75 16.99929565125305 -21.95105620506655
    vertex 8.75 15.13084490234872 -24.31669141054511
    vertex 8.75 18.13154925109568 -25.14698792956687
  endloop
endfacet
facet normal 1 0 0
  outer loop
    vertex 8.75 16.99929565125305 -21.95105620506655
    vertex 8.75 13.9985913025061 -21.12075968604479
    vertex 8.75 15.13084490234872 -24.31669141054511
  endloop
endfacet
facet normal 1 0 0
  outer loop
    vertex 8.75 18.13154925109568 -25.14698792956687
    vertex 8.75 15.13084490234872 -24.31669141054511
    vertex 8.75 16.26309850219135 -27.51262313504544
  endloop
endfacet
facet normal 1 0 0
  outer loop
    vertex 8.75 0 -15.86726531417775
    vertex 8.75 2.730920567669051 -14.16300522480873
    vertex 8.75 0 -12.65044898563331
  endloop
endfacet
facet normal 1 0 -0
  outer loop
    vertex 8.75 2.730920567669051 -14.16300522480873
    vertex 8.75 2.730920567669052 -10.9461888962643
    vertex 8.75 0 -12.65044898563331
  endloop
endfacet
facet normal 1 0 0
  outer loop
    vertex 8.75 2.730920567669051 -14.16300522480873
    vertex 8.75 5.461841135338101 -12.45874513543971
    vertex 8.75 2.730920567669052 -10.9461888962643
  endloop
endfacet
facet normal 1 0 0
  outer loop
    vertex 8.75 0 -12.65044898563331
    vertex 8.75 2.730920567669052 -10.9461888962643
    vertex 8.75 0 -9.433632657088875
  endloop
endfacet
facet normal 1 -0 0
  outer loop
    vertex 8.75 13.33333333333329 -3
    vertex 8.75 14.26613188076869 -5.230437017002689
    vertex 8.75 16.66666666666665 -3
  endloop
endfacet
facet normal 1 0 0
  outer loop
    vertex 8.75 14.26613188076869 -5.230437017002689
    vertex 8.75 17.59946521410204 -5.230437017002689
    vertex 8.75 16.66666666666665 -3
  endloop
endfacet
facet normal 1 -0 0
  outer loop
    vertex 8.75 14.26613188076869 -5.230437017002689
    vertex 8.75 15.19893042820408 -7.460874034005377
    vertex 8.75 17.59946521410204 -5.230437017002689
  endloop
endfacet
facet normal 1 -0 0
  outer loop
    vertex 8.75 16.66666666666665 -3
    vertex 8.75 17.59946521410204 -5.230437017002689
    vertex 8.75 20 -3
  endloop
endfacet
facet normal 1 0 0
  outer loop
    vertex 8.75 20 -3
    vertex 8.75 17.59946521410204 -5.230437017002689
    vertex 8.75 20 -6.296892120681395
  endloop
endfacet
facet normal 1 0 0
  outer loop
    vertex 8.75 17.59946521410204 -5.230437017002689
    vertex 8.75 17.59946521410204 -8.527329137684085
    vertex 8.75 20 -6.296892120681395
  endloop
endfacet
facet normal 1 0 0
  outer loop
    vertex 8.75 17.59946521410204 -5.230437017002689
    vertex 8.75 15.19893042820408 -7.460874034005377
    vertex 8.75 17.59946521410204 -8.527329137684085
  endloop
endfacet
facet normal 1 0 0
  outer loop
    vertex 8.75 20 -6.296892120681395
    vertex 8.75 17.59946521410204 -8.527329137684085
    vertex 8.75 20 -9.593784241362792
  endloop
endfacet
facet normal 1 0 0
  outer loop
    vertex 8.75 6.713819779932139 -18.99605176378737
    vertex 8.75 6.08783045763512 -15.72739844961354
    vertex 8.75 3.35690988996607 -17.43165853898256
  endloop
endfacet
facet normal 1 0 0
  outer loop
    vertex 8.75 6.08783045763512 -15.72739844961354
    vertex 8.75 2.730920567669051 -14.16300522480873
    vertex 8.75 3.35690988996607 -17.43165853898256
  endloop
endfacet
facet normal 1 0 0
  outer loop
    vertex 8.75 6.08783045763512 -15.72739844961354
    vertex 8.75 5.461841135338101 -12.45874513543971
    vertex 8.75 2.730920567669051 -14.16300522480873
  endloop
endfacet
facet normal 1 0 0
  outer loop
    vertex 8.75 3.35690988996607 -17.43165853898256
    vertex 8.75 2.730920567669051 -14.16300522480873
    vertex 8.75 0 -15.86726531417775
  endloop
endfacet
facet normal 1 -0 0
  outer loop
    vertex 8.75 0 -3
    vertex 8.75 2.353732622676326 -5.320360485902539
    vertex 8.75 3.333333333333325 -3
  endloop
endfacet
facet normal 1 0 0
  outer loop
    vertex 8.75 2.353732622676326 -5.320360485902539
    vertex 8.75 5.687065956009651 -5.320360485902539
    vertex 8.75 3.333333333333325 -3
  endloop
endfacet
facet normal 1 -0 0
  outer loop
    vertex 8.75 2.353732622676326 -5.320360485902539
    vertex 8.75 4.707465245352651 -7.640720971805077
    vertex 8.75 5.687065956009651 -5.320360485902539
  endloop
endfacet
facet normal 1 -0 0
  outer loop
    vertex 8.75 3.333333333333325 -3
    vertex 8.75 5.687065956009651 -5.320360485902539
    vertex 8.75 6.666666666666651 -3
  endloop
endfacet
facet normal 1 0 0
  outer loop
    vertex 8.75 0 -9.433632657088875
    vertex 8.75 2.353732622676326 -8.537176814446976
    vertex 8.75 0 -6.216816328544439
  endloop
endfacet
facet normal 1 0 -0
  outer loop
    vertex 8.75 2.353732622676326 -8.537176814446976
    vertex 8.75 2.353732622676326 -5.320360485902539
    vertex 8.75 0 -6.216816328544439
  endloop
endfacet
facet normal 1 0 0
  outer loop
    vertex 8.75 2.353732622676326 -8.537176814446976
    vertex 8.75 4.707465245352651 -7.640720971805077
    vertex 8.75 2.353732622676326 -5.320360485902539
  endloop
endfacet
facet normal 1 0 0
  outer loop
    vertex 8.75 0 -6.216816328544439
    vertex 8.75 2.353732622676326 -5.320360485902539
    vertex 8.75 0 -3
  endloop
endfacet
facet normal 1 0 0
  outer loop
    vertex 8.75 12.5261970043827 -32.24389354600257
    vertex 8.75 10.00711631690954 -32.40139932387368
    vertex 8.75 10.65774625547837 -34.60952875148114
  endloop
endfacet
facet normal 1 0 0
  outer loop
    vertex 8.75 10.00711631690954 -32.40139932387368
    vertex 8.75 8.138665568005214 -34.76703452935224
    vertex 8.75 10.65774625547837 -34.60952875148114
  endloop
endfacet
facet normal 1 0 0
  outer loop
    vertex 8.75 10.00711631690954 -32.40139932387368
    vertex 8.75 7.488035629436379 -32.55890510174478
    vertex 8.75 8.138665568005214 -34.76703452935224
  endloop
endfacet
facet normal 1 0 0
  outer loop
    vertex 8.75 10.65774625547837 -34.60952875148114
    vertex 8.75 8.138665568005214 -34.76703452935224
    vertex 8.75 8.789295506574046 -36.9751639569597
  endloop
endfacet
facet normal 1 0 0
  outer loop
    vertex 8.75 8.789295506574046 -36.9751639569597
    vertex 8.75 8.138665568005214 -34.76703452935224
    vertex 8.75 6.646581443863424 -36.27554041122433
  endloop
endfacet
facet normal 1 0 0
  outer loop
    vertex 8.75 8.138665568005214 -34.76703452935224
    vertex 8.75 5.977800831568123 -34.12936129945021
    vertex 8.75 6.646581443863424 -36.27554041122433
  endloop
endfacet
facet normal 1 0 0
  outer loop
    vertex 8.75 8.138665568005214 -34.76703452935224
    vertex 8.75 7.488035629436379 -32.55890510174478
    vertex 8.75 5.977800831568123 -34.12936129945021
  endloop
endfacet
facet normal 1 0 0
  outer loop
    vertex 8.75 6.646581443863424 -36.27554041122433
    vertex 8.75 5.977800831568123 -34.12936129945021
    vertex 8.75 4.467566033699867 -35.69981749715564
  endloop
endfacet
facet normal 1 0 0
  outer loop
    vertex 8.75 6.666666666666651 -3
    vertex 8.75 5.687065956009651 -5.320360485902539
    vertex 8.75 8.181783079436597 -5.597011247990809
  endloop
endfacet
facet normal 1 0 0
  outer loop
    vertex 8.75 5.687065956009651 -5.320360485902539
    vertex 8.75 7.202182368779598 -7.917371733893347
    vertex 8.75 8.181783079436597 -5.597011247990809
  endloop
endfacet
facet normal 1 0 0
  outer loop
    vertex 8.75 5.687065956009651 -5.320360485902539
    vertex 8.75 4.707465245352651 -7.640720971805077
    vertex 8.75 7.202182368779598 -7.917371733893347
  endloop
endfacet
facet normal 1 0 0
  outer loop
    vertex 8.75 8.181783079436597 -5.597011247990809
    vertex 8.75 7.202182368779598 -7.917371733893347
    vertex 8.75 9.696899492206542 -8.194022495981617
  endloop
endfacet
facet normal 1 0 0
  outer loop
    vertex 8.75 9.696899492206542 -8.194022495981617
    vertex 8.75 12.44791496020531 -7.827448264993496
    vertex 8.75 11.51511641276992 -5.597011247990809
  endloop
endfacet
facet normal 1 0 -0
  outer loop
    vertex 8.75 12.44791496020531 -7.827448264993496
    vertex 8.75 14.26613188076869 -5.230437017002689
    vertex 8.75 11.51511641276992 -5.597011247990809
  endloop
endfacet
facet normal 1 0 0
  outer loop
    vertex 8.75 12.44791496020531 -7.827448264993496
    vertex 8.75 15.19893042820408 -7.460874034005377
    vertex 8.75 14.26613188076869 -5.230437017002689
  endloop
endfacet
facet normal 1 0 0
  outer loop
    vertex 8.75 11.51511641276992 -5.597011247990809
    vertex 8.75 14.26613188076869 -5.230437017002689
    vertex 8.75 13.33333333333329 -3
  endloop
endfacet
facet normal 1 0 0
  outer loop
    vertex 8.75 5.461841135338101 -12.45874513543971
    vertex 8.75 5.084653190345376 -10.0497330536224
    vertex 8.75 2.730920567669052 -10.9461888962643
  endloop
endfacet
facet normal 1 0 0
  outer loop
    vertex 8.75 5.084653190345376 -10.0497330536224
    vertex 8.75 2.353732622676326 -8.537176814446976
    vertex 8.75 2.730920567669052 -10.9461888962643
  endloop
endfacet
facet normal 1 0 0
  outer loop
    vertex 8.75 5.084653190345376 -10.0497330536224
    vertex 8.75 4.707465245352651 -7.640720971805077
    vertex 8.75 2.353732622676326 -8.537176814446976
  endloop
endfacet
facet normal 1 0 0
  outer loop
    vertex 8.75 2.730920567669052 -10.9461888962643
    vertex 8.75 2.353732622676326 -8.537176814446976
    vertex 8.75 0 -9.433632657088875
  endloop
endfacet
facet normal 1 0 0
  outer loop
    vertex 8.75 4.467566033699867 -35.69981749715564
    vertex 8.75 4.001372306885536 -33.77605359365345
    vertex 8.75 2.24842731309647 -35.30880924014549
  endloop
endfacet
facet normal 1 0 0
  outer loop
    vertex 8.75 4.001372306885536 -33.77605359365345
    vertex 8.75 1.767589290035603 -33.51022648779782
    vertex 8.75 2.24842731309647 -35.30880924014549
  endloop
endfacet
facet normal 1 0 0
  outer loop
    vertex 8.75 4.001372306885536 -33.77605359365345
    vertex 8.75 3.535178580071205 -31.85228969015127
    vertex 8.75 1.767589290035603 -33.51022648779782
  endloop
endfacet
facet normal 1 0 0
  outer loop
    vertex 8.75 2.24842731309647 -35.30880924014549
    vertex 8.75 1.767589290035603 -33.51022648779782
    vertex 8.75 0 -35.16816328544438
  endloop
endfacet
facet normal 1 0 0
  outer loop
    vertex 8.75 9.696899492206542 -8.194022495981617
    vertex 8.75 7.202182368779598 -7.917371733893347
    vertex 8.75 7.579370313772322 -10.32638381571067
  endloop
endfacet
facet normal 1 0 0
  outer loop
    vertex 8.75 7.202182368779598 -7.917371733893347
    vertex 8.75 5.084653190345376 -10.0497330536224
    vertex 8.75 7.579370313772322 -10.32638381571067
  endloop
endfacet
facet normal 1 0 0
  outer loop
    vertex 8.75 7.202182368779598 -7.917371733893347
    vertex 8.75 4.707465245352651 -7.640720971805077
    vertex 8.75 5.084653190345376 -10.0497330536224
  endloop
endfacet
facet normal 1 0 0
  outer loop
    vertex 8.75 7.579370313772322 -10.32638381571067
    vertex 8.75 5.084653190345376 -10.0497330536224
    vertex 8.75 5.461841135338101 -12.45874513543971
  endloop
endfacet
facet normal 1 0 0
  outer loop
    vertex 8.75 7.488035629436379 -32.55890510174478
    vertex 8.75 5.511607104753792 -32.20559739594802
    vertex 8.75 5.977800831568123 -34.12936129945021
  endloop
endfacet
facet normal 1 0 0
  outer loop
    vertex 8.75 5.511607104753792 -32.20559739594802
    vertex 8.75 4.001372306885536 -33.77605359365345
    vertex 8.75 5.977800831568123 -34.12936129945021
  endloop
endfacet
facet normal 1 0 0
  outer loop
    vertex 8.75 5.511607104753792 -32.20559739594802
    vertex 8.75 3.535178580071205 -31.85228969015127
    vertex 8.75 4.001372306885536 -33.77605359365345
  endloop
endfacet
facet normal 1 0 0
  outer loop
    vertex 8.75 5.977800831568123 -34.12936129945021
    vertex 8.75 4.001372306885536 -33.77605359365345
    vertex 8.75 4.467566033699867 -35.69981749715564
  endloop
endfacet
facet normal -0 0 -1
  outer loop
    vertex 11.75 23 -3
    vertex 10.25 21.5 -3
    vertex 8.812499999999986 23 -3
  endloop
endfacet
facet normal 0 0 -1
  outer loop
    vertex 10.25 21.5 -3
    vertex 7.312499999999986 21.5 -3
    vertex 8.812499999999986 23 -3
  endloop
endfacet
facet normal -0 0 -1
  outer loop
    vertex 10.25 21.5 -3
    vertex 8.75 20 -3
    vertex 7.312499999999986 21.5 -3
  endloop
endfacet
facet normal -0 0 -1
  outer loop
    vertex 8.812499999999986 23 -3
    vertex 7.312499999999986 21.5 -3
    vertex 5.874999999999972 23 -3
  endloop
endfacet
facet normal 0 0 -1
  outer loop
    vertex -11.75 23 -3
    vertex -8.812500000000007 23 -3
    vertex -10.25 21.5 -3
  endloop
endfacet
facet normal 0 -0 -1
  outer loop
    vertex -8.812500000000007 23 -3
    vertex -7.312500000000008 21.5 -3
    vertex -10.25 21.5 -3
  endloop
endfacet
facet normal 0 0 -1
  outer loop
    vertex -8.812500000000007 23 -3
    vertex -5.875000000000016 23 -3
    vertex -7.312500000000008 21.5 -3
  endloop
endfacet
facet normal 0 0 -1
  outer loop
    vertex -10.25 21.5 -3
    vertex -7.312500000000008 21.5 -3
    vertex -8.75 20 -3
  endloop
endfacet
facet normal 0 -0 -1
  outer loop
    vertex -5.875000000000016 23 -3
    vertex -4.395833333333341 21.5 -3
    vertex -7.312500000000008 21.5 -3
  endloop
endfacet
facet normal -0 0 -1
  outer loop
    vertex -4.395833333333341 21.5 -3
    vertex -5.833333333333333 20 -3
    vertex -7.312500000000008 21.5 -3
  endloop
endfacet
facet normal 0 -0 -1
  outer loop
    vertex -4.395833333333341 21.5 -3
    vertex -2.916666666666666 20 -3
    vertex -5.833333333333333 20 -3
  endloop
endfacet
facet normal 0 -0 -1
  outer loop
    vertex -7.312500000000008 21.5 -3
    vertex -5.833333333333333 20 -3
    vertex -8.75 20 -3
  endloop
endfacet
facet normal 0 0 -1
  outer loop
    vertex 8.75 20 -3
    vertex 5.833333333333336 20 -3
    vertex 7.312499999999986 21.5 -3
  endloop
endfacet
facet normal 0 0 -1
  outer loop
    vertex 5.833333333333336 20 -3
    vertex 4.395833333333321 21.5 -3
    vertex 7.312499999999986 21.5 -3
  endloop
endfacet
facet normal 0 0 -1
  outer loop
    vertex 5.833333333333336 20 -3
    vertex 2.916666666666668 20 -3
    vertex 4.395833333333321 21.5 -3
  endloop
endfacet
facet normal 0 0 -1
  outer loop
    vertex 7.312499999999986 21.5 -3
    vertex 4.395833333333321 21.5 -3
    vertex 5.874999999999972 23 -3
  endloop
endfacet
facet normal -0 0 -1
  outer loop
    vertex -3.730349362740526e-14 23 -3
    vertex -1.458333333333352 21.5 -3
    vertex -2.937500000000027 23 -3
  endloop
endfacet
facet normal 0 0 -1
  outer loop
    vertex -1.458333333333352 21.5 -3
    vertex -4.395833333333341 21.5 -3
    vertex -2.937500000000027 23 -3
  endloop
endfacet
facet normal -0 0 -1
  outer loop
    vertex -1.458333333333352 21.5 -3
    vertex -2.916666666666666 20 -3
    vertex -4.395833333333341 21.5 -3
  endloop
endfacet
facet normal -0 0 -1
  outer loop
    vertex -2.937500000000027 23 -3
    vertex -4.395833333333341 21.5 -3
    vertex -5.875000000000016 23 -3
  endloop
endfacet
facet normal 0 0 -1
  outer loop
    vertex 2.916666666666668 20 -3
    vertex 1.458333333333314 21.5 -3
    vertex 4.395833333333321 21.5 -3
  endloop
endfacet
facet normal 0 0 -1
  outer loop
    vertex 1.458333333333314 21.5 -3
    vertex 2.937499999999966 23 -3
    vertex 4.395833333333321 21.5 -3
  endloop
endfacet
facet normal 0 0 -1
  outer loop
    vertex 1.458333333333314 21.5 -3
    vertex -3.730349362740526e-14 23 -3
    vertex 2.937499999999966 23 -3
  endloop
endfacet
facet normal 0 0 -1
  outer loop
    vertex 4.395833333333321 21.5 -3
    vertex 2.937499999999966 23 -3
    vertex 5.874999999999972 23 -3
  endloop
endfacet
facet normal 0 0 -1
  outer loop
    vertex 2.916666666666668 20 -3
    vertex 0 20 -3
    vertex 1.458333333333314 21.5 -3
  endloop
endfacet
facet normal 0 0 -1
  outer loop
    vertex 0 20 -3
    vertex -1.458333333333352 21.5 -3
    vertex 1.458333333333314 21.5 -3
  endloop
endfacet
facet normal 0 0 -1
  outer loop
    vertex 0 20 -3
    vertex -2.916666666666666 20 -3
    vertex -1.458333333333352 21.5 -3
  endloop
endfacet
facet normal 0 0 -1
  outer loop
    vertex 1.458333333333314 21.5 -3
    vertex -1.458333333333352 21.5 -3
    vertex -3.730349362740526e-14 23 -3
  endloop
endfacet
facet normal 0 0 -1
  outer loop
    vertex 11.75 17.24999999999999 -3
    vertex 10.25 18.625 -3
    vertex 11.75 20.125 -3
  endloop
endfacet
facet normal 0 0 -1
  outer loop
    vertex 10.25 18.625 -3
    vertex 10.25 21.5 -3
    vertex 11.75 20.125 -3
  endloop
endfacet
facet normal 0 0 -1
  outer loop
    vertex 10.25 18.625 -3
    vertex 8.75 20 -3
    vertex 10.25 21.5 -3
  endloop
endfacet
facet normal 0 0 -1
  outer loop
    vertex 11.75 20.125 -3
    vertex 10.25 21.5 -3
    vertex 11.75 23 -3
  endloop
endfacet
facet normal 0 0 -1
  outer loop
    vertex -11.75 17.24999999999999 -3
    vertex -11.75 20.125 -3
    vertex -10.25 18.625 -3
  endloop
endfacet
facet normal 0 0 -1
  outer loop
    vertex -11.75 20.125 -3
    vertex -10.25 21.5 -3
    vertex -10.25 18.625 -3
  endloop
endfacet
facet normal 0 0 -1
  outer loop
    vertex -11.75 20.125 -3
    vertex -11.75 23 -3
    vertex -10.25 21.5 -3
  endloop
endfacet
facet normal 0 0 -1
  outer loop
    vertex -10.25 18.625 -3
    vertex -10.25 21.5 -3
    vertex -8.75 20 -3
  endloop
endfacet
facet normal 0 0 -1
  outer loop
    vertex -11.75 5.749999999999988 -3
    vertex -10.25 6.208333333333346 -3
    vertex -11 4.427083333333331 -3
  endloop
endfacet
facet normal 0 -0 -1
  outer loop
    vertex -10.25 6.208333333333346 -3
    vertex -9.5 4.885416666666689 -3
    vertex -11 4.427083333333331 -3
  endloop
endfacet
facet normal 0 0 -1
  outer loop
    vertex -10.25 6.208333333333346 -3
    vertex -8.75 6.666666666666705 -3
    vertex -9.5 4.885416666666689 -3
  endloop
endfacet
facet normal 0 0 -1
  outer loop
    vertex -11 4.427083333333331 -3
    vertex -9.5 4.885416666666689 -3
    vertex -10.25 3.104166666666674 -3
  endloop
endfacet
facet normal 0 0 -1
  outer loop
    vertex 8.75 6.666666666666651 -3
    vertex 10.25 6.20833333333332 -3
    vertex 9.5 4.885416666666655 -3
  endloop
endfacet
facet normal 0 -0 -1
  outer loop
    vertex 10.25 6.20833333333332 -3
    vertex 11 4.427083333333324 -3
    vertex 9.5 4.885416666666655 -3
  endloop
endfacet
facet normal 0 0 -1
  outer loop
    vertex 10.25 6.20833333333332 -3
    vertex 11.75 5.749999999999988 -3
    vertex 11 4.427083333333324 -3
  endloop
endfacet
facet normal 0 0 -1
  outer loop
    vertex 9.5 4.885416666666655 -3
    vertex 11 4.427083333333324 -3
    vertex 10.25 3.10416666666666 -3
  endloop
endfacet
facet normal 0 0 -1
  outer loop
    vertex 11.75 0 -3
    vertex 10.25 0 -3
    vertex 11 1.55208333333333 -3
  endloop
endfacet
facet normal 0 0 -1
  outer loop
    vertex 10.25 0 -3
    vertex 9.5 1.55208333333333 -3
    vertex 11 1.55208333333333 -3
  endloop
endfacet
facet normal 0 0 -1
  outer loop
    vertex 10.25 0 -3
    vertex 8.75 0 -3
    vertex 9.5 1.55208333333333 -3
  endloop
endfacet
facet normal 0 0 -1
  outer loop
    vertex 11 1.55208333333333 -3
    vertex 9.5 1.55208333333333 -3
    vertex 10.25 3.10416666666666 -3
  endloop
endfacet
facet normal 0 0 -1
  outer loop
    vertex -8.75 0 -3
    vertex -10.25 0 -3
    vertex -9.5 1.552083333333337 -3
  endloop
endfacet
facet normal 0 0 -1
  outer loop
    vertex -10.25 0 -3
    vertex -11 1.552083333333337 -3
    vertex -9.5 1.552083333333337 -3
  endloop
endfacet
facet normal 0 0 -1
  outer loop
    vertex -10.25 0 -3
    vertex -11.75 0 -3
    vertex -11 1.552083333333337 -3
  endloop
endfacet
facet normal 0 0 -1
  outer loop
    vertex -9.5 1.552083333333337 -3
    vertex -11 1.552083333333337 -3
    vertex -10.25 3.104166666666674 -3
  endloop
endfacet
facet normal 0 0 -1
  outer loop
    vertex 8.75 0 -3
    vertex 8.75 3.333333333333325 -3
    vertex 9.5 1.55208333333333 -3
  endloop
endfacet
facet normal 0 0 -1
  outer loop
    vertex 8.75 3.333333333333325 -3
    vertex 9.5 4.885416666666655 -3
    vertex 9.5 1.55208333333333 -3
  endloop
endfacet
facet normal 0 0 -1
  outer loop
    vertex 8.75 3.333333333333325 -3
    vertex 8.75 6.666666666666651 -3
    vertex 9.5 4.885416666666655 -3
  endloop
endfacet
facet normal 0 0 -1
  outer loop
    vertex 9.5 1.55208333333333 -3
    vertex 9.5 4.885416666666655 -3
    vertex 10.25 3.10416666666666 -3
  endloop
endfacet
facet normal 0 -0 -1
  outer loop
    vertex 11.75 5.749999999999988 -3
    vertex 11.75 2.874999999999994 -3
    vertex 11 4.427083333333324 -3
  endloop
endfacet
facet normal -0 0 -1
  outer loop
    vertex 11.75 2.874999999999994 -3
    vertex 11 1.55208333333333 -3
    vertex 11 4.427083333333324 -3
  endloop
endfacet
facet normal 0 -0 -1
  outer loop
    vertex 11.75 2.874999999999994 -3
    vertex 11.75 0 -3
    vertex 11 1.55208333333333 -3
  endloop
endfacet
facet normal 0 -0 -1
  outer loop
    vertex 11 4.427083333333324 -3
    vertex 11 1.55208333333333 -3
    vertex 10.25 3.10416666666666 -3
  endloop
endfacet
facet normal 0 0 -1
  outer loop
    vertex -11.75 0 -3
    vertex -11.75 2.874999999999994 -3
    vertex -11 1.552083333333337 -3
  endloop
endfacet
facet normal 0 0 -1
  outer loop
    vertex -11.75 2.874999999999994 -3
    vertex -11 4.427083333333331 -3
    vertex -11 1.552083333333337 -3
  endloop
endfacet
facet normal 0 0 -1
  outer loop
    vertex -11.75 2.874999999999994 -3
    vertex -11.75 5.749999999999988 -3
    vertex -11 4.427083333333331 -3
  endloop
endfacet
facet normal 0 0 -1
  outer loop
    vertex -11 1.552083333333337 -3
    vertex -11 4.427083333333331 -3
    vertex -10.25 3.104166666666674 -3
  endloop
endfacet
facet normal 0 -0 -1
  outer loop
    vertex -8.75 6.666666666666705 -3
    vertex -8.75 3.333333333333353 -3
    vertex -9.5 4.885416666666689 -3
  endloop
endfacet
facet normal -0 0 -1
  outer loop
    vertex -8.75 3.333333333333353 -3
    vertex -9.5 1.552083333333337 -3
    vertex -9.5 4.885416666666689 -3
  endloop
endfacet
facet normal 0 -0 -1
  outer loop
    vertex -8.75 3.333333333333353 -3
    vertex -8.75 0 -3
    vertex -9.5 1.552083333333337 -3
  endloop
endfacet
facet normal 0 -0 -1
  outer loop
    vertex -9.5 4.885416666666689 -3
    vertex -9.5 1.552083333333337 -3
    vertex -10.25 3.104166666666674 -3
  endloop
endfacet
facet normal -0 0 -1
  outer loop
    vertex 11.75 17.24999999999999 -3
    vertex 10.25 15.29166666666664 -3
    vertex 10.25 18.625 -3
  endloop
endfacet
facet normal 0 0 -1
  outer loop
    vertex 10.25 15.29166666666664 -3
    vertex 8.75 16.66666666666665 -3
    vertex 10.25 18.625 -3
  endloop
endfacet
facet normal -0 0 -1
  outer loop
    vertex 10.25 15.29166666666664 -3
    vertex 8.75 13.33333333333329 -3
    vertex 8.75 16.66666666666665 -3
  endloop
endfacet
facet normal -0 0 -1
  outer loop
    vertex 10.25 18.625 -3
    vertex 8.75 16.66666666666665 -3
    vertex 8.75 20 -3
  endloop
endfacet
facet normal 0 0 -1
  outer loop
    vertex -11.75 17.24999999999999 -3
    vertex -10.25 18.625 -3
    vertex -10.25 15.29166666666667 -3
  endloop
endfacet
facet normal 0 0 -1
  outer loop
    vertex -10.25 18.625 -3
    vertex -8.75 16.66666666666667 -3
    vertex -10.25 15.29166666666667 -3
  endloop
endfacet
facet normal 0 0 -1
  outer loop
    vertex -10.25 18.625 -3
    vertex -8.75 20 -3
    vertex -8.75 16.66666666666667 -3
  endloop
endfacet
facet normal 0 0 -1
  outer loop
    vertex -10.25 15.29166666666667 -3
    vertex -8.75 16.66666666666667 -3
    vertex -8.75 13.33333333333335 -3
  endloop
endfacet
facet normal 0 0 -1
  outer loop
    vertex 8.75 6.666666666666651 -3
    vertex 8.75 9.999999999999973 -3
    vertex 10.25 9.08333333333332 -3
  endloop
endfacet
facet normal 0 0 -1
  outer loop
    vertex 8.75 9.999999999999973 -3
    vertex 10.25 12.41666666666664 -3
    vertex 10.25 9.08333333333332 -3
  endloop
endfacet
facet normal 0 0 -1
  outer loop
    vertex 8.75 9.999999999999973 -3
    vertex 8.75 13.33333333333329 -3
    vertex 10.25 12.41666666666664 -3
  endloop
endfacet
facet normal 0 0 -1
  outer loop
    vertex 10.25 9.08333333333332 -3
    vertex 10.25 12.41666666666664 -3
    vertex 11.75 11.49999999999999 -3
  endloop
endfacet
facet normal 0 0 -1
  outer loop
    vertex 11.75 5.749999999999988 -3
    vertex 10.25 6.20833333333332 -3
    vertex 11.75 8.624999999999989 -3
  endloop
endfacet
facet normal 0 0 -1
  outer loop
    vertex 10.25 6.20833333333332 -3
    vertex 10.25 9.08333333333332 -3
    vertex 11.75 8.624999999999989 -3
  endloop
endfacet
facet normal 0 0 -1
  outer loop
    vertex 10.25 6.20833333333332 -3
    vertex 8.75 6.666666666666651 -3
    vertex 10.25 9.08333333333332 -3
  endloop
endfacet
facet normal 0 0 -1
  outer loop
    vertex 11.75 8.624999999999989 -3
    vertex 10.25 9.08333333333332 -3
    vertex 11.75 11.49999999999999 -3
  endloop
endfacet
facet normal 0 0 -1
  outer loop
    vertex 8.75 13.33333333333329 -3
    vertex 10.25 15.29166666666664 -3
    vertex 10.25 12.41666666666664 -3
  endloop
endfacet
facet normal 0 0 -1
  outer loop
    vertex 10.25 15.29166666666664 -3
    vertex 11.75 14.37499999999999 -3
    vertex 10.25 12.41666666666664 -3
  endloop
endfacet
facet normal 0 0 -1
  outer loop
    vertex 10.25 15.29166666666664 -3
    vertex 11.75 17.24999999999999 -3
    vertex 11.75 14.37499999999999 -3
  endloop
endfacet
facet normal 0 0 -1
  outer loop
    vertex 10.25 12.41666666666664 -3
    vertex 11.75 14.37499999999999 -3
    vertex 11.75 11.49999999999999 -3
  endloop
endfacet
facet normal 0 0 -1
  outer loop
    vertex -11.75 5.749999999999988 -3
    vertex -11.75 8.624999999999989 -3
    vertex -10.25 6.208333333333346 -3
  endloop
endfacet
facet normal 0 0 -1
  outer loop
    vertex -11.75 8.624999999999989 -3
    vertex -10.25 9.083333333333346 -3
    vertex -10.25 6.208333333333346 -3
  endloop
endfacet
facet normal 0 0 -1
  outer loop
    vertex -11.75 8.624999999999989 -3
    vertex -11.75 11.49999999999999 -3
    vertex -10.25 9.083333333333346 -3
  endloop
endfacet
facet normal 0 0 -1
  outer loop
    vertex -10.25 6.208333333333346 -3
    vertex -10.25 9.083333333333346 -3
    vertex -8.75 6.666666666666705 -3
  endloop
endfacet
facet normal 0 0 -1
  outer loop
    vertex -11.75 11.49999999999999 -3
    vertex -11.75 14.37499999999999 -3
    vertex -10.25 12.41666666666667 -3
  endloop
endfacet
facet normal 0 0 -1
  outer loop
    vertex -11.75 14.37499999999999 -3
    vertex -10.25 15.29166666666667 -3
    vertex -10.25 12.41666666666667 -3
  endloop
endfacet
facet normal 0 0 -1
  outer loop
    vertex -11.75 14.37499999999999 -3
    vertex -11.75 17.24999999999999 -3
    vertex -10.25 15.29166666666667 -3
  endloop
endfacet
facet normal 0 0 -1
  outer loop
    vertex -10.25 12.41666666666667 -3
    vertex -10.25 15.29166666666667 -3
    vertex -8.75 13.33333333333335 -3
  endloop
endfacet
facet normal 0 0 -1
  outer loop
    vertex -11.75 11.49999999999999 -3
    vertex -10.25 12.41666666666667 -3
    vertex -10.25 9.083333333333346 -3
  endloop
endfacet
facet normal 0 0 -1
  outer loop
    vertex -10.25 12.41666666666667 -3
    vertex -8.75 10.00000000000003 -3
    vertex -10.25 9.083333333333346 -3
  endloop
endfacet
facet normal 0 0 -1
  outer loop
    vertex -10.25 12.41666666666667 -3
    vertex -8.75 13.33333333333335 -3
    vertex -8.75 10.00000000000003 -3
  endloop
endfacet
facet normal 0 0 -1
  outer loop
    vertex -10.25 9.083333333333346 -3
    vertex -8.75 10.00000000000003 -3
    vertex -8.75 6.666666666666705 -3
  endloop
endfacet
facet normal 1 0 0
  outer loop
    vertex 11.75 5.749999999999988 -3
    vertex 11.75 7.187499999999989 -2.25
    vertex 11.75 5.749999999999988 -1.5
  endloop
endfacet
facet normal 1 0 -0
  outer loop
    vertex 11.75 7.187499999999989 -2.25
    vertex 11.75 7.187499999999989 -0.75
    vertex 11.75 5.749999999999988 -1.5
  endloop
endfacet
facet normal 1 0 0
  outer loop
    vertex 11.75 7.187499999999989 -2.25
    vertex 11.75 8.624999999999989 -1.5
    vertex 11.75 7.187499999999989 -0.75
  endloop
endfacet
facet normal 1 0 0
  outer loop
    vertex 11.75 5.749999999999988 -1.5
    vertex 11.75 7.187499999999989 -0.75
    vertex 11.75 5.749999999999988 0
  endloop
endfacet
facet normal 1 0 0
  outer loop
    vertex 11.75 11.49999999999999 -3
    vertex 11.75 12.93749999999999 -2.25
    vertex 11.75 11.49999999999999 -1.5
  endloop
endfacet
facet normal 1 0 -0
  outer loop
    vertex 11.75 12.93749999999999 -2.25
    vertex 11.75 12.93749999999999 -0.75
    vertex 11.75 11.49999999999999 -1.5
  endloop
endfacet
facet normal 1 0 0
  outer loop
    vertex 11.75 12.93749999999999 -2.25
    vertex 11.75 14.37499999999999 -1.5
    vertex 11.75 12.93749999999999 -0.75
  endloop
endfacet
facet normal 1 0 0
  outer loop
    vertex 11.75 11.49999999999999 -1.5
    vertex 11.75 12.93749999999999 -0.75
    vertex 11.75 11.49999999999999 0
  endloop
endfacet
facet normal 1 0 0
  outer loop
    vertex 11.75 23 0
    vertex 11.75 21.5625 -0.75
    vertex 11.75 23 -1.5
  endloop
endfacet
facet normal 1 0 0
  outer loop
    vertex 11.75 21.5625 -0.75
    vertex 11.75 21.5625 -2.25
    vertex 11.75 23 -1.5
  endloop
endfacet
facet normal 1 0 0
  outer loop
    vertex 11.75 21.5625 -0.75
    vertex 11.75 20.125 -1.5
    vertex 11.75 21.5625 -2.25
  endloop
endfacet
facet normal 1 0 0
  outer loop
    vertex 11.75 23 -1.5
    vertex 11.75 21.5625 -2.25
    vertex 11.75 23 -3
  endloop
endfacet
facet normal 1 0 0
  outer loop
    vertex 11.75 17.24999999999999 -3
    vertex 11.75 18.68749999999999 -2.25
    vertex 11.75 17.24999999999999 -1.5
  endloop
endfacet
facet normal 1 0 -0
  outer loop
    vertex 11.75 18.68749999999999 -2.25
    vertex 11.75 18.68749999999999 -0.75
    vertex 11.75 17.24999999999999 -1.5
  endloop
endfacet
facet normal 1 0 0
  outer loop
    vertex 11.75 18.68749999999999 -2.25
    vertex 11.75 20.125 -1.5
    vertex 11.75 18.68749999999999 -0.75
  endloop
endfacet
facet normal 1 0 0
  outer loop
    vertex 11.75 17.24999999999999 -1.5
    vertex 11.75 18.68749999999999 -0.75
    vertex 11.75 17.24999999999999 0
  endloop
endfacet
facet normal 1 0 0
  outer loop
    vertex 11.75 17.24999999999999 0
    vertex 11.75 15.81249999999999 -0.75
    vertex 11.75 17.24999999999999 -1.5
  endloop
endfacet
facet normal 1 0 0
  outer loop
    vertex 11.75 15.81249999999999 -0.75
    vertex 11.75 15.81249999999999 -2.25
    vertex 11.75 17.24999999999999 -1.5
  endloop
endfacet
facet normal 1 0 0
  outer loop
    vertex 11.75 15.81249999999999 -0.75
    vertex 11.75 14.37499999999999 -1.5
    vertex 11.75 15.81249999999999 -2.25
  endloop
endfacet
facet normal 1 0 0
  outer loop
    vertex 11.75 17.24999999999999 -1.5
    vertex 11.75 15.81249999999999 -2.25
    vertex 11.75 17.24999999999999 -3
  endloop
endfacet
facet normal 1 0 0
  outer loop
    vertex 11.75 0 -3
    vertex 11.75 1.437499999999997 -2.25
    vertex 11.75 0 -1.5
  endloop
endfacet
facet normal 1 0 -0
  outer loop
    vertex 11.75 1.437499999999997 -2.25
    vertex 11.75 1.437499999999997 -0.75
    vertex 11.75 0 -1.5
  endloop
endfacet
facet normal 1 0 0
  outer loop
    vertex 11.75 1.437499999999997 -2.25
    vertex 11.75 2.874999999999994 -1.5
    vertex 11.75 1.437499999999997 -0.75
  endloop
endfacet
facet normal 1 0 0
  outer loop
    vertex 11.75 0 -1.5
    vertex 11.75 1.437499999999997 -0.75
    vertex 11.75 0 0
  endloop
endfacet
facet normal 1 0 0
  outer loop
    vertex 11.75 5.749999999999988 0
    vertex 11.75 4.312499999999991 -0.75
    vertex 11.75 5.749999999999988 -1.5
  endloop
endfacet
facet normal 1 0 0
  outer loop
    vertex 11.75 4.312499999999991 -0.75
    vertex 11.75 4.312499999999991 -2.25
    vertex 11.75 5.749999999999988 -1.5
  endloop
endfacet
facet normal 1 0 0
  outer loop
    vertex 11.75 4.312499999999991 -0.75
    vertex 11.75 2.874999999999994 -1.5
    vertex 11.75 4.312499999999991 -2.25
  endloop
endfacet
facet normal 1 0 0
  outer loop
    vertex 11.75 5.749999999999988 -1.5
    vertex 11.75 4.312499999999991 -2.25
    vertex 11.75 5.749999999999988 -3
  endloop
endfacet
facet normal 1 0 0
  outer loop
    vertex 11.75 11.49999999999999 0
    vertex 11.75 10.06249999999999 -0.75
    vertex 11.75 11.49999999999999 -1.5
  endloop
endfacet
facet normal 1 0 0
  outer loop
    vertex 11.75 10.06249999999999 -0.75
    vertex 11.75 10.06249999999999 -2.25
    vertex 11.75 11.49999999999999 -1.5
  endloop
endfacet
facet normal 1 0 0
  outer loop
    vertex 11.75 10.06249999999999 -0.75
    vertex 11.75 8.624999999999989 -1.5
    vertex 11.75 10.06249999999999 -2.25
  endloop
endfacet
facet normal 1 0 0
  outer loop
    vertex 11.75 11.49999999999999 -1.5
    vertex 11.75 10.06249999999999 -2.25
    vertex 11.75 11.49999999999999 -3
  endloop
endfacet
facet normal 1 0 0
  outer loop
    vertex 11.75 5.749999999999988 -3
    vertex 11.75 4.312499999999991 -2.25
    vertex 11.75 2.874999999999994 -3
  endloop
endfacet
facet normal 1 0 0
  outer loop
    vertex 11.75 4.312499999999991 -2.25
    vertex 11.75 1.437499999999997 -2.25
    vertex 11.75 2.874999999999994 -3
  endloop
endfacet
facet normal 1 0 0
  outer loop
    vertex 11.75 4.312499999999991 -2.25
    vertex 11.75 2.874999999999994 -1.5
    vertex 11.75 1.437499999999997 -2.25
  endloop
endfacet
facet normal 1 0 0
  outer loop
    vertex 11.75 2.874999999999994 -3
    vertex 11.75 1.437499999999997 -2.25
    vertex 11.75 0 -3
  endloop
endfacet
facet normal 1 -0 0
  outer loop
    vertex 11.75 0 0
    vertex 11.75 1.437499999999997 -0.75
    vertex 11.75 2.874999999999994 0
  endloop
endfacet
facet normal 1 0 0
  outer loop
    vertex 11.75 1.437499999999997 -0.75
    vertex 11.75 4.312499999999991 -0.75
    vertex 11.75 2.874999999999994 0
  endloop
endfacet
facet normal 1 -0 0
  outer loop
    vertex 11.75 1.437499999999997 -0.75
    vertex 11.75 2.874999999999994 -1.5
    vertex 11.75 4.312499999999991 -0.75
  endloop
endfacet
facet normal 1 -0 0
  outer loop
    vertex 11.75 2.874999999999994 0
    vertex 11.75 4.312499999999991 -0.75
    vertex 11.75 5.749999999999988 0
  endloop
endfacet
facet normal 1 0 0
  outer loop
    vertex 11.75 23 -3
    vertex 11.75 21.5625 -2.25
    vertex 11.75 20.125 -3
  endloop
endfacet
facet normal 1 0 0
  outer loop
    vertex 11.75 21.5625 -2.25
    vertex 11.75 18.68749999999999 -2.25
    vertex 11.75 20.125 -3
  endloop
endfacet
facet normal 1 0 0
  outer loop
    vertex 11.75 21.5625 -2.25
    vertex 11.75 20.125 -1.5
    vertex 11.75 18.68749999999999 -2.25
  endloop
endfacet
facet normal 1 0 0
  outer loop
    vertex 11.75 20.125 -3
    vertex 11.75 18.68749999999999 -2.25
    vertex 11.75 17.24999999999999 -3
  endloop
endfacet
facet normal 1 -0 0
  outer loop
    vertex 11.75 17.24999999999999 0
    vertex 11.75 18.68749999999999 -0.75
    vertex 11.75 20.125 0
  endloop
endfacet
facet normal 1 0 0
  outer loop
    vertex 11.75 18.68749999999999 -0.75
    vertex 11.75 21.5625 -0.75
    vertex 11.75 20.125 0
  endloop
endfacet
facet normal 1 -0 0
  outer loop
    vertex 11.75 18.68749999999999 -0.75
    vertex 11.75 20.125 -1.5
    vertex 11.75 21.5625 -0.75
  endloop
endfacet
facet normal 1 -0 0
  outer loop
    vertex 11.75 20.125 0
    vertex 11.75 21.5625 -0.75
    vertex 11.75 23 0
  endloop
endfacet
facet normal 1 0 0
  outer loop
    vertex 11.75 11.49999999999999 -3
    vertex 11.75 10.06249999999999 -2.25
    vertex 11.75 8.624999999999989 -3
  endloop
endfacet
facet normal 1 0 0
  outer loop
    vertex 11.75 10.06249999999999 -2.25
    vertex 11.75 7.187499999999989 -2.25
    vertex 11.75 8.624999999999989 -3
  endloop
endfacet
facet normal 1 0 0
  outer loop
    vertex 11.75 10.06249999999999 -2.25
    vertex 11.75 8.624999999999989 -1.5
    vertex 11.75 7.187499999999989 -2.25
  endloop
endfacet
facet normal 1 0 0
  outer loop
    vertex 11.75 8.624999999999989 -3
    vertex 11.75 7.187499999999989 -2.25
    vertex 11.75 5.749999999999988 -3
  endloop
endfacet
facet normal 1 0 0
  outer loop
    vertex 11.75 17.24999999999999 -3
    vertex 11.75 15.81249999999999 -2.25
    vertex 11.75 14.37499999999999 -3
  endloop
endfacet
facet normal 1 0 0
  outer loop
    vertex 11.75 15.81249999999999 -2.25
    vertex 11.75 12.93749999999999 -2.25
    vertex 11.75 14.37499999999999 -3
  endloop
endfacet
facet normal 1 0 0
  outer loop
    vertex 11.75 15.81249999999999 -2.25
    vertex 11.75 14.37499999999999 -1.5
    vertex 11.75 12.93749999999999 -2.25
  endloop
endfacet
facet normal 1 0 0
  outer loop
    vertex 11.75 14.37499999999999 -3
    vertex 11.75 12.93749999999999 -2.25
    vertex 11.75 11.49999999999999 -3
  endloop
endfacet
facet normal 1 -0 0
  outer loop
    vertex 11.75 5.749999999999988 0
    vertex 11.75 7.187499999999989 -0.75
    vertex 11.75 8.624999999999989 0
  endloop
endfacet
facet normal 1 0 0
  outer loop
    vertex 11.75 7.187499999999989 -0.75
    vertex 11.75 10.06249999999999 -0.75
    vertex 11.75 8.624999999999989 0
  endloop
endfacet
facet normal 1 -0 0
  outer loop
    vertex 11.75 7.187499999999989 -0.75
    vertex 11.75 8.624999999999989 -1.5
    vertex 11.75 10.06249999999999 -0.75
  endloop
endfacet
facet normal 1 -0 0
  outer loop
    vertex 11.75 8.624999999999989 0
    vertex 11.75 10.06249999999999 -0.75
    vertex 11.75 11.49999999999999 0
  endloop
endfacet
facet normal 1 -0 0
  outer loop
    vertex 11.75 11.49999999999999 0
    vertex 11.75 12.93749999999999 -0.75
    vertex 11.75 14.37499999999999 0
  endloop
endfacet
facet normal 1 0 0
  outer loop
    vertex 11.75 12.93749999999999 -0.75
    vertex 11.75 15.81249999999999 -0.75
    vertex 11.75 14.37499999999999 0
  endloop
endfacet
facet normal 1 -0 0
  outer loop
    vertex 11.75 12.93749999999999 -0.75
    vertex 11.75 14.37499999999999 -1.5
    vertex 11.75 15.81249999999999 -0.75
  endloop
endfacet
facet normal 1 -0 0
  outer loop
    vertex 11.75 14.37499999999999 0
    vertex 11.75 15.81249999999999 -0.75
    vertex 11.75 17.24999999999999 0
  endloop
endfacet
facet normal 0 0 1
  outer loop
    vertex -6.619519168154188 14.39111856499582 0
    vertex -6.810237011878225 11.51798809600798 0
    vertex -3.253455011912536 12.95901739945239 0
  endloop
endfacet
facet normal -0 0 1
  outer loop
    vertex -6.810237011878225 11.51798809600798 0
    vertex -3.444172855636573 10.08588693046454 0
    vertex -3.253455011912536 12.95901739945239 0
  endloop
endfacet
facet normal 0 0 1
  outer loop
    vertex -6.810237011878225 11.51798809600798 0
    vertex -7.000954855602265 8.644857627020135 0
    vertex -3.444172855636573 10.08588693046454 0
  endloop
endfacet
facet normal 0 0 1
  outer loop
    vertex -3.253455011912536 12.95901739945239 0
    vertex -3.444172855636573 10.08588693046454 0
    vertex 0.1126091443291184 11.52691623390895 0
  endloop
endfacet
facet normal 0 0 1
  outer loop
    vertex 0.1126091443291184 11.52691623390895 0
    vertex -3.444172855636573 10.08588693046454 0
    vertex -1.297282458419485 8.20285688229273 0
  endloop
endfacet
facet normal 0 0 1
  outer loop
    vertex -3.444172855636573 10.08588693046454 0
    vertex -4.854064458385174 6.761827578848322 0
    vertex -1.297282458419485 8.20285688229273 0
  endloop
endfacet
facet normal 0 0 1
  outer loop
    vertex -3.444172855636573 10.08588693046454 0
    vertex -7.000954855602265 8.644857627020135 0
    vertex -4.854064458385174 6.761827578848322 0
  endloop
endfacet
facet normal 0 0 1
  outer loop
    vertex -1.297282458419485 8.20285688229273 0
    vertex -4.854064458385174 6.761827578848322 0
    vertex -2.707174061168086 4.878797530676509 0
  endloop
endfacet
facet normal 0 0 1
  outer loop
    vertex 0.1126091443291184 11.52691623390895 0
    vertex -1.339724686510438 14.84341904477955 0
    vertex -3.253455011912536 12.95901739945239 0
  endloop
endfacet
facet normal 0 0 1
  outer loop
    vertex -1.339724686510438 14.84341904477955 0
    vertex -4.705788842752092 16.27552021032298 0
    vertex -3.253455011912536 12.95901739945239 0
  endloop
endfacet
facet normal 0 0 1
  outer loop
    vertex -1.339724686510438 14.84341904477955 0
    vertex -2.792058517349995 18.15992185565015 0
    vertex -4.705788842752092 16.27552021032298 0
  endloop
endfacet
facet normal 0 0 1
  outer loop
    vertex -3.253455011912536 12.95901739945239 0
    vertex -4.705788842752092 16.27552021032298 0
    vertex -6.619519168154188 14.39111856499582 0
  endloop
endfacet
facet normal -0 0 1
  outer loop
    vertex -2.707174061168086 4.878797530676509 0
    vertex 0.1206607339626657 4.800122403841235 0
    vertex -1.297282458419485 8.20285688229273 0
  endloop
endfacet
facet normal 0 -0 1
  outer loop
    vertex 0.1206607339626657 4.800122403841235 0
    vertex 1.530552336711268 8.124181755457457 0
    vertex -1.297282458419485 8.20285688229273 0
  endloop
endfacet
facet normal -0 0 1
  outer loop
    vertex 0.1206607339626657 4.800122403841235 0
    vertex 2.948495529093417 4.721447277005962 0
    vertex 1.530552336711268 8.124181755457457 0
  endloop
endfacet
facet normal -0 0 1
  outer loop
    vertex -1.297282458419485 8.20285688229273 0
    vertex 1.530552336711268 8.124181755457457 0
    vertex 0.1126091443291184 11.52691623390895 0
  endloop
endfacet
facet normal 0 0 1
  outer loop
    vertex 3.157610638484556 18.22886740495932 0
    vertex 0.1827760605672815 18.19439463030474 0
    vertex 1.635109891406837 14.87789181943414 0
  endloop
endfacet
facet normal 0 0 1
  outer loop
    vertex 0.1827760605672815 18.19439463030474 0
    vertex -1.339724686510438 14.84341904477955 0
    vertex 1.635109891406837 14.87789181943414 0
  endloop
endfacet
facet normal 0 0 1
  outer loop
    vertex 0.1827760605672815 18.19439463030474 0
    vertex -2.792058517349995 18.15992185565015 0
    vertex -1.339724686510438 14.84341904477955 0
  endloop
endfacet
facet normal 0 0 1
  outer loop
    vertex 1.635109891406837 14.87789181943414 0
    vertex -1.339724686510438 14.84341904477955 0
    vertex 0.1126091443291184 11.52691623390895 0
  endloop
endfacet
facet normal -0 0 1
  outer loop
    vertex -3.730349362740526e-14 23 0
    vertex 1.578805319242259 20.61443370247967 0
    vertex 2.937499999999966 23 0
  endloop
endfacet
facet normal 0 0 1
  outer loop
    vertex 1.578805319242259 20.61443370247967 0
    vertex 4.516305319242264 20.61443370247967 0
    vertex 2.937499999999966 23 0
  endloop
endfacet
facet normal -0 0 1
  outer loop
    vertex 1.578805319242259 20.61443370247967 0
    vertex 3.157610638484556 18.22886740495932 0
    vertex 4.516305319242264 20.61443370247967 0
  endloop
endfacet
facet normal -0 0 1
  outer loop
    vertex 2.937499999999966 23 0
    vertex 4.516305319242264 20.61443370247967 0
    vertex 5.874999999999972 23 0
  endloop
endfacet
facet normal 0 0 1
  outer loop
    vertex 3.730349362740526e-14 0 0
    vertex -1.353587030584023 2.439398765338254 0
    vertex -2.937499999999966 0 0
  endloop
endfacet
facet normal 0 0 1
  outer loop
    vertex -1.353587030584023 2.439398765338254 0
    vertex -4.291087030584029 2.439398765338254 0
    vertex -2.937499999999966 0 0
  endloop
endfacet
facet normal 0 0 1
  outer loop
    vertex -1.353587030584023 2.439398765338254 0
    vertex -2.707174061168086 4.878797530676509 0
    vertex -4.291087030584029 2.439398765338254 0
  endloop
endfacet
facet normal 0 0 1
  outer loop
    vertex -2.937499999999966 0 0
    vertex -4.291087030584029 2.439398765338254 0
    vertex -5.874999999999972 0 0
  endloop
endfacet
facet normal 0 0 1
  outer loop
    vertex 0.1126091443291184 11.52691623390895 0
    vertex 1.530552336711268 8.124181755457457 0
    vertex 3.59128244489989 10.12173130227448 0
  endloop
endfacet
facet normal -0 0 1
  outer loop
    vertex 1.530552336711268 8.124181755457457 0
    vertex 5.009225637282039 6.718996823822981 0
    vertex 3.59128244489989 10.12173130227448 0
  endloop
endfacet
facet normal 0 0 1
  outer loop
    vertex 1.530552336711268 8.124181755457457 0
    vertex 2.948495529093417 4.721447277005962 0
    vertex 5.009225637282039 6.718996823822981 0
  endloop
endfacet
facet normal 0 0 1
  outer loop
    vertex 3.59128244489989 10.12173130227448 0
    vertex 5.009225637282039 6.718996823822981 0
    vertex 7.069955745470661 8.71654637064 0
  endloop
endfacet
facet normal 0 0 1
  outer loop
    vertex 11.75 11.49999999999999 0
    vertex 9.409977872735331 10.10827318531999 0
    vertex 11.75 8.624999999999989 0
  endloop
endfacet
facet normal 0 0 1
  outer loop
    vertex 9.409977872735331 10.10827318531999 0
    vertex 9.409977872735331 7.233273185319995 0
    vertex 11.75 8.624999999999989 0
  endloop
endfacet
facet normal 0 0 1
  outer loop
    vertex 9.409977872735331 10.10827318531999 0
    vertex 7.069955745470661 8.71654637064 0
    vertex 9.409977872735331 7.233273185319995 0
  endloop
endfacet
facet normal 0 0 1
  outer loop
    vertex 11.75 8.624999999999989 0
    vertex 9.409977872735331 7.233273185319995 0
    vertex 11.75 5.749999999999988 0
  endloop
endfacet
facet normal 0 0 1
  outer loop
    vertex -11.75 11.49999999999999 0
    vertex -9.184759584077092 12.94555928249791 0
    vertex -11.75 14.37499999999999 0
  endloop
endfacet
facet normal 0 -0 1
  outer loop
    vertex -9.184759584077092 12.94555928249791 0
    vertex -9.184759584077092 15.82055928249791 0
    vertex -11.75 14.37499999999999 0
  endloop
endfacet
facet normal 0 0 1
  outer loop
    vertex -9.184759584077092 12.94555928249791 0
    vertex -6.619519168154188 14.39111856499582 0
    vertex -9.184759584077092 15.82055928249791 0
  endloop
endfacet
facet normal 0 0 1
  outer loop
    vertex -11.75 14.37499999999999 0
    vertex -9.184759584077092 15.82055928249791 0
    vertex -11.75 17.24999999999999 0
  endloop
endfacet
facet normal -0 0 1
  outer loop
    vertex -5.875000000000016 23 0
    vertex -4.333529258675005 20.57996092782507 0
    vertex -2.937500000000027 23 0
  endloop
endfacet
facet normal 0 0 1
  outer loop
    vertex -4.333529258675005 20.57996092782507 0
    vertex -1.396029258675016 20.57996092782507 0
    vertex -2.937500000000027 23 0
  endloop
endfacet
facet normal -0 0 1
  outer loop
    vertex -4.333529258675005 20.57996092782507 0
    vertex -2.792058517349995 18.15992185565015 0
    vertex -1.396029258675016 20.57996092782507 0
  endloop
endfacet
facet normal -0 0 1
  outer loop
    vertex -2.937500000000027 23 0
    vertex -1.396029258675016 20.57996092782507 0
    vertex -3.730349362740526e-14 23 0
  endloop
endfacet
facet normal 0 0 1
  outer loop
    vertex 5.875000000000016 0 0
    vertex 4.411747764546717 2.36072363850298 0
    vertex 2.937500000000027 0 0
  endloop
endfacet
facet normal 0 0 1
  outer loop
    vertex 4.411747764546717 2.36072363850298 0
    vertex 1.474247764546727 2.36072363850298 0
    vertex 2.937500000000027 0 0
  endloop
endfacet
facet normal 0 0 1
  outer loop
    vertex 4.411747764546717 2.36072363850298 0
    vertex 2.948495529093417 4.721447277005962 0
    vertex 1.474247764546727 2.36072363850298 0
  endloop
endfacet
facet normal 0 0 1
  outer loop
    vertex 2.937500000000027 0 0
    vertex 1.474247764546727 2.36072363850298 0
    vertex 3.730349362740526e-14 0 0
  endloop
endfacet
facet normal 0 0 1
  outer loop
    vertex 11.75 17.24999999999999 0
    vertex 9.426436511057556 15.81249999999999 0
    vertex 11.75 14.37499999999999 0
  endloop
endfacet
facet normal 0 0 1
  outer loop
    vertex 9.426436511057556 15.81249999999999 0
    vertex 9.426436511057556 12.93749999999999 0
    vertex 11.75 14.37499999999999 0
  endloop
endfacet
facet normal 0 0 1
  outer loop
    vertex 9.426436511057556 15.81249999999999 0
    vertex 7.102873022115111 14.37499999999999 0
    vertex 9.426436511057556 12.93749999999999 0
  endloop
endfacet
facet normal 0 0 1
  outer loop
    vertex 11.75 14.37499999999999 0
    vertex 9.426436511057556 12.93749999999999 0
    vertex 11.75 11.49999999999999 0
  endloop
endfacet
facet normal 0 0 1
  outer loop
    vertex -11.75 5.749999999999988 0
    vertex -9.375477427801133 7.197428813510061 0
    vertex -11.75 8.624999999999989 0
  endloop
endfacet
facet normal 0 -0 1
  outer loop
    vertex -9.375477427801133 7.197428813510061 0
    vertex -9.375477427801133 10.07242881351006 0
    vertex -11.75 8.624999999999989 0
  endloop
endfacet
facet normal 0 0 1
  outer loop
    vertex -9.375477427801133 7.197428813510061 0
    vertex -7.000954855602265 8.644857627020135 0
    vertex -9.375477427801133 10.07242881351006 0
  endloop
endfacet
facet normal 0 0 1
  outer loop
    vertex -11.75 8.624999999999989 0
    vertex -9.375477427801133 10.07242881351006 0
    vertex -11.75 11.49999999999999 0
  endloop
endfacet
facet normal -0 0 1
  outer loop
    vertex -11.75 23 0
    vertex -9.639025859379707 20.90631446501839 0
    vertex -8.812500000000007 23 0
  endloop
endfacet
facet normal 0 0 1
  outer loop
    vertex -9.639025859379707 20.90631446501839 0
    vertex -6.701525859379714 20.90631446501839 0
    vertex -8.812500000000007 23 0
  endloop
endfacet
facet normal -0 0 1
  outer loop
    vertex -9.639025859379707 20.90631446501839 0
    vertex -7.528051718759411 18.81262893003678 0
    vertex -6.701525859379714 20.90631446501839 0
  endloop
endfacet
facet normal -0 0 1
  outer loop
    vertex -8.812500000000007 23 0
    vertex -6.701525859379714 20.90631446501839 0
    vertex -5.875000000000016 23 0
  endloop
endfacet
facet normal 0 0 1
  outer loop
    vertex 11.75 0 0
    vertex 9.639025859379709 2.093685534981602 0
    vertex 8.812500000000007 0 0
  endloop
endfacet
facet normal 0 0 1
  outer loop
    vertex 9.639025859379709 2.093685534981602 0
    vertex 6.701525859379717 2.093685534981601 0
    vertex 8.812500000000007 0 0
  endloop
endfacet
facet normal 0 0 1
  outer loop
    vertex 9.639025859379709 2.093685534981602 0
    vertex 7.528051718759418 4.187371069963204 0
    vertex 6.701525859379717 2.093685534981601 0
  endloop
endfacet
facet normal 0 0 1
  outer loop
    vertex 8.812500000000007 0 0
    vertex 6.701525859379717 2.093685534981601 0
    vertex 5.875000000000016 0 0
  endloop
endfacet
facet normal 0 0 1
  outer loop
    vertex -11.75 17.24999999999999 0
    vertex -9.639025859379707 18.03131446501839 0
    vertex -11.75 20.125 0
  endloop
endfacet
facet normal 0 -0 1
  outer loop
    vertex -9.639025859379707 18.03131446501839 0
    vertex -9.639025859379707 20.90631446501839 0
    vertex -11.75 20.125 0
  endloop
endfacet
facet normal 0 0 1
  outer loop
    vertex -9.639025859379707 18.03131446501839 0
    vertex -7.528051718759411 18.81262893003678 0
    vertex -9.639025859379707 20.90631446501839 0
  endloop
endfacet
facet normal 0 0 1
  outer loop
    vertex -11.75 20.125 0
    vertex -9.639025859379707 20.90631446501839 0
    vertex -11.75 23 0
  endloop
endfacet
facet normal 0 0 1
  outer loop
    vertex 11.75 5.749999999999988 0
    vertex 9.639025859379709 4.968685534981596 0
    vertex 11.75 2.874999999999994 0
  endloop
endfacet
facet normal 0 0 1
  outer loop
    vertex 9.639025859379709 4.968685534981596 0
    vertex 9.639025859379709 2.093685534981602 0
    vertex 11.75 2.874999999999994 0
  endloop
endfacet
facet normal 0 0 1
  outer loop
    vertex 9.639025859379709 4.968685534981596 0
    vertex 7.528051718759418 4.187371069963204 0
    vertex 9.639025859379709 2.093685534981602 0
  endloop
endfacet
facet normal 0 0 1
  outer loop
    vertex 11.75 2.874999999999994 0
    vertex 9.639025859379709 2.093685534981602 0
    vertex 11.75 0 0
  endloop
endfacet
facet normal -0 0 1
  outer loop
    vertex 5.874999999999972 23 0
    vertex 6.847746129591804 21.03800795318534 0
    vertex 8.812499999999986 23 0
  endloop
endfacet
facet normal 0 0 1
  outer loop
    vertex 6.847746129591804 21.03800795318534 0
    vertex 9.785246129591817 21.03800795318534 0
    vertex 8.812499999999986 23 0
  endloop
endfacet
facet normal -0 0 1
  outer loop
    vertex 6.847746129591804 21.03800795318534 0
    vertex 7.820492259183636 19.07601590637069 0
    vertex 9.785246129591817 21.03800795318534 0
  endloop
endfacet
facet normal -0 0 1
  outer loop
    vertex 8.812499999999986 23 0
    vertex 9.785246129591817 21.03800795318534 0
    vertex 11.75 23 0
  endloop
endfacet
facet normal 0 0 1
  outer loop
    vertex -5.874999999999972 0 0
    vertex -6.714490538421439 2.080439015091116 0
    vertex -8.812499999999986 0 0
  endloop
endfacet
facet normal 0 0 1
  outer loop
    vertex -6.714490538421439 2.080439015091116 0
    vertex -9.651990538421451 2.080439015091116 0
    vertex -8.812499999999986 0 0
  endloop
endfacet
facet normal 0 0 1
  outer loop
    vertex -6.714490538421439 2.080439015091116 0
    vertex -7.553981076842906 4.160878030182232 0
    vertex -9.651990538421451 2.080439015091116 0
  endloop
endfacet
facet normal 0 0 1
  outer loop
    vertex -8.812499999999986 0 0
    vertex -9.651990538421451 2.080439015091116 0
    vertex -11.75 0 0
  endloop
endfacet
facet normal 0 0 1
  outer loop
    vertex 11.75 23 0
    vertex 9.785246129591817 21.03800795318534 0
    vertex 11.75 20.125 0
  endloop
endfacet
facet normal 0 0 1
  outer loop
    vertex 9.785246129591817 21.03800795318534 0
    vertex 9.785246129591817 18.16300795318534 0
    vertex 11.75 20.125 0
  endloop
endfacet
facet normal 0 0 1
  outer loop
    vertex 9.785246129591817 21.03800795318534 0
    vertex 7.820492259183636 19.07601590637069 0
    vertex 9.785246129591817 18.16300795318534 0
  endloop
endfacet
facet normal 0 0 1
  outer loop
    vertex 11.75 20.125 0
    vertex 9.785246129591817 18.16300795318534 0
    vertex 11.75 17.24999999999999 0
  endloop
endfacet
facet normal 0 0 1
  outer loop
    vertex -11.75 0 0
    vertex -9.651990538421451 2.080439015091116 0
    vertex -11.75 2.874999999999994 0
  endloop
endfacet
facet normal 0 -0 1
  outer loop
    vertex -9.651990538421451 2.080439015091116 0
    vertex -9.651990538421451 4.955439015091111 0
    vertex -11.75 2.874999999999994 0
  endloop
endfacet
facet normal 0 0 1
  outer loop
    vertex -9.651990538421451 2.080439015091116 0
    vertex -7.553981076842906 4.160878030182232 0
    vertex -9.651990538421451 4.955439015091111 0
  endloop
endfacet
facet normal 0 0 1
  outer loop
    vertex -11.75 2.874999999999994 0
    vertex -9.651990538421451 4.955439015091111 0
    vertex -11.75 5.749999999999988 0
  endloop
endfacet
facet normal 0 0 1
  outer loop
    vertex 7.102873022115111 14.37499999999999 0
    vertex 3.607741083222114 12.95095811695447 0
    vertex 7.086414383792887 11.54577318532 0
  endloop
endfacet
facet normal 0 0 1
  outer loop
    vertex 3.607741083222114 12.95095811695447 0
    vertex 3.59128244489989 10.12173130227448 0
    vertex 7.086414383792887 11.54577318532 0
  endloop
endfacet
facet normal 0 0 1
  outer loop
    vertex 3.607741083222114 12.95095811695447 0
    vertex 0.1126091443291184 11.52691623390895 0
    vertex 3.59128244489989 10.12173130227448 0
  endloop
endfacet
facet normal 0 0 1
  outer loop
    vertex 7.086414383792887 11.54577318532 0
    vertex 3.59128244489989 10.12173130227448 0
    vertex 7.069955745470661 8.71654637064 0
  endloop
endfacet
facet normal 0 0 1
  outer loop
    vertex -3.730349362740526e-14 23 0
    vertex -1.396029258675016 20.57996092782507 0
    vertex 1.578805319242259 20.61443370247967 0
  endloop
endfacet
facet normal -0 0 1
  outer loop
    vertex -1.396029258675016 20.57996092782507 0
    vertex 0.1827760605672815 18.19439463030474 0
    vertex 1.578805319242259 20.61443370247967 0
  endloop
endfacet
facet normal 0 0 1
  outer loop
    vertex -1.396029258675016 20.57996092782507 0
    vertex -2.792058517349995 18.15992185565015 0
    vertex 0.1827760605672815 18.19439463030474 0
  endloop
endfacet
facet normal 0 0 1
  outer loop
    vertex 1.578805319242259 20.61443370247967 0
    vertex 0.1827760605672815 18.19439463030474 0
    vertex 3.157610638484556 18.22886740495932 0
  endloop
endfacet
facet normal 0 -0 1
  outer loop
    vertex 3.730349362740526e-14 0 0
    vertex 1.474247764546727 2.36072363850298 0
    vertex -1.353587030584023 2.439398765338254 0
  endloop
endfacet
facet normal 0 0 1
  outer loop
    vertex 1.474247764546727 2.36072363850298 0
    vertex 0.1206607339626657 4.800122403841235 0
    vertex -1.353587030584023 2.439398765338254 0
  endloop
endfacet
facet normal 0 -0 1
  outer loop
    vertex 1.474247764546727 2.36072363850298 0
    vertex 2.948495529093417 4.721447277005962 0
    vertex 0.1206607339626657 4.800122403841235 0
  endloop
endfacet
facet normal 0 -0 1
  outer loop
    vertex -1.353587030584023 2.439398765338254 0
    vertex 0.1206607339626657 4.800122403841235 0
    vertex -2.707174061168086 4.878797530676509 0
  endloop
endfacet
facet normal 0 0 1
  outer loop
    vertex 3.157610638484556 18.22886740495932 0
    vertex 1.635109891406837 14.87789181943414 0
    vertex 5.130241830299834 16.30193370247966 0
  endloop
endfacet
facet normal -0 0 1
  outer loop
    vertex 1.635109891406837 14.87789181943414 0
    vertex 3.607741083222114 12.95095811695447 0
    vertex 5.130241830299834 16.30193370247966 0
  endloop
endfacet
facet normal 0 0 1
  outer loop
    vertex 1.635109891406837 14.87789181943414 0
    vertex 0.1126091443291184 11.52691623390895 0
    vertex 3.607741083222114 12.95095811695447 0
  endloop
endfacet
facet normal 0 0 1
  outer loop
    vertex 5.130241830299834 16.30193370247966 0
    vertex 3.607741083222114 12.95095811695447 0
    vertex 7.102873022115111 14.37499999999999 0
  endloop
endfacet
facet normal 0 0 1
  outer loop
    vertex 11.75 11.49999999999999 0
    vertex 9.426436511057556 12.93749999999999 0
    vertex 9.409977872735331 10.10827318531999 0
  endloop
endfacet
facet normal 0 0 1
  outer loop
    vertex 9.426436511057556 12.93749999999999 0
    vertex 7.086414383792887 11.54577318532 0
    vertex 9.409977872735331 10.10827318531999 0
  endloop
endfacet
facet normal 0 0 1
  outer loop
    vertex 9.426436511057556 12.93749999999999 0
    vertex 7.102873022115111 14.37499999999999 0
    vertex 7.086414383792887 11.54577318532 0
  endloop
endfacet
facet normal 0 0 1
  outer loop
    vertex 9.409977872735331 10.10827318531999 0
    vertex 7.086414383792887 11.54577318532 0
    vertex 7.069955745470661 8.71654637064 0
  endloop
endfacet
facet normal -0 0 1
  outer loop
    vertex -11.75 11.49999999999999 0
    vertex -9.375477427801133 10.07242881351006 0
    vertex -9.184759584077092 12.94555928249791 0
  endloop
endfacet
facet normal 0 0 1
  outer loop
    vertex -9.375477427801133 10.07242881351006 0
    vertex -6.810237011878225 11.51798809600798 0
    vertex -9.184759584077092 12.94555928249791 0
  endloop
endfacet
facet normal -0 0 1
  outer loop
    vertex -9.375477427801133 10.07242881351006 0
    vertex -7.000954855602265 8.644857627020135 0
    vertex -6.810237011878225 11.51798809600798 0
  endloop
endfacet
facet normal -0 0 1
  outer loop
    vertex -9.184759584077092 12.94555928249791 0
    vertex -6.810237011878225 11.51798809600798 0
    vertex -6.619519168154188 14.39111856499582 0
  endloop
endfacet
facet normal 0 0 1
  outer loop
    vertex 3.157610638484556 18.22886740495932 0
    vertex 5.489051448834096 18.65244165566501 0
    vertex 4.516305319242264 20.61443370247967 0
  endloop
endfacet
facet normal 0 -0 1
  outer loop
    vertex 5.489051448834096 18.65244165566501 0
    vertex 6.847746129591804 21.03800795318534 0
    vertex 4.516305319242264 20.61443370247967 0
  endloop
endfacet
facet normal 0 0 1
  outer loop
    vertex 5.489051448834096 18.65244165566501 0
    vertex 7.820492259183636 19.07601590637069 0
    vertex 6.847746129591804 21.03800795318534 0
  endloop
endfacet
facet normal 0 0 1
  outer loop
    vertex 4.516305319242264 20.61443370247967 0
    vertex 6.847746129591804 21.03800795318534 0
    vertex 5.874999999999972 23 0
  endloop
endfacet
facet normal 0 0 1
  outer loop
    vertex -2.707174061168086 4.878797530676509 0
    vertex -5.130577569005496 4.51983778042937 0
    vertex -4.291087030584029 2.439398765338254 0
  endloop
endfacet
facet normal 0 0 1
  outer loop
    vertex -5.130577569005496 4.51983778042937 0
    vertex -6.714490538421439 2.080439015091116 0
    vertex -4.291087030584029 2.439398765338254 0
  endloop
endfacet
facet normal 0 0 1
  outer loop
    vertex -5.130577569005496 4.51983778042937 0
    vertex -7.553981076842906 4.160878030182232 0
    vertex -6.714490538421439 2.080439015091116 0
  endloop
endfacet
facet normal 0 0 1
  outer loop
    vertex -4.291087030584029 2.439398765338254 0
    vertex -6.714490538421439 2.080439015091116 0
    vertex -5.874999999999972 0 0
  endloop
endfacet
facet normal 0 0 1
  outer loop
    vertex 7.069955745470661 8.71654637064 0
    vertex 7.29900373211504 6.451958720301602 0
    vertex 9.409977872735331 7.233273185319995 0
  endloop
endfacet
facet normal -0 0 1
  outer loop
    vertex 7.29900373211504 6.451958720301602 0
    vertex 9.639025859379709 4.968685534981596 0
    vertex 9.409977872735331 7.233273185319995 0
  endloop
endfacet
facet normal 0 0 1
  outer loop
    vertex 7.29900373211504 6.451958720301602 0
    vertex 7.528051718759418 4.187371069963204 0
    vertex 9.639025859379709 4.968685534981596 0
  endloop
endfacet
facet normal 0 0 1
  outer loop
    vertex 9.409977872735331 7.233273185319995 0
    vertex 9.639025859379709 4.968685534981596 0
    vertex 11.75 5.749999999999988 0
  endloop
endfacet
facet normal 0 0 1
  outer loop
    vertex -6.619519168154188 14.39111856499582 0
    vertex -7.073785443456799 16.6018737475163 0
    vertex -9.184759584077092 15.82055928249791 0
  endloop
endfacet
facet normal 0 0 1
  outer loop
    vertex -7.073785443456799 16.6018737475163 0
    vertex -9.639025859379707 18.03131446501839 0
    vertex -9.184759584077092 15.82055928249791 0
  endloop
endfacet
facet normal 0 0 1
  outer loop
    vertex -7.073785443456799 16.6018737475163 0
    vertex -7.528051718759411 18.81262893003678 0
    vertex -9.639025859379707 18.03131446501839 0
  endloop
endfacet
facet normal 0 0 1
  outer loop
    vertex -9.184759584077092 15.82055928249791 0
    vertex -9.639025859379707 18.03131446501839 0
    vertex -11.75 17.24999999999999 0
  endloop
endfacet
facet normal 0 0 1
  outer loop
    vertex -5.875000000000016 23 0
    vertex -6.701525859379714 20.90631446501839 0
    vertex -4.333529258675005 20.57996092782507 0
  endloop
endfacet
facet normal 0 0 1
  outer loop
    vertex -6.701525859379714 20.90631446501839 0
    vertex -5.160055118054704 18.48627539284346 0
    vertex -4.333529258675005 20.57996092782507 0
  endloop
endfacet
facet normal 0 0 1
  outer loop
    vertex -6.701525859379714 20.90631446501839 0
    vertex -7.528051718759411 18.81262893003678 0
    vertex -5.160055118054704 18.48627539284346 0
  endloop
endfacet
facet normal 0 0 1
  outer loop
    vertex -4.333529258675005 20.57996092782507 0
    vertex -5.160055118054704 18.48627539284346 0
    vertex -2.792058517349995 18.15992185565015 0
  endloop
endfacet
facet normal 0 -0 1
  outer loop
    vertex 5.875000000000016 0 0
    vertex 6.701525859379717 2.093685534981601 0
    vertex 4.411747764546717 2.36072363850298 0
  endloop
endfacet
facet normal 0 0 1
  outer loop
    vertex 6.701525859379717 2.093685534981601 0
    vertex 5.238273623926418 4.454409173484582 0
    vertex 4.411747764546717 2.36072363850298 0
  endloop
endfacet
facet normal 0 -0 1
  outer loop
    vertex 6.701525859379717 2.093685534981601 0
    vertex 7.528051718759418 4.187371069963204 0
    vertex 5.238273623926418 4.454409173484582 0
  endloop
endfacet
facet normal 0 -0 1
  outer loop
    vertex 4.411747764546717 2.36072363850298 0
    vertex 5.238273623926418 4.454409173484582 0
    vertex 2.948495529093417 4.721447277005962 0
  endloop
endfacet
facet normal 0 0 1
  outer loop
    vertex 11.75 17.24999999999999 0
    vertex 9.785246129591817 18.16300795318534 0
    vertex 9.426436511057556 15.81249999999999 0
  endloop
endfacet
facet normal 0 0 1
  outer loop
    vertex 9.785246129591817 18.16300795318534 0
    vertex 7.461682640649373 16.72550795318534 0
    vertex 9.426436511057556 15.81249999999999 0
  endloop
endfacet
facet normal 0 0 1
  outer loop
    vertex 9.785246129591817 18.16300795318534 0
    vertex 7.820492259183636 19.07601590637069 0
    vertex 7.461682640649373 16.72550795318534 0
  endloop
endfacet
facet normal 0 0 1
  outer loop
    vertex 9.426436511057556 15.81249999999999 0
    vertex 7.461682640649373 16.72550795318534 0
    vertex 7.102873022115111 14.37499999999999 0
  endloop
endfacet
facet normal -0 0 1
  outer loop
    vertex -11.75 5.749999999999988 0
    vertex -9.651990538421451 4.955439015091111 0
    vertex -9.375477427801133 7.197428813510061 0
  endloop
endfacet
facet normal 0 0 1
  outer loop
    vertex -9.651990538421451 4.955439015091111 0
    vertex -7.277467966222584 6.402867828601184 0
    vertex -9.375477427801133 7.197428813510061 0
  endloop
endfacet
facet normal -0 0 1
  outer loop
    vertex -9.651990538421451 4.955439015091111 0
    vertex -7.553981076842906 4.160878030182232 0
    vertex -7.277467966222584 6.402867828601184 0
  endloop
endfacet
facet normal -0 0 1
  outer loop
    vertex -9.375477427801133 7.197428813510061 0
    vertex -7.277467966222584 6.402867828601184 0
    vertex -7.000954855602265 8.644857627020135 0
  endloop
endfacet
facet normal 0 0 1
  outer loop
    vertex -2.792058517349995 18.15992185565015 0
    vertex -5.160055118054704 18.48627539284346 0
    vertex -4.705788842752092 16.27552021032298 0
  endloop
endfacet
facet normal 0 0 1
  outer loop
    vertex -5.160055118054704 18.48627539284346 0
    vertex -7.073785443456799 16.6018737475163 0
    vertex -4.705788842752092 16.27552021032298 0
  endloop
endfacet
facet normal 0 0 1
  outer loop
    vertex -5.160055118054704 18.48627539284346 0
    vertex -7.528051718759411 18.81262893003678 0
    vertex -7.073785443456799 16.6018737475163 0
  endloop
endfacet
facet normal 0 0 1
  outer loop
    vertex -4.705788842752092 16.27552021032298 0
    vertex -7.073785443456799 16.6018737475163 0
    vertex -6.619519168154188 14.39111856499582 0
  endloop
endfacet
facet normal -0 0 1
  outer loop
    vertex 2.948495529093417 4.721447277005962 0
    vertex 5.238273623926418 4.454409173484582 0
    vertex 5.009225637282039 6.718996823822981 0
  endloop
endfacet
facet normal 0 -0 1
  outer loop
    vertex 5.238273623926418 4.454409173484582 0
    vertex 7.29900373211504 6.451958720301602 0
    vertex 5.009225637282039 6.718996823822981 0
  endloop
endfacet
facet normal -0 0 1
  outer loop
    vertex 5.238273623926418 4.454409173484582 0
    vertex 7.528051718759418 4.187371069963204 0
    vertex 7.29900373211504 6.451958720301602 0
  endloop
endfacet
facet normal -0 0 1
  outer loop
    vertex 5.009225637282039 6.718996823822981 0
    vertex 7.29900373211504 6.451958720301602 0
    vertex 7.069955745470661 8.71654637064 0
  endloop
endfacet
facet normal 0 -0 1
  outer loop
    vertex 7.102873022115111 14.37499999999999 0
    vertex 7.461682640649373 16.72550795318534 0
    vertex 5.130241830299834 16.30193370247966 0
  endloop
endfacet
facet normal 0 0 1
  outer loop
    vertex 7.461682640649373 16.72550795318534 0
    vertex 5.489051448834096 18.65244165566501 0
    vertex 5.130241830299834 16.30193370247966 0
  endloop
endfacet
facet normal 0 -0 1
  outer loop
    vertex 7.461682640649373 16.72550795318534 0
    vertex 7.820492259183636 19.07601590637069 0
    vertex 5.489051448834096 18.65244165566501 0
  endloop
endfacet
facet normal 0 -0 1
  outer loop
    vertex 5.130241830299834 16.30193370247966 0
    vertex 5.489051448834096 18.65244165566501 0
    vertex 3.157610638484556 18.22886740495932 0
  endloop
endfacet
facet normal 0 0 1
  outer loop
    vertex -7.000954855602265 8.644857627020135 0
    vertex -7.277467966222584 6.402867828601184 0
    vertex -4.854064458385174 6.761827578848322 0
  endloop
endfacet
facet normal -0 0 1
  outer loop
    vertex -7.277467966222584 6.402867828601184 0
    vertex -5.130577569005496 4.51983778042937 0
    vertex -4.854064458385174 6.761827578848322 0
  endloop
endfacet
facet normal 0 0 1
  outer loop
    vertex -7.277467966222584 6.402867828601184 0
    vertex -7.553981076842906 4.160878030182232 0
    vertex -5.130577569005496 4.51983778042937 0
  endloop
endfacet
facet normal 0 0 1
  outer loop
    vertex -4.854064458385174 6.761827578848322 0
    vertex -5.130577569005496 4.51983778042937 0
    vertex -2.707174061168086 4.878797530676509 0
  endloop
endfacet
facet normal -1 0 0
  outer loop
    vertex -11.75 17.24999999999999 -3
    vertex -11.75 17.24999999999999 -1.5
    vertex -11.75 18.68749999999999 -2.25
  endloop
endfacet
facet normal -1 0 0
  outer loop
    vertex -11.75 17.24999999999999 -1.5
    vertex -11.75 18.68749999999999 -0.75
    vertex -11.75 18.68749999999999 -2.25
  endloop
endfacet
facet normal -1 0 0
  outer loop
    vertex -11.75 17.24999999999999 -1.5
    vertex -11.75 17.24999999999999 0
    vertex -11.75 18.68749999999999 -0.75
  endloop
endfacet
facet normal -1 0 0
  outer loop
    vertex -11.75 18.68749999999999 -2.25
    vertex -11.75 18.68749999999999 -0.75
    vertex -11.75 20.125 -1.5
  endloop
endfacet
facet normal -1 0 -0
  outer loop
    vertex -11.75 17.24999999999999 0
    vertex -11.75 17.24999999999999 -1.5
    vertex -11.75 15.81249999999999 -0.75
  endloop
endfacet
facet normal -1 -0 0
  outer loop
    vertex -11.75 17.24999999999999 -1.5
    vertex -11.75 15.81249999999999 -2.25
    vertex -11.75 15.81249999999999 -0.75
  endloop
endfacet
facet normal -1 0 -0
  outer loop
    vertex -11.75 17.24999999999999 -1.5
    vertex -11.75 17.24999999999999 -3
    vertex -11.75 15.81249999999999 -2.25
  endloop
endfacet
facet normal -1 0 -0
  outer loop
    vertex -11.75 15.81249999999999 -0.75
    vertex -11.75 15.81249999999999 -2.25
    vertex -11.75 14.37499999999999 -1.5
  endloop
endfacet
facet normal -1 0 0
  outer loop
    vertex -11.75 0 -3
    vertex -11.75 0 -1.5
    vertex -11.75 1.437499999999997 -2.25
  endloop
endfacet
facet normal -1 0 0
  outer loop
    vertex -11.75 0 -1.5
    vertex -11.75 1.437499999999997 -0.75
    vertex -11.75 1.437499999999997 -2.25
  endloop
endfacet
facet normal -1 0 0
  outer loop
    vertex -11.75 0 -1.5
    vertex -11.75 0 0
    vertex -11.75 1.437499999999997 -0.75
  endloop
endfacet
facet normal -1 0 0
  outer loop
    vertex -11.75 1.437499999999997 -2.25
    vertex -11.75 1.437499999999997 -0.75
    vertex -11.75 2.874999999999994 -1.5
  endloop
endfacet
facet normal -1 0 -0
  outer loop
    vertex -11.75 11.49999999999999 0
    vertex -11.75 11.49999999999999 -1.5
    vertex -11.75 10.06249999999999 -0.75
  endloop
endfacet
facet normal -1 -0 0
  outer loop
    vertex -11.75 11.49999999999999 -1.5
    vertex -11.75 10.06249999999999 -2.25
    vertex -11.75 10.06249999999999 -0.75
  endloop
endfacet
facet normal -1 0 -0
  outer loop
    vertex -11.75 11.49999999999999 -1.5
    vertex -11.75 11.49999999999999 -3
    vertex -11.75 10.06249999999999 -2.25
  endloop
endfacet
facet normal -1 0 -0
  outer loop
    vertex -11.75 10.06249999999999 -0.75
    vertex -11.75 10.06249999999999 -2.25
    vertex -11.75 8.624999999999988 -1.5
  endloop
endfacet
facet normal -1 0 0
  outer loop
    vertex -11.75 5.749999999999988 -3
    vertex -11.75 5.749999999999988 -1.5
    vertex -11.75 7.187499999999988 -2.25
  endloop
endfacet
facet normal -1 0 0
  outer loop
    vertex -11.75 5.749999999999988 -1.5
    vertex -11.75 7.187499999999988 -0.75
    vertex -11.75 7.187499999999988 -2.25
  endloop
endfacet
facet normal -1 0 0
  outer loop
    vertex -11.75 5.749999999999988 -1.5
    vertex -11.75 5.749999999999988 0
    vertex -11.75 7.187499999999988 -0.75
  endloop
endfacet
facet normal -1 0 0
  outer loop
    vertex -11.75 7.187499999999988 -2.25
    vertex -11.75 7.187499999999988 -0.75
    vertex -11.75 8.624999999999988 -1.5
  endloop
endfacet
facet normal -1 0 0
  outer loop
    vertex -11.75 11.49999999999999 -3
    vertex -11.75 11.49999999999999 -1.5
    vertex -11.75 12.93749999999999 -2.25
  endloop
endfacet
facet normal -1 0 0
  outer loop
    vertex -11.75 11.49999999999999 -1.5
    vertex -11.75 12.93749999999999 -0.75
    vertex -11.75 12.93749999999999 -2.25
  endloop
endfacet
facet normal -1 0 0
  outer loop
    vertex -11.75 11.49999999999999 -1.5
    vertex -11.75 11.49999999999999 0
    vertex -11.75 12.93749999999999 -0.75
  endloop
endfacet
facet normal -1 0 0
  outer loop
    vertex -11.75 12.93749999999999 -2.25
    vertex -11.75 12.93749999999999 -0.75
    vertex -11.75 14.37499999999999 -1.5
  endloop
endfacet
facet normal -1 0 -0
  outer loop
    vertex -11.75 5.749999999999988 0
    vertex -11.75 5.749999999999988 -1.5
    vertex -11.75 4.312499999999991 -0.75
  endloop
endfacet
facet normal -1 -0 0
  outer loop
    vertex -11.75 5.749999999999988 -1.5
    vertex -11.75 4.312499999999991 -2.25
    vertex -11.75 4.312499999999991 -0.75
  endloop
endfacet
facet normal -1 0 -0
  outer loop
    vertex -11.75 5.749999999999988 -1.5
    vertex -11.75 5.749999999999988 -3
    vertex -11.75 4.312499999999991 -2.25
  endloop
endfacet
facet normal -1 0 -0
  outer loop
    vertex -11.75 4.312499999999991 -0.75
    vertex -11.75 4.312499999999991 -2.25
    vertex -11.75 2.874999999999994 -1.5
  endloop
endfacet
facet normal -1 0 -0
  outer loop
    vertex -11.75 23 0
    vertex -11.75 23 -1.5
    vertex -11.75 21.5625 -0.75
  endloop
endfacet
facet normal -1 -0 0
  outer loop
    vertex -11.75 23 -1.5
    vertex -11.75 21.5625 -2.25
    vertex -11.75 21.5625 -0.75
  endloop
endfacet
facet normal -1 0 -0
  outer loop
    vertex -11.75 23 -1.5
    vertex -11.75 23 -3
    vertex -11.75 21.5625 -2.25
  endloop
endfacet
facet normal -1 0 -0
  outer loop
    vertex -11.75 21.5625 -0.75
    vertex -11.75 21.5625 -2.25
    vertex -11.75 20.125 -1.5
  endloop
endfacet
facet normal -1 0 0
  outer loop
    vertex -11.75 0 0
    vertex -11.75 2.874999999999994 0
    vertex -11.75 1.437499999999997 -0.75
  endloop
endfacet
facet normal -1 0 -0
  outer loop
    vertex -11.75 2.874999999999994 0
    vertex -11.75 4.312499999999991 -0.75
    vertex -11.75 1.437499999999997 -0.75
  endloop
endfacet
facet normal -1 0 0
  outer loop
    vertex -11.75 2.874999999999994 0
    vertex -11.75 5.749999999999988 0
    vertex -11.75 4.312499999999991 -0.75
  endloop
endfacet
facet normal -1 0 0
  outer loop
    vertex -11.75 1.437499999999997 -0.75
    vertex -11.75 4.312499999999991 -0.75
    vertex -11.75 2.874999999999994 -1.5
  endloop
endfacet
facet normal -1 0 0
  outer loop
    vertex -11.75 5.749999999999988 -3
    vertex -11.75 2.874999999999994 -3
    vertex -11.75 4.312499999999991 -2.25
  endloop
endfacet
facet normal -1 0 0
  outer loop
    vertex -11.75 2.874999999999994 -3
    vertex -11.75 1.437499999999997 -2.25
    vertex -11.75 4.312499999999991 -2.25
  endloop
endfacet
facet normal -1 0 0
  outer loop
    vertex -11.75 2.874999999999994 -3
    vertex -11.75 0 -3
    vertex -11.75 1.437499999999997 -2.25
  endloop
endfacet
facet normal -1 0 0
  outer loop
    vertex -11.75 4.312499999999991 -2.25
    vertex -11.75 1.437499999999997 -2.25
    vertex -11.75 2.874999999999994 -1.5
  endloop
endfacet
facet normal -1 0 0
  outer loop
    vertex -11.75 23 -3
    vertex -11.75 20.125 -3
    vertex -11.75 21.5625 -2.25
  endloop
endfacet
facet normal -1 0 0
  outer loop
    vertex -11.75 20.125 -3
    vertex -11.75 18.68749999999999 -2.25
    vertex -11.75 21.5625 -2.25
  endloop
endfacet
facet normal -1 0 0
  outer loop
    vertex -11.75 20.125 -3
    vertex -11.75 17.24999999999999 -3
    vertex -11.75 18.68749999999999 -2.25
  endloop
endfacet
facet normal -1 0 0
  outer loop
    vertex -11.75 21.5625 -2.25
    vertex -11.75 18.68749999999999 -2.25
    vertex -11.75 20.125 -1.5
  endloop
endfacet
facet normal -1 0 0
  outer loop
    vertex -11.75 17.24999999999999 0
    vertex -11.75 20.125 0
    vertex -11.75 18.68749999999999 -0.75
  endloop
endfacet
facet normal -1 0 -0
  outer loop
    vertex -11.75 20.125 0
    vertex -11.75 21.5625 -0.75
    vertex -11.75 18.68749999999999 -0.75
  endloop
endfacet
facet normal -1 0 0
  outer loop
    vertex -11.75 20.125 0
    vertex -11.75 23 0
    vertex -11.75 21.5625 -0.75
  endloop
endfacet
facet normal -1 0 0
  outer loop
    vertex -11.75 18.68749999999999 -0.75
    vertex -11.75 21.5625 -0.75
    vertex -11.75 20.125 -1.5
  endloop
endfacet
facet normal -1 0 0
  outer loop
    vertex -11.75 11.49999999999999 -3
    vertex -11.75 8.624999999999989 -3
    vertex -11.75 10.06249999999999 -2.25
  endloop
endfacet
facet normal -1 0 0
  outer loop
    vertex -11.75 8.624999999999989 -3
    vertex -11.75 7.187499999999988 -2.25
    vertex -11.75 10.06249999999999 -2.25
  endloop
endfacet
facet normal -1 0 0
  outer loop
    vertex -11.75 8.624999999999989 -3
    vertex -11.75 5.749999999999988 -3
    vertex -11.75 7.187499999999988 -2.25
  endloop
endfacet
facet normal -1 0 0
  outer loop
    vertex -11.75 10.06249999999999 -2.25
    vertex -11.75 7.187499999999988 -2.25
    vertex -11.75 8.624999999999988 -1.5
  endloop
endfacet
facet normal -1 0 0
  outer loop
    vertex -11.75 17.24999999999999 -3
    vertex -11.75 14.37499999999999 -3
    vertex -11.75 15.81249999999999 -2.25
  endloop
endfacet
facet normal -1 0 0
  outer loop
    vertex -11.75 14.37499999999999 -3
    vertex -11.75 12.93749999999999 -2.25
    vertex -11.75 15.81249999999999 -2.25
  endloop
endfacet
facet normal -1 0 0
  outer loop
    vertex -11.75 14.37499999999999 -3
    vertex -11.75 11.49999999999999 -3
    vertex -11.75 12.93749999999999 -2.25
  endloop
endfacet
facet normal -1 0 0
  outer loop
    vertex -11.75 15.81249999999999 -2.25
    vertex -11.75 12.93749999999999 -2.25
    vertex -11.75 14.37499999999999 -1.5
  endloop
endfacet
facet normal -1 0 0
  outer loop
    vertex -11.75 5.749999999999988 0
    vertex -11.75 8.624999999999989 0
    vertex -11.75 7.187499999999988 -0.75
  endloop
endfacet
facet normal -1 0 -0
  outer loop
    vertex -11.75 8.624999999999989 0
    vertex -11.75 10.06249999999999 -0.75
    vertex -11.75 7.187499999999988 -0.75
  endloop
endfacet
facet normal -1 0 0
  outer loop
    vertex -11.75 8.624999999999989 0
    vertex -11.75 11.49999999999999 0
    vertex -11.75 10.06249999999999 -0.75
  endloop
endfacet
facet normal -1 0 0
  outer loop
    vertex -11.75 7.187499999999988 -0.75
    vertex -11.75 10.06249999999999 -0.75
    vertex -11.75 8.624999999999988 -1.5
  endloop
endfacet
facet normal -1 0 0
  outer loop
    vertex -11.75 11.49999999999999 0
    vertex -11.75 14.37499999999999 0
    vertex -11.75 12.93749999999999 -0.75
  endloop
endfacet
facet normal -1 0 -0
  outer loop
    vertex -11.75 14.37499999999999 0
    vertex -11.75 15.81249999999999 -0.75
    vertex -11.75 12.93749999999999 -0.75
  endloop
endfacet
facet normal -1 0 0
  outer loop
    vertex -11.75 14.37499999999999 0
    vertex -11.75 17.24999999999999 0
    vertex -11.75 15.81249999999999 -0.75
  endloop
endfacet
facet normal -1 0 0
  outer loop
    vertex -11.75 12.93749999999999 -0.75
    vertex -11.75 15.81249999999999 -0.75
    vertex -11.75 14.37499999999999 -1.5
  endloop
endfacet
facet normal -1 0 0
  outer loop
    vertex -8.75 0 -28.73453062835551
    vertex -8.75 0 -25.51771429981107
    vertex -8.75 3.747095813632773 -27.81822401645709
  endloop
endfacet
facet normal -1 0 0
  outer loop
    vertex -8.75 0 -25.51771429981107
    vertex -8.75 3.747095813632773 -24.60140768791265
    vertex -8.75 3.747095813632773 -27.81822401645709
  endloop
endfacet
facet normal -1 0 0
  outer loop
    vertex -8.75 0 -25.51771429981107
    vertex -8.75 0 -22.30089797126663
    vertex -8.75 3.747095813632773 -24.60140768791265
  endloop
endfacet
facet normal -1 0 0
  outer loop
    vertex -8.75 3.747095813632773 -27.81822401645709
    vertex -8.75 3.747095813632773 -24.60140768791265
    vertex -8.75 7.494191627265547 -26.90191740455867
  endloop
endfacet
facet normal -1 -0 0
  outer loop
    vertex -8.75 16.26309850219135 -27.51262313504544
    vertex -8.75 14.39464775328702 -29.87825834052401
    vertex -8.75 11.87864506472845 -27.20727026980206
  endloop
endfacet
facet normal -1 0 0
  outer loop
    vertex -8.75 14.39464775328702 -29.87825834052401
    vertex -8.75 10.01019431582412 -29.57290547528062
    vertex -8.75 11.87864506472845 -27.20727026980206
  endloop
endfacet
facet normal -1 -0 0
  outer loop
    vertex -8.75 14.39464775328702 -29.87825834052401
    vertex -8.75 12.5261970043827 -32.24389354600257
    vertex -8.75 10.01019431582412 -29.57290547528062
  endloop
endfacet
facet normal -1 -0 0
  outer loop
    vertex -8.75 11.87864506472845 -27.20727026980206
    vertex -8.75 10.01019431582412 -29.57290547528062
    vertex -8.75 7.494191627265547 -26.90191740455867
  endloop
endfacet
facet normal -1 0 0
  outer loop
    vertex -8.75 13.9985913025061 -21.12075968604479
    vertex -8.75 10.35620554121912 -20.05840572491608
    vertex -8.75 13.48150530899333 -17.31866155936363
  endloop
endfacet
facet normal -1 0 0
  outer loop
    vertex -8.75 10.35620554121912 -20.05840572491608
    vertex -8.75 9.83911954770635 -16.25630759823492
    vertex -8.75 13.48150530899333 -17.31866155936363
  endloop
endfacet
facet normal -1 0 0
  outer loop
    vertex -8.75 10.35620554121912 -20.05840572491608
    vertex -8.75 6.713819779932146 -18.99605176378738
    vertex -8.75 9.83911954770635 -16.25630759823492
  endloop
endfacet
facet normal -1 0 0
  outer loop
    vertex -8.75 13.48150530899333 -17.31866155936363
    vertex -8.75 9.83911954770635 -16.25630759823492
    vertex -8.75 12.96441931548055 -13.51656343268246
  endloop
endfacet
facet normal -1 0 0
  outer loop
    vertex -8.75 6.713819779932146 -18.99605176378738
    vertex -8.75 10.35620554121912 -20.05840572491608
    vertex -8.75 7.104005703598847 -22.94898458417303
  endloop
endfacet
facet normal -1 0 -0
  outer loop
    vertex -8.75 10.35620554121912 -20.05840572491608
    vertex -8.75 10.74639146488582 -24.01133854530173
    vertex -8.75 7.104005703598847 -22.94898458417303
  endloop
endfacet
facet normal -1 0 0
  outer loop
    vertex -8.75 10.35620554121912 -20.05840572491608
    vertex -8.75 13.9985913025061 -21.12075968604479
    vertex -8.75 10.74639146488582 -24.01133854530173
  endloop
endfacet
facet normal -1 0 0
  outer loop
    vertex -8.75 7.104005703598847 -22.94898458417303
    vertex -8.75 10.74639146488582 -24.01133854530173
    vertex -8.75 7.494191627265547 -26.90191740455867
  endloop
endfacet
facet normal -1 0 0
  outer loop
    vertex -8.75 0 -22.30089797126663
    vertex -8.75 3.356909889966073 -20.648474867527
    vertex -8.75 3.747095813632773 -24.60140768791265
  endloop
endfacet
facet normal -1 0 0
  outer loop
    vertex -8.75 3.356909889966073 -20.648474867527
    vertex -8.75 7.104005703598847 -22.94898458417303
    vertex -8.75 3.747095813632773 -24.60140768791265
  endloop
endfacet
facet normal -1 0 0
  outer loop
    vertex -8.75 3.356909889966073 -20.648474867527
    vertex -8.75 6.713819779932146 -18.99605176378738
    vertex -8.75 7.104005703598847 -22.94898458417303
  endloop
endfacet
facet normal -1 0 0
  outer loop
    vertex -8.75 3.747095813632773 -24.60140768791265
    vertex -8.75 7.104005703598847 -22.94898458417303
    vertex -8.75 7.494191627265547 -26.90191740455867
  endloop
endfacet
facet normal -1 0 -0
  outer loop
    vertex -8.75 20 -9.593784241362769
    vertex -8.75 20 -12.89067636204414
    vertex -8.75 16.48220965774027 -11.55517383702262
  endloop
endfacet
facet normal -1 -0 0
  outer loop
    vertex -8.75 20 -12.89067636204414
    vertex -8.75 16.48220965774027 -14.85206595770399
    vertex -8.75 16.48220965774027 -11.55517383702262
  endloop
endfacet
facet normal -1 0 -0
  outer loop
    vertex -8.75 20 -12.89067636204414
    vertex -8.75 20 -16.18756848272552
    vertex -8.75 16.48220965774027 -14.85206595770399
  endloop
endfacet
facet normal -1 0 -0
  outer loop
    vertex -8.75 16.48220965774027 -11.55517383702262
    vertex -8.75 16.48220965774027 -14.85206595770399
    vertex -8.75 12.96441931548055 -13.51656343268246
  endloop
endfacet
facet normal -1 0 -0
  outer loop
    vertex -8.75 13.9985913025061 -21.12075968604479
    vertex -8.75 15.13084490234873 -24.31669141054511
    vertex -8.75 10.74639146488582 -24.01133854530173
  endloop
endfacet
facet normal -1 -0 0
  outer loop
    vertex -8.75 15.13084490234873 -24.31669141054511
    vertex -8.75 11.87864506472845 -27.20727026980206
    vertex -8.75 10.74639146488582 -24.01133854530173
  endloop
endfacet
facet normal -1 0 -0
  outer loop
    vertex -8.75 15.13084490234873 -24.31669141054511
    vertex -8.75 16.26309850219135 -27.51262313504544
    vertex -8.75 11.87864506472845 -27.20727026980206
  endloop
endfacet
facet normal -1 0 -0
  outer loop
    vertex -8.75 10.74639146488582 -24.01133854530173
    vertex -8.75 11.87864506472845 -27.20727026980206
    vertex -8.75 7.494191627265547 -26.90191740455867
  endloop
endfacet
facet normal -1 -0 0
  outer loop
    vertex -8.75 12.96441931548055 -13.51656343268246
    vertex -8.75 9.83911954770635 -16.25630759823492
    vertex -8.75 9.213130225409335 -12.98765428406109
  endloop
endfacet
facet normal -1 0 0
  outer loop
    vertex -8.75 9.83911954770635 -16.25630759823492
    vertex -8.75 6.087830457635134 -15.72739844961355
    vertex -8.75 9.213130225409335 -12.98765428406109
  endloop
endfacet
facet normal -1 -0 0
  outer loop
    vertex -8.75 9.83911954770635 -16.25630759823492
    vertex -8.75 6.713819779932146 -18.99605176378738
    vertex -8.75 6.087830457635134 -15.72739844961355
  endloop
endfacet
facet normal -1 -0 0
  outer loop
    vertex -8.75 9.213130225409335 -12.98765428406109
    vertex -8.75 6.087830457635134 -15.72739844961355
    vertex -8.75 5.461841135338119 -12.45874513543972
  endloop
endfacet
facet normal -1 0 -0
  outer loop
    vertex -8.75 20 -16.18756848272552
    vertex -8.75 20 -19.48446060340691
    vertex -8.75 16.99929565125305 -18.65416408438515
  endloop
endfacet
facet normal -1 -0 0
  outer loop
    vertex -8.75 20 -19.48446060340691
    vertex -8.75 16.99929565125305 -21.95105620506655
    vertex -8.75 16.99929565125305 -18.65416408438515
  endloop
endfacet
facet normal -1 0 -0
  outer loop
    vertex -8.75 20 -19.48446060340691
    vertex -8.75 20 -22.78135272408831
    vertex -8.75 16.99929565125305 -21.95105620506655
  endloop
endfacet
facet normal -1 0 -0
  outer loop
    vertex -8.75 16.99929565125305 -18.65416408438515
    vertex -8.75 16.99929565125305 -21.95105620506655
    vertex -8.75 13.9985913025061 -21.12075968604479
  endloop
endfacet
facet normal -1 -0 0
  outer loop
    vertex -8.75 20 -9.593784241362769
    vertex -8.75 16.48220965774027 -11.55517383702262
    vertex -8.75 17.59946521410205 -8.52732913768407
  endloop
endfacet
facet normal -1 0 0
  outer loop
    vertex -8.75 16.48220965774027 -11.55517383702262
    vertex -8.75 14.08167487184232 -10.48871873334392
    vertex -8.75 17.59946521410205 -8.52732913768407
  endloop
endfacet
facet normal -1 -0 0
  outer loop
    vertex -8.75 16.48220965774027 -11.55517383702262
    vertex -8.75 12.96441931548055 -13.51656343268246
    vertex -8.75 14.08167487184232 -10.48871873334392
  endloop
endfacet
facet normal -1 -0 0
  outer loop
    vertex -8.75 17.59946521410205 -8.52732913768407
    vertex -8.75 14.08167487184232 -10.48871873334392
    vertex -8.75 15.19893042820409 -7.46087403400537
  endloop
endfacet
facet normal -1 -0 0
  outer loop
    vertex -8.75 20 -16.18756848272552
    vertex -8.75 16.99929565125305 -18.65416408438515
    vertex -8.75 16.48220965774027 -14.85206595770399
  endloop
endfacet
facet normal -1 0 0
  outer loop
    vertex -8.75 16.99929565125305 -18.65416408438515
    vertex -8.75 13.48150530899333 -17.31866155936363
    vertex -8.75 16.48220965774027 -14.85206595770399
  endloop
endfacet
facet normal -1 -0 0
  outer loop
    vertex -8.75 16.99929565125305 -18.65416408438515
    vertex -8.75 13.9985913025061 -21.12075968604479
    vertex -8.75 13.48150530899333 -17.31866155936363
  endloop
endfacet
facet normal -1 -0 0
  outer loop
    vertex -8.75 16.48220965774027 -14.85206595770399
    vertex -8.75 13.48150530899333 -17.31866155936363
    vertex -8.75 12.96441931548055 -13.51656343268246
  endloop
endfacet
facet normal -1 0 0
  outer loop
    vertex -8.75 0 -28.73453062835551
    vertex -8.75 3.747095813632773 -27.81822401645709
    vertex -8.75 1.767589290035603 -30.29341015925339
  endloop
endfacet
facet normal -1 0 -0
  outer loop
    vertex -8.75 3.747095813632773 -27.81822401645709
    vertex -8.75 5.514685103668376 -29.37710354735497
    vertex -8.75 1.767589290035603 -30.29341015925339
  endloop
endfacet
facet normal -1 0 0
  outer loop
    vertex -8.75 3.747095813632773 -27.81822401645709
    vertex -8.75 7.494191627265547 -26.90191740455867
    vertex -8.75 5.514685103668376 -29.37710354735497
  endloop
endfacet
facet normal -1 0 0
  outer loop
    vertex -8.75 1.767589290035603 -30.29341015925339
    vertex -8.75 5.514685103668376 -29.37710354735497
    vertex -8.75 3.535178580071205 -31.85228969015127
  endloop
endfacet
facet normal -1 0 -0
  outer loop
    vertex -8.75 9.696899492206573 -8.194022495981613
    vertex -8.75 11.33065940384356 -10.85529296433204
    vertex -8.75 7.579370313772346 -10.32638381571067
  endloop
endfacet
facet normal -1 -0 0
  outer loop
    vertex -8.75 11.33065940384356 -10.85529296433204
    vertex -8.75 9.213130225409335 -12.98765428406109
    vertex -8.75 7.579370313772346 -10.32638381571067
  endloop
endfacet
facet normal -1 0 -0
  outer loop
    vertex -8.75 11.33065940384356 -10.85529296433204
    vertex -8.75 12.96441931548055 -13.51656343268246
    vertex -8.75 9.213130225409335 -12.98765428406109
  endloop
endfacet
facet normal -1 0 -0
  outer loop
    vertex -8.75 7.579370313772346 -10.32638381571067
    vertex -8.75 9.213130225409335 -12.98765428406109
    vertex -8.75 5.461841135338119 -12.45874513543972
  endloop
endfacet
facet normal -1 0 -0
  outer loop
    vertex -8.75 7.494191627265547 -26.90191740455867
    vertex -8.75 10.01019431582412 -29.57290547528062
    vertex -8.75 7.491113628350964 -29.73041125315173
  endloop
endfacet
facet normal -1 0 0
  outer loop
    vertex -8.75 10.01019431582412 -29.57290547528062
    vertex -8.75 10.00711631690954 -32.40139932387368
    vertex -8.75 7.491113628350964 -29.73041125315173
  endloop
endfacet
facet normal -1 0 -0
  outer loop
    vertex -8.75 10.01019431582412 -29.57290547528062
    vertex -8.75 12.5261970043827 -32.24389354600257
    vertex -8.75 10.00711631690954 -32.40139932387368
  endloop
endfacet
facet normal -1 0 -0
  outer loop
    vertex -8.75 7.491113628350964 -29.73041125315173
    vertex -8.75 10.00711631690954 -32.40139932387368
    vertex -8.75 7.48803562943638 -32.55890510174478
  endloop
endfacet
facet normal -1 0 0
  outer loop
    vertex -8.75 6.666666666666705 -3
    vertex -8.75 10.00000000000003 -3
    vertex -8.75 8.181783079436638 -5.597011247990807
  endloop
endfacet
facet normal -1 0 -0
  outer loop
    vertex -8.75 10.00000000000003 -3
    vertex -8.75 11.51511641276996 -5.597011247990807
    vertex -8.75 8.181783079436638 -5.597011247990807
  endloop
endfacet
facet normal -1 0 0
  outer loop
    vertex -8.75 10.00000000000003 -3
    vertex -8.75 13.33333333333335 -3
    vertex -8.75 11.51511641276996 -5.597011247990807
  endloop
endfacet
facet normal -1 0 0
  outer loop
    vertex -8.75 8.181783079436638 -5.597011247990807
    vertex -8.75 11.51511641276996 -5.597011247990807
    vertex -8.75 9.696899492206573 -8.194022495981613
  endloop
endfacet
facet normal -1 0 0
  outer loop
    vertex -8.75 0 -22.30089797126663
    vertex -8.75 0 -19.08408164272219
    vertex -8.75 3.356909889966073 -20.648474867527
  endloop
endfacet
facet normal -1 0 0
  outer loop
    vertex -8.75 0 -19.08408164272219
    vertex -8.75 3.356909889966073 -17.43165853898257
    vertex -8.75 3.356909889966073 -20.648474867527
  endloop
endfacet
facet normal -1 0 0
  outer loop
    vertex -8.75 0 -19.08408164272219
    vertex -8.75 0 -15.86726531417776
    vertex -8.75 3.356909889966073 -17.43165853898257
  endloop
endfacet
facet normal -1 0 0
  outer loop
    vertex -8.75 3.356909889966073 -20.648474867527
    vertex -8.75 3.356909889966073 -17.43165853898257
    vertex -8.75 6.713819779932146 -18.99605176378738
  endloop
endfacet
facet normal -1 0 0
  outer loop
    vertex -8.75 7.494191627265547 -26.90191740455867
    vertex -8.75 7.491113628350964 -29.73041125315173
    vertex -8.75 5.514685103668376 -29.37710354735497
  endloop
endfacet
facet normal -1 -0 0
  outer loop
    vertex -8.75 7.491113628350964 -29.73041125315173
    vertex -8.75 5.511607104753793 -32.20559739594802
    vertex -8.75 5.514685103668376 -29.37710354735497
  endloop
endfacet
facet normal -1 0 0
  outer loop
    vertex -8.75 7.491113628350964 -29.73041125315173
    vertex -8.75 7.48803562943638 -32.55890510174478
    vertex -8.75 5.511607104753793 -32.20559739594802
  endloop
endfacet
facet normal -1 0 0
  outer loop
    vertex -8.75 5.514685103668376 -29.37710354735497
    vertex -8.75 5.511607104753793 -32.20559739594802
    vertex -8.75 3.535178580071205 -31.85228969015127
  endloop
endfacet
facet normal -1 0 0
  outer loop
    vertex -8.75 12.96441931548055 -13.51656343268246
    vertex -8.75 11.33065940384356 -10.85529296433204
    vertex -8.75 14.08167487184232 -10.48871873334392
  endloop
endfacet
facet normal -1 0 0
  outer loop
    vertex -8.75 11.33065940384356 -10.85529296433204
    vertex -8.75 12.44791496020533 -7.827448264993492
    vertex -8.75 14.08167487184232 -10.48871873334392
  endloop
endfacet
facet normal -1 0 0
  outer loop
    vertex -8.75 11.33065940384356 -10.85529296433204
    vertex -8.75 9.696899492206573 -8.194022495981613
    vertex -8.75 12.44791496020533 -7.827448264993492
  endloop
endfacet
facet normal -1 0 0
  outer loop
    vertex -8.75 14.08167487184232 -10.48871873334392
    vertex -8.75 12.44791496020533 -7.827448264993492
    vertex -8.75 15.19893042820409 -7.46087403400537
  endloop
endfacet
facet normal -1 0 0
  outer loop
    vertex -8.75 1.071565949253934e-15 -35.16816328544438
    vertex -8.75 0 -31.95134695689994
    vertex -8.75 1.767589290035603 -33.51022648779782
  endloop
endfacet
facet normal -1 0 0
  outer loop
    vertex -8.75 0 -31.95134695689994
    vertex -8.75 1.767589290035603 -30.29341015925339
    vertex -8.75 1.767589290035603 -33.51022648779782
  endloop
endfacet
facet normal -1 0 0
  outer loop
    vertex -8.75 0 -31.95134695689994
    vertex -8.75 0 -28.73453062835551
    vertex -8.75 1.767589290035603 -30.29341015925339
  endloop
endfacet
facet normal -1 0 0
  outer loop
    vertex -8.75 1.767589290035603 -33.51022648779782
    vertex -8.75 1.767589290035603 -30.29341015925339
    vertex -8.75 3.535178580071205 -31.85228969015127
  endloop
endfacet
facet normal -1 -0 0
  outer loop
    vertex -8.75 20 -22.78135272408831
    vertex -8.75 18.13154925109568 -25.14698792956687
    vertex -8.75 16.99929565125305 -21.95105620506655
  endloop
endfacet
facet normal -1 0 0
  outer loop
    vertex -8.75 18.13154925109568 -25.14698792956687
    vertex -8.75 15.13084490234873 -24.31669141054511
    vertex -8.75 16.99929565125305 -21.95105620506655
  endloop
endfacet
facet normal -1 -0 0
  outer loop
    vertex -8.75 18.13154925109568 -25.14698792956687
    vertex -8.75 16.26309850219135 -27.51262313504544
    vertex -8.75 15.13084490234873 -24.31669141054511
  endloop
endfacet
facet normal -1 -0 0
  outer loop
    vertex -8.75 16.99929565125305 -21.95105620506655
    vertex -8.75 15.13084490234873 -24.31669141054511
    vertex -8.75 13.9985913025061 -21.12075968604479
  endloop
endfacet
facet normal -1 0 0
  outer loop
    vertex -8.75 0 -15.86726531417776
    vertex -8.75 0 -12.65044898563332
    vertex -8.75 2.73092056766906 -14.16300522480874
  endloop
endfacet
facet normal -1 0 0
  outer loop
    vertex -8.75 0 -12.65044898563332
    vertex -8.75 2.73092056766906 -10.9461888962643
    vertex -8.75 2.73092056766906 -14.16300522480874
  endloop
endfacet
facet normal -1 0 0
  outer loop
    vertex -8.75 0 -12.65044898563332
    vertex -8.75 0 -9.433632657088879
    vertex -8.75 2.73092056766906 -10.9461888962643
  endloop
endfacet
facet normal -1 0 0
  outer loop
    vertex -8.75 2.73092056766906 -14.16300522480874
    vertex -8.75 2.73092056766906 -10.9461888962643
    vertex -8.75 5.461841135338119 -12.45874513543972
  endloop
endfacet
facet normal -1 0 0
  outer loop
    vertex -8.75 13.33333333333335 -3
    vertex -8.75 16.66666666666667 -3
    vertex -8.75 14.26613188076872 -5.230437017002686
  endloop
endfacet
facet normal -1 0 -0
  outer loop
    vertex -8.75 16.66666666666667 -3
    vertex -8.75 17.59946521410205 -5.230437017002686
    vertex -8.75 14.26613188076872 -5.230437017002686
  endloop
endfacet
facet normal -1 0 0
  outer loop
    vertex -8.75 16.66666666666667 -3
    vertex -8.75 20 -3
    vertex -8.75 17.59946521410205 -5.230437017002686
  endloop
endfacet
facet normal -1 0 0
  outer loop
    vertex -8.75 14.26613188076872 -5.230437017002686
    vertex -8.75 17.59946521410205 -5.230437017002686
    vertex -8.75 15.19893042820409 -7.46087403400537
  endloop
endfacet
facet normal -1 0 -0
  outer loop
    vertex -8.75 20 -3
    vertex -8.75 20 -6.296892120681385
    vertex -8.75 17.59946521410205 -5.230437017002686
  endloop
endfacet
facet normal -1 -0 0
  outer loop
    vertex -8.75 20 -6.296892120681385
    vertex -8.75 17.59946521410205 -8.52732913768407
    vertex -8.75 17.59946521410205 -5.230437017002686
  endloop
endfacet
facet normal -1 0 -0
  outer loop
    vertex -8.75 20 -6.296892120681385
    vertex -8.75 20 -9.593784241362769
    vertex -8.75 17.59946521410205 -8.52732913768407
  endloop
endfacet
facet normal -1 0 -0
  outer loop
    vertex -8.75 17.59946521410205 -5.230437017002686
    vertex -8.75 17.59946521410205 -8.52732913768407
    vertex -8.75 15.19893042820409 -7.46087403400537
  endloop
endfacet
facet normal -1 0 0
  outer loop
    vertex -8.75 6.713819779932146 -18.99605176378738
    vertex -8.75 3.356909889966073 -17.43165853898257
    vertex -8.75 6.087830457635134 -15.72739844961355
  endloop
endfacet
facet normal -1 0 0
  outer loop
    vertex -8.75 3.356909889966073 -17.43165853898257
    vertex -8.75 2.73092056766906 -14.16300522480874
    vertex -8.75 6.087830457635134 -15.72739844961355
  endloop
endfacet
facet normal -1 0 0
  outer loop
    vertex -8.75 3.356909889966073 -17.43165853898257
    vertex -8.75 0 -15.86726531417776
    vertex -8.75 2.73092056766906 -14.16300522480874
  endloop
endfacet
facet normal -1 0 0
  outer loop
    vertex -8.75 6.087830457635134 -15.72739844961355
    vertex -8.75 2.73092056766906 -14.16300522480874
    vertex -8.75 5.461841135338119 -12.45874513543972
  endloop
endfacet
facet normal -1 0 0
  outer loop
    vertex -8.75 0 -3
    vertex -8.75 3.333333333333353 -3
    vertex -8.75 2.35373262267633 -5.320360485902535
  endloop
endfacet
facet normal -1 0 -0
  outer loop
    vertex -8.75 3.333333333333353 -3
    vertex -8.75 5.687065956009682 -5.320360485902535
    vertex -8.75 2.35373262267633 -5.320360485902535
  endloop
endfacet
facet normal -1 0 0
  outer loop
    vertex -8.75 3.333333333333353 -3
    vertex -8.75 6.666666666666705 -3
    vertex -8.75 5.687065956009682 -5.320360485902535
  endloop
endfacet
facet normal -1 0 0
  outer loop
    vertex -8.75 2.35373262267633 -5.320360485902535
    vertex -8.75 5.687065956009682 -5.320360485902535
    vertex -8.75 4.70746524535266 -7.64072097180507
  endloop
endfacet
facet normal -1 0 0
  outer loop
    vertex -8.75 0 -9.433632657088879
    vertex -8.75 0 -6.216816328544439
    vertex -8.75 2.35373262267633 -8.537176814446974
  endloop
endfacet
facet normal -1 0 0
  outer loop
    vertex -8.75 0 -6.216816328544439
    vertex -8.75 2.35373262267633 -5.320360485902535
    vertex -8.75 2.35373262267633 -8.537176814446974
  endloop
endfacet
facet normal -1 0 0
  outer loop
    vertex -8.75 0 -6.216816328544439
    vertex -8.75 0 -3
    vertex -8.75 2.35373262267633 -5.320360485902535
  endloop
endfacet
facet normal -1 0 0
  outer loop
    vertex -8.75 2.35373262267633 -8.537176814446974
    vertex -8.75 2.35373262267633 -5.320360485902535
    vertex -8.75 4.70746524535266 -7.64072097180507
  endloop
endfacet
facet normal -1 0 0
  outer loop
    vertex -8.75 12.5261970043827 -32.24389354600257
    vertex -8.75 10.65774625547837 -34.60952875148114
    vertex -8.75 10.00711631690954 -32.40139932387368
  endloop
endfacet
facet normal -1 -0 0
  outer loop
    vertex -8.75 10.65774625547837 -34.60952875148114
    vertex -8.75 8.138665568005214 -34.76703452935224
    vertex -8.75 10.00711631690954 -32.40139932387368
  endloop
endfacet
facet normal -1 0 0
  outer loop
    vertex -8.75 10.65774625547837 -34.60952875148114
    vertex -8.75 8.789295506574046 -36.9751639569597
    vertex -8.75 8.138665568005214 -34.76703452935224
  endloop
endfacet
facet normal -1 0 0
  outer loop
    vertex -8.75 10.00711631690954 -32.40139932387368
    vertex -8.75 8.138665568005214 -34.76703452935224
    vertex -8.75 7.48803562943638 -32.55890510174478
  endloop
endfacet
facet normal -1 0 0
  outer loop
    vertex -8.75 8.789295506574046 -36.9751639569597
    vertex -8.75 6.646581443863424 -36.27554041122433
    vertex -8.75 8.138665568005214 -34.76703452935224
  endloop
endfacet
facet normal -1 0 0
  outer loop
    vertex -8.75 6.646581443863424 -36.27554041122433
    vertex -8.75 5.977800831568125 -34.12936129945021
    vertex -8.75 8.138665568005214 -34.76703452935224
  endloop
endfacet
facet normal -1 0 0
  outer loop
    vertex -8.75 6.646581443863424 -36.27554041122433
    vertex -8.75 4.467566033699869 -35.69981749715564
    vertex -8.75 5.977800831568125 -34.12936129945021
  endloop
endfacet
facet normal -1 0 0
  outer loop
    vertex -8.75 8.138665568005214 -34.76703452935224
    vertex -8.75 5.977800831568125 -34.12936129945021
    vertex -8.75 7.48803562943638 -32.55890510174478
  endloop
endfacet
facet normal -1 0 -0
  outer loop
    vertex -8.75 6.666666666666705 -3
    vertex -8.75 8.181783079436638 -5.597011247990807
    vertex -8.75 5.687065956009682 -5.320360485902535
  endloop
endfacet
facet normal -1 -0 0
  outer loop
    vertex -8.75 8.181783079436638 -5.597011247990807
    vertex -8.75 7.202182368779615 -7.917371733893342
    vertex -8.75 5.687065956009682 -5.320360485902535
  endloop
endfacet
facet normal -1 0 -0
  outer loop
    vertex -8.75 8.181783079436638 -5.597011247990807
    vertex -8.75 9.696899492206573 -8.194022495981613
    vertex -8.75 7.202182368779615 -7.917371733893342
  endloop
endfacet
facet normal -1 0 -0
  outer loop
    vertex -8.75 5.687065956009682 -5.320360485902535
    vertex -8.75 7.202182368779615 -7.917371733893342
    vertex -8.75 4.70746524535266 -7.64072097180507
  endloop
endfacet
facet normal -1 0 0
  outer loop
    vertex -8.75 9.696899492206573 -8.194022495981613
    vertex -8.75 11.51511641276996 -5.597011247990807
    vertex -8.75 12.44791496020533 -7.827448264993492
  endloop
endfacet
facet normal -1 0 0
  outer loop
    vertex -8.75 11.51511641276996 -5.597011247990807
    vertex -8.75 14.26613188076872 -5.230437017002686
    vertex -8.75 12.44791496020533 -7.827448264993492
  endloop
endfacet
facet normal -1 0 0
  outer loop
    vertex -8.75 11.51511641276996 -5.597011247990807
    vertex -8.75 13.33333333333335 -3
    vertex -8.75 14.26613188076872 -5.230437017002686
  endloop
endfacet
facet normal -1 0 0
  outer loop
    vertex -8.75 12.44791496020533 -7.827448264993492
    vertex -8.75 14.26613188076872 -5.230437017002686
    vertex -8.75 15.19893042820409 -7.46087403400537
  endloop
endfacet
facet normal -1 0 0
  outer loop
    vertex -8.75 5.461841135338119 -12.45874513543972
    vertex -8.75 2.73092056766906 -10.9461888962643
    vertex -8.75 5.08465319034539 -10.04973305362239
  endloop
endfacet
facet normal -1 0 0
  outer loop
    vertex -8.75 2.73092056766906 -10.9461888962643
    vertex -8.75 2.35373262267633 -8.537176814446974
    vertex -8.75 5.08465319034539 -10.04973305362239
  endloop
endfacet
facet normal -1 0 0
  outer loop
    vertex -8.75 2.73092056766906 -10.9461888962643
    vertex -8.75 0 -9.433632657088879
    vertex -8.75 2.35373262267633 -8.537176814446974
  endloop
endfacet
facet normal -1 0 0
  outer loop
    vertex -8.75 5.08465319034539 -10.04973305362239
    vertex -8.75 2.35373262267633 -8.537176814446974
    vertex -8.75 4.70746524535266 -7.64072097180507
  endloop
endfacet
facet normal -1 0 0
  outer loop
    vertex -8.75 4.467566033699869 -35.69981749715564
    vertex -8.75 2.248427313096471 -35.30880924014549
    vertex -8.75 4.001372306885537 -33.77605359365345
  endloop
endfacet
facet normal -1 0 0
  outer loop
    vertex -8.75 2.248427313096471 -35.30880924014549
    vertex -8.75 1.767589290035603 -33.51022648779782
    vertex -8.75 4.001372306885537 -33.77605359365345
  endloop
endfacet
facet normal -1 0 0
  outer loop
    vertex -8.75 2.248427313096471 -35.30880924014549
    vertex -8.75 1.071565949253934e-15 -35.16816328544438
    vertex -8.75 1.767589290035603 -33.51022648779782
  endloop
endfacet
facet normal -1 0 0
  outer loop
    vertex -8.75 4.001372306885537 -33.77605359365345
    vertex -8.75 1.767589290035603 -33.51022648779782
    vertex -8.75 3.535178580071205 -31.85228969015127
  endloop
endfacet
facet normal -1 -0 0
  outer loop
    vertex -8.75 9.696899492206573 -8.194022495981613
    vertex -8.75 7.579370313772346 -10.32638381571067
    vertex -8.75 7.202182368779615 -7.917371733893342
  endloop
endfacet
facet normal -1 0 0
  outer loop
    vertex -8.75 7.579370313772346 -10.32638381571067
    vertex -8.75 5.08465319034539 -10.04973305362239
    vertex -8.75 7.202182368779615 -7.917371733893342
  endloop
endfacet
facet normal -1 -0 0
  outer loop
    vertex -8.75 7.579370313772346 -10.32638381571067
    vertex -8.75 5.461841135338119 -12.45874513543972
    vertex -8.75 5.08465319034539 -10.04973305362239
  endloop
endfacet
facet normal -1 -0 0
  outer loop
    vertex -8.75 7.202182368779615 -7.917371733893342
    vertex -8.75 5.08465319034539 -10.04973305362239
    vertex -8.75 4.70746524535266 -7.64072097180507
  endloop
endfacet
facet normal -1 -0 0
  outer loop
    vertex -8.75 7.48803562943638 -32.55890510174478
    vertex -8.75 5.977800831568125 -34.12936129945021
    vertex -8.75 5.511607104753793 -32.20559739594802
  endloop
endfacet
facet normal -1 0 0
  outer loop
    vertex -8.75 5.977800831568125 -34.12936129945021
    vertex -8.75 4.001372306885537 -33.77605359365345
    vertex -8.75 5.511607104753793 -32.20559739594802
  endloop
endfacet
facet normal -1 -0 0
  outer loop
    vertex -8.75 5.977800831568125 -34.12936129945021
    vertex -8.75 4.467566033699869 -35.69981749715564
    vertex -8.75 4.001372306885537 -33.77605359365345
  endloop
endfacet
facet normal -1 -0 0
  outer loop
    vertex -8.75 5.511607104753793 -32.20559739594802
    vertex -8.75 4.001372306885537 -33.77605359365345
    vertex -8.75 3.535178580071205 -31.85228969015127
  endloop
endfacet
facet normal -1 0 0
  outer loop
    vertex -8.75 16.26309850219135 -52.48737686495456
    vertex -8.75 15.72282713515015 -56.24368843247728
    vertex -8.75 13.56926320151021 -52.92055278909005
  endloop
endfacet
facet normal -1 -0 0
  outer loop
    vertex -8.75 15.72282713515015 -56.24368843247728
    vertex -8.75 13.02899183446901 -56.67686435661277
    vertex -8.75 13.56926320151021 -52.92055278909005
  endloop
endfacet
facet normal -1 0 0
  outer loop
    vertex -8.75 15.72282713515015 -56.24368843247728
    vertex -8.75 15.18255576810895 -60
    vertex -8.75 13.02899183446901 -56.67686435661277
  endloop
endfacet
facet normal -1 0 0
  outer loop
    vertex -8.75 13.56926320151021 -52.92055278909005
    vertex -8.75 13.02899183446901 -56.67686435661277
    vertex -8.75 10.87542790082906 -53.35372871322555
  endloop
endfacet
facet normal -1 0 -0
  outer loop
    vertex -8.75 15.18255576810895 -60
    vertex -8.75 15.72282713515015 -63.75631156752272
    vertex -8.75 12.72615836550724 -62.99597080070761
  endloop
endfacet
facet normal -1 -0 0
  outer loop
    vertex -8.75 15.72282713515015 -63.75631156752272
    vertex -8.75 13.26642973254844 -66.75228236823034
    vertex -8.75 12.72615836550724 -62.99597080070761
  endloop
endfacet
facet normal -1 0 -0
  outer loop
    vertex -8.75 15.72282713515015 -63.75631156752272
    vertex -8.75 16.26309850219135 -67.51262313504544
    vertex -8.75 13.26642973254844 -66.75228236823034
  endloop
endfacet
facet normal -1 0 -0
  outer loop
    vertex -8.75 12.72615836550724 -62.99597080070761
    vertex -8.75 13.26642973254844 -66.75228236823034
    vertex -8.75 10.26976096290553 -65.99194160141522
  endloop
endfacet
facet normal -1 0 0
  outer loop
    vertex -8.75 10.26976096290553 -65.99194160141522
    vertex -8.75 7.630824474052629 -63.42726671746399
    vertex -8.75 10.05990181197623 -62.31643373929666
  endloop
endfacet
facet normal -1 0 0
  outer loop
    vertex -8.75 7.630824474052629 -63.42726671746399
    vertex -8.75 7.420965323123333 -59.75175885534542
    vertex -8.75 10.05990181197623 -62.31643373929666
  endloop
endfacet
facet normal -1 0 0
  outer loop
    vertex -8.75 7.630824474052629 -63.42726671746399
    vertex -8.75 4.991887985199732 -60.86259183351275
    vertex -8.75 7.420965323123333 -59.75175885534542
  endloop
endfacet
facet normal -1 0 0
  outer loop
    vertex -8.75 10.05990181197623 -62.31643373929666
    vertex -8.75 7.420965323123333 -59.75175885534542
    vertex -8.75 9.850042661046935 -58.64092587717808
  endloop
endfacet
facet normal -1 -0 0
  outer loop
    vertex -8.75 20 -62.78135272408831
    vertex -8.75 18.13154925109567 -65.14698792956688
    vertex -8.75 17.59127788405447 -61.39067636204415
  endloop
endfacet
facet normal -1 0 0
  outer loop
    vertex -8.75 18.13154925109567 -65.14698792956688
    vertex -8.75 15.72282713515015 -63.75631156752272
    vertex -8.75 17.59127788405447 -61.39067636204415
  endloop
endfacet
facet normal -1 -0 0
  outer loop
    vertex -8.75 18.13154925109567 -65.14698792956688
    vertex -8.75 16.26309850219135 -67.51262313504544
    vertex -8.75 15.72282713515015 -63.75631156752272
  endloop
endfacet
facet normal -1 -0 0
  outer loop
    vertex -8.75 17.59127788405447 -61.39067636204415
    vertex -8.75 15.72282713515015 -63.75631156752272
    vertex -8.75 15.18255576810895 -60
  endloop
endfacet
facet normal -1 0 -0
  outer loop
    vertex -8.75 16.26309850219135 -52.48737686495456
    vertex -8.75 18.13154925109567 -54.85301207043312
    vertex -8.75 15.72282713515015 -56.24368843247728
  endloop
endfacet
facet normal -1 0 0
  outer loop
    vertex -8.75 18.13154925109567 -54.85301207043312
    vertex -8.75 17.59127788405447 -58.60932363795585
    vertex -8.75 15.72282713515015 -56.24368843247728
  endloop
endfacet
facet normal -1 0 -0
  outer loop
    vertex -8.75 18.13154925109567 -54.85301207043312
    vertex -8.75 20 -57.21864727591169
    vertex -8.75 17.59127788405447 -58.60932363795585
  endloop
endfacet
facet normal -1 0 -0
  outer loop
    vertex -8.75 15.72282713515015 -56.24368843247728
    vertex -8.75 17.59127788405447 -58.60932363795585
    vertex -8.75 15.18255576810895 -60
  endloop
endfacet
facet normal -1 -0 0
  outer loop
    vertex -8.75 15.18255576810895 -60
    vertex -8.75 12.72615836550724 -62.99597080070761
    vertex -8.75 12.51629921457794 -59.32046293858904
  endloop
endfacet
facet normal -1 0 0
  outer loop
    vertex -8.75 12.72615836550724 -62.99597080070761
    vertex -8.75 10.05990181197623 -62.31643373929666
    vertex -8.75 12.51629921457794 -59.32046293858904
  endloop
endfacet
facet normal -1 -0 0
  outer loop
    vertex -8.75 12.72615836550724 -62.99597080070761
    vertex -8.75 10.26976096290553 -65.99194160141522
    vertex -8.75 10.05990181197623 -62.31643373929666
  endloop
endfacet
facet normal -1 -0 0
  outer loop
    vertex -8.75 12.51629921457794 -59.32046293858904
    vertex -8.75 10.05990181197623 -62.31643373929666
    vertex -8.75 9.850042661046935 -58.64092587717808
  endloop
endfacet
facet normal -1 0 -0
  outer loop
    vertex -8.75 10.87542790082906 -53.35372871322555
    vertex -8.75 13.02899183446901 -56.67686435661277
    vertex -8.75 10.362735280938 -55.99732729520181
  endloop
endfacet
facet normal -1 -0 0
  outer loop
    vertex -8.75 13.02899183446901 -56.67686435661277
    vertex -8.75 12.51629921457794 -59.32046293858904
    vertex -8.75 10.362735280938 -55.99732729520181
  endloop
endfacet
facet normal -1 0 -0
  outer loop
    vertex -8.75 13.02899183446901 -56.67686435661277
    vertex -8.75 15.18255576810895 -60
    vertex -8.75 12.51629921457794 -59.32046293858904
  endloop
endfacet
facet normal -1 0 -0
  outer loop
    vertex -8.75 10.362735280938 -55.99732729520181
    vertex -8.75 12.51629921457794 -59.32046293858904
    vertex -8.75 9.850042661046935 -58.64092587717808
  endloop
endfacet
facet normal -1 0 -0
  outer loop
    vertex -8.75 4.991887985199732 -60.86259183351275
    vertex -8.75 7.630824474052629 -63.42726671746399
    vertex -8.75 4.612650123903359 -64.01896770587463
  endloop
endfacet
facet normal -1 0 0
  outer loop
    vertex -8.75 7.630824474052629 -63.42726671746399
    vertex -8.75 7.251586612756257 -66.58364258982587
    vertex -8.75 4.612650123903359 -64.01896770587463
  endloop
endfacet
facet normal -1 0 -0
  outer loop
    vertex -8.75 7.630824474052629 -63.42726671746399
    vertex -8.75 10.26976096290553 -65.99194160141522
    vertex -8.75 7.251586612756257 -66.58364258982587
  endloop
endfacet
facet normal -1 0 -0
  outer loop
    vertex -8.75 4.612650123903359 -64.01896770587463
    vertex -8.75 7.251586612756257 -66.58364258982587
    vertex -8.75 4.233412262606986 -67.17534357823651
  endloop
endfacet
facet normal -1 0 0
  outer loop
    vertex -8.75 0 -63.03363265708889
    vertex -8.75 0 -60.00000000000001
    vertex -8.75 2.495943992599865 -61.94811224530082
  endloop
endfacet
facet normal -1 0 0
  outer loop
    vertex -8.75 0 -60.00000000000001
    vertex -8.75 2.495943992599866 -58.91447958821195
    vertex -8.75 2.495943992599865 -61.94811224530082
  endloop
endfacet
facet normal -1 0 0
  outer loop
    vertex -8.75 0 -60.00000000000001
    vertex -8.75 0 -56.96636734291114
    vertex -8.75 2.495943992599866 -58.91447958821195
  endloop
endfacet
facet normal -1 0 0
  outer loop
    vertex -8.75 2.495943992599865 -61.94811224530082
    vertex -8.75 2.495943992599866 -58.91447958821195
    vertex -8.75 4.991887985199732 -60.86259183351275
  endloop
endfacet
facet normal -1 -0 0
  outer loop
    vertex -8.75 16.26309850219135 -67.51262313504544
    vertex -8.75 14.39464775328702 -69.87825834052401
    vertex -8.75 13.26642973254844 -66.75228236823034
  endloop
endfacet
facet normal -1 0 0
  outer loop
    vertex -8.75 14.39464775328702 -69.87825834052401
    vertex -8.75 11.39797898364411 -69.11791757370891
    vertex -8.75 13.26642973254844 -66.75228236823034
  endloop
endfacet
facet normal -1 -0 0
  outer loop
    vertex -8.75 14.39464775328702 -69.87825834052401
    vertex -8.75 12.52619700438269 -72.24389354600258
    vertex -8.75 11.39797898364411 -69.11791757370891
  endloop
endfacet
facet normal -1 -0 0
  outer loop
    vertex -8.75 13.26642973254844 -66.75228236823034
    vertex -8.75 11.39797898364411 -69.11791757370891
    vertex -8.75 10.26976096290553 -65.99194160141522
  endloop
endfacet
facet normal -1 0 -0
  outer loop
    vertex -8.75 12.5261970043827 -47.75610645399743
    vertex -8.75 14.39464775328702 -50.12174165947599
    vertex -8.75 11.70081245260588 -50.55491758361148
  endloop
endfacet
facet normal -1 0 0
  outer loop
    vertex -8.75 14.39464775328702 -50.12174165947599
    vertex -8.75 13.56926320151021 -52.92055278909005
    vertex -8.75 11.70081245260588 -50.55491758361148
  endloop
endfacet
facet normal -1 0 -0
  outer loop
    vertex -8.75 14.39464775328702 -50.12174165947599
    vertex -8.75 16.26309850219135 -52.48737686495456
    vertex -8.75 13.56926320151021 -52.92055278909005
  endloop
endfacet
facet normal -1 0 -0
  outer loop
    vertex -8.75 11.70081245260588 -50.55491758361148
    vertex -8.75 13.56926320151021 -52.92055278909005
    vertex -8.75 10.87542790082906 -53.35372871322555
  endloop
endfacet
facet normal -1 0 -0
  outer loop
    vertex -8.75 7.333785875525409 -48.37217629509573
    vertex -8.75 9.104606888177237 -50.86295250416064
    vertex -8.75 6.025792861545296 -51.15245549045899
  endloop
endfacet
facet normal -1 0 0
  outer loop
    vertex -8.75 9.104606888177237 -50.86295250416064
    vertex -8.75 7.796613874197122 -53.6432316995239
    vertex -8.75 6.025792861545296 -51.15245549045899
  endloop
endfacet
facet normal -1 0 -0
  outer loop
    vertex -8.75 9.104606888177237 -50.86295250416064
    vertex -8.75 10.87542790082906 -53.35372871322555
    vertex -8.75 7.796613874197122 -53.6432316995239
  endloop
endfacet
facet normal -1 0 -0
  outer loop
    vertex -8.75 6.025792861545296 -51.15245549045899
    vertex -8.75 7.796613874197122 -53.6432316995239
    vertex -8.75 4.717799847565182 -53.93273468582225
  endloop
endfacet
facet normal -1 0 -0
  outer loop
    vertex -8.75 20 -57.21864727591169
    vertex -8.75 20 -60
    vertex -8.75 17.59127788405447 -58.60932363795585
  endloop
endfacet
facet normal -1 -0 0
  outer loop
    vertex -8.75 20 -60
    vertex -8.75 17.59127788405447 -61.39067636204415
    vertex -8.75 17.59127788405447 -58.60932363795585
  endloop
endfacet
facet normal -1 0 -0
  outer loop
    vertex -8.75 20 -60
    vertex -8.75 20 -62.78135272408831
    vertex -8.75 17.59127788405447 -61.39067636204415
  endloop
endfacet
facet normal -1 0 -0
  outer loop
    vertex -8.75 17.59127788405447 -58.60932363795585
    vertex -8.75 17.59127788405447 -61.39067636204415
    vertex -8.75 15.18255576810895 -60
  endloop
endfacet
facet normal -1 -0 0
  outer loop
    vertex -8.75 7.333785875525409 -48.37217629509573
    vertex -8.75 6.025792861545296 -51.15245549045899
    vertex -8.75 5.222036486119396 -48.3337289311436
  endloop
endfacet
facet normal -1 0 0
  outer loop
    vertex -8.75 6.025792861545296 -51.15245549045899
    vertex -8.75 3.914043472139282 -51.11400812650687
    vertex -8.75 5.222036486119396 -48.3337289311436
  endloop
endfacet
facet normal -1 -0 0
  outer loop
    vertex -8.75 6.025792861545296 -51.15245549045899
    vertex -8.75 4.717799847565182 -53.93273468582225
    vertex -8.75 3.914043472139282 -51.11400812650687
  endloop
endfacet
facet normal -1 -0 0
  outer loop
    vertex -8.75 5.222036486119396 -48.3337289311436
    vertex -8.75 3.914043472139282 -51.11400812650687
    vertex -8.75 3.110287096713382 -48.29528156719147
  endloop
endfacet
facet normal -1 0 0
  outer loop
    vertex -8.75 10.26976096290553 -65.99194160141522
    vertex -8.75 8.891078315170288 -68.96020418959763
    vertex -8.75 7.251586612756257 -66.58364258982587
  endloop
endfacet
facet normal -1 -0 0
  outer loop
    vertex -8.75 8.891078315170288 -68.96020418959763
    vertex -8.75 5.872903965021019 -69.55190517800827
    vertex -8.75 7.251586612756257 -66.58364258982587
  endloop
endfacet
facet normal -1 0 0
  outer loop
    vertex -8.75 8.891078315170288 -68.96020418959763
    vertex -8.75 7.512395667435051 -71.92846677778005
    vertex -8.75 5.872903965021019 -69.55190517800827
  endloop
endfacet
facet normal -1 0 0
  outer loop
    vertex -8.75 7.251586612756257 -66.58364258982587
    vertex -8.75 5.872903965021019 -69.55190517800827
    vertex -8.75 4.233412262606986 -67.17534357823651
  endloop
endfacet
facet normal -1 -0 0
  outer loop
    vertex -8.75 12.52619700438269 -72.24389354600258
    vertex -8.75 10.65774625547836 -74.60952875148115
    vertex -8.75 10.01929633590887 -72.08618016189131
  endloop
endfacet
facet normal -1 0 0
  outer loop
    vertex -8.75 10.65774625547836 -74.60952875148115
    vertex -8.75 8.150845587004543 -74.45181536736987
    vertex -8.75 10.01929633590887 -72.08618016189131
  endloop
endfacet
facet normal -1 -0 0
  outer loop
    vertex -8.75 10.65774625547836 -74.60952875148115
    vertex -8.75 8.789295506574037 -76.97516395695972
    vertex -8.75 8.150845587004543 -74.45181536736987
  endloop
endfacet
facet normal -1 -0 0
  outer loop
    vertex -8.75 10.01929633590887 -72.08618016189131
    vertex -8.75 8.150845587004543 -74.45181536736987
    vertex -8.75 7.512395667435051 -71.92846677778005
  endloop
endfacet
facet normal -1 0 0
  outer loop
    vertex -8.75 1.071565949253934e-15 -75.16816328544438
    vertex -8.75 0 -72.13453062835549
    vertex -8.75 1.62133739637419 -73.4913505537105
  endloop
endfacet
facet normal -1 0 0
  outer loop
    vertex -8.75 0 -72.13453062835549
    vertex -8.75 1.62133739637419 -70.45771789662163
    vertex -8.75 1.62133739637419 -73.4913505537105
  endloop
endfacet
facet normal -1 0 0
  outer loop
    vertex -8.75 0 -72.13453062835549
    vertex -8.75 0 -69.10089797126662
    vertex -8.75 1.62133739637419 -70.45771789662163
  endloop
endfacet
facet normal -1 0 0
  outer loop
    vertex -8.75 1.62133739637419 -73.4913505537105
    vertex -8.75 1.62133739637419 -70.45771789662163
    vertex -8.75 3.24267479274838 -71.81453782197663
  endloop
endfacet
facet normal -1 0 0
  outer loop
    vertex -8.75 0 -50.89910202873337
    vertex -8.75 0 -47.86546937164449
    vertex -8.75 1.555143548356691 -49.59719179796242
  endloop
endfacet
facet normal -1 0 0
  outer loop
    vertex -8.75 0 -47.86546937164449
    vertex -8.75 1.555143548356691 -46.56355914087354
    vertex -8.75 1.555143548356691 -49.59719179796242
  endloop
endfacet
facet normal -1 0 0
  outer loop
    vertex -8.75 0 -47.86546937164449
    vertex -8.75 1.071565949253934e-15 -44.83183671455561
    vertex -8.75 1.555143548356691 -46.56355914087354
  endloop
endfacet
facet normal -1 0 0
  outer loop
    vertex -8.75 1.555143548356691 -49.59719179796242
    vertex -8.75 1.555143548356691 -46.56355914087354
    vertex -8.75 3.110287096713382 -48.29528156719147
  endloop
endfacet
facet normal -1 0 0
  outer loop
    vertex -8.75 0 -56.96636734291114
    vertex -8.75 0 -53.93273468582225
    vertex -8.75 2.358899923782591 -55.4495510143667
  endloop
endfacet
facet normal -1 0 0
  outer loop
    vertex -8.75 0 -53.93273468582225
    vertex -8.75 2.358899923782591 -52.41591835727781
    vertex -8.75 2.358899923782591 -55.4495510143667
  endloop
endfacet
facet normal -1 0 0
  outer loop
    vertex -8.75 0 -53.93273468582225
    vertex -8.75 0 -50.89910202873337
    vertex -8.75 2.358899923782591 -52.41591835727781
  endloop
endfacet
facet normal -1 0 0
  outer loop
    vertex -8.75 2.358899923782591 -55.4495510143667
    vertex -8.75 2.358899923782591 -52.41591835727781
    vertex -8.75 4.717799847565182 -53.93273468582225
  endloop
endfacet
facet normal -1 0 0
  outer loop
    vertex -8.75 0 -69.10089797126662
    vertex -8.75 0 -66.06726531417775
    vertex -8.75 2.116706131303494 -68.13812077475156
  endloop
endfacet
facet normal -1 0 0
  outer loop
    vertex -8.75 0 -66.06726531417775
    vertex -8.75 2.116706131303493 -65.1044881176627
    vertex -8.75 2.116706131303494 -68.13812077475156
  endloop
endfacet
facet normal -1 0 0
  outer loop
    vertex -8.75 0 -66.06726531417775
    vertex -8.75 0 -63.03363265708889
    vertex -8.75 2.116706131303493 -65.1044881176627
  endloop
endfacet
facet normal -1 0 0
  outer loop
    vertex -8.75 2.116706131303494 -68.13812077475156
    vertex -8.75 2.116706131303493 -65.1044881176627
    vertex -8.75 4.233412262606986 -67.17534357823651
  endloop
endfacet
facet normal -1 0 -0
  outer loop
    vertex -8.75 8.789295506574037 -43.02483604304029
    vertex -8.75 10.65774625547837 -45.39047124851886
    vertex -8.75 8.061540691049725 -45.69850616906801
  endloop
endfacet
facet normal -1 0 0
  outer loop
    vertex -8.75 10.65774625547837 -45.39047124851886
    vertex -8.75 9.929991439954053 -48.06414137454658
    vertex -8.75 8.061540691049725 -45.69850616906801
  endloop
endfacet
facet normal -1 0 -0
  outer loop
    vertex -8.75 10.65774625547837 -45.39047124851886
    vertex -8.75 12.5261970043827 -47.75610645399743
    vertex -8.75 9.929991439954053 -48.06414137454658
  endloop
endfacet
facet normal -1 0 -0
  outer loop
    vertex -8.75 8.061540691049725 -45.69850616906801
    vertex -8.75 9.929991439954053 -48.06414137454658
    vertex -8.75 7.333785875525409 -48.37217629509573
  endloop
endfacet
facet normal -1 0 0
  outer loop
    vertex -8.75 4.991887985199732 -60.86259183351275
    vertex -8.75 4.854843916382457 -57.3976632596675
    vertex -8.75 7.420965323123333 -59.75175885534542
  endloop
endfacet
facet normal -1 0 0
  outer loop
    vertex -8.75 4.854843916382457 -57.3976632596675
    vertex -8.75 7.283921254306058 -56.28683028150017
    vertex -8.75 7.420965323123333 -59.75175885534542
  endloop
endfacet
facet normal -1 0 0
  outer loop
    vertex -8.75 4.854843916382457 -57.3976632596675
    vertex -8.75 4.717799847565182 -53.93273468582225
    vertex -8.75 7.283921254306058 -56.28683028150017
  endloop
endfacet
facet normal -1 0 0
  outer loop
    vertex -8.75 7.420965323123333 -59.75175885534542
    vertex -8.75 7.283921254306058 -56.28683028150017
    vertex -8.75 9.850042661046935 -58.64092587717808
  endloop
endfacet
facet normal -1 0 -0
  outer loop
    vertex -8.75 4.233412262606986 -67.17534357823651
    vertex -8.75 5.872903965021019 -69.55190517800827
    vertex -8.75 3.738043527677683 -69.49494070010657
  endloop
endfacet
facet normal -1 -0 0
  outer loop
    vertex -8.75 5.872903965021019 -69.55190517800827
    vertex -8.75 5.377535230091715 -71.87150229987833
    vertex -8.75 3.738043527677683 -69.49494070010657
  endloop
endfacet
facet normal -1 0 -0
  outer loop
    vertex -8.75 5.872903965021019 -69.55190517800827
    vertex -8.75 7.512395667435051 -71.92846677778005
    vertex -8.75 5.377535230091715 -71.87150229987833
  endloop
endfacet
facet normal -1 0 -0
  outer loop
    vertex -8.75 3.738043527677683 -69.49494070010657
    vertex -8.75 5.377535230091715 -71.87150229987833
    vertex -8.75 3.24267479274838 -71.81453782197663
  endloop
endfacet
facet normal -1 0 0
  outer loop
    vertex -8.75 4.717799847565182 -53.93273468582225
    vertex -8.75 7.796613874197122 -53.6432316995239
    vertex -8.75 7.283921254306058 -56.28683028150017
  endloop
endfacet
facet normal -1 0 -0
  outer loop
    vertex -8.75 7.796613874197122 -53.6432316995239
    vertex -8.75 10.362735280938 -55.99732729520181
    vertex -8.75 7.283921254306058 -56.28683028150017
  endloop
endfacet
facet normal -1 0 0
  outer loop
    vertex -8.75 7.796613874197122 -53.6432316995239
    vertex -8.75 10.87542790082906 -53.35372871322555
    vertex -8.75 10.362735280938 -55.99732729520181
  endloop
endfacet
facet normal -1 0 0
  outer loop
    vertex -8.75 7.283921254306058 -56.28683028150017
    vertex -8.75 10.362735280938 -55.99732729520181
    vertex -8.75 9.850042661046935 -58.64092587717808
  endloop
endfacet
facet normal -1 0 0
  outer loop
    vertex -8.75 4.991887985199732 -60.86259183351275
    vertex -8.75 2.495943992599866 -58.91447958821195
    vertex -8.75 4.854843916382457 -57.3976632596675
  endloop
endfacet
facet normal -1 0 0
  outer loop
    vertex -8.75 2.495943992599866 -58.91447958821195
    vertex -8.75 2.358899923782591 -55.4495510143667
    vertex -8.75 4.854843916382457 -57.3976632596675
  endloop
endfacet
facet normal -1 0 0
  outer loop
    vertex -8.75 2.495943992599866 -58.91447958821195
    vertex -8.75 0 -56.96636734291114
    vertex -8.75 2.358899923782591 -55.4495510143667
  endloop
endfacet
facet normal -1 0 0
  outer loop
    vertex -8.75 4.854843916382457 -57.3976632596675
    vertex -8.75 2.358899923782591 -55.4495510143667
    vertex -8.75 4.717799847565182 -53.93273468582225
  endloop
endfacet
facet normal -1 0 0
  outer loop
    vertex -8.75 0 -63.03363265708889
    vertex -8.75 2.495943992599865 -61.94811224530082
    vertex -8.75 2.116706131303493 -65.1044881176627
  endloop
endfacet
facet normal -1 0 -0
  outer loop
    vertex -8.75 2.495943992599865 -61.94811224530082
    vertex -8.75 4.612650123903359 -64.01896770587463
    vertex -8.75 2.116706131303493 -65.1044881176627
  endloop
endfacet
facet normal -1 0 0
  outer loop
    vertex -8.75 2.495943992599865 -61.94811224530082
    vertex -8.75 4.991887985199732 -60.86259183351275
    vertex -8.75 4.612650123903359 -64.01896770587463
  endloop
endfacet
facet normal -1 0 0
  outer loop
    vertex -8.75 2.116706131303493 -65.1044881176627
    vertex -8.75 4.612650123903359 -64.01896770587463
    vertex -8.75 4.233412262606986 -67.17534357823651
  endloop
endfacet
facet normal -1 0 0
  outer loop
    vertex -8.75 12.5261970043827 -47.75610645399743
    vertex -8.75 11.70081245260588 -50.55491758361148
    vertex -8.75 9.929991439954053 -48.06414137454658
  endloop
endfacet
facet normal -1 -0 0
  outer loop
    vertex -8.75 11.70081245260588 -50.55491758361148
    vertex -8.75 9.104606888177237 -50.86295250416064
    vertex -8.75 9.929991439954053 -48.06414137454658
  endloop
endfacet
facet normal -1 0 0
  outer loop
    vertex -8.75 11.70081245260588 -50.55491758361148
    vertex -8.75 10.87542790082906 -53.35372871322555
    vertex -8.75 9.104606888177237 -50.86295250416064
  endloop
endfacet
facet normal -1 0 0
  outer loop
    vertex -8.75 9.929991439954053 -48.06414137454658
    vertex -8.75 9.104606888177237 -50.86295250416064
    vertex -8.75 7.333785875525409 -48.37217629509573
  endloop
endfacet
facet normal -1 0 0
  outer loop
    vertex -8.75 8.789295506574037 -76.97516395695972
    vertex -8.75 6.646581443863419 -76.27554041122433
    vertex -8.75 8.150845587004543 -74.45181536736987
  endloop
endfacet
facet normal -1 0 0
  outer loop
    vertex -8.75 6.646581443863419 -76.27554041122433
    vertex -8.75 5.989980850567457 -73.81414213746783
    vertex -8.75 8.150845587004543 -74.45181536736987
  endloop
endfacet
facet normal -1 0 0
  outer loop
    vertex -8.75 6.646581443863419 -76.27554041122433
    vertex -8.75 4.467566033699864 -75.69981749715564
    vertex -8.75 5.989980850567457 -73.81414213746783
  endloop
endfacet
facet normal -1 0 0
  outer loop
    vertex -8.75 8.150845587004543 -74.45181536736987
    vertex -8.75 5.989980850567457 -73.81414213746783
    vertex -8.75 7.512395667435051 -71.92846677778005
  endloop
endfacet
facet normal -1 0 -0
  outer loop
    vertex -8.75 10.26976096290553 -65.99194160141522
    vertex -8.75 11.39797898364411 -69.11791757370891
    vertex -8.75 8.891078315170288 -68.96020418959763
  endloop
endfacet
facet normal -1 -0 0
  outer loop
    vertex -8.75 11.39797898364411 -69.11791757370891
    vertex -8.75 10.01929633590887 -72.08618016189131
    vertex -8.75 8.891078315170288 -68.96020418959763
  endloop
endfacet
facet normal -1 0 -0
  outer loop
    vertex -8.75 11.39797898364411 -69.11791757370891
    vertex -8.75 12.52619700438269 -72.24389354600258
    vertex -8.75 10.01929633590887 -72.08618016189131
  endloop
endfacet
facet normal -1 0 -0
  outer loop
    vertex -8.75 8.891078315170288 -68.96020418959763
    vertex -8.75 10.01929633590887 -72.08618016189131
    vertex -8.75 7.512395667435051 -71.92846677778005
  endloop
endfacet
facet normal -1 0 0
  outer loop
    vertex -8.75 4.467566033699859 -44.30018250284436
    vertex -8.75 6.646581443863377 -43.72445958877568
    vertex -8.75 5.900675954612634 -46.33617939897005
  endloop
endfacet
facet normal -1 0 -0
  outer loop
    vertex -8.75 6.646581443863377 -43.72445958877568
    vertex -8.75 8.061540691049725 -45.69850616906801
    vertex -8.75 5.900675954612634 -46.33617939897005
  endloop
endfacet
facet normal -1 0 0
  outer loop
    vertex -8.75 6.646581443863377 -43.72445958877568
    vertex -8.75 8.789295506574037 -43.02483604304029
    vertex -8.75 8.061540691049725 -45.69850616906801
  endloop
endfacet
facet normal -1 0 0
  outer loop
    vertex -8.75 5.900675954612634 -46.33617939897005
    vertex -8.75 8.061540691049725 -45.69850616906801
    vertex -8.75 7.333785875525409 -48.37217629509573
  endloop
endfacet
facet normal -1 0 0
  outer loop
    vertex -8.75 0 -69.10089797126662
    vertex -8.75 2.116706131303494 -68.13812077475156
    vertex -8.75 1.62133739637419 -70.45771789662163
  endloop
endfacet
facet normal -1 0 -0
  outer loop
    vertex -8.75 2.116706131303494 -68.13812077475156
    vertex -8.75 3.738043527677683 -69.49494070010657
    vertex -8.75 1.62133739637419 -70.45771789662163
  endloop
endfacet
facet normal -1 0 0
  outer loop
    vertex -8.75 2.116706131303494 -68.13812077475156
    vertex -8.75 4.233412262606986 -67.17534357823651
    vertex -8.75 3.738043527677683 -69.49494070010657
  endloop
endfacet
facet normal -1 0 0
  outer loop
    vertex -8.75 1.62133739637419 -70.45771789662163
    vertex -8.75 3.738043527677683 -69.49494070010657
    vertex -8.75 3.24267479274838 -71.81453782197663
  endloop
endfacet
facet normal -1 0 0
  outer loop
    vertex -8.75 4.717799847565182 -53.93273468582225
    vertex -8.75 2.358899923782591 -52.41591835727781
    vertex -8.75 3.914043472139282 -51.11400812650687
  endloop
endfacet
facet normal -1 0 0
  outer loop
    vertex -8.75 2.358899923782591 -52.41591835727781
    vertex -8.75 1.555143548356691 -49.59719179796242
    vertex -8.75 3.914043472139282 -51.11400812650687
  endloop
endfacet
facet normal -1 0 0
  outer loop
    vertex -8.75 2.358899923782591 -52.41591835727781
    vertex -8.75 0 -50.89910202873337
    vertex -8.75 1.555143548356691 -49.59719179796242
  endloop
endfacet
facet normal -1 0 0
  outer loop
    vertex -8.75 3.914043472139282 -51.11400812650687
    vertex -8.75 1.555143548356691 -49.59719179796242
    vertex -8.75 3.110287096713382 -48.29528156719147
  endloop
endfacet
facet normal -1 0 0
  outer loop
    vertex -8.75 4.467566033699864 -75.69981749715564
    vertex -8.75 2.248427313096469 -75.30880924014548
    vertex -8.75 3.855120413224122 -73.75717765956614
  endloop
endfacet
facet normal -1 0 0
  outer loop
    vertex -8.75 2.248427313096469 -75.30880924014548
    vertex -8.75 1.62133739637419 -73.4913505537105
    vertex -8.75 3.855120413224122 -73.75717765956614
  endloop
endfacet
facet normal -1 0 0
  outer loop
    vertex -8.75 2.248427313096469 -75.30880924014548
    vertex -8.75 1.071565949253934e-15 -75.16816328544438
    vertex -8.75 1.62133739637419 -73.4913505537105
  endloop
endfacet
facet normal -1 0 0
  outer loop
    vertex -8.75 3.855120413224122 -73.75717765956614
    vertex -8.75 1.62133739637419 -73.4913505537105
    vertex -8.75 3.24267479274838 -71.81453782197663
  endloop
endfacet
facet normal -1 0 0
  outer loop
    vertex -8.75 1.071565949253934e-15 -44.83183671455561
    vertex -8.75 2.248427313096466 -44.69119075985451
    vertex -8.75 1.555143548356691 -46.56355914087354
  endloop
endfacet
facet normal -1 0 -0
  outer loop
    vertex -8.75 2.248427313096466 -44.69119075985451
    vertex -8.75 3.788926565206621 -46.29773203501792
    vertex -8.75 1.555143548356691 -46.56355914087354
  endloop
endfacet
facet normal -1 0 0
  outer loop
    vertex -8.75 2.248427313096466 -44.69119075985451
    vertex -8.75 4.467566033699859 -44.30018250284436
    vertex -8.75 3.788926565206621 -46.29773203501792
  endloop
endfacet
facet normal -1 0 0
  outer loop
    vertex -8.75 1.555143548356691 -46.56355914087354
    vertex -8.75 3.788926565206621 -46.29773203501792
    vertex -8.75 3.110287096713382 -48.29528156719147
  endloop
endfacet
facet normal -1 -0 0
  outer loop
    vertex -8.75 7.512395667435051 -71.92846677778005
    vertex -8.75 5.989980850567457 -73.81414213746783
    vertex -8.75 5.377535230091715 -71.87150229987833
  endloop
endfacet
facet normal -1 0 0
  outer loop
    vertex -8.75 5.989980850567457 -73.81414213746783
    vertex -8.75 3.855120413224122 -73.75717765956614
    vertex -8.75 5.377535230091715 -71.87150229987833
  endloop
endfacet
facet normal -1 -0 0
  outer loop
    vertex -8.75 5.989980850567457 -73.81414213746783
    vertex -8.75 4.467566033699864 -75.69981749715564
    vertex -8.75 3.855120413224122 -73.75717765956614
  endloop
endfacet
facet normal -1 -0 0
  outer loop
    vertex -8.75 5.377535230091715 -71.87150229987833
    vertex -8.75 3.855120413224122 -73.75717765956614
    vertex -8.75 3.24267479274838 -71.81453782197663
  endloop
endfacet
facet normal -1 0 -0
  outer loop
    vertex -8.75 4.467566033699859 -44.30018250284436
    vertex -8.75 5.900675954612634 -46.33617939897005
    vertex -8.75 3.788926565206621 -46.29773203501792
  endloop
endfacet
facet normal -1 -0 0
  outer loop
    vertex -8.75 5.900675954612634 -46.33617939897005
    vertex -8.75 5.222036486119396 -48.3337289311436
    vertex -8.75 3.788926565206621 -46.29773203501792
  endloop
endfacet
facet normal -1 0 -0
  outer loop
    vertex -8.75 5.900675954612634 -46.33617939897005
    vertex -8.75 7.333785875525409 -48.37217629509573
    vertex -8.75 5.222036486119396 -48.3337289311436
  endloop
endfacet
facet normal -1 0 -0
  outer loop
    vertex -8.75 3.788926565206621 -46.29773203501792
    vertex -8.75 5.222036486119396 -48.3337289311436
    vertex -8.75 3.110287096713382 -48.29528156719147
  endloop
endfacet
facet normal -0.0661661 0.427217 0.901725
  outer loop
    vertex -2.972524507602903 9.679090645642024 -75.84859923060699
    vertex 1.110152818088562e-14 9.80445365397836 -75.68987781600238
    vertex -1.489355536079235 13.00685131661789 -77.3163873750822
  endloop
endfacet
facet normal 0 0.452842 0.891591
  outer loop
    vertex 1.110152818088562e-14 9.80445365397836 -75.68987781600238
    vertex 1.489355536079298 13.00685131661789 -77.3163873750822
    vertex -1.489355536079235 13.00685131661789 -77.3163873750822
  endloop
endfacet
facet normal 0.0661661 0.427217 0.901725
  outer loop
    vertex 1.110152818088562e-14 9.80445365397836 -75.68987781600238
    vertex 2.972524507602926 9.679090645642022 -75.84859923060699
    vertex 1.489355536079298 13.00685131661789 -77.3163873750822
  endloop
endfacet
facet normal -0 0.434142 0.900845
  outer loop
    vertex -1.489355536079235 13.00685131661789 -77.3163873750822
    vertex 1.489355536079298 13.00685131661789 -77.3163873750822
    vertex 5.16071182513962e-14 16.28058343404406 -78.89408787804945
  endloop
endfacet
facet normal -0.130532 0.430306 0.893196
  outer loop
    vertex -6.230309549446154 15.04129781205565 -78.89408787804945
    vertex -4.602377818965214 12.36277507652825 -77.36577758687652
    vertex -3.176184264758048 15.9677565884871 -78.89408787804945
  endloop
endfacet
facet normal -0.101625 0.422107 0.900832
  outer loop
    vertex -4.602377818965214 12.36277507652825 -77.36577758687652
    vertex -1.489355536079235 13.00685131661789 -77.3163873750822
    vertex -3.176184264758048 15.9677565884871 -78.89408787804945
  endloop
endfacet
facet normal -0.105225 0.440208 0.891709
  outer loop
    vertex -4.602377818965214 12.36277507652825 -77.36577758687652
    vertex -2.972524507602903 9.679090645642024 -75.84859923060699
    vertex -1.489355536079235 13.00685131661789 -77.3163873750822
  endloop
endfacet
facet normal -0.0443218 0.450007 0.891925
  outer loop
    vertex -3.176184264758048 15.9677565884871 -78.89408787804945
    vertex -1.489355536079235 13.00685131661789 -77.3163873750822
    vertex 5.16071182513962e-14 16.28058343404406 -78.89408787804945
  endloop
endfacet
facet normal 0.105225 0.440208 0.891709
  outer loop
    vertex 2.972524507602926 9.679090645642022 -75.84859923060699
    vertex 4.602377818965267 12.36277507652824 -77.36577758687652
    vertex 1.489355536079298 13.00685131661789 -77.3163873750822
  endloop
endfacet
facet normal 0.101625 0.422107 0.900832
  outer loop
    vertex 4.602377818965267 12.36277507652824 -77.36577758687652
    vertex 3.176184264758139 15.96775658848709 -78.89408787804945
    vertex 1.489355536079298 13.00685131661789 -77.3163873750822
  endloop
endfacet
facet normal 0.130532 0.430306 0.893196
  outer loop
    vertex 4.602377818965267 12.36277507652824 -77.36577758687652
    vertex 6.230309549446233 15.04129781205561 -78.89408787804945
    vertex 3.176184264758139 15.96775658848709 -78.89408787804945
  endloop
endfacet
facet normal 0.0443218 0.450007 0.891925
  outer loop
    vertex 1.489355536079298 13.00685131661789 -77.3163873750822
    vertex 3.176184264758139 15.96775658848709 -78.89408787804945
    vertex 5.16071182513962e-14 16.28058343404406 -78.89408787804945
  endloop
endfacet
facet normal 0.346993 0.275544 0.896477
  outer loop
    vertex 8.75 8.789295506574037 -76.97516395695972
    vertex 10.38646928088281 6.419021901384755 -76.88004500699314
    vertex 11.94114044227352 7.538521638383988 -77.82589229106547
  endloop
endfacet
facet normal 0.400198 0.199873 0.894367
  outer loop
    vertex 10.38646928088281 6.419021901384755 -76.88004500699314
    vertex 13.47750681024324 5.105393257356658 -77.96960710400165
    vertex 11.94114044227352 7.538521638383988 -77.82589229106547
  endloop
endfacet
facet normal 0.395219 0.18341 0.90009
  outer loop
    vertex 10.38646928088281 6.419021901384755 -76.88004500699314
    vertex 11.91049797473538 3.979258022722077 -77.05208098271758
    vertex 13.47750681024324 5.105393257356658 -77.96960710400165
  endloop
endfacet
facet normal 0.391852 0.194314 0.899274
  outer loop
    vertex 11.94114044227352 7.538521638383988 -77.82589229106547
    vertex 13.47750681024324 5.105393257356658 -77.96960710400165
    vertex 15.04129781205563 6.230309549446191 -78.89408787804945
  endloop
endfacet
facet normal -0.391852 0.194314 0.899274
  outer loop
    vertex -15.04129781205562 6.230309549446224 -78.89408787804945
    vertex -13.4775068102616 5.10539325735817 -77.96960710401041
    vertex -11.94114044227351 7.538521638384006 -77.82589229106547
  endloop
endfacet
facet normal -0.400198 0.199873 0.894367
  outer loop
    vertex -13.4775068102616 5.10539325735817 -77.96960710401041
    vertex -10.38646928090141 6.419021901386354 -76.8800450070014
    vertex -11.94114044227351 7.538521638384006 -77.82589229106547
  endloop
endfacet
facet normal -0.395219 0.18341 0.90009
  outer loop
    vertex -13.4775068102616 5.10539325735817 -77.96960710401041
    vertex -11.91049797477205 3.979258022725039 -77.05208098273525
    vertex -10.38646928090141 6.419021901386354 -76.8800450070014
  endloop
endfacet
facet normal -0.346993 0.275544 0.896477
  outer loop
    vertex -11.94114044227351 7.538521638384006 -77.82589229106547
    vertex -10.38646928090141 6.419021901386354 -76.8800450070014
    vertex -8.75 8.789295506574037 -76.97516395695972
  endloop
endfacet
facet normal -0.366825 0.288749 0.884343
  outer loop
    vertex -8.75 8.789295506574037 -76.97516395695972
    vertex -10.38646928090141 6.419021901386354 -76.8800450070014
    vertex -8.75 6.646581443863419 -76.27554041122433
  endloop
endfacet
facet normal -0.36413 0.205456 0.908404
  outer loop
    vertex -10.38646928090141 6.419021901386354 -76.8800450070014
    vertex -10.33586302606896 4.225707268000896 -76.36369085582825
    vertex -8.75 6.646581443863419 -76.27554041122433
  endloop
endfacet
facet normal -0.418537 0.19896 0.886139
  outer loop
    vertex -10.38646928090141 6.419021901386354 -76.8800450070014
    vertex -11.91049797477205 3.979258022725039 -77.05208098273525
    vertex -10.33586302606896 4.225707268000896 -76.36369085582825
  endloop
endfacet
facet normal -0.405562 0.233496 0.883742
  outer loop
    vertex -8.75 6.646581443863419 -76.27554041122433
    vertex -10.33586302606896 4.225707268000896 -76.36369085582825
    vertex -8.75 4.467566033699864 -75.69981749715564
  endloop
endfacet
facet normal 0.405562 0.233496 0.883742
  outer loop
    vertex 8.75 4.467566033699864 -75.69981749715564
    vertex 10.33586302605056 4.22570726799939 -76.36369085581954
    vertex 8.75 6.646581443863419 -76.27554041122433
  endloop
endfacet
facet normal 0.36413 0.205456 0.908404
  outer loop
    vertex 10.33586302605056 4.22570726799939 -76.36369085581954
    vertex 10.38646928088281 6.419021901384755 -76.88004500699314
    vertex 8.75 6.646581443863419 -76.27554041122433
  endloop
endfacet
facet normal 0.418537 0.19896 0.886139
  outer loop
    vertex 10.33586302605056 4.22570726799939 -76.36369085581954
    vertex 11.91049797473538 3.979258022722077 -77.05208098271758
    vertex 10.38646928088281 6.419021901384755 -76.88004500699314
  endloop
endfacet
facet normal 0.366825 0.288749 0.884343
  outer loop
    vertex 8.75 6.646581443863419 -76.27554041122433
    vertex 10.38646928088281 6.419021901384755 -76.88004500699314
    vertex 8.75 8.789295506574037 -76.97516395695972
  endloop
endfacet
facet normal -0.297126 0.362049 0.883537
  outer loop
    vertex -11.5121109478859 11.51211094788595 -78.89408787804945
    vertex -9.634207569163504 11.63548357012902 -78.31311982579888
    vertex -9.045007532146901 13.53681039596388 -78.89408787804945
  endloop
endfacet
facet normal -0.231835 0.349258 0.907894
  outer loop
    vertex -9.634207569163504 11.63548357012902 -78.31311982579888
    vertex -6.989811836979164 13.40025293371775 -78.31675144533652
    vertex -9.045007532146901 13.53681039596388 -78.89408787804945
  endloop
endfacet
facet normal -0.261971 0.394359 0.880825
  outer loop
    vertex -9.634207569163504 11.63548357012902 -78.31311982579888
    vertex -7.736917562994369 11.73544245714612 -77.79359032455865
    vertex -6.989811836979164 13.40025293371775 -78.31675144533652
  endloop
endfacet
facet normal -0.220763 0.413018 0.883561
  outer loop
    vertex -9.045007532146901 13.53681039596388 -78.89408787804945
    vertex -6.989811836979164 13.40025293371775 -78.31675144533652
    vertex -6.230309549446154 15.04129781205565 -78.89408787804945
  endloop
endfacet
facet normal 0.220763 0.413018 0.883561
  outer loop
    vertex 6.230309549446233 15.04129781205561 -78.89408787804945
    vertex 6.989811810881791 13.40025283534251 -78.31675139620964
    vertex 9.045007532146959 13.53681039596384 -78.89408787804945
  endloop
endfacet
facet normal 0.231835 0.349258 0.907894
  outer loop
    vertex 6.989811810881791 13.40025283534251 -78.31675139620964
    vertex 9.63420754231468 11.63548347062878 -78.31311977940813
    vertex 9.045007532146959 13.53681039596384 -78.89408787804945
  endloop
endfacet
facet normal 0.261971 0.394359 0.880825
  outer loop
    vertex 6.989811810881791 13.40025283534251 -78.31675139620964
    vertex 7.736917510255784 11.73544225943897 -77.79359022852753
    vertex 9.63420754231468 11.63548347062878 -78.31311977940813
  endloop
endfacet
facet normal 0.297126 0.362049 0.883537
  outer loop
    vertex 9.045007532146959 13.53681039596384 -78.89408787804945
    vertex 9.63420754231468 11.63548347062878 -78.31311977940813
    vertex 11.51211094788594 11.5121109478859 -78.89408787804945
  endloop
endfacet
facet normal 0.443246 0.0311285 0.895859
  outer loop
    vertex 16.28058343404406 0 -78.89408787804945
    vertex 14.13134041662954 1.994682251074541 -77.90001124390686
    vertex 14.39793757553304 0 -77.96260672989818
  endloop
endfacet
facet normal 0.439215 0.0305269 0.897863
  outer loop
    vertex 14.13134041662954 1.994682251074541 -77.90001124390686
    vertex 12.24444906094381 1.994769576519139 -76.97698729838487
    vertex 14.39793757553304 0 -77.96260672989818
  endloop
endfacet
facet normal 0.436885 0.107314 0.893093
  outer loop
    vertex 14.13134041662954 1.994682251074541 -77.90001124390686
    vertex 11.91049797473538 3.979258022722077 -77.05208098271758
    vertex 12.24444906094381 1.994769576519139 -76.97698729838487
  endloop
endfacet
facet normal 0.443176 0.035863 0.895717
  outer loop
    vertex 14.39793757553304 0 -77.96260672989818
    vertex 12.24444906094381 1.994769576519139 -76.97698729838487
    vertex 12.51529171702202 0 -77.03112558174691
  endloop
endfacet
facet normal -0.443176 0.035863 0.895717
  outer loop
    vertex -12.51529171702202 1.53268119416464e-15 -77.03112558174691
    vertex -12.24444906096205 1.9947695765206 -76.97698729839389
    vertex -14.39793757553304 1.763238816619994e-15 -77.96260672989818
  endloop
endfacet
facet normal -0.439215 0.0305269 0.897863
  outer loop
    vertex -12.24444906096205 1.9947695765206 -76.97698729839389
    vertex -14.13134041664777 1.994682251076008 -77.90001124391588
    vertex -14.39793757553304 1.763238816619994e-15 -77.96260672989818
  endloop
endfacet
facet normal -0.436885 0.107314 0.893093
  outer loop
    vertex -12.24444906096205 1.9947695765206 -76.97698729839389
    vertex -11.91049797477205 3.979258022725039 -77.05208098273525
    vertex -14.13134041664777 1.994682251076008 -77.90001124391588
  endloop
endfacet
facet normal -0.443246 0.0311285 0.895859
  outer loop
    vertex -14.39793757553304 1.763238816619994e-15 -77.96260672989818
    vertex -14.13134041664777 1.994682251076008 -77.90001124391588
    vertex -16.28058343404406 1.993796439075348e-15 -78.89408787804945
  endloop
endfacet
facet normal 0.432811 0.131292 0.891873
  outer loop
    vertex 15.04129781205563 6.230309549446191 -78.89408787804945
    vertex 13.47750681024324 5.105393257356658 -77.96960710400165
    vertex 15.9677565884871 3.176184264758093 -78.89408787804945
  endloop
endfacet
facet normal 0.418542 0.108147 0.901735
  outer loop
    vertex 13.47750681024324 5.105393257356658 -77.96960710400165
    vertex 14.13134041662954 1.994682251074541 -77.90001124390686
    vertex 15.9677565884871 3.176184264758093 -78.89408787804945
  endloop
endfacet
facet normal 0.440607 0.112536 0.890618
  outer loop
    vertex 13.47750681024324 5.105393257356658 -77.96960710400165
    vertex 11.91049797473538 3.979258022722077 -77.05208098271758
    vertex 14.13134041662954 1.994682251074541 -77.90001124390686
  endloop
endfacet
facet normal 0.453206 0.0446369 0.890287
  outer loop
    vertex 15.9677565884871 3.176184264758093 -78.89408787804945
    vertex 14.13134041662954 1.994682251074541 -77.90001124390686
    vertex 16.28058343404406 0 -78.89408787804945
  endloop
endfacet
facet normal -0.453206 0.0446369 0.890287
  outer loop
    vertex -16.28058343404406 1.993796439075348e-15 -78.89408787804945
    vertex -14.13134041664777 1.994682251076008 -77.90001124391588
    vertex -15.96775658848709 3.176184264758112 -78.89408787804945
  endloop
endfacet
facet normal -0.418542 0.108147 0.901735
  outer loop
    vertex -14.13134041664777 1.994682251076008 -77.90001124391588
    vertex -13.4775068102616 5.10539325735817 -77.96960710401041
    vertex -15.96775658848709 3.176184264758112 -78.89408787804945
  endloop
endfacet
facet normal -0.440607 0.112536 0.890618
  outer loop
    vertex -14.13134041664777 1.994682251076008 -77.90001124391588
    vertex -11.91049797477205 3.979258022725039 -77.05208098273525
    vertex -13.4775068102616 5.10539325735817 -77.96960710401041
  endloop
endfacet
facet normal -0.432811 0.131292 0.891873
  outer loop
    vertex -15.96775658848709 3.176184264758112 -78.89408787804945
    vertex -13.4775068102616 5.10539325735817 -77.96960710401041
    vertex -15.04129781205562 6.230309549446224 -78.89408787804945
  endloop
endfacet
facet normal 0.169918 0.404757 0.898498
  outer loop
    vertex 2.972524507602926 9.679090645642022 -75.84859923060699
    vertex 5.365207657309751 10.7282354886893 -76.77370920552485
    vertex 4.602377818965267 12.36277507652824 -77.36577758687652
  endloop
endfacet
facet normal 0.17931 0.407953 0.895222
  outer loop
    vertex 5.365207657309751 10.7282354886893 -76.77370920552485
    vertex 6.989811810881791 13.40025283534251 -78.31675139620964
    vertex 4.602377818965267 12.36277507652824 -77.36577758687652
  endloop
endfacet
facet normal 0.223374 0.382041 0.896744
  outer loop
    vertex 5.365207657309751 10.7282354886893 -76.77370920552485
    vertex 7.736917510255784 11.73544225943897 -77.79359022852753
    vertex 6.989811810881791 13.40025283534251 -78.31675139620964
  endloop
endfacet
facet normal 0.183432 0.400701 0.897659
  outer loop
    vertex 4.602377818965267 12.36277507652824 -77.36577758687652
    vertex 6.989811810881791 13.40025283534251 -78.31675139620964
    vertex 6.230309549446233 15.04129781205561 -78.89408787804945
  endloop
endfacet
facet normal -0.183432 0.400701 0.897659
  outer loop
    vertex -6.230309549446154 15.04129781205565 -78.89408787804945
    vertex -6.989811836979164 13.40025293371775 -78.31675144533652
    vertex -4.602377818965214 12.36277507652825 -77.36577758687652
  endloop
endfacet
facet normal -0.17931 0.407953 0.895222
  outer loop
    vertex -6.989811836979164 13.40025293371775 -78.31675144533652
    vertex -5.365207683364704 10.72823558700468 -76.77370925479745
    vertex -4.602377818965214 12.36277507652825 -77.36577758687652
  endloop
endfacet
facet normal -0.223374 0.382041 0.896744
  outer loop
    vertex -6.989811836979164 13.40025293371775 -78.31675144533652
    vertex -7.736917562994369 11.73544245714612 -77.79359032455865
    vertex -5.365207683364704 10.72823558700468 -76.77370925479745
  endloop
endfacet
facet normal -0.169918 0.404757 0.898498
  outer loop
    vertex -4.602377818965214 12.36277507652825 -77.36577758687652
    vertex -5.365207683364704 10.72823558700468 -76.77370925479745
    vertex -2.972524507602903 9.679090645642024 -75.84859923060699
  endloop
endfacet
facet normal -0.185092 0.377818 0.907191
  outer loop
    vertex -2.972524507602903 9.679090645642024 -75.84859923060699
    vertex -5.365207683364704 10.72823558700468 -76.77370925479745
    vertex -5.89709702994876 9.324457726730484 -76.29759801662837
  endloop
endfacet
facet normal -0.241662 0.392545 0.887416
  outer loop
    vertex -5.365207683364704 10.72823558700468 -76.77370925479745
    vertex -8.251589803268491 10.27249137681934 -77.35813538166511
    vertex -5.89709702994876 9.324457726730484 -76.29759801662837
  endloop
endfacet
facet normal -0.23892 0.353281 0.904494
  outer loop
    vertex -5.365207683364704 10.72823558700468 -76.77370925479745
    vertex -7.736917562994369 11.73544245714612 -77.79359032455865
    vertex -8.251589803268491 10.27249137681934 -77.35813538166511
  endloop
endfacet
facet normal -0.275921 0.326176 0.904144
  outer loop
    vertex -5.89709702994876 9.324457726730484 -76.29759801662837
    vertex -8.251589803268491 10.27249137681934 -77.35813538166511
    vertex -8.75 8.789295506574037 -76.97516395695972
  endloop
endfacet
facet normal 0.275921 0.326176 0.904144
  outer loop
    vertex 8.75 8.789295506574037 -76.97516395695972
    vertex 8.251589776504446 10.2724912774092 -77.35813533502618
    vertex 5.897097029948771 9.324457726730483 -76.29759801662837
  endloop
endfacet
facet normal 0.241662 0.392545 0.887416
  outer loop
    vertex 8.251589776504446 10.2724912774092 -77.35813533502618
    vertex 5.365207657309751 10.7282354886893 -76.77370920552485
    vertex 5.897097029948771 9.324457726730483 -76.29759801662837
  endloop
endfacet
facet normal 0.23892 0.353281 0.904494
  outer loop
    vertex 8.251589776504446 10.2724912774092 -77.35813533502618
    vertex 7.736917510255784 11.73544225943897 -77.79359022852753
    vertex 5.365207657309751 10.7282354886893 -76.77370920552485
  endloop
endfacet
facet normal 0.185092 0.377818 0.907191
  outer loop
    vertex 5.897097029948771 9.324457726730483 -76.29759801662837
    vertex 5.365207657309751 10.7282354886893 -76.77370920552485
    vertex 2.972524507602926 9.679090645642022 -75.84859923060699
  endloop
endfacet
facet normal -0.443065 0.0422791 0.895492
  outer loop
    vertex -8.75 1.071565949253934e-15 -75.16816328544438
    vertex -10.35607050481321 1.994602293250813 -76.0569742812451
    vertex -10.63264585851101 1.302123571709287e-15 -76.09964443359564
  endloop
endfacet
facet normal -0.437603 0.0414636 0.898212
  outer loop
    vertex -10.35607050481321 1.994602293250813 -76.0569742812451
    vertex -12.24444906096205 1.9947695765206 -76.97698729839389
    vertex -10.63264585851101 1.302123571709287e-15 -76.09964443359564
  endloop
endfacet
facet normal -0.435456 0.107101 0.893816
  outer loop
    vertex -10.35607050481321 1.994602293250813 -76.0569742812451
    vertex -11.91049797477205 3.979258022725039 -77.05208098273525
    vertex -12.24444906096205 1.9947695765206 -76.97698729839389
  endloop
endfacet
facet normal -0.443176 0.035863 0.895717
  outer loop
    vertex -10.63264585851101 1.302123571709287e-15 -76.09964443359564
    vertex -12.24444906096205 1.9947695765206 -76.97698729839389
    vertex -12.51529171702202 1.53268119416464e-15 -77.03112558174691
  endloop
endfacet
facet normal 0.443176 0.035863 0.895717
  outer loop
    vertex 12.51529171702202 0 -77.03112558174691
    vertex 12.24444906094381 1.994769576519139 -76.97698729838487
    vertex 10.63264585851101 0 -76.09964443359564
  endloop
endfacet
facet normal 0.437603 0.0414636 0.898212
  outer loop
    vertex 12.24444906094381 1.994769576519139 -76.97698729838487
    vertex 10.35607050479496 1.994602293249354 -76.05697428123609
    vertex 10.63264585851101 0 -76.09964443359564
  endloop
endfacet
facet normal 0.435456 0.107101 0.893816
  outer loop
    vertex 12.24444906094381 1.994769576519139 -76.97698729838487
    vertex 11.91049797473538 3.979258022722077 -77.05208098271758
    vertex 10.35607050479496 1.994602293249354 -76.05697428123609
  endloop
endfacet
facet normal 0.443065 0.0422791 0.895492
  outer loop
    vertex 10.63264585851101 0 -76.09964443359564
    vertex 10.35607050479496 1.994602293249354 -76.05697428123609
    vertex 8.75 0 -75.16816328544438
  endloop
endfacet
facet normal -0.401766 0.158904 0.90185
  outer loop
    vertex -8.75 4.467566033699864 -75.69981749715564
    vertex -10.33586302606896 4.225707268000896 -76.36369085582825
    vertex -8.75 2.248427313096469 -75.30880924014548
  endloop
endfacet
facet normal -0.435231 0.126484 0.89139
  outer loop
    vertex -10.33586302606896 4.225707268000896 -76.36369085582825
    vertex -10.35607050481321 1.994602293250813 -76.0569742812451
    vertex -8.75 2.248427313096469 -75.30880924014548
  endloop
endfacet
facet normal -0.413997 0.127652 0.901283
  outer loop
    vertex -10.33586302606896 4.225707268000896 -76.36369085582825
    vertex -11.91049797477205 3.979258022725039 -77.05208098273525
    vertex -10.35607050481321 1.994602293250813 -76.0569742812451
  endloop
endfacet
facet normal -0.428905 0.056397 0.901588
  outer loop
    vertex -8.75 2.248427313096469 -75.30880924014548
    vertex -10.35607050481321 1.994602293250813 -76.0569742812451
    vertex -8.75 1.071565949253934e-15 -75.16816328544438
  endloop
endfacet
facet normal 0.428905 0.056397 0.901588
  outer loop
    vertex 8.75 0 -75.16816328544438
    vertex 10.35607050479496 1.994602293249354 -76.05697428123609
    vertex 8.75 2.248427313096468 -75.30880924014548
  endloop
endfacet
facet normal 0.435231 0.126484 0.89139
  outer loop
    vertex 10.35607050479496 1.994602293249354 -76.05697428123609
    vertex 10.33586302605056 4.22570726799939 -76.36369085581954
    vertex 8.75 2.248427313096468 -75.30880924014548
  endloop
endfacet
facet normal 0.413997 0.127652 0.901283
  outer loop
    vertex 10.35607050479496 1.994602293249354 -76.05697428123609
    vertex 11.91049797473538 3.979258022722077 -77.05208098271758
    vertex 10.33586302605056 4.22570726799939 -76.36369085581954
  endloop
endfacet
facet normal 0.401766 0.158904 0.90185
  outer loop
    vertex 8.75 2.248427313096468 -75.30880924014548
    vertex 10.33586302605056 4.22570726799939 -76.36369085581954
    vertex 8.75 4.467566033699864 -75.69981749715564
  endloop
endfacet
facet normal 0.298783 0.328398 0.896038
  outer loop
    vertex 11.51211094788594 11.5121109478859 -78.89408787804945
    vertex 9.63420754231468 11.63548347062878 -78.31311977940813
    vertex 10.1310567011629 10.15070445682992 -77.93462240632465
  endloop
endfacet
facet normal 0.29639 0.327851 0.897032
  outer loop
    vertex 9.63420754231468 11.63548347062878 -78.31311977940813
    vertex 8.251589776504446 10.2724912774092 -77.35813533502618
    vertex 10.1310567011629 10.15070445682992 -77.93462240632465
  endloop
endfacet
facet normal 0.26403 0.359314 0.895087
  outer loop
    vertex 9.63420754231468 11.63548347062878 -78.31311977940813
    vertex 7.736917510255784 11.73544225943897 -77.79359022852753
    vertex 8.251589776504446 10.2724912774092 -77.35813533502618
  endloop
endfacet
facet normal 0.296258 0.330896 0.895957
  outer loop
    vertex 10.1310567011629 10.15070445682992 -77.93462240632465
    vertex 8.251589776504446 10.2724912774092 -77.35813533502618
    vertex 8.75 8.789295506574037 -76.97516395695972
  endloop
endfacet
facet normal -0.296258 0.330896 0.895957
  outer loop
    vertex -8.75 8.789295506574037 -76.97516395695972
    vertex -8.251589803268491 10.27249137681934 -77.35813538166511
    vertex -10.13105670116287 10.15070445682994 -77.93462240632465
  endloop
endfacet
facet normal -0.29639 0.327851 0.897032
  outer loop
    vertex -8.251589803268491 10.27249137681934 -77.35813538166511
    vertex -9.634207569163504 11.63548357012902 -78.31311982579888
    vertex -10.13105670116287 10.15070445682994 -77.93462240632465
  endloop
endfacet
facet normal -0.26403 0.359314 0.895087
  outer loop
    vertex -8.251589803268491 10.27249137681934 -77.35813538166511
    vertex -7.736917562994369 11.73544245714612 -77.79359032455865
    vertex -9.634207569163504 11.63548357012902 -78.31311982579888
  endloop
endfacet
facet normal -0.298783 0.328398 0.896038
  outer loop
    vertex -10.13105670116287 10.15070445682994 -77.93462240632465
    vertex -9.634207569163504 11.63548357012902 -78.31311982579888
    vertex -11.5121109478859 11.51211094788595 -78.89408787804945
  endloop
endfacet
facet normal -0.397228 0.212323 0.892821
  outer loop
    vertex -15.04129781205562 6.230309549446224 -78.89408787804945
    vertex -11.94114044227351 7.538521638384006 -77.82589229106547
    vertex -13.53681039596384 9.045007532146958 -78.89408787804945
  endloop
endfacet
facet normal -0.342293 0.274591 0.898574
  outer loop
    vertex -11.94114044227351 7.538521638384006 -77.82589229106547
    vertex -10.13105670116287 10.15070445682994 -77.93462240632465
    vertex -13.53681039596384 9.045007532146958 -78.89408787804945
  endloop
endfacet
facet normal -0.347748 0.278237 0.895352
  outer loop
    vertex -11.94114044227351 7.538521638384006 -77.82589229106547
    vertex -8.75 8.789295506574037 -76.97516395695972
    vertex -10.13105670116287 10.15070445682994 -77.93462240632465
  endloop
endfacet
facet normal -0.343935 0.28226 0.895566
  outer loop
    vertex -13.53681039596384 9.045007532146958 -78.89408787804945
    vertex -10.13105670116287 10.15070445682994 -77.93462240632465
    vertex -11.5121109478859 11.51211094788595 -78.89408787804945
  endloop
endfacet
facet normal 0.347748 0.278237 0.895352
  outer loop
    vertex 8.75 8.789295506574037 -76.97516395695972
    vertex 11.94114044227352 7.538521638383988 -77.82589229106547
    vertex 10.1310567011629 10.15070445682992 -77.93462240632465
  endloop
endfacet
facet normal 0.342293 0.274591 0.898574
  outer loop
    vertex 11.94114044227352 7.538521638383988 -77.82589229106547
    vertex 13.53681039596387 9.04500753214692 -78.89408787804945
    vertex 10.1310567011629 10.15070445682992 -77.93462240632465
  endloop
endfacet
facet normal 0.397228 0.212323 0.892821
  outer loop
    vertex 11.94114044227352 7.538521638383988 -77.82589229106547
    vertex 15.04129781205563 6.230309549446191 -78.89408787804945
    vertex 13.53681039596387 9.04500753214692 -78.89408787804945
  endloop
endfacet
facet normal 0.343935 0.28226 0.895566
  outer loop
    vertex 10.1310567011629 10.15070445682992 -77.93462240632465
    vertex 13.53681039596387 9.04500753214692 -78.89408787804945
    vertex 11.51211094788594 11.5121109478859 -78.89408787804945
  endloop
endfacet
facet normal -0.95694 0.290285 0
  outer loop
    vertex -15.04129781205562 6.230309549446224 -81.10591212195055
    vertex -15.96775658848709 3.176184264758112 -81.10591212195055
    vertex -15.96775658848709 3.176184264758112 -80
  endloop
endfacet
facet normal -0.995185 0.0980171 0
  outer loop
    vertex -15.96775658848709 3.176184264758112 -81.10591212195055
    vertex -16.28058343404406 1.993796439075348e-15 -80
    vertex -15.96775658848709 3.176184264758112 -80
  endloop
endfacet
facet normal -0.995185 0.0980171 0
  outer loop
    vertex -15.96775658848709 3.176184264758112 -81.10591212195055
    vertex -16.28058343404406 1.993796439075348e-15 -81.10591212195055
    vertex -16.28058343404406 1.993796439075348e-15 -80
  endloop
endfacet
facet normal -0.995185 0.0980171 0
  outer loop
    vertex -15.96775658848709 3.176184264758112 -80
    vertex -16.28058343404406 1.993796439075348e-15 -80
    vertex -16.28058343404406 1.993796439075348e-15 -78.89408787804945
  endloop
endfacet
facet normal -0.95694 0.290285 0
  outer loop
    vertex -15.04129781205562 6.230309549446224 -78.89408787804945
    vertex -15.04129781205562 6.230309549446224 -80
    vertex -15.96775658848709 3.176184264758112 -78.89408787804945
  endloop
endfacet
facet normal -0.95694 0.290285 0
  outer loop
    vertex -15.04129781205562 6.230309549446224 -80
    vertex -15.96775658848709 3.176184264758112 -80
    vertex -15.96775658848709 3.176184264758112 -78.89408787804945
  endloop
endfacet
facet normal -0.95694 0.290285 0
  outer loop
    vertex -15.04129781205562 6.230309549446224 -80
    vertex -15.04129781205562 6.230309549446224 -81.10591212195055
    vertex -15.96775658848709 3.176184264758112 -80
  endloop
endfacet
facet normal -0.995185 0.0980171 0
  outer loop
    vertex -15.96775658848709 3.176184264758112 -78.89408787804945
    vertex -15.96775658848709 3.176184264758112 -80
    vertex -16.28058343404406 1.993796439075348e-15 -78.89408787804945
  endloop
endfacet
facet normal 0.995185 0.0980171 -0
  outer loop
    vertex 16.28058343404406 0 -81.10591212195055
    vertex 15.9677565884871 3.176184264758094 -80
    vertex 16.28058343404406 0 -80
  endloop
endfacet
facet normal 0.995185 0.0980171 3.93597e-17
  outer loop
    vertex 15.9677565884871 3.176184264758094 -80
    vertex 15.9677565884871 3.176184264758093 -78.89408787804945
    vertex 16.28058343404406 0 -80
  endloop
endfacet
facet normal 0.95694 0.290285 1.16566e-16
  outer loop
    vertex 15.9677565884871 3.176184264758094 -80
    vertex 15.04129781205563 6.230309549446191 -78.89408787804945
    vertex 15.9677565884871 3.176184264758093 -78.89408787804945
  endloop
endfacet
facet normal 0.995185 0.0980171 -0
  outer loop
    vertex 16.28058343404406 0 -80
    vertex 15.9677565884871 3.176184264758093 -78.89408787804945
    vertex 16.28058343404406 0 -78.89408787804945
  endloop
endfacet
facet normal 0.995185 0.0980171 -6.29097e-17
  outer loop
    vertex 16.28058343404406 0 -81.10591212195055
    vertex 15.9677565884871 3.176184264758093 -81.10591212195055
    vertex 15.9677565884871 3.176184264758094 -80
  endloop
endfacet
facet normal 0.95694 0.290285 -1.16566e-16
  outer loop
    vertex 15.9677565884871 3.176184264758093 -81.10591212195055
    vertex 15.04129781205563 6.230309549446191 -80
    vertex 15.9677565884871 3.176184264758094 -80
  endloop
endfacet
facet normal 0.95694 0.290285 0
  outer loop
    vertex 15.9677565884871 3.176184264758093 -81.10591212195055
    vertex 15.04129781205563 6.230309549446191 -81.10591212195055
    vertex 15.04129781205563 6.230309549446191 -80
  endloop
endfacet
facet normal 0.95694 0.290285 0
  outer loop
    vertex 15.9677565884871 3.176184264758094 -80
    vertex 15.04129781205563 6.230309549446191 -80
    vertex 15.04129781205563 6.230309549446191 -78.89408787804945
  endloop
endfacet
facet normal 0.881921 0.471397 0
  outer loop
    vertex 15.04129781205563 6.230309549446191 -78.89408787804945
    vertex 13.53681039596387 9.04500753214692 -80
    vertex 13.53681039596387 9.04500753214692 -78.89408787804945
  endloop
endfacet
facet normal 0.77301 0.634393 -0
  outer loop
    vertex 13.53681039596387 9.04500753214692 -80
    vertex 11.51211094788594 11.5121109478859 -80
    vertex 13.53681039596387 9.04500753214692 -78.89408787804945
  endloop
endfacet
facet normal 0.77301 0.634393 0
  outer loop
    vertex 13.53681039596387 9.04500753214692 -80
    vertex 11.51211094788594 11.5121109478859 -81.10591212195055
    vertex 11.51211094788594 11.5121109478859 -80
  endloop
endfacet
facet normal 0.77301 0.634393 0
  outer loop
    vertex 13.53681039596387 9.04500753214692 -78.89408787804945
    vertex 11.51211094788594 11.5121109478859 -80
    vertex 11.51211094788594 11.5121109478859 -78.89408787804945
  endloop
endfacet
facet normal 0.881921 0.471397 -0
  outer loop
    vertex 15.04129781205563 6.230309549446191 -81.10591212195055
    vertex 13.53681039596387 9.04500753214692 -81.10591212195055
    vertex 15.04129781205563 6.230309549446191 -80
  endloop
endfacet
facet normal 0.881921 0.471397 -0
  outer loop
    vertex 13.53681039596387 9.04500753214692 -81.10591212195055
    vertex 13.53681039596387 9.04500753214692 -80
    vertex 15.04129781205563 6.230309549446191 -80
  endloop
endfacet
facet normal 0.77301 0.634393 -0
  outer loop
    vertex 13.53681039596387 9.04500753214692 -81.10591212195055
    vertex 11.51211094788594 11.5121109478859 -81.10591212195055
    vertex 13.53681039596387 9.04500753214692 -80
  endloop
endfacet
facet normal 0.881921 0.471397 -0
  outer loop
    vertex 15.04129781205563 6.230309549446191 -80
    vertex 13.53681039596387 9.04500753214692 -80
    vertex 15.04129781205563 6.230309549446191 -78.89408787804945
  endloop
endfacet
facet normal 0.634393 0.77301 -2.51639e-16
  outer loop
    vertex 11.51211094788594 11.5121109478859 -78.89408787804945
    vertex 9.045007532146961 13.53681039596384 -80
    vertex 9.045007532146959 13.53681039596384 -78.89408787804945
  endloop
endfacet
facet normal 0.471397 0.881921 -6.594e-16
  outer loop
    vertex 9.045007532146961 13.53681039596384 -80
    vertex 6.230309549446233 15.04129781205561 -80
    vertex 9.045007532146959 13.53681039596384 -78.89408787804945
  endloop
endfacet
facet normal 0.471397 0.881921 0
  outer loop
    vertex 9.045007532146961 13.53681039596384 -80
    vertex 6.230309549446233 15.04129781205561 -81.10591212195055
    vertex 6.230309549446233 15.04129781205561 -80
  endloop
endfacet
facet normal 0.471397 0.881921 0
  outer loop
    vertex 9.045007532146959 13.53681039596384 -78.89408787804945
    vertex 6.230309549446233 15.04129781205561 -80
    vertex 6.230309549446233 15.04129781205561 -78.89408787804945
  endloop
endfacet
facet normal 0.634393 0.77301 0
  outer loop
    vertex 11.51211094788594 11.5121109478859 -78.89408787804945
    vertex 11.51211094788594 11.5121109478859 -80
    vertex 9.045007532146961 13.53681039596384 -80
  endloop
endfacet
facet normal 0.634393 0.77301 2.51639e-16
  outer loop
    vertex 11.51211094788594 11.5121109478859 -80
    vertex 9.045007532146959 13.53681039596384 -81.10591212195055
    vertex 9.045007532146961 13.53681039596384 -80
  endloop
endfacet
facet normal 0.634393 0.77301 0
  outer loop
    vertex 11.51211094788594 11.5121109478859 -80
    vertex 11.51211094788594 11.5121109478859 -81.10591212195055
    vertex 9.045007532146959 13.53681039596384 -81.10591212195055
  endloop
endfacet
facet normal 0.471397 0.881921 6.594e-16
  outer loop
    vertex 9.045007532146961 13.53681039596384 -80
    vertex 9.045007532146959 13.53681039596384 -81.10591212195055
    vertex 6.230309549446233 15.04129781205561 -81.10591212195055
  endloop
endfacet
facet normal 0.290285 0.95694 -6.29097e-16
  outer loop
    vertex 6.230309549446233 15.04129781205561 -78.89408787804945
    vertex 3.176184264758143 15.96775658848708 -80
    vertex 3.176184264758139 15.96775658848709 -78.89408787804945
  endloop
endfacet
facet normal 0.0980171 0.995185 -1.28362e-15
  outer loop
    vertex 3.176184264758143 15.96775658848708 -80
    vertex 5.16071182513962e-14 16.28058343404406 -80
    vertex 3.176184264758139 15.96775658848709 -78.89408787804945
  endloop
endfacet
facet normal 0.0980171 0.995185 0
  outer loop
    vertex 3.176184264758143 15.96775658848708 -80
    vertex 5.16071182513962e-14 16.28058343404406 -81.10591212195055
    vertex 5.16071182513962e-14 16.28058343404406 -80
  endloop
endfacet
facet normal 0.0980171 0.995185 0
  outer loop
    vertex 3.176184264758139 15.96775658848709 -78.89408787804945
    vertex 5.16071182513962e-14 16.28058343404406 -80
    vertex 5.16071182513962e-14 16.28058343404406 -78.89408787804945
  endloop
endfacet
facet normal 0.290285 0.95694 -0
  outer loop
    vertex 6.230309549446233 15.04129781205561 -81.10591212195055
    vertex 3.176184264758139 15.96775658848709 -81.10591212195055
    vertex 6.230309549446233 15.04129781205561 -80
  endloop
endfacet
facet normal 0.290285 0.95694 6.04541e-16
  outer loop
    vertex 3.176184264758139 15.96775658848709 -81.10591212195055
    vertex 3.176184264758143 15.96775658848708 -80
    vertex 6.230309549446233 15.04129781205561 -80
  endloop
endfacet
facet normal 0.0980171 0.995185 1.28362e-15
  outer loop
    vertex 3.176184264758139 15.96775658848709 -81.10591212195055
    vertex 5.16071182513962e-14 16.28058343404406 -81.10591212195055
    vertex 3.176184264758143 15.96775658848708 -80
  endloop
endfacet
facet normal 0.290285 0.95694 -0
  outer loop
    vertex 6.230309549446233 15.04129781205561 -80
    vertex 3.176184264758143 15.96775658848708 -80
    vertex 6.230309549446233 15.04129781205561 -78.89408787804945
  endloop
endfacet
facet normal -0.0980171 0.995185 0
  outer loop
    vertex 5.16071182513962e-14 16.28058343404406 -78.89408787804945
    vertex 5.16071182513962e-14 16.28058343404406 -80
    vertex -3.176184264758048 15.9677565884871 -78.89408787804945
  endloop
endfacet
facet normal -0.0980171 0.995185 0
  outer loop
    vertex 5.16071182513962e-14 16.28058343404406 -80
    vertex -3.176184264758048 15.9677565884871 -80
    vertex -3.176184264758048 15.9677565884871 -78.89408787804945
  endloop
endfacet
facet normal -0.0980171 0.995185 0
  outer loop
    vertex 5.16071182513962e-14 16.28058343404406 -80
    vertex 5.16071182513962e-14 16.28058343404406 -81.10591212195055
    vertex -3.176184264758048 15.9677565884871 -80
  endloop
endfacet
facet normal -0.290285 0.95694 0
  outer loop
    vertex -3.176184264758048 15.9677565884871 -78.89408787804945
    vertex -3.176184264758048 15.9677565884871 -80
    vertex -6.230309549446154 15.04129781205565 -78.89408787804945
  endloop
endfacet
facet normal -0.471397 0.881921 0
  outer loop
    vertex -6.230309549446154 15.04129781205565 -78.89408787804945
    vertex -9.045007532146901 13.53681039596388 -80
    vertex -9.045007532146901 13.53681039596388 -78.89408787804945
  endloop
endfacet
facet normal -0.634393 0.77301 0
  outer loop
    vertex -9.045007532146901 13.53681039596388 -80
    vertex -11.5121109478859 11.51211094788595 -80
    vertex -9.045007532146901 13.53681039596388 -78.89408787804945
  endloop
endfacet
facet normal -0.634393 0.77301 0
  outer loop
    vertex -9.045007532146901 13.53681039596388 -80
    vertex -11.5121109478859 11.51211094788595 -81.10591212195055
    vertex -11.5121109478859 11.51211094788595 -80
  endloop
endfacet
facet normal -0.634393 0.77301 0
  outer loop
    vertex -9.045007532146901 13.53681039596388 -78.89408787804945
    vertex -11.5121109478859 11.51211094788595 -80
    vertex -11.5121109478859 11.51211094788595 -78.89408787804945
  endloop
endfacet
facet normal -0.0980171 0.995185 0
  outer loop
    vertex 5.16071182513962e-14 16.28058343404406 -81.10591212195055
    vertex -3.176184264758048 15.9677565884871 -81.10591212195055
    vertex -3.176184264758048 15.9677565884871 -80
  endloop
endfacet
facet normal -0.290285 0.95694 0
  outer loop
    vertex -3.176184264758048 15.9677565884871 -81.10591212195055
    vertex -6.230309549446154 15.04129781205565 -80
    vertex -3.176184264758048 15.9677565884871 -80
  endloop
endfacet
facet normal -0.290285 0.95694 0
  outer loop
    vertex -3.176184264758048 15.9677565884871 -81.10591212195055
    vertex -6.230309549446154 15.04129781205565 -81.10591212195055
    vertex -6.230309549446154 15.04129781205565 -80
  endloop
endfacet
facet normal -0.290285 0.95694 0
  outer loop
    vertex -3.176184264758048 15.9677565884871 -80
    vertex -6.230309549446154 15.04129781205565 -80
    vertex -6.230309549446154 15.04129781205565 -78.89408787804945
  endloop
endfacet
facet normal -0.471397 0.881921 0
  outer loop
    vertex -6.230309549446154 15.04129781205565 -81.10591212195055
    vertex -9.045007532146901 13.53681039596388 -81.10591212195055
    vertex -6.230309549446154 15.04129781205565 -80
  endloop
endfacet
facet normal -0.471397 0.881921 0
  outer loop
    vertex -9.045007532146901 13.53681039596388 -81.10591212195055
    vertex -9.045007532146901 13.53681039596388 -80
    vertex -6.230309549446154 15.04129781205565 -80
  endloop
endfacet
facet normal -0.634393 0.77301 0
  outer loop
    vertex -9.045007532146901 13.53681039596388 -81.10591212195055
    vertex -11.5121109478859 11.51211094788595 -81.10591212195055
    vertex -9.045007532146901 13.53681039596388 -80
  endloop
endfacet
facet normal -0.471397 0.881921 0
  outer loop
    vertex -6.230309549446154 15.04129781205565 -80
    vertex -9.045007532146901 13.53681039596388 -80
    vertex -6.230309549446154 15.04129781205565 -78.89408787804945
  endloop
endfacet
facet normal -0.77301 0.634393 0
  outer loop
    vertex -11.5121109478859 11.51211094788595 -78.89408787804945
    vertex -11.5121109478859 11.51211094788595 -80
    vertex -13.53681039596384 9.045007532146958 -78.89408787804945
  endloop
endfacet
facet normal -0.77301 0.634393 5.03278e-16
  outer loop
    vertex -11.5121109478859 11.51211094788595 -80
    vertex -13.53681039596384 9.045007532146963 -80
    vertex -13.53681039596384 9.045007532146958 -78.89408787804945
  endloop
endfacet
facet normal -0.77301 0.634393 0
  outer loop
    vertex -11.5121109478859 11.51211094788595 -80
    vertex -11.5121109478859 11.51211094788595 -81.10591212195055
    vertex -13.53681039596384 9.045007532146963 -80
  endloop
endfacet
facet normal -0.881921 0.471397 -5.61624e-16
  outer loop
    vertex -13.53681039596384 9.045007532146958 -78.89408787804945
    vertex -13.53681039596384 9.045007532146963 -80
    vertex -15.04129781205562 6.230309549446224 -78.89408787804945
  endloop
endfacet
facet normal -0.77301 0.634393 -5.03278e-16
  outer loop
    vertex -11.5121109478859 11.51211094788595 -81.10591212195055
    vertex -13.53681039596384 9.045007532146958 -81.10591212195055
    vertex -13.53681039596384 9.045007532146963 -80
  endloop
endfacet
facet normal -0.881921 0.471397 5.61624e-16
  outer loop
    vertex -13.53681039596384 9.045007532146958 -81.10591212195055
    vertex -15.04129781205562 6.230309549446224 -80
    vertex -13.53681039596384 9.045007532146963 -80
  endloop
endfacet
facet normal -0.881921 0.471397 0
  outer loop
    vertex -13.53681039596384 9.045007532146958 -81.10591212195055
    vertex -15.04129781205562 6.230309549446224 -81.10591212195055
    vertex -15.04129781205562 6.230309549446224 -80
  endloop
endfacet
facet normal -0.881921 0.471397 0
  outer loop
    vertex -13.53681039596384 9.045007532146963 -80
    vertex -15.04129781205562 6.230309549446224 -80
    vertex -15.04129781205562 6.230309549446224 -78.89408787804945
  endloop
endfacet
facet normal -0.0661661 0.427217 -0.901725
  outer loop
    vertex -2.972524507602933 9.67909064564202 -84.15140076939301
    vertex -1.48935553607925 13.0068513166179 -82.6836126249178
    vertex -1.319028823234358e-14 9.80445365397836 -84.31012218399762
  endloop
endfacet
facet normal 0 0.452842 -0.891591
  outer loop
    vertex -1.48935553607925 13.0068513166179 -82.6836126249178
    vertex 1.48935553607929 13.0068513166179 -82.6836126249178
    vertex -1.319028823234358e-14 9.80445365397836 -84.31012218399762
  endloop
endfacet
facet normal 0 0.434142 -0.900845
  outer loop
    vertex -1.48935553607925 13.0068513166179 -82.6836126249178
    vertex 5.16071182513962e-14 16.28058343404406 -81.10591212195055
    vertex 1.48935553607929 13.0068513166179 -82.6836126249178
  endloop
endfacet
facet normal 0.0661661 0.427217 -0.901725
  outer loop
    vertex -1.319028823234358e-14 9.80445365397836 -84.31012218399762
    vertex 1.48935553607929 13.0068513166179 -82.6836126249178
    vertex 2.972524507602907 9.679090645642024 -84.15140076939301
  endloop
endfacet
facet normal -0.186043 0.395491 -0.89943
  outer loop
    vertex -2.972524507602933 9.67909064564202 -84.15140076939301
    vertex -5.89709702994878 9.324457726730479 -83.70240198337163
    vertex -4.60237781896523 12.36277507652825 -82.6342224131235
  endloop
endfacet
facet normal -0.197196 0.398879 -0.89555
  outer loop
    vertex -5.89709702994878 9.324457726730479 -83.70240198337163
    vertex -7.518142397882838 11.95981921495854 -82.17166263667191
    vertex -4.60237781896523 12.36277507652825 -82.6342224131235
  endloop
endfacet
facet normal -0.278001 0.348852 -0.894996
  outer loop
    vertex -5.89709702994878 9.324457726730479 -83.70240198337163
    vertex -8.75 8.789295506574009 -83.02483604304025
    vertex -7.518142397882838 11.95981921495854 -82.17166263667191
  endloop
endfacet
facet normal -0.196803 0.392921 -0.898266
  outer loop
    vertex -4.60237781896523 12.36277507652825 -82.6342224131235
    vertex -7.518142397882838 11.95981921495854 -82.17166263667191
    vertex -6.230309549446154 15.04129781205565 -81.10591212195055
  endloop
endfacet
facet normal 0.186043 0.395491 -0.89943
  outer loop
    vertex 2.972524507602907 9.679090645642024 -84.15140076939301
    vertex 4.602377818965258 12.36277507652824 -82.6342224131235
    vertex 5.89709702994876 9.324457726730484 -83.70240198337163
  endloop
endfacet
facet normal 0.197196 0.398879 -0.89555
  outer loop
    vertex 4.602377818965258 12.36277507652824 -82.6342224131235
    vertex 7.518142397882866 11.95981921495853 -82.17166263667191
    vertex 5.89709702994876 9.324457726730484 -83.70240198337163
  endloop
endfacet
facet normal 0.196803 0.392921 -0.898266
  outer loop
    vertex 4.602377818965258 12.36277507652824 -82.6342224131235
    vertex 6.230309549446233 15.04129781205561 -81.10591212195055
    vertex 7.518142397882866 11.95981921495853 -82.17166263667191
  endloop
endfacet
facet normal 0.278001 0.348852 -0.894996
  outer loop
    vertex 5.89709702994876 9.324457726730484 -83.70240198337163
    vertex 7.518142397882866 11.95981921495853 -82.17166263667191
    vertex 8.75 8.789295506574042 -83.0248360430403
  endloop
endfacet
facet normal -0.130532 0.430306 -0.893196
  outer loop
    vertex -6.230309549446154 15.04129781205565 -81.10591212195055
    vertex -3.176184264758048 15.9677565884871 -81.10591212195055
    vertex -4.60237781896523 12.36277507652825 -82.6342224131235
  endloop
endfacet
facet normal -0.101625 0.422107 -0.900832
  outer loop
    vertex -3.176184264758048 15.9677565884871 -81.10591212195055
    vertex -1.48935553607925 13.0068513166179 -82.6836126249178
    vertex -4.60237781896523 12.36277507652825 -82.6342224131235
  endloop
endfacet
facet normal -0.0443218 0.450007 -0.891925
  outer loop
    vertex -3.176184264758048 15.9677565884871 -81.10591212195055
    vertex 5.16071182513962e-14 16.28058343404406 -81.10591212195055
    vertex -1.48935553607925 13.0068513166179 -82.6836126249178
  endloop
endfacet
facet normal -0.105225 0.440208 -0.891709
  outer loop
    vertex -4.60237781896523 12.36277507652825 -82.6342224131235
    vertex -1.48935553607925 13.0068513166179 -82.6836126249178
    vertex -2.972524507602933 9.67909064564202 -84.15140076939301
  endloop
endfacet
facet normal 0.0443218 0.450007 -0.891925
  outer loop
    vertex 5.16071182513962e-14 16.28058343404406 -81.10591212195055
    vertex 3.176184264758139 15.96775658848709 -81.10591212195055
    vertex 1.48935553607929 13.0068513166179 -82.6836126249178
  endloop
endfacet
facet normal 0.101625 0.422107 -0.900832
  outer loop
    vertex 3.176184264758139 15.96775658848709 -81.10591212195055
    vertex 4.602377818965258 12.36277507652824 -82.6342224131235
    vertex 1.48935553607929 13.0068513166179 -82.6836126249178
  endloop
endfacet
facet normal 0.130532 0.430306 -0.893196
  outer loop
    vertex 3.176184264758139 15.96775658848709 -81.10591212195055
    vertex 6.230309549446233 15.04129781205561 -81.10591212195055
    vertex 4.602377818965258 12.36277507652824 -82.6342224131235
  endloop
endfacet
facet normal 0.105225 0.440208 -0.891709
  outer loop
    vertex 1.48935553607929 13.0068513166179 -82.6836126249178
    vertex 4.602377818965258 12.36277507652824 -82.6342224131235
    vertex 2.972524507602907 9.679090645642024 -84.15140076939301
  endloop
endfacet
facet normal -0.362198 0.297248 -0.883434
  outer loop
    vertex -11.5121109478859 11.51211094788595 -81.10591212195055
    vertex -11.61786046680889 9.67459610226304 -81.68082245210584
    vertex -13.53681039596384 9.045007532146958 -81.10591212195055
  endloop
endfacet
facet normal -0.348404 0.232796 -0.907976
  outer loop
    vertex -11.61786046680889 9.67459610226304 -81.68082245210584
    vertex -13.38412404437138 7.031195853696864 -81.68082245210584
    vertex -13.53681039596384 9.045007532146958 -81.10591212195055
  endloop
endfacet
facet normal -0.39388 0.263182 -0.880678
  outer loop
    vertex -11.61786046680889 9.67459610226304 -81.68082245210584
    vertex -11.70163872689495 7.818785025960416 -82.19794509299587
    vertex -13.38412404437138 7.031195853696864 -81.68082245210584
  endloop
endfacet
facet normal -0.413229 0.220875 -0.883434
  outer loop
    vertex -13.53681039596384 9.045007532146958 -81.10591212195055
    vertex -13.38412404437138 7.031195853696864 -81.68082245210584
    vertex -15.04129781205562 6.230309549446224 -81.10591212195055
  endloop
endfacet
facet normal 0.413229 0.220875 -0.883434
  outer loop
    vertex 15.04129781205563 6.230309549446191 -81.10591212195055
    vertex 13.38412390471808 7.031195760386616 -81.6808225347463
    vertex 13.53681039596387 9.04500753214692 -81.10591212195055
  endloop
endfacet
facet normal 0.348404 0.232796 -0.907976
  outer loop
    vertex 13.38412390471808 7.031195760386616 -81.6808225347463
    vertex 11.61786032715851 9.674596008948427 -81.6808225347463
    vertex 13.53681039596387 9.04500753214692 -81.10591212195055
  endloop
endfacet
facet normal 0.39388 0.263182 -0.880678
  outer loop
    vertex 13.38412390471808 7.031195760386616 -81.6808225347463
    vertex 11.70163844789659 7.818784839539621 -82.197945259016
    vertex 11.61786032715851 9.674596008948427 -81.6808225347463
  endloop
endfacet
facet normal 0.362198 0.297248 -0.883434
  outer loop
    vertex 13.53681039596387 9.04500753214692 -81.10591212195055
    vertex 11.61786032715851 9.674596008948427 -81.6808225347463
    vertex 11.51211094788594 11.5121109478859 -81.10591212195055
  endloop
endfacet
facet normal 0.443227 0.0325098 -0.89582
  outer loop
    vertex 12.51529171702204 0 -82.96887441825308
    vertex 12.30061288842079 1.814209639281771 -83.00925293030521
    vertex 14.39793757553305 0 -82.03739327010182
  endloop
endfacet
facet normal 0.439969 0.0277988 -0.897583
  outer loop
    vertex 12.30061288842079 1.814209639281771 -83.00925293030521
    vertex 14.18674240398636 1.814145075531823 -82.08472944684499
    vertex 14.39793757553305 0 -82.03739327010182
  endloop
endfacet
facet normal 0.438054 0.0972559 -0.893672
  outer loop
    vertex 12.30061288842079 1.814209639281771 -83.00925293030521
    vertex 12.03392439548976 3.620748405964037 -82.94337589830828
    vertex 14.18674240398636 1.814145075531823 -82.08472944684499
  endloop
endfacet
facet normal 0.443285 0.0282278 -0.895936
  outer loop
    vertex 14.39793757553305 0 -82.03739327010182
    vertex 14.18674240398636 1.814145075531823 -82.08472944684499
    vertex 16.28058343404406 0 -81.10591212195055
  endloop
endfacet
facet normal -0.443285 0.0282278 -0.895936
  outer loop
    vertex -16.28058343404406 1.993796439075348e-15 -81.10591212195055
    vertex -14.18674240401757 1.814145075542143 -82.08472944682903
    vertex -14.39793757553305 1.763238816619995e-15 -82.03739327010182
  endloop
endfacet
facet normal -0.439969 0.0277988 -0.897583
  outer loop
    vertex -14.18674240401757 1.814145075542143 -82.08472944682903
    vertex -12.30061288845198 1.814209639292088 -83.00925293028921
    vertex -14.39793757553305 1.763238816619995e-15 -82.03739327010182
  endloop
endfacet
facet normal -0.438054 0.0972559 -0.893672
  outer loop
    vertex -14.18674240401757 1.814145075542143 -82.08472944682903
    vertex -12.03392439555196 3.620748405984614 -82.94337589827587
    vertex -12.30061288845198 1.814209639292088 -83.00925293028921
  endloop
endfacet
facet normal -0.443227 0.0325098 -0.89582
  outer loop
    vertex -14.39793757553305 1.763238816619995e-15 -82.03739327010182
    vertex -12.30061288845198 1.814209639292088 -83.00925293028921
    vertex -12.51529171702204 1.532681194164642e-15 -82.96887441825308
  endloop
endfacet
facet normal 0.454638 0.044778 -0.88955
  outer loop
    vertex 16.28058343404406 0 -81.10591212195055
    vertex 14.18674240398636 1.814145075531823 -82.08472944684499
    vertex 15.9677565884871 3.176184264758093 -81.10591212195055
  endloop
endfacet
facet normal 0.41802 0.102098 -0.902682
  outer loop
    vertex 14.18674240398636 1.814145075531823 -82.08472944684499
    vertex 13.54091580416958 4.926731361009136 -82.0317516057483
    vertex 15.9677565884871 3.176184264758093 -81.10591212195055
  endloop
endfacet
facet normal 0.44479 0.107423 -0.889169
  outer loop
    vertex 14.18674240398636 1.814145075531823 -82.08472944684499
    vertex 12.03392439548976 3.620748405964037 -82.94337589830828
    vertex 13.54091580416958 4.926731361009136 -82.0317516057483
  endloop
endfacet
facet normal 0.434989 0.131952 -0.890715
  outer loop
    vertex 15.9677565884871 3.176184264758093 -81.10591212195055
    vertex 13.54091580416958 4.926731361009136 -82.0317516057483
    vertex 15.04129781205563 6.230309549446191 -81.10591212195055
  endloop
endfacet
facet normal -0.434989 0.131952 -0.890715
  outer loop
    vertex -15.04129781205562 6.230309549446224 -81.10591212195055
    vertex -13.54091580420068 4.926731361019439 -82.0317516057321
    vertex -15.96775658848709 3.176184264758112 -81.10591212195055
  endloop
endfacet
facet normal -0.41802 0.102098 -0.902682
  outer loop
    vertex -13.54091580420068 4.926731361019439 -82.0317516057321
    vertex -14.18674240401757 1.814145075542143 -82.08472944682903
    vertex -15.96775658848709 3.176184264758112 -81.10591212195055
  endloop
endfacet
facet normal -0.44479 0.107423 -0.889169
  outer loop
    vertex -13.54091580420068 4.926731361019439 -82.0317516057321
    vertex -12.03392439555196 3.620748405984614 -82.94337589827587
    vertex -14.18674240401757 1.814145075542143 -82.08472944682903
  endloop
endfacet
facet normal -0.454638 0.044778 -0.88955
  outer loop
    vertex -15.96775658848709 3.176184264758112 -81.10591212195055
    vertex -14.18674240401757 1.814145075542143 -82.08472944682903
    vertex -16.28058343404406 1.993796439075348e-15 -81.10591212195055
  endloop
endfacet
facet normal -0.443227 0.0325098 -0.89582
  outer loop
    vertex -12.51529171702204 1.532681194164642e-15 -82.96887441825308
    vertex -12.30061288845198 1.814209639292088 -83.00925293028921
    vertex -10.63264585851102 1.302123571709288e-15 -83.90035556640436
  endloop
endfacet
facet normal -0.438644 0.0377294 -0.897868
  outer loop
    vertex -12.30061288845198 1.814209639292088 -83.00925293028921
    vertex -10.41326166146803 1.814084763026283 -83.93130368330776
    vertex -10.63264585851102 1.302123571709288e-15 -83.90035556640436
  endloop
endfacet
facet normal -0.436879 0.097104 -0.894264
  outer loop
    vertex -12.30061288845198 1.814209639292088 -83.00925293028921
    vertex -12.03392439555196 3.620748405984614 -82.94337589827587
    vertex -10.41326166146803 1.814084763026283 -83.93130368330776
  endloop
endfacet
facet normal -0.443136 0.0383106 -0.895636
  outer loop
    vertex -10.63264585851102 1.302123571709288e-15 -83.90035556640436
    vertex -10.41326166146803 1.814084763026283 -83.93130368330776
    vertex -8.75 1.071565949253934e-15 -84.83183671455562
  endloop
endfacet
facet normal 0.443136 0.0383106 -0.895636
  outer loop
    vertex 8.75 0 -84.83183671455562
    vertex 10.41326166143686 1.814084763015974 -83.93130368332382
    vertex 10.63264585851102 0 -83.90035556640436
  endloop
endfacet
facet normal 0.438644 0.0377294 -0.897868
  outer loop
    vertex 10.41326166143686 1.814084763015974 -83.93130368332382
    vertex 12.30061288842079 1.814209639281771 -83.00925293030521
    vertex 10.63264585851102 0 -83.90035556640436
  endloop
endfacet
facet normal 0.436879 0.097104 -0.894264
  outer loop
    vertex 10.41326166143686 1.814084763015974 -83.93130368332382
    vertex 12.03392439548976 3.620748405964037 -82.94337589830828
    vertex 12.30061288842079 1.814209639281771 -83.00925293030521
  endloop
endfacet
facet normal 0.443227 0.0325098 -0.89582
  outer loop
    vertex 10.63264585851102 0 -83.90035556640436
    vertex 12.30061288842079 1.814209639281771 -83.00925293030521
    vertex 12.51529171702204 0 -82.96887441825308
  endloop
endfacet
facet normal -0.427047 0.056452 -0.902465
  outer loop
    vertex -8.75 1.071565949253934e-15 -84.83183671455562
    vertex -10.41326166146803 1.814084763026283 -83.93130368330776
    vertex -8.75 2.248427313096462 -84.69119075985452
  endloop
endfacet
facet normal -0.438141 0.119005 -0.890994
  outer loop
    vertex -10.41326166146803 1.814084763026283 -83.93130368330776
    vertex -10.40012464446054 4.047333734254309 -83.63948179480191
    vertex -8.75 2.248427313096462 -84.69119075985452
  endloop
endfacet
facet normal -0.415536 0.120257 -0.901592
  outer loop
    vertex -10.41326166146803 1.814084763026283 -83.93130368330776
    vertex -12.03392439555196 3.620748405984614 -82.94337589827587
    vertex -10.40012464446054 4.047333734254309 -83.63948179480191
  endloop
endfacet
facet normal -0.401596 0.158917 -0.901923
  outer loop
    vertex -8.75 2.248427313096462 -84.69119075985452
    vertex -10.40012464446054 4.047333734254309 -83.63948179480191
    vertex -8.75 4.467566033699853 -84.30018250284438
  endloop
endfacet
facet normal 0.401596 0.158917 -0.901923
  outer loop
    vertex 8.75 4.467566033699859 -84.30018250284436
    vertex 10.40012464442943 4.047333734244019 -83.63948179481811
    vertex 8.75 2.248427313096465 -84.69119075985452
  endloop
endfacet
facet normal 0.438141 0.119005 -0.890994
  outer loop
    vertex 10.40012464442943 4.047333734244019 -83.63948179481811
    vertex 10.41326166143686 1.814084763015974 -83.93130368332382
    vertex 8.75 2.248427313096465 -84.69119075985452
  endloop
endfacet
facet normal 0.415536 0.120257 -0.901592
  outer loop
    vertex 10.40012464442943 4.047333734244019 -83.63948179481811
    vertex 12.03392439548976 3.620748405964037 -82.94337589830828
    vertex 10.41326166143686 1.814084763015974 -83.93130368332382
  endloop
endfacet
facet normal 0.427047 0.056452 -0.902465
  outer loop
    vertex 8.75 2.248427313096465 -84.69119075985452
    vertex 10.41326166143686 1.814084763015974 -83.93130368332382
    vertex 8.75 0 -84.83183671455562
  endloop
endfacet
facet normal -0.36511 0.237812 -0.900078
  outer loop
    vertex -8.75 4.467566033699853 -84.30018250284438
    vertex -10.22915462722688 6.145179194290358 -83.25692770222678
    vertex -8.75 6.646581443863368 -83.72445958877569
  endloop
endfacet
facet normal -0.368848 0.254546 -0.893956
  outer loop
    vertex -10.22915462722688 6.145179194290358 -83.25692770222678
    vertex -10.23573395678115 8.312091570455197 -82.63720435434988
    vertex -8.75 6.646581443863368 -83.72445958877569
  endloop
endfacet
facet normal -0.355516 0.256008 -0.898926
  outer loop
    vertex -10.22915462722688 6.145179194290358 -83.25692770222678
    vertex -11.70163872689495 7.818785025960416 -82.19794509299587
    vertex -10.23573395678115 8.312091570455197 -82.63720435434988
  endloop
endfacet
facet normal -0.328423 0.29317 -0.897881
  outer loop
    vertex -8.75 6.646581443863368 -83.72445958877569
    vertex -10.23573395678115 8.312091570455197 -82.63720435434988
    vertex -8.75 8.789295506574009 -83.02483604304025
  endloop
endfacet
facet normal 0.328423 0.29317 -0.897881
  outer loop
    vertex 8.75 8.789295506574042 -83.0248360430403
    vertex 10.23573381716174 8.312091477166643 -82.63720443707173
    vertex 8.75 6.646581443863377 -83.72445958877569
  endloop
endfacet
facet normal 0.368848 0.254546 -0.893956
  outer loop
    vertex 10.23573381716174 8.312091477166643 -82.63720443707173
    vertex 10.22915448769638 6.145179101058075 -83.25692778515977
    vertex 8.75 6.646581443863377 -83.72445958877569
  endloop
endfacet
facet normal 0.355516 0.256008 -0.898926
  outer loop
    vertex 10.23573381716174 8.312091477166643 -82.63720443707173
    vertex 11.70163844789659 7.818784839539621 -82.197945259016
    vertex 10.22915448769638 6.145179101058075 -83.25692778515977
  endloop
endfacet
facet normal 0.36511 0.237812 -0.900078
  outer loop
    vertex 8.75 6.646581443863377 -83.72445958877569
    vertex 10.22915448769638 6.145179101058075 -83.25692778515977
    vertex 8.75 4.467566033699859 -84.30018250284436
  endloop
endfacet
facet normal 0.327615 0.299243 -0.896171
  outer loop
    vertex 11.51211094788594 11.5121109478859 -81.10591212195055
    vertex 11.61786032715851 9.674596008948427 -81.6808225347463
    vertex 10.1310567011629 10.15070445682992 -82.06537759367535
  endloop
endfacet
facet normal 0.327256 0.297564 -0.896861
  outer loop
    vertex 11.61786032715851 9.674596008948427 -81.6808225347463
    vertex 10.23573381716174 8.312091477166643 -82.63720443707173
    vertex 10.1310567011629 10.15070445682992 -82.06537759367535
  endloop
endfacet
facet normal 0.357657 0.265617 -0.895282
  outer loop
    vertex 11.61786032715851 9.674596008948427 -81.6808225347463
    vertex 11.70163844789659 7.818784839539621 -82.197945259016
    vertex 10.23573381716174 8.312091477166643 -82.63720443707173
  endloop
endfacet
facet normal 0.329343 0.297456 -0.896132
  outer loop
    vertex 10.1310567011629 10.15070445682992 -82.06537759367535
    vertex 10.23573381716174 8.312091477166643 -82.63720443707173
    vertex 8.75 8.789295506574042 -83.0248360430403
  endloop
endfacet
facet normal -0.329343 0.297456 -0.896132
  outer loop
    vertex -8.75 8.789295506574009 -83.02483604304025
    vertex -10.23573395678115 8.312091570455197 -82.63720435434988
    vertex -10.13105670116288 10.15070445682993 -82.06537759367535
  endloop
endfacet
facet normal -0.327256 0.297564 -0.896861
  outer loop
    vertex -10.23573395678115 8.312091570455197 -82.63720435434988
    vertex -11.61786046680889 9.67459610226304 -81.68082245210584
    vertex -10.13105670116288 10.15070445682993 -82.06537759367535
  endloop
endfacet
facet normal -0.357657 0.265617 -0.895282
  outer loop
    vertex -10.23573395678115 8.312091570455197 -82.63720435434988
    vertex -11.70163872689495 7.818785025960416 -82.19794509299587
    vertex -11.61786046680889 9.67459610226304 -81.68082245210584
  endloop
endfacet
facet normal -0.327615 0.299243 -0.896171
  outer loop
    vertex -10.13105670116288 10.15070445682993 -82.06537759367535
    vertex -11.61786046680889 9.67459610226304 -81.68082245210584
    vertex -11.5121109478859 11.51211094788595 -81.10591212195055
  endloop
endfacet
facet normal -0.422142 0.161019 -0.892115
  outer loop
    vertex -12.03392439555196 3.620748405984614 -82.94337589827587
    vertex -11.89363187802155 5.732225470867555 -82.62865885023903
    vertex -10.40012464446054 4.047333734254309 -83.63948179480191
  endloop
endfacet
facet normal -0.388458 0.195854 -0.900412
  outer loop
    vertex -11.89363187802155 5.732225470867555 -82.62865885023903
    vertex -10.22915462722688 6.145179194290358 -83.25692770222678
    vertex -10.40012464446054 4.047333734254309 -83.63948179480191
  endloop
endfacet
facet normal -0.391847 0.220439 -0.893231
  outer loop
    vertex -11.89363187802155 5.732225470867555 -82.62865885023903
    vertex -11.70163872689495 7.818785025960416 -82.19794509299587
    vertex -10.22915462722688 6.145179194290358 -83.25692770222678
  endloop
endfacet
facet normal -0.407089 0.195864 -0.892141
  outer loop
    vertex -10.40012464446054 4.047333734254309 -83.63948179480191
    vertex -10.22915462722688 6.145179194290358 -83.25692770222678
    vertex -8.75 4.467566033699853 -84.30018250284438
  endloop
endfacet
facet normal 0.407089 0.195864 -0.892141
  outer loop
    vertex 8.75 4.467566033699859 -84.30018250284436
    vertex 10.22915448769638 6.145179101058075 -83.25692778515977
    vertex 10.40012464442943 4.047333734244019 -83.63948179481811
  endloop
endfacet
facet normal 0.388458 0.195854 -0.900412
  outer loop
    vertex 10.22915448769638 6.145179101058075 -83.25692778515977
    vertex 11.8936317382228 5.7322253774609 -82.62865893261331
    vertex 10.40012464442943 4.047333734244019 -83.63948179481811
  endloop
endfacet
facet normal 0.391847 0.220439 -0.893231
  outer loop
    vertex 10.22915448769638 6.145179101058075 -83.25692778515977
    vertex 11.70163844789659 7.818784839539621 -82.197945259016
    vertex 11.8936317382228 5.7322253774609 -82.62865893261331
  endloop
endfacet
facet normal 0.422142 0.161019 -0.892115
  outer loop
    vertex 10.40012464442943 4.047333734244019 -83.63948179481811
    vertex 11.8936317382228 5.7322253774609 -82.62865893261331
    vertex 12.03392439548976 3.620748405964037 -82.94337589830828
  endloop
endfacet
facet normal -0.398805 0.179669 -0.899263
  outer loop
    vertex -15.04129781205562 6.230309549446224 -81.10591212195055
    vertex -13.38412404437138 7.031195853696864 -81.68082245210584
    vertex -13.54091580420068 4.926731361019439 -82.0317516057321
  endloop
endfacet
facet normal -0.411609 0.179658 -0.893477
  outer loop
    vertex -13.38412404437138 7.031195853696864 -81.68082245210584
    vertex -11.89363187802155 5.732225470867555 -82.62865885023903
    vertex -13.54091580420068 4.926731361019439 -82.0317516057321
  endloop
endfacet
facet normal -0.379366 0.220401 -0.898612
  outer loop
    vertex -13.38412404437138 7.031195853696864 -81.68082245210584
    vertex -11.70163872689495 7.818785025960416 -82.19794509299587
    vertex -11.89363187802155 5.732225470867555 -82.62865885023903
  endloop
endfacet
facet normal -0.404901 0.161058 -0.900064
  outer loop
    vertex -13.54091580420068 4.926731361019439 -82.0317516057321
    vertex -11.89363187802155 5.732225470867555 -82.62865885023903
    vertex -12.03392439555196 3.620748405984614 -82.94337589827587
  endloop
endfacet
facet normal 0.404901 0.161058 -0.900064
  outer loop
    vertex 12.03392439548976 3.620748405964037 -82.94337589830828
    vertex 11.8936317382228 5.7322253774609 -82.62865893261331
    vertex 13.54091580416958 4.926731361009136 -82.0317516057483
  endloop
endfacet
facet normal 0.411609 0.179658 -0.893477
  outer loop
    vertex 11.8936317382228 5.7322253774609 -82.62865893261331
    vertex 13.38412390471808 7.031195760386616 -81.6808225347463
    vertex 13.54091580416958 4.926731361009136 -82.0317516057483
  endloop
endfacet
facet normal 0.379366 0.220401 -0.898612
  outer loop
    vertex 11.8936317382228 5.7322253774609 -82.62865893261331
    vertex 11.70163844789659 7.818784839539621 -82.197945259016
    vertex 13.38412390471808 7.031195760386616 -81.6808225347463
  endloop
endfacet
facet normal 0.398805 0.179669 -0.899263
  outer loop
    vertex 13.54091580416958 4.926731361009136 -82.0317516057483
    vertex 13.38412390471808 7.031195760386616 -81.6808225347463
    vertex 15.04129781205563 6.230309549446191 -81.10591212195055
  endloop
endfacet
facet normal -0.212485 0.397531 -0.892647
  outer loop
    vertex -6.230309549446154 15.04129781205565 -81.10591212195055
    vertex -7.518142397882838 11.95981921495854 -82.17166263667191
    vertex -9.045007532146901 13.53681039596388 -81.10591212195055
  endloop
endfacet
facet normal -0.273665 0.342452 -0.898796
  outer loop
    vertex -7.518142397882838 11.95981921495854 -82.17166263667191
    vertex -10.13105670116288 10.15070445682993 -82.06537759367535
    vertex -9.045007532146901 13.53681039596388 -81.10591212195055
  endloop
endfacet
facet normal -0.277929 0.348832 -0.895026
  outer loop
    vertex -7.518142397882838 11.95981921495854 -82.17166263667191
    vertex -8.75 8.789295506574009 -83.02483604304025
    vertex -10.13105670116288 10.15070445682993 -82.06537759367535
  endloop
endfacet
facet normal -0.28258 0.344325 -0.895315
  outer loop
    vertex -9.045007532146901 13.53681039596388 -81.10591212195055
    vertex -10.13105670116288 10.15070445682993 -82.06537759367535
    vertex -11.5121109478859 11.51211094788595 -81.10591212195055
  endloop
endfacet
facet normal 0.28258 0.344325 -0.895315
  outer loop
    vertex 11.51211094788594 11.5121109478859 -81.10591212195055
    vertex 10.1310567011629 10.15070445682992 -82.06537759367535
    vertex 9.045007532146959 13.53681039596384 -81.10591212195055
  endloop
endfacet
facet normal 0.273665 0.342452 -0.898796
  outer loop
    vertex 10.1310567011629 10.15070445682992 -82.06537759367535
    vertex 7.518142397882866 11.95981921495853 -82.17166263667191
    vertex 9.045007532146959 13.53681039596384 -81.10591212195055
  endloop
endfacet
facet normal 0.277929 0.348832 -0.895026
  outer loop
    vertex 10.1310567011629 10.15070445682992 -82.06537759367535
    vertex 8.75 8.789295506574042 -83.0248360430403
    vertex 7.518142397882866 11.95981921495853 -82.17166263667191
  endloop
endfacet
facet normal 0.212485 0.397531 -0.892647
  outer loop
    vertex 9.045007532146959 13.53681039596384 -81.10591212195055
    vertex 7.518142397882866 11.95981921495853 -82.17166263667191
    vertex 6.230309549446233 15.04129781205561 -81.10591212195055
  endloop
endfacet
facet normal -1 0 0
  outer loop
    vertex -8.75 0 -114.1386394524259
    vertex -8.75 0 -111.2079591786389
    vertex -8.75 2.421585551106756 -114.7069180203483
  endloop
endfacet
facet normal -1 0 0
  outer loop
    vertex -8.75 0 -111.2079591786389
    vertex -8.75 2.421585551106757 -111.7762377465613
    vertex -8.75 2.421585551106756 -114.7069180203483
  endloop
endfacet
facet normal -1 0 0
  outer loop
    vertex -8.75 0 -111.2079591786389
    vertex -8.75 0 -108.2772789048519
    vertex -8.75 2.421585551106757 -111.7762377465613
  endloop
endfacet
facet normal -1 0 0
  outer loop
    vertex -8.75 2.421585551106756 -114.7069180203483
    vertex -8.75 2.421585551106757 -111.7762377465613
    vertex -8.75 4.843171102213514 -115.2751965882707
  endloop
endfacet
facet normal -1 0 0
  outer loop
    vertex -8.75 0 -108.2772789048519
    vertex -8.75 3.614086377962272 -109.1856784004015
    vertex -8.75 2.421585551106757 -111.7762377465613
  endloop
endfacet
facet normal -1 0 -0
  outer loop
    vertex -8.75 3.614086377962272 -109.1856784004015
    vertex -8.75 6.035671929069029 -112.6846372421109
    vertex -8.75 2.421585551106757 -111.7762377465613
  endloop
endfacet
facet normal -1 0 0
  outer loop
    vertex -8.75 3.614086377962272 -109.1856784004015
    vertex -8.75 7.228172755924543 -110.0940778959511
    vertex -8.75 6.035671929069029 -112.6846372421109
  endloop
endfacet
facet normal -1 0 0
  outer loop
    vertex -8.75 2.421585551106757 -111.7762377465613
    vertex -8.75 6.035671929069029 -112.6846372421109
    vertex -8.75 4.843171102213514 -115.2751965882707
  endloop
endfacet
facet normal -1 0 0
  outer loop
    vertex -8.75 16.26309850219134 -92.48737686495456
    vertex -8.75 15.55783687337428 -95.96360877147092
    vertex -8.75 13.65776820309826 -92.85016325583196
  endloop
endfacet
facet normal -1 -0 0
  outer loop
    vertex -8.75 15.55783687337428 -95.96360877147092
    vertex -8.75 12.95250657428121 -96.32639516234832
    vertex -8.75 13.65776820309826 -92.85016325583196
  endloop
endfacet
facet normal -1 0 0
  outer loop
    vertex -8.75 15.55783687337428 -95.96360877147092
    vertex -8.75 14.85257524455722 -99.43984067798729
    vertex -8.75 12.95250657428121 -96.32639516234832
  endloop
endfacet
facet normal -1 0 0
  outer loop
    vertex -8.75 13.65776820309826 -92.85016325583196
    vertex -8.75 12.95250657428121 -96.32639516234832
    vertex -8.75 11.05243790400519 -93.21294964670936
  endloop
endfacet
facet normal -1 -0 0
  outer loop
    vertex -8.75 16.6000469637828 -107.0860145430662
    vertex -8.75 14.9000704456742 -109.2383454525552
    vertex -8.75 13.6010007551262 -105.8326966257596
  endloop
endfacet
facet normal -1 0 0
  outer loop
    vertex -8.75 14.9000704456742 -109.2383454525552
    vertex -8.75 11.90102423701759 -107.9850275352485
    vertex -8.75 13.6010007551262 -105.8326966257596
  endloop
endfacet
facet normal -1 -0 0
  outer loop
    vertex -8.75 14.9000704456742 -109.2383454525552
    vertex -8.75 13.20009392756559 -111.3906763620442
    vertex -8.75 11.90102423701759 -107.9850275352485
  endloop
endfacet
facet normal -1 -0 0
  outer loop
    vertex -8.75 13.6010007551262 -105.8326966257596
    vertex -8.75 11.90102423701759 -107.9850275352485
    vertex -8.75 10.60195454646959 -104.5793787084529
  endloop
endfacet
facet normal -1 0 -0
  outer loop
    vertex -8.75 16.26309850219134 -92.48737686495456
    vertex -8.75 18.13154925109567 -94.85301207043312
    vertex -8.75 15.55783687337428 -95.96360877147092
  endloop
endfacet
facet normal -1 0 0
  outer loop
    vertex -8.75 18.13154925109567 -94.85301207043312
    vertex -8.75 17.42628762227861 -98.3292439769495
    vertex -8.75 15.55783687337428 -95.96360877147092
  endloop
endfacet
facet normal -1 0 -0
  outer loop
    vertex -8.75 18.13154925109567 -94.85301207043312
    vertex -8.75 20 -97.21864727591169
    vertex -8.75 17.42628762227861 -98.3292439769495
  endloop
endfacet
facet normal -1 0 -0
  outer loop
    vertex -8.75 15.55783687337428 -95.96360877147092
    vertex -8.75 17.42628762227861 -98.3292439769495
    vertex -8.75 14.85257524455722 -99.43984067798729
  endloop
endfacet
facet normal -1 0 0
  outer loop
    vertex -8.75 7.228172755924543 -110.0940778959511
    vertex -8.75 3.614086377962272 -109.1856784004015
    vertex -8.75 6.031397827414612 -107.6894935488539
  endloop
endfacet
facet normal -1 0 0
  outer loop
    vertex -8.75 3.614086377962272 -109.1856784004015
    vertex -8.75 2.417311449452341 -106.7810940533043
    vertex -8.75 6.031397827414612 -107.6894935488539
  endloop
endfacet
facet normal -1 0 0
  outer loop
    vertex -8.75 3.614086377962272 -109.1856784004015
    vertex -8.75 0 -108.2772789048519
    vertex -8.75 2.417311449452341 -106.7810940533043
  endloop
endfacet
facet normal -1 0 0
  outer loop
    vertex -8.75 6.031397827414612 -107.6894935488539
    vertex -8.75 2.417311449452341 -106.7810940533043
    vertex -8.75 4.834622898904681 -105.2849092017567
  endloop
endfacet
facet normal -1 0 -0
  outer loop
    vertex -8.75 11.05243790400519 -93.21294964670936
    vertex -8.75 12.95250657428121 -96.32639516234832
    vertex -8.75 10.45745873883945 -95.8248229792176
  endloop
endfacet
facet normal -1 -0 0
  outer loop
    vertex -8.75 12.95250657428121 -96.32639516234832
    vertex -8.75 12.35752740911546 -98.93826849485656
    vertex -8.75 10.45745873883945 -95.8248229792176
  endloop
endfacet
facet normal -1 0 -0
  outer loop
    vertex -8.75 12.95250657428121 -96.32639516234832
    vertex -8.75 14.85257524455722 -99.43984067798729
    vertex -8.75 12.35752740911546 -98.93826849485656
  endloop
endfacet
facet normal -1 0 -0
  outer loop
    vertex -8.75 10.45745873883945 -95.8248229792176
    vertex -8.75 12.35752740911546 -98.93826849485656
    vertex -8.75 9.862479573673705 -98.43669631172583
  endloop
endfacet
facet normal -1 -0 0
  outer loop
    vertex -8.75 20 -102.7813527240883
    vertex -8.75 18.3000234818914 -104.9336836335773
    vertex -8.75 17.42628762227861 -101.1105967010378
  endloop
endfacet
facet normal -1 0 0
  outer loop
    vertex -8.75 18.3000234818914 -104.9336836335773
    vertex -8.75 15.72631110417001 -103.2629276105268
    vertex -8.75 17.42628762227861 -101.1105967010378
  endloop
endfacet
facet normal -1 -0 0
  outer loop
    vertex -8.75 18.3000234818914 -104.9336836335773
    vertex -8.75 16.6000469637828 -107.0860145430662
    vertex -8.75 15.72631110417001 -103.2629276105268
  endloop
endfacet
facet normal -1 -0 0
  outer loop
    vertex -8.75 17.42628762227861 -101.1105967010378
    vertex -8.75 15.72631110417001 -103.2629276105268
    vertex -8.75 14.85257524455722 -99.43984067798729
  endloop
endfacet
facet normal -1 0 -0
  outer loop
    vertex -8.75 14.85257524455722 -99.43984067798729
    vertex -8.75 15.72631110417001 -103.2629276105268
    vertex -8.75 12.72726489551341 -102.0096096932201
  endloop
endfacet
facet normal -1 -0 0
  outer loop
    vertex -8.75 15.72631110417001 -103.2629276105268
    vertex -8.75 13.6010007551262 -105.8326966257596
    vertex -8.75 12.72726489551341 -102.0096096932201
  endloop
endfacet
facet normal -1 0 -0
  outer loop
    vertex -8.75 15.72631110417001 -103.2629276105268
    vertex -8.75 16.6000469637828 -107.0860145430662
    vertex -8.75 13.6010007551262 -105.8326966257596
  endloop
endfacet
facet normal -1 0 -0
  outer loop
    vertex -8.75 12.72726489551341 -102.0096096932201
    vertex -8.75 13.6010007551262 -105.8326966257596
    vertex -8.75 10.60195454646959 -104.5793787084529
  endloop
endfacet
facet normal -1 0 0
  outer loop
    vertex -8.75 13.20009392756559 -111.3906763620442
    vertex -8.75 10.21413334174507 -110.7423771289976
    vertex -8.75 11.90102423701759 -107.9850275352485
  endloop
endfacet
facet normal -1 0 0
  outer loop
    vertex -8.75 10.21413334174507 -110.7423771289976
    vertex -8.75 8.915063651197068 -107.336728302202
    vertex -8.75 11.90102423701759 -107.9850275352485
  endloop
endfacet
facet normal -1 0 0
  outer loop
    vertex -8.75 10.21413334174507 -110.7423771289976
    vertex -8.75 7.228172755924543 -110.0940778959511
    vertex -8.75 8.915063651197068 -107.336728302202
  endloop
endfacet
facet normal -1 0 0
  outer loop
    vertex -8.75 11.90102423701759 -107.9850275352485
    vertex -8.75 8.915063651197068 -107.336728302202
    vertex -8.75 10.60195454646959 -104.5793787084529
  endloop
endfacet
facet normal -1 0 0
  outer loop
    vertex -8.75 6.400187855131188 -120
    vertex -8.75 3.200093927565594 -120
    vertex -8.75 5.621679478672351 -117.6375982941353
  endloop
endfacet
facet normal -1 0 0
  outer loop
    vertex -8.75 3.200093927565594 -120
    vertex -8.75 2.421585551106757 -117.6375982941353
    vertex -8.75 5.621679478672351 -117.6375982941353
  endloop
endfacet
facet normal -1 0 0
  outer loop
    vertex -8.75 3.200093927565594 -120
    vertex -8.75 0 -120
    vertex -8.75 2.421585551106757 -117.6375982941353
  endloop
endfacet
facet normal -1 0 0
  outer loop
    vertex -8.75 5.621679478672351 -117.6375982941353
    vertex -8.75 2.421585551106757 -117.6375982941353
    vertex -8.75 4.843171102213514 -115.2751965882707
  endloop
endfacet
facet normal -1 0 0
  outer loop
    vertex -8.75 0 -120
    vertex -8.75 0 -117.069319726213
    vertex -8.75 2.421585551106757 -117.6375982941353
  endloop
endfacet
facet normal -1 0 0
  outer loop
    vertex -8.75 0 -117.069319726213
    vertex -8.75 2.421585551106756 -114.7069180203483
    vertex -8.75 2.421585551106757 -117.6375982941353
  endloop
endfacet
facet normal -1 0 0
  outer loop
    vertex -8.75 0 -117.069319726213
    vertex -8.75 0 -114.1386394524259
    vertex -8.75 2.421585551106756 -114.7069180203483
  endloop
endfacet
facet normal -1 0 0
  outer loop
    vertex -8.75 2.421585551106757 -117.6375982941353
    vertex -8.75 2.421585551106756 -114.7069180203483
    vertex -8.75 4.843171102213514 -115.2751965882707
  endloop
endfacet
facet normal -1 0 -0
  outer loop
    vertex -8.75 12.52619700438268 -87.7561064539974
    vertex -8.75 14.39464775328701 -90.12174165947597
    vertex -8.75 11.78931745419393 -90.48452805035339
  endloop
endfacet
facet normal -1 0 0
  outer loop
    vertex -8.75 14.39464775328701 -90.12174165947597
    vertex -8.75 13.65776820309826 -92.85016325583196
    vertex -8.75 11.78931745419393 -90.48452805035339
  endloop
endfacet
facet normal -1 0 -0
  outer loop
    vertex -8.75 14.39464775328701 -90.12174165947597
    vertex -8.75 16.26309850219134 -92.48737686495456
    vertex -8.75 13.65776820309826 -92.85016325583196
  endloop
endfacet
facet normal -1 0 -0
  outer loop
    vertex -8.75 11.78931745419393 -90.48452805035339
    vertex -8.75 13.65776820309826 -92.85016325583196
    vertex -8.75 11.05243790400519 -93.21294964670936
  endloop
endfacet
facet normal -1 0 -0
  outer loop
    vertex -8.75 5.077719766331012 -100.1814087306392
    vertex -8.75 7.839837156400303 -102.380393719546
    vertex -8.75 4.956171332617846 -102.7331589661979
  endloop
endfacet
facet normal -1 0 0
  outer loop
    vertex -8.75 7.839837156400303 -102.380393719546
    vertex -8.75 7.718288722687137 -104.9321439551048
    vertex -8.75 4.956171332617846 -102.7331589661979
  endloop
endfacet
facet normal -1 0 -0
  outer loop
    vertex -8.75 7.839837156400303 -102.380393719546
    vertex -8.75 10.60195454646959 -104.5793787084529
    vertex -8.75 7.718288722687137 -104.9321439551048
  endloop
endfacet
facet normal -1 0 -0
  outer loop
    vertex -8.75 4.956171332617846 -102.7331589661979
    vertex -8.75 7.718288722687137 -104.9321439551048
    vertex -8.75 4.834622898904681 -105.2849092017567
  endloop
endfacet
facet normal -1 0 0
  outer loop
    vertex -8.75 0 -102.4159183572778
    vertex -8.75 0 -99.4852380834908
    vertex -8.75 2.538859883165506 -101.2986635439585
  endloop
endfacet
facet normal -1 0 0
  outer loop
    vertex -8.75 0 -99.4852380834908
    vertex -8.75 2.538859883165506 -98.36798327017146
    vertex -8.75 2.538859883165506 -101.2986635439585
  endloop
endfacet
facet normal -1 0 0
  outer loop
    vertex -8.75 0 -99.4852380834908
    vertex -8.75 0 -96.55455780970377
    vertex -8.75 2.538859883165506 -98.36798327017146
  endloop
endfacet
facet normal -1 0 0
  outer loop
    vertex -8.75 2.538859883165506 -101.2986635439585
    vertex -8.75 2.538859883165506 -98.36798327017146
    vertex -8.75 5.077719766331012 -100.1814087306392
  endloop
endfacet
facet normal -1 0 0
  outer loop
    vertex -8.75 10.60195454646959 -104.5793787084529
    vertex -8.75 7.839837156400303 -102.380393719546
    vertex -8.75 10.23221706007165 -101.5080375100894
  endloop
endfacet
facet normal -1 0 0
  outer loop
    vertex -8.75 7.839837156400303 -102.380393719546
    vertex -8.75 7.470099670002359 -99.30905252118249
    vertex -8.75 10.23221706007165 -101.5080375100894
  endloop
endfacet
facet normal -1 0 0
  outer loop
    vertex -8.75 7.839837156400303 -102.380393719546
    vertex -8.75 5.077719766331012 -100.1814087306392
    vertex -8.75 7.470099670002359 -99.30905252118249
  endloop
endfacet
facet normal -1 0 0
  outer loop
    vertex -8.75 10.23221706007165 -101.5080375100894
    vertex -8.75 7.470099670002359 -99.30905252118249
    vertex -8.75 9.862479573673705 -98.43669631172583
  endloop
endfacet
facet normal -1 0 0
  outer loop
    vertex -8.75 0 -108.2772789048519
    vertex -8.75 0 -105.3465986310649
    vertex -8.75 2.417311449452341 -106.7810940533043
  endloop
endfacet
facet normal -1 0 0
  outer loop
    vertex -8.75 0 -105.3465986310649
    vertex -8.75 2.417311449452341 -103.8504137795173
    vertex -8.75 2.417311449452341 -106.7810940533043
  endloop
endfacet
facet normal -1 0 0
  outer loop
    vertex -8.75 0 -105.3465986310649
    vertex -8.75 0 -102.4159183572778
    vertex -8.75 2.417311449452341 -103.8504137795173
  endloop
endfacet
facet normal -1 0 0
  outer loop
    vertex -8.75 2.417311449452341 -106.7810940533043
    vertex -8.75 2.417311449452341 -103.8504137795173
    vertex -8.75 4.834622898904681 -105.2849092017567
  endloop
endfacet
facet normal -1 0 -0
  outer loop
    vertex -8.75 20 -97.21864727591169
    vertex -8.75 20 -100
    vertex -8.75 17.42628762227861 -98.3292439769495
  endloop
endfacet
facet normal -1 -0 0
  outer loop
    vertex -8.75 20 -100
    vertex -8.75 17.42628762227861 -101.1105967010378
    vertex -8.75 17.42628762227861 -98.3292439769495
  endloop
endfacet
facet normal -1 0 -0
  outer loop
    vertex -8.75 20 -100
    vertex -8.75 20 -102.7813527240883
    vertex -8.75 17.42628762227861 -101.1105967010378
  endloop
endfacet
facet normal -1 0 -0
  outer loop
    vertex -8.75 17.42628762227861 -98.3292439769495
    vertex -8.75 17.42628762227861 -101.1105967010378
    vertex -8.75 14.85257524455722 -99.43984067798729
  endloop
endfacet
facet normal -1 0 0
  outer loop
    vertex -8.75 5.077719766331012 -100.1814087306392
    vertex -8.75 4.906364217832477 -96.90264313327795
    vertex -8.75 7.470099670002359 -99.30905252118249
  endloop
endfacet
facet normal -1 0 0
  outer loop
    vertex -8.75 4.906364217832477 -96.90264313327795
    vertex -8.75 7.298744121503823 -96.03028692382128
    vertex -8.75 7.470099670002359 -99.30905252118249
  endloop
endfacet
facet normal -1 0 0
  outer loop
    vertex -8.75 4.906364217832477 -96.90264313327795
    vertex -8.75 4.735008669333943 -93.62387753591673
    vertex -8.75 7.298744121503823 -96.03028692382128
  endloop
endfacet
facet normal -1 0 0
  outer loop
    vertex -8.75 7.470099670002359 -99.30905252118249
    vertex -8.75 7.298744121503823 -96.03028692382128
    vertex -8.75 9.862479573673705 -98.43669631172583
  endloop
endfacet
facet normal -1 -0 0
  outer loop
    vertex -8.75 13.20009392756559 -111.3906763620442
    vertex -8.75 11.50011740945699 -113.5430072715331
    vertex -8.75 10.21413334174507 -110.7423771289976
  endloop
endfacet
facet normal -1 0 0
  outer loop
    vertex -8.75 11.50011740945699 -113.5430072715331
    vertex -8.75 8.514156823636467 -112.8947080384866
    vertex -8.75 10.21413334174507 -110.7423771289976
  endloop
endfacet
facet normal -1 -0 0
  outer loop
    vertex -8.75 11.50011740945699 -113.5430072715331
    vertex -8.75 9.80014089134839 -115.6953381810221
    vertex -8.75 8.514156823636467 -112.8947080384866
  endloop
endfacet
facet normal -1 -0 0
  outer loop
    vertex -8.75 10.21413334174507 -110.7423771289976
    vertex -8.75 8.514156823636467 -112.8947080384866
    vertex -8.75 7.228172755924543 -110.0940778959511
  endloop
endfacet
facet normal -1 0 0
  outer loop
    vertex -8.75 4.735008669333943 -93.62387753591673
    vertex -8.75 7.893723286669568 -93.41841359131305
    vertex -8.75 7.298744121503823 -96.03028692382128
  endloop
endfacet
facet normal -1 0 -0
  outer loop
    vertex -8.75 7.893723286669568 -93.41841359131305
    vertex -8.75 10.45745873883945 -95.8248229792176
    vertex -8.75 7.298744121503823 -96.03028692382128
  endloop
endfacet
facet normal -1 0 0
  outer loop
    vertex -8.75 7.893723286669568 -93.41841359131305
    vertex -8.75 11.05243790400519 -93.21294964670936
    vertex -8.75 10.45745873883945 -95.8248229792176
  endloop
endfacet
facet normal -1 0 0
  outer loop
    vertex -8.75 7.298744121503823 -96.03028692382128
    vertex -8.75 10.45745873883945 -95.8248229792176
    vertex -8.75 9.862479573673705 -98.43669631172583
  endloop
endfacet
facet normal -1 0 -0
  outer loop
    vertex -8.75 7.364113737539023 -88.28007819514181
    vertex -8.75 9.208275820772108 -90.74651392092559
    vertex -8.75 6.049561203436483 -90.95197786552927
  endloop
endfacet
facet normal -1 0 0
  outer loop
    vertex -8.75 9.208275820772108 -90.74651392092559
    vertex -8.75 7.893723286669568 -93.41841359131305
    vertex -8.75 6.049561203436483 -90.95197786552927
  endloop
endfacet
facet normal -1 0 -0
  outer loop
    vertex -8.75 9.208275820772108 -90.74651392092559
    vertex -8.75 11.05243790400519 -93.21294964670936
    vertex -8.75 7.893723286669568 -93.41841359131305
  endloop
endfacet
facet normal -1 0 -0
  outer loop
    vertex -8.75 6.049561203436483 -90.95197786552927
    vertex -8.75 7.893723286669568 -93.41841359131305
    vertex -8.75 4.735008669333943 -93.62387753591673
  endloop
endfacet
facet normal -1 0 0
  outer loop
    vertex -8.75 0 -96.55455780970377
    vertex -8.75 0 -93.62387753591673
    vertex -8.75 2.367504334666971 -95.08921767281025
  endloop
endfacet
facet normal -1 0 0
  outer loop
    vertex -8.75 0 -93.62387753591673
    vertex -8.75 2.367504334666971 -92.15853739902322
    vertex -8.75 2.367504334666971 -95.08921767281025
  endloop
endfacet
facet normal -1 0 0
  outer loop
    vertex -8.75 0 -93.62387753591673
    vertex -8.75 0 -90.69319726212969
    vertex -8.75 2.367504334666971 -92.15853739902322
  endloop
endfacet
facet normal -1 0 0
  outer loop
    vertex -8.75 2.367504334666971 -95.08921767281025
    vertex -8.75 2.367504334666971 -92.15853739902322
    vertex -8.75 4.735008669333943 -93.62387753591673
  endloop
endfacet
facet normal -1 0 -0
  outer loop
    vertex -8.75 8.789295506574009 -83.02483604304025
    vertex -8.75 10.65774625547834 -85.39047124851882
    vertex -8.75 8.076704622056525 -85.65245711909105
  endloop
endfacet
facet normal -1 0 0
  outer loop
    vertex -8.75 10.65774625547834 -85.39047124851882
    vertex -8.75 9.945155370960849 -88.01809232456961
    vertex -8.75 8.076704622056525 -85.65245711909105
  endloop
endfacet
facet normal -1 0 -0
  outer loop
    vertex -8.75 10.65774625547834 -85.39047124851882
    vertex -8.75 12.52619700438268 -87.7561064539974
    vertex -8.75 9.945155370960849 -88.01809232456961
  endloop
endfacet
facet normal -1 0 -0
  outer loop
    vertex -8.75 8.076704622056525 -85.65245711909105
    vertex -8.75 9.945155370960849 -88.01809232456961
    vertex -8.75 7.364113737539023 -88.28007819514181
  endloop
endfacet
facet normal -1 -0 0
  outer loop
    vertex -8.75 7.364113737539023 -88.28007819514181
    vertex -8.75 6.049561203436483 -90.95197786552927
    vertex -8.75 5.23884565841592 -88.22962525380473
  endloop
endfacet
facet normal -1 0 0
  outer loop
    vertex -8.75 6.049561203436483 -90.95197786552927
    vertex -8.75 3.92429312431338 -90.90152492419219
    vertex -8.75 5.23884565841592 -88.22962525380473
  endloop
endfacet
facet normal -1 -0 0
  outer loop
    vertex -8.75 6.049561203436483 -90.95197786552927
    vertex -8.75 4.735008669333943 -93.62387753591673
    vertex -8.75 3.92429312431338 -90.90152492419219
  endloop
endfacet
facet normal -1 -0 0
  outer loop
    vertex -8.75 5.23884565841592 -88.22962525380473
    vertex -8.75 3.92429312431338 -90.90152492419219
    vertex -8.75 3.113577579292818 -88.17917231246766
  endloop
endfacet
facet normal -1 0 0
  outer loop
    vertex -8.75 0 -90.69319726212969
    vertex -8.75 0 -87.76251698834265
    vertex -8.75 1.556788789646409 -89.43618478729867
  endloop
endfacet
facet normal -1 0 0
  outer loop
    vertex -8.75 0 -87.76251698834265
    vertex -8.75 1.556788789646409 -86.50550451351164
    vertex -8.75 1.556788789646409 -89.43618478729867
  endloop
endfacet
facet normal -1 0 0
  outer loop
    vertex -8.75 0 -87.76251698834265
    vertex -8.75 1.071565949253934e-15 -84.83183671455562
    vertex -8.75 1.556788789646409 -86.50550451351164
  endloop
endfacet
facet normal -1 0 0
  outer loop
    vertex -8.75 1.556788789646409 -89.43618478729867
    vertex -8.75 1.556788789646409 -86.50550451351164
    vertex -8.75 3.113577579292818 -88.17917231246766
  endloop
endfacet
facet normal -1 0 0
  outer loop
    vertex -8.75 12.52619700438268 -87.7561064539974
    vertex -8.75 11.78931745419393 -90.48452805035339
    vertex -8.75 9.945155370960849 -88.01809232456961
  endloop
endfacet
facet normal -1 -0 0
  outer loop
    vertex -8.75 11.78931745419393 -90.48452805035339
    vertex -8.75 9.208275820772108 -90.74651392092559
    vertex -8.75 9.945155370960849 -88.01809232456961
  endloop
endfacet
facet normal -1 0 0
  outer loop
    vertex -8.75 11.78931745419393 -90.48452805035339
    vertex -8.75 11.05243790400519 -93.21294964670936
    vertex -8.75 9.208275820772108 -90.74651392092559
  endloop
endfacet
facet normal -1 0 0
  outer loop
    vertex -8.75 9.945155370960849 -88.01809232456961
    vertex -8.75 9.208275820772108 -90.74651392092559
    vertex -8.75 7.364113737539023 -88.28007819514181
  endloop
endfacet
facet normal -1 0 0
  outer loop
    vertex -8.75 10.60195454646959 -104.5793787084529
    vertex -8.75 8.915063651197068 -107.336728302202
    vertex -8.75 7.718288722687137 -104.9321439551048
  endloop
endfacet
facet normal -1 -0 0
  outer loop
    vertex -8.75 8.915063651197068 -107.336728302202
    vertex -8.75 6.031397827414612 -107.6894935488539
    vertex -8.75 7.718288722687137 -104.9321439551048
  endloop
endfacet
facet normal -1 0 0
  outer loop
    vertex -8.75 8.915063651197068 -107.336728302202
    vertex -8.75 7.228172755924543 -110.0940778959511
    vertex -8.75 6.031397827414612 -107.6894935488539
  endloop
endfacet
facet normal -1 0 0
  outer loop
    vertex -8.75 7.718288722687137 -104.9321439551048
    vertex -8.75 6.031397827414612 -107.6894935488539
    vertex -8.75 4.834622898904681 -105.2849092017567
  endloop
endfacet
facet normal -1 0 0
  outer loop
    vertex -8.75 0 -102.4159183572778
    vertex -8.75 2.538859883165506 -101.2986635439585
    vertex -8.75 2.417311449452341 -103.8504137795173
  endloop
endfacet
facet normal -1 0 -0
  outer loop
    vertex -8.75 2.538859883165506 -101.2986635439585
    vertex -8.75 4.956171332617846 -102.7331589661979
    vertex -8.75 2.417311449452341 -103.8504137795173
  endloop
endfacet
facet normal -1 0 0
  outer loop
    vertex -8.75 2.538859883165506 -101.2986635439585
    vertex -8.75 5.077719766331012 -100.1814087306392
    vertex -8.75 4.956171332617846 -102.7331589661979
  endloop
endfacet
facet normal -1 0 0
  outer loop
    vertex -8.75 2.417311449452341 -103.8504137795173
    vertex -8.75 4.956171332617846 -102.7331589661979
    vertex -8.75 4.834622898904681 -105.2849092017567
  endloop
endfacet
facet normal -1 0 0
  outer loop
    vertex -8.75 5.077719766331012 -100.1814087306392
    vertex -8.75 2.538859883165506 -98.36798327017146
    vertex -8.75 4.906364217832477 -96.90264313327795
  endloop
endfacet
facet normal -1 0 0
  outer loop
    vertex -8.75 2.538859883165506 -98.36798327017146
    vertex -8.75 2.367504334666971 -95.08921767281025
    vertex -8.75 4.906364217832477 -96.90264313327795
  endloop
endfacet
facet normal -1 0 0
  outer loop
    vertex -8.75 2.538859883165506 -98.36798327017146
    vertex -8.75 0 -96.55455780970377
    vertex -8.75 2.367504334666971 -95.08921767281025
  endloop
endfacet
facet normal -1 0 0
  outer loop
    vertex -8.75 4.906364217832477 -96.90264313327795
    vertex -8.75 2.367504334666971 -95.08921767281025
    vertex -8.75 4.735008669333943 -93.62387753591673
  endloop
endfacet
facet normal -1 -0 0
  outer loop
    vertex -8.75 9.80014089134839 -115.6953381810221
    vertex -8.75 8.100164373239789 -117.847669090511
    vertex -8.75 7.321655996780953 -115.4852673846464
  endloop
endfacet
facet normal -1 0 0
  outer loop
    vertex -8.75 8.100164373239789 -117.847669090511
    vertex -8.75 5.621679478672351 -117.6375982941353
    vertex -8.75 7.321655996780953 -115.4852673846464
  endloop
endfacet
facet normal -1 -0 0
  outer loop
    vertex -8.75 8.100164373239789 -117.847669090511
    vertex -8.75 6.400187855131188 -120
    vertex -8.75 5.621679478672351 -117.6375982941353
  endloop
endfacet
facet normal -1 -0 0
  outer loop
    vertex -8.75 7.321655996780953 -115.4852673846464
    vertex -8.75 5.621679478672351 -117.6375982941353
    vertex -8.75 4.843171102213514 -115.2751965882707
  endloop
endfacet
facet normal -1 -0 0
  outer loop
    vertex -8.75 14.85257524455722 -99.43984067798729
    vertex -8.75 12.72726489551341 -102.0096096932201
    vertex -8.75 12.35752740911546 -98.93826849485656
  endloop
endfacet
facet normal -1 0 0
  outer loop
    vertex -8.75 12.72726489551341 -102.0096096932201
    vertex -8.75 10.23221706007165 -101.5080375100894
    vertex -8.75 12.35752740911546 -98.93826849485656
  endloop
endfacet
facet normal -1 -0 0
  outer loop
    vertex -8.75 12.72726489551341 -102.0096096932201
    vertex -8.75 10.60195454646959 -104.5793787084529
    vertex -8.75 10.23221706007165 -101.5080375100894
  endloop
endfacet
facet normal -1 -0 0
  outer loop
    vertex -8.75 12.35752740911546 -98.93826849485656
    vertex -8.75 10.23221706007165 -101.5080375100894
    vertex -8.75 9.862479573673705 -98.43669631172583
  endloop
endfacet
facet normal -1 0 0
  outer loop
    vertex -8.75 4.467566033699853 -84.30018250284438
    vertex -8.75 6.646581443863368 -83.72445958877569
    vertex -8.75 5.915839885619438 -86.29013034899309
  endloop
endfacet
facet normal -1 0 -0
  outer loop
    vertex -8.75 6.646581443863368 -83.72445958877569
    vertex -8.75 8.076704622056525 -85.65245711909105
    vertex -8.75 5.915839885619438 -86.29013034899309
  endloop
endfacet
facet normal -1 0 0
  outer loop
    vertex -8.75 6.646581443863368 -83.72445958877569
    vertex -8.75 8.789295506574009 -83.02483604304025
    vertex -8.75 8.076704622056525 -85.65245711909105
  endloop
endfacet
facet normal -1 0 0
  outer loop
    vertex -8.75 5.915839885619438 -86.29013034899309
    vertex -8.75 8.076704622056525 -85.65245711909105
    vertex -8.75 7.364113737539023 -88.28007819514181
  endloop
endfacet
facet normal -1 0 0
  outer loop
    vertex -8.75 4.735008669333943 -93.62387753591673
    vertex -8.75 2.367504334666971 -92.15853739902322
    vertex -8.75 3.92429312431338 -90.90152492419219
  endloop
endfacet
facet normal -1 0 0
  outer loop
    vertex -8.75 2.367504334666971 -92.15853739902322
    vertex -8.75 1.556788789646409 -89.43618478729867
    vertex -8.75 3.92429312431338 -90.90152492419219
  endloop
endfacet
facet normal -1 0 0
  outer loop
    vertex -8.75 2.367504334666971 -92.15853739902322
    vertex -8.75 0 -90.69319726212969
    vertex -8.75 1.556788789646409 -89.43618478729867
  endloop
endfacet
facet normal -1 0 0
  outer loop
    vertex -8.75 3.92429312431338 -90.90152492419219
    vertex -8.75 1.556788789646409 -89.43618478729867
    vertex -8.75 3.113577579292818 -88.17917231246766
  endloop
endfacet
facet normal -1 0 -0
  outer loop
    vertex -8.75 7.228172755924543 -110.0940778959511
    vertex -8.75 8.514156823636467 -112.8947080384866
    vertex -8.75 6.035671929069029 -112.6846372421109
  endloop
endfacet
facet normal -1 -0 0
  outer loop
    vertex -8.75 8.514156823636467 -112.8947080384866
    vertex -8.75 7.321655996780953 -115.4852673846464
    vertex -8.75 6.035671929069029 -112.6846372421109
  endloop
endfacet
facet normal -1 0 -0
  outer loop
    vertex -8.75 8.514156823636467 -112.8947080384866
    vertex -8.75 9.80014089134839 -115.6953381810221
    vertex -8.75 7.321655996780953 -115.4852673846464
  endloop
endfacet
facet normal -1 0 -0
  outer loop
    vertex -8.75 6.035671929069029 -112.6846372421109
    vertex -8.75 7.321655996780953 -115.4852673846464
    vertex -8.75 4.843171102213514 -115.2751965882707
  endloop
endfacet
facet normal -1 0 0
  outer loop
    vertex -8.75 1.071565949253934e-15 -84.83183671455562
    vertex -8.75 2.248427313096462 -84.69119075985452
    vertex -8.75 1.556788789646409 -86.50550451351164
  endloop
endfacet
facet normal -1 0 -0
  outer loop
    vertex -8.75 2.248427313096462 -84.69119075985452
    vertex -8.75 3.790571806496335 -86.23967740765602
    vertex -8.75 1.556788789646409 -86.50550451351164
  endloop
endfacet
facet normal -1 0 0
  outer loop
    vertex -8.75 2.248427313096462 -84.69119075985452
    vertex -8.75 4.467566033699853 -84.30018250284438
    vertex -8.75 3.790571806496335 -86.23967740765602
  endloop
endfacet
facet normal -1 0 0
  outer loop
    vertex -8.75 1.556788789646409 -86.50550451351164
    vertex -8.75 3.790571806496335 -86.23967740765602
    vertex -8.75 3.113577579292818 -88.17917231246766
  endloop
endfacet
facet normal -1 0 -0
  outer loop
    vertex -8.75 4.467566033699853 -84.30018250284438
    vertex -8.75 5.915839885619438 -86.29013034899309
    vertex -8.75 3.790571806496335 -86.23967740765602
  endloop
endfacet
facet normal -1 -0 0
  outer loop
    vertex -8.75 5.915839885619438 -86.29013034899309
    vertex -8.75 5.23884565841592 -88.22962525380473
    vertex -8.75 3.790571806496335 -86.23967740765602
  endloop
endfacet
facet normal -1 0 -0
  outer loop
    vertex -8.75 5.915839885619438 -86.29013034899309
    vertex -8.75 7.364113737539023 -88.28007819514181
    vertex -8.75 5.23884565841592 -88.22962525380473
  endloop
endfacet
facet normal -1 0 -0
  outer loop
    vertex -8.75 3.790571806496335 -86.23967740765602
    vertex -8.75 5.23884565841592 -88.22962525380473
    vertex -8.75 3.113577579292818 -88.17917231246766
  endloop
endfacet
facet normal 0 0 -1
  outer loop
    vertex -8.75 6.400187855131188 -120
    vertex -7.139820213799807 4.800140891348391 -120
    vertex -8.75 3.200093927565594 -120
  endloop
endfacet
facet normal 0 -0 -1
  outer loop
    vertex -7.139820213799807 4.800140891348391 -120
    vertex -7.139820213799807 1.600046963782797 -120
    vertex -8.75 3.200093927565594 -120
  endloop
endfacet
facet normal 0 0 -1
  outer loop
    vertex -7.139820213799807 4.800140891348391 -120
    vertex -5.529640427599613 3.200093927565594 -120
    vertex -7.139820213799807 1.600046963782797 -120
  endloop
endfacet
facet normal 0 0 -1
  outer loop
    vertex -8.75 3.200093927565594 -120
    vertex -7.139820213799807 1.600046963782797 -120
    vertex -8.75 0 -120
  endloop
endfacet
facet normal 0 0 -1
  outer loop
    vertex 8.75 0 -120
    vertex 7.139820213799805 1.600046963782797 -120
    vertex 8.75 3.200093927565594 -120
  endloop
endfacet
facet normal 0 0 -1
  outer loop
    vertex 7.139820213799805 1.600046963782797 -120
    vertex 7.139820213799805 4.800140891348391 -120
    vertex 8.75 3.200093927565594 -120
  endloop
endfacet
facet normal 0 0 -1
  outer loop
    vertex 7.139820213799805 1.600046963782797 -120
    vertex 5.52964042759961 3.200093927565594 -120
    vertex 7.139820213799805 4.800140891348391 -120
  endloop
endfacet
facet normal 0 0 -1
  outer loop
    vertex 8.75 3.200093927565594 -120
    vertex 7.139820213799805 4.800140891348391 -120
    vertex 8.75 6.400187855131188 -120
  endloop
endfacet
facet normal 0 0 -1
  outer loop
    vertex 2.916666666666666 0 -120
    vertex 4.223153547133139 1.600046963782797 -120
    vertex 5.833333333333333 0 -120
  endloop
endfacet
facet normal 0 0 -1
  outer loop
    vertex 4.223153547133139 1.600046963782797 -120
    vertex 7.139820213799805 1.600046963782797 -120
    vertex 5.833333333333333 0 -120
  endloop
endfacet
facet normal 0 0 -1
  outer loop
    vertex 4.223153547133139 1.600046963782797 -120
    vertex 5.52964042759961 3.200093927565594 -120
    vertex 7.139820213799805 1.600046963782797 -120
  endloop
endfacet
facet normal 0 0 -1
  outer loop
    vertex 5.833333333333333 0 -120
    vertex 7.139820213799805 1.600046963782797 -120
    vertex 8.75 0 -120
  endloop
endfacet
facet normal -0 0 -1
  outer loop
    vertex 8.75 6.400187855131188 -120
    vertex 7.139820213799805 4.800140891348391 -120
    vertex 5.833333333333333 6.400187855131188 -120
  endloop
endfacet
facet normal 0 0 -1
  outer loop
    vertex 7.139820213799805 4.800140891348391 -120
    vertex 4.223153547133139 4.800140891348391 -120
    vertex 5.833333333333333 6.400187855131188 -120
  endloop
endfacet
facet normal -0 0 -1
  outer loop
    vertex 7.139820213799805 4.800140891348391 -120
    vertex 5.52964042759961 3.200093927565594 -120
    vertex 4.223153547133139 4.800140891348391 -120
  endloop
endfacet
facet normal -0 0 -1
  outer loop
    vertex 5.833333333333333 6.400187855131188 -120
    vertex 4.223153547133139 4.800140891348391 -120
    vertex 2.916666666666666 6.400187855131188 -120
  endloop
endfacet
facet normal 0 0 -1
  outer loop
    vertex -2.916666666666668 0 -120
    vertex -1.458333333333334 1.600046963782797 -120
    vertex 0 0 -120
  endloop
endfacet
facet normal 0 0 -1
  outer loop
    vertex -1.458333333333334 1.600046963782797 -120
    vertex 1.458333333333333 1.600046963782797 -120
    vertex 0 0 -120
  endloop
endfacet
facet normal 0 0 -1
  outer loop
    vertex -1.458333333333334 1.600046963782797 -120
    vertex 0 3.200093927565594 -120
    vertex 1.458333333333333 1.600046963782797 -120
  endloop
endfacet
facet normal 0 0 -1
  outer loop
    vertex 0 0 -120
    vertex 1.458333333333333 1.600046963782797 -120
    vertex 2.916666666666666 0 -120
  endloop
endfacet
facet normal 0 0 -1
  outer loop
    vertex -8.75 0 -120
    vertex -7.139820213799807 1.600046963782797 -120
    vertex -5.833333333333334 0 -120
  endloop
endfacet
facet normal 0 0 -1
  outer loop
    vertex -7.139820213799807 1.600046963782797 -120
    vertex -4.223153547133141 1.600046963782797 -120
    vertex -5.833333333333334 0 -120
  endloop
endfacet
facet normal 0 0 -1
  outer loop
    vertex -7.139820213799807 1.600046963782797 -120
    vertex -5.529640427599613 3.200093927565594 -120
    vertex -4.223153547133141 1.600046963782797 -120
  endloop
endfacet
facet normal 0 0 -1
  outer loop
    vertex -5.833333333333334 0 -120
    vertex -4.223153547133141 1.600046963782797 -120
    vertex -2.916666666666668 0 -120
  endloop
endfacet
facet normal -0 0 -1
  outer loop
    vertex -2.916666666666668 6.400187855131188 -120
    vertex -4.223153547133141 4.800140891348391 -120
    vertex -5.833333333333334 6.400187855131188 -120
  endloop
endfacet
facet normal 0 0 -1
  outer loop
    vertex -4.223153547133141 4.800140891348391 -120
    vertex -7.139820213799807 4.800140891348391 -120
    vertex -5.833333333333334 6.400187855131188 -120
  endloop
endfacet
facet normal -0 0 -1
  outer loop
    vertex -4.223153547133141 4.800140891348391 -120
    vertex -5.529640427599613 3.200093927565594 -120
    vertex -7.139820213799807 4.800140891348391 -120
  endloop
endfacet
facet normal -0 0 -1
  outer loop
    vertex -5.833333333333334 6.400187855131188 -120
    vertex -7.139820213799807 4.800140891348391 -120
    vertex -8.75 6.400187855131188 -120
  endloop
endfacet
facet normal -0 0 -1
  outer loop
    vertex 2.916666666666666 6.400187855131188 -120
    vertex 1.458333333333333 4.800140891348391 -120
    vertex 0 6.400187855131188 -120
  endloop
endfacet
facet normal 0 0 -1
  outer loop
    vertex 1.458333333333333 4.800140891348391 -120
    vertex -1.458333333333334 4.800140891348391 -120
    vertex 0 6.400187855131188 -120
  endloop
endfacet
facet normal -0 0 -1
  outer loop
    vertex 1.458333333333333 4.800140891348391 -120
    vertex 0 3.200093927565594 -120
    vertex -1.458333333333334 4.800140891348391 -120
  endloop
endfacet
facet normal -0 0 -1
  outer loop
    vertex 0 6.400187855131188 -120
    vertex -1.458333333333334 4.800140891348391 -120
    vertex -2.916666666666668 6.400187855131188 -120
  endloop
endfacet
facet normal 0 0 -1
  outer loop
    vertex -2.916666666666668 0 -120
    vertex -4.223153547133141 1.600046963782797 -120
    vertex -1.458333333333334 1.600046963782797 -120
  endloop
endfacet
facet normal 0 0 -1
  outer loop
    vertex -4.223153547133141 1.600046963782797 -120
    vertex -2.764820213799807 3.200093927565594 -120
    vertex -1.458333333333334 1.600046963782797 -120
  endloop
endfacet
facet normal 0 0 -1
  outer loop
    vertex -4.223153547133141 1.600046963782797 -120
    vertex -5.529640427599613 3.200093927565594 -120
    vertex -2.764820213799807 3.200093927565594 -120
  endloop
endfacet
facet normal 0 0 -1
  outer loop
    vertex -1.458333333333334 1.600046963782797 -120
    vertex -2.764820213799807 3.200093927565594 -120
    vertex 0 3.200093927565594 -120
  endloop
endfacet
facet normal 0 0 -1
  outer loop
    vertex 0 3.200093927565594 -120
    vertex 2.764820213799805 3.200093927565594 -120
    vertex 1.458333333333333 1.600046963782797 -120
  endloop
endfacet
facet normal 0 -0 -1
  outer loop
    vertex 2.764820213799805 3.200093927565594 -120
    vertex 4.223153547133139 1.600046963782797 -120
    vertex 1.458333333333333 1.600046963782797 -120
  endloop
endfacet
facet normal 0 0 -1
  outer loop
    vertex 2.764820213799805 3.200093927565594 -120
    vertex 5.52964042759961 3.200093927565594 -120
    vertex 4.223153547133139 1.600046963782797 -120
  endloop
endfacet
facet normal 0 0 -1
  outer loop
    vertex 1.458333333333333 1.600046963782797 -120
    vertex 4.223153547133139 1.600046963782797 -120
    vertex 2.916666666666666 0 -120
  endloop
endfacet
facet normal 0 0 -1
  outer loop
    vertex 0 3.200093927565594 -120
    vertex -2.764820213799807 3.200093927565594 -120
    vertex -1.458333333333334 4.800140891348391 -120
  endloop
endfacet
facet normal 0 0 -1
  outer loop
    vertex -2.764820213799807 3.200093927565594 -120
    vertex -4.223153547133141 4.800140891348391 -120
    vertex -1.458333333333334 4.800140891348391 -120
  endloop
endfacet
facet normal -0 0 -1
  outer loop
    vertex -2.764820213799807 3.200093927565594 -120
    vertex -5.529640427599613 3.200093927565594 -120
    vertex -4.223153547133141 4.800140891348391 -120
  endloop
endfacet
facet normal -0 0 -1
  outer loop
    vertex -1.458333333333334 4.800140891348391 -120
    vertex -4.223153547133141 4.800140891348391 -120
    vertex -2.916666666666668 6.400187855131188 -120
  endloop
endfacet
facet normal 0 -0 -1
  outer loop
    vertex 2.916666666666666 6.400187855131188 -120
    vertex 4.223153547133139 4.800140891348391 -120
    vertex 1.458333333333333 4.800140891348391 -120
  endloop
endfacet
facet normal -0 0 -1
  outer loop
    vertex 4.223153547133139 4.800140891348391 -120
    vertex 2.764820213799805 3.200093927565594 -120
    vertex 1.458333333333333 4.800140891348391 -120
  endloop
endfacet
facet normal 0 -0 -1
  outer loop
    vertex 4.223153547133139 4.800140891348391 -120
    vertex 5.52964042759961 3.200093927565594 -120
    vertex 2.764820213799805 3.200093927565594 -120
  endloop
endfacet
facet normal 0 -0 -1
  outer loop
    vertex 1.458333333333333 4.800140891348391 -120
    vertex 2.764820213799805 3.200093927565594 -120
    vertex 0 3.200093927565594 -120
  endloop
endfacet
facet normal 1 -0 0
  outer loop
    vertex 8.75 0 -114.1386394524259
    vertex 8.75 2.421585551106756 -114.7069180203483
    vertex 8.75 0 -111.2079591786389
  endloop
endfacet
facet normal 1 0 -0
  outer loop
    vertex 8.75 2.421585551106756 -114.7069180203483
    vertex 8.75 2.421585551106756 -111.7762377465613
    vertex 8.75 0 -111.2079591786389
  endloop
endfacet
facet normal 1 -0 0
  outer loop
    vertex 8.75 2.421585551106756 -114.7069180203483
    vertex 8.75 4.843171102213512 -115.2751965882707
    vertex 8.75 2.421585551106756 -111.7762377465613
  endloop
endfacet
facet normal 1 -0 0
  outer loop
    vertex 8.75 0 -111.2079591786389
    vertex 8.75 2.421585551106756 -111.7762377465613
    vertex 8.75 0 -108.2772789048519
  endloop
endfacet
facet normal 1 0 0
  outer loop
    vertex 8.75 0 -108.2772789048519
    vertex 8.75 2.421585551106756 -111.7762377465613
    vertex 8.75 3.614086377962271 -109.1856784004015
  endloop
endfacet
facet normal 1 -0 0
  outer loop
    vertex 8.75 2.421585551106756 -111.7762377465613
    vertex 8.75 6.035671929069028 -112.6846372421109
    vertex 8.75 3.614086377962271 -109.1856784004015
  endloop
endfacet
facet normal 1 0 0
  outer loop
    vertex 8.75 2.421585551106756 -111.7762377465613
    vertex 8.75 4.843171102213512 -115.2751965882707
    vertex 8.75 6.035671929069028 -112.6846372421109
  endloop
endfacet
facet normal 1 0 0
  outer loop
    vertex 8.75 3.614086377962271 -109.1856784004015
    vertex 8.75 6.035671929069028 -112.6846372421109
    vertex 8.75 7.228172755924543 -110.0940778959511
  endloop
endfacet
facet normal 1 0 0
  outer loop
    vertex 8.75 16.26309850219135 -92.48737686495457
    vertex 8.75 13.65776820309828 -92.85016325583197
    vertex 8.75 15.55783687337429 -95.96360877147093
  endloop
endfacet
facet normal 1 0 0
  outer loop
    vertex 8.75 13.65776820309828 -92.85016325583197
    vertex 8.75 12.95250657428122 -96.32639516234833
    vertex 8.75 15.55783687337429 -95.96360877147093
  endloop
endfacet
facet normal 1 0 0
  outer loop
    vertex 8.75 13.65776820309828 -92.85016325583197
    vertex 8.75 11.05243790400521 -93.21294964670938
    vertex 8.75 12.95250657428122 -96.32639516234833
  endloop
endfacet
facet normal 1 0 0
  outer loop
    vertex 8.75 15.55783687337429 -95.96360877147093
    vertex 8.75 12.95250657428122 -96.32639516234833
    vertex 8.75 14.85257524455723 -99.43984067798729
  endloop
endfacet
facet normal 1 0 0
  outer loop
    vertex 8.75 16.6000469637828 -107.0860145430662
    vertex 8.75 13.6010007551262 -105.8326966257596
    vertex 8.75 14.9000704456742 -109.2383454525552
  endloop
endfacet
facet normal 1 0 0
  outer loop
    vertex 8.75 13.6010007551262 -105.8326966257596
    vertex 8.75 11.90102423701759 -107.9850275352485
    vertex 8.75 14.9000704456742 -109.2383454525552
  endloop
endfacet
facet normal 1 0 0
  outer loop
    vertex 8.75 13.6010007551262 -105.8326966257596
    vertex 8.75 10.60195454646959 -104.5793787084529
    vertex 8.75 11.90102423701759 -107.9850275352485
  endloop
endfacet
facet normal 1 0 0
  outer loop
    vertex 8.75 14.9000704456742 -109.2383454525552
    vertex 8.75 11.90102423701759 -107.9850275352485
    vertex 8.75 13.20009392756559 -111.3906763620442
  endloop
endfacet
facet normal 1 0 0
  outer loop
    vertex 8.75 16.26309850219135 -92.48737686495457
    vertex 8.75 15.55783687337429 -95.96360877147093
    vertex 8.75 18.13154925109567 -94.85301207043312
  endloop
endfacet
facet normal 1 -0 0
  outer loop
    vertex 8.75 15.55783687337429 -95.96360877147093
    vertex 8.75 17.42628762227861 -98.3292439769495
    vertex 8.75 18.13154925109567 -94.85301207043312
  endloop
endfacet
facet normal 1 0 0
  outer loop
    vertex 8.75 15.55783687337429 -95.96360877147093
    vertex 8.75 14.85257524455723 -99.43984067798729
    vertex 8.75 17.42628762227861 -98.3292439769495
  endloop
endfacet
facet normal 1 0 0
  outer loop
    vertex 8.75 18.13154925109567 -94.85301207043312
    vertex 8.75 17.42628762227861 -98.3292439769495
    vertex 8.75 20 -97.21864727591169
  endloop
endfacet
facet normal 1 0 0
  outer loop
    vertex 8.75 7.228172755924543 -110.0940778959511
    vertex 8.75 6.031397827414612 -107.6894935488539
    vertex 8.75 3.614086377962271 -109.1856784004015
  endloop
endfacet
facet normal 1 0 0
  outer loop
    vertex 8.75 6.031397827414612 -107.6894935488539
    vertex 8.75 2.417311449452341 -106.7810940533043
    vertex 8.75 3.614086377962271 -109.1856784004015
  endloop
endfacet
facet normal 1 0 0
  outer loop
    vertex 8.75 6.031397827414612 -107.6894935488539
    vertex 8.75 4.834622898904682 -105.2849092017567
    vertex 8.75 2.417311449452341 -106.7810940533043
  endloop
endfacet
facet normal 1 0 0
  outer loop
    vertex 8.75 3.614086377962271 -109.1856784004015
    vertex 8.75 2.417311449452341 -106.7810940533043
    vertex 8.75 0 -108.2772789048519
  endloop
endfacet
facet normal 1 0 0
  outer loop
    vertex 8.75 11.05243790400521 -93.21294964670938
    vertex 8.75 10.45745873883946 -95.8248229792176
    vertex 8.75 12.95250657428122 -96.32639516234833
  endloop
endfacet
facet normal 1 0 0
  outer loop
    vertex 8.75 10.45745873883946 -95.8248229792176
    vertex 8.75 12.35752740911547 -98.93826849485656
    vertex 8.75 12.95250657428122 -96.32639516234833
  endloop
endfacet
facet normal 1 0 0
  outer loop
    vertex 8.75 10.45745873883946 -95.8248229792176
    vertex 8.75 9.862479573673706 -98.43669631172584
    vertex 8.75 12.35752740911547 -98.93826849485656
  endloop
endfacet
facet normal 1 0 0
  outer loop
    vertex 8.75 12.95250657428122 -96.32639516234833
    vertex 8.75 12.35752740911547 -98.93826849485656
    vertex 8.75 14.85257524455723 -99.43984067798729
  endloop
endfacet
facet normal 1 0 0
  outer loop
    vertex 8.75 20 -102.7813527240883
    vertex 8.75 17.42628762227861 -101.1105967010378
    vertex 8.75 18.3000234818914 -104.9336836335773
  endloop
endfacet
facet normal 1 0 0
  outer loop
    vertex 8.75 17.42628762227861 -101.1105967010378
    vertex 8.75 15.72631110417002 -103.2629276105268
    vertex 8.75 18.3000234818914 -104.9336836335773
  endloop
endfacet
facet normal 1 0 0
  outer loop
    vertex 8.75 17.42628762227861 -101.1105967010378
    vertex 8.75 14.85257524455723 -99.43984067798729
    vertex 8.75 15.72631110417002 -103.2629276105268
  endloop
endfacet
facet normal 1 0 0
  outer loop
    vertex 8.75 18.3000234818914 -104.9336836335773
    vertex 8.75 15.72631110417002 -103.2629276105268
    vertex 8.75 16.6000469637828 -107.0860145430662
  endloop
endfacet
facet normal 1 0 0
  outer loop
    vertex 8.75 14.85257524455723 -99.43984067798729
    vertex 8.75 12.72726489551341 -102.0096096932201
    vertex 8.75 15.72631110417002 -103.2629276105268
  endloop
endfacet
facet normal 1 0 0
  outer loop
    vertex 8.75 12.72726489551341 -102.0096096932201
    vertex 8.75 13.6010007551262 -105.8326966257596
    vertex 8.75 15.72631110417002 -103.2629276105268
  endloop
endfacet
facet normal 1 0 0
  outer loop
    vertex 8.75 12.72726489551341 -102.0096096932201
    vertex 8.75 10.60195454646959 -104.5793787084529
    vertex 8.75 13.6010007551262 -105.8326966257596
  endloop
endfacet
facet normal 1 0 0
  outer loop
    vertex 8.75 15.72631110417002 -103.2629276105268
    vertex 8.75 13.6010007551262 -105.8326966257596
    vertex 8.75 16.6000469637828 -107.0860145430662
  endloop
endfacet
facet normal 1 0 0
  outer loop
    vertex 8.75 13.20009392756559 -111.3906763620442
    vertex 8.75 11.90102423701759 -107.9850275352485
    vertex 8.75 10.21413334174507 -110.7423771289976
  endloop
endfacet
facet normal 1 0 0
  outer loop
    vertex 8.75 11.90102423701759 -107.9850275352485
    vertex 8.75 8.915063651197068 -107.336728302202
    vertex 8.75 10.21413334174507 -110.7423771289976
  endloop
endfacet
facet normal 1 0 0
  outer loop
    vertex 8.75 11.90102423701759 -107.9850275352485
    vertex 8.75 10.60195454646959 -104.5793787084529
    vertex 8.75 8.915063651197068 -107.336728302202
  endloop
endfacet
facet normal 1 0 0
  outer loop
    vertex 8.75 10.21413334174507 -110.7423771289976
    vertex 8.75 8.915063651197068 -107.336728302202
    vertex 8.75 7.228172755924543 -110.0940778959511
  endloop
endfacet
facet normal 1 0 0
  outer loop
    vertex 8.75 6.400187855131188 -120
    vertex 8.75 5.62167947867235 -117.6375982941353
    vertex 8.75 3.200093927565594 -120
  endloop
endfacet
facet normal 1 0 0
  outer loop
    vertex 8.75 5.62167947867235 -117.6375982941353
    vertex 8.75 2.421585551106756 -117.6375982941353
    vertex 8.75 3.200093927565594 -120
  endloop
endfacet
facet normal 1 0 0
  outer loop
    vertex 8.75 5.62167947867235 -117.6375982941353
    vertex 8.75 4.843171102213512 -115.2751965882707
    vertex 8.75 2.421585551106756 -117.6375982941353
  endloop
endfacet
facet normal 1 0 0
  outer loop
    vertex 8.75 3.200093927565594 -120
    vertex 8.75 2.421585551106756 -117.6375982941353
    vertex 8.75 0 -120
  endloop
endfacet
facet normal 1 0 0
  outer loop
    vertex 8.75 0 -120
    vertex 8.75 2.421585551106756 -117.6375982941353
    vertex 8.75 0 -117.069319726213
  endloop
endfacet
facet normal 1 0 -0
  outer loop
    vertex 8.75 2.421585551106756 -117.6375982941353
    vertex 8.75 2.421585551106756 -114.7069180203483
    vertex 8.75 0 -117.069319726213
  endloop
endfacet
facet normal 1 0 0
  outer loop
    vertex 8.75 2.421585551106756 -117.6375982941353
    vertex 8.75 4.843171102213512 -115.2751965882707
    vertex 8.75 2.421585551106756 -114.7069180203483
  endloop
endfacet
facet normal 1 0 0
  outer loop
    vertex 8.75 0 -117.069319726213
    vertex 8.75 2.421585551106756 -114.7069180203483
    vertex 8.75 0 -114.1386394524259
  endloop
endfacet
facet normal 1 0 0
  outer loop
    vertex 8.75 12.5261970043827 -87.75610645399743
    vertex 8.75 11.78931745419395 -90.4845280503534
    vertex 8.75 14.39464775328703 -90.121741659476
  endloop
endfacet
facet normal 1 -0 0
  outer loop
    vertex 8.75 11.78931745419395 -90.4845280503534
    vertex 8.75 13.65776820309828 -92.85016325583197
    vertex 8.75 14.39464775328703 -90.121741659476
  endloop
endfacet
facet normal 1 0 0
  outer loop
    vertex 8.75 11.78931745419395 -90.4845280503534
    vertex 8.75 11.05243790400521 -93.21294964670938
    vertex 8.75 13.65776820309828 -92.85016325583197
  endloop
endfacet
facet normal 1 0 0
  outer loop
    vertex 8.75 14.39464775328703 -90.121741659476
    vertex 8.75 13.65776820309828 -92.85016325583197
    vertex 8.75 16.26309850219135 -92.48737686495457
  endloop
endfacet
facet normal 1 0 0
  outer loop
    vertex 8.75 5.077719766331015 -100.1814087306392
    vertex 8.75 4.956171332617848 -102.7331589661979
    vertex 8.75 7.839837156400304 -102.380393719546
  endloop
endfacet
facet normal 1 -0 0
  outer loop
    vertex 8.75 4.956171332617848 -102.7331589661979
    vertex 8.75 7.718288722687138 -104.9321439551048
    vertex 8.75 7.839837156400304 -102.380393719546
  endloop
endfacet
facet normal 1 0 0
  outer loop
    vertex 8.75 4.956171332617848 -102.7331589661979
    vertex 8.75 4.834622898904682 -105.2849092017567
    vertex 8.75 7.718288722687138 -104.9321439551048
  endloop
endfacet
facet normal 1 0 0
  outer loop
    vertex 8.75 7.839837156400304 -102.380393719546
    vertex 8.75 7.718288722687138 -104.9321439551048
    vertex 8.75 10.60195454646959 -104.5793787084529
  endloop
endfacet
facet normal 1 0 0
  outer loop
    vertex 8.75 0 -102.4159183572778
    vertex 8.75 2.538859883165507 -101.2986635439585
    vertex 8.75 0 -99.4852380834908
  endloop
endfacet
facet normal 1 0 -0
  outer loop
    vertex 8.75 2.538859883165507 -101.2986635439585
    vertex 8.75 2.538859883165508 -98.36798327017148
    vertex 8.75 0 -99.4852380834908
  endloop
endfacet
facet normal 1 0 0
  outer loop
    vertex 8.75 2.538859883165507 -101.2986635439585
    vertex 8.75 5.077719766331015 -100.1814087306392
    vertex 8.75 2.538859883165508 -98.36798327017148
  endloop
endfacet
facet normal 1 0 0
  outer loop
    vertex 8.75 0 -99.4852380834908
    vertex 8.75 2.538859883165508 -98.36798327017148
    vertex 8.75 0 -96.55455780970377
  endloop
endfacet
facet normal 1 0 0
  outer loop
    vertex 8.75 10.60195454646959 -104.5793787084529
    vertex 8.75 10.23221706007165 -101.5080375100894
    vertex 8.75 7.839837156400304 -102.380393719546
  endloop
endfacet
facet normal 1 0 0
  outer loop
    vertex 8.75 10.23221706007165 -101.5080375100894
    vertex 8.75 7.470099670002361 -99.30905252118251
    vertex 8.75 7.839837156400304 -102.380393719546
  endloop
endfacet
facet normal 1 0 0
  outer loop
    vertex 8.75 10.23221706007165 -101.5080375100894
    vertex 8.75 9.862479573673706 -98.43669631172584
    vertex 8.75 7.470099670002361 -99.30905252118251
  endloop
endfacet
facet normal 1 0 0
  outer loop
    vertex 8.75 7.839837156400304 -102.380393719546
    vertex 8.75 7.470099670002361 -99.30905252118251
    vertex 8.75 5.077719766331015 -100.1814087306392
  endloop
endfacet
facet normal 1 0 0
  outer loop
    vertex 8.75 0 -108.2772789048519
    vertex 8.75 2.417311449452341 -106.7810940533043
    vertex 8.75 0 -105.3465986310649
  endloop
endfacet
facet normal 1 0 -0
  outer loop
    vertex 8.75 2.417311449452341 -106.7810940533043
    vertex 8.75 2.417311449452341 -103.8504137795173
    vertex 8.75 0 -105.3465986310649
  endloop
endfacet
facet normal 1 0 0
  outer loop
    vertex 8.75 2.417311449452341 -106.7810940533043
    vertex 8.75 4.834622898904682 -105.2849092017567
    vertex 8.75 2.417311449452341 -103.8504137795173
  endloop
endfacet
facet normal 1 0 0
  outer loop
    vertex 8.75 0 -105.3465986310649
    vertex 8.75 2.417311449452341 -103.8504137795173
    vertex 8.75 0 -102.4159183572778
  endloop
endfacet
facet normal 1 0 0
  outer loop
    vertex 8.75 20 -97.21864727591169
    vertex 8.75 17.42628762227861 -98.3292439769495
    vertex 8.75 20 -100
  endloop
endfacet
facet normal 1 0 0
  outer loop
    vertex 8.75 17.42628762227861 -98.3292439769495
    vertex 8.75 17.42628762227861 -101.1105967010378
    vertex 8.75 20 -100
  endloop
endfacet
facet normal 1 0 0
  outer loop
    vertex 8.75 17.42628762227861 -98.3292439769495
    vertex 8.75 14.85257524455723 -99.43984067798729
    vertex 8.75 17.42628762227861 -101.1105967010378
  endloop
endfacet
facet normal 1 0 0
  outer loop
    vertex 8.75 20 -100
    vertex 8.75 17.42628762227861 -101.1105967010378
    vertex 8.75 20 -102.7813527240883
  endloop
endfacet
facet normal 1 0 -0
  outer loop
    vertex 8.75 5.077719766331015 -100.1814087306392
    vertex 8.75 7.470099670002361 -99.30905252118251
    vertex 8.75 4.906364217832488 -96.90264313327795
  endloop
endfacet
facet normal 1 0 0
  outer loop
    vertex 8.75 7.470099670002361 -99.30905252118251
    vertex 8.75 7.298744121503834 -96.03028692382129
    vertex 8.75 4.906364217832488 -96.90264313327795
  endloop
endfacet
facet normal 1 0 -0
  outer loop
    vertex 8.75 7.470099670002361 -99.30905252118251
    vertex 8.75 9.862479573673706 -98.43669631172584
    vertex 8.75 7.298744121503834 -96.03028692382129
  endloop
endfacet
facet normal 1 0 -0
  outer loop
    vertex 8.75 4.906364217832488 -96.90264313327795
    vertex 8.75 7.298744121503834 -96.03028692382129
    vertex 8.75 4.73500866933396 -93.62387753591673
  endloop
endfacet
facet normal 1 0 0
  outer loop
    vertex 8.75 13.20009392756559 -111.3906763620442
    vertex 8.75 10.21413334174507 -110.7423771289976
    vertex 8.75 11.50011740945699 -113.5430072715331
  endloop
endfacet
facet normal 1 0 0
  outer loop
    vertex 8.75 10.21413334174507 -110.7423771289976
    vertex 8.75 8.514156823636467 -112.8947080384866
    vertex 8.75 11.50011740945699 -113.5430072715331
  endloop
endfacet
facet normal 1 0 0
  outer loop
    vertex 8.75 10.21413334174507 -110.7423771289976
    vertex 8.75 7.228172755924543 -110.0940778959511
    vertex 8.75 8.514156823636467 -112.8947080384866
  endloop
endfacet
facet normal 1 0 0
  outer loop
    vertex 8.75 11.50011740945699 -113.5430072715331
    vertex 8.75 8.514156823636467 -112.8947080384866
    vertex 8.75 9.80014089134839 -115.6953381810221
  endloop
endfacet
facet normal 1 -0 0
  outer loop
    vertex 8.75 4.73500866933396 -93.62387753591673
    vertex 8.75 7.298744121503834 -96.03028692382129
    vertex 8.75 7.893723286669584 -93.41841359131305
  endloop
endfacet
facet normal 1 0 0
  outer loop
    vertex 8.75 7.298744121503834 -96.03028692382129
    vertex 8.75 10.45745873883946 -95.8248229792176
    vertex 8.75 7.893723286669584 -93.41841359131305
  endloop
endfacet
facet normal 1 -0 0
  outer loop
    vertex 8.75 7.298744121503834 -96.03028692382129
    vertex 8.75 9.862479573673706 -98.43669631172584
    vertex 8.75 10.45745873883946 -95.8248229792176
  endloop
endfacet
facet normal 1 -0 0
  outer loop
    vertex 8.75 7.893723286669584 -93.41841359131305
    vertex 8.75 10.45745873883946 -95.8248229792176
    vertex 8.75 11.05243790400521 -93.21294964670938
  endloop
endfacet
facet normal 1 0 0
  outer loop
    vertex 8.75 7.364113737539037 -88.28007819514181
    vertex 8.75 6.049561203436499 -90.95197786552927
    vertex 8.75 9.208275820772121 -90.74651392092559
  endloop
endfacet
facet normal 1 -0 0
  outer loop
    vertex 8.75 6.049561203436499 -90.95197786552927
    vertex 8.75 7.893723286669584 -93.41841359131305
    vertex 8.75 9.208275820772121 -90.74651392092559
  endloop
endfacet
facet normal 1 0 0
  outer loop
    vertex 8.75 6.049561203436499 -90.95197786552927
    vertex 8.75 4.73500866933396 -93.62387753591673
    vertex 8.75 7.893723286669584 -93.41841359131305
  endloop
endfacet
facet normal 1 0 0
  outer loop
    vertex 8.75 9.208275820772121 -90.74651392092559
    vertex 8.75 7.893723286669584 -93.41841359131305
    vertex 8.75 11.05243790400521 -93.21294964670938
  endloop
endfacet
facet normal 1 0 0
  outer loop
    vertex 8.75 0 -96.55455780970377
    vertex 8.75 2.36750433466698 -95.08921767281025
    vertex 8.75 0 -93.62387753591673
  endloop
endfacet
facet normal 1 0 -0
  outer loop
    vertex 8.75 2.36750433466698 -95.08921767281025
    vertex 8.75 2.36750433466698 -92.15853739902322
    vertex 8.75 0 -93.62387753591673
  endloop
endfacet
facet normal 1 0 0
  outer loop
    vertex 8.75 2.36750433466698 -95.08921767281025
    vertex 8.75 4.73500866933396 -93.62387753591673
    vertex 8.75 2.36750433466698 -92.15853739902322
  endloop
endfacet
facet normal 1 0 0
  outer loop
    vertex 8.75 0 -93.62387753591673
    vertex 8.75 2.36750433466698 -92.15853739902322
    vertex 8.75 0 -90.69319726212969
  endloop
endfacet
facet normal 1 0 0
  outer loop
    vertex 8.75 8.789295506574042 -83.0248360430403
    vertex 8.75 8.076704622056539 -85.65245711909105
    vertex 8.75 10.65774625547837 -85.39047124851886
  endloop
endfacet
facet normal 1 -0 0
  outer loop
    vertex 8.75 8.076704622056539 -85.65245711909105
    vertex 8.75 9.945155370960869 -88.01809232456964
    vertex 8.75 10.65774625547837 -85.39047124851886
  endloop
endfacet
facet normal 1 0 0
  outer loop
    vertex 8.75 8.076704622056539 -85.65245711909105
    vertex 8.75 7.364113737539037 -88.28007819514181
    vertex 8.75 9.945155370960869 -88.01809232456964
  endloop
endfacet
facet normal 1 0 0
  outer loop
    vertex 8.75 10.65774625547837 -85.39047124851886
    vertex 8.75 9.945155370960869 -88.01809232456964
    vertex 8.75 12.5261970043827 -87.75610645399743
  endloop
endfacet
facet normal 1 0 0
  outer loop
    vertex 8.75 7.364113737539037 -88.28007819514181
    vertex 8.75 5.238845658415929 -88.22962525380473
    vertex 8.75 6.049561203436499 -90.95197786552927
  endloop
endfacet
facet normal 1 0 0
  outer loop
    vertex 8.75 5.238845658415929 -88.22962525380473
    vertex 8.75 3.924293124313391 -90.90152492419219
    vertex 8.75 6.049561203436499 -90.95197786552927
  endloop
endfacet
facet normal 1 0 0
  outer loop
    vertex 8.75 5.238845658415929 -88.22962525380473
    vertex 8.75 3.113577579292822 -88.17917231246766
    vertex 8.75 3.924293124313391 -90.90152492419219
  endloop
endfacet
facet normal 1 0 0
  outer loop
    vertex 8.75 6.049561203436499 -90.95197786552927
    vertex 8.75 3.924293124313391 -90.90152492419219
    vertex 8.75 4.73500866933396 -93.62387753591673
  endloop
endfacet
facet normal 1 0 0
  outer loop
    vertex 8.75 0 -90.69319726212969
    vertex 8.75 1.556788789646411 -89.43618478729867
    vertex 8.75 0 -87.76251698834265
  endloop
endfacet
facet normal 1 0 -0
  outer loop
    vertex 8.75 1.556788789646411 -89.43618478729867
    vertex 8.75 1.556788789646411 -86.50550451351164
    vertex 8.75 0 -87.76251698834265
  endloop
endfacet
facet normal 1 0 0
  outer loop
    vertex 8.75 1.556788789646411 -89.43618478729867
    vertex 8.75 3.113577579292822 -88.17917231246766
    vertex 8.75 1.556788789646411 -86.50550451351164
  endloop
endfacet
facet normal 1 0 0
  outer loop
    vertex 8.75 0 -87.76251698834265
    vertex 8.75 1.556788789646411 -86.50550451351164
    vertex 8.75 0 -84.83183671455562
  endloop
endfacet
facet normal 1 0 0
  outer loop
    vertex 8.75 12.5261970043827 -87.75610645399743
    vertex 8.75 9.945155370960869 -88.01809232456964
    vertex 8.75 11.78931745419395 -90.4845280503534
  endloop
endfacet
facet normal 1 0 0
  outer loop
    vertex 8.75 9.945155370960869 -88.01809232456964
    vertex 8.75 9.208275820772121 -90.74651392092559
    vertex 8.75 11.78931745419395 -90.4845280503534
  endloop
endfacet
facet normal 1 0 0
  outer loop
    vertex 8.75 9.945155370960869 -88.01809232456964
    vertex 8.75 7.364113737539037 -88.28007819514181
    vertex 8.75 9.208275820772121 -90.74651392092559
  endloop
endfacet
facet normal 1 0 0
  outer loop
    vertex 8.75 11.78931745419395 -90.4845280503534
    vertex 8.75 9.208275820772121 -90.74651392092559
    vertex 8.75 11.05243790400521 -93.21294964670938
  endloop
endfacet
facet normal 1 0 0
  outer loop
    vertex 8.75 10.60195454646959 -104.5793787084529
    vertex 8.75 7.718288722687138 -104.9321439551048
    vertex 8.75 8.915063651197068 -107.336728302202
  endloop
endfacet
facet normal 1 0 0
  outer loop
    vertex 8.75 7.718288722687138 -104.9321439551048
    vertex 8.75 6.031397827414612 -107.6894935488539
    vertex 8.75 8.915063651197068 -107.336728302202
  endloop
endfacet
facet normal 1 0 0
  outer loop
    vertex 8.75 7.718288722687138 -104.9321439551048
    vertex 8.75 4.834622898904682 -105.2849092017567
    vertex 8.75 6.031397827414612 -107.6894935488539
  endloop
endfacet
facet normal 1 0 0
  outer loop
    vertex 8.75 8.915063651197068 -107.336728302202
    vertex 8.75 6.031397827414612 -107.6894935488539
    vertex 8.75 7.228172755924543 -110.0940778959511
  endloop
endfacet
facet normal 1 -0 0
  outer loop
    vertex 8.75 0 -102.4159183572778
    vertex 8.75 2.417311449452341 -103.8504137795173
    vertex 8.75 2.538859883165507 -101.2986635439585
  endloop
endfacet
facet normal 1 0 0
  outer loop
    vertex 8.75 2.417311449452341 -103.8504137795173
    vertex 8.75 4.956171332617848 -102.7331589661979
    vertex 8.75 2.538859883165507 -101.2986635439585
  endloop
endfacet
facet normal 1 -0 0
  outer loop
    vertex 8.75 2.417311449452341 -103.8504137795173
    vertex 8.75 4.834622898904682 -105.2849092017567
    vertex 8.75 4.956171332617848 -102.7331589661979
  endloop
endfacet
facet normal 1 -0 0
  outer loop
    vertex 8.75 2.538859883165507 -101.2986635439585
    vertex 8.75 4.956171332617848 -102.7331589661979
    vertex 8.75 5.077719766331015 -100.1814087306392
  endloop
endfacet
facet normal 1 0 0
  outer loop
    vertex 8.75 5.077719766331015 -100.1814087306392
    vertex 8.75 4.906364217832488 -96.90264313327795
    vertex 8.75 2.538859883165508 -98.36798327017148
  endloop
endfacet
facet normal 1 0 0
  outer loop
    vertex 8.75 4.906364217832488 -96.90264313327795
    vertex 8.75 2.36750433466698 -95.08921767281025
    vertex 8.75 2.538859883165508 -98.36798327017148
  endloop
endfacet
facet normal 1 0 0
  outer loop
    vertex 8.75 4.906364217832488 -96.90264313327795
    vertex 8.75 4.73500866933396 -93.62387753591673
    vertex 8.75 2.36750433466698 -95.08921767281025
  endloop
endfacet
facet normal 1 0 0
  outer loop
    vertex 8.75 2.538859883165508 -98.36798327017148
    vertex 8.75 2.36750433466698 -95.08921767281025
    vertex 8.75 0 -96.55455780970377
  endloop
endfacet
facet normal 1 0 0
  outer loop
    vertex 8.75 9.80014089134839 -115.6953381810221
    vertex 8.75 7.321655996780952 -115.4852673846464
    vertex 8.75 8.100164373239789 -117.847669090511
  endloop
endfacet
facet normal 1 0 0
  outer loop
    vertex 8.75 7.321655996780952 -115.4852673846464
    vertex 8.75 5.62167947867235 -117.6375982941353
    vertex 8.75 8.100164373239789 -117.847669090511
  endloop
endfacet
facet normal 1 0 0
  outer loop
    vertex 8.75 7.321655996780952 -115.4852673846464
    vertex 8.75 4.843171102213512 -115.2751965882707
    vertex 8.75 5.62167947867235 -117.6375982941353
  endloop
endfacet
facet normal 1 0 0
  outer loop
    vertex 8.75 8.100164373239789 -117.847669090511
    vertex 8.75 5.62167947867235 -117.6375982941353
    vertex 8.75 6.400187855131188 -120
  endloop
endfacet
facet normal 1 0 0
  outer loop
    vertex 8.75 14.85257524455723 -99.43984067798729
    vertex 8.75 12.35752740911547 -98.93826849485656
    vertex 8.75 12.72726489551341 -102.0096096932201
  endloop
endfacet
facet normal 1 0 0
  outer loop
    vertex 8.75 12.35752740911547 -98.93826849485656
    vertex 8.75 10.23221706007165 -101.5080375100894
    vertex 8.75 12.72726489551341 -102.0096096932201
  endloop
endfacet
facet normal 1 0 0
  outer loop
    vertex 8.75 12.35752740911547 -98.93826849485656
    vertex 8.75 9.862479573673706 -98.43669631172584
    vertex 8.75 10.23221706007165 -101.5080375100894
  endloop
endfacet
facet normal 1 0 0
  outer loop
    vertex 8.75 12.72726489551341 -102.0096096932201
    vertex 8.75 10.23221706007165 -101.5080375100894
    vertex 8.75 10.60195454646959 -104.5793787084529
  endloop
endfacet
facet normal 1 -0 0
  outer loop
    vertex 8.75 4.467566033699859 -84.30018250284436
    vertex 8.75 5.915839885619448 -86.2901303489931
    vertex 8.75 6.646581443863377 -83.72445958877569
  endloop
endfacet
facet normal 1 0 0
  outer loop
    vertex 8.75 5.915839885619448 -86.2901303489931
    vertex 8.75 8.076704622056539 -85.65245711909105
    vertex 8.75 6.646581443863377 -83.72445958877569
  endloop
endfacet
facet normal 1 -0 0
  outer loop
    vertex 8.75 5.915839885619448 -86.2901303489931
    vertex 8.75 7.364113737539037 -88.28007819514181
    vertex 8.75 8.076704622056539 -85.65245711909105
  endloop
endfacet
facet normal 1 -0 0
  outer loop
    vertex 8.75 6.646581443863377 -83.72445958877569
    vertex 8.75 8.076704622056539 -85.65245711909105
    vertex 8.75 8.789295506574042 -83.0248360430403
  endloop
endfacet
facet normal 1 0 0
  outer loop
    vertex 8.75 4.73500866933396 -93.62387753591673
    vertex 8.75 3.924293124313391 -90.90152492419219
    vertex 8.75 2.36750433466698 -92.15853739902322
  endloop
endfacet
facet normal 1 0 0
  outer loop
    vertex 8.75 3.924293124313391 -90.90152492419219
    vertex 8.75 1.556788789646411 -89.43618478729867
    vertex 8.75 2.36750433466698 -92.15853739902322
  endloop
endfacet
facet normal 1 0 0
  outer loop
    vertex 8.75 3.924293124313391 -90.90152492419219
    vertex 8.75 3.113577579292822 -88.17917231246766
    vertex 8.75 1.556788789646411 -89.43618478729867
  endloop
endfacet
facet normal 1 0 0
  outer loop
    vertex 8.75 2.36750433466698 -92.15853739902322
    vertex 8.75 1.556788789646411 -89.43618478729867
    vertex 8.75 0 -90.69319726212969
  endloop
endfacet
facet normal 1 0 0
  outer loop
    vertex 8.75 7.228172755924543 -110.0940778959511
    vertex 8.75 6.035671929069028 -112.6846372421109
    vertex 8.75 8.514156823636467 -112.8947080384866
  endloop
endfacet
facet normal 1 0 0
  outer loop
    vertex 8.75 6.035671929069028 -112.6846372421109
    vertex 8.75 7.321655996780952 -115.4852673846464
    vertex 8.75 8.514156823636467 -112.8947080384866
  endloop
endfacet
facet normal 1 0 0
  outer loop
    vertex 8.75 6.035671929069028 -112.6846372421109
    vertex 8.75 4.843171102213512 -115.2751965882707
    vertex 8.75 7.321655996780952 -115.4852673846464
  endloop
endfacet
facet normal 1 0 0
  outer loop
    vertex 8.75 8.514156823636467 -112.8947080384866
    vertex 8.75 7.321655996780952 -115.4852673846464
    vertex 8.75 9.80014089134839 -115.6953381810221
  endloop
endfacet
facet normal 1 -0 0
  outer loop
    vertex 8.75 0 -84.83183671455562
    vertex 8.75 1.556788789646411 -86.50550451351164
    vertex 8.75 2.248427313096465 -84.69119075985452
  endloop
endfacet
facet normal 1 0 0
  outer loop
    vertex 8.75 1.556788789646411 -86.50550451351164
    vertex 8.75 3.79057180649634 -86.23967740765602
    vertex 8.75 2.248427313096465 -84.69119075985452
  endloop
endfacet
facet normal 1 -0 0
  outer loop
    vertex 8.75 1.556788789646411 -86.50550451351164
    vertex 8.75 3.113577579292822 -88.17917231246766
    vertex 8.75 3.79057180649634 -86.23967740765602
  endloop
endfacet
facet normal 1 -0 0
  outer loop
    vertex 8.75 2.248427313096465 -84.69119075985452
    vertex 8.75 3.79057180649634 -86.23967740765602
    vertex 8.75 4.467566033699859 -84.30018250284436
  endloop
endfacet
facet normal 1 0 0
  outer loop
    vertex 8.75 4.467566033699859 -84.30018250284436
    vertex 8.75 3.79057180649634 -86.23967740765602
    vertex 8.75 5.915839885619448 -86.2901303489931
  endloop
endfacet
facet normal 1 0 0
  outer loop
    vertex 8.75 3.79057180649634 -86.23967740765602
    vertex 8.75 5.238845658415929 -88.22962525380473
    vertex 8.75 5.915839885619448 -86.2901303489931
  endloop
endfacet
facet normal 1 0 0
  outer loop
    vertex 8.75 3.79057180649634 -86.23967740765602
    vertex 8.75 3.113577579292822 -88.17917231246766
    vertex 8.75 5.238845658415929 -88.22962525380473
  endloop
endfacet
facet normal 1 0 0
  outer loop
    vertex 8.75 5.915839885619448 -86.2901303489931
    vertex 8.75 5.238845658415929 -88.22962525380473
    vertex 8.75 7.364113737539037 -88.28007819514181
  endloop
endfacet
facet normal 1 0 0
  outer loop
    vertex 8.75 16.26309850219135 -52.48737686495456
    vertex 8.75 13.57352090119652 -52.93498073224193
    vertex 8.75 15.72282713515015 -56.24368843247728
  endloop
endfacet
facet normal 1 0 0
  outer loop
    vertex 8.75 13.57352090119652 -52.93498073224193
    vertex 8.75 13.03324953415532 -56.69129229976465
    vertex 8.75 15.72282713515015 -56.24368843247728
  endloop
endfacet
facet normal 1 0 0
  outer loop
    vertex 8.75 13.57352090119652 -52.93498073224193
    vertex 8.75 10.8839433002017 -53.38258459952931
    vertex 8.75 13.03324953415532 -56.69129229976465
  endloop
endfacet
facet normal 1 0 0
  outer loop
    vertex 8.75 15.72282713515015 -56.24368843247728
    vertex 8.75 13.03324953415532 -56.69129229976465
    vertex 8.75 15.18255576810895 -60
  endloop
endfacet
facet normal 1 0 0
  outer loop
    vertex 8.75 15.18255576810895 -60
    vertex 8.75 12.72615836550724 -62.99597080070761
    vertex 8.75 15.72282713515015 -63.75631156752272
  endloop
endfacet
facet normal 1 0 0
  outer loop
    vertex 8.75 12.72615836550724 -62.99597080070761
    vertex 8.75 13.26642973254843 -66.75228236823034
    vertex 8.75 15.72282713515015 -63.75631156752272
  endloop
endfacet
facet normal 1 0 0
  outer loop
    vertex 8.75 12.72615836550724 -62.99597080070761
    vertex 8.75 10.26976096290553 -65.99194160141522
    vertex 8.75 13.26642973254843 -66.75228236823034
  endloop
endfacet
facet normal 1 0 0
  outer loop
    vertex 8.75 15.72282713515015 -63.75631156752272
    vertex 8.75 13.26642973254843 -66.75228236823034
    vertex 8.75 16.26309850219135 -67.51262313504544
  endloop
endfacet
facet normal 1 0 0
  outer loop
    vertex 8.75 10.26976096290553 -65.99194160141522
    vertex 8.75 10.06021213994171 -62.31748533865175
    vertex 8.75 7.630824474052629 -63.42726671746399
  endloop
endfacet
facet normal 1 0 0
  outer loop
    vertex 8.75 10.06021213994171 -62.31748533865175
    vertex 8.75 7.421275651088808 -59.75281045470052
    vertex 8.75 7.630824474052629 -63.42726671746399
  endloop
endfacet
facet normal 1 0 0
  outer loop
    vertex 8.75 10.06021213994171 -62.31748533865175
    vertex 8.75 9.850663316977887 -58.64302907588827
    vertex 8.75 7.421275651088808 -59.75281045470052
  endloop
endfacet
facet normal 1 0 0
  outer loop
    vertex 8.75 7.630824474052629 -63.42726671746399
    vertex 8.75 7.421275651088808 -59.75281045470052
    vertex 8.75 4.991887985199732 -60.86259183351275
  endloop
endfacet
facet normal 1 0 0
  outer loop
    vertex 8.75 20 -62.78135272408831
    vertex 8.75 17.59127788405447 -61.39067636204415
    vertex 8.75 18.13154925109567 -65.14698792956688
  endloop
endfacet
facet normal 1 0 0
  outer loop
    vertex 8.75 17.59127788405447 -61.39067636204415
    vertex 8.75 15.72282713515015 -63.75631156752272
    vertex 8.75 18.13154925109567 -65.14698792956688
  endloop
endfacet
facet normal 1 0 0
  outer loop
    vertex 8.75 17.59127788405447 -61.39067636204415
    vertex 8.75 15.18255576810895 -60
    vertex 8.75 15.72282713515015 -63.75631156752272
  endloop
endfacet
facet normal 1 0 0
  outer loop
    vertex 8.75 18.13154925109567 -65.14698792956688
    vertex 8.75 15.72282713515015 -63.75631156752272
    vertex 8.75 16.26309850219135 -67.51262313504544
  endloop
endfacet
facet normal 1 0 0
  outer loop
    vertex 8.75 16.26309850219135 -52.48737686495456
    vertex 8.75 15.72282713515015 -56.24368843247728
    vertex 8.75 18.13154925109567 -54.85301207043312
  endloop
endfacet
facet normal 1 -0 0
  outer loop
    vertex 8.75 15.72282713515015 -56.24368843247728
    vertex 8.75 17.59127788405447 -58.60932363795585
    vertex 8.75 18.13154925109567 -54.85301207043312
  endloop
endfacet
facet normal 1 0 0
  outer loop
    vertex 8.75 15.72282713515015 -56.24368843247728
    vertex 8.75 15.18255576810895 -60
    vertex 8.75 17.59127788405447 -58.60932363795585
  endloop
endfacet
facet normal 1 0 0
  outer loop
    vertex 8.75 18.13154925109567 -54.85301207043312
    vertex 8.75 17.59127788405447 -58.60932363795585
    vertex 8.75 20 -57.21864727591169
  endloop
endfacet
facet normal 1 0 0
  outer loop
    vertex 8.75 15.18255576810895 -60
    vertex 8.75 12.51660954254342 -59.32151453794413
    vertex 8.75 12.72615836550724 -62.99597080070761
  endloop
endfacet
facet normal 1 0 0
  outer loop
    vertex 8.75 12.51660954254342 -59.32151453794413
    vertex 8.75 10.06021213994171 -62.31748533865175
    vertex 8.75 12.72615836550724 -62.99597080070761
  endloop
endfacet
facet normal 1 0 0
  outer loop
    vertex 8.75 12.51660954254342 -59.32151453794413
    vertex 8.75 9.850663316977887 -58.64302907588827
    vertex 8.75 10.06021213994171 -62.31748533865175
  endloop
endfacet
facet normal 1 0 0
  outer loop
    vertex 8.75 12.72615836550724 -62.99597080070761
    vertex 8.75 10.06021213994171 -62.31748533865175
    vertex 8.75 10.26976096290553 -65.99194160141522
  endloop
endfacet
facet normal 1 0 0
  outer loop
    vertex 8.75 10.8839433002017 -53.38258459952931
    vertex 8.75 10.36730330858979 -56.01280683770879
    vertex 8.75 13.03324953415532 -56.69129229976465
  endloop
endfacet
facet normal 1 0 0
  outer loop
    vertex 8.75 10.36730330858979 -56.01280683770879
    vertex 8.75 12.51660954254342 -59.32151453794413
    vertex 8.75 13.03324953415532 -56.69129229976465
  endloop
endfacet
facet normal 1 0 0
  outer loop
    vertex 8.75 10.36730330858979 -56.01280683770879
    vertex 8.75 9.850663316977887 -58.64302907588827
    vertex 8.75 12.51660954254342 -59.32151453794413
  endloop
endfacet
facet normal 1 0 0
  outer loop
    vertex 8.75 13.03324953415532 -56.69129229976465
    vertex 8.75 12.51660954254342 -59.32151453794413
    vertex 8.75 15.18255576810895 -60
  endloop
endfacet
facet normal 1 0 0
  outer loop
    vertex 8.75 4.991887985199732 -60.86259183351275
    vertex 8.75 4.612650123903358 -64.01896770587463
    vertex 8.75 7.630824474052629 -63.42726671746399
  endloop
endfacet
facet normal 1 -0 0
  outer loop
    vertex 8.75 4.612650123903358 -64.01896770587463
    vertex 8.75 7.251586612756256 -66.58364258982586
    vertex 8.75 7.630824474052629 -63.42726671746399
  endloop
endfacet
facet normal 1 0 0
  outer loop
    vertex 8.75 4.612650123903358 -64.01896770587463
    vertex 8.75 4.233412262606985 -67.17534357823649
    vertex 8.75 7.251586612756256 -66.58364258982586
  endloop
endfacet
facet normal 1 0 0
  outer loop
    vertex 8.75 7.630824474052629 -63.42726671746399
    vertex 8.75 7.251586612756256 -66.58364258982586
    vertex 8.75 10.26976096290553 -65.99194160141522
  endloop
endfacet
facet normal 1 0 0
  outer loop
    vertex 8.75 0 -63.03363265708889
    vertex 8.75 2.495943992599866 -61.94811224530082
    vertex 8.75 0 -60.00000000000001
  endloop
endfacet
facet normal 1 0 0
  outer loop
    vertex 8.75 2.495943992599866 -61.94811224530082
    vertex 8.75 2.495943992599865 -58.91447958821195
    vertex 8.75 0 -60.00000000000001
  endloop
endfacet
facet normal 1 0 -0
  outer loop
    vertex 8.75 2.495943992599866 -61.94811224530082
    vertex 8.75 4.991887985199732 -60.86259183351275
    vertex 8.75 2.495943992599865 -58.91447958821195
  endloop
endfacet
facet normal 1 0 0
  outer loop
    vertex 8.75 0 -60.00000000000001
    vertex 8.75 2.495943992599865 -58.91447958821195
    vertex 8.75 0 -56.96636734291114
  endloop
endfacet
facet normal 1 0 0
  outer loop
    vertex 8.75 16.26309850219135 -67.51262313504544
    vertex 8.75 13.26642973254843 -66.75228236823034
    vertex 8.75 14.39464775328702 -69.87825834052401
  endloop
endfacet
facet normal 1 0 0
  outer loop
    vertex 8.75 13.26642973254843 -66.75228236823034
    vertex 8.75 11.39797898364411 -69.11791757370889
    vertex 8.75 14.39464775328702 -69.87825834052401
  endloop
endfacet
facet normal 1 0 0
  outer loop
    vertex 8.75 13.26642973254843 -66.75228236823034
    vertex 8.75 10.26976096290553 -65.99194160141522
    vertex 8.75 11.39797898364411 -69.11791757370889
  endloop
endfacet
facet normal 1 0 0
  outer loop
    vertex 8.75 14.39464775328702 -69.87825834052401
    vertex 8.75 11.39797898364411 -69.11791757370889
    vertex 8.75 12.52619700438269 -72.24389354600258
  endloop
endfacet
facet normal 1 0 0
  outer loop
    vertex 8.75 12.5261970043827 -47.75610645399743
    vertex 8.75 11.7050701522922 -50.56934552676337
    vertex 8.75 14.39464775328702 -50.12174165947599
  endloop
endfacet
facet normal 1 -0 0
  outer loop
    vertex 8.75 11.7050701522922 -50.56934552676337
    vertex 8.75 13.57352090119652 -52.93498073224193
    vertex 8.75 14.39464775328702 -50.12174165947599
  endloop
endfacet
facet normal 1 0 0
  outer loop
    vertex 8.75 11.7050701522922 -50.56934552676337
    vertex 8.75 10.8839433002017 -53.38258459952931
    vertex 8.75 13.57352090119652 -52.93498073224193
  endloop
endfacet
facet normal 1 0 0
  outer loop
    vertex 8.75 14.39464775328702 -50.12174165947599
    vertex 8.75 13.57352090119652 -52.93498073224193
    vertex 8.75 16.26309850219135 -52.48737686495456
  endloop
endfacet
facet normal 1 0 0
  outer loop
    vertex 8.75 20 -57.21864727591169
    vertex 8.75 17.59127788405447 -58.60932363795585
    vertex 8.75 20 -60
  endloop
endfacet
facet normal 1 0 0
  outer loop
    vertex 8.75 17.59127788405447 -58.60932363795585
    vertex 8.75 17.59127788405447 -61.39067636204415
    vertex 8.75 20 -60
  endloop
endfacet
facet normal 1 0 0
  outer loop
    vertex 8.75 17.59127788405447 -58.60932363795585
    vertex 8.75 15.18255576810895 -60
    vertex 8.75 17.59127788405447 -61.39067636204415
  endloop
endfacet
facet normal 1 0 0
  outer loop
    vertex 8.75 20 -60
    vertex 8.75 17.59127788405447 -61.39067636204415
    vertex 8.75 20 -62.78135272408831
  endloop
endfacet
facet normal 1 0 0
  outer loop
    vertex 8.75 10.26976096290553 -65.99194160141522
    vertex 8.75 7.251586612756256 -66.58364258982586
    vertex 8.75 8.891078315170287 -68.96020418959762
  endloop
endfacet
facet normal 1 0 0
  outer loop
    vertex 8.75 7.251586612756256 -66.58364258982586
    vertex 8.75 5.872903965021015 -69.55190517800827
    vertex 8.75 8.891078315170287 -68.96020418959762
  endloop
endfacet
facet normal 1 0 0
  outer loop
    vertex 8.75 7.251586612756256 -66.58364258982586
    vertex 8.75 4.233412262606985 -67.17534357823649
    vertex 8.75 5.872903965021015 -69.55190517800827
  endloop
endfacet
facet normal 1 0 0
  outer loop
    vertex 8.75 8.891078315170287 -68.96020418959762
    vertex 8.75 5.872903965021015 -69.55190517800827
    vertex 8.75 7.512395667435046 -71.92846677778002
  endloop
endfacet
facet normal 1 0 0
  outer loop
    vertex 8.75 7.68167151987863 -47.83536762631469
    vertex 8.75 6.199735683721905 -50.88405115606847
    vertex 8.75 9.282807410040164 -50.60897611292199
  endloop
endfacet
facet normal 1 -0 0
  outer loop
    vertex 8.75 6.199735683721905 -50.88405115606847
    vertex 8.75 7.80087157388344 -53.65765964267578
    vertex 8.75 9.282807410040164 -50.60897611292199
  endloop
endfacet
facet normal 1 0 0
  outer loop
    vertex 8.75 6.199735683721905 -50.88405115606847
    vertex 8.75 4.717799847565182 -53.93273468582225
    vertex 8.75 7.80087157388344 -53.65765964267578
  endloop
endfacet
facet normal 1 0 0
  outer loop
    vertex 8.75 9.282807410040164 -50.60897611292199
    vertex 8.75 7.80087157388344 -53.65765964267578
    vertex 8.75 10.8839433002017 -53.38258459952931
  endloop
endfacet
facet normal 1 0 0
  outer loop
    vertex 8.75 8.789295506574037 -43.02483604304029
    vertex 8.75 8.235483513226335 -45.43010183467749
    vertex 8.75 10.65774625547837 -45.39047124851886
  endloop
endfacet
facet normal 1 -0 0
  outer loop
    vertex 8.75 8.235483513226335 -45.43010183467749
    vertex 8.75 10.10393426213066 -47.79573704015606
    vertex 8.75 10.65774625547837 -45.39047124851886
  endloop
endfacet
facet normal 1 0 0
  outer loop
    vertex 8.75 8.235483513226335 -45.43010183467749
    vertex 8.75 7.68167151987863 -47.83536762631469
    vertex 8.75 10.10393426213066 -47.79573704015606
  endloop
endfacet
facet normal 1 0 0
  outer loop
    vertex 8.75 10.65774625547837 -45.39047124851886
    vertex 8.75 10.10393426213066 -47.79573704015606
    vertex 8.75 12.5261970043827 -47.75610645399743
  endloop
endfacet
facet normal 1 0 0
  outer loop
    vertex 8.75 12.52619700438269 -72.24389354600258
    vertex 8.75 10.01929633590887 -72.08618016189131
    vertex 8.75 10.65774625547836 -74.60952875148115
  endloop
endfacet
facet normal 1 0 0
  outer loop
    vertex 8.75 10.01929633590887 -72.08618016189131
    vertex 8.75 8.150845587004543 -74.45181536736986
    vertex 8.75 10.65774625547836 -74.60952875148115
  endloop
endfacet
facet normal 1 0 0
  outer loop
    vertex 8.75 10.01929633590887 -72.08618016189131
    vertex 8.75 7.512395667435046 -71.92846677778002
    vertex 8.75 8.150845587004543 -74.45181536736986
  endloop
endfacet
facet normal 1 0 0
  outer loop
    vertex 8.75 10.65774625547836 -74.60952875148115
    vertex 8.75 8.150845587004543 -74.45181536736986
    vertex 8.75 8.789295506574037 -76.97516395695972
  endloop
endfacet
facet normal 1 0 0
  outer loop
    vertex 8.75 0 -75.16816328544438
    vertex 8.75 1.62133739637419 -73.4913505537105
    vertex 8.75 0 -72.13453062835549
  endloop
endfacet
facet normal 1 0 -0
  outer loop
    vertex 8.75 1.62133739637419 -73.4913505537105
    vertex 8.75 1.62133739637419 -70.45771789662163
    vertex 8.75 0 -72.13453062835549
  endloop
endfacet
facet normal 1 0 0
  outer loop
    vertex 8.75 1.62133739637419 -73.4913505537105
    vertex 8.75 3.242674792748379 -71.81453782197663
    vertex 8.75 1.62133739637419 -70.45771789662163
  endloop
endfacet
facet normal 1 0 0
  outer loop
    vertex 8.75 0 -72.13453062835549
    vertex 8.75 1.62133739637419 -70.45771789662163
    vertex 8.75 0 -69.10089797126662
  endloop
endfacet
facet normal 1 0 0
  outer loop
    vertex 8.75 0 -50.89910202873337
    vertex 8.75 1.579992522953349 -49.55884832162092
    vertex 8.75 0 -47.86546937164449
  endloop
endfacet
facet normal 1 0 -0
  outer loop
    vertex 8.75 1.579992522953349 -49.55884832162092
    vertex 8.75 1.579992522953349 -46.52521566453204
    vertex 8.75 0 -47.86546937164449
  endloop
endfacet
facet normal 1 0 0
  outer loop
    vertex 8.75 1.579992522953349 -49.55884832162092
    vertex 8.75 3.159985045906698 -48.21859461450847
    vertex 8.75 1.579992522953349 -46.52521566453204
  endloop
endfacet
facet normal 1 0 0
  outer loop
    vertex 8.75 0 -47.86546937164449
    vertex 8.75 1.579992522953349 -46.52521566453204
    vertex 8.75 0 -44.83183671455561
  endloop
endfacet
facet normal 1 0 0
  outer loop
    vertex 8.75 0 -56.96636734291114
    vertex 8.75 2.358899923782591 -55.4495510143667
    vertex 8.75 0 -53.93273468582225
  endloop
endfacet
facet normal 1 0 -0
  outer loop
    vertex 8.75 2.358899923782591 -55.4495510143667
    vertex 8.75 2.358899923782591 -52.41591835727781
    vertex 8.75 0 -53.93273468582225
  endloop
endfacet
facet normal 1 0 0
  outer loop
    vertex 8.75 2.358899923782591 -55.4495510143667
    vertex 8.75 4.717799847565182 -53.93273468582225
    vertex 8.75 2.358899923782591 -52.41591835727781
  endloop
endfacet
facet normal 1 0 0
  outer loop
    vertex 8.75 0 -53.93273468582225
    vertex 8.75 2.358899923782591 -52.41591835727781
    vertex 8.75 0 -50.89910202873337
  endloop
endfacet
facet normal 1 0 0
  outer loop
    vertex 8.75 0 -69.10089797126662
    vertex 8.75 2.116706131303492 -68.13812077475156
    vertex 8.75 0 -66.06726531417775
  endloop
endfacet
facet normal 1 0 -0
  outer loop
    vertex 8.75 2.116706131303492 -68.13812077475156
    vertex 8.75 2.116706131303492 -65.1044881176627
    vertex 8.75 0 -66.06726531417775
  endloop
endfacet
facet normal 1 0 0
  outer loop
    vertex 8.75 2.116706131303492 -68.13812077475156
    vertex 8.75 4.233412262606985 -67.17534357823649
    vertex 8.75 2.116706131303492 -65.1044881176627
  endloop
endfacet
facet normal 1 0 0
  outer loop
    vertex 8.75 0 -66.06726531417775
    vertex 8.75 2.116706131303492 -65.1044881176627
    vertex 8.75 0 -63.03363265708889
  endloop
endfacet
facet normal 1 0 -0
  outer loop
    vertex 8.75 4.991887985199732 -60.86259183351275
    vertex 8.75 7.421275651088808 -59.75281045470052
    vertex 8.75 4.854843916382457 -57.3976632596675
  endloop
endfacet
facet normal 1 0 0
  outer loop
    vertex 8.75 7.421275651088808 -59.75281045470052
    vertex 8.75 7.284231582271534 -56.28788188085526
    vertex 8.75 4.854843916382457 -57.3976632596675
  endloop
endfacet
facet normal 1 0 -0
  outer loop
    vertex 8.75 7.421275651088808 -59.75281045470052
    vertex 8.75 9.850663316977887 -58.64302907588827
    vertex 8.75 7.284231582271534 -56.28788188085526
  endloop
endfacet
facet normal 1 0 -0
  outer loop
    vertex 8.75 4.854843916382457 -57.3976632596675
    vertex 8.75 7.284231582271534 -56.28788188085526
    vertex 8.75 4.717799847565182 -53.93273468582225
  endloop
endfacet
facet normal 1 0 0
  outer loop
    vertex 8.75 7.68167151987863 -47.83536762631469
    vertex 8.75 5.420828282892663 -48.02698112041158
    vertex 8.75 6.199735683721905 -50.88405115606847
  endloop
endfacet
facet normal 1 0 0
  outer loop
    vertex 8.75 5.420828282892663 -48.02698112041158
    vertex 8.75 3.93889244673594 -51.07566465016536
    vertex 8.75 6.199735683721905 -50.88405115606847
  endloop
endfacet
facet normal 1 0 0
  outer loop
    vertex 8.75 5.420828282892663 -48.02698112041158
    vertex 8.75 3.159985045906698 -48.21859461450847
    vertex 8.75 3.93889244673594 -51.07566465016536
  endloop
endfacet
facet normal 1 0 0
  outer loop
    vertex 8.75 6.199735683721905 -50.88405115606847
    vertex 8.75 3.93889244673594 -51.07566465016536
    vertex 8.75 4.717799847565182 -53.93273468582225
  endloop
endfacet
facet normal 1 0 0
  outer loop
    vertex 8.75 4.233412262606985 -67.17534357823649
    vertex 8.75 3.738043527677682 -69.49494070010657
    vertex 8.75 5.872903965021015 -69.55190517800827
  endloop
endfacet
facet normal 1 0 0
  outer loop
    vertex 8.75 3.738043527677682 -69.49494070010657
    vertex 8.75 5.377535230091713 -71.87150229987833
    vertex 8.75 5.872903965021015 -69.55190517800827
  endloop
endfacet
facet normal 1 0 0
  outer loop
    vertex 8.75 3.738043527677682 -69.49494070010657
    vertex 8.75 3.242674792748379 -71.81453782197663
    vertex 8.75 5.377535230091713 -71.87150229987833
  endloop
endfacet
facet normal 1 0 0
  outer loop
    vertex 8.75 5.872903965021015 -69.55190517800827
    vertex 8.75 5.377535230091713 -71.87150229987833
    vertex 8.75 7.512395667435046 -71.92846677778002
  endloop
endfacet
facet normal 1 -0 0
  outer loop
    vertex 8.75 4.717799847565182 -53.93273468582225
    vertex 8.75 7.284231582271534 -56.28788188085526
    vertex 8.75 7.80087157388344 -53.65765964267578
  endloop
endfacet
facet normal 1 0 0
  outer loop
    vertex 8.75 7.284231582271534 -56.28788188085526
    vertex 8.75 10.36730330858979 -56.01280683770879
    vertex 8.75 7.80087157388344 -53.65765964267578
  endloop
endfacet
facet normal 1 -0 0
  outer loop
    vertex 8.75 7.284231582271534 -56.28788188085526
    vertex 8.75 9.850663316977887 -58.64302907588827
    vertex 8.75 10.36730330858979 -56.01280683770879
  endloop
endfacet
facet normal 1 -0 0
  outer loop
    vertex 8.75 7.80087157388344 -53.65765964267578
    vertex 8.75 10.36730330858979 -56.01280683770879
    vertex 8.75 10.8839433002017 -53.38258459952931
  endloop
endfacet
facet normal 1 0 0
  outer loop
    vertex 8.75 4.991887985199732 -60.86259183351275
    vertex 8.75 4.854843916382457 -57.3976632596675
    vertex 8.75 2.495943992599865 -58.91447958821195
  endloop
endfacet
facet normal 1 0 0
  outer loop
    vertex 8.75 4.854843916382457 -57.3976632596675
    vertex 8.75 2.358899923782591 -55.4495510143667
    vertex 8.75 2.495943992599865 -58.91447958821195
  endloop
endfacet
facet normal 1 0 0
  outer loop
    vertex 8.75 4.854843916382457 -57.3976632596675
    vertex 8.75 4.717799847565182 -53.93273468582225
    vertex 8.75 2.358899923782591 -55.4495510143667
  endloop
endfacet
facet normal 1 0 0
  outer loop
    vertex 8.75 2.495943992599865 -58.91447958821195
    vertex 8.75 2.358899923782591 -55.4495510143667
    vertex 8.75 0 -56.96636734291114
  endloop
endfacet
facet normal 1 -0 0
  outer loop
    vertex 8.75 0 -63.03363265708889
    vertex 8.75 2.116706131303492 -65.1044881176627
    vertex 8.75 2.495943992599866 -61.94811224530082
  endloop
endfacet
facet normal 1 0 0
  outer loop
    vertex 8.75 2.116706131303492 -65.1044881176627
    vertex 8.75 4.612650123903358 -64.01896770587463
    vertex 8.75 2.495943992599866 -61.94811224530082
  endloop
endfacet
facet normal 1 -0 0
  outer loop
    vertex 8.75 2.116706131303492 -65.1044881176627
    vertex 8.75 4.233412262606985 -67.17534357823649
    vertex 8.75 4.612650123903358 -64.01896770587463
  endloop
endfacet
facet normal 1 -0 0
  outer loop
    vertex 8.75 2.495943992599866 -61.94811224530082
    vertex 8.75 4.612650123903358 -64.01896770587463
    vertex 8.75 4.991887985199732 -60.86259183351275
  endloop
endfacet
facet normal 1 0 0
  outer loop
    vertex 8.75 8.789295506574037 -76.97516395695972
    vertex 8.75 8.150845587004543 -74.45181536736986
    vertex 8.75 6.646581443863419 -76.27554041122433
  endloop
endfacet
facet normal 1 0 0
  outer loop
    vertex 8.75 8.150845587004543 -74.45181536736986
    vertex 8.75 5.989980850567455 -73.81414213746783
    vertex 8.75 6.646581443863419 -76.27554041122433
  endloop
endfacet
facet normal 1 0 0
  outer loop
    vertex 8.75 8.150845587004543 -74.45181536736986
    vertex 8.75 7.512395667435046 -71.92846677778002
    vertex 8.75 5.989980850567455 -73.81414213746783
  endloop
endfacet
facet normal 1 0 0
  outer loop
    vertex 8.75 6.646581443863419 -76.27554041122433
    vertex 8.75 5.989980850567455 -73.81414213746783
    vertex 8.75 4.467566033699864 -75.69981749715564
  endloop
endfacet
facet normal 1 -0 0
  outer loop
    vertex 8.75 4.467566033699858 -44.30018250284436
    vertex 8.75 6.074618776789244 -46.06777506457953
    vertex 8.75 6.646581443863376 -43.72445958877568
  endloop
endfacet
facet normal 1 0 0
  outer loop
    vertex 8.75 6.074618776789244 -46.06777506457953
    vertex 8.75 8.235483513226335 -45.43010183467749
    vertex 8.75 6.646581443863376 -43.72445958877568
  endloop
endfacet
facet normal 1 -0 0
  outer loop
    vertex 8.75 6.074618776789244 -46.06777506457953
    vertex 8.75 7.68167151987863 -47.83536762631469
    vertex 8.75 8.235483513226335 -45.43010183467749
  endloop
endfacet
facet normal 1 -0 0
  outer loop
    vertex 8.75 6.646581443863376 -43.72445958877568
    vertex 8.75 8.235483513226335 -45.43010183467749
    vertex 8.75 8.789295506574037 -43.02483604304029
  endloop
endfacet
facet normal 1 0 0
  outer loop
    vertex 8.75 10.26976096290553 -65.99194160141522
    vertex 8.75 8.891078315170287 -68.96020418959762
    vertex 8.75 11.39797898364411 -69.11791757370889
  endloop
endfacet
facet normal 1 0 0
  outer loop
    vertex 8.75 8.891078315170287 -68.96020418959762
    vertex 8.75 10.01929633590887 -72.08618016189131
    vertex 8.75 11.39797898364411 -69.11791757370889
  endloop
endfacet
facet normal 1 0 0
  outer loop
    vertex 8.75 8.891078315170287 -68.96020418959762
    vertex 8.75 7.512395667435046 -71.92846677778002
    vertex 8.75 10.01929633590887 -72.08618016189131
  endloop
endfacet
facet normal 1 0 0
  outer loop
    vertex 8.75 11.39797898364411 -69.11791757370889
    vertex 8.75 10.01929633590887 -72.08618016189131
    vertex 8.75 12.52619700438269 -72.24389354600258
  endloop
endfacet
facet normal 1 0 0
  outer loop
    vertex 8.75 12.5261970043827 -47.75610645399743
    vertex 8.75 10.10393426213066 -47.79573704015606
    vertex 8.75 11.7050701522922 -50.56934552676337
  endloop
endfacet
facet normal 1 0 0
  outer loop
    vertex 8.75 10.10393426213066 -47.79573704015606
    vertex 8.75 9.282807410040164 -50.60897611292199
    vertex 8.75 11.7050701522922 -50.56934552676337
  endloop
endfacet
facet normal 1 0 0
  outer loop
    vertex 8.75 10.10393426213066 -47.79573704015606
    vertex 8.75 7.68167151987863 -47.83536762631469
    vertex 8.75 9.282807410040164 -50.60897611292199
  endloop
endfacet
facet normal 1 0 0
  outer loop
    vertex 8.75 11.7050701522922 -50.56934552676337
    vertex 8.75 9.282807410040164 -50.60897611292199
    vertex 8.75 10.8839433002017 -53.38258459952931
  endloop
endfacet
facet normal 1 -0 0
  outer loop
    vertex 8.75 0 -69.10089797126662
    vertex 8.75 1.62133739637419 -70.45771789662163
    vertex 8.75 2.116706131303492 -68.13812077475156
  endloop
endfacet
facet normal 1 0 0
  outer loop
    vertex 8.75 1.62133739637419 -70.45771789662163
    vertex 8.75 3.738043527677682 -69.49494070010657
    vertex 8.75 2.116706131303492 -68.13812077475156
  endloop
endfacet
facet normal 1 -0 0
  outer loop
    vertex 8.75 1.62133739637419 -70.45771789662163
    vertex 8.75 3.242674792748379 -71.81453782197663
    vertex 8.75 3.738043527677682 -69.49494070010657
  endloop
endfacet
facet normal 1 -0 0
  outer loop
    vertex 8.75 2.116706131303492 -68.13812077475156
    vertex 8.75 3.738043527677682 -69.49494070010657
    vertex 8.75 4.233412262606985 -67.17534357823649
  endloop
endfacet
facet normal 1 0 0
  outer loop
    vertex 8.75 4.717799847565182 -53.93273468582225
    vertex 8.75 3.93889244673594 -51.07566465016536
    vertex 8.75 2.358899923782591 -52.41591835727781
  endloop
endfacet
facet normal 1 0 0
  outer loop
    vertex 8.75 3.93889244673594 -51.07566465016536
    vertex 8.75 1.579992522953349 -49.55884832162092
    vertex 8.75 2.358899923782591 -52.41591835727781
  endloop
endfacet
facet normal 1 0 0
  outer loop
    vertex 8.75 3.93889244673594 -51.07566465016536
    vertex 8.75 3.159985045906698 -48.21859461450847
    vertex 8.75 1.579992522953349 -49.55884832162092
  endloop
endfacet
facet normal 1 0 0
  outer loop
    vertex 8.75 2.358899923782591 -52.41591835727781
    vertex 8.75 1.579992522953349 -49.55884832162092
    vertex 8.75 0 -50.89910202873337
  endloop
endfacet
facet normal 1 -0 0
  outer loop
    vertex 8.75 0 -44.83183671455561
    vertex 8.75 1.579992522953349 -46.52521566453204
    vertex 8.75 2.248427313096464 -44.69119075985451
  endloop
endfacet
facet normal 1 0 0
  outer loop
    vertex 8.75 1.579992522953349 -46.52521566453204
    vertex 8.75 3.813775539803278 -46.25938855867642
    vertex 8.75 2.248427313096464 -44.69119075985451
  endloop
endfacet
facet normal 1 -0 0
  outer loop
    vertex 8.75 1.579992522953349 -46.52521566453204
    vertex 8.75 3.159985045906698 -48.21859461450847
    vertex 8.75 3.813775539803278 -46.25938855867642
  endloop
endfacet
facet normal 1 -0 0
  outer loop
    vertex 8.75 2.248427313096464 -44.69119075985451
    vertex 8.75 3.813775539803278 -46.25938855867642
    vertex 8.75 4.467566033699858 -44.30018250284436
  endloop
endfacet
facet normal 1 0 0
  outer loop
    vertex 8.75 4.467566033699864 -75.69981749715564
    vertex 8.75 3.855120413224121 -73.75717765956612
    vertex 8.75 2.248427313096468 -75.30880924014548
  endloop
endfacet
facet normal 1 0 0
  outer loop
    vertex 8.75 3.855120413224121 -73.75717765956612
    vertex 8.75 1.62133739637419 -73.4913505537105
    vertex 8.75 2.248427313096468 -75.30880924014548
  endloop
endfacet
facet normal 1 0 0
  outer loop
    vertex 8.75 3.855120413224121 -73.75717765956612
    vertex 8.75 3.242674792748379 -71.81453782197663
    vertex 8.75 1.62133739637419 -73.4913505537105
  endloop
endfacet
facet normal 1 0 0
  outer loop
    vertex 8.75 2.248427313096468 -75.30880924014548
    vertex 8.75 1.62133739637419 -73.4913505537105
    vertex 8.75 0 -75.16816328544438
  endloop
endfacet
facet normal 1 0 0
  outer loop
    vertex 8.75 7.512395667435046 -71.92846677778002
    vertex 8.75 5.377535230091713 -71.87150229987833
    vertex 8.75 5.989980850567455 -73.81414213746783
  endloop
endfacet
facet normal 1 0 0
  outer loop
    vertex 8.75 5.377535230091713 -71.87150229987833
    vertex 8.75 3.855120413224121 -73.75717765956612
    vertex 8.75 5.989980850567455 -73.81414213746783
  endloop
endfacet
facet normal 1 0 0
  outer loop
    vertex 8.75 5.377535230091713 -71.87150229987833
    vertex 8.75 3.242674792748379 -71.81453782197663
    vertex 8.75 3.855120413224121 -73.75717765956612
  endloop
endfacet
facet normal 1 0 0
  outer loop
    vertex 8.75 5.989980850567455 -73.81414213746783
    vertex 8.75 3.855120413224121 -73.75717765956612
    vertex 8.75 4.467566033699864 -75.69981749715564
  endloop
endfacet
facet normal 1 0 0
  outer loop
    vertex 8.75 4.467566033699858 -44.30018250284436
    vertex 8.75 3.813775539803278 -46.25938855867642
    vertex 8.75 6.074618776789244 -46.06777506457953
  endloop
endfacet
facet normal 1 -0 0
  outer loop
    vertex 8.75 3.813775539803278 -46.25938855867642
    vertex 8.75 5.420828282892663 -48.02698112041158
    vertex 8.75 6.074618776789244 -46.06777506457953
  endloop
endfacet
facet normal 1 0 0
  outer loop
    vertex 8.75 3.813775539803278 -46.25938855867642
    vertex 8.75 3.159985045906698 -48.21859461450847
    vertex 8.75 5.420828282892663 -48.02698112041158
  endloop
endfacet
facet normal 1 0 0
  outer loop
    vertex 8.75 6.074618776789244 -46.06777506457953
    vertex 8.75 5.420828282892663 -48.02698112041158
    vertex 8.75 7.68167151987863 -47.83536762631469
  endloop
endfacet
facet normal 6.26789e-16 0.784747 0.619817
  outer loop
    vertex 8.75 12.5261970043827 -47.75610645399743
    vertex 6.579325302179228 13.4327756004189 -48.90392062280771
    vertex 5.861262253801456 11.10264382501236 -45.95375361169521
  endloop
endfacet
facet normal 6.75004e-16 0.784747 0.619817
  outer loop
    vertex 6.579325302179228 13.4327756004189 -48.90392062280771
    vertex 3.690587555980684 12.00922242104856 -47.10156778050549
    vertex 5.861262253801456 11.10264382501236 -45.95375361169521
  endloop
endfacet
facet normal 6.26789e-16 0.784747 0.619817
  outer loop
    vertex 6.579325302179228 13.4327756004189 -48.90392062280771
    vertex 4.408650604358456 14.3393541964551 -50.05173479161799
    vertex 3.690587555980684 12.00922242104856 -47.10156778050549
  endloop
endfacet
facet normal -7.23218e-17 0.784747 0.619817
  outer loop
    vertex 5.861262253801456 11.10264382501236 -45.95375361169521
    vertex 3.690587555980684 12.00922242104856 -47.10156778050549
    vertex 2.972524507602913 9.67909064564202 -44.151400769393
  endloop
endfacet
facet normal -6.75004e-16 0.784747 0.619817
  outer loop
    vertex -2.972524507602931 9.67909064564202 -44.15140076939299
    vertex -3.690587555980697 12.00922242104856 -47.10156778050549
    vertex -5.861262253801465 11.10264382501236 -45.95375361169521
  endloop
endfacet
facet normal -4.09824e-16 0.784747 0.619817
  outer loop
    vertex -3.690587555980697 12.00922242104856 -47.10156778050549
    vertex -6.579325302179232 13.4327756004189 -48.90392062280771
    vertex -5.861262253801465 11.10264382501236 -45.95375361169521
  endloop
endfacet
facet normal 6.75004e-16 0.784747 0.619817
  outer loop
    vertex -3.690587555980697 12.00922242104856 -47.10156778050549
    vertex -4.408650604358463 14.3393541964551 -50.051734791618
    vertex -6.579325302179232 13.4327756004189 -48.90392062280771
  endloop
endfacet
facet normal -9.64291e-16 0.784747 0.619817
  outer loop
    vertex -5.861262253801465 11.10264382501236 -45.95375361169521
    vertex -6.579325302179232 13.4327756004189 -48.90392062280771
    vertex -8.75 12.5261970043827 -47.75610645399743
  endloop
endfacet
facet normal 4.131e-16 0.784747 0.619817
  outer loop
    vertex -8.75 8.789295506574037 -43.02483604304029
    vertex -5.897097029948771 9.324457726730481 -43.70240198337163
    vertex -8.75 10.65774625547837 -45.39047124851886
  endloop
endfacet
facet normal -4.3002e-16 0.784747 0.619817
  outer loop
    vertex -5.897097029948771 9.324457726730481 -43.70240198337163
    vertex -5.861262253801465 11.10264382501236 -45.95375361169521
    vertex -8.75 10.65774625547837 -45.39047124851886
  endloop
endfacet
facet normal -1.39279e-15 0.784747 0.619817
  outer loop
    vertex -5.897097029948771 9.324457726730481 -43.70240198337163
    vertex -2.972524507602931 9.67909064564202 -44.15140076939299
    vertex -5.861262253801465 11.10264382501236 -45.95375361169521
  endloop
endfacet
facet normal -6.11963e-16 0.784747 0.619817
  outer loop
    vertex -8.75 10.65774625547837 -45.39047124851886
    vertex -5.861262253801465 11.10264382501236 -45.95375361169521
    vertex -8.75 12.5261970043827 -47.75610645399743
  endloop
endfacet
facet normal -5.04058e-16 0.784747 0.619817
  outer loop
    vertex 2.972524507602913 9.67909064564202 -44.151400769393
    vertex 5.897097029948764 9.324457726730483 -43.70240198337163
    vertex 5.861262253801456 11.10264382501236 -45.95375361169521
  endloop
endfacet
facet normal 5.37524e-16 0.784747 0.619817
  outer loop
    vertex 5.897097029948764 9.324457726730483 -43.70240198337163
    vertex 8.75 10.65774625547837 -45.39047124851886
    vertex 5.861262253801456 11.10264382501236 -45.95375361169521
  endloop
endfacet
facet normal 9.03656e-17 0.784747 0.619817
  outer loop
    vertex 5.897097029948764 9.324457726730483 -43.70240198337163
    vertex 8.75 8.789295506574037 -43.02483604304029
    vertex 8.75 10.65774625547837 -45.39047124851886
  endloop
endfacet
facet normal 6.24712e-16 0.784747 0.619817
  outer loop
    vertex 5.861262253801456 11.10264382501236 -45.95375361169521
    vertex 8.75 10.65774625547837 -45.39047124851886
    vertex 8.75 12.5261970043827 -47.75610645399743
  endloop
endfacet
facet normal 2.38888e-16 0.784747 0.619817
  outer loop
    vertex -1.243449787580175e-14 12.87025654163987 -48.19171833972335
    vertex -2.204325302179239 13.60480536904748 -49.12172656567067
    vertex -1.48626225380147 11.27467359364094 -46.17155955455817
  endloop
endfacet
facet normal 2.38888e-16 0.784747 0.619817
  outer loop
    vertex -2.204325302179239 13.60480536904748 -49.12172656567067
    vertex -3.690587555980697 12.00922242104856 -47.10156778050549
    vertex -1.48626225380147 11.27467359364094 -46.17155955455817
  endloop
endfacet
facet normal -8.06248e-16 0.784747 0.619817
  outer loop
    vertex -2.204325302179239 13.60480536904748 -49.12172656567067
    vertex -4.408650604358463 14.3393541964551 -50.051734791618
    vertex -3.690587555980697 12.00922242104856 -47.10156778050549
  endloop
endfacet
facet normal 2.38888e-16 0.784747 0.619817
  outer loop
    vertex -1.48626225380147 11.27467359364094 -46.17155955455817
    vertex -3.690587555980697 12.00922242104856 -47.10156778050549
    vertex -2.972524507602931 9.67909064564202 -44.15140076939299
  endloop
endfacet
facet normal 4.77776e-16 0.784747 0.619817
  outer loop
    vertex 2.972524507602913 9.67909064564202 -44.151400769393
    vertex 3.690587555980684 12.00922242104856 -47.10156778050549
    vertex 1.48626225380145 11.27467359364094 -46.17155955455817
  endloop
endfacet
facet normal -2.38888e-16 0.784747 0.619817
  outer loop
    vertex 3.690587555980684 12.00922242104856 -47.10156778050549
    vertex 2.204325302179222 13.60480536904748 -49.12172656567067
    vertex 1.48626225380145 11.27467359364094 -46.17155955455817
  endloop
endfacet
facet normal -2.38888e-16 0.784747 0.619817
  outer loop
    vertex 3.690587555980684 12.00922242104856 -47.10156778050549
    vertex 4.408650604358456 14.3393541964551 -50.05173479161799
    vertex 2.204325302179222 13.60480536904748 -49.12172656567067
  endloop
endfacet
facet normal -2.38888e-16 0.784747 0.619817
  outer loop
    vertex 1.48626225380145 11.27467359364094 -46.17155955455817
    vertex 2.204325302179222 13.60480536904748 -49.12172656567067
    vertex -1.243449787580175e-14 12.87025654163987 -48.19171833972335
  endloop
endfacet
facet normal 9.06119e-16 0.784747 0.619817
  outer loop
    vertex 2.972524507602913 9.67909064564202 -44.151400769393
    vertex 1.48626225380145 11.27467359364094 -46.17155955455817
    vertex -9.267734233794068e-15 9.804453653978356 -44.31012218399761
  endloop
endfacet
facet normal 0 0.784747 0.619817
  outer loop
    vertex 1.48626225380145 11.27467359364094 -46.17155955455817
    vertex -1.48626225380147 11.27467359364094 -46.17155955455817
    vertex -9.267734233794068e-15 9.804453653978356 -44.31012218399761
  endloop
endfacet
facet normal 0 0.784747 0.619817
  outer loop
    vertex 1.48626225380145 11.27467359364094 -46.17155955455817
    vertex -1.243449787580175e-14 12.87025654163987 -48.19171833972335
    vertex -1.48626225380147 11.27467359364094 -46.17155955455817
  endloop
endfacet
facet normal 5.09692e-16 0.784747 0.619817
  outer loop
    vertex -9.267734233794068e-15 9.804453653978356 -44.31012218399761
    vertex -1.48626225380147 11.27467359364094 -46.17155955455817
    vertex -2.972524507602931 9.67909064564202 -44.15140076939299
  endloop
endfacet
facet normal -0 0.784747 0.619817
  outer loop
    vertex -2.916666666666668 20 -57.21864727591169
    vertex -1.458333333333336 18.38909020632855 -55.17908325583029
    vertex 0 20 -57.21864727591169
  endloop
endfacet
facet normal -0 0.784747 0.619817
  outer loop
    vertex -1.458333333333336 18.38909020632855 -55.17908325583029
    vertex 1.458333333333332 18.38909020632855 -55.17908325583029
    vertex 0 20 -57.21864727591169
  endloop
endfacet
facet normal -0 0.784747 0.619817
  outer loop
    vertex -1.458333333333336 18.38909020632855 -55.17908325583029
    vertex -1.77635683940025e-15 16.77818041265709 -53.13951923574889
    vertex 1.458333333333332 18.38909020632855 -55.17908325583029
  endloop
endfacet
facet normal -0 0.784747 0.619817
  outer loop
    vertex 0 20 -57.21864727591169
    vertex 1.458333333333332 18.38909020632855 -55.17908325583029
    vertex 2.916666666666666 20 -57.21864727591169
  endloop
endfacet
facet normal -1.59998e-15 0.784747 0.619817
  outer loop
    vertex 8.75 20 -57.21864727591169
    vertex 6.63230105371798 18.67035514676414 -55.53519124826813
    vertex 8.75 18.13154925109567 -54.85301207043312
  endloop
endfacet
facet normal -1.63477e-15 0.784747 0.619817
  outer loop
    vertex 6.63230105371798 18.67035514676414 -55.53519124826813
    vertex 6.63230105371798 16.80190439785981 -53.16955604278956
    vertex 8.75 18.13154925109567 -54.85301207043312
  endloop
endfacet
facet normal 4.86951e-16 0.784747 0.619817
  outer loop
    vertex 6.63230105371798 18.67035514676414 -55.53519124826813
    vertex 4.514602107435961 17.34071029352828 -53.85173522062455
    vertex 6.63230105371798 16.80190439785981 -53.16955604278956
  endloop
endfacet
facet normal -1.39129e-16 0.784747 0.619817
  outer loop
    vertex 8.75 18.13154925109567 -54.85301207043312
    vertex 6.63230105371798 16.80190439785981 -53.16955604278956
    vertex 8.75 16.26309850219135 -52.48737686495456
  endloop
endfacet
facet normal 1.39129e-16 0.784747 0.619817
  outer loop
    vertex -8.75 16.26309850219135 -52.48737686495456
    vertex -6.632301053717981 16.80190439785981 -53.16955604278956
    vertex -8.75 18.13154925109567 -54.85301207043312
  endloop
endfacet
facet normal 6.95645e-16 0.784747 0.619817
  outer loop
    vertex -6.632301053717981 16.80190439785981 -53.16955604278956
    vertex -6.632301053717981 18.67035514676414 -55.53519124826813
    vertex -8.75 18.13154925109567 -54.85301207043312
  endloop
endfacet
facet normal -1.39129e-15 0.784747 0.619817
  outer loop
    vertex -6.632301053717981 16.80190439785981 -53.16955604278956
    vertex -4.514602107435964 17.34071029352829 -53.85173522062455
    vertex -6.632301053717981 18.67035514676414 -55.53519124826813
  endloop
endfacet
facet normal 3.1304e-16 0.784747 0.619817
  outer loop
    vertex -8.75 18.13154925109567 -54.85301207043312
    vertex -6.632301053717981 18.67035514676414 -55.53519124826813
    vertex -8.75 20 -57.21864727591169
  endloop
endfacet
facet normal -0 0.784747 0.619817
  outer loop
    vertex 2.916666666666666 20 -57.21864727591169
    vertex 3.715634387051313 18.67035514676414 -55.53519124826813
    vertex 5.833333333333333 20 -57.21864727591169
  endloop
endfacet
facet normal -0 0.784747 0.619817
  outer loop
    vertex 3.715634387051313 18.67035514676414 -55.53519124826813
    vertex 6.63230105371798 18.67035514676414 -55.53519124826813
    vertex 5.833333333333333 20 -57.21864727591169
  endloop
endfacet
facet normal -0 0.784747 0.619817
  outer loop
    vertex 3.715634387051313 18.67035514676414 -55.53519124826813
    vertex 4.514602107435961 17.34071029352828 -53.85173522062455
    vertex 6.63230105371798 18.67035514676414 -55.53519124826813
  endloop
endfacet
facet normal -0 0.784747 0.619817
  outer loop
    vertex 5.833333333333333 20 -57.21864727591169
    vertex 6.63230105371798 18.67035514676414 -55.53519124826813
    vertex 8.75 20 -57.21864727591169
  endloop
endfacet
facet normal -0 0.784747 0.619817
  outer loop
    vertex -8.75 20 -57.21864727591169
    vertex -6.632301053717981 18.67035514676414 -55.53519124826813
    vertex -5.833333333333334 20 -57.21864727591169
  endloop
endfacet
facet normal -0 0.784747 0.619817
  outer loop
    vertex -6.632301053717981 18.67035514676414 -55.53519124826813
    vertex -3.715634387051317 18.67035514676414 -55.53519124826813
    vertex -5.833333333333334 20 -57.21864727591169
  endloop
endfacet
facet normal -0 0.784747 0.619817
  outer loop
    vertex -6.632301053717981 18.67035514676414 -55.53519124826813
    vertex -4.514602107435964 17.34071029352829 -53.85173522062455
    vertex -3.715634387051317 18.67035514676414 -55.53519124826813
  endloop
endfacet
facet normal -0 0.784747 0.619817
  outer loop
    vertex -5.833333333333334 20 -57.21864727591169
    vertex -3.715634387051317 18.67035514676414 -55.53519124826813
    vertex -2.916666666666668 20 -57.21864727591169
  endloop
endfacet
facet normal -1.018e-15 0.784747 0.619817
  outer loop
    vertex 8.75 16.26309850219135 -52.48737686495456
    vertex 6.579325302179228 15.30122634932322 -51.26955582828628
    vertex 8.75 14.39464775328702 -50.12174165947599
  endloop
endfacet
facet normal -1.35734e-15 0.784747 0.619817
  outer loop
    vertex 6.579325302179228 15.30122634932322 -51.26955582828628
    vertex 6.579325302179228 13.4327756004189 -48.90392062280771
    vertex 8.75 14.39464775328702 -50.12174165947599
  endloop
endfacet
facet normal 1.28947e-15 0.784747 0.619817
  outer loop
    vertex 6.579325302179228 15.30122634932322 -51.26955582828628
    vertex 4.408650604358456 14.3393541964551 -50.05173479161799
    vertex 6.579325302179228 13.4327756004189 -48.90392062280771
  endloop
endfacet
facet normal 0 0.784747 0.619817
  outer loop
    vertex 8.75 14.39464775328702 -50.12174165947599
    vertex 6.579325302179228 13.4327756004189 -48.90392062280771
    vertex 8.75 12.5261970043827 -47.75610645399743
  endloop
endfacet
facet normal -6.10801e-16 0.784747 0.619817
  outer loop
    vertex -8.75 12.5261970043827 -47.75610645399743
    vertex -6.579325302179232 13.4327756004189 -48.90392062280771
    vertex -8.75 14.39464775328702 -50.12174165947599
  endloop
endfacet
facet normal 1.018e-15 0.784747 0.619817
  outer loop
    vertex -6.579325302179232 13.4327756004189 -48.90392062280771
    vertex -6.579325302179232 15.30122634932322 -51.26955582828628
    vertex -8.75 14.39464775328702 -50.12174165947599
  endloop
endfacet
facet normal 4.07201e-16 0.784747 0.619817
  outer loop
    vertex -6.579325302179232 13.4327756004189 -48.90392062280771
    vertex -4.408650604358463 14.3393541964551 -50.051734791618
    vertex -6.579325302179232 15.30122634932322 -51.26955582828628
  endloop
endfacet
facet normal 1.018e-15 0.784747 0.619817
  outer loop
    vertex -8.75 14.39464775328702 -50.12174165947599
    vertex -6.579325302179232 15.30122634932322 -51.26955582828628
    vertex -8.75 16.26309850219135 -52.48737686495456
  endloop
endfacet
facet normal -1.59765e-16 0.784747 0.619817
  outer loop
    vertex -1.243449787580175e-14 12.87025654163987 -48.19171833972335
    vertex 2.204325302179222 13.60480536904748 -49.12172656567067
    vertex -7.105427357601002e-15 14.82421847714848 -50.66561878773612
  endloop
endfacet
facet normal -1.27812e-16 0.784747 0.619817
  outer loop
    vertex 2.204325302179222 13.60480536904748 -49.12172656567067
    vertex 2.204325302179227 15.55876730455609 -51.59562701368344
    vertex -7.105427357601002e-15 14.82421847714848 -50.66561878773612
  endloop
endfacet
facet normal -1.59765e-16 0.784747 0.619817
  outer loop
    vertex 2.204325302179222 13.60480536904748 -49.12172656567067
    vertex 4.408650604358456 14.3393541964551 -50.05173479161799
    vertex 2.204325302179227 15.55876730455609 -51.59562701368344
  endloop
endfacet
facet normal -1.59765e-16 0.784747 0.619817
  outer loop
    vertex -7.105427357601002e-15 14.82421847714848 -50.66561878773612
    vertex 2.204325302179227 15.55876730455609 -51.59562701368344
    vertex -1.77635683940025e-15 16.77818041265709 -53.13951923574889
  endloop
endfacet
facet normal 1.27812e-16 0.784747 0.619817
  outer loop
    vertex -1.77635683940025e-15 16.77818041265709 -53.13951923574889
    vertex -2.204325302179232 15.55876730455609 -51.59562701368344
    vertex -7.105427357601002e-15 14.82421847714848 -50.66561878773612
  endloop
endfacet
facet normal 1.59765e-16 0.784747 0.619817
  outer loop
    vertex -2.204325302179232 15.55876730455609 -51.59562701368344
    vertex -2.204325302179239 13.60480536904748 -49.12172656567067
    vertex -7.105427357601002e-15 14.82421847714848 -50.66561878773612
  endloop
endfacet
facet normal -1.21421e-15 0.784747 0.619817
  outer loop
    vertex -2.204325302179232 15.55876730455609 -51.59562701368344
    vertex -4.408650604358463 14.3393541964551 -50.051734791618
    vertex -2.204325302179239 13.60480536904748 -49.12172656567067
  endloop
endfacet
facet normal 1.27812e-16 0.784747 0.619817
  outer loop
    vertex -7.105427357601002e-15 14.82421847714848 -50.66561878773612
    vertex -2.204325302179239 13.60480536904748 -49.12172656567067
    vertex -1.243449787580175e-14 12.87025654163987 -48.19171833972335
  endloop
endfacet
facet normal 1.02384e-15 0.784747 0.619817
  outer loop
    vertex -1.77635683940025e-15 16.77818041265709 -53.13951923574889
    vertex 2.257301053717979 17.05944535309269 -53.49562722818673
    vertex 1.458333333333332 18.38909020632855 -55.17908325583029
  endloop
endfacet
facet normal 2.133e-15 0.784747 0.619817
  outer loop
    vertex 2.257301053717979 17.05944535309269 -53.49562722818673
    vertex 3.715634387051313 18.67035514676414 -55.53519124826813
    vertex 1.458333333333332 18.38909020632855 -55.17908325583029
  endloop
endfacet
facet normal -2.133e-17 0.784747 0.619817
  outer loop
    vertex 2.257301053717979 17.05944535309269 -53.49562722818673
    vertex 4.514602107435961 17.34071029352828 -53.85173522062455
    vertex 3.715634387051313 18.67035514676414 -55.53519124826813
  endloop
endfacet
facet normal 2.17566e-15 0.784747 0.619817
  outer loop
    vertex 1.458333333333332 18.38909020632855 -55.17908325583029
    vertex 3.715634387051313 18.67035514676414 -55.53519124826813
    vertex 2.916666666666666 20 -57.21864727591169
  endloop
endfacet
facet normal -7.67881e-16 0.784747 0.619817
  outer loop
    vertex -2.916666666666668 20 -57.21864727591169
    vertex -3.715634387051317 18.67035514676414 -55.53519124826813
    vertex -1.458333333333336 18.38909020632855 -55.17908325583029
  endloop
endfacet
facet normal -1.02384e-15 0.784747 0.619817
  outer loop
    vertex -3.715634387051317 18.67035514676414 -55.53519124826813
    vertex -2.257301053717983 17.05944535309269 -53.49562722818673
    vertex -1.458333333333336 18.38909020632855 -55.17908325583029
  endloop
endfacet
facet normal 1.19448e-15 0.784747 0.619817
  outer loop
    vertex -3.715634387051317 18.67035514676414 -55.53519124826813
    vertex -4.514602107435964 17.34071029352829 -53.85173522062455
    vertex -2.257301053717983 17.05944535309269 -53.49562722818673
  endloop
endfacet
facet normal -1.02384e-15 0.784747 0.619817
  outer loop
    vertex -1.458333333333336 18.38909020632855 -55.17908325583029
    vertex -2.257301053717983 17.05944535309269 -53.49562722818673
    vertex -1.77635683940025e-15 16.77818041265709 -53.13951923574889
  endloop
endfacet
facet normal 1.14261e-15 0.784747 0.619817
  outer loop
    vertex 4.408650604358456 14.3393541964551 -50.05173479161799
    vertex 4.461626355897208 15.84003224499169 -51.95173500612128
    vertex 2.204325302179227 15.55876730455609 -51.59562701368344
  endloop
endfacet
facet normal 1.29564e-15 0.784747 0.619817
  outer loop
    vertex 4.461626355897208 15.84003224499169 -51.95173500612128
    vertex 2.257301053717979 17.05944535309269 -53.49562722818673
    vertex 2.204325302179227 15.55876730455609 -51.59562701368344
  endloop
endfacet
facet normal 1.6323e-16 0.784747 0.619817
  outer loop
    vertex 4.461626355897208 15.84003224499169 -51.95173500612128
    vertex 4.514602107435961 17.34071029352828 -53.85173522062455
    vertex 2.257301053717979 17.05944535309269 -53.49562722818673
  endloop
endfacet
facet normal 6.52922e-16 0.784747 0.619817
  outer loop
    vertex 2.204325302179227 15.55876730455609 -51.59562701368344
    vertex 2.257301053717979 17.05944535309269 -53.49562722818673
    vertex -1.77635683940025e-15 16.77818041265709 -53.13951923574889
  endloop
endfacet
facet normal -6.83527e-16 0.784747 0.619817
  outer loop
    vertex -1.77635683940025e-15 16.77818041265709 -53.13951923574889
    vertex -2.257301053717983 17.05944535309269 -53.49562722818673
    vertex -2.204325302179232 15.55876730455609 -51.59562701368344
  endloop
endfacet
facet normal -8.16152e-17 0.784747 0.619817
  outer loop
    vertex -2.257301053717983 17.05944535309269 -53.49562722818673
    vertex -4.461626355897213 15.84003224499169 -51.95173500612128
    vertex -2.204325302179232 15.55876730455609 -51.59562701368344
  endloop
endfacet
facet normal 1.03039e-15 0.784747 0.619817
  outer loop
    vertex -2.257301053717983 17.05944535309269 -53.49562722818673
    vertex -4.514602107435964 17.34071029352829 -53.85173522062455
    vertex -4.461626355897213 15.84003224499169 -51.95173500612128
  endloop
endfacet
facet normal -4.18278e-16 0.784747 0.619817
  outer loop
    vertex -2.204325302179232 15.55876730455609 -51.59562701368344
    vertex -4.461626355897213 15.84003224499169 -51.95173500612128
    vertex -4.408650604358463 14.3393541964551 -50.051734791618
  endloop
endfacet
facet normal 1.28763e-16 0.784747 0.619817
  outer loop
    vertex 8.75 16.26309850219135 -52.48737686495456
    vertex 6.63230105371798 16.80190439785981 -53.16955604278956
    vertex 6.579325302179228 15.30122634932322 -51.26955582828628
  endloop
endfacet
facet normal 1.28763e-16 0.784747 0.619817
  outer loop
    vertex 6.63230105371798 16.80190439785981 -53.16955604278956
    vertex 4.461626355897208 15.84003224499169 -51.95173500612128
    vertex 6.579325302179228 15.30122634932322 -51.26955582828628
  endloop
endfacet
facet normal 1.28763e-16 0.784747 0.619817
  outer loop
    vertex 6.63230105371798 16.80190439785981 -53.16955604278956
    vertex 4.514602107435961 17.34071029352828 -53.85173522062455
    vertex 4.461626355897208 15.84003224499169 -51.95173500612128
  endloop
endfacet
facet normal 8.79878e-16 0.784747 0.619817
  outer loop
    vertex 6.579325302179228 15.30122634932322 -51.26955582828628
    vertex 4.461626355897208 15.84003224499169 -51.95173500612128
    vertex 4.408650604358456 14.3393541964551 -50.05173479161799
  endloop
endfacet
facet normal -1.20178e-15 0.784747 0.619817
  outer loop
    vertex -4.408650604358463 14.3393541964551 -50.051734791618
    vertex -4.461626355897213 15.84003224499169 -51.95173500612128
    vertex -6.579325302179232 15.30122634932322 -51.26955582828628
  endloop
endfacet
facet normal -1.43785e-15 0.784747 0.619817
  outer loop
    vertex -4.461626355897213 15.84003224499169 -51.95173500612128
    vertex -6.632301053717981 16.80190439785981 -53.16955604278956
    vertex -6.579325302179232 15.30122634932322 -51.26955582828628
  endloop
endfacet
facet normal -1.41639e-15 0.784747 0.619817
  outer loop
    vertex -4.461626355897213 15.84003224499169 -51.95173500612128
    vertex -4.514602107435964 17.34071029352829 -53.85173522062455
    vertex -6.632301053717981 16.80190439785981 -53.16955604278956
  endloop
endfacet
facet normal -1.28763e-16 0.784747 0.619817
  outer loop
    vertex -6.579325302179232 15.30122634932322 -51.26955582828628
    vertex -6.632301053717981 16.80190439785981 -53.16955604278956
    vertex -8.75 16.26309850219135 -52.48737686495456
  endloop
endfacet
facet normal 1.92858e-16 0.784747 -0.619817
  outer loop
    vertex 2.972524507602908 9.67909064564202 -35.848599230607
    vertex 3.690587555980681 12.00922242104856 -32.8984322194945
    vertex 5.861262253801454 11.10264382501236 -34.04624638830478
  endloop
endfacet
facet normal 1.68751e-16 0.784747 -0.619817
  outer loop
    vertex 3.690587555980681 12.00922242104856 -32.8984322194945
    vertex 6.579325302179228 13.4327756004189 -31.09607937719229
    vertex 5.861262253801454 11.10264382501236 -34.04624638830478
  endloop
endfacet
facet normal -1.92858e-16 0.784747 -0.619817
  outer loop
    vertex 3.690587555980681 12.00922242104856 -32.8984322194945
    vertex 4.408650604358455 14.3393541964551 -29.94826520838201
    vertex 6.579325302179228 13.4327756004189 -31.09607937719229
  endloop
endfacet
facet normal 6.75004e-16 0.784747 -0.619817
  outer loop
    vertex 5.861262253801454 11.10264382501236 -34.04624638830478
    vertex 6.579325302179228 13.4327756004189 -31.09607937719229
    vertex 8.75 12.5261970043827 -32.24389354600257
  endloop
endfacet
facet normal -1.22947e-15 0.784747 -0.619817
  outer loop
    vertex -8.75 12.5261970043827 -32.24389354600257
    vertex -6.579325302179234 13.4327756004189 -31.09607937719229
    vertex -5.861262253801463 11.10264382501236 -34.04624638830479
  endloop
endfacet
facet normal 5.78575e-16 0.784747 -0.619817
  outer loop
    vertex -6.579325302179234 13.4327756004189 -31.09607937719229
    vertex -3.690587555980697 12.00922242104856 -32.8984322194945
    vertex -5.861262253801463 11.10264382501236 -34.04624638830479
  endloop
endfacet
facet normal 1.68751e-16 0.784747 -0.619817
  outer loop
    vertex -6.579325302179234 13.4327756004189 -31.09607937719229
    vertex -4.408650604358467 14.3393541964551 -29.94826520838201
    vertex -3.690587555980697 12.00922242104856 -32.8984322194945
  endloop
endfacet
facet normal 1.01251e-15 0.784747 -0.619817
  outer loop
    vertex -5.861262253801463 11.10264382501236 -34.04624638830479
    vertex -3.690587555980697 12.00922242104856 -32.8984322194945
    vertex -2.972524507602926 9.67909064564202 -35.848599230607
  endloop
endfacet
facet normal 2.12235e-16 0.784747 -0.619817
  outer loop
    vertex -2.972524507602926 9.67909064564202 -35.848599230607
    vertex -5.897097029948771 9.324457726730481 -36.29759801662837
    vertex -5.861262253801463 11.10264382501236 -34.04624638830479
  endloop
endfacet
facet normal -2.68762e-16 0.784747 -0.619817
  outer loop
    vertex -5.897097029948771 9.324457726730481 -36.29759801662837
    vertex -8.75 10.65774625547837 -34.60952875148114
    vertex -5.861262253801463 11.10264382501236 -34.04624638830479
  endloop
endfacet
facet normal 1.18766e-15 0.784747 -0.619817
  outer loop
    vertex -5.897097029948771 9.324457726730481 -36.29759801662837
    vertex -8.75 8.789295506574046 -36.9751639569597
    vertex -8.75 10.65774625547837 -34.60952875148114
  endloop
endfacet
facet normal -7.39455e-16 0.784747 -0.619817
  outer loop
    vertex -5.861262253801463 11.10264382501236 -34.04624638830479
    vertex -8.75 10.65774625547837 -34.60952875148114
    vertex -8.75 12.5261970043827 -32.24389354600257
  endloop
endfacet
facet normal -3.05981e-16 0.784747 -0.619817
  outer loop
    vertex 8.75 12.5261970043827 -32.24389354600257
    vertex 8.75 10.65774625547837 -34.60952875148114
    vertex 5.861262253801454 11.10264382501236 -34.04624638830478
  endloop
endfacet
facet normal -4.03143e-16 0.784747 -0.619817
  outer loop
    vertex 8.75 10.65774625547837 -34.60952875148114
    vertex 5.897097029948758 9.324457726730483 -36.29759801662837
    vertex 5.861262253801454 11.10264382501236 -34.04624638830478
  endloop
endfacet
facet normal -6.71287e-16 0.784747 -0.619817
  outer loop
    vertex 8.75 10.65774625547837 -34.60952875148114
    vertex 8.75 8.789295506574046 -36.9751639569597
    vertex 5.897097029948758 9.324457726730483 -36.29759801662837
  endloop
endfacet
facet normal -3.71411e-16 0.784747 -0.619817
  outer loop
    vertex 5.861262253801454 11.10264382501236 -34.04624638830478
    vertex 5.897097029948758 9.324457726730483 -36.29759801662837
    vertex 2.972524507602908 9.67909064564202 -35.848599230607
  endloop
endfacet
facet normal 2.9861e-17 0.784747 -0.619817
  outer loop
    vertex -1.243449787580175e-14 12.87025654163987 -31.80828166027665
    vertex 2.204325302179221 13.60480536904748 -30.87827343432933
    vertex 1.486262253801447 11.27467359364095 -33.82844044544182
  endloop
endfacet
facet normal 0 0.784747 -0.619817
  outer loop
    vertex 2.204325302179221 13.60480536904748 -30.87827343432933
    vertex 3.690587555980681 12.00922242104856 -32.8984322194945
    vertex 1.486262253801447 11.27467359364095 -33.82844044544182
  endloop
endfacet
facet normal 2.9861e-17 0.784747 -0.619817
  outer loop
    vertex 2.204325302179221 13.60480536904748 -30.87827343432933
    vertex 4.408650604358455 14.3393541964551 -29.94826520838201
    vertex 3.690587555980681 12.00922242104856 -32.8984322194945
  endloop
endfacet
facet normal 2.09027e-16 0.784747 -0.619817
  outer loop
    vertex 1.486262253801447 11.27467359364095 -33.82844044544182
    vertex 3.690587555980681 12.00922242104856 -32.8984322194945
    vertex 2.972524507602908 9.67909064564202 -35.848599230607
  endloop
endfacet
facet normal -1.19444e-16 0.784747 -0.619817
  outer loop
    vertex -2.972524507602926 9.67909064564202 -35.848599230607
    vertex -3.690587555980697 12.00922242104856 -32.8984322194945
    vertex -1.48626225380147 11.27467359364095 -33.82844044544182
  endloop
endfacet
facet normal -2.9861e-17 0.784747 -0.619817
  outer loop
    vertex -3.690587555980697 12.00922242104856 -32.8984322194945
    vertex -2.204325302179239 13.60480536904748 -30.87827343432933
    vertex -1.48626225380147 11.27467359364095 -33.82844044544182
  endloop
endfacet
facet normal 0 0.784747 -0.619817
  outer loop
    vertex -3.690587555980697 12.00922242104856 -32.8984322194945
    vertex -4.408650604358467 14.3393541964551 -29.94826520838201
    vertex -2.204325302179239 13.60480536904748 -30.87827343432933
  endloop
endfacet
facet normal 0 0.784747 -0.619817
  outer loop
    vertex -1.48626225380147 11.27467359364095 -33.82844044544182
    vertex -2.204325302179239 13.60480536904748 -30.87827343432933
    vertex -1.243449787580175e-14 12.87025654163987 -31.80828166027665
  endloop
endfacet
facet normal -9.51425e-16 0.784747 -0.619817
  outer loop
    vertex -2.972524507602926 9.67909064564202 -35.848599230607
    vertex -1.48626225380147 11.27467359364095 -33.82844044544182
    vertex -9.045689628869759e-15 9.804453653978356 -35.68987781600239
  endloop
endfacet
facet normal 0 0.784747 -0.619817
  outer loop
    vertex -1.48626225380147 11.27467359364095 -33.82844044544182
    vertex 1.486262253801447 11.27467359364095 -33.82844044544182
    vertex -9.045689628869759e-15 9.804453653978356 -35.68987781600239
  endloop
endfacet
facet normal 0 0.784747 -0.619817
  outer loop
    vertex -1.48626225380147 11.27467359364095 -33.82844044544182
    vertex -1.243449787580175e-14 12.87025654163987 -31.80828166027665
    vertex 1.486262253801447 11.27467359364095 -33.82844044544182
  endloop
endfacet
facet normal 9.552e-16 0.784747 -0.619817
  outer loop
    vertex -9.045689628869759e-15 9.804453653978356 -35.68987781600239
    vertex 1.486262253801447 11.27467359364095 -33.82844044544182
    vertex 2.972524507602908 9.67909064564202 -35.848599230607
  endloop
endfacet
facet normal 0 0.784747 -0.619817
  outer loop
    vertex 2.916666666666666 20 -22.78135272408831
    vertex 1.458333333333332 18.38909020632855 -24.82091674416971
    vertex 0 20 -22.78135272408831
  endloop
endfacet
facet normal 0 0.784747 -0.619817
  outer loop
    vertex 1.458333333333332 18.38909020632855 -24.82091674416971
    vertex -1.458333333333336 18.38909020632855 -24.82091674416971
    vertex 0 20 -22.78135272408831
  endloop
endfacet
facet normal 0 0.784747 -0.619817
  outer loop
    vertex 1.458333333333332 18.38909020632855 -24.82091674416971
    vertex -1.77635683940025e-15 16.77818041265709 -26.86048076425111
    vertex -1.458333333333336 18.38909020632855 -24.82091674416971
  endloop
endfacet
facet normal 0 0.784747 -0.619817
  outer loop
    vertex 0 20 -22.78135272408831
    vertex -1.458333333333336 18.38909020632855 -24.82091674416971
    vertex -2.916666666666668 20 -22.78135272408831
  endloop
endfacet
facet normal 2.39998e-15 0.784747 -0.619817
  outer loop
    vertex 8.75 16.26309850219135 -27.51262313504544
    vertex 6.632301053717981 16.80190439785982 -26.83044395721044
    vertex 8.75 18.13154925109568 -25.14698792956687
  endloop
endfacet
facet normal -2.08693e-16 0.784747 -0.619817
  outer loop
    vertex 6.632301053717981 16.80190439785982 -26.83044395721044
    vertex 6.632301053717981 18.67035514676414 -24.46480875173187
    vertex 8.75 18.13154925109568 -25.14698792956687
  endloop
endfacet
facet normal -2.08693e-16 0.784747 -0.619817
  outer loop
    vertex 6.632301053717981 16.80190439785982 -26.83044395721044
    vertex 4.514602107435961 17.34071029352829 -26.14826477937544
    vertex 6.632301053717981 18.67035514676414 -24.46480875173187
  endloop
endfacet
facet normal -4.86951e-16 0.784747 -0.619817
  outer loop
    vertex 8.75 18.13154925109568 -25.14698792956687
    vertex 6.632301053717981 18.67035514676414 -24.46480875173187
    vertex 8.75 20 -22.78135272408831
  endloop
endfacet
facet normal 5.56516e-16 0.784747 -0.619817
  outer loop
    vertex -8.75 20 -22.78135272408831
    vertex -6.632301053717983 18.67035514676414 -24.46480875173187
    vertex -8.75 18.13154925109568 -25.14698792956687
  endloop
endfacet
facet normal 7.99992e-16 0.784747 -0.619817
  outer loop
    vertex -6.632301053717983 18.67035514676414 -24.46480875173187
    vertex -6.632301053717983 16.80190439785982 -26.83044395721043
    vertex -8.75 18.13154925109568 -25.14698792956687
  endloop
endfacet
facet normal -2.08693e-16 0.784747 -0.619817
  outer loop
    vertex -6.632301053717983 18.67035514676414 -24.46480875173187
    vertex -4.514602107435966 17.34071029352829 -26.14826477937544
    vertex -6.632301053717983 16.80190439785982 -26.83044395721043
  endloop
endfacet
facet normal -2.78258e-16 0.784747 -0.619817
  outer loop
    vertex -8.75 18.13154925109568 -25.14698792956687
    vertex -6.632301053717983 16.80190439785982 -26.83044395721043
    vertex -8.75 16.26309850219135 -27.51262313504544
  endloop
endfacet
facet normal 0 0.784747 -0.619817
  outer loop
    vertex 8.75 20 -22.78135272408831
    vertex 6.632301053717981 18.67035514676414 -24.46480875173187
    vertex 5.833333333333333 20 -22.78135272408831
  endloop
endfacet
facet normal 0 0.784747 -0.619817
  outer loop
    vertex 6.632301053717981 18.67035514676414 -24.46480875173187
    vertex 3.715634387051313 18.67035514676414 -24.46480875173187
    vertex 5.833333333333333 20 -22.78135272408831
  endloop
endfacet
facet normal 0 0.784747 -0.619817
  outer loop
    vertex 6.632301053717981 18.67035514676414 -24.46480875173187
    vertex 4.514602107435961 17.34071029352829 -26.14826477937544
    vertex 3.715634387051313 18.67035514676414 -24.46480875173187
  endloop
endfacet
facet normal 0 0.784747 -0.619817
  outer loop
    vertex 5.833333333333333 20 -22.78135272408831
    vertex 3.715634387051313 18.67035514676414 -24.46480875173187
    vertex 2.916666666666666 20 -22.78135272408831
  endloop
endfacet
facet normal 0 0.784747 -0.619817
  outer loop
    vertex -2.916666666666668 20 -22.78135272408831
    vertex -3.715634387051317 18.67035514676414 -24.46480875173187
    vertex -5.833333333333334 20 -22.78135272408831
  endloop
endfacet
facet normal 0 0.784747 -0.619817
  outer loop
    vertex -3.715634387051317 18.67035514676414 -24.46480875173187
    vertex -6.632301053717983 18.67035514676414 -24.46480875173187
    vertex -5.833333333333334 20 -22.78135272408831
  endloop
endfacet
facet normal 0 0.784747 -0.619817
  outer loop
    vertex -3.715634387051317 18.67035514676414 -24.46480875173187
    vertex -4.514602107435966 17.34071029352829 -26.14826477937544
    vertex -6.632301053717983 18.67035514676414 -24.46480875173187
  endloop
endfacet
facet normal 0 0.784747 -0.619817
  outer loop
    vertex -5.833333333333334 20 -22.78135272408831
    vertex -6.632301053717983 18.67035514676414 -24.46480875173187
    vertex -8.75 20 -22.78135272408831
  endloop
endfacet
facet normal 6.10801e-16 0.784747 -0.619817
  outer loop
    vertex 8.75 12.5261970043827 -32.24389354600257
    vertex 6.579325302179228 13.4327756004189 -31.09607937719229
    vertex 8.75 14.39464775328702 -29.87825834052401
  endloop
endfacet
facet normal -7.46534e-16 0.784747 -0.619817
  outer loop
    vertex 6.579325302179228 13.4327756004189 -31.09607937719229
    vertex 6.579325302179228 15.30122634932322 -28.73044417171372
    vertex 8.75 14.39464775328702 -29.87825834052401
  endloop
endfacet
facet normal 6.78668e-16 0.784747 -0.619817
  outer loop
    vertex 6.579325302179228 13.4327756004189 -31.09607937719229
    vertex 4.408650604358455 14.3393541964551 -29.94826520838201
    vertex 6.579325302179228 15.30122634932322 -28.73044417171372
  endloop
endfacet
facet normal -4.07201e-16 0.784747 -0.619817
  outer loop
    vertex 8.75 14.39464775328702 -29.87825834052401
    vertex 6.579325302179228 15.30122634932322 -28.73044417171372
    vertex 8.75 16.26309850219135 -27.51262313504544
  endloop
endfacet
facet normal 4.07201e-16 0.784747 -0.619817
  outer loop
    vertex -8.75 16.26309850219135 -27.51262313504544
    vertex -6.579325302179234 15.30122634932322 -28.73044417171372
    vertex -8.75 14.39464775328702 -29.87825834052401
  endloop
endfacet
facet normal 7.46534e-16 0.784747 -0.619817
  outer loop
    vertex -6.579325302179234 15.30122634932322 -28.73044417171372
    vertex -6.579325302179234 13.4327756004189 -31.09607937719229
    vertex -8.75 14.39464775328702 -29.87825834052401
  endloop
endfacet
facet normal -6.10801e-16 0.784747 -0.619817
  outer loop
    vertex -6.579325302179234 15.30122634932322 -28.73044417171372
    vertex -4.408650604358467 14.3393541964551 -29.94826520838201
    vertex -6.579325302179234 13.4327756004189 -31.09607937719229
  endloop
endfacet
facet normal -6.10801e-16 0.784747 -0.619817
  outer loop
    vertex -8.75 14.39464775328702 -29.87825834052401
    vertex -6.579325302179234 13.4327756004189 -31.09607937719229
    vertex -8.75 12.5261970043827 -32.24389354600257
  endloop
endfacet
facet normal 1.59765e-16 0.784747 -0.619817
  outer loop
    vertex -1.243449787580175e-14 12.87025654163987 -31.80828166027665
    vertex -2.204325302179239 13.60480536904748 -30.87827343432933
    vertex -7.105427357601002e-15 14.82421847714848 -29.33438121226388
  endloop
endfacet
facet normal 1.27812e-16 0.784747 -0.619817
  outer loop
    vertex -2.204325302179239 13.60480536904748 -30.87827343432933
    vertex -2.204325302179235 15.55876730455609 -28.40437298631656
    vertex -7.105427357601002e-15 14.82421847714848 -29.33438121226388
  endloop
endfacet
facet normal 1.59765e-16 0.784747 -0.619817
  outer loop
    vertex -2.204325302179239 13.60480536904748 -30.87827343432933
    vertex -4.408650604358467 14.3393541964551 -29.94826520838201
    vertex -2.204325302179235 15.55876730455609 -28.40437298631656
  endloop
endfacet
facet normal 1.59765e-16 0.784747 -0.619817
  outer loop
    vertex -7.105427357601002e-15 14.82421847714848 -29.33438121226388
    vertex -2.204325302179235 15.55876730455609 -28.40437298631656
    vertex -1.77635683940025e-15 16.77818041265709 -26.86048076425111
  endloop
endfacet
facet normal -1.27812e-16 0.784747 -0.619817
  outer loop
    vertex -1.77635683940025e-15 16.77818041265709 -26.86048076425111
    vertex 2.204325302179226 15.55876730455609 -28.40437298631656
    vertex -7.105427357601002e-15 14.82421847714848 -29.33438121226388
  endloop
endfacet
facet normal -1.59765e-16 0.784747 -0.619817
  outer loop
    vertex 2.204325302179226 15.55876730455609 -28.40437298631656
    vertex 2.204325302179221 13.60480536904748 -30.87827343432933
    vertex -7.105427357601002e-15 14.82421847714848 -29.33438121226388
  endloop
endfacet
facet normal -1.27812e-16 0.784747 -0.619817
  outer loop
    vertex 2.204325302179226 15.55876730455609 -28.40437298631656
    vertex 4.408650604358455 14.3393541964551 -29.94826520838201
    vertex 2.204325302179221 13.60480536904748 -30.87827343432933
  endloop
endfacet
facet normal -1.27812e-16 0.784747 -0.619817
  outer loop
    vertex -7.105427357601002e-15 14.82421847714848 -29.33438121226388
    vertex 2.204325302179221 13.60480536904748 -30.87827343432933
    vertex -1.243449787580175e-14 12.87025654163987 -31.80828166027665
  endloop
endfacet
facet normal 7.67881e-16 0.784747 -0.619817
  outer loop
    vertex 2.916666666666666 20 -22.78135272408831
    vertex 3.715634387051313 18.67035514676414 -24.46480875173187
    vertex 1.458333333333332 18.38909020632855 -24.82091674416971
  endloop
endfacet
facet normal 8.31871e-16 0.784747 -0.619817
  outer loop
    vertex 3.715634387051313 18.67035514676414 -24.46480875173187
    vertex 2.257301053717979 17.05944535309269 -26.50437277181328
    vertex 1.458333333333332 18.38909020632855 -24.82091674416971
  endloop
endfacet
facet normal -5.11921e-16 0.784747 -0.619817
  outer loop
    vertex 3.715634387051313 18.67035514676414 -24.46480875173187
    vertex 4.514602107435961 17.34071029352829 -26.14826477937544
    vertex 2.257301053717979 17.05944535309269 -26.50437277181328
  endloop
endfacet
facet normal -8.53202e-17 0.784747 -0.619817
  outer loop
    vertex 1.458333333333332 18.38909020632855 -24.82091674416971
    vertex 2.257301053717979 17.05944535309269 -26.50437277181328
    vertex -1.77635683940025e-15 16.77818041265709 -26.86048076425111
  endloop
endfacet
facet normal 3.83941e-16 0.784747 -0.619817
  outer loop
    vertex -1.77635683940025e-15 16.77818041265709 -26.86048076425111
    vertex -2.257301053717985 17.05944535309269 -26.50437277181327
    vertex -1.458333333333336 18.38909020632855 -24.82091674416971
  endloop
endfacet
facet normal -7.67881e-16 0.784747 -0.619817
  outer loop
    vertex -2.257301053717985 17.05944535309269 -26.50437277181327
    vertex -3.715634387051317 18.67035514676414 -24.46480875173187
    vertex -1.458333333333336 18.38909020632855 -24.82091674416971
  endloop
endfacet
facet normal -7.89211e-16 0.784747 -0.619817
  outer loop
    vertex -2.257301053717985 17.05944535309269 -26.50437277181327
    vertex -4.514602107435966 17.34071029352829 -26.14826477937544
    vertex -3.715634387051317 18.67035514676414 -24.46480875173187
  endloop
endfacet
facet normal -7.89211e-16 0.784747 -0.619817
  outer loop
    vertex -1.458333333333336 18.38909020632855 -24.82091674416971
    vertex -3.715634387051317 18.67035514676414 -24.46480875173187
    vertex -2.916666666666668 20 -22.78135272408831
  endloop
endfacet
facet normal -1.6323e-16 0.784747 -0.619817
  outer loop
    vertex -4.408650604358467 14.3393541964551 -29.94826520838201
    vertex -4.461626355897216 15.84003224499169 -28.04826499387872
    vertex -2.204325302179235 15.55876730455609 -28.40437298631656
  endloop
endfacet
facet normal -2.85653e-16 0.784747 -0.619817
  outer loop
    vertex -4.461626355897216 15.84003224499169 -28.04826499387872
    vertex -2.257301053717985 17.05944535309269 -26.50437277181327
    vertex -2.204325302179235 15.55876730455609 -28.40437298631656
  endloop
endfacet
facet normal -8.16152e-16 0.784747 -0.619817
  outer loop
    vertex -4.461626355897216 15.84003224499169 -28.04826499387872
    vertex -4.514602107435966 17.34071029352829 -26.14826477937544
    vertex -2.257301053717985 17.05944535309269 -26.50437277181327
  endloop
endfacet
facet normal 3.26461e-16 0.784747 -0.619817
  outer loop
    vertex -2.204325302179235 15.55876730455609 -28.40437298631656
    vertex -2.257301053717985 17.05944535309269 -26.50437277181327
    vertex -1.77635683940025e-15 16.77818041265709 -26.86048076425111
  endloop
endfacet
facet normal -1.12221e-16 0.784747 -0.619817
  outer loop
    vertex -1.77635683940025e-15 16.77818041265709 -26.86048076425111
    vertex 2.257301053717979 17.05944535309269 -26.50437277181328
    vertex 2.204325302179226 15.55876730455609 -28.40437298631656
  endloop
endfacet
facet normal 8.97767e-16 0.784747 -0.619817
  outer loop
    vertex 2.257301053717979 17.05944535309269 -26.50437277181328
    vertex 4.461626355897208 15.84003224499169 -28.04826499387872
    vertex 2.204325302179226 15.55876730455609 -28.40437298631656
  endloop
endfacet
facet normal -1.42827e-16 0.784747 -0.619817
  outer loop
    vertex 2.257301053717979 17.05944535309269 -26.50437277181328
    vertex 4.514602107435961 17.34071029352829 -26.14826477937544
    vertex 4.461626355897208 15.84003224499169 -28.04826499387872
  endloop
endfacet
facet normal 6.83527e-16 0.784747 -0.619817
  outer loop
    vertex 2.204325302179226 15.55876730455609 -28.40437298631656
    vertex 4.461626355897208 15.84003224499169 -28.04826499387872
    vertex 4.408650604358455 14.3393541964551 -29.94826520838201
  endloop
endfacet
facet normal 6.43813e-16 0.784747 -0.619817
  outer loop
    vertex 4.408650604358455 14.3393541964551 -29.94826520838201
    vertex 4.461626355897208 15.84003224499169 -28.04826499387872
    vertex 6.579325302179228 15.30122634932322 -28.73044417171372
  endloop
endfacet
facet normal -5.79432e-16 0.784747 -0.619817
  outer loop
    vertex 4.461626355897208 15.84003224499169 -28.04826499387872
    vertex 6.632301053717981 16.80190439785982 -26.83044395721044
    vertex 6.579325302179228 15.30122634932322 -28.73044417171372
  endloop
endfacet
facet normal -1.20178e-15 0.784747 -0.619817
  outer loop
    vertex 4.461626355897208 15.84003224499169 -28.04826499387872
    vertex 4.514602107435961 17.34071029352829 -26.14826477937544
    vertex 6.632301053717981 16.80190439785982 -26.83044395721044
  endloop
endfacet
facet normal 2.0602e-15 0.784747 -0.619817
  outer loop
    vertex 6.579325302179228 15.30122634932322 -28.73044417171372
    vertex 6.632301053717981 16.80190439785982 -26.83044395721044
    vertex 8.75 16.26309850219135 -27.51262313504544
  endloop
endfacet
facet normal -7.08194e-16 0.784747 -0.619817
  outer loop
    vertex -8.75 16.26309850219135 -27.51262313504544
    vertex -6.632301053717983 16.80190439785982 -26.83044395721043
    vertex -6.579325302179234 15.30122634932322 -28.73044417171372
  endloop
endfacet
facet normal -8.15497e-16 0.784747 -0.619817
  outer loop
    vertex -6.632301053717983 16.80190439785982 -26.83044395721043
    vertex -4.461626355897216 15.84003224499169 -28.04826499387872
    vertex -6.579325302179234 15.30122634932322 -28.73044417171372
  endloop
endfacet
facet normal -4.07748e-16 0.784747 -0.619817
  outer loop
    vertex -6.632301053717983 16.80190439785982 -26.83044395721043
    vertex -4.514602107435966 17.34071029352829 -26.14826477937544
    vertex -4.461626355897216 15.84003224499169 -28.04826499387872
  endloop
endfacet
facet normal -1.05156e-15 0.784747 -0.619817
  outer loop
    vertex -6.579325302179234 15.30122634932322 -28.73044417171372
    vertex -4.461626355897216 15.84003224499169 -28.04826499387872
    vertex -4.408650604358467 14.3393541964551 -29.94826520838201
  endloop
endfacet
facet normal 0 1 0
  outer loop
    vertex -3.658138112858157 20 -12.89067636204414
    vertex 0 20 -12.89067636204415
    vertex -1.829069056429079 20 -15.31010711536161
  endloop
endfacet
facet normal 0 1 0
  outer loop
    vertex 0 20 -12.89067636204415
    vertex 1.829069056429077 20 -15.31010711536162
    vertex -1.829069056429079 20 -15.31010711536161
  endloop
endfacet
facet normal 0 1 0
  outer loop
    vertex 0 20 -12.89067636204415
    vertex 3.658138112858156 20 -12.89067636204417
    vertex 1.829069056429077 20 -15.31010711536162
  endloop
endfacet
facet normal 0 1 0
  outer loop
    vertex -1.829069056429079 20 -15.31010711536161
    vertex 1.829069056429077 20 -15.31010711536162
    vertex -1.77635683940025e-15 20 -17.72953786867908
  endloop
endfacet
facet normal 0 1 0
  outer loop
    vertex 1.77635683940025e-15 20 -8.051814855409225
    vertex 1.829069056429079 20 -10.4712456087267
    vertex -1.829069056429077 20 -10.47124560872668
  endloop
endfacet
facet normal 0 1 0
  outer loop
    vertex 1.829069056429079 20 -10.4712456087267
    vertex 0 20 -12.89067636204415
    vertex -1.829069056429077 20 -10.47124560872668
  endloop
endfacet
facet normal 0 1 0
  outer loop
    vertex 1.829069056429079 20 -10.4712456087267
    vertex 3.658138112858156 20 -12.89067636204417
    vertex 0 20 -12.89067636204415
  endloop
endfacet
facet normal 0 1 0
  outer loop
    vertex -1.829069056429077 20 -10.47124560872668
    vertex 0 20 -12.89067636204415
    vertex -3.658138112858157 20 -12.89067636204414
  endloop
endfacet
facet normal 0 1 0
  outer loop
    vertex -2.916666666666668 20 -22.78135272408831
    vertex -1.458333333333335 20 -20.25544529638369
    vertex 0 20 -22.78135272408831
  endloop
endfacet
facet normal -0 1 0
  outer loop
    vertex -1.458333333333335 20 -20.25544529638369
    vertex 1.458333333333332 20 -20.25544529638369
    vertex 0 20 -22.78135272408831
  endloop
endfacet
facet normal 0 1 0
  outer loop
    vertex -1.458333333333335 20 -20.25544529638369
    vertex -1.77635683940025e-15 20 -17.72953786867908
    vertex 1.458333333333332 20 -20.25544529638369
  endloop
endfacet
facet normal 0 1 0
  outer loop
    vertex 0 20 -22.78135272408831
    vertex 1.458333333333332 20 -20.25544529638369
    vertex 2.916666666666666 20 -22.78135272408831
  endloop
endfacet
facet normal 0 1 0
  outer loop
    vertex 2.916666666666668 20 -3
    vertex 1.458333333333336 20 -5.525907427704613
    vertex 0 20 -3
  endloop
endfacet
facet normal 0 1 0
  outer loop
    vertex 1.458333333333336 20 -5.525907427704613
    vertex -1.458333333333332 20 -5.525907427704613
    vertex 0 20 -3
  endloop
endfacet
facet normal 0 1 0
  outer loop
    vertex 1.458333333333336 20 -5.525907427704613
    vertex 1.77635683940025e-15 20 -8.051814855409225
    vertex -1.458333333333332 20 -5.525907427704613
  endloop
endfacet
facet normal 0 1 0
  outer loop
    vertex 0 20 -3
    vertex -1.458333333333332 20 -5.525907427704613
    vertex -2.916666666666666 20 -3
  endloop
endfacet
facet normal 0 1 -0
  outer loop
    vertex 8.75 20 -16.18756848272554
    vertex 6.204069056429077 20 -14.53912242238485
    vertex 8.75 20 -12.89067636204416
  endloop
endfacet
facet normal 0 1 0
  outer loop
    vertex 6.204069056429077 20 -14.53912242238485
    vertex 6.204069056429077 20 -11.24223030170348
    vertex 8.75 20 -12.89067636204416
  endloop
endfacet
facet normal 0 1 -0
  outer loop
    vertex 6.204069056429077 20 -14.53912242238485
    vertex 3.658138112858156 20 -12.89067636204417
    vertex 6.204069056429077 20 -11.24223030170348
  endloop
endfacet
facet normal 0 1 -0
  outer loop
    vertex 8.75 20 -12.89067636204416
    vertex 6.204069056429077 20 -11.24223030170348
    vertex 8.75 20 -9.593784241362792
  endloop
endfacet
facet normal 0 1 0
  outer loop
    vertex -8.75 20 -9.593784241362769
    vertex -6.204069056429079 20 -11.24223030170346
    vertex -8.75 20 -12.89067636204414
  endloop
endfacet
facet normal 0 1 0
  outer loop
    vertex -6.204069056429079 20 -11.24223030170346
    vertex -6.204069056429079 20 -14.53912242238483
    vertex -8.75 20 -12.89067636204414
  endloop
endfacet
facet normal 0 1 0
  outer loop
    vertex -6.204069056429079 20 -11.24223030170346
    vertex -3.658138112858157 20 -12.89067636204414
    vertex -6.204069056429079 20 -14.53912242238483
  endloop
endfacet
facet normal 0 1 0
  outer loop
    vertex -8.75 20 -12.89067636204414
    vertex -6.204069056429079 20 -14.53912242238483
    vertex -8.75 20 -16.18756848272552
  endloop
endfacet
facet normal 0 1 -0
  outer loop
    vertex 8.75 20 -9.593784241362792
    vertex 6.691496850386207 20 -8.476291343396992
    vertex 8.75 20 -6.296892120681395
  endloop
endfacet
facet normal 0 1 0
  outer loop
    vertex 6.691496850386207 20 -8.476291343396992
    vertex 6.691496850386207 20 -5.179399222715595
    vertex 8.75 20 -6.296892120681395
  endloop
endfacet
facet normal 0 1 -0
  outer loop
    vertex 6.691496850386207 20 -8.476291343396992
    vertex 4.632993700772413 20 -7.358798445431193
    vertex 6.691496850386207 20 -5.179399222715595
  endloop
endfacet
facet normal 0 1 -0
  outer loop
    vertex 8.75 20 -6.296892120681395
    vertex 6.691496850386207 20 -5.179399222715595
    vertex 8.75 20 -3
  endloop
endfacet
facet normal 0 1 0
  outer loop
    vertex -8.75 20 -16.18756848272552
    vertex -6.691496850386204 20 -17.30506138069131
    vertex -8.75 20 -19.48446060340691
  endloop
endfacet
facet normal 0 1 0
  outer loop
    vertex -6.691496850386204 20 -17.30506138069131
    vertex -6.691496850386204 20 -20.60195350137271
    vertex -8.75 20 -19.48446060340691
  endloop
endfacet
facet normal 0 1 0
  outer loop
    vertex -6.691496850386204 20 -17.30506138069131
    vertex -4.632993700772408 20 -18.42255427865711
    vertex -6.691496850386204 20 -20.60195350137271
  endloop
endfacet
facet normal 0 1 0
  outer loop
    vertex -8.75 20 -19.48446060340691
    vertex -6.691496850386204 20 -20.60195350137271
    vertex -8.75 20 -22.78135272408831
  endloop
endfacet
facet normal 0 1 -0
  outer loop
    vertex 8.75 20 -22.78135272408831
    vertex 6.691496850386201 20 -20.60195350137271
    vertex 8.75 20 -19.48446060340692
  endloop
endfacet
facet normal 0 1 0
  outer loop
    vertex 6.691496850386201 20 -20.60195350137271
    vertex 6.691496850386201 20 -17.30506138069132
    vertex 8.75 20 -19.48446060340692
  endloop
endfacet
facet normal 0 1 -0
  outer loop
    vertex 6.691496850386201 20 -20.60195350137271
    vertex 4.632993700772401 20 -18.42255427865711
    vertex 6.691496850386201 20 -17.30506138069132
  endloop
endfacet
facet normal 0 1 -0
  outer loop
    vertex 8.75 20 -19.48446060340692
    vertex 6.691496850386201 20 -17.30506138069132
    vertex 8.75 20 -16.18756848272554
  endloop
endfacet
facet normal 0 1 0
  outer loop
    vertex -8.75 20 -3
    vertex -6.691496850386201 20 -5.179399222715599
    vertex -8.75 20 -6.296892120681385
  endloop
endfacet
facet normal 0 1 0
  outer loop
    vertex -6.691496850386201 20 -5.179399222715599
    vertex -6.691496850386201 20 -8.476291343396984
    vertex -8.75 20 -6.296892120681385
  endloop
endfacet
facet normal 0 1 0
  outer loop
    vertex -6.691496850386201 20 -5.179399222715599
    vertex -4.632993700772403 20 -7.3587984454312
    vertex -6.691496850386201 20 -8.476291343396984
  endloop
endfacet
facet normal 0 1 0
  outer loop
    vertex -8.75 20 -6.296892120681385
    vertex -6.691496850386201 20 -8.476291343396984
    vertex -8.75 20 -9.593784241362769
  endloop
endfacet
facet normal 0 1 0
  outer loop
    vertex 2.916666666666666 20 -22.78135272408831
    vertex 3.774830183719533 20 -20.60195350137271
    vertex 5.833333333333333 20 -22.78135272408831
  endloop
endfacet
facet normal -0 1 0
  outer loop
    vertex 3.774830183719533 20 -20.60195350137271
    vertex 6.691496850386201 20 -20.60195350137271
    vertex 5.833333333333333 20 -22.78135272408831
  endloop
endfacet
facet normal 0 1 0
  outer loop
    vertex 3.774830183719533 20 -20.60195350137271
    vertex 4.632993700772401 20 -18.42255427865711
    vertex 6.691496850386201 20 -20.60195350137271
  endloop
endfacet
facet normal 0 1 0
  outer loop
    vertex 5.833333333333333 20 -22.78135272408831
    vertex 6.691496850386201 20 -20.60195350137271
    vertex 8.75 20 -22.78135272408831
  endloop
endfacet
facet normal 0 1 0
  outer loop
    vertex -2.916666666666666 20 -3
    vertex -3.774830183719534 20 -5.179399222715599
    vertex -5.833333333333333 20 -3
  endloop
endfacet
facet normal 0 1 0
  outer loop
    vertex -3.774830183719534 20 -5.179399222715599
    vertex -6.691496850386201 20 -5.179399222715599
    vertex -5.833333333333333 20 -3
  endloop
endfacet
facet normal 0 1 0
  outer loop
    vertex -3.774830183719534 20 -5.179399222715599
    vertex -4.632993700772403 20 -7.3587984454312
    vertex -6.691496850386201 20 -5.179399222715599
  endloop
endfacet
facet normal 0 1 0
  outer loop
    vertex -5.833333333333333 20 -3
    vertex -6.691496850386201 20 -5.179399222715599
    vertex -8.75 20 -3
  endloop
endfacet
facet normal 0 1 0
  outer loop
    vertex -8.75 20 -22.78135272408831
    vertex -6.691496850386204 20 -20.60195350137271
    vertex -5.833333333333334 20 -22.78135272408831
  endloop
endfacet
facet normal -0 1 0
  outer loop
    vertex -6.691496850386204 20 -20.60195350137271
    vertex -3.774830183719538 20 -20.60195350137271
    vertex -5.833333333333334 20 -22.78135272408831
  endloop
endfacet
facet normal 0 1 0
  outer loop
    vertex -6.691496850386204 20 -20.60195350137271
    vertex -4.632993700772408 20 -18.42255427865711
    vertex -3.774830183719538 20 -20.60195350137271
  endloop
endfacet
facet normal 0 1 0
  outer loop
    vertex -5.833333333333334 20 -22.78135272408831
    vertex -3.774830183719538 20 -20.60195350137271
    vertex -2.916666666666668 20 -22.78135272408831
  endloop
endfacet
facet normal 0 1 0
  outer loop
    vertex 8.75 20 -3
    vertex 6.691496850386207 20 -5.179399222715595
    vertex 5.833333333333336 20 -3
  endloop
endfacet
facet normal 0 1 0
  outer loop
    vertex 6.691496850386207 20 -5.179399222715595
    vertex 3.774830183719541 20 -5.179399222715595
    vertex 5.833333333333336 20 -3
  endloop
endfacet
facet normal 0 1 0
  outer loop
    vertex 6.691496850386207 20 -5.179399222715595
    vertex 4.632993700772413 20 -7.358798445431193
    vertex 3.774830183719541 20 -5.179399222715595
  endloop
endfacet
facet normal 0 1 0
  outer loop
    vertex 5.833333333333336 20 -3
    vertex 3.774830183719541 20 -5.179399222715595
    vertex 2.916666666666668 20 -3
  endloop
endfacet
facet normal 0 1 0
  outer loop
    vertex 3.658138112858156 20 -12.89067636204417
    vertex 4.145565906815285 20 -10.12473740373768
    vertex 6.204069056429077 20 -11.24223030170348
  endloop
endfacet
facet normal -0 1 0
  outer loop
    vertex 4.145565906815285 20 -10.12473740373768
    vertex 6.691496850386207 20 -8.476291343396992
    vertex 6.204069056429077 20 -11.24223030170348
  endloop
endfacet
facet normal 0 1 0
  outer loop
    vertex 4.145565906815285 20 -10.12473740373768
    vertex 4.632993700772413 20 -7.358798445431193
    vertex 6.691496850386207 20 -8.476291343396992
  endloop
endfacet
facet normal 0 1 0
  outer loop
    vertex 6.204069056429077 20 -11.24223030170348
    vertex 6.691496850386207 20 -8.476291343396992
    vertex 8.75 20 -9.593784241362792
  endloop
endfacet
facet normal 0 1 0
  outer loop
    vertex -3.658138112858157 20 -12.89067636204414
    vertex -4.145565906815282 20 -15.65661532035062
    vertex -6.204069056429079 20 -14.53912242238483
  endloop
endfacet
facet normal 0 1 0
  outer loop
    vertex -4.145565906815282 20 -15.65661532035062
    vertex -6.691496850386204 20 -17.30506138069131
    vertex -6.204069056429079 20 -14.53912242238483
  endloop
endfacet
facet normal 0 1 0
  outer loop
    vertex -4.145565906815282 20 -15.65661532035062
    vertex -4.632993700772408 20 -18.42255427865711
    vertex -6.691496850386204 20 -17.30506138069131
  endloop
endfacet
facet normal 0 1 0
  outer loop
    vertex -6.204069056429079 20 -14.53912242238483
    vertex -6.691496850386204 20 -17.30506138069131
    vertex -8.75 20 -16.18756848272552
  endloop
endfacet
facet normal 0 1 0
  outer loop
    vertex 8.75 20 -16.18756848272554
    vertex 6.691496850386201 20 -17.30506138069132
    vertex 6.204069056429077 20 -14.53912242238485
  endloop
endfacet
facet normal 0 1 0
  outer loop
    vertex 6.691496850386201 20 -17.30506138069132
    vertex 4.145565906815278 20 -15.65661532035064
    vertex 6.204069056429077 20 -14.53912242238485
  endloop
endfacet
facet normal 0 1 0
  outer loop
    vertex 6.691496850386201 20 -17.30506138069132
    vertex 4.632993700772401 20 -18.42255427865711
    vertex 4.145565906815278 20 -15.65661532035064
  endloop
endfacet
facet normal 0 1 0
  outer loop
    vertex 6.204069056429077 20 -14.53912242238485
    vertex 4.145565906815278 20 -15.65661532035064
    vertex 3.658138112858156 20 -12.89067636204417
  endloop
endfacet
facet normal -0 1 0
  outer loop
    vertex -8.75 20 -9.593784241362769
    vertex -6.691496850386201 20 -8.476291343396984
    vertex -6.204069056429079 20 -11.24223030170346
  endloop
endfacet
facet normal 0 1 0
  outer loop
    vertex -6.691496850386201 20 -8.476291343396984
    vertex -4.14556590681528 20 -10.12473740373767
    vertex -6.204069056429079 20 -11.24223030170346
  endloop
endfacet
facet normal -0 1 0
  outer loop
    vertex -6.691496850386201 20 -8.476291343396984
    vertex -4.632993700772403 20 -7.3587984454312
    vertex -4.14556590681528 20 -10.12473740373767
  endloop
endfacet
facet normal -0 1 0
  outer loop
    vertex -6.204069056429079 20 -11.24223030170346
    vertex -4.14556590681528 20 -10.12473740373767
    vertex -3.658138112858157 20 -12.89067636204414
  endloop
endfacet
facet normal -0 1 0
  outer loop
    vertex 1.77635683940025e-15 20 -8.051814855409225
    vertex 2.316496850386208 20 -7.705306650420209
    vertex 1.829069056429079 20 -10.4712456087267
  endloop
endfacet
facet normal 0 1 0
  outer loop
    vertex 2.316496850386208 20 -7.705306650420209
    vertex 4.145565906815285 20 -10.12473740373768
    vertex 1.829069056429079 20 -10.4712456087267
  endloop
endfacet
facet normal -0 1 0
  outer loop
    vertex 2.316496850386208 20 -7.705306650420209
    vertex 4.632993700772413 20 -7.358798445431193
    vertex 4.145565906815285 20 -10.12473740373768
  endloop
endfacet
facet normal -0 1 0
  outer loop
    vertex 1.829069056429079 20 -10.4712456087267
    vertex 4.145565906815285 20 -10.12473740373768
    vertex 3.658138112858156 20 -12.89067636204417
  endloop
endfacet
facet normal 0 1 0
  outer loop
    vertex -1.77635683940025e-15 20 -17.72953786867908
    vertex -2.316496850386205 20 -18.0760460736681
    vertex -1.829069056429079 20 -15.31010711536161
  endloop
endfacet
facet normal 0 1 -0
  outer loop
    vertex -2.316496850386205 20 -18.0760460736681
    vertex -4.145565906815282 20 -15.65661532035062
    vertex -1.829069056429079 20 -15.31010711536161
  endloop
endfacet
facet normal 0 1 0
  outer loop
    vertex -2.316496850386205 20 -18.0760460736681
    vertex -4.632993700772408 20 -18.42255427865711
    vertex -4.145565906815282 20 -15.65661532035062
  endloop
endfacet
facet normal 0 1 0
  outer loop
    vertex -1.829069056429079 20 -15.31010711536161
    vertex -4.145565906815282 20 -15.65661532035062
    vertex -3.658138112858157 20 -12.89067636204414
  endloop
endfacet
facet normal 0 1 0
  outer loop
    vertex 3.658138112858156 20 -12.89067636204417
    vertex 4.145565906815278 20 -15.65661532035064
    vertex 1.829069056429077 20 -15.31010711536162
  endloop
endfacet
facet normal 0 1 0
  outer loop
    vertex 4.145565906815278 20 -15.65661532035064
    vertex 2.3164968503862 20 -18.0760460736681
    vertex 1.829069056429077 20 -15.31010711536162
  endloop
endfacet
facet normal 0 1 0
  outer loop
    vertex 4.145565906815278 20 -15.65661532035064
    vertex 4.632993700772401 20 -18.42255427865711
    vertex 2.3164968503862 20 -18.0760460736681
  endloop
endfacet
facet normal 0 1 0
  outer loop
    vertex 1.829069056429077 20 -15.31010711536162
    vertex 2.3164968503862 20 -18.0760460736681
    vertex -1.77635683940025e-15 20 -17.72953786867908
  endloop
endfacet
facet normal 0 1 -0
  outer loop
    vertex -3.658138112858157 20 -12.89067636204414
    vertex -4.14556590681528 20 -10.12473740373767
    vertex -1.829069056429077 20 -10.47124560872668
  endloop
endfacet
facet normal -0 1 0
  outer loop
    vertex -4.14556590681528 20 -10.12473740373767
    vertex -2.3164968503862 20 -7.705306650420212
    vertex -1.829069056429077 20 -10.47124560872668
  endloop
endfacet
facet normal 0 1 -0
  outer loop
    vertex -4.14556590681528 20 -10.12473740373767
    vertex -4.632993700772403 20 -7.3587984454312
    vertex -2.3164968503862 20 -7.705306650420212
  endloop
endfacet
facet normal 0 1 -0
  outer loop
    vertex -1.829069056429077 20 -10.47124560872668
    vertex -2.3164968503862 20 -7.705306650420212
    vertex 1.77635683940025e-15 20 -8.051814855409225
  endloop
endfacet
facet normal 0 1 -0
  outer loop
    vertex -2.916666666666668 20 -22.78135272408831
    vertex -3.774830183719538 20 -20.60195350137271
    vertex -1.458333333333335 20 -20.25544529638369
  endloop
endfacet
facet normal 0 1 0
  outer loop
    vertex -3.774830183719538 20 -20.60195350137271
    vertex -2.316496850386205 20 -18.0760460736681
    vertex -1.458333333333335 20 -20.25544529638369
  endloop
endfacet
facet normal 0 1 -0
  outer loop
    vertex -3.774830183719538 20 -20.60195350137271
    vertex -4.632993700772408 20 -18.42255427865711
    vertex -2.316496850386205 20 -18.0760460736681
  endloop
endfacet
facet normal 0 1 -0
  outer loop
    vertex -1.458333333333335 20 -20.25544529638369
    vertex -2.316496850386205 20 -18.0760460736681
    vertex -1.77635683940025e-15 20 -17.72953786867908
  endloop
endfacet
facet normal 0 1 0
  outer loop
    vertex 1.77635683940025e-15 20 -8.051814855409225
    vertex -2.3164968503862 20 -7.705306650420212
    vertex -1.458333333333332 20 -5.525907427704613
  endloop
endfacet
facet normal 0 1 -0
  outer loop
    vertex -2.3164968503862 20 -7.705306650420212
    vertex -3.774830183719534 20 -5.179399222715599
    vertex -1.458333333333332 20 -5.525907427704613
  endloop
endfacet
facet normal 0 1 0
  outer loop
    vertex -2.3164968503862 20 -7.705306650420212
    vertex -4.632993700772403 20 -7.3587984454312
    vertex -3.774830183719534 20 -5.179399222715599
  endloop
endfacet
facet normal 0 1 0
  outer loop
    vertex -1.458333333333332 20 -5.525907427704613
    vertex -3.774830183719534 20 -5.179399222715599
    vertex -2.916666666666666 20 -3
  endloop
endfacet
facet normal 0 1 0
  outer loop
    vertex 2.916666666666668 20 -3
    vertex 3.774830183719541 20 -5.179399222715595
    vertex 1.458333333333336 20 -5.525907427704613
  endloop
endfacet
facet normal 0 1 0
  outer loop
    vertex 3.774830183719541 20 -5.179399222715595
    vertex 2.316496850386208 20 -7.705306650420209
    vertex 1.458333333333336 20 -5.525907427704613
  endloop
endfacet
facet normal 0 1 0
  outer loop
    vertex 3.774830183719541 20 -5.179399222715595
    vertex 4.632993700772413 20 -7.358798445431193
    vertex 2.316496850386208 20 -7.705306650420209
  endloop
endfacet
facet normal 0 1 0
  outer loop
    vertex 1.458333333333336 20 -5.525907427704613
    vertex 2.316496850386208 20 -7.705306650420209
    vertex 1.77635683940025e-15 20 -8.051814855409225
  endloop
endfacet
facet normal 0 1 0
  outer loop
    vertex -1.77635683940025e-15 20 -17.72953786867908
    vertex 2.3164968503862 20 -18.0760460736681
    vertex 1.458333333333332 20 -20.25544529638369
  endloop
endfacet
facet normal 0 1 0
  outer loop
    vertex 2.3164968503862 20 -18.0760460736681
    vertex 3.774830183719533 20 -20.60195350137271
    vertex 1.458333333333332 20 -20.25544529638369
  endloop
endfacet
facet normal 0 1 0
  outer loop
    vertex 2.3164968503862 20 -18.0760460736681
    vertex 4.632993700772401 20 -18.42255427865711
    vertex 3.774830183719533 20 -20.60195350137271
  endloop
endfacet
facet normal 0 1 0
  outer loop
    vertex 1.458333333333332 20 -20.25544529638369
    vertex 3.774830183719533 20 -20.60195350137271
    vertex 2.916666666666666 20 -22.78135272408831
  endloop
endfacet
facet normal 0 1 0
  outer loop
    vertex 5.874999999999972 23 0
    vertex 7.343749999999979 23 -0.75
    vertex 5.874999999999972 23 -1.5
  endloop
endfacet
facet normal 0 1 0
  outer loop
    vertex 7.343749999999979 23 -0.75
    vertex 7.343749999999979 23 -2.25
    vertex 5.874999999999972 23 -1.5
  endloop
endfacet
facet normal 0 1 0
  outer loop
    vertex 7.343749999999979 23 -0.75
    vertex 8.812499999999986 23 -1.5
    vertex 7.343749999999979 23 -2.25
  endloop
endfacet
facet normal 0 1 0
  outer loop
    vertex 5.874999999999972 23 -1.5
    vertex 7.343749999999979 23 -2.25
    vertex 5.874999999999972 23 -3
  endloop
endfacet
facet normal 0 1 0
  outer loop
    vertex -5.875000000000016 23 0
    vertex -4.406250000000021 23 -0.75
    vertex -5.875000000000016 23 -1.5
  endloop
endfacet
facet normal 0 1 0
  outer loop
    vertex -4.406250000000021 23 -0.75
    vertex -4.406250000000021 23 -2.25
    vertex -5.875000000000016 23 -1.5
  endloop
endfacet
facet normal 0 1 0
  outer loop
    vertex -4.406250000000021 23 -0.75
    vertex -2.937500000000027 23 -1.5
    vertex -4.406250000000021 23 -2.25
  endloop
endfacet
facet normal 0 1 0
  outer loop
    vertex -5.875000000000016 23 -1.5
    vertex -4.406250000000021 23 -2.25
    vertex -5.875000000000016 23 -3
  endloop
endfacet
facet normal 0 1 -0
  outer loop
    vertex 5.874999999999972 23 -3
    vertex 4.406249999999968 23 -2.25
    vertex 5.874999999999972 23 -1.5
  endloop
endfacet
facet normal 0 1 0
  outer loop
    vertex 4.406249999999968 23 -2.25
    vertex 4.406249999999968 23 -0.75
    vertex 5.874999999999972 23 -1.5
  endloop
endfacet
facet normal 0 1 -0
  outer loop
    vertex 4.406249999999968 23 -2.25
    vertex 2.937499999999966 23 -1.5
    vertex 4.406249999999968 23 -0.75
  endloop
endfacet
facet normal 0 1 -0
  outer loop
    vertex 5.874999999999972 23 -1.5
    vertex 4.406249999999968 23 -0.75
    vertex 5.874999999999972 23 0
  endloop
endfacet
facet normal 0 1 0
  outer loop
    vertex -3.730349362740526e-14 23 0
    vertex 1.468749999999964 23 -0.75
    vertex -3.730349362740526e-14 23 -1.5
  endloop
endfacet
facet normal 0 1 0
  outer loop
    vertex 1.468749999999964 23 -0.75
    vertex 1.468749999999964 23 -2.25
    vertex -3.730349362740526e-14 23 -1.5
  endloop
endfacet
facet normal 0 1 0
  outer loop
    vertex 1.468749999999964 23 -0.75
    vertex 2.937499999999966 23 -1.5
    vertex 1.468749999999964 23 -2.25
  endloop
endfacet
facet normal 0 1 0
  outer loop
    vertex -3.730349362740526e-14 23 -1.5
    vertex 1.468749999999964 23 -2.25
    vertex -3.730349362740526e-14 23 -3
  endloop
endfacet
facet normal 0 1 0
  outer loop
    vertex -11.75 23 0
    vertex -10.28125 23 -0.75
    vertex -11.75 23 -1.5
  endloop
endfacet
facet normal 0 1 0
  outer loop
    vertex -10.28125 23 -0.75
    vertex -10.28125 23 -2.25
    vertex -11.75 23 -1.5
  endloop
endfacet
facet normal 0 1 0
  outer loop
    vertex -10.28125 23 -0.75
    vertex -8.812500000000007 23 -1.5
    vertex -10.28125 23 -2.25
  endloop
endfacet
facet normal 0 1 0
  outer loop
    vertex -11.75 23 -1.5
    vertex -10.28125 23 -2.25
    vertex -11.75 23 -3
  endloop
endfacet
facet normal 0 1 -0
  outer loop
    vertex -5.875000000000016 23 -3
    vertex -7.343750000000012 23 -2.25
    vertex -5.875000000000016 23 -1.5
  endloop
endfacet
facet normal 0 1 0
  outer loop
    vertex -7.343750000000012 23 -2.25
    vertex -7.343750000000012 23 -0.75
    vertex -5.875000000000016 23 -1.5
  endloop
endfacet
facet normal 0 1 -0
  outer loop
    vertex -7.343750000000012 23 -2.25
    vertex -8.812500000000007 23 -1.5
    vertex -7.343750000000012 23 -0.75
  endloop
endfacet
facet normal 0 1 -0
  outer loop
    vertex -5.875000000000016 23 -1.5
    vertex -7.343750000000012 23 -0.75
    vertex -5.875000000000016 23 0
  endloop
endfacet
facet normal 0 1 -0
  outer loop
    vertex 11.75 23 -3
    vertex 10.28124999999999 23 -2.25
    vertex 11.75 23 -1.5
  endloop
endfacet
facet normal 0 1 0
  outer loop
    vertex 10.28124999999999 23 -2.25
    vertex 10.28124999999999 23 -0.75
    vertex 11.75 23 -1.5
  endloop
endfacet
facet normal 0 1 -0
  outer loop
    vertex 10.28124999999999 23 -2.25
    vertex 8.812499999999986 23 -1.5
    vertex 10.28124999999999 23 -0.75
  endloop
endfacet
facet normal 0 1 -0
  outer loop
    vertex 11.75 23 -1.5
    vertex 10.28124999999999 23 -0.75
    vertex 11.75 23 0
  endloop
endfacet
facet normal 0 1 -0
  outer loop
    vertex -3.730349362740526e-14 23 -3
    vertex -1.468750000000032 23 -2.25
    vertex -3.730349362740526e-14 23 -1.5
  endloop
endfacet
facet normal 0 1 0
  outer loop
    vertex -1.468750000000032 23 -2.25
    vertex -1.468750000000032 23 -0.75
    vertex -3.730349362740526e-14 23 -1.5
  endloop
endfacet
facet normal 0 1 -0
  outer loop
    vertex -1.468750000000032 23 -2.25
    vertex -2.937500000000027 23 -1.5
    vertex -1.468750000000032 23 -0.75
  endloop
endfacet
facet normal 0 1 -0
  outer loop
    vertex -3.730349362740526e-14 23 -1.5
    vertex -1.468750000000032 23 -0.75
    vertex -3.730349362740526e-14 23 0
  endloop
endfacet
facet normal 0 1 0
  outer loop
    vertex 5.874999999999972 23 -3
    vertex 7.343749999999979 23 -2.25
    vertex 8.812499999999986 23 -3
  endloop
endfacet
facet normal -0 1 0
  outer loop
    vertex 7.343749999999979 23 -2.25
    vertex 10.28124999999999 23 -2.25
    vertex 8.812499999999986 23 -3
  endloop
endfacet
facet normal 0 1 0
  outer loop
    vertex 7.343749999999979 23 -2.25
    vertex 8.812499999999986 23 -1.5
    vertex 10.28124999999999 23 -2.25
  endloop
endfacet
facet normal 0 1 0
  outer loop
    vertex 8.812499999999986 23 -3
    vertex 10.28124999999999 23 -2.25
    vertex 11.75 23 -3
  endloop
endfacet
facet normal 0 1 0
  outer loop
    vertex -11.75 23 -3
    vertex -10.28125 23 -2.25
    vertex -8.812500000000007 23 -3
  endloop
endfacet
facet normal -0 1 0
  outer loop
    vertex -10.28125 23 -2.25
    vertex -7.343750000000012 23 -2.25
    vertex -8.812500000000007 23 -3
  endloop
endfacet
facet normal 0 1 0
  outer loop
    vertex -10.28125 23 -2.25
    vertex -8.812500000000007 23 -1.5
    vertex -7.343750000000012 23 -2.25
  endloop
endfacet
facet normal 0 1 0
  outer loop
    vertex -8.812500000000007 23 -3
    vertex -7.343750000000012 23 -2.25
    vertex -5.875000000000016 23 -3
  endloop
endfacet
facet normal 0 1 0
  outer loop
    vertex 11.75 23 0
    vertex 10.28124999999999 23 -0.75
    vertex 8.812499999999986 23 0
  endloop
endfacet
facet normal 0 1 0
  outer loop
    vertex 10.28124999999999 23 -0.75
    vertex 7.343749999999979 23 -0.75
    vertex 8.812499999999986 23 0
  endloop
endfacet
facet normal 0 1 0
  outer loop
    vertex 10.28124999999999 23 -0.75
    vertex 8.812499999999986 23 -1.5
    vertex 7.343749999999979 23 -0.75
  endloop
endfacet
facet normal 0 1 0
  outer loop
    vertex 8.812499999999986 23 0
    vertex 7.343749999999979 23 -0.75
    vertex 5.874999999999972 23 0
  endloop
endfacet
facet normal 0 1 0
  outer loop
    vertex -5.875000000000016 23 0
    vertex -7.343750000000012 23 -0.75
    vertex -8.812500000000007 23 0
  endloop
endfacet
facet normal 0 1 0
  outer loop
    vertex -7.343750000000012 23 -0.75
    vertex -10.28125 23 -0.75
    vertex -8.812500000000007 23 0
  endloop
endfacet
facet normal 0 1 0
  outer loop
    vertex -7.343750000000012 23 -0.75
    vertex -8.812500000000007 23 -1.5
    vertex -10.28125 23 -0.75
  endloop
endfacet
facet normal 0 1 0
  outer loop
    vertex -8.812500000000007 23 0
    vertex -10.28125 23 -0.75
    vertex -11.75 23 0
  endloop
endfacet
facet normal 0 1 0
  outer loop
    vertex -5.875000000000016 23 -3
    vertex -4.406250000000021 23 -2.25
    vertex -2.937500000000027 23 -3
  endloop
endfacet
facet normal -0 1 0
  outer loop
    vertex -4.406250000000021 23 -2.25
    vertex -1.468750000000032 23 -2.25
    vertex -2.937500000000027 23 -3
  endloop
endfacet
facet normal 0 1 0
  outer loop
    vertex -4.406250000000021 23 -2.25
    vertex -2.937500000000027 23 -1.5
    vertex -1.468750000000032 23 -2.25
  endloop
endfacet
facet normal 0 1 0
  outer loop
    vertex -2.937500000000027 23 -3
    vertex -1.468750000000032 23 -2.25
    vertex -3.730349362740526e-14 23 -3
  endloop
endfacet
facet normal 0 1 0
  outer loop
    vertex -3.730349362740526e-14 23 -3
    vertex 1.468749999999964 23 -2.25
    vertex 2.937499999999966 23 -3
  endloop
endfacet
facet normal -0 1 0
  outer loop
    vertex 1.468749999999964 23 -2.25
    vertex 4.406249999999968 23 -2.25
    vertex 2.937499999999966 23 -3
  endloop
endfacet
facet normal 0 1 0
  outer loop
    vertex 1.468749999999964 23 -2.25
    vertex 2.937499999999966 23 -1.5
    vertex 4.406249999999968 23 -2.25
  endloop
endfacet
facet normal 0 1 0
  outer loop
    vertex 2.937499999999966 23 -3
    vertex 4.406249999999968 23 -2.25
    vertex 5.874999999999972 23 -3
  endloop
endfacet
facet normal 0 1 0
  outer loop
    vertex -3.730349362740526e-14 23 0
    vertex -1.468750000000032 23 -0.75
    vertex -2.937500000000027 23 0
  endloop
endfacet
facet normal 0 1 0
  outer loop
    vertex -1.468750000000032 23 -0.75
    vertex -4.406250000000021 23 -0.75
    vertex -2.937500000000027 23 0
  endloop
endfacet
facet normal 0 1 0
  outer loop
    vertex -1.468750000000032 23 -0.75
    vertex -2.937500000000027 23 -1.5
    vertex -4.406250000000021 23 -0.75
  endloop
endfacet
facet normal 0 1 0
  outer loop
    vertex -2.937500000000027 23 0
    vertex -4.406250000000021 23 -0.75
    vertex -5.875000000000016 23 0
  endloop
endfacet
facet normal 0 1 0
  outer loop
    vertex 5.874999999999972 23 0
    vertex 4.406249999999968 23 -0.75
    vertex 2.937499999999966 23 0
  endloop
endfacet
facet normal 0 1 0
  outer loop
    vertex 4.406249999999968 23 -0.75
    vertex 1.468749999999964 23 -0.75
    vertex 2.937499999999966 23 0
  endloop
endfacet
facet normal 0 1 0
  outer loop
    vertex 4.406249999999968 23 -0.75
    vertex 2.937499999999966 23 -1.5
    vertex 1.468749999999964 23 -0.75
  endloop
endfacet
facet normal 0 1 0
  outer loop
    vertex 2.937499999999966 23 0
    vertex 1.468749999999964 23 -0.75
    vertex -3.730349362740526e-14 23 0
  endloop
endfacet
facet normal 0 1 0
  outer loop
    vertex -2.916666666666668 20 -57.21864727591169
    vertex -4.375 20 -58.60932363795585
    vertex -5.833333333333334 20 -57.21864727591169
  endloop
endfacet
facet normal 0 1 0
  outer loop
    vertex -4.375 20 -58.60932363795585
    vertex -7.291666666666668 20 -58.60932363795585
    vertex -5.833333333333334 20 -57.21864727591169
  endloop
endfacet
facet normal 0 1 0
  outer loop
    vertex -4.375 20 -58.60932363795585
    vertex -5.833333333333334 20 -60
    vertex -7.291666666666668 20 -58.60932363795585
  endloop
endfacet
facet normal 0 1 0
  outer loop
    vertex -5.833333333333334 20 -57.21864727591169
    vertex -7.291666666666668 20 -58.60932363795585
    vertex -8.75 20 -57.21864727591169
  endloop
endfacet
facet normal 0 1 0
  outer loop
    vertex -8.75 20 -62.78135272408831
    vertex -7.291666666666668 20 -61.39067636204415
    vertex -5.833333333333334 20 -62.78135272408831
  endloop
endfacet
facet normal -0 1 0
  outer loop
    vertex -7.291666666666668 20 -61.39067636204415
    vertex -4.375 20 -61.39067636204415
    vertex -5.833333333333334 20 -62.78135272408831
  endloop
endfacet
facet normal 0 1 0
  outer loop
    vertex -7.291666666666668 20 -61.39067636204415
    vertex -5.833333333333334 20 -60
    vertex -4.375 20 -61.39067636204415
  endloop
endfacet
facet normal 0 1 0
  outer loop
    vertex -5.833333333333334 20 -62.78135272408831
    vertex -4.375 20 -61.39067636204415
    vertex -2.916666666666668 20 -62.78135272408831
  endloop
endfacet
facet normal 0 1 0
  outer loop
    vertex 8.75 20 -57.21864727591169
    vertex 7.291666666666666 20 -58.60932363795585
    vertex 5.833333333333333 20 -57.21864727591169
  endloop
endfacet
facet normal 0 1 0
  outer loop
    vertex 7.291666666666666 20 -58.60932363795585
    vertex 4.375 20 -58.60932363795585
    vertex 5.833333333333333 20 -57.21864727591169
  endloop
endfacet
facet normal 0 1 0
  outer loop
    vertex 7.291666666666666 20 -58.60932363795585
    vertex 5.833333333333333 20 -60
    vertex 4.375 20 -58.60932363795585
  endloop
endfacet
facet normal 0 1 0
  outer loop
    vertex 5.833333333333333 20 -57.21864727591169
    vertex 4.375 20 -58.60932363795585
    vertex 2.916666666666666 20 -57.21864727591169
  endloop
endfacet
facet normal 0 1 0
  outer loop
    vertex 2.916666666666666 20 -62.78135272408831
    vertex 4.375 20 -61.39067636204415
    vertex 5.833333333333333 20 -62.78135272408831
  endloop
endfacet
facet normal -0 1 0
  outer loop
    vertex 4.375 20 -61.39067636204415
    vertex 7.291666666666666 20 -61.39067636204415
    vertex 5.833333333333333 20 -62.78135272408831
  endloop
endfacet
facet normal 0 1 0
  outer loop
    vertex 4.375 20 -61.39067636204415
    vertex 5.833333333333333 20 -60
    vertex 7.291666666666666 20 -61.39067636204415
  endloop
endfacet
facet normal 0 1 0
  outer loop
    vertex 5.833333333333333 20 -62.78135272408831
    vertex 7.291666666666666 20 -61.39067636204415
    vertex 8.75 20 -62.78135272408831
  endloop
endfacet
facet normal 0 1 0
  outer loop
    vertex 2.916666666666666 20 -57.21864727591169
    vertex 1.458333333333333 20 -58.60932363795585
    vertex 0 20 -57.21864727591169
  endloop
endfacet
facet normal 0 1 0
  outer loop
    vertex 1.458333333333333 20 -58.60932363795585
    vertex -1.458333333333334 20 -58.60932363795585
    vertex 0 20 -57.21864727591169
  endloop
endfacet
facet normal 0 1 0
  outer loop
    vertex 1.458333333333333 20 -58.60932363795585
    vertex 0 20 -60
    vertex -1.458333333333334 20 -58.60932363795585
  endloop
endfacet
facet normal 0 1 0
  outer loop
    vertex 0 20 -57.21864727591169
    vertex -1.458333333333334 20 -58.60932363795585
    vertex -2.916666666666668 20 -57.21864727591169
  endloop
endfacet
facet normal 0 1 0
  outer loop
    vertex -2.916666666666668 20 -62.78135272408831
    vertex -1.458333333333334 20 -61.39067636204415
    vertex 0 20 -62.78135272408831
  endloop
endfacet
facet normal -0 1 0
  outer loop
    vertex -1.458333333333334 20 -61.39067636204415
    vertex 1.458333333333333 20 -61.39067636204415
    vertex 0 20 -62.78135272408831
  endloop
endfacet
facet normal 0 1 0
  outer loop
    vertex -1.458333333333334 20 -61.39067636204415
    vertex 0 20 -60
    vertex 1.458333333333333 20 -61.39067636204415
  endloop
endfacet
facet normal 0 1 0
  outer loop
    vertex 0 20 -62.78135272408831
    vertex 1.458333333333333 20 -61.39067636204415
    vertex 2.916666666666666 20 -62.78135272408831
  endloop
endfacet
facet normal 0 1 0
  outer loop
    vertex -8.75 20 -57.21864727591169
    vertex -7.291666666666668 20 -58.60932363795585
    vertex -8.75 20 -60
  endloop
endfacet
facet normal 0 1 0
  outer loop
    vertex -7.291666666666668 20 -58.60932363795585
    vertex -7.291666666666668 20 -61.39067636204415
    vertex -8.75 20 -60
  endloop
endfacet
facet normal 0 1 0
  outer loop
    vertex -7.291666666666668 20 -58.60932363795585
    vertex -5.833333333333334 20 -60
    vertex -7.291666666666668 20 -61.39067636204415
  endloop
endfacet
facet normal 0 1 0
  outer loop
    vertex -8.75 20 -60
    vertex -7.291666666666668 20 -61.39067636204415
    vertex -8.75 20 -62.78135272408831
  endloop
endfacet
facet normal 0 1 -0
  outer loop
    vertex 8.75 20 -62.78135272408831
    vertex 7.291666666666666 20 -61.39067636204415
    vertex 8.75 20 -60
  endloop
endfacet
facet normal 0 1 0
  outer loop
    vertex 7.291666666666666 20 -61.39067636204415
    vertex 7.291666666666666 20 -58.60932363795585
    vertex 8.75 20 -60
  endloop
endfacet
facet normal 0 1 -0
  outer loop
    vertex 7.291666666666666 20 -61.39067636204415
    vertex 5.833333333333333 20 -60
    vertex 7.291666666666666 20 -58.60932363795585
  endloop
endfacet
facet normal 0 1 -0
  outer loop
    vertex 8.75 20 -60
    vertex 7.291666666666666 20 -58.60932363795585
    vertex 8.75 20 -57.21864727591169
  endloop
endfacet
facet normal 0 1 -0
  outer loop
    vertex 2.916666666666666 20 -62.78135272408831
    vertex 1.458333333333333 20 -61.39067636204415
    vertex 2.916666666666666 20 -60
  endloop
endfacet
facet normal 0 1 0
  outer loop
    vertex 1.458333333333333 20 -61.39067636204415
    vertex 1.458333333333333 20 -58.60932363795585
    vertex 2.916666666666666 20 -60
  endloop
endfacet
facet normal 0 1 -0
  outer loop
    vertex 1.458333333333333 20 -61.39067636204415
    vertex 0 20 -60
    vertex 1.458333333333333 20 -58.60932363795585
  endloop
endfacet
facet normal 0 1 -0
  outer loop
    vertex 2.916666666666666 20 -60
    vertex 1.458333333333333 20 -58.60932363795585
    vertex 2.916666666666666 20 -57.21864727591169
  endloop
endfacet
facet normal 0 1 0
  outer loop
    vertex 2.916666666666666 20 -57.21864727591169
    vertex 4.375 20 -58.60932363795585
    vertex 2.916666666666666 20 -60
  endloop
endfacet
facet normal 0 1 0
  outer loop
    vertex 4.375 20 -58.60932363795585
    vertex 4.375 20 -61.39067636204415
    vertex 2.916666666666666 20 -60
  endloop
endfacet
facet normal 0 1 0
  outer loop
    vertex 4.375 20 -58.60932363795585
    vertex 5.833333333333333 20 -60
    vertex 4.375 20 -61.39067636204415
  endloop
endfacet
facet normal 0 1 0
  outer loop
    vertex 2.916666666666666 20 -60
    vertex 4.375 20 -61.39067636204415
    vertex 2.916666666666666 20 -62.78135272408831
  endloop
endfacet
facet normal 0 1 0
  outer loop
    vertex -2.916666666666668 20 -57.21864727591169
    vertex -1.458333333333334 20 -58.60932363795585
    vertex -2.916666666666668 20 -60
  endloop
endfacet
facet normal 0 1 0
  outer loop
    vertex -1.458333333333334 20 -58.60932363795585
    vertex -1.458333333333334 20 -61.39067636204415
    vertex -2.916666666666668 20 -60
  endloop
endfacet
facet normal 0 1 0
  outer loop
    vertex -1.458333333333334 20 -58.60932363795585
    vertex 0 20 -60
    vertex -1.458333333333334 20 -61.39067636204415
  endloop
endfacet
facet normal 0 1 0
  outer loop
    vertex -2.916666666666668 20 -60
    vertex -1.458333333333334 20 -61.39067636204415
    vertex -2.916666666666668 20 -62.78135272408831
  endloop
endfacet
facet normal 0 1 -0
  outer loop
    vertex -2.916666666666668 20 -62.78135272408831
    vertex -4.375 20 -61.39067636204415
    vertex -2.916666666666668 20 -60
  endloop
endfacet
facet normal 0 1 0
  outer loop
    vertex -4.375 20 -61.39067636204415
    vertex -4.375 20 -58.60932363795585
    vertex -2.916666666666668 20 -60
  endloop
endfacet
facet normal 0 1 -0
  outer loop
    vertex -4.375 20 -61.39067636204415
    vertex -5.833333333333334 20 -60
    vertex -4.375 20 -58.60932363795585
  endloop
endfacet
facet normal 0 1 -0
  outer loop
    vertex -2.916666666666668 20 -60
    vertex -4.375 20 -58.60932363795585
    vertex -2.916666666666668 20 -57.21864727591169
  endloop
endfacet
facet normal 1.35001e-15 0.784747 -0.619817
  outer loop
    vertex 2.972524507602926 9.679090645642022 -75.84859923060699
    vertex 3.690587555980698 12.00922242104856 -72.89843221949451
    vertex 5.861262253801463 11.10264382501236 -74.04624638830478
  endloop
endfacet
facet normal 2.29019e-15 0.784747 -0.619817
  outer loop
    vertex 3.690587555980698 12.00922242104856 -72.89843221949451
    vertex 6.579325302179235 13.43277560041889 -71.0960793771923
    vertex 5.861262253801463 11.10264382501236 -74.04624638830478
  endloop
endfacet
facet normal -2.89287e-16 0.784747 -0.619817
  outer loop
    vertex 3.690587555980698 12.00922242104856 -72.89843221949451
    vertex 4.40865060435847 14.33935419645509 -69.94826520838201
    vertex 6.579325302179235 13.43277560041889 -71.0960793771923
  endloop
endfacet
facet normal -7.71433e-16 0.784747 -0.619817
  outer loop
    vertex 5.861262253801463 11.10264382501236 -74.04624638830478
    vertex 6.579325302179235 13.43277560041889 -71.0960793771923
    vertex 8.75 12.52619700438269 -72.24389354600258
  endloop
endfacet
facet normal 7.47326e-16 0.784747 -0.619817
  outer loop
    vertex -8.75 12.52619700438269 -72.24389354600258
    vertex -6.579325302179226 13.43277560041889 -71.0960793771923
    vertex -5.861262253801451 11.10264382501236 -74.04624638830478
  endloop
endfacet
facet normal -2.3143e-15 0.784747 -0.619817
  outer loop
    vertex -6.579325302179226 13.43277560041889 -71.0960793771923
    vertex -3.690587555980677 12.00922242104856 -72.89843221949451
    vertex -5.861262253801451 11.10264382501236 -74.04624638830478
  endloop
endfacet
facet normal 2.6518e-16 0.784747 -0.619817
  outer loop
    vertex -6.579325302179226 13.43277560041889 -71.0960793771923
    vertex -4.408650604358453 14.33935419645509 -69.94826520838201
    vertex -3.690587555980677 12.00922242104856 -72.89843221949451
  endloop
endfacet
facet normal -1.61519e-15 0.784747 -0.619817
  outer loop
    vertex -5.861262253801451 11.10264382501236 -74.04624638830478
    vertex -3.690587555980677 12.00922242104856 -72.89843221949451
    vertex -2.972524507602903 9.679090645642024 -75.84859923060699
  endloop
endfacet
facet normal 1.52991e-15 0.784747 -0.619817
  outer loop
    vertex -8.75 12.52619700438269 -72.24389354600258
    vertex -5.861262253801451 11.10264382501236 -74.04624638830478
    vertex -8.75 10.65774625547836 -74.60952875148115
  endloop
endfacet
facet normal 1.29006e-15 0.784747 -0.619817
  outer loop
    vertex -5.861262253801451 11.10264382501236 -74.04624638830478
    vertex -5.89709702994876 9.324457726730484 -76.29759801662837
    vertex -8.75 10.65774625547836 -74.60952875148115
  endloop
endfacet
facet normal 1.22035e-15 0.784747 -0.619817
  outer loop
    vertex -5.861262253801451 11.10264382501236 -74.04624638830478
    vertex -2.972524507602903 9.679090645642024 -75.84859923060699
    vertex -5.89709702994876 9.324457726730484 -76.29759801662837
  endloop
endfacet
facet normal 8.26199e-16 0.784747 -0.619817
  outer loop
    vertex -8.75 10.65774625547836 -74.60952875148115
    vertex -5.89709702994876 9.324457726730484 -76.29759801662837
    vertex -8.75 8.789295506574037 -76.97516395695972
  endloop
endfacet
facet normal -1.52991e-15 0.784747 -0.619817
  outer loop
    vertex 8.75 12.52619700438269 -72.24389354600258
    vertex 8.75 10.65774625547836 -74.60952875148115
    vertex 5.861262253801463 11.10264382501236 -74.04624638830478
  endloop
endfacet
facet normal -1.411e-15 0.784747 -0.619817
  outer loop
    vertex 8.75 10.65774625547836 -74.60952875148115
    vertex 5.897097029948771 9.324457726730483 -76.29759801662837
    vertex 5.861262253801463 11.10264382501236 -74.04624638830478
  endloop
endfacet
facet normal -1.34257e-15 0.784747 -0.619817
  outer loop
    vertex 8.75 10.65774625547836 -74.60952875148115
    vertex 8.75 8.789295506574037 -76.97516395695972
    vertex 5.897097029948771 9.324457726730483 -76.29759801662837
  endloop
endfacet
facet normal -1.32647e-15 0.784747 -0.619817
  outer loop
    vertex 5.861262253801463 11.10264382501236 -74.04624638830478
    vertex 5.897097029948771 9.324457726730483 -76.29759801662837
    vertex 2.972524507602926 9.679090645642022 -75.84859923060699
  endloop
endfacet
facet normal -6.86804e-16 0.784747 -0.619817
  outer loop
    vertex 1.598721155460225e-14 12.87025654163987 -71.80828166027665
    vertex 2.204325302179242 13.60480536904748 -70.87827343432933
    vertex 1.48626225380147 11.27467359364095 -73.82844044544183
  endloop
endfacet
facet normal -7.16665e-16 0.784747 -0.619817
  outer loop
    vertex 2.204325302179242 13.60480536904748 -70.87827343432933
    vertex 3.690587555980698 12.00922242104856 -72.89843221949451
    vertex 1.48626225380147 11.27467359364095 -73.82844044544183
  endloop
endfacet
facet normal 2.9861e-16 0.784747 -0.619817
  outer loop
    vertex 2.204325302179242 13.60480536904748 -70.87827343432933
    vertex 4.40865060435847 14.33935419645509 -69.94826520838201
    vertex 3.690587555980698 12.00922242104856 -72.89843221949451
  endloop
endfacet
facet normal 1.37361e-15 0.784747 -0.619817
  outer loop
    vertex 1.48626225380147 11.27467359364095 -73.82844044544183
    vertex 3.690587555980698 12.00922242104856 -72.89843221949451
    vertex 2.972524507602926 9.679090645642022 -75.84859923060699
  endloop
endfacet
facet normal -1.19444e-15 0.784747 -0.619817
  outer loop
    vertex -2.972524507602903 9.679090645642024 -75.84859923060699
    vertex -3.690587555980677 12.00922242104856 -72.89843221949451
    vertex -1.486262253801442 11.27467359364095 -73.82844044544183
  endloop
endfacet
facet normal 6.86804e-16 0.784747 -0.619817
  outer loop
    vertex -3.690587555980677 12.00922242104856 -72.89843221949451
    vertex -2.204325302179218 13.60480536904748 -70.87827343432933
    vertex -1.486262253801442 11.27467359364095 -73.82844044544183
  endloop
endfacet
facet normal -3.58332e-16 0.784747 -0.619817
  outer loop
    vertex -3.690587555980677 12.00922242104856 -72.89843221949451
    vertex -4.408650604358453 14.33935419645509 -69.94826520838201
    vertex -2.204325302179218 13.60480536904748 -70.87827343432933
  endloop
endfacet
facet normal 7.16665e-16 0.784747 -0.619817
  outer loop
    vertex -1.486262253801442 11.27467359364095 -73.82844044544183
    vertex -2.204325302179218 13.60480536904748 -70.87827343432933
    vertex 1.598721155460225e-14 12.87025654163987 -71.80828166027665
  endloop
endfacet
facet normal 7.55099e-16 0.784747 -0.619817
  outer loop
    vertex -2.972524507602903 9.679090645642024 -75.84859923060699
    vertex -1.486262253801442 11.27467359364095 -73.82844044544183
    vertex 1.110152818088562e-14 9.80445365397836 -75.68987781600238
  endloop
endfacet
facet normal 0 0.784747 -0.619817
  outer loop
    vertex -1.486262253801442 11.27467359364095 -73.82844044544183
    vertex 1.48626225380147 11.27467359364095 -73.82844044544183
    vertex 1.110152818088562e-14 9.80445365397836 -75.68987781600238
  endloop
endfacet
facet normal 0 0.784747 -0.619817
  outer loop
    vertex -1.486262253801442 11.27467359364095 -73.82844044544183
    vertex 1.598721155460225e-14 12.87025654163987 -71.80828166027665
    vertex 1.48626225380147 11.27467359364095 -73.82844044544183
  endloop
endfacet
facet normal -3.0204e-16 0.784747 -0.619817
  outer loop
    vertex 1.110152818088562e-14 9.80445365397836 -75.68987781600238
    vertex 1.48626225380147 11.27467359364095 -73.82844044544183
    vertex 2.972524507602926 9.679090645642022 -75.84859923060699
  endloop
endfacet
facet normal 0 0.784747 -0.619817
  outer loop
    vertex 2.916666666666666 20 -62.78135272408831
    vertex 1.458333333333334 18.38909020632855 -64.82091674416971
    vertex 0 20 -62.78135272408831
  endloop
endfacet
facet normal 0 0.784747 -0.619817
  outer loop
    vertex 1.458333333333334 18.38909020632855 -64.82091674416971
    vertex -1.458333333333332 18.38909020632855 -64.82091674416971
    vertex 0 20 -62.78135272408831
  endloop
endfacet
facet normal 0 0.784747 -0.619817
  outer loop
    vertex 1.458333333333334 18.38909020632855 -64.82091674416971
    vertex 1.77635683940025e-15 16.77818041265709 -66.86048076425111
    vertex -1.458333333333332 18.38909020632855 -64.82091674416971
  endloop
endfacet
facet normal 0 0.784747 -0.619817
  outer loop
    vertex 0 20 -62.78135272408831
    vertex -1.458333333333332 18.38909020632855 -64.82091674416971
    vertex -2.916666666666668 20 -62.78135272408831
  endloop
endfacet
facet normal 4.52169e-16 0.784747 -0.619817
  outer loop
    vertex 8.75 16.26309850219135 -67.51262313504544
    vertex 6.632301053717981 16.80190439785981 -66.83044395721045
    vertex 8.75 18.13154925109567 -65.14698792956688
  endloop
endfacet
facet normal 1.39129e-15 0.784747 -0.619817
  outer loop
    vertex 6.632301053717981 16.80190439785981 -66.83044395721045
    vertex 6.632301053717981 18.67035514676414 -64.46480875173188
    vertex 8.75 18.13154925109567 -65.14698792956688
  endloop
endfacet
facet normal -4.10431e-15 0.784747 -0.619817
  outer loop
    vertex 6.632301053717981 16.80190439785981 -66.83044395721045
    vertex 4.514602107435962 17.34071029352828 -66.14826477937544
    vertex 6.632301053717981 18.67035514676414 -64.46480875173188
  endloop
endfacet
facet normal 1.77389e-15 0.784747 -0.619817
  outer loop
    vertex 8.75 18.13154925109567 -65.14698792956688
    vertex 6.632301053717981 18.67035514676414 -64.46480875173188
    vertex 8.75 20 -62.78135272408831
  endloop
endfacet
facet normal 2.36519e-15 0.784747 -0.619817
  outer loop
    vertex -8.75 20 -62.78135272408831
    vertex -6.632301053717985 18.67035514676414 -64.46480875173187
    vertex -8.75 18.13154925109567 -65.14698792956688
  endloop
endfacet
facet normal 2.01737e-15 0.784747 -0.619817
  outer loop
    vertex -6.632301053717985 18.67035514676414 -64.46480875173187
    vertex -6.632301053717985 16.80190439785982 -66.83044395721043
    vertex -8.75 18.13154925109567 -65.14698792956688
  endloop
endfacet
facet normal -8.34774e-16 0.784747 -0.619817
  outer loop
    vertex -6.632301053717985 18.67035514676414 -64.46480875173187
    vertex -4.514602107435968 17.34071029352829 -66.14826477937544
    vertex -6.632301053717985 16.80190439785982 -66.83044395721043
  endloop
endfacet
facet normal 1.04347e-15 0.784747 -0.619817
  outer loop
    vertex -8.75 18.13154925109567 -65.14698792956688
    vertex -6.632301053717985 16.80190439785982 -66.83044395721043
    vertex -8.75 16.26309850219135 -67.51262313504544
  endloop
endfacet
facet normal 0 0.784747 -0.619817
  outer loop
    vertex 8.75 20 -62.78135272408831
    vertex 6.632301053717981 18.67035514676414 -64.46480875173188
    vertex 5.833333333333333 20 -62.78135272408831
  endloop
endfacet
facet normal 0 0.784747 -0.619817
  outer loop
    vertex 6.632301053717981 18.67035514676414 -64.46480875173188
    vertex 3.715634387051314 18.67035514676414 -64.46480875173188
    vertex 5.833333333333333 20 -62.78135272408831
  endloop
endfacet
facet normal 0 0.784747 -0.619817
  outer loop
    vertex 6.632301053717981 18.67035514676414 -64.46480875173188
    vertex 4.514602107435962 17.34071029352828 -66.14826477937544
    vertex 3.715634387051314 18.67035514676414 -64.46480875173188
  endloop
endfacet
facet normal 0 0.784747 -0.619817
  outer loop
    vertex 5.833333333333333 20 -62.78135272408831
    vertex 3.715634387051314 18.67035514676414 -64.46480875173188
    vertex 2.916666666666666 20 -62.78135272408831
  endloop
endfacet
facet normal 0 0.784747 -0.619817
  outer loop
    vertex -2.916666666666668 20 -62.78135272408831
    vertex -3.715634387051317 18.67035514676414 -64.46480875173187
    vertex -5.833333333333334 20 -62.78135272408831
  endloop
endfacet
facet normal 0 0.784747 -0.619817
  outer loop
    vertex -3.715634387051317 18.67035514676414 -64.46480875173187
    vertex -6.632301053717985 18.67035514676414 -64.46480875173187
    vertex -5.833333333333334 20 -62.78135272408831
  endloop
endfacet
facet normal 0 0.784747 -0.619817
  outer loop
    vertex -3.715634387051317 18.67035514676414 -64.46480875173187
    vertex -4.514602107435968 17.34071029352829 -66.14826477937544
    vertex -6.632301053717985 18.67035514676414 -64.46480875173187
  endloop
endfacet
facet normal 0 0.784747 -0.619817
  outer loop
    vertex -5.833333333333334 20 -62.78135272408831
    vertex -6.632301053717985 18.67035514676414 -64.46480875173187
    vertex -8.75 20 -62.78135272408831
  endloop
endfacet
facet normal 7.46534e-16 0.784747 -0.619817
  outer loop
    vertex -8.75 16.26309850219135 -67.51262313504544
    vertex -6.579325302179226 15.30122634932322 -68.73044417171373
    vertex -8.75 14.39464775328702 -69.87825834052401
  endloop
endfacet
facet normal 4.75067e-16 0.784747 -0.619817
  outer loop
    vertex -6.579325302179226 15.30122634932322 -68.73044417171373
    vertex -6.579325302179226 13.43277560041889 -71.0960793771923
    vertex -8.75 14.39464775328702 -69.87825834052401
  endloop
endfacet
facet normal 1.08587e-15 0.784747 -0.619817
  outer loop
    vertex -6.579325302179226 15.30122634932322 -68.73044417171373
    vertex -4.408650604358453 14.33935419645509 -69.94826520838201
    vertex -6.579325302179226 13.43277560041889 -71.0960793771923
  endloop
endfacet
facet normal 6.78668e-17 0.784747 -0.619817
  outer loop
    vertex -8.75 14.39464775328702 -69.87825834052401
    vertex -6.579325302179226 13.43277560041889 -71.0960793771923
    vertex -8.75 12.52619700438269 -72.24389354600258
  endloop
endfacet
facet normal -6.78668e-17 0.784747 -0.619817
  outer loop
    vertex 8.75 12.52619700438269 -72.24389354600258
    vertex 6.579325302179235 13.43277560041889 -71.0960793771923
    vertex 8.75 14.39464775328702 -69.87825834052401
  endloop
endfacet
facet normal -4.07201e-16 0.784747 -0.619817
  outer loop
    vertex 6.579325302179235 13.43277560041889 -71.0960793771923
    vertex 6.579325302179235 15.30122634932322 -68.73044417171373
    vertex 8.75 14.39464775328702 -69.87825834052401
  endloop
endfacet
facet normal -1.08587e-15 0.784747 -0.619817
  outer loop
    vertex 6.579325302179235 13.43277560041889 -71.0960793771923
    vertex 4.40865060435847 14.33935419645509 -69.94826520838201
    vertex 6.579325302179235 15.30122634932322 -68.73044417171373
  endloop
endfacet
facet normal -7.46534e-16 0.784747 -0.619817
  outer loop
    vertex 8.75 14.39464775328702 -69.87825834052401
    vertex 6.579325302179235 15.30122634932322 -68.73044417171373
    vertex 8.75 16.26309850219135 -67.51262313504544
  endloop
endfacet
facet normal 5.11248e-16 0.784747 -0.619817
  outer loop
    vertex 1.77635683940025e-15 16.77818041265709 -66.86048076425111
    vertex 2.204325302179235 15.55876730455609 -68.40437298631656
    vertex 8.881784197001252e-15 14.82421847714848 -69.33438121226388
  endloop
endfacet
facet normal 2.23671e-16 0.784747 -0.619817
  outer loop
    vertex 2.204325302179235 15.55876730455609 -68.40437298631656
    vertex 2.204325302179242 13.60480536904748 -70.87827343432933
    vertex 8.881784197001252e-15 14.82421847714848 -69.33438121226388
  endloop
endfacet
facet normal 8.94684e-16 0.784747 -0.619817
  outer loop
    vertex 2.204325302179235 15.55876730455609 -68.40437298631656
    vertex 4.40865060435847 14.33935419645509 -69.94826520838201
    vertex 2.204325302179242 13.60480536904748 -70.87827343432933
  endloop
endfacet
facet normal -1.27812e-16 0.784747 -0.619817
  outer loop
    vertex 8.881784197001252e-15 14.82421847714848 -69.33438121226388
    vertex 2.204325302179242 13.60480536904748 -70.87827343432933
    vertex 1.598721155460225e-14 12.87025654163987 -71.80828166027665
  endloop
endfacet
facet normal 1.59765e-16 0.784747 -0.619817
  outer loop
    vertex 1.598721155460225e-14 12.87025654163987 -71.80828166027665
    vertex -2.204325302179218 13.60480536904748 -70.87827343432933
    vertex 8.881784197001252e-15 14.82421847714848 -69.33438121226388
  endloop
endfacet
facet normal -2.55624e-16 0.784747 -0.619817
  outer loop
    vertex -2.204325302179218 13.60480536904748 -70.87827343432933
    vertex -2.204325302179225 15.55876730455609 -68.40437298631656
    vertex 8.881784197001252e-15 14.82421847714848 -69.33438121226388
  endloop
endfacet
facet normal -8.62731e-16 0.784747 -0.619817
  outer loop
    vertex -2.204325302179218 13.60480536904748 -70.87827343432933
    vertex -4.408650604358453 14.33935419645509 -69.94826520838201
    vertex -2.204325302179225 15.55876730455609 -68.40437298631656
  endloop
endfacet
facet normal -4.47342e-16 0.784747 -0.619817
  outer loop
    vertex 8.881784197001252e-15 14.82421847714848 -69.33438121226388
    vertex -2.204325302179225 15.55876730455609 -68.40437298631656
    vertex 1.77635683940025e-15 16.77818041265709 -66.86048076425111
  endloop
endfacet
facet normal -1.45044e-15 0.784747 -0.619817
  outer loop
    vertex 2.916666666666666 20 -62.78135272408831
    vertex 3.715634387051314 18.67035514676414 -64.46480875173188
    vertex 1.458333333333334 18.38909020632855 -64.82091674416971
  endloop
endfacet
facet normal -1.17315e-15 0.784747 -0.619817
  outer loop
    vertex 3.715634387051314 18.67035514676414 -64.46480875173188
    vertex 2.257301053717982 17.05944535309269 -66.50437277181328
    vertex 1.458333333333334 18.38909020632855 -64.82091674416971
  endloop
endfacet
facet normal 4.60729e-15 0.784747 -0.619817
  outer loop
    vertex 3.715634387051314 18.67035514676414 -64.46480875173188
    vertex 4.514602107435962 17.34071029352828 -66.14826477937544
    vertex 2.257301053717982 17.05944535309269 -66.50437277181328
  endloop
endfacet
facet normal -1.19448e-15 0.784747 -0.619817
  outer loop
    vertex 1.458333333333334 18.38909020632855 -64.82091674416971
    vertex 2.257301053717982 17.05944535309269 -66.50437277181328
    vertex 1.77635683940025e-15 16.77818041265709 -66.86048076425111
  endloop
endfacet
facet normal 2.58093e-15 0.784747 -0.619817
  outer loop
    vertex 1.77635683940025e-15 16.77818041265709 -66.86048076425111
    vertex -2.257301053717983 17.05944535309269 -66.50437277181328
    vertex -1.458333333333332 18.38909020632855 -64.82091674416971
  endloop
endfacet
facet normal -2.21832e-15 0.784747 -0.619817
  outer loop
    vertex -2.257301053717983 17.05944535309269 -66.50437277181328
    vertex -3.715634387051317 18.67035514676414 -64.46480875173187
    vertex -1.458333333333332 18.38909020632855 -64.82091674416971
  endloop
endfacet
facet normal -2.21832e-15 0.784747 -0.619817
  outer loop
    vertex -2.257301053717983 17.05944535309269 -66.50437277181328
    vertex -4.514602107435968 17.34071029352829 -66.14826477937544
    vertex -3.715634387051317 18.67035514676414 -64.46480875173187
  endloop
endfacet
facet normal -2.98621e-15 0.784747 -0.619817
  outer loop
    vertex -1.458333333333332 18.38909020632855 -64.82091674416971
    vertex -3.715634387051317 18.67035514676414 -64.46480875173187
    vertex -2.916666666666668 20 -62.78135272408831
  endloop
endfacet
facet normal -7.95748e-16 0.784747 -0.619817
  outer loop
    vertex 1.77635683940025e-15 16.77818041265709 -66.86048076425111
    vertex 2.257301053717982 17.05944535309269 -66.50437277181328
    vertex 2.204325302179235 15.55876730455609 -68.40437298631656
  endloop
endfacet
facet normal -8.16152e-16 0.784747 -0.619817
  outer loop
    vertex 2.257301053717982 17.05944535309269 -66.50437277181328
    vertex 4.461626355897216 15.84003224499169 -68.04826499387873
    vertex 2.204325302179235 15.55876730455609 -68.40437298631656
  endloop
endfacet
facet normal 3.38703e-15 0.784747 -0.619817
  outer loop
    vertex 2.257301053717982 17.05944535309269 -66.50437277181328
    vertex 4.514602107435962 17.34071029352828 -66.14826477937544
    vertex 4.461626355897216 15.84003224499169 -68.04826499387873
  endloop
endfacet
facet normal -7.95748e-16 0.784747 -0.619817
  outer loop
    vertex 2.204325302179235 15.55876730455609 -68.40437298631656
    vertex 4.461626355897216 15.84003224499169 -68.04826499387873
    vertex 4.40865060435847 14.33935419645509 -69.94826520838201
  endloop
endfacet
facet normal 1.30584e-15 0.784747 -0.619817
  outer loop
    vertex -4.408650604358453 14.33935419645509 -69.94826520838201
    vertex -4.461626355897209 15.84003224499169 -68.04826499387873
    vertex -2.204325302179225 15.55876730455609 -68.40437298631656
  endloop
endfacet
facet normal 1.19362e-15 0.784747 -0.619817
  outer loop
    vertex -4.461626355897209 15.84003224499169 -68.04826499387873
    vertex -2.257301053717983 17.05944535309269 -66.50437277181328
    vertex -2.204325302179225 15.55876730455609 -68.40437298631656
  endloop
endfacet
facet normal -2.53007e-15 0.784747 -0.619817
  outer loop
    vertex -4.461626355897209 15.84003224499169 -68.04826499387873
    vertex -4.514602107435968 17.34071029352829 -66.14826477937544
    vertex -2.257301053717983 17.05944535309269 -66.50437277181328
  endloop
endfacet
facet normal 1.87715e-15 0.784747 -0.619817
  outer loop
    vertex -2.204325302179225 15.55876730455609 -68.40437298631656
    vertex -2.257301053717983 17.05944535309269 -66.50437277181328
    vertex 1.77635683940025e-15 16.77818041265709 -66.86048076425111
  endloop
endfacet
facet normal 3.00446e-16 0.784747 -0.619817
  outer loop
    vertex 4.40865060435847 14.33935419645509 -69.94826520838201
    vertex 4.461626355897216 15.84003224499169 -68.04826499387873
    vertex 6.579325302179235 15.30122634932322 -68.73044417171373
  endloop
endfacet
facet normal 5.57971e-16 0.784747 -0.619817
  outer loop
    vertex 4.461626355897216 15.84003224499169 -68.04826499387873
    vertex 6.632301053717981 16.80190439785981 -66.83044395721045
    vertex 6.579325302179235 15.30122634932322 -68.73044417171373
  endloop
endfacet
facet normal -2.53233e-15 0.784747 -0.619817
  outer loop
    vertex 4.461626355897216 15.84003224499169 -68.04826499387873
    vertex 4.514602107435962 17.34071029352828 -66.14826477937544
    vertex 6.632301053717981 16.80190439785981 -66.83044395721045
  endloop
endfacet
facet normal -1.28763e-16 0.784747 -0.619817
  outer loop
    vertex 6.579325302179235 15.30122634932322 -68.73044417171373
    vertex 6.632301053717981 16.80190439785981 -66.83044395721045
    vertex 8.75 16.26309850219135 -67.51262313504544
  endloop
endfacet
facet normal 1.07302e-15 0.784747 -0.619817
  outer loop
    vertex -8.75 16.26309850219135 -67.51262313504544
    vertex -6.632301053717985 16.80190439785982 -66.83044395721043
    vertex -6.579325302179226 15.30122634932322 -68.73044417171373
  endloop
endfacet
facet normal -1.71683e-15 0.784747 -0.619817
  outer loop
    vertex -6.632301053717985 16.80190439785982 -66.83044395721043
    vertex -4.461626355897209 15.84003224499169 -68.04826499387873
    vertex -6.579325302179226 15.30122634932322 -68.73044417171373
  endloop
endfacet
facet normal -9.01338e-16 0.784747 -0.619817
  outer loop
    vertex -6.632301053717985 16.80190439785982 -66.83044395721043
    vertex -4.514602107435968 17.34071029352829 -66.14826477937544
    vertex -4.461626355897209 15.84003224499169 -68.04826499387873
  endloop
endfacet
facet normal -7.29655e-16 0.784747 -0.619817
  outer loop
    vertex -6.579325302179226 15.30122634932322 -68.73044417171373
    vertex -4.461626355897209 15.84003224499169 -68.04826499387873
    vertex -4.408650604358453 14.33935419645509 -69.94826520838201
  endloop
endfacet
facet normal -1.15715e-15 0.784747 0.619817
  outer loop
    vertex 8.75 12.5261970043827 -87.75610645399743
    vertex 6.579325302179226 13.4327756004189 -88.90392062280772
    vertex 5.861262253801454 11.10264382501236 -85.95375361169522
  endloop
endfacet
facet normal 2.41073e-15 0.784747 0.619817
  outer loop
    vertex 6.579325302179226 13.4327756004189 -88.90392062280772
    vertex 3.69058755598068 12.00922242104856 -87.10156778050549
    vertex 5.861262253801454 11.10264382501236 -85.95375361169522
  endloop
endfacet
facet normal 2.41073e-16 0.784747 0.619817
  outer loop
    vertex 6.579325302179226 13.4327756004189 -88.90392062280772
    vertex 4.408650604358453 14.3393541964551 -90.051734791618
    vertex 3.69058755598068 12.00922242104856 -87.10156778050549
  endloop
endfacet
facet normal 1.03661e-15 0.784747 0.619817
  outer loop
    vertex 5.861262253801454 11.10264382501236 -85.95375361169522
    vertex 3.69058755598068 12.00922242104856 -87.10156778050549
    vertex 2.972524507602907 9.679090645642024 -84.15140076939301
  endloop
endfacet
facet normal -3.85716e-16 0.784747 0.619817
  outer loop
    vertex -2.972524507602933 9.67909064564202 -84.15140076939301
    vertex -3.690587555980706 12.00922242104855 -87.10156778050549
    vertex -5.861262253801467 11.10264382501235 -85.95375361169521
  endloop
endfacet
facet normal -1.68751e-16 0.784747 0.619817
  outer loop
    vertex -3.690587555980706 12.00922242104855 -87.10156778050549
    vertex -6.579325302179239 13.43277560041888 -88.90392062280769
    vertex -5.861262253801467 11.10264382501235 -85.95375361169521
  endloop
endfacet
facet normal 1.92858e-16 0.784747 0.619817
  outer loop
    vertex -3.690587555980706 12.00922242104855 -87.10156778050549
    vertex -4.408650604358478 14.33935419645509 -90.05173479161797
    vertex -6.579325302179239 13.43277560041888 -88.90392062280769
  endloop
endfacet
facet normal 4.82146e-16 0.784747 0.619817
  outer loop
    vertex -5.861262253801467 11.10264382501235 -85.95375361169521
    vertex -6.579325302179239 13.43277560041888 -88.90392062280769
    vertex -8.75 12.52619700438268 -87.7561064539974
  endloop
endfacet
facet normal -1.32647e-15 0.784747 0.619817
  outer loop
    vertex 2.972524507602907 9.679090645642024 -84.15140076939301
    vertex 5.89709702994876 9.324457726730484 -83.70240198337163
    vertex 5.861262253801454 11.10264382501236 -85.95375361169522
  endloop
endfacet
facet normal -7.52534e-16 0.784747 0.619817
  outer loop
    vertex 5.89709702994876 9.324457726730484 -83.70240198337163
    vertex 8.75 10.65774625547837 -85.39047124851886
    vertex 5.861262253801454 11.10264382501236 -85.95375361169522
  endloop
endfacet
facet normal 3.48553e-16 0.784747 0.619817
  outer loop
    vertex 5.89709702994876 9.324457726730484 -83.70240198337163
    vertex 8.75 8.789295506574042 -83.0248360430403
    vertex 8.75 10.65774625547837 -85.39047124851886
  endloop
endfacet
facet normal -9.05195e-16 0.784747 0.619817
  outer loop
    vertex 5.861262253801454 11.10264382501236 -85.95375361169522
    vertex 8.75 10.65774625547837 -85.39047124851886
    vertex 8.75 12.5261970043827 -87.75610645399743
  endloop
endfacet
facet normal 1.36839e-15 0.784747 0.619817
  outer loop
    vertex -8.75 8.789295506574009 -83.02483604304025
    vertex -5.89709702994878 9.324457726730479 -83.70240198337163
    vertex -8.75 10.65774625547834 -85.39047124851882
  endloop
endfacet
facet normal 3.06389e-15 0.784747 0.619817
  outer loop
    vertex -5.89709702994878 9.324457726730479 -83.70240198337163
    vertex -5.861262253801467 11.10264382501235 -85.95375361169521
    vertex -8.75 10.65774625547834 -85.39047124851882
  endloop
endfacet
facet normal 8.88733e-16 0.784747 0.619817
  outer loop
    vertex -5.89709702994878 9.324457726730479 -83.70240198337163
    vertex -2.972524507602933 9.67909064564202 -84.15140076939301
    vertex -5.861262253801467 11.10264382501235 -85.95375361169521
  endloop
endfacet
facet normal 2.75383e-15 0.784747 0.619817
  outer loop
    vertex -8.75 10.65774625547834 -85.39047124851882
    vertex -5.861262253801467 11.10264382501235 -85.95375361169521
    vertex -8.75 12.52619700438268 -87.7561064539974
  endloop
endfacet
facet normal 1.19444e-15 0.784747 0.619817
  outer loop
    vertex 2.972524507602907 9.679090645642024 -84.15140076939301
    vertex 3.69058755598068 12.00922242104856 -87.10156778050549
    vertex 1.486262253801445 11.27467359364095 -86.17155955455817
  endloop
endfacet
facet normal -1.64236e-15 0.784747 0.619817
  outer loop
    vertex 3.69058755598068 12.00922242104856 -87.10156778050549
    vertex 2.204325302179218 13.60480536904749 -89.12172656567068
    vertex 1.486262253801445 11.27467359364095 -86.17155955455817
  endloop
endfacet
facet normal -1.67222e-15 0.784747 0.619817
  outer loop
    vertex 3.69058755598068 12.00922242104856 -87.10156778050549
    vertex 4.408650604358453 14.3393541964551 -90.051734791618
    vertex 2.204325302179218 13.60480536904749 -89.12172656567068
  endloop
endfacet
facet normal 2.74721e-15 0.784747 0.619817
  outer loop
    vertex 1.486262253801445 11.27467359364095 -86.17155955455817
    vertex 2.204325302179218 13.60480536904749 -89.12172656567068
    vertex -1.77635683940025e-14 12.87025654163987 -88.19171833972335
  endloop
endfacet
facet normal -1.91111e-15 0.784747 0.619817
  outer loop
    vertex -1.77635683940025e-14 12.87025654163987 -88.19171833972335
    vertex -2.204325302179248 13.60480536904748 -89.12172656567067
    vertex -1.486262253801476 11.27467359364095 -86.17155955455817
  endloop
endfacet
facet normal -2.03055e-15 0.784747 0.619817
  outer loop
    vertex -2.204325302179248 13.60480536904748 -89.12172656567067
    vertex -3.690587555980706 12.00922242104855 -87.10156778050549
    vertex -1.486262253801476 11.27467359364095 -86.17155955455817
  endloop
endfacet
facet normal 1.13472e-15 0.784747 0.619817
  outer loop
    vertex -2.204325302179248 13.60480536904748 -89.12172656567067
    vertex -4.408650604358478 14.33935419645509 -90.05173479161797
    vertex -3.690587555980706 12.00922242104855 -87.10156778050549
  endloop
endfacet
facet normal -3.31457e-15 0.784747 0.619817
  outer loop
    vertex -1.486262253801476 11.27467359364095 -86.17155955455817
    vertex -3.690587555980706 12.00922242104855 -87.10156778050549
    vertex -2.972524507602933 9.67909064564202 -84.15140076939301
  endloop
endfacet
facet normal -7.55099e-16 0.784747 0.619817
  outer loop
    vertex 2.972524507602907 9.679090645642024 -84.15140076939301
    vertex 1.486262253801445 11.27467359364095 -86.17155955455817
    vertex -1.319028823234358e-14 9.80445365397836 -84.31012218399762
  endloop
endfacet
facet normal -4.68958e-16 0.784747 0.619817
  outer loop
    vertex 1.486262253801445 11.27467359364095 -86.17155955455817
    vertex -1.486262253801476 11.27467359364095 -86.17155955455817
    vertex -1.319028823234358e-14 9.80445365397836 -84.31012218399762
  endloop
endfacet
facet normal -4.68958e-16 0.784747 0.619817
  outer loop
    vertex 1.486262253801445 11.27467359364095 -86.17155955455817
    vertex -1.77635683940025e-14 12.87025654163987 -88.19171833972335
    vertex -1.486262253801476 11.27467359364095 -86.17155955455817
  endloop
endfacet
facet normal -1.84999e-16 0.784747 0.619817
  outer loop
    vertex -1.319028823234358e-14 9.80445365397836 -84.31012218399762
    vertex -1.486262253801476 11.27467359364095 -86.17155955455817
    vertex -2.972524507602933 9.67909064564202 -84.15140076939301
  endloop
endfacet
facet normal -0 0.784747 0.619817
  outer loop
    vertex -2.916666666666668 20 -97.21864727591169
    vertex -1.458333333333336 18.38909020632854 -95.17908325583029
    vertex 0 20 -97.21864727591169
  endloop
endfacet
facet normal -0 0.784747 0.619817
  outer loop
    vertex -1.458333333333336 18.38909020632854 -95.17908325583029
    vertex 1.458333333333331 18.38909020632854 -95.17908325583029
    vertex 0 20 -97.21864727591169
  endloop
endfacet
facet normal -0 0.784747 0.619817
  outer loop
    vertex -1.458333333333336 18.38909020632854 -95.17908325583029
    vertex -3.552713678800501e-15 16.77818041265709 -93.13951923574889
    vertex 1.458333333333331 18.38909020632854 -95.17908325583029
  endloop
endfacet
facet normal -0 0.784747 0.619817
  outer loop
    vertex 0 20 -97.21864727591169
    vertex 1.458333333333331 18.38909020632854 -95.17908325583029
    vertex 2.916666666666666 20 -97.21864727591169
  endloop
endfacet
facet normal 4.86951e-16 0.784747 0.619817
  outer loop
    vertex 8.75 20 -97.21864727591169
    vertex 6.63230105371798 18.67035514676414 -95.53519124826812
    vertex 8.75 18.13154925109567 -94.85301207043312
  endloop
endfacet
facet normal -3.47822e-16 0.784747 0.619817
  outer loop
    vertex 6.63230105371798 18.67035514676414 -95.53519124826812
    vertex 6.63230105371798 16.80190439785982 -93.16955604278957
    vertex 8.75 18.13154925109567 -94.85301207043312
  endloop
endfacet
facet normal -4.17387e-16 0.784747 0.619817
  outer loop
    vertex 6.63230105371798 18.67035514676414 -95.53519124826812
    vertex 4.514602107435961 17.34071029352829 -93.85173522062456
    vertex 6.63230105371798 16.80190439785982 -93.16955604278957
  endloop
endfacet
facet normal -4.17387e-16 0.784747 0.619817
  outer loop
    vertex 8.75 18.13154925109567 -94.85301207043312
    vertex 6.63230105371798 16.80190439785982 -93.16955604278957
    vertex 8.75 16.26309850219135 -92.48737686495457
  endloop
endfacet
facet normal -1.39129e-15 0.784747 0.619817
  outer loop
    vertex -8.75 16.26309850219134 -92.48737686495456
    vertex -6.632301053717983 16.80190439785981 -93.16955604278955
    vertex -8.75 18.13154925109567 -94.85301207043312
  endloop
endfacet
facet normal -1.39129e-15 0.784747 0.619817
  outer loop
    vertex -6.632301053717983 16.80190439785981 -93.16955604278955
    vertex -6.632301053717983 18.67035514676414 -95.53519124826812
    vertex -8.75 18.13154925109567 -94.85301207043312
  endloop
endfacet
facet normal 2.78258e-15 0.784747 0.619817
  outer loop
    vertex -6.632301053717983 16.80190439785981 -93.16955604278955
    vertex -4.514602107435966 17.34071029352828 -93.85173522062456
    vertex -6.632301053717983 18.67035514676414 -95.53519124826812
  endloop
endfacet
facet normal -1.39129e-15 0.784747 0.619817
  outer loop
    vertex -8.75 18.13154925109567 -94.85301207043312
    vertex -6.632301053717983 18.67035514676414 -95.53519124826812
    vertex -8.75 20 -97.21864727591169
  endloop
endfacet
facet normal -0 0.784747 0.619817
  outer loop
    vertex -8.75 20 -97.21864727591169
    vertex -6.632301053717983 18.67035514676414 -95.53519124826812
    vertex -5.833333333333334 20 -97.21864727591169
  endloop
endfacet
facet normal -0 0.784747 0.619817
  outer loop
    vertex -6.632301053717983 18.67035514676414 -95.53519124826812
    vertex -3.715634387051317 18.67035514676414 -95.53519124826812
    vertex -5.833333333333334 20 -97.21864727591169
  endloop
endfacet
facet normal -0 0.784747 0.619817
  outer loop
    vertex -6.632301053717983 18.67035514676414 -95.53519124826812
    vertex -4.514602107435966 17.34071029352828 -93.85173522062456
    vertex -3.715634387051317 18.67035514676414 -95.53519124826812
  endloop
endfacet
facet normal -0 0.784747 0.619817
  outer loop
    vertex -5.833333333333334 20 -97.21864727591169
    vertex -3.715634387051317 18.67035514676414 -95.53519124826812
    vertex -2.916666666666668 20 -97.21864727591169
  endloop
endfacet
facet normal -0 0.784747 0.619817
  outer loop
    vertex 2.916666666666666 20 -97.21864727591169
    vertex 3.715634387051313 18.67035514676414 -95.53519124826812
    vertex 5.833333333333333 20 -97.21864727591169
  endloop
endfacet
facet normal -0 0.784747 0.619817
  outer loop
    vertex 3.715634387051313 18.67035514676414 -95.53519124826812
    vertex 6.63230105371798 18.67035514676414 -95.53519124826812
    vertex 5.833333333333333 20 -97.21864727591169
  endloop
endfacet
facet normal -0 0.784747 0.619817
  outer loop
    vertex 3.715634387051313 18.67035514676414 -95.53519124826812
    vertex 4.514602107435961 17.34071029352829 -93.85173522062456
    vertex 6.63230105371798 18.67035514676414 -95.53519124826812
  endloop
endfacet
facet normal -0 0.784747 0.619817
  outer loop
    vertex 5.833333333333333 20 -97.21864727591169
    vertex 6.63230105371798 18.67035514676414 -95.53519124826812
    vertex 8.75 20 -97.21864727591169
  endloop
endfacet
facet normal -7.46534e-16 0.784747 0.619817
  outer loop
    vertex 8.75 16.26309850219135 -92.48737686495457
    vertex 6.579325302179226 15.30122634932323 -91.26955582828629
    vertex 8.75 14.39464775328703 -90.121741659476
  endloop
endfacet
facet normal -7.46534e-16 0.784747 0.619817
  outer loop
    vertex 6.579325302179226 15.30122634932323 -91.26955582828629
    vertex 6.579325302179226 13.4327756004189 -88.90392062280772
    vertex 8.75 14.39464775328703 -90.121741659476
  endloop
endfacet
facet normal -7.46534e-16 0.784747 0.619817
  outer loop
    vertex 6.579325302179226 15.30122634932323 -91.26955582828629
    vertex 4.408650604358453 14.3393541964551 -90.051734791618
    vertex 6.579325302179226 13.4327756004189 -88.90392062280772
  endloop
endfacet
facet normal -7.46534e-16 0.784747 0.619817
  outer loop
    vertex 8.75 14.39464775328703 -90.121741659476
    vertex 6.579325302179226 13.4327756004189 -88.90392062280772
    vertex 8.75 12.5261970043827 -87.75610645399743
  endloop
endfacet
facet normal -2.036e-16 0.784747 0.619817
  outer loop
    vertex -8.75 12.52619700438268 -87.7561064539974
    vertex -6.579325302179239 13.43277560041888 -88.90392062280769
    vertex -8.75 14.39464775328701 -90.12174165947597
  endloop
endfacet
facet normal -2.71467e-16 0.784747 0.619817
  outer loop
    vertex -6.579325302179239 13.43277560041888 -88.90392062280769
    vertex -6.579325302179239 15.30122634932321 -91.26955582828626
    vertex -8.75 14.39464775328701 -90.12174165947597
  endloop
endfacet
facet normal -2.036e-16 0.784747 0.619817
  outer loop
    vertex -6.579325302179239 13.43277560041888 -88.90392062280769
    vertex -4.408650604358478 14.33935419645509 -90.05173479161797
    vertex -6.579325302179239 15.30122634932321 -91.26955582828626
  endloop
endfacet
facet normal -1.56094e-15 0.784747 0.619817
  outer loop
    vertex -8.75 14.39464775328701 -90.12174165947597
    vertex -6.579325302179239 15.30122634932321 -91.26955582828626
    vertex -8.75 16.26309850219134 -92.48737686495456
  endloop
endfacet
facet normal -2.1089e-15 0.784747 0.619817
  outer loop
    vertex -3.552713678800501e-15 16.77818041265709 -93.13951923574889
    vertex -2.204325302179241 15.55876730455609 -91.59562701368344
    vertex -1.06581410364015e-14 14.82421847714848 -90.66561878773612
  endloop
endfacet
facet normal -2.14085e-15 0.784747 0.619817
  outer loop
    vertex -2.204325302179241 15.55876730455609 -91.59562701368344
    vertex -2.204325302179248 13.60480536904748 -89.12172656567067
    vertex -1.06581410364015e-14 14.82421847714848 -90.66561878773612
  endloop
endfacet
facet normal 1.91718e-15 0.784747 0.619817
  outer loop
    vertex -2.204325302179241 15.55876730455609 -91.59562701368344
    vertex -4.408650604358478 14.33935419645509 -90.05173479161797
    vertex -2.204325302179248 13.60480536904748 -89.12172656567067
  endloop
endfacet
facet normal -2.1089e-15 0.784747 0.619817
  outer loop
    vertex -1.06581410364015e-14 14.82421847714848 -90.66561878773612
    vertex -2.204325302179248 13.60480536904748 -89.12172656567067
    vertex -1.77635683940025e-14 12.87025654163987 -88.19171833972335
  endloop
endfacet
facet normal 3.61069e-15 0.784747 0.619817
  outer loop
    vertex -1.77635683940025e-14 12.87025654163987 -88.19171833972335
    vertex 2.204325302179218 13.60480536904749 -89.12172656567068
    vertex -1.06581410364015e-14 14.82421847714848 -90.66561878773612
  endloop
endfacet
facet normal 1.15031e-15 0.784747 0.619817
  outer loop
    vertex 2.204325302179218 13.60480536904749 -89.12172656567068
    vertex 2.204325302179225 15.5587673045561 -91.59562701368344
    vertex -1.06581410364015e-14 14.82421847714848 -90.66561878773612
  endloop
endfacet
facet normal 1.11836e-15 0.784747 0.619817
  outer loop
    vertex 2.204325302179218 13.60480536904749 -89.12172656567068
    vertex 4.408650604358453 14.3393541964551 -90.051734791618
    vertex 2.204325302179225 15.5587673045561 -91.59562701368344
  endloop
endfacet
facet normal -3.83436e-16 0.784747 0.619817
  outer loop
    vertex -1.06581410364015e-14 14.82421847714848 -90.66561878773612
    vertex 2.204325302179225 15.5587673045561 -91.59562701368344
    vertex -3.552713678800501e-15 16.77818041265709 -93.13951923574889
  endloop
endfacet
facet normal 1.19448e-15 0.784747 0.619817
  outer loop
    vertex -2.916666666666668 20 -97.21864727591169
    vertex -3.715634387051317 18.67035514676414 -95.53519124826812
    vertex -1.458333333333336 18.38909020632854 -95.17908325583029
  endloop
endfacet
facet normal 1.40778e-15 0.784747 0.619817
  outer loop
    vertex -3.715634387051317 18.67035514676414 -95.53519124826812
    vertex -2.257301053717985 17.05944535309269 -93.49562722818672
    vertex -1.458333333333336 18.38909020632854 -95.17908325583029
  endloop
endfacet
facet normal -4.35133e-15 0.784747 0.619817
  outer loop
    vertex -3.715634387051317 18.67035514676414 -95.53519124826812
    vertex -4.514602107435966 17.34071029352828 -93.85173522062456
    vertex -2.257301053717985 17.05944535309269 -93.49562722818672
  endloop
endfacet
facet normal 1.45044e-15 0.784747 0.619817
  outer loop
    vertex -1.458333333333336 18.38909020632854 -95.17908325583029
    vertex -2.257301053717985 17.05944535309269 -93.49562722818672
    vertex -3.552713678800501e-15 16.77818041265709 -93.13951923574889
  endloop
endfacet
facet normal -1.40778e-15 0.784747 0.619817
  outer loop
    vertex -3.552713678800501e-15 16.77818041265709 -93.13951923574889
    vertex 2.257301053717979 17.05944535309269 -93.49562722818672
    vertex 1.458333333333331 18.38909020632854 -95.17908325583029
  endloop
endfacet
facet normal -1.45044e-15 0.784747 0.619817
  outer loop
    vertex 2.257301053717979 17.05944535309269 -93.49562722818672
    vertex 3.715634387051313 18.67035514676414 -95.53519124826812
    vertex 1.458333333333331 18.38909020632854 -95.17908325583029
  endloop
endfacet
facet normal 2.98621e-15 0.784747 0.619817
  outer loop
    vertex 2.257301053717979 17.05944535309269 -93.49562722818672
    vertex 4.514602107435961 17.34071029352829 -93.85173522062456
    vertex 3.715634387051313 18.67035514676414 -95.53519124826812
  endloop
endfacet
facet normal -1.17315e-15 0.784747 0.619817
  outer loop
    vertex 1.458333333333331 18.38909020632854 -95.17908325583029
    vertex 3.715634387051313 18.67035514676414 -95.53519124826812
    vertex 2.916666666666666 20 -97.21864727591169
  endloop
endfacet
facet normal 5.61104e-16 0.784747 0.619817
  outer loop
    vertex -3.552713678800501e-15 16.77818041265709 -93.13951923574889
    vertex -2.257301053717985 17.05944535309269 -93.49562722818672
    vertex -2.204325302179241 15.55876730455609 -91.59562701368344
  endloop
endfacet
facet normal 0 0.784747 0.619817
  outer loop
    vertex -2.257301053717985 17.05944535309269 -93.49562722818672
    vertex -4.461626355897222 15.84003224499168 -91.95173500612127
    vertex -2.204325302179241 15.55876730455609 -91.59562701368344
  endloop
endfacet
facet normal -3.7339e-15 0.784747 0.619817
  outer loop
    vertex -2.257301053717985 17.05944535309269 -93.49562722818672
    vertex -4.514602107435966 17.34071029352828 -93.85173522062456
    vertex -4.461626355897222 15.84003224499168 -91.95173500612127
  endloop
endfacet
facet normal 7.95748e-16 0.784747 0.619817
  outer loop
    vertex -2.204325302179241 15.55876730455609 -91.59562701368344
    vertex -4.461626355897222 15.84003224499168 -91.95173500612127
    vertex -4.408650604358478 14.33935419645509 -90.05173479161797
  endloop
endfacet
facet normal 2.85653e-15 0.784747 0.619817
  outer loop
    vertex 4.408650604358453 14.3393541964551 -90.051734791618
    vertex 4.461626355897207 15.84003224499169 -91.95173500612128
    vertex 2.204325302179225 15.5587673045561 -91.59562701368344
  endloop
endfacet
facet normal 2.88714e-15 0.784747 0.619817
  outer loop
    vertex 4.461626355897207 15.84003224499169 -91.95173500612128
    vertex 2.257301053717979 17.05944535309269 -93.49562722818672
    vertex 2.204325302179225 15.5587673045561 -91.59562701368344
  endloop
endfacet
facet normal 2.85653e-15 0.784747 0.619817
  outer loop
    vertex 4.461626355897207 15.84003224499169 -91.95173500612128
    vertex 4.514602107435961 17.34071029352829 -93.85173522062456
    vertex 2.257301053717979 17.05944535309269 -93.49562722818672
  endloop
endfacet
facet normal -1.061e-15 0.784747 0.619817
  outer loop
    vertex 2.204325302179225 15.5587673045561 -91.59562701368344
    vertex 2.257301053717979 17.05944535309269 -93.49562722818672
    vertex -3.552713678800501e-15 16.77818041265709 -93.13951923574889
  endloop
endfacet
facet normal 1.28763e-16 0.784747 0.619817
  outer loop
    vertex 8.75 16.26309850219135 -92.48737686495457
    vertex 6.63230105371798 16.80190439785982 -93.16955604278957
    vertex 6.579325302179226 15.30122634932323 -91.26955582828629
  endloop
endfacet
facet normal 1.28763e-16 0.784747 0.619817
  outer loop
    vertex 6.63230105371798 16.80190439785982 -93.16955604278957
    vertex 4.461626355897207 15.84003224499169 -91.95173500612128
    vertex 6.579325302179226 15.30122634932323 -91.26955582828629
  endloop
endfacet
facet normal 1.28763e-16 0.784747 0.619817
  outer loop
    vertex 6.63230105371798 16.80190439785982 -93.16955604278957
    vertex 4.514602107435961 17.34071029352829 -93.85173522062456
    vertex 4.461626355897207 15.84003224499169 -91.95173500612128
  endloop
endfacet
facet normal 1.28763e-16 0.784747 0.619817
  outer loop
    vertex 6.579325302179226 15.30122634932323 -91.26955582828629
    vertex 4.461626355897207 15.84003224499169 -91.95173500612128
    vertex 4.408650604358453 14.3393541964551 -90.051734791618
  endloop
endfacet
facet normal 1.24471e-15 0.784747 0.619817
  outer loop
    vertex -4.408650604358478 14.33935419645509 -90.05173479161797
    vertex -4.461626355897222 15.84003224499168 -91.95173500612127
    vertex -6.579325302179239 15.30122634932321 -91.26955582828626
  endloop
endfacet
facet normal 1.48077e-15 0.784747 0.619817
  outer loop
    vertex -4.461626355897222 15.84003224499168 -91.95173500612127
    vertex -6.632301053717983 16.80190439785981 -93.16955604278955
    vertex -6.579325302179239 15.30122634932321 -91.26955582828626
  endloop
endfacet
facet normal 1.88852e-15 0.784747 0.619817
  outer loop
    vertex -4.461626355897222 15.84003224499168 -91.95173500612127
    vertex -4.514602107435966 17.34071029352828 -93.85173522062456
    vertex -6.632301053717983 16.80190439785981 -93.16955604278955
  endloop
endfacet
facet normal -1.97436e-15 0.784747 0.619817
  outer loop
    vertex -6.579325302179239 15.30122634932321 -91.26955582828626
    vertex -6.632301053717983 16.80190439785981 -93.16955604278955
    vertex -8.75 16.26309850219134 -92.48737686495456
  endloop
endfacet
facet normal 0 1 0
  outer loop
    vertex 2.916666666666666 20 -97.21864727591169
    vertex 1.458333333333333 20 -98.60932363795584
    vertex 0 20 -97.21864727591169
  endloop
endfacet
facet normal 0 1 0
  outer loop
    vertex 1.458333333333333 20 -98.60932363795584
    vertex -1.458333333333334 20 -98.60932363795584
    vertex 0 20 -97.21864727591169
  endloop
endfacet
facet normal 0 1 0
  outer loop
    vertex 1.458333333333333 20 -98.60932363795584
    vertex 0 20 -100
    vertex -1.458333333333334 20 -98.60932363795584
  endloop
endfacet
facet normal 0 1 0
  outer loop
    vertex 0 20 -97.21864727591169
    vertex -1.458333333333334 20 -98.60932363795584
    vertex -2.916666666666668 20 -97.21864727591169
  endloop
endfacet
facet normal 0 1 0
  outer loop
    vertex -2.916666666666668 20 -102.7813527240883
    vertex -1.458333333333334 20 -101.3906763620441
    vertex 0 20 -102.7813527240883
  endloop
endfacet
facet normal -0 1 0
  outer loop
    vertex -1.458333333333334 20 -101.3906763620441
    vertex 1.458333333333333 20 -101.3906763620441
    vertex 0 20 -102.7813527240883
  endloop
endfacet
facet normal 0 1 0
  outer loop
    vertex -1.458333333333334 20 -101.3906763620441
    vertex 0 20 -100
    vertex 1.458333333333333 20 -101.3906763620441
  endloop
endfacet
facet normal 0 1 0
  outer loop
    vertex 0 20 -102.7813527240883
    vertex 1.458333333333333 20 -101.3906763620441
    vertex 2.916666666666666 20 -102.7813527240883
  endloop
endfacet
facet normal 0 1 0
  outer loop
    vertex -2.916666666666668 20 -97.21864727591169
    vertex -4.375 20 -98.60932363795584
    vertex -5.833333333333334 20 -97.21864727591169
  endloop
endfacet
facet normal 0 1 0
  outer loop
    vertex -4.375 20 -98.60932363795584
    vertex -7.291666666666668 20 -98.60932363795584
    vertex -5.833333333333334 20 -97.21864727591169
  endloop
endfacet
facet normal 0 1 0
  outer loop
    vertex -4.375 20 -98.60932363795584
    vertex -5.833333333333334 20 -100
    vertex -7.291666666666668 20 -98.60932363795584
  endloop
endfacet
facet normal 0 1 0
  outer loop
    vertex -5.833333333333334 20 -97.21864727591169
    vertex -7.291666666666668 20 -98.60932363795584
    vertex -8.75 20 -97.21864727591169
  endloop
endfacet
facet normal 0 1 0
  outer loop
    vertex -8.75 20 -102.7813527240883
    vertex -7.291666666666668 20 -101.3906763620442
    vertex -5.833333333333334 20 -102.7813527240883
  endloop
endfacet
facet normal -0 1 0
  outer loop
    vertex -7.291666666666668 20 -101.3906763620442
    vertex -4.375 20 -101.3906763620442
    vertex -5.833333333333334 20 -102.7813527240883
  endloop
endfacet
facet normal 0 1 0
  outer loop
    vertex -7.291666666666668 20 -101.3906763620442
    vertex -5.833333333333334 20 -100
    vertex -4.375 20 -101.3906763620442
  endloop
endfacet
facet normal 0 1 0
  outer loop
    vertex -5.833333333333334 20 -102.7813527240883
    vertex -4.375 20 -101.3906763620442
    vertex -2.916666666666668 20 -102.7813527240883
  endloop
endfacet
facet normal 0 1 0
  outer loop
    vertex 8.75 20 -97.21864727591169
    vertex 7.291666666666666 20 -98.60932363795584
    vertex 5.833333333333333 20 -97.21864727591169
  endloop
endfacet
facet normal 0 1 0
  outer loop
    vertex 7.291666666666666 20 -98.60932363795584
    vertex 4.375 20 -98.60932363795584
    vertex 5.833333333333333 20 -97.21864727591169
  endloop
endfacet
facet normal 0 1 0
  outer loop
    vertex 7.291666666666666 20 -98.60932363795584
    vertex 5.833333333333333 20 -100
    vertex 4.375 20 -98.60932363795584
  endloop
endfacet
facet normal 0 1 0
  outer loop
    vertex 5.833333333333333 20 -97.21864727591169
    vertex 4.375 20 -98.60932363795584
    vertex 2.916666666666666 20 -97.21864727591169
  endloop
endfacet
facet normal 0 1 0
  outer loop
    vertex 2.916666666666666 20 -102.7813527240883
    vertex 4.375 20 -101.3906763620442
    vertex 5.833333333333333 20 -102.7813527240883
  endloop
endfacet
facet normal -0 1 0
  outer loop
    vertex 4.375 20 -101.3906763620442
    vertex 7.291666666666666 20 -101.3906763620442
    vertex 5.833333333333333 20 -102.7813527240883
  endloop
endfacet
facet normal 0 1 0
  outer loop
    vertex 4.375 20 -101.3906763620442
    vertex 5.833333333333333 20 -100
    vertex 7.291666666666666 20 -101.3906763620442
  endloop
endfacet
facet normal 0 1 0
  outer loop
    vertex 5.833333333333333 20 -102.7813527240883
    vertex 7.291666666666666 20 -101.3906763620442
    vertex 8.75 20 -102.7813527240883
  endloop
endfacet
facet normal 0 1 0
  outer loop
    vertex -8.75 20 -97.21864727591169
    vertex -7.291666666666668 20 -98.60932363795584
    vertex -8.75 20 -100
  endloop
endfacet
facet normal 0 1 0
  outer loop
    vertex -7.291666666666668 20 -98.60932363795584
    vertex -7.291666666666668 20 -101.3906763620442
    vertex -8.75 20 -100
  endloop
endfacet
facet normal 0 1 0
  outer loop
    vertex -7.291666666666668 20 -98.60932363795584
    vertex -5.833333333333334 20 -100
    vertex -7.291666666666668 20 -101.3906763620442
  endloop
endfacet
facet normal 0 1 0
  outer loop
    vertex -8.75 20 -100
    vertex -7.291666666666668 20 -101.3906763620442
    vertex -8.75 20 -102.7813527240883
  endloop
endfacet
facet normal 0 1 -0
  outer loop
    vertex 8.75 20 -102.7813527240883
    vertex 7.291666666666666 20 -101.3906763620442
    vertex 8.75 20 -100
  endloop
endfacet
facet normal 0 1 0
  outer loop
    vertex 7.291666666666666 20 -101.3906763620442
    vertex 7.291666666666666 20 -98.60932363795584
    vertex 8.75 20 -100
  endloop
endfacet
facet normal 0 1 -0
  outer loop
    vertex 7.291666666666666 20 -101.3906763620442
    vertex 5.833333333333333 20 -100
    vertex 7.291666666666666 20 -98.60932363795584
  endloop
endfacet
facet normal 0 1 -0
  outer loop
    vertex 8.75 20 -100
    vertex 7.291666666666666 20 -98.60932363795584
    vertex 8.75 20 -97.21864727591169
  endloop
endfacet
facet normal 0 1 0
  outer loop
    vertex 2.916666666666666 20 -97.21864727591169
    vertex 4.375 20 -98.60932363795584
    vertex 2.916666666666666 20 -100
  endloop
endfacet
facet normal 0 1 0
  outer loop
    vertex 4.375 20 -98.60932363795584
    vertex 4.375 20 -101.3906763620442
    vertex 2.916666666666666 20 -100
  endloop
endfacet
facet normal 0 1 0
  outer loop
    vertex 4.375 20 -98.60932363795584
    vertex 5.833333333333333 20 -100
    vertex 4.375 20 -101.3906763620442
  endloop
endfacet
facet normal 0 1 0
  outer loop
    vertex 2.916666666666666 20 -100
    vertex 4.375 20 -101.3906763620442
    vertex 2.916666666666666 20 -102.7813527240883
  endloop
endfacet
facet normal 0 1 -0
  outer loop
    vertex 2.916666666666666 20 -102.7813527240883
    vertex 1.458333333333333 20 -101.3906763620441
    vertex 2.916666666666666 20 -100
  endloop
endfacet
facet normal 0 1 0
  outer loop
    vertex 1.458333333333333 20 -101.3906763620441
    vertex 1.458333333333333 20 -98.60932363795584
    vertex 2.916666666666666 20 -100
  endloop
endfacet
facet normal 0 1 -0
  outer loop
    vertex 1.458333333333333 20 -101.3906763620441
    vertex 0 20 -100
    vertex 1.458333333333333 20 -98.60932363795584
  endloop
endfacet
facet normal 0 1 -0
  outer loop
    vertex 2.916666666666666 20 -100
    vertex 1.458333333333333 20 -98.60932363795584
    vertex 2.916666666666666 20 -97.21864727591169
  endloop
endfacet
facet normal 0 1 -0
  outer loop
    vertex -2.916666666666668 20 -102.7813527240883
    vertex -4.375 20 -101.3906763620442
    vertex -2.916666666666668 20 -100
  endloop
endfacet
facet normal 0 1 0
  outer loop
    vertex -4.375 20 -101.3906763620442
    vertex -4.375 20 -98.60932363795584
    vertex -2.916666666666668 20 -100
  endloop
endfacet
facet normal 0 1 -0
  outer loop
    vertex -4.375 20 -101.3906763620442
    vertex -5.833333333333334 20 -100
    vertex -4.375 20 -98.60932363795584
  endloop
endfacet
facet normal 0 1 -0
  outer loop
    vertex -2.916666666666668 20 -100
    vertex -4.375 20 -98.60932363795584
    vertex -2.916666666666668 20 -97.21864727591169
  endloop
endfacet
facet normal 0 1 0
  outer loop
    vertex -2.916666666666668 20 -97.21864727591169
    vertex -1.458333333333334 20 -98.60932363795584
    vertex -2.916666666666668 20 -100
  endloop
endfacet
facet normal 0 1 0
  outer loop
    vertex -1.458333333333334 20 -98.60932363795584
    vertex -1.458333333333334 20 -101.3906763620441
    vertex -2.916666666666668 20 -100
  endloop
endfacet
facet normal 0 1 0
  outer loop
    vertex -1.458333333333334 20 -98.60932363795584
    vertex 0 20 -100
    vertex -1.458333333333334 20 -101.3906763620441
  endloop
endfacet
facet normal 0 1 0
  outer loop
    vertex -2.916666666666668 20 -100
    vertex -1.458333333333334 20 -101.3906763620441
    vertex -2.916666666666668 20 -102.7813527240883
  endloop
endfacet
facet normal -2.24758e-15 0.784747 -0.619817
  outer loop
    vertex -3.533400671152098 14.84104181306524 -109.3130812792891
    vertex 0.142923434609445 15.1113712608939 -108.97081865383
    vertex -0.2089240455537045 13.22833761828686 -111.354917180732
  endloop
endfacet
facet normal 5.64414e-16 0.784747 -0.619817
  outer loop
    vertex 0.142923434609445 15.1113712608939 -108.97081865383
    vertex 3.467400060207838 13.49866706611552 -111.0126545552729
    vertex -0.2089240455537045 13.22833761828686 -111.354917180732
  endloop
endfacet
facet normal 5.64414e-16 0.784747 -0.619817
  outer loop
    vertex 0.142923434609445 15.1113712608939 -108.97081865383
    vertex 3.819247540370988 15.38170070872256 -108.6285560283709
    vertex 3.467400060207838 13.49866706611552 -111.0126545552729
  endloop
endfacet
facet normal 5.03941e-16 0.784747 -0.619817
  outer loop
    vertex -0.2089240455537045 13.22833761828686 -111.354917180732
    vertex 3.467400060207838 13.49866706611552 -111.0126545552729
    vertex 3.115552580044689 11.61563342350848 -113.3967530821749
  endloop
endfacet
facet normal 1.55684e-15 0.784747 -0.619817
  outer loop
    vertex -4.074353974058017 11.14138739538014 -113.9971933671847
    vertex -3.803877322605057 12.99121460422269 -111.6551373232369
    vertex -0.479400697006664 11.37851040944431 -113.6969732246798
  endloop
endfacet
facet normal -5.9557e-16 0.784747 -0.619817
  outer loop
    vertex -3.803877322605057 12.99121460422269 -111.6551373232369
    vertex -0.2089240455537045 13.22833761828686 -111.354917180732
    vertex -0.479400697006664 11.37851040944431 -113.6969732246798
  endloop
endfacet
facet normal -9.19477e-16 0.784747 -0.619817
  outer loop
    vertex -3.803877322605057 12.99121460422269 -111.6551373232369
    vertex -3.533400671152098 14.84104181306524 -109.3130812792891
    vertex -0.2089240455537045 13.22833761828686 -111.354917180732
  endloop
endfacet
facet normal -5.9557e-16 0.784747 -0.619817
  outer loop
    vertex -0.479400697006664 11.37851040944431 -113.6969732246798
    vertex -0.2089240455537045 13.22833761828686 -111.354917180732
    vertex 3.115552580044689 11.61563342350848 -113.3967530821749
  endloop
endfacet
facet normal 1.19454e-15 0.784747 -0.619817
  outer loop
    vertex 0 17.73336464252187 -105.6511272700736
    vertex 1.909623770185494 16.55753267562221 -107.1398416492222
    vertex -1.766700335576049 16.28720322779355 -107.4821042746814
  endloop
endfacet
facet normal 1.08077e-15 0.784747 -0.619817
  outer loop
    vertex 1.909623770185494 16.55753267562221 -107.1398416492222
    vertex 0.142923434609445 15.1113712608939 -108.97081865383
    vertex -1.766700335576049 16.28720322779355 -107.4821042746814
  endloop
endfacet
facet normal 2.84414e-16 0.784747 -0.619817
  outer loop
    vertex 1.909623770185494 16.55753267562221 -107.1398416492222
    vertex 3.819247540370988 15.38170070872256 -108.6285560283709
    vertex 0.142923434609445 15.1113712608939 -108.97081865383
  endloop
endfacet
facet normal -2.04778e-15 0.784747 -0.619817
  outer loop
    vertex -1.766700335576049 16.28720322779355 -107.4821042746814
    vertex 0.142923434609445 15.1113712608939 -108.97081865383
    vertex -3.533400671152098 14.84104181306524 -109.3130812792891
  endloop
endfacet
facet normal -1.01461e-15 0.784747 -0.619817
  outer loop
    vertex 3.115552580044689 11.61563342350848 -113.3967530821749
    vertex 1.477876173854566 10.12096048472345 -115.2891502602859
    vertex -0.479400697006664 11.37851040944431 -113.6969732246798
  endloop
endfacet
facet normal -1.01461e-15 0.784747 -0.619817
  outer loop
    vertex 1.477876173854566 10.12096048472345 -115.2891502602859
    vertex -2.117077103196786 9.883837470659282 -115.5893704027908
    vertex -0.479400697006664 11.37851040944431 -113.6969732246798
  endloop
endfacet
facet normal -5.93583e-16 0.784747 -0.619817
  outer loop
    vertex 1.477876173854566 10.12096048472345 -115.2891502602859
    vertex -0.1598002323355558 8.626287545938428 -117.1815474383969
    vertex -2.117077103196786 9.883837470659282 -115.5893704027908
  endloop
endfacet
facet normal 1.6289e-15 0.784747 -0.619817
  outer loop
    vertex -0.479400697006664 11.37851040944431 -113.6969732246798
    vertex -2.117077103196786 9.883837470659282 -115.5893704027908
    vertex -4.074353974058017 11.14138739538014 -113.9971933671847
  endloop
endfacet
facet normal 0 0.784747 -0.619817
  outer loop
    vertex 2.916666666666666 20 -102.7813527240883
    vertex 1.458333333333333 18.86668232126094 -104.2162399970809
    vertex 0 20 -102.7813527240883
  endloop
endfacet
facet normal 0 0.784747 -0.619817
  outer loop
    vertex 1.458333333333333 18.86668232126094 -104.2162399970809
    vertex -1.458333333333334 18.86668232126094 -104.2162399970809
    vertex 0 20 -102.7813527240883
  endloop
endfacet
facet normal 0 0.784747 -0.619817
  outer loop
    vertex 1.458333333333333 18.86668232126094 -104.2162399970809
    vertex 0 17.73336464252187 -105.6511272700736
    vertex -1.458333333333334 18.86668232126094 -104.2162399970809
  endloop
endfacet
facet normal 0 0.784747 -0.619817
  outer loop
    vertex 0 20 -102.7813527240883
    vertex -1.458333333333334 18.86668232126094 -104.2162399970809
    vertex -2.916666666666668 20 -102.7813527240883
  endloop
endfacet
facet normal -1.66223e-15 0.784747 -0.619817
  outer loop
    vertex -8.75 13.20009392756559 -111.3906763620442
    vertex -6.412176987029008 12.17074066147287 -112.6939348646144
    vertex -8.75 11.50011740945699 -113.5430072715331
  endloop
endfacet
facet normal -1.41982e-15 0.784747 -0.619817
  outer loop
    vertex -6.412176987029008 12.17074066147287 -112.6939348646144
    vertex -6.412176987029008 10.47076414336426 -114.8462657741034
    vertex -8.75 11.50011740945699 -113.5430072715331
  endloop
endfacet
facet normal -8.31113e-16 0.784747 -0.619817
  outer loop
    vertex -6.412176987029008 12.17074066147287 -112.6939348646144
    vertex -4.074353974058017 11.14138739538014 -113.9971933671847
    vertex -6.412176987029008 10.47076414336426 -114.8462657741034
  endloop
endfacet
facet normal 8.31113e-16 0.784747 -0.619817
  outer loop
    vertex -8.75 11.50011740945699 -113.5430072715331
    vertex -6.412176987029008 10.47076414336426 -114.8462657741034
    vertex -8.75 9.80014089134839 -115.6953381810221
  endloop
endfacet
facet normal -8.62106e-17 0.784747 -0.619817
  outer loop
    vertex 8.75 9.80014089134839 -115.6953381810221
    vertex 5.932776290022344 10.70788715742843 -114.5460456315985
    vertex 8.75 11.50011740945699 -113.5430072715331
  endloop
endfacet
facet normal -8.62106e-17 0.784747 -0.619817
  outer loop
    vertex 5.932776290022344 10.70788715742843 -114.5460456315985
    vertex 5.932776290022344 12.40786367553704 -112.3937147221095
    vertex 8.75 11.50011740945699 -113.5430072715331
  endloop
endfacet
facet normal 4.02316e-16 0.784747 -0.619817
  outer loop
    vertex 5.932776290022344 10.70788715742843 -114.5460456315985
    vertex 3.115552580044689 11.61563342350848 -113.3967530821749
    vertex 5.932776290022344 12.40786367553704 -112.3937147221095
  endloop
endfacet
facet normal -1.49432e-15 0.784747 -0.619817
  outer loop
    vertex 8.75 11.50011740945699 -113.5430072715331
    vertex 5.932776290022344 12.40786367553704 -112.3937147221095
    vertex 8.75 13.20009392756559 -111.3906763620442
  endloop
endfacet
facet normal 0 0.784747 -0.619817
  outer loop
    vertex -2.916666666666668 6.400187855131188 -120
    vertex -1.538233449501112 7.513237700534808 -118.5907737191985
    vertex 0 6.400187855131188 -120
  endloop
endfacet
facet normal 0 0.784747 -0.619817
  outer loop
    vertex -1.538233449501112 7.513237700534808 -118.5907737191985
    vertex 1.378433217165555 7.513237700534808 -118.5907737191985
    vertex 0 6.400187855131188 -120
  endloop
endfacet
facet normal 0 0.784747 -0.619817
  outer loop
    vertex -1.538233449501112 7.513237700534808 -118.5907737191985
    vertex -0.1598002323355558 8.626287545938428 -117.1815474383969
    vertex 1.378433217165555 7.513237700534808 -118.5907737191985
  endloop
endfacet
facet normal 0 0.784747 -0.619817
  outer loop
    vertex 0 6.400187855131188 -120
    vertex 1.378433217165555 7.513237700534808 -118.5907737191985
    vertex 2.916666666666666 6.400187855131188 -120
  endloop
endfacet
facet normal 5.27657e-16 0.784747 -0.619817
  outer loop
    vertex -8.75 16.6000469637828 -107.0860145430662
    vertex -6.141700335576049 15.72054438842402 -108.1995479111777
    vertex -8.75 14.9000704456742 -109.2383454525552
  endloop
endfacet
facet normal 2.79348e-16 0.784747 -0.619817
  outer loop
    vertex -6.141700335576049 15.72054438842402 -108.1995479111777
    vertex -6.141700335576049 14.02056787031542 -110.3518788206666
    vertex -8.75 14.9000704456742 -109.2383454525552
  endloop
endfacet
facet normal 1.89336e-15 0.784747 -0.619817
  outer loop
    vertex -6.141700335576049 15.72054438842402 -108.1995479111777
    vertex -3.533400671152098 14.84104181306524 -109.3130812792891
    vertex -6.141700335576049 14.02056787031542 -110.3518788206666
  endloop
endfacet
facet normal 5.58696e-16 0.784747 -0.619817
  outer loop
    vertex -8.75 14.9000704456742 -109.2383454525552
    vertex -6.141700335576049 14.02056787031542 -110.3518788206666
    vertex -8.75 13.20009392756559 -111.3906763620442
  endloop
endfacet
facet normal -1.11649e-15 0.784747 -0.619817
  outer loop
    vertex 8.75 13.20009392756559 -111.3906763620442
    vertex 6.284623770185494 14.29089731814408 -110.0096161952075
    vertex 8.75 14.9000704456742 -109.2383454525552
  endloop
endfacet
facet normal -9.19466e-16 0.784747 -0.619817
  outer loop
    vertex 6.284623770185494 14.29089731814408 -110.0096161952075
    vertex 6.284623770185494 15.99087383625268 -107.8572852857185
    vertex 8.75 14.9000704456742 -109.2383454525552
  endloop
endfacet
facet normal 1.51055e-15 0.784747 -0.619817
  outer loop
    vertex 6.284623770185494 14.29089731814408 -110.0096161952075
    vertex 3.819247540370988 15.38170070872256 -108.6285560283709
    vertex 6.284623770185494 15.99087383625268 -107.8572852857185
  endloop
endfacet
facet normal -1.31352e-15 0.784747 -0.619817
  outer loop
    vertex 8.75 14.9000704456742 -109.2383454525552
    vertex 6.284623770185494 15.99087383625268 -107.8572852857185
    vertex 8.75 16.6000469637828 -107.0860145430662
  endloop
endfacet
facet normal 1.80818e-15 0.784747 -0.619817
  outer loop
    vertex 2.916666666666666 20 -102.7813527240883
    vertex 4.374999999999999 19.1500117409457 -103.8575181788328
    vertex 1.458333333333333 18.86668232126094 -104.2162399970809
  endloop
endfacet
facet normal 9.04088e-16 0.784747 -0.619817
  outer loop
    vertex 4.374999999999999 19.1500117409457 -103.8575181788328
    vertex 2.916666666666666 18.01669406220664 -105.2924054518254
    vertex 1.458333333333333 18.86668232126094 -104.2162399970809
  endloop
endfacet
facet normal 9.04088e-16 0.784747 -0.619817
  outer loop
    vertex 4.374999999999999 19.1500117409457 -103.8575181788328
    vertex 5.833333333333332 18.30002348189141 -104.9336836335773
    vertex 2.916666666666666 18.01669406220664 -105.2924054518254
  endloop
endfacet
facet normal -2.47435e-15 0.784747 -0.619817
  outer loop
    vertex 1.458333333333333 18.86668232126094 -104.2162399970809
    vertex 2.916666666666666 18.01669406220664 -105.2924054518254
    vertex 0 17.73336464252187 -105.6511272700736
  endloop
endfacet
facet normal -1.1329e-15 0.784747 -0.619817
  outer loop
    vertex 0 17.73336464252187 -105.6511272700736
    vertex -2.650513639684631 17.89803773618178 -105.4426355728825
    vertex -1.458333333333334 18.86668232126094 -104.2162399970809
  endloop
endfacet
facet normal 9.95952e-16 0.784747 -0.619817
  outer loop
    vertex -2.650513639684631 17.89803773618178 -105.4426355728825
    vertex -4.108846973017965 19.03135541492085 -104.0077482998899
    vertex -1.458333333333334 18.86668232126094 -104.2162399970809
  endloop
endfacet
facet normal 9.77278e-16 0.784747 -0.619817
  outer loop
    vertex -2.650513639684631 17.89803773618178 -105.4426355728825
    vertex -5.301027279369261 18.0627108298417 -105.2341438756915
    vertex -4.108846973017965 19.03135541492085 -104.0077482998899
  endloop
endfacet
facet normal 1.50638e-15 0.784747 -0.619817
  outer loop
    vertex -1.458333333333334 18.86668232126094 -104.2162399970809
    vertex -4.108846973017965 19.03135541492085 -104.0077482998899
    vertex -2.916666666666668 20 -102.7813527240883
  endloop
endfacet
facet normal 4.18593e-16 0.784747 -0.619817
  outer loop
    vertex -8.75 13.20009392756559 -111.3906763620442
    vertex -6.141700335576049 14.02056787031542 -110.3518788206666
    vertex -6.412176987029008 12.17074066147287 -112.6939348646144
  endloop
endfacet
facet normal 1.55477e-15 0.784747 -0.619817
  outer loop
    vertex -6.141700335576049 14.02056787031542 -110.3518788206666
    vertex -3.803877322605057 12.99121460422269 -111.6551373232369
    vertex -6.412176987029008 12.17074066147287 -112.6939348646144
  endloop
endfacet
facet normal 1.55477e-15 0.784747 -0.619817
  outer loop
    vertex -6.141700335576049 14.02056787031542 -110.3518788206666
    vertex -3.533400671152098 14.84104181306524 -109.3130812792891
    vertex -3.803877322605057 12.99121460422269 -111.6551373232369
  endloop
endfacet
facet normal 1.55477e-15 0.784747 -0.619817
  outer loop
    vertex -6.412176987029008 12.17074066147287 -112.6939348646144
    vertex -3.803877322605057 12.99121460422269 -111.6551373232369
    vertex -4.074353974058017 11.14138739538014 -113.9971933671847
  endloop
endfacet
facet normal 9.85752e-16 0.784747 -0.619817
  outer loop
    vertex 3.115552580044689 11.61563342350848 -113.3967530821749
    vertex 3.467400060207838 13.49866706611552 -111.0126545552729
    vertex 5.932776290022344 12.40786367553704 -112.3937147221095
  endloop
endfacet
facet normal 6.57168e-16 0.784747 -0.619817
  outer loop
    vertex 3.467400060207838 13.49866706611552 -111.0126545552729
    vertex 6.284623770185494 14.29089731814408 -110.0096161952075
    vertex 5.932776290022344 12.40786367553704 -112.3937147221095
  endloop
endfacet
facet normal 6.8455e-16 0.784747 -0.619817
  outer loop
    vertex 3.467400060207838 13.49866706611552 -111.0126545552729
    vertex 3.819247540370988 15.38170070872256 -108.6285560283709
    vertex 6.284623770185494 14.29089731814408 -110.0096161952075
  endloop
endfacet
facet normal -2.10841e-15 0.784747 -0.619817
  outer loop
    vertex 5.932776290022344 12.40786367553704 -112.3937147221095
    vertex 6.284623770185494 14.29089731814408 -110.0096161952075
    vertex 8.75 13.20009392756559 -111.3906763620442
  endloop
endfacet
facet normal -1.92373e-15 0.784747 -0.619817
  outer loop
    vertex 0 17.73336464252187 -105.6511272700736
    vertex 2.916666666666666 18.01669406220664 -105.2924054518254
    vertex 1.909623770185494 16.55753267562221 -107.1398416492222
  endloop
endfacet
facet normal 2.77295e-16 0.784747 -0.619817
  outer loop
    vertex 2.916666666666666 18.01669406220664 -105.2924054518254
    vertex 4.82629043685216 16.84086209530699 -106.7811198309741
    vertex 1.909623770185494 16.55753267562221 -107.1398416492222
  endloop
endfacet
facet normal 1.94106e-15 0.784747 -0.619817
  outer loop
    vertex 2.916666666666666 18.01669406220664 -105.2924054518254
    vertex 5.833333333333332 18.30002348189141 -104.9336836335773
    vertex 4.82629043685216 16.84086209530699 -106.7811198309741
  endloop
endfacet
facet normal -4.33273e-16 0.784747 -0.619817
  outer loop
    vertex 1.909623770185494 16.55753267562221 -107.1398416492222
    vertex 4.82629043685216 16.84086209530699 -106.7811198309741
    vertex 3.819247540370988 15.38170070872256 -108.6285560283709
  endloop
endfacet
facet normal -2.20257e-15 0.784747 -0.619817
  outer loop
    vertex -3.533400671152098 14.84104181306524 -109.3130812792891
    vertex -4.41721397526068 16.45187632145347 -107.2736125774903
    vertex -1.766700335576049 16.28720322779355 -107.4821042746814
  endloop
endfacet
facet normal -1.84381e-15 0.784747 -0.619817
  outer loop
    vertex -4.41721397526068 16.45187632145347 -107.2736125774903
    vertex -2.650513639684631 17.89803773618178 -105.4426355728825
    vertex -1.766700335576049 16.28720322779355 -107.4821042746814
  endloop
endfacet
facet normal 1.26814e-15 0.784747 -0.619817
  outer loop
    vertex -4.41721397526068 16.45187632145347 -107.2736125774903
    vertex -5.301027279369261 18.0627108298417 -105.2341438756915
    vertex -2.650513639684631 17.89803773618178 -105.4426355728825
  endloop
endfacet
facet normal -7.34189e-16 0.784747 -0.619817
  outer loop
    vertex -1.766700335576049 16.28720322779355 -107.4821042746814
    vertex -2.650513639684631 17.89803773618178 -105.4426355728825
    vertex 0 17.73336464252187 -105.6511272700736
  endloop
endfacet
facet normal 0 0.784747 -0.619817
  outer loop
    vertex 8.75 20 -102.7813527240883
    vertex 7.291666666666666 19.1500117409457 -103.8575181788328
    vertex 5.833333333333333 20 -102.7813527240883
  endloop
endfacet
facet normal 0 0.784747 -0.619817
  outer loop
    vertex 7.291666666666666 19.1500117409457 -103.8575181788328
    vertex 4.374999999999999 19.1500117409457 -103.8575181788328
    vertex 5.833333333333333 20 -102.7813527240883
  endloop
endfacet
facet normal 0 0.784747 -0.619817
  outer loop
    vertex 7.291666666666666 19.1500117409457 -103.8575181788328
    vertex 5.833333333333332 18.30002348189141 -104.9336836335773
    vertex 4.374999999999999 19.1500117409457 -103.8575181788328
  endloop
endfacet
facet normal 0 0.784747 -0.619817
  outer loop
    vertex 5.833333333333333 20 -102.7813527240883
    vertex 4.374999999999999 19.1500117409457 -103.8575181788328
    vertex 2.916666666666666 20 -102.7813527240883
  endloop
endfacet
facet normal 0 0.784747 -0.619817
  outer loop
    vertex -2.916666666666668 20 -102.7813527240883
    vertex -4.108846973017965 19.03135541492085 -104.0077482998899
    vertex -5.833333333333334 20 -102.7813527240883
  endloop
endfacet
facet normal 0 0.784747 -0.619817
  outer loop
    vertex -4.108846973017965 19.03135541492085 -104.0077482998899
    vertex -7.025513639684631 19.03135541492085 -104.0077482998899
    vertex -5.833333333333334 20 -102.7813527240883
  endloop
endfacet
facet normal 0 0.784747 -0.619817
  outer loop
    vertex -4.108846973017965 19.03135541492085 -104.0077482998899
    vertex -5.301027279369261 18.0627108298417 -105.2341438756915
    vertex -7.025513639684631 19.03135541492085 -104.0077482998899
  endloop
endfacet
facet normal 0 0.784747 -0.619817
  outer loop
    vertex -5.833333333333334 20 -102.7813527240883
    vertex -7.025513639684631 19.03135541492085 -104.0077482998899
    vertex -8.75 20 -102.7813527240883
  endloop
endfacet
facet normal 0 0.784747 -0.619817
  outer loop
    vertex 2.916666666666666 6.400187855131188 -120
    vertex 3.961125167693509 7.417434378818255 -118.7120697773297
    vertex 5.833333333333333 6.400187855131188 -120
  endloop
endfacet
facet normal 0 0.784747 -0.619817
  outer loop
    vertex 3.961125167693509 7.417434378818255 -118.7120697773297
    vertex 6.877791834360176 7.417434378818255 -118.7120697773297
    vertex 5.833333333333333 6.400187855131188 -120
  endloop
endfacet
facet normal 0 0.784747 -0.619817
  outer loop
    vertex 3.961125167693509 7.417434378818255 -118.7120697773297
    vertex 5.005583668720352 8.434680902505322 -117.4241395546594
    vertex 6.877791834360176 7.417434378818255 -118.7120697773297
  endloop
endfacet
facet normal 0 0.784747 -0.619817
  outer loop
    vertex 5.833333333333333 6.400187855131188 -120
    vertex 6.877791834360176 7.417434378818255 -118.7120697773297
    vertex 8.75 6.400187855131188 -120
  endloop
endfacet
facet normal 0 0.784747 -0.619817
  outer loop
    vertex -8.75 6.400187855131188 -120
    vertex -7.291666666666668 7.250176114185488 -118.9238345452555
    vertex -5.833333333333334 6.400187855131188 -120
  endloop
endfacet
facet normal 0 0.784747 -0.619817
  outer loop
    vertex -7.291666666666668 7.250176114185488 -118.9238345452555
    vertex -4.375 7.250176114185488 -118.9238345452555
    vertex -5.833333333333334 6.400187855131188 -120
  endloop
endfacet
facet normal 0 0.784747 -0.619817
  outer loop
    vertex -7.291666666666668 7.250176114185488 -118.9238345452555
    vertex -5.833333333333334 8.100164373239789 -117.847669090511
    vertex -4.375 7.250176114185488 -118.9238345452555
  endloop
endfacet
facet normal 0 0.784747 -0.619817
  outer loop
    vertex -5.833333333333334 6.400187855131188 -120
    vertex -4.375 7.250176114185488 -118.9238345452555
    vertex -2.916666666666668 6.400187855131188 -120
  endloop
endfacet
facet normal -5.05701e-17 0.784747 -0.619817
  outer loop
    vertex -0.1598002323355558 8.626287545938428 -117.1815474383969
    vertex -2.996566782834446 8.363225959589109 -117.514608264454
    vertex -2.117077103196786 9.883837470659282 -115.5893704027908
  endloop
endfacet
facet normal -6.74269e-17 0.784747 -0.619817
  outer loop
    vertex -2.996566782834446 8.363225959589109 -117.514608264454
    vertex -4.953843653695674 9.620775884309962 -115.9224312288478
    vertex -2.117077103196786 9.883837470659282 -115.5893704027908
  endloop
endfacet
facet normal -5.05701e-17 0.784747 -0.619817
  outer loop
    vertex -2.996566782834446 8.363225959589109 -117.514608264454
    vertex -5.833333333333334 8.100164373239789 -117.847669090511
    vertex -4.953843653695674 9.620775884309962 -115.9224312288478
  endloop
endfacet
facet normal -5.05701e-17 0.784747 -0.619817
  outer loop
    vertex -2.117077103196786 9.883837470659282 -115.5893704027908
    vertex -4.953843653695674 9.620775884309962 -115.9224312288478
    vertex -4.074353974058017 11.14138739538014 -113.9971933671847
  endloop
endfacet
facet normal 2.39817e-15 0.784747 -0.619817
  outer loop
    vertex 3.115552580044689 11.61563342350848 -113.3967530821749
    vertex 4.06056812438252 10.0251571630069 -115.4104463184172
    vertex 1.477876173854566 10.12096048472345 -115.2891502602859
  endloop
endfacet
facet normal 2.44528e-15 0.784747 -0.619817
  outer loop
    vertex 4.06056812438252 10.0251571630069 -115.4104463184172
    vertex 2.422891718192398 8.530484224221876 -117.3028434965282
    vertex 1.477876173854566 10.12096048472345 -115.2891502602859
  endloop
endfacet
facet normal -8.22231e-16 0.784747 -0.619817
  outer loop
    vertex 4.06056812438252 10.0251571630069 -115.4104463184172
    vertex 5.005583668720352 8.434680902505322 -117.4241395546594
    vertex 2.422891718192398 8.530484224221876 -117.3028434965282
  endloop
endfacet
facet normal -1.57594e-15 0.784747 -0.619817
  outer loop
    vertex 1.477876173854566 10.12096048472345 -115.2891502602859
    vertex 2.422891718192398 8.530484224221876 -117.3028434965282
    vertex -0.1598002323355558 8.626287545938428 -117.1815474383969
  endloop
endfacet
facet normal -3.93945e-16 0.784747 -0.619817
  outer loop
    vertex -2.916666666666668 6.400187855131188 -120
    vertex -4.375 7.250176114185488 -118.9238345452555
    vertex -1.538233449501112 7.513237700534808 -118.5907737191985
  endloop
endfacet
facet normal -3.93945e-16 0.784747 -0.619817
  outer loop
    vertex -4.375 7.250176114185488 -118.9238345452555
    vertex -2.996566782834446 8.363225959589109 -117.514608264454
    vertex -1.538233449501112 7.513237700534808 -118.5907737191985
  endloop
endfacet
facet normal -3.93945e-16 0.784747 -0.619817
  outer loop
    vertex -4.375 7.250176114185488 -118.9238345452555
    vertex -5.833333333333334 8.100164373239789 -117.847669090511
    vertex -2.996566782834446 8.363225959589109 -117.514608264454
  endloop
endfacet
facet normal -3.93945e-16 0.784747 -0.619817
  outer loop
    vertex -1.538233449501112 7.513237700534808 -118.5907737191985
    vertex -2.996566782834446 8.363225959589109 -117.514608264454
    vertex -0.1598002323355558 8.626287545938428 -117.1815474383969
  endloop
endfacet
facet normal -1.57065e-15 0.784747 -0.619817
  outer loop
    vertex -0.1598002323355558 8.626287545938428 -117.1815474383969
    vertex 2.422891718192398 8.530484224221876 -117.3028434965282
    vertex 1.378433217165555 7.513237700534808 -118.5907737191985
  endloop
endfacet
facet normal -1.31203e-15 0.784747 -0.619817
  outer loop
    vertex 2.422891718192398 8.530484224221876 -117.3028434965282
    vertex 3.961125167693509 7.417434378818255 -118.7120697773297
    vertex 1.378433217165555 7.513237700534808 -118.5907737191985
  endloop
endfacet
facet normal -1.02187e-15 0.784747 -0.619817
  outer loop
    vertex 2.422891718192398 8.530484224221876 -117.3028434965282
    vertex 5.005583668720352 8.434680902505322 -117.4241395546594
    vertex 3.961125167693509 7.417434378818255 -118.7120697773297
  endloop
endfacet
facet normal -1.2868e-15 0.784747 -0.619817
  outer loop
    vertex 1.378433217165555 7.513237700534808 -118.5907737191985
    vertex 3.961125167693509 7.417434378818255 -118.7120697773297
    vertex 2.916666666666666 6.400187855131188 -120
  endloop
endfacet
facet normal -1.04467e-15 0.784747 -0.619817
  outer loop
    vertex 8.75 9.80014089134839 -115.6953381810221
    vertex 6.877791834360176 9.117410896926856 -116.5597388678407
    vertex 5.932776290022344 10.70788715742843 -114.5460456315985
  endloop
endfacet
facet normal -1.02568e-15 0.784747 -0.619817
  outer loop
    vertex 6.877791834360176 9.117410896926856 -116.5597388678407
    vertex 4.06056812438252 10.0251571630069 -115.4104463184172
    vertex 5.932776290022344 10.70788715742843 -114.5460456315985
  endloop
endfacet
facet normal 1.17763e-15 0.784747 -0.619817
  outer loop
    vertex 6.877791834360176 9.117410896926856 -116.5597388678407
    vertex 5.005583668720352 8.434680902505322 -117.4241395546594
    vertex 4.06056812438252 10.0251571630069 -115.4104463184172
  endloop
endfacet
facet normal -7.78757e-16 0.784747 -0.619817
  outer loop
    vertex 5.932776290022344 10.70788715742843 -114.5460456315985
    vertex 4.06056812438252 10.0251571630069 -115.4104463184172
    vertex 3.115552580044689 11.61563342350848 -113.3967530821749
  endloop
endfacet
facet normal -1.53171e-15 0.784747 -0.619817
  outer loop
    vertex -4.074353974058017 11.14138739538014 -113.9971933671847
    vertex -4.953843653695674 9.620775884309962 -115.9224312288478
    vertex -6.412176987029008 10.47076414336426 -114.8462657741034
  endloop
endfacet
facet normal 5.80192e-16 0.784747 -0.619817
  outer loop
    vertex -4.953843653695674 9.620775884309962 -115.9224312288478
    vertex -7.291666666666668 8.950152632294088 -116.7715036357666
    vertex -6.412176987029008 10.47076414336426 -114.8462657741034
  endloop
endfacet
facet normal 2.27435e-15 0.784747 -0.619817
  outer loop
    vertex -4.953843653695674 9.620775884309962 -115.9224312288478
    vertex -5.833333333333334 8.100164373239789 -117.847669090511
    vertex -7.291666666666668 8.950152632294088 -116.7715036357666
  endloop
endfacet
facet normal 5.56985e-16 0.784747 -0.619817
  outer loop
    vertex -6.412176987029008 10.47076414336426 -114.8462657741034
    vertex -7.291666666666668 8.950152632294088 -116.7715036357666
    vertex -8.75 9.80014089134839 -115.6953381810221
  endloop
endfacet
facet normal 1.88748e-15 0.784747 -0.619817
  outer loop
    vertex 8.75 16.6000469637828 -107.0860145430662
    vertex 7.291666666666666 17.4500352228371 -106.0098490883217
    vertex 8.75 18.3000234818914 -104.9336836335773
  endloop
endfacet
facet normal 1.943e-15 0.784747 -0.619817
  outer loop
    vertex 7.291666666666666 17.4500352228371 -106.0098490883217
    vertex 7.291666666666666 19.1500117409457 -103.8575181788328
    vertex 8.75 18.3000234818914 -104.9336836335773
  endloop
endfacet
facet normal 1.88748e-15 0.784747 -0.619817
  outer loop
    vertex 7.291666666666666 17.4500352228371 -106.0098490883217
    vertex 5.833333333333332 18.30002348189141 -104.9336836335773
    vertex 7.291666666666666 19.1500117409457 -103.8575181788328
  endloop
endfacet
facet normal -1.11028e-15 0.784747 -0.619817
  outer loop
    vertex 8.75 18.3000234818914 -104.9336836335773
    vertex 7.291666666666666 19.1500117409457 -103.8575181788328
    vertex 8.75 20 -102.7813527240883
  endloop
endfacet
facet normal 2.33507e-15 0.784747 -0.619817
  outer loop
    vertex 8.75 6.400187855131188 -120
    vertex 6.877791834360176 7.417434378818255 -118.7120697773297
    vertex 8.75 8.100164373239789 -117.847669090511
  endloop
endfacet
facet normal 2.33507e-15 0.784747 -0.619817
  outer loop
    vertex 6.877791834360176 7.417434378818255 -118.7120697773297
    vertex 6.877791834360176 9.117410896926856 -116.5597388678407
    vertex 8.75 8.100164373239789 -117.847669090511
  endloop
endfacet
facet normal 2.33507e-15 0.784747 -0.619817
  outer loop
    vertex 6.877791834360176 7.417434378818255 -118.7120697773297
    vertex 5.005583668720352 8.434680902505322 -117.4241395546594
    vertex 6.877791834360176 9.117410896926856 -116.5597388678407
  endloop
endfacet
facet normal -5.18905e-16 0.784747 -0.619817
  outer loop
    vertex 8.75 8.100164373239789 -117.847669090511
    vertex 6.877791834360176 9.117410896926856 -116.5597388678407
    vertex 8.75 9.80014089134839 -115.6953381810221
  endloop
endfacet
facet normal -2.55365e-15 0.784747 -0.619817
  outer loop
    vertex -8.75 9.80014089134839 -115.6953381810221
    vertex -7.291666666666668 8.950152632294088 -116.7715036357666
    vertex -8.75 8.100164373239789 -117.847669090511
  endloop
endfacet
facet normal -2.77571e-15 0.784747 -0.619817
  outer loop
    vertex -7.291666666666668 8.950152632294088 -116.7715036357666
    vertex -7.291666666666668 7.250176114185488 -118.9238345452555
    vertex -8.75 8.100164373239789 -117.847669090511
  endloop
endfacet
facet normal 2.77571e-15 0.784747 -0.619817
  outer loop
    vertex -7.291666666666668 8.950152632294088 -116.7715036357666
    vertex -5.833333333333334 8.100164373239789 -117.847669090511
    vertex -7.291666666666668 7.250176114185488 -118.9238345452555
  endloop
endfacet
facet normal 0 0.784747 -0.619817
  outer loop
    vertex -8.75 8.100164373239789 -117.847669090511
    vertex -7.291666666666668 7.250176114185488 -118.9238345452555
    vertex -8.75 6.400187855131188 -120
  endloop
endfacet
facet normal -4.03738e-15 0.784747 -0.619817
  outer loop
    vertex -8.75 20 -102.7813527240883
    vertex -7.025513639684631 19.03135541492085 -104.0077482998899
    vertex -8.75 18.3000234818914 -104.9336836335773
  endloop
endfacet
facet normal -4.74157e-15 0.784747 -0.619817
  outer loop
    vertex -7.025513639684631 19.03135541492085 -104.0077482998899
    vertex -7.025513639684631 17.33137889681225 -106.1600792093788
    vertex -8.75 18.3000234818914 -104.9336836335773
  endloop
endfacet
facet normal 1.97174e-15 0.784747 -0.619817
  outer loop
    vertex -7.025513639684631 19.03135541492085 -104.0077482998899
    vertex -5.301027279369261 18.0627108298417 -105.2341438756915
    vertex -7.025513639684631 17.33137889681225 -106.1600792093788
  endloop
endfacet
facet normal -2.72288e-15 0.784747 -0.619817
  outer loop
    vertex -8.75 18.3000234818914 -104.9336836335773
    vertex -7.025513639684631 17.33137889681225 -106.1600792093788
    vertex -8.75 16.6000469637828 -107.0860145430662
  endloop
endfacet
facet normal 1.47593e-15 0.784747 -0.619817
  outer loop
    vertex 3.819247540370988 15.38170070872256 -108.6285560283709
    vertex 4.82629043685216 16.84086209530699 -106.7811198309741
    vertex 6.284623770185494 15.99087383625268 -107.8572852857185
  endloop
endfacet
facet normal -2.07553e-16 0.784747 -0.619817
  outer loop
    vertex 4.82629043685216 16.84086209530699 -106.7811198309741
    vertex 7.291666666666666 17.4500352228371 -106.0098490883217
    vertex 6.284623770185494 15.99087383625268 -107.8572852857185
  endloop
endfacet
facet normal -5.07352e-16 0.784747 -0.619817
  outer loop
    vertex 4.82629043685216 16.84086209530699 -106.7811198309741
    vertex 5.833333333333332 18.30002348189141 -104.9336836335773
    vertex 7.291666666666666 17.4500352228371 -106.0098490883217
  endloop
endfacet
facet normal -9.22458e-16 0.784747 -0.619817
  outer loop
    vertex 6.284623770185494 15.99087383625268 -107.8572852857185
    vertex 7.291666666666666 17.4500352228371 -106.0098490883217
    vertex 8.75 16.6000469637828 -107.0860145430662
  endloop
endfacet
facet normal -3.21537e-16 0.784747 -0.619817
  outer loop
    vertex -8.75 16.6000469637828 -107.0860145430662
    vertex -7.025513639684631 17.33137889681225 -106.1600792093788
    vertex -6.141700335576049 15.72054438842402 -108.1995479111777
  endloop
endfacet
facet normal 1.68807e-15 0.784747 -0.619817
  outer loop
    vertex -7.025513639684631 17.33137889681225 -106.1600792093788
    vertex -4.41721397526068 16.45187632145347 -107.2736125774903
    vertex -6.141700335576049 15.72054438842402 -108.1995479111777
  endloop
endfacet
facet normal 2.0297e-15 0.784747 -0.619817
  outer loop
    vertex -7.025513639684631 17.33137889681225 -106.1600792093788
    vertex -5.301027279369261 18.0627108298417 -105.2341438756915
    vertex -4.41721397526068 16.45187632145347 -107.2736125774903
  endloop
endfacet
facet normal 1.36653e-15 0.784747 -0.619817
  outer loop
    vertex -6.141700335576049 15.72054438842402 -108.1995479111777
    vertex -4.41721397526068 16.45187632145347 -107.2736125774903
    vertex -3.533400671152098 14.84104181306524 -109.3130812792891
  endloop
endfacet
facet normal 0 0 1
  outer loop
    vertex 6.103837638622496e-15 5.210473931115373 -84.83183671455562
    vertex -5.007948594892527e-16 4.661982117784045 -84.83183671455562
    vertex 1.690533139217653 4.928603888733583 -84.83183671455562
  endloop
endfacet
facet normal -0 0 1
  outer loop
    vertex -5.007948594892527e-16 4.661982117784045 -84.83183671455562
    vertex 1.599080681360881 4.113490304452717 -84.83183671455562
    vertex 1.690533139217653 4.928603888733583 -84.83183671455562
  endloop
endfacet
facet normal 0 0 1
  outer loop
    vertex -5.007948594892527e-16 4.661982117784045 -84.83183671455562
    vertex -7.105427357601002e-15 4.113490304452717 -84.83183671455562
    vertex 1.599080681360881 4.113490304452717 -84.83183671455562
  endloop
endfacet
facet normal -8.88689e-15 9.97073e-16 1
  outer loop
    vertex 1.690533139217653 4.928603888733583 -84.83183671455562
    vertex 1.599080681360881 4.113490304452717 -84.83183671455562
    vertex 3.198161362721772 4.113490304452717 -84.83183671455561
  endloop
endfacet
facet normal 0 -0 1
  outer loop
    vertex -7.105427357601002e-15 4.113490304452717 -84.83183671455562
    vertex -5.007948594892527e-16 4.661982117784045 -84.83183671455562
    vertex -1.59908068136089 4.113490304452717 -84.83183671455562
  endloop
endfacet
facet normal 0 0 1
  outer loop
    vertex -5.007948594892527e-16 4.661982117784045 -84.83183671455562
    vertex -1.690533139217649 4.928603888733584 -84.83183671455562
    vertex -1.59908068136089 4.113490304452717 -84.83183671455562
  endloop
endfacet
facet normal 0 -0 1
  outer loop
    vertex -5.007948594892527e-16 4.661982117784045 -84.83183671455562
    vertex 6.103837638622496e-15 5.210473931115373 -84.83183671455562
    vertex -1.690533139217649 4.928603888733584 -84.83183671455562
  endloop
endfacet
facet normal 8.88689e-15 9.97073e-16 1
  outer loop
    vertex -1.59908068136089 4.113490304452717 -84.83183671455562
    vertex -1.690533139217649 4.928603888733584 -84.83183671455562
    vertex -3.198161362721773 4.113490304452716 -84.83183671455561
  endloop
endfacet
facet normal -0.411642 -0.200344 0.889052
  outer loop
    vertex 12.0587619720043 4.113490304452716 -81.10591212195055
    vertex 10.67725238983929 6.95203741258306 -81.10591212195055
    vertex 9.876604082665718 4.113490304452717 -82.11627701574282
  endloop
endfacet
facet normal -0.364988 -0.219129 0.904857
  outer loop
    vertex 10.67725238983929 6.95203741258306 -81.10591212195055
    vertex 8.182780502210127 6.756656483723816 -82.15940972771809
    vertex 9.876604082665718 4.113490304452717 -82.11627701574282
  endloop
endfacet
facet normal -0.351664 -0.29702 0.887756
  outer loop
    vertex 10.67725238983929 6.95203741258306 -81.10591212195055
    vertex 8.640253074289683 9.363790343365828 -81.10591212195055
    vertex 8.182780502210127 6.756656483723816 -82.15940972771809
  endloop
endfacet
facet normal -0.396567 -0.239672 0.886167
  outer loop
    vertex 9.876604082665718 4.113490304452717 -82.11627701574282
    vertex 8.182780502210127 6.756656483723816 -82.15940972771809
    vertex 7.681670287278584 4.113490304452717 -83.09852893535725
  endloop
endfacet
facet normal 0.351664 -0.29702 0.887756
  outer loop
    vertex -8.640253074289701 9.363790343365814 -81.10591212195055
    vertex -10.6772523898393 6.952037412583051 -81.10591212195055
    vertex -8.182780502210132 6.756656483723811 -82.15940972771809
  endloop
endfacet
facet normal 0.364988 -0.219129 0.904857
  outer loop
    vertex -10.6772523898393 6.952037412583051 -81.10591212195055
    vertex -9.876604082664956 4.113490304452717 -82.11627701574318
    vertex -8.182780502210132 6.756656483723811 -82.15940972771809
  endloop
endfacet
facet normal 0.411642 -0.200344 0.889052
  outer loop
    vertex -10.6772523898393 6.952037412583051 -81.10591212195055
    vertex -12.0587619720043 4.113490304452719 -81.10591212195055
    vertex -9.876604082664956 4.113490304452717 -82.11627701574318
  endloop
endfacet
facet normal 0.396567 -0.239672 0.886167
  outer loop
    vertex -8.182780502210132 6.756656483723811 -82.15940972771809
    vertex -9.876604082664956 4.113490304452717 -82.11627701574318
    vertex -7.681670287278579 4.113490304452717 -83.09852893535725
  endloop
endfacet
facet normal 0.279873 -0.317059 0.90617
  outer loop
    vertex -8.640253074289701 9.363790343365814 -81.10591212195055
    vertex -8.182780502210132 6.756656483723811 -82.15940972771809
    vertex -5.466767241786157 8.811002355610936 -82.27946551218093
  endloop
endfacet
facet normal 0.303897 -0.349994 0.886088
  outer loop
    vertex -8.182780502210132 6.756656483723811 -82.15940972771809
    vertex -5.043765718018277 6.244341295420698 -83.43833930192085
    vertex -5.466767241786157 8.811002355610936 -82.27946551218093
  endloop
endfacet
facet normal 0.327498 -0.260596 0.908204
  outer loop
    vertex -8.182780502210132 6.756656483723811 -82.15940972771809
    vertex -7.681670287278579 4.113490304452717 -83.09852893535725
    vertex -5.043765718018277 6.244341295420698 -83.43833930192085
  endloop
endfacet
facet normal 0.188597 -0.378137 0.906335
  outer loop
    vertex -5.466767241786157 8.811002355610936 -82.27946551218093
    vertex -5.043765718018277 6.244341295420698 -83.43833930192085
    vertex -2.233343204653667 8.161609621610417 -83.22323958361437
  endloop
endfacet
facet normal -0.337434 -0.257711 0.905386
  outer loop
    vertex 7.681670287278584 4.113490304452717 -83.09852893535725
    vertex 8.182780502210127 6.756656483723816 -82.15940972771809
    vertex 5.104883334600252 5.89207412660697 -83.55262935606575
  endloop
endfacet
facet normal -0.304971 -0.344842 0.887737
  outer loop
    vertex 8.182780502210127 6.756656483723816 -82.15940972771809
    vertex 5.530810183988102 8.465047146878339 -82.40683551784863
    vertex 5.104883334600252 5.89207412660697 -83.55262935606575
  endloop
endfacet
facet normal -0.287361 -0.315076 0.904517
  outer loop
    vertex 8.182780502210127 6.756656483723816 -82.15940972771809
    vertex 8.640253074289683 9.363790343365828 -81.10591212195055
    vertex 5.530810183988102 8.465047146878339 -82.40683551784863
  endloop
endfacet
facet normal -0.206029 -0.369415 0.906137
  outer loop
    vertex 5.104883334600252 5.89207412660697 -83.55262935606575
    vertex 5.530810183988102 8.465047146878339 -82.40683551784863
    vertex 2.371322183308608 7.489708622631057 -83.52283524415593
  endloop
endfacet
facet normal -0.0561483 -0.449733 0.891396
  outer loop
    vertex 3.132564986650927 12.34996272814992 -81.10591212195055
    vertex -4.878001341948208e-15 12.74105736515943 -81.10591212195055
    vertex 0.4525025164602118 10.32174519194478 -82.29801574361939
  endloop
endfacet
facet normal 0.0473557 -0.434363 0.899492
  outer loop
    vertex -4.878001341948208e-15 12.74105736515943 -81.10591212195055
    vertex -2.682976197922735 10.25587066240827 -82.16475235962669
    vertex 0.4525025164602118 10.32174519194478 -82.29801574361939
  endloop
endfacet
facet normal 0.055071 -0.441104 0.895765
  outer loop
    vertex -4.878001341948208e-15 12.74105736515943 -81.10591212195055
    vertex -3.132564986650933 12.34996272814992 -81.10591212195055
    vertex -2.682976197922735 10.25587066240827 -82.16475235962669
  endloop
endfacet
facet normal 0.0473577 -0.442458 0.895538
  outer loop
    vertex 0.4525025164602118 10.32174519194478 -82.29801574361939
    vertex -2.682976197922735 10.25587066240827 -82.16475235962669
    vertex -2.233343204653667 8.161609621610417 -83.22323958361437
  endloop
endfacet
facet normal 0.366319 -0.313794 0.875981
  outer loop
    vertex -7.681670287278579 4.113490304452717 -83.09852893535725
    vertex -5.463232717599582 4.113490304452717 -84.02623919127907
    vertex -5.043765718018277 6.244341295420698 -83.43833930192085
  endloop
endfacet
facet normal 0.242971 -0.302147 0.921777
  outer loop
    vertex -5.463232717599582 4.113490304452717 -84.02623919127907
    vertex -2.725661220012696 6.159943975968732 -84.07703230520055
    vertex -5.043765718018277 6.244341295420698 -83.43833930192085
  endloop
endfacet
facet normal 0.308414 -0.391047 0.867158
  outer loop
    vertex -5.463232717599582 4.113490304452717 -84.02623919127907
    vertex -3.198161362721773 4.113490304452716 -84.83183671455561
    vertex -2.725661220012696 6.159943975968732 -84.07703230520055
  endloop
endfacet
facet normal 0.22545 -0.428631 0.874899
  outer loop
    vertex -5.043765718018277 6.244341295420698 -83.43833930192085
    vertex -2.725661220012696 6.159943975968732 -84.07703230520055
    vertex -2.233343204653667 8.161609621610417 -83.22323958361437
  endloop
endfacet
facet normal -0.308993 -0.386959 0.868784
  outer loop
    vertex 3.198161362721772 4.113490304452717 -84.83183671455561
    vertex 5.463232717614435 4.113490304452717 -84.02623919127321
    vertex 2.793080316333032 5.818971590791996 -84.21628261684006
  endloop
endfacet
facet normal -0.254853 -0.296442 0.92042
  outer loop
    vertex 5.463232717614435 4.113490304452717 -84.02623919127321
    vertex 5.104883334600252 5.89207412660697 -83.55262935606575
    vertex 2.793080316333032 5.818971590791996 -84.21628261684006
  endloop
endfacet
facet normal -0.367087 -0.30771 0.877817
  outer loop
    vertex 5.463232717614435 4.113490304452717 -84.02623919127321
    vertex 7.681670287278584 4.113490304452717 -83.09852893535725
    vertex 5.104883334600252 5.89207412660697 -83.55262935606575
  endloop
endfacet
facet normal -0.237654 -0.422934 0.874441
  outer loop
    vertex 2.793080316333032 5.818971590791996 -84.21628261684006
    vertex 5.104883334600252 5.89207412660697 -83.55262935606575
    vertex 2.371322183308608 7.489708622631057 -83.52283524415593
  endloop
endfacet
facet normal -0.069035 -0.43491 0.897824
  outer loop
    vertex 2.371322183308608 7.489708622631057 -83.52283524415593
    vertex 2.752160017660494 9.920615842774486 -82.31601005610996
    vertex 0.06956667711748446 7.89113105035392 -83.50536993021456
  endloop
endfacet
facet normal -0.0688677 -0.435088 0.89775
  outer loop
    vertex 2.752160017660494 9.920615842774486 -82.31601005610996
    vertex 0.4525025164602118 10.32174519194478 -82.29801574361939
    vertex 0.06956667711748446 7.89113105035392 -83.50536993021456
  endloop
endfacet
facet normal -0.0690511 -0.436116 0.897237
  outer loop
    vertex 2.752160017660494 9.920615842774486 -82.31601005610996
    vertex 3.132564986650927 12.34996272814992 -81.10591212195055
    vertex 0.4525025164602118 10.32174519194478 -82.29801574361939
  endloop
endfacet
facet normal 0.0561131 -0.451244 0.890635
  outer loop
    vertex 0.06956667711748446 7.89113105035392 -83.50536993021456
    vertex 0.4525025164602118 10.32174519194478 -82.29801574361939
    vertex -2.233343204653667 8.161609621610417 -83.22323958361437
  endloop
endfacet
facet normal 0.163032 -0.417094 0.894121
  outer loop
    vertex -3.132564986650933 12.34996272814992 -81.10591212195055
    vertex -6.072817933374449 11.20068860072313 -81.10591212195055
    vertex -2.682976197922735 10.25587066240827 -82.16475235962669
  endloop
endfacet
facet normal 0.170116 -0.399284 0.900907
  outer loop
    vertex -6.072817933374449 11.20068860072313 -81.10591212195055
    vertex -5.466767241786157 8.811002355610936 -82.27946551218093
    vertex -2.682976197922735 10.25587066240827 -82.16475235962669
  endloop
endfacet
facet normal 0.264811 -0.370127 0.890439
  outer loop
    vertex -6.072817933374449 11.20068860072313 -81.10591212195055
    vertex -8.640253074289701 9.363790343365814 -81.10591212195055
    vertex -5.466767241786157 8.811002355610936 -82.27946551218093
  endloop
endfacet
facet normal 0.177686 -0.413251 0.893113
  outer loop
    vertex -2.682976197922735 10.25587066240827 -82.16475235962669
    vertex -5.466767241786157 8.811002355610936 -82.27946551218093
    vertex -2.233343204653667 8.161609621610417 -83.22323958361437
  endloop
endfacet
facet normal -0.265234 -0.370718 0.890067
  outer loop
    vertex 8.640253074289683 9.363790343365828 -81.10591212195055
    vertex 6.072817933374435 11.20068860072314 -81.10591212195055
    vertex 5.530810183988102 8.465047146878339 -82.40683551784863
  endloop
endfacet
facet normal -0.176854 -0.393894 0.901981
  outer loop
    vertex 6.072817933374435 11.20068860072314 -81.10591212195055
    vertex 2.752160017660494 9.920615842774486 -82.31601005610996
    vertex 5.530810183988102 8.465047146878339 -82.40683551784863
  endloop
endfacet
facet normal -0.163841 -0.419165 0.893004
  outer loop
    vertex 6.072817933374435 11.20068860072314 -81.10591212195055
    vertex 3.132564986650927 12.34996272814992 -81.10591212195055
    vertex 2.752160017660494 9.920615842774486 -82.31601005610996
  endloop
endfacet
facet normal -0.187271 -0.413107 0.891219
  outer loop
    vertex 5.530810183988102 8.465047146878339 -82.40683551784863
    vertex 2.752160017660494 9.920615842774486 -82.31601005610996
    vertex 2.371322183308608 7.489708622631057 -83.52283524415593
  endloop
endfacet
facet normal -0.00806858 -0.470015 0.882622
  outer loop
    vertex 6.103837638622496e-15 5.210473931115373 -84.83183671455562
    vertex 1.188313094772812 6.364294713240988 -84.20653910677285
    vertex -1.118531661034034 6.697178828829295 -84.05035937768757
  endloop
endfacet
facet normal 0.00145846 -0.416445 0.90916
  outer loop
    vertex 1.188313094772812 6.364294713240988 -84.20653910677285
    vertex 0.06956667711748446 7.89113105035392 -83.50536993021456
    vertex -1.118531661034034 6.697178828829295 -84.05035937768757
  endloop
endfacet
facet normal -0.0735444 -0.460198 0.884765
  outer loop
    vertex 1.188313094772812 6.364294713240988 -84.20653910677285
    vertex 2.371322183308608 7.489708622631057 -83.52283524415593
    vertex 0.06956667711748446 7.89113105035392 -83.50536993021456
  endloop
endfacet
facet normal 0.0546978 -0.459157 0.886669
  outer loop
    vertex -1.118531661034034 6.697178828829295 -84.05035937768757
    vertex 0.06956667711748446 7.89113105035392 -83.50536993021456
    vertex -2.233343204653667 8.161609621610417 -83.22323958361437
  endloop
endfacet
facet normal 0.205492 -0.380076 0.90184
  outer loop
    vertex -3.198161362721773 4.113490304452716 -84.83183671455561
    vertex -1.690533139217649 4.928603888733584 -84.83183671455562
    vertex -2.725661220012696 6.159943975968732 -84.07703230520055
  endloop
endfacet
facet normal 0.130904 -0.435808 0.890469
  outer loop
    vertex -1.690533139217649 4.928603888733584 -84.83183671455562
    vertex -1.118531661034034 6.697178828829295 -84.05035937768757
    vertex -2.725661220012696 6.159943975968732 -84.07703230520055
  endloop
endfacet
facet normal 0.0703827 -0.422125 0.903801
  outer loop
    vertex -1.690533139217649 4.928603888733584 -84.83183671455562
    vertex 6.103837638622496e-15 5.210473931115373 -84.83183671455562
    vertex -1.118531661034034 6.697178828829295 -84.05035937768757
  endloop
endfacet
facet normal 0.12374 -0.41492 0.901404
  outer loop
    vertex -2.725661220012696 6.159943975968732 -84.07703230520055
    vertex -1.118531661034034 6.697178828829295 -84.05035937768757
    vertex -2.233343204653667 8.161609621610417 -83.22323958361437
  endloop
endfacet
facet normal -0.0698223 -0.418764 0.905407
  outer loop
    vertex 6.103837638622496e-15 5.210473931115373 -84.83183671455562
    vertex 1.690533139217653 4.928603888733583 -84.83183671455562
    vertex 1.188313094772812 6.364294713240988 -84.20653910677285
  endloop
endfacet
facet normal -0.143052 -0.436839 0.888092
  outer loop
    vertex 1.690533139217653 4.928603888733583 -84.83183671455562
    vertex 2.793080316333032 5.818971590791996 -84.21628261684006
    vertex 1.188313094772812 6.364294713240988 -84.20653910677285
  endloop
endfacet
facet normal -0.202567 -0.374666 0.904761
  outer loop
    vertex 1.690533139217653 4.928603888733583 -84.83183671455562
    vertex 3.198161362721772 4.113490304452717 -84.83183671455561
    vertex 2.793080316333032 5.818971590791996 -84.21628261684006
  endloop
endfacet
facet normal -0.133313 -0.408446 0.902995
  outer loop
    vertex 1.188313094772812 6.364294713240988 -84.20653910677285
    vertex 2.793080316333032 5.818971590791996 -84.21628261684006
    vertex 2.371322183308608 7.489708622631057 -83.52283524415593
  endloop
endfacet
facet normal -5.55431e-16 1 -4.96483e-16
  outer loop
    vertex -3.198161362721773 4.113490304452716 -84.83183671455561
    vertex -3.516135028457175 4.113490304452717 -82.68716768819081
    vertex -1.59908068136089 4.113490304452717 -84.83183671455562
  endloop
endfacet
facet normal -0 1 0
  outer loop
    vertex -3.516135028457175 4.113490304452717 -82.68716768819081
    vertex -1.917054347096292 4.113490304452717 -82.68716768819081
    vertex -1.59908068136089 4.113490304452717 -84.83183671455562
  endloop
endfacet
facet normal 0 1 -0
  outer loop
    vertex -3.516135028457175 4.113490304452717 -82.68716768819081
    vertex -3.834108694192576 4.113490304452717 -80.542498661826
    vertex -1.917054347096292 4.113490304452717 -82.68716768819081
  endloop
endfacet
facet normal 0 1 -0
  outer loop
    vertex -1.59908068136089 4.113490304452717 -84.83183671455562
    vertex -1.917054347096292 4.113490304452717 -82.68716768819081
    vertex -7.105427357601002e-15 4.113490304452717 -84.83183671455562
  endloop
endfacet
facet normal 0 1 -0
  outer loop
    vertex 3.198161362721772 4.113490304452717 -84.83183671455561
    vertex 2.78303074963744 4.113490304452717 -83.05574038117635
    vertex 5.463232717614435 4.113490304452717 -84.02623919127321
  endloop
endfacet
facet normal -0 1 0
  outer loop
    vertex 2.78303074963744 4.113490304452717 -83.05574038117635
    vertex 5.024785211915848 4.113490304452717 -82.18908649157717
    vertex 5.463232717614435 4.113490304452717 -84.02623919127321
  endloop
endfacet
facet normal 0 1 -0
  outer loop
    vertex 2.78303074963744 4.113490304452717 -83.05574038117635
    vertex 2.367900136553107 4.113490304452717 -81.27964404779709
    vertex 5.024785211915848 4.113490304452717 -82.18908649157717
  endloop
endfacet
facet normal 0 1 -0
  outer loop
    vertex 5.463232717614435 4.113490304452717 -84.02623919127321
    vertex 5.024785211915848 4.113490304452717 -82.18908649157717
    vertex 7.681670287278584 4.113490304452717 -83.09852893535725
  endloop
endfacet
facet normal 0 1 0
  outer loop
    vertex 7.681670287278581 4.113490304452717 -76.90147106464275
    vertex 5.490254968934309 4.113490304452717 -77.34623138362004
    vertex 5.463232717599582 4.113490304452717 -75.97376080872093
  endloop
endfacet
facet normal 0 1 0
  outer loop
    vertex 5.490254968934309 4.113490304452717 -77.34623138362004
    vertex 3.248500506655905 4.113490304452717 -76.47957749402086
    vertex 5.463232717599582 4.113490304452717 -75.97376080872093
  endloop
endfacet
facet normal 0 1 0
  outer loop
    vertex 5.490254968934309 4.113490304452717 -77.34623138362004
    vertex 3.29883965059004 4.113490304452717 -77.79099170259732
    vertex 3.248500506655905 4.113490304452717 -76.47957749402086
  endloop
endfacet
facet normal 0 1 0
  outer loop
    vertex 5.463232717599582 4.113490304452717 -75.97376080872093
    vertex 3.248500506655905 4.113490304452717 -76.47957749402086
    vertex 3.198161362721772 4.113490304452717 -75.16816328544439
  endloop
endfacet
facet normal 0 1 0
  outer loop
    vertex 7.681670287278581 4.113490304452717 -76.90147106464275
    vertex 7.755744659056695 4.113490304452717 -78.41271719968367
    vertex 5.490254968934309 4.113490304452717 -77.34623138362004
  endloop
endfacet
facet normal 0 1 0
  outer loop
    vertex 7.755744659056695 4.113490304452717 -78.41271719968367
    vertex 5.564329340712426 4.113490304452717 -78.85747751866096
    vertex 5.490254968934309 4.113490304452717 -77.34623138362004
  endloop
endfacet
facet normal 0 1 0
  outer loop
    vertex 7.755744659056695 4.113490304452717 -78.41271719968367
    vertex 7.829819030834813 4.113490304452717 -79.92396333472458
    vertex 5.564329340712426 4.113490304452717 -78.85747751866096
  endloop
endfacet
facet normal 0 1 0
  outer loop
    vertex 5.490254968934309 4.113490304452717 -77.34623138362004
    vertex 5.564329340712426 4.113490304452717 -78.85747751866096
    vertex 3.29883965059004 4.113490304452717 -77.79099170259732
  endloop
endfacet
facet normal 2.86627e-16 1 2.96609e-16
  outer loop
    vertex -3.198161362721773 4.113490304452716 -75.16816328544439
    vertex -3.516135028457175 4.113490304452717 -77.85533097363519
    vertex -5.463232717614431 4.113490304452717 -75.97376080872679
  endloop
endfacet
facet normal 0 1 0
  outer loop
    vertex -3.516135028457175 4.113490304452717 -77.85533097363519
    vertex -5.757889490735579 4.113490304452717 -78.72198486323438
    vertex -5.463232717614431 4.113490304452717 -75.97376080872679
  endloop
endfacet
facet normal 0 1 0
  outer loop
    vertex -3.516135028457175 4.113490304452717 -77.85533097363519
    vertex -3.834108694192576 4.113490304452717 -80.542498661826
    vertex -5.757889490735579 4.113490304452717 -78.72198486323438
  endloop
endfacet
facet normal 0 1 0
  outer loop
    vertex -5.463232717614431 4.113490304452717 -75.97376080872679
    vertex -5.757889490735579 4.113490304452717 -78.72198486323438
    vertex -7.681670287278581 4.113490304452717 -76.90147106464275
  endloop
endfacet
facet normal 0 1 -0
  outer loop
    vertex 7.681670287278584 4.113490304452717 -83.09852893535725
    vertex 5.024785211915848 4.113490304452717 -82.18908649157717
    vertex 7.755744659056699 4.113490304452717 -81.51124613504092
  endloop
endfacet
facet normal 0 1 0
  outer loop
    vertex 5.024785211915848 4.113490304452717 -82.18908649157717
    vertex 5.098859583693958 4.113490304452717 -80.60180369126084
    vertex 7.755744659056699 4.113490304452717 -81.51124613504092
  endloop
endfacet
facet normal 0 1 -0
  outer loop
    vertex 5.024785211915848 4.113490304452717 -82.18908649157717
    vertex 2.367900136553107 4.113490304452717 -81.27964404779709
    vertex 5.098859583693958 4.113490304452717 -80.60180369126084
  endloop
endfacet
facet normal 0 1 -0
  outer loop
    vertex 7.755744659056699 4.113490304452717 -81.51124613504092
    vertex 5.098859583693958 4.113490304452717 -80.60180369126084
    vertex 7.829819030834813 4.113490304452717 -79.92396333472458
  endloop
endfacet
facet normal 0 1 0
  outer loop
    vertex 7.829819030834813 4.113490304452717 -79.92396333472458
    vertex 5.098859583693958 4.113490304452717 -80.60180369126084
    vertex 5.564329340712426 4.113490304452717 -78.85747751866096
  endloop
endfacet
facet normal 0 1 -0
  outer loop
    vertex 5.098859583693958 4.113490304452717 -80.60180369126084
    vertex 2.833369893571572 4.113490304452717 -79.53531787519721
    vertex 5.564329340712426 4.113490304452717 -78.85747751866096
  endloop
endfacet
facet normal 0 1 0
  outer loop
    vertex 5.098859583693958 4.113490304452717 -80.60180369126084
    vertex 2.367900136553107 4.113490304452717 -81.27964404779709
    vertex 2.833369893571572 4.113490304452717 -79.53531787519721
  endloop
endfacet
facet normal 0 1 0
  outer loop
    vertex 5.564329340712426 4.113490304452717 -78.85747751866096
    vertex 2.833369893571572 4.113490304452717 -79.53531787519721
    vertex 3.29883965059004 4.113490304452717 -77.79099170259732
  endloop
endfacet
facet normal 0 1 0
  outer loop
    vertex -3.834108694192576 4.113490304452717 -80.542498661826
    vertex -0.7331042788197344 4.113490304452717 -80.91107135481155
    vertex -1.917054347096292 4.113490304452717 -82.68716768819081
  endloop
endfacet
facet normal 0 1 0
  outer loop
    vertex -0.7331042788197344 4.113490304452717 -80.91107135481155
    vertex 1.183950068276552 4.113490304452717 -83.05574038117635
    vertex -1.917054347096292 4.113490304452717 -82.68716768819081
  endloop
endfacet
facet normal 0 1 0
  outer loop
    vertex -0.7331042788197344 4.113490304452717 -80.91107135481155
    vertex 2.367900136553107 4.113490304452717 -81.27964404779709
    vertex 1.183950068276552 4.113490304452717 -83.05574038117635
  endloop
endfacet
facet normal 0 1 0
  outer loop
    vertex -1.917054347096292 4.113490304452717 -82.68716768819081
    vertex 1.183950068276552 4.113490304452717 -83.05574038117635
    vertex -7.105427357601002e-15 4.113490304452717 -84.83183671455562
  endloop
endfacet
facet normal -2.58888e-16 1 3.6116e-16
  outer loop
    vertex -3.198161362721773 4.113490304452716 -75.16816328544439
    vertex -1.735633708338007 4.113490304452717 -76.57902774103312
    vertex -3.516135028457175 4.113490304452717 -77.85533097363519
  endloop
endfacet
facet normal 0 1 0
  outer loop
    vertex -1.735633708338007 4.113490304452717 -76.57902774103312
    vertex -2.053607374073408 4.113490304452717 -79.26619542922393
    vertex -3.516135028457175 4.113490304452717 -77.85533097363519
  endloop
endfacet
facet normal 0 1 0
  outer loop
    vertex -1.735633708338007 4.113490304452717 -76.57902774103312
    vertex -0.2731060539542405 4.113490304452717 -77.98989219662184
    vertex -2.053607374073408 4.113490304452717 -79.26619542922393
  endloop
endfacet
facet normal 0 1 0
  outer loop
    vertex -3.516135028457175 4.113490304452717 -77.85533097363519
    vertex -2.053607374073408 4.113490304452717 -79.26619542922393
    vertex -3.834108694192576 4.113490304452717 -80.542498661826
  endloop
endfacet
facet normal -0 1 0
  outer loop
    vertex -7.681670287278579 4.113490304452717 -83.09852893535725
    vertex -5.757889490735577 4.113490304452717 -81.82051379859163
    vertex -5.463232717599582 4.113490304452717 -84.02623919127907
  endloop
endfacet
facet normal 0 1 0
  outer loop
    vertex -5.757889490735577 4.113490304452717 -81.82051379859163
    vertex -3.516135028457175 4.113490304452717 -82.68716768819081
    vertex -5.463232717599582 4.113490304452717 -84.02623919127907
  endloop
endfacet
facet normal -0 1 0
  outer loop
    vertex -5.757889490735577 4.113490304452717 -81.82051379859163
    vertex -3.834108694192576 4.113490304452717 -80.542498661826
    vertex -3.516135028457175 4.113490304452717 -82.68716768819081
  endloop
endfacet
facet normal 2.58457e-16 1 -3.75814e-16
  outer loop
    vertex -5.463232717599582 4.113490304452717 -84.02623919127907
    vertex -3.516135028457175 4.113490304452717 -82.68716768819081
    vertex -3.198161362721773 4.113490304452716 -84.83183671455561
  endloop
endfacet
facet normal 4.15557e-16 1 1.84406e-17
  outer loop
    vertex 12.0587619720043 4.113490304452716 -78.89408787804945
    vertex 9.944290501419555 4.113490304452717 -79.40902560638702
    vertex 9.87660408266496 4.113490304452717 -77.88372298425682
  endloop
endfacet
facet normal 0 1 0
  outer loop
    vertex 9.944290501419555 4.113490304452717 -79.40902560638702
    vertex 7.755744659056695 4.113490304452717 -78.41271719968367
    vertex 9.87660408266496 4.113490304452717 -77.88372298425682
  endloop
endfacet
facet normal 0 1 0
  outer loop
    vertex 9.944290501419555 4.113490304452717 -79.40902560638702
    vertex 7.829819030834813 4.113490304452717 -79.92396333472458
    vertex 7.755744659056695 4.113490304452717 -78.41271719968367
  endloop
endfacet
facet normal 0 1 0
  outer loop
    vertex 9.87660408266496 4.113490304452717 -77.88372298425682
    vertex 7.755744659056695 4.113490304452717 -78.41271719968367
    vertex 7.681670287278581 4.113490304452717 -76.90147106464275
  endloop
endfacet
facet normal 9.79725e-16 1 3.57848e-16
  outer loop
    vertex -12.0587619720043 4.113490304452719 -81.10591212195055
    vertex -10.4403916180585 4.113490304452717 -80.57272642037125
    vertex -9.876604082664956 4.113490304452717 -82.11627701574318
  endloop
endfacet
facet normal 0 1 0
  outer loop
    vertex -10.4403916180585 4.113490304452717 -80.57272642037125
    vertex -8.251845775695639 4.113490304452717 -81.56903482707462
    vertex -9.876604082664956 4.113490304452717 -82.11627701574318
  endloop
endfacet
facet normal -0 1 0
  outer loop
    vertex -10.4403916180585 4.113490304452717 -80.57272642037125
    vertex -8.822021264112697 4.113490304452717 -80.03954071879198
    vertex -8.251845775695639 4.113490304452717 -81.56903482707462
  endloop
endfacet
facet normal -0 1 0
  outer loop
    vertex -9.876604082664956 4.113490304452717 -82.11627701574318
    vertex -8.251845775695639 4.113490304452717 -81.56903482707462
    vertex -7.681670287278579 4.113490304452717 -83.09852893535725
  endloop
endfacet
facet normal 0 1 0
  outer loop
    vertex -7.681670287278581 4.113490304452717 -76.90147106464275
    vertex -8.251845775695639 4.113490304452717 -78.47050589171737
    vertex -9.876604082665716 4.113490304452717 -77.88372298425718
  endloop
endfacet
facet normal 0 1 0
  outer loop
    vertex -8.251845775695639 4.113490304452717 -78.47050589171737
    vertex -10.4403916180585 4.113490304452717 -79.46681429842072
    vertex -9.876604082665716 4.113490304452717 -77.88372298425718
  endloop
endfacet
facet normal 0 1 0
  outer loop
    vertex -8.251845775695639 4.113490304452717 -78.47050589171737
    vertex -8.822021264112697 4.113490304452717 -80.03954071879198
    vertex -10.4403916180585 4.113490304452717 -79.46681429842072
  endloop
endfacet
facet normal 9.74769e-16 1 -3.47145e-16
  outer loop
    vertex -9.876604082665716 4.113490304452717 -77.88372298425718
    vertex -10.4403916180585 4.113490304452717 -79.46681429842072
    vertex -12.0587619720043 4.113490304452719 -78.89408787804945
  endloop
endfacet
facet normal 0 1 0
  outer loop
    vertex 7.681670287278584 4.113490304452717 -83.09852893535725
    vertex 7.755744659056699 4.113490304452717 -81.51124613504092
    vertex 9.876604082665718 4.113490304452717 -82.11627701574282
  endloop
endfacet
facet normal -0 1 0
  outer loop
    vertex 7.755744659056699 4.113490304452717 -81.51124613504092
    vertex 9.944290501419555 4.113490304452717 -80.51493772833756
    vertex 9.876604082665718 4.113490304452717 -82.11627701574282
  endloop
endfacet
facet normal 0 1 0
  outer loop
    vertex 7.755744659056699 4.113490304452717 -81.51124613504092
    vertex 7.829819030834813 4.113490304452717 -79.92396333472458
    vertex 9.944290501419555 4.113490304452717 -80.51493772833756
  endloop
endfacet
facet normal 4.15143e-16 1 -1.75475e-17
  outer loop
    vertex 9.876604082665718 4.113490304452717 -82.11627701574282
    vertex 9.944290501419555 4.113490304452717 -80.51493772833756
    vertex 12.0587619720043 4.113490304452716 -81.10591212195055
  endloop
endfacet
facet normal 0 1 0
  outer loop
    vertex -7.105427357601002e-15 4.113490304452717 -84.83183671455562
    vertex 1.183950068276552 4.113490304452717 -83.05574038117635
    vertex 1.599080681360881 4.113490304452717 -84.83183671455562
  endloop
endfacet
facet normal -0 1 0
  outer loop
    vertex 1.183950068276552 4.113490304452717 -83.05574038117635
    vertex 2.78303074963744 4.113490304452717 -83.05574038117635
    vertex 1.599080681360881 4.113490304452717 -84.83183671455562
  endloop
endfacet
facet normal 0 1 0
  outer loop
    vertex 1.183950068276552 4.113490304452717 -83.05574038117635
    vertex 2.367900136553107 4.113490304452717 -81.27964404779709
    vertex 2.78303074963744 4.113490304452717 -83.05574038117635
  endloop
endfacet
facet normal 0 1 0
  outer loop
    vertex 1.599080681360881 4.113490304452717 -84.83183671455562
    vertex 2.78303074963744 4.113490304452717 -83.05574038117635
    vertex 3.198161362721772 4.113490304452717 -84.83183671455561
  endloop
endfacet
facet normal 1.95584e-16 1 -8.03118e-16
  outer loop
    vertex 12.0587619720043 4.113490304452716 -81.10591212195055
    vertex 9.944290501419555 4.113490304452717 -80.51493772833756
    vertex 12.0587619720043 4.113490304452717 -80
  endloop
endfacet
facet normal 0 1 0
  outer loop
    vertex 9.944290501419555 4.113490304452717 -80.51493772833756
    vertex 9.944290501419555 4.113490304452717 -79.40902560638702
    vertex 12.0587619720043 4.113490304452717 -80
  endloop
endfacet
facet normal 0 1 -0
  outer loop
    vertex 9.944290501419555 4.113490304452717 -80.51493772833756
    vertex 7.829819030834813 4.113490304452717 -79.92396333472458
    vertex 9.944290501419555 4.113490304452717 -79.40902560638702
  endloop
endfacet
facet normal 2.24464e-16 1 8.03118e-16
  outer loop
    vertex 12.0587619720043 4.113490304452717 -80
    vertex 9.944290501419555 4.113490304452717 -79.40902560638702
    vertex 12.0587619720043 4.113490304452716 -78.89408787804945
  endloop
endfacet
facet normal 5.29188e-16 1 -1.60624e-15
  outer loop
    vertex -12.0587619720043 4.113490304452719 -78.89408787804945
    vertex -10.4403916180585 4.113490304452717 -79.46681429842072
    vertex -12.0587619720043 4.113490304452717 -80
  endloop
endfacet
facet normal 0 1 0
  outer loop
    vertex -10.4403916180585 4.113490304452717 -79.46681429842072
    vertex -10.4403916180585 4.113490304452717 -80.57272642037125
    vertex -12.0587619720043 4.113490304452717 -80
  endloop
endfacet
facet normal 0 1 0
  outer loop
    vertex -10.4403916180585 4.113490304452717 -79.46681429842072
    vertex -8.822021264112697 4.113490304452717 -80.03954071879198
    vertex -10.4403916180585 4.113490304452717 -80.57272642037125
  endloop
endfacet
facet normal 5.68432e-16 1 1.60624e-15
  outer loop
    vertex -12.0587619720043 4.113490304452717 -80
    vertex -10.4403916180585 4.113490304452717 -80.57272642037125
    vertex -12.0587619720043 4.113490304452719 -81.10591212195055
  endloop
endfacet
facet normal 0 1 0
  outer loop
    vertex -3.834108694192576 4.113490304452717 -80.542498661826
    vertex -6.328064979152636 4.113490304452717 -80.29101969030899
    vertex -5.757889490735579 4.113490304452717 -78.72198486323438
  endloop
endfacet
facet normal 0 1 -0
  outer loop
    vertex -6.328064979152636 4.113490304452717 -80.29101969030899
    vertex -8.251845775695639 4.113490304452717 -78.47050589171737
    vertex -5.757889490735579 4.113490304452717 -78.72198486323438
  endloop
endfacet
facet normal 0 1 0
  outer loop
    vertex -6.328064979152636 4.113490304452717 -80.29101969030899
    vertex -8.822021264112697 4.113490304452717 -80.03954071879198
    vertex -8.251845775695639 4.113490304452717 -78.47050589171737
  endloop
endfacet
facet normal 0 1 0
  outer loop
    vertex -5.757889490735579 4.113490304452717 -78.72198486323438
    vertex -8.251845775695639 4.113490304452717 -78.47050589171737
    vertex -7.681670287278581 4.113490304452717 -76.90147106464275
  endloop
endfacet
facet normal -0 1 0
  outer loop
    vertex -3.834108694192576 4.113490304452717 -80.542498661826
    vertex -2.053607374073408 4.113490304452717 -79.26619542922393
    vertex -0.7331042788197344 4.113490304452717 -80.91107135481155
  endloop
endfacet
facet normal 0 1 0
  outer loop
    vertex -2.053607374073408 4.113490304452717 -79.26619542922393
    vertex 1.047397041299433 4.113490304452717 -79.63476812220946
    vertex -0.7331042788197344 4.113490304452717 -80.91107135481155
  endloop
endfacet
facet normal -0 1 0
  outer loop
    vertex -2.053607374073408 4.113490304452717 -79.26619542922393
    vertex -0.2731060539542405 4.113490304452717 -77.98989219662184
    vertex 1.047397041299433 4.113490304452717 -79.63476812220946
  endloop
endfacet
facet normal -0 1 0
  outer loop
    vertex -0.7331042788197344 4.113490304452717 -80.91107135481155
    vertex 1.047397041299433 4.113490304452717 -79.63476812220946
    vertex 2.367900136553107 4.113490304452717 -81.27964404779709
  endloop
endfacet
facet normal 0 1 0
  outer loop
    vertex 3.198161362721772 4.113490304452717 -75.16816328544439
    vertex 3.248500506655905 4.113490304452717 -76.47957749402086
    vertex 1.599080681360887 4.113490304452717 -75.16816328544438
  endloop
endfacet
facet normal 0 1 0
  outer loop
    vertex 3.248500506655905 4.113490304452717 -76.47957749402086
    vertex 1.64941982529502 4.113490304452717 -76.47957749402086
    vertex 1.599080681360887 4.113490304452717 -75.16816328544438
  endloop
endfacet
facet normal 0 1 0
  outer loop
    vertex 3.248500506655905 4.113490304452717 -76.47957749402086
    vertex 3.29883965059004 4.113490304452717 -77.79099170259732
    vertex 1.64941982529502 4.113490304452717 -76.47957749402086
  endloop
endfacet
facet normal 0 1 0
  outer loop
    vertex 1.599080681360887 4.113490304452717 -75.16816328544438
    vertex 1.64941982529502 4.113490304452717 -76.47957749402086
    vertex 1.77635683940025e-15 4.113490304452717 -75.16816328544438
  endloop
endfacet
facet normal 0 1 0
  outer loop
    vertex 1.77635683940025e-15 4.113490304452717 -75.16816328544438
    vertex -0.1365530269771185 4.113490304452717 -76.57902774103312
    vertex -1.599080681360886 4.113490304452717 -75.16816328544438
  endloop
endfacet
facet normal 0 1 0
  outer loop
    vertex -0.1365530269771185 4.113490304452717 -76.57902774103312
    vertex -1.735633708338007 4.113490304452717 -76.57902774103312
    vertex -1.599080681360886 4.113490304452717 -75.16816328544438
  endloop
endfacet
facet normal 0 1 0
  outer loop
    vertex -0.1365530269771185 4.113490304452717 -76.57902774103312
    vertex -0.2731060539542405 4.113490304452717 -77.98989219662184
    vertex -1.735633708338007 4.113490304452717 -76.57902774103312
  endloop
endfacet
facet normal -5.55431e-16 1 5.37583e-17
  outer loop
    vertex -1.599080681360886 4.113490304452717 -75.16816328544438
    vertex -1.735633708338007 4.113490304452717 -76.57902774103312
    vertex -3.198161362721773 4.113490304452716 -75.16816328544439
  endloop
endfacet
facet normal 0 1 -0
  outer loop
    vertex -7.681670287278579 4.113490304452717 -83.09852893535725
    vertex -8.251845775695639 4.113490304452717 -81.56903482707462
    vertex -5.757889490735577 4.113490304452717 -81.82051379859163
  endloop
endfacet
facet normal -0 1 0
  outer loop
    vertex -8.251845775695639 4.113490304452717 -81.56903482707462
    vertex -6.328064979152636 4.113490304452717 -80.29101969030899
    vertex -5.757889490735577 4.113490304452717 -81.82051379859163
  endloop
endfacet
facet normal 0 1 -0
  outer loop
    vertex -8.251845775695639 4.113490304452717 -81.56903482707462
    vertex -8.822021264112697 4.113490304452717 -80.03954071879198
    vertex -6.328064979152636 4.113490304452717 -80.29101969030899
  endloop
endfacet
facet normal 0 1 -0
  outer loop
    vertex -5.757889490735577 4.113490304452717 -81.82051379859163
    vertex -6.328064979152636 4.113490304452717 -80.29101969030899
    vertex -3.834108694192576 4.113490304452717 -80.542498661826
  endloop
endfacet
facet normal 0 1 -0
  outer loop
    vertex 2.367900136553107 4.113490304452717 -81.27964404779709
    vertex 1.047397041299433 4.113490304452717 -79.63476812220946
    vertex 2.833369893571572 4.113490304452717 -79.53531787519721
  endloop
endfacet
facet normal 0 1 0
  outer loop
    vertex 1.047397041299433 4.113490304452717 -79.63476812220946
    vertex 1.512866798317901 4.113490304452717 -77.89044194960958
    vertex 2.833369893571572 4.113490304452717 -79.53531787519721
  endloop
endfacet
facet normal 0 1 -0
  outer loop
    vertex 1.047397041299433 4.113490304452717 -79.63476812220946
    vertex -0.2731060539542405 4.113490304452717 -77.98989219662184
    vertex 1.512866798317901 4.113490304452717 -77.89044194960958
  endloop
endfacet
facet normal 0 1 -0
  outer loop
    vertex 2.833369893571572 4.113490304452717 -79.53531787519721
    vertex 1.512866798317901 4.113490304452717 -77.89044194960958
    vertex 3.29883965059004 4.113490304452717 -77.79099170259732
  endloop
endfacet
facet normal 0 1 0
  outer loop
    vertex 3.29883965059004 4.113490304452717 -77.79099170259732
    vertex 1.512866798317901 4.113490304452717 -77.89044194960958
    vertex 1.64941982529502 4.113490304452717 -76.47957749402086
  endloop
endfacet
facet normal 0 1 -0
  outer loop
    vertex 1.512866798317901 4.113490304452717 -77.89044194960958
    vertex -0.1365530269771185 4.113490304452717 -76.57902774103312
    vertex 1.64941982529502 4.113490304452717 -76.47957749402086
  endloop
endfacet
facet normal 0 1 0
  outer loop
    vertex 1.512866798317901 4.113490304452717 -77.89044194960958
    vertex -0.2731060539542405 4.113490304452717 -77.98989219662184
    vertex -0.1365530269771185 4.113490304452717 -76.57902774103312
  endloop
endfacet
facet normal 0 1 0
  outer loop
    vertex 1.64941982529502 4.113490304452717 -76.47957749402086
    vertex -0.1365530269771185 4.113490304452717 -76.57902774103312
    vertex 1.77635683940025e-15 4.113490304452717 -75.16816328544438
  endloop
endfacet
facet normal -0.899161 -0.437618 3.51459e-16
  outer loop
    vertex 12.0587619720043 4.113490304452716 -81.10591212195055
    vertex 12.0587619720043 4.113490304452717 -80
    vertex 10.67725238983929 6.95203741258306 -81.10591212195055
  endloop
endfacet
facet normal -0.899161 -0.437618 0
  outer loop
    vertex 12.0587619720043 4.113490304452717 -80
    vertex 10.67725238983929 6.95203741258306 -80
    vertex 10.67725238983929 6.95203741258306 -81.10591212195055
  endloop
endfacet
facet normal -0.899161 -0.437618 -3.51459e-16
  outer loop
    vertex 12.0587619720043 4.113490304452717 -80
    vertex 12.0587619720043 4.113490304452716 -78.89408787804945
    vertex 10.67725238983929 6.95203741258306 -80
  endloop
endfacet
facet normal -0.763966 -0.645256 0
  outer loop
    vertex 10.67725238983929 6.95203741258306 -81.10591212195055
    vertex 10.67725238983929 6.95203741258306 -80
    vertex 8.640253074289683 9.363790343365828 -81.10591212195055
  endloop
endfacet
facet normal 0.763966 -0.645256 0
  outer loop
    vertex -8.640253074289701 9.363790343365814 -78.89408787804945
    vertex -10.6772523898393 6.952037412583051 -78.89408787804945
    vertex -10.6772523898393 6.952037412583051 -80
  endloop
endfacet
facet normal 0.899161 -0.437618 0
  outer loop
    vertex -10.6772523898393 6.952037412583051 -78.89408787804945
    vertex -12.0587619720043 4.113490304452717 -80
    vertex -10.6772523898393 6.952037412583051 -80
  endloop
endfacet
facet normal 0.899161 -0.437618 -7.63207e-16
  outer loop
    vertex -10.6772523898393 6.952037412583051 -78.89408787804945
    vertex -12.0587619720043 4.113490304452719 -78.89408787804945
    vertex -12.0587619720043 4.113490304452717 -80
  endloop
endfacet
facet normal 0.899161 -0.437618 7.63207e-16
  outer loop
    vertex -10.6772523898393 6.952037412583051 -80
    vertex -12.0587619720043 4.113490304452717 -80
    vertex -12.0587619720043 4.113490304452719 -81.10591212195055
  endloop
endfacet
facet normal 0.763966 -0.645256 0
  outer loop
    vertex -8.640253074289701 9.363790343365814 -78.89408787804945
    vertex -10.6772523898393 6.952037412583051 -80
    vertex -8.640253074289701 9.363790343365814 -80
  endloop
endfacet
facet normal 0.763966 -0.645256 0
  outer loop
    vertex -10.6772523898393 6.952037412583051 -80
    vertex -10.6772523898393 6.952037412583051 -81.10591212195055
    vertex -8.640253074289701 9.363790343365814 -80
  endloop
endfacet
facet normal 0.899161 -0.437618 0
  outer loop
    vertex -10.6772523898393 6.952037412583051 -80
    vertex -12.0587619720043 4.113490304452719 -81.10591212195055
    vertex -10.6772523898393 6.952037412583051 -81.10591212195055
  endloop
endfacet
facet normal 0.763966 -0.645256 0
  outer loop
    vertex -8.640253074289701 9.363790343365814 -80
    vertex -10.6772523898393 6.952037412583051 -81.10591212195055
    vertex -8.640253074289701 9.363790343365814 -81.10591212195055
  endloop
endfacet
facet normal -0.899161 -0.437618 0
  outer loop
    vertex 12.0587619720043 4.113490304452716 -78.89408787804945
    vertex 10.67725238983929 6.95203741258306 -78.89408787804945
    vertex 10.67725238983929 6.95203741258306 -80
  endloop
endfacet
facet normal -0.763966 -0.645256 -0
  outer loop
    vertex 10.67725238983929 6.95203741258306 -78.89408787804945
    vertex 8.640253074289683 9.363790343365828 -80
    vertex 10.67725238983929 6.95203741258306 -80
  endloop
endfacet
facet normal -0.763966 -0.645256 0
  outer loop
    vertex 10.67725238983929 6.95203741258306 -78.89408787804945
    vertex 8.640253074289683 9.363790343365828 -78.89408787804945
    vertex 8.640253074289683 9.363790343365828 -80
  endloop
endfacet
facet normal -0.763966 -0.645256 0
  outer loop
    vertex 10.67725238983929 6.95203741258306 -80
    vertex 8.640253074289683 9.363790343365828 -80
    vertex 8.640253074289683 9.363790343365828 -81.10591212195055
  endloop
endfacet
facet normal -0.581871 -0.813281 0
  outer loop
    vertex 8.640253074289683 9.363790343365828 -81.10591212195055
    vertex 8.640253074289683 9.363790343365828 -80
    vertex 6.072817933374435 11.20068860072314 -81.10591212195055
  endloop
endfacet
facet normal -0.581871 -0.813281 0
  outer loop
    vertex 8.640253074289683 9.363790343365828 -80
    vertex 6.072817933374435 11.20068860072314 -80
    vertex 6.072817933374435 11.20068860072314 -81.10591212195055
  endloop
endfacet
facet normal -0.581871 -0.813281 0
  outer loop
    vertex 8.640253074289683 9.363790343365828 -80
    vertex 8.640253074289683 9.363790343365828 -78.89408787804945
    vertex 6.072817933374435 11.20068860072314 -80
  endloop
endfacet
facet normal -0.364053 -0.931378 0
  outer loop
    vertex 6.072817933374435 11.20068860072314 -81.10591212195055
    vertex 6.072817933374435 11.20068860072314 -80
    vertex 3.132564986650927 12.34996272814992 -81.10591212195055
  endloop
endfacet
facet normal -0.123886 -0.992296 3.18003e-16
  outer loop
    vertex 3.132564986650927 12.34996272814992 -81.10591212195055
    vertex -2.048918292974221e-15 12.74105736515943 -80
    vertex -4.878001341948208e-15 12.74105736515943 -81.10591212195055
  endloop
endfacet
facet normal 0.123886 -0.992296 -3.16919e-16
  outer loop
    vertex -2.048918292974221e-15 12.74105736515943 -80
    vertex -3.132564986650933 12.34996272814992 -80
    vertex -4.878001341948208e-15 12.74105736515943 -81.10591212195055
  endloop
endfacet
facet normal 0.123886 -0.992296 0
  outer loop
    vertex -2.048918292974221e-15 12.74105736515943 -80
    vertex -3.132564986650933 12.34996272814992 -78.89408787804945
    vertex -3.132564986650933 12.34996272814992 -80
  endloop
endfacet
facet normal 0.123886 -0.992296 0
  outer loop
    vertex -4.878001341948208e-15 12.74105736515943 -81.10591212195055
    vertex -3.132564986650933 12.34996272814992 -80
    vertex -3.132564986650933 12.34996272814992 -81.10591212195055
  endloop
endfacet
facet normal -0.581871 -0.813281 0
  outer loop
    vertex 8.640253074289683 9.363790343365828 -78.89408787804945
    vertex 6.072817933374435 11.20068860072314 -78.89408787804945
    vertex 6.072817933374435 11.20068860072314 -80
  endloop
endfacet
facet normal -0.364053 -0.931378 -0
  outer loop
    vertex 6.072817933374435 11.20068860072314 -78.89408787804945
    vertex 3.132564986650927 12.34996272814992 -80
    vertex 6.072817933374435 11.20068860072314 -80
  endloop
endfacet
facet normal -0.364053 -0.931378 0
  outer loop
    vertex 6.072817933374435 11.20068860072314 -78.89408787804945
    vertex 3.132564986650927 12.34996272814992 -78.89408787804945
    vertex 3.132564986650927 12.34996272814992 -80
  endloop
endfacet
facet normal -0.364053 -0.931378 0
  outer loop
    vertex 6.072817933374435 11.20068860072314 -80
    vertex 3.132564986650927 12.34996272814992 -80
    vertex 3.132564986650927 12.34996272814992 -81.10591212195055
  endloop
endfacet
facet normal -0.123886 -0.992296 -0
  outer loop
    vertex 3.132564986650927 12.34996272814992 -78.89408787804945
    vertex -4.878001341948208e-15 12.74105736515943 -78.89408787804945
    vertex 3.132564986650927 12.34996272814992 -80
  endloop
endfacet
facet normal -0.123886 -0.992296 -3.16919e-16
  outer loop
    vertex -4.878001341948208e-15 12.74105736515943 -78.89408787804945
    vertex -2.048918292974221e-15 12.74105736515943 -80
    vertex 3.132564986650927 12.34996272814992 -80
  endloop
endfacet
facet normal 0.123886 -0.992296 3.16919e-16
  outer loop
    vertex -4.878001341948208e-15 12.74105736515943 -78.89408787804945
    vertex -3.132564986650933 12.34996272814992 -78.89408787804945
    vertex -2.048918292974221e-15 12.74105736515943 -80
  endloop
endfacet
facet normal -0.123886 -0.992296 -0
  outer loop
    vertex 3.132564986650927 12.34996272814992 -80
    vertex -2.048918292974221e-15 12.74105736515943 -80
    vertex 3.132564986650927 12.34996272814992 -81.10591212195055
  endloop
endfacet
facet normal 0.364053 -0.931378 0
  outer loop
    vertex -3.132564986650933 12.34996272814992 -81.10591212195055
    vertex -6.072817933374449 11.20068860072313 -80
    vertex -6.072817933374449 11.20068860072313 -81.10591212195055
  endloop
endfacet
facet normal 0.581871 -0.813281 0
  outer loop
    vertex -6.072817933374449 11.20068860072313 -80
    vertex -8.640253074289701 9.363790343365814 -80
    vertex -6.072817933374449 11.20068860072313 -81.10591212195055
  endloop
endfacet
facet normal 0.581871 -0.813281 0
  outer loop
    vertex -6.072817933374449 11.20068860072313 -80
    vertex -8.640253074289701 9.363790343365814 -78.89408787804945
    vertex -8.640253074289701 9.363790343365814 -80
  endloop
endfacet
facet normal 0.581871 -0.813281 0
  outer loop
    vertex -6.072817933374449 11.20068860072313 -81.10591212195055
    vertex -8.640253074289701 9.363790343365814 -80
    vertex -8.640253074289701 9.363790343365814 -81.10591212195055
  endloop
endfacet
facet normal 0.364053 -0.931378 0
  outer loop
    vertex -3.132564986650933 12.34996272814992 -78.89408787804945
    vertex -6.072817933374449 11.20068860072313 -78.89408787804945
    vertex -3.132564986650933 12.34996272814992 -80
  endloop
endfacet
facet normal 0.364053 -0.931378 0
  outer loop
    vertex -6.072817933374449 11.20068860072313 -78.89408787804945
    vertex -6.072817933374449 11.20068860072313 -80
    vertex -3.132564986650933 12.34996272814992 -80
  endloop
endfacet
facet normal 0.581871 -0.813281 0
  outer loop
    vertex -6.072817933374449 11.20068860072313 -78.89408787804945
    vertex -8.640253074289701 9.363790343365814 -78.89408787804945
    vertex -6.072817933374449 11.20068860072313 -80
  endloop
endfacet
facet normal 0.364053 -0.931378 0
  outer loop
    vertex -3.132564986650933 12.34996272814992 -80
    vertex -6.072817933374449 11.20068860072313 -80
    vertex -3.132564986650933 12.34996272814992 -81.10591212195055
  endloop
endfacet
facet normal -0.411642 -0.200344 -0.889052
  outer loop
    vertex 12.0587619720043 4.113490304452716 -78.89408787804945
    vertex 9.87660408266496 4.113490304452717 -77.88372298425682
    vertex 10.67725238983929 6.95203741258306 -78.89408787804945
  endloop
endfacet
facet normal -0.364988 -0.219129 -0.904857
  outer loop
    vertex 9.87660408266496 4.113490304452717 -77.88372298425682
    vertex 8.182780502210122 6.756656483723813 -77.84059027228191
    vertex 10.67725238983929 6.95203741258306 -78.89408787804945
  endloop
endfacet
facet normal -0.396567 -0.239672 -0.886167
  outer loop
    vertex 9.87660408266496 4.113490304452717 -77.88372298425682
    vertex 7.681670287278581 4.113490304452717 -76.90147106464275
    vertex 8.182780502210122 6.756656483723813 -77.84059027228191
  endloop
endfacet
facet normal -0.351664 -0.29702 -0.887756
  outer loop
    vertex 10.67725238983929 6.95203741258306 -78.89408787804945
    vertex 8.182780502210122 6.756656483723813 -77.84059027228191
    vertex 8.640253074289683 9.363790343365828 -78.89408787804945
  endloop
endfacet
facet normal 0.351664 -0.29702 -0.887756
  outer loop
    vertex -8.640253074289701 9.363790343365814 -78.89408787804945
    vertex -8.182780502210129 6.756656483723807 -77.84059027228191
    vertex -10.6772523898393 6.952037412583051 -78.89408787804945
  endloop
endfacet
facet normal 0.364988 -0.219129 -0.904857
  outer loop
    vertex -8.182780502210129 6.756656483723807 -77.84059027228191
    vertex -9.876604082665716 4.113490304452717 -77.88372298425718
    vertex -10.6772523898393 6.952037412583051 -78.89408787804945
  endloop
endfacet
facet normal 0.396567 -0.239672 -0.886167
  outer loop
    vertex -8.182780502210129 6.756656483723807 -77.84059027228191
    vertex -7.681670287278581 4.113490304452717 -76.90147106464275
    vertex -9.876604082665716 4.113490304452717 -77.88372298425718
  endloop
endfacet
facet normal 0.411642 -0.200344 -0.889052
  outer loop
    vertex -10.6772523898393 6.952037412583051 -78.89408787804945
    vertex -9.876604082665716 4.113490304452717 -77.88372298425718
    vertex -12.0587619720043 4.113490304452719 -78.89408787804945
  endloop
endfacet
facet normal 0.327498 -0.260596 -0.908204
  outer loop
    vertex -7.681670287278581 4.113490304452717 -76.90147106464275
    vertex -8.182780502210129 6.756656483723807 -77.84059027228191
    vertex -5.04376571801663 6.244341295421643 -76.56166069807901
  endloop
endfacet
facet normal 0.303897 -0.349994 -0.886088
  outer loop
    vertex -8.182780502210129 6.756656483723807 -77.84059027228191
    vertex -5.466767241784489 8.811002355611837 -77.72053448781902
    vertex -5.04376571801663 6.244341295421643 -76.56166069807901
  endloop
endfacet
facet normal 0.279873 -0.317059 -0.90617
  outer loop
    vertex -8.182780502210129 6.756656483723807 -77.84059027228191
    vertex -8.640253074289701 9.363790343365814 -78.89408787804945
    vertex -5.466767241784489 8.811002355611837 -77.72053448781902
  endloop
endfacet
facet normal 0.188597 -0.378137 -0.906335
  outer loop
    vertex -5.04376571801663 6.244341295421643 -76.56166069807901
    vertex -5.466767241784489 8.811002355611837 -77.72053448781902
    vertex -2.233343204650236 8.16160962161203 -76.77676041638595
  endloop
endfacet
facet normal -0.287361 -0.315076 -0.904517
  outer loop
    vertex 8.640253074289683 9.363790343365828 -78.89408787804945
    vertex 8.182780502210122 6.756656483723813 -77.84059027228191
    vertex 5.530810183987493 8.465047146878769 -77.59316448215139
  endloop
endfacet
facet normal -0.304971 -0.344842 -0.887737
  outer loop
    vertex 8.182780502210122 6.756656483723813 -77.84059027228191
    vertex 5.10488333459965 5.892074126607415 -76.44737064393424
    vertex 5.530810183987493 8.465047146878769 -77.59316448215139
  endloop
endfacet
facet normal -0.337434 -0.257711 -0.905386
  outer loop
    vertex 8.182780502210122 6.756656483723813 -77.84059027228191
    vertex 7.681670287278581 4.113490304452717 -76.90147106464275
    vertex 5.10488333459965 5.892074126607415 -76.44737064393424
  endloop
endfacet
facet normal -0.206029 -0.369415 -0.906137
  outer loop
    vertex 5.530810183987493 8.465047146878769 -77.59316448215139
    vertex 5.10488333459965 5.892074126607415 -76.44737064393424
    vertex 2.371322183307354 7.489708622631849 -76.47716475584426
  endloop
endfacet
facet normal 0.055071 -0.441104 -0.895765
  outer loop
    vertex -3.132564986650933 12.34996272814992 -78.89408787804945
    vertex -4.878001341948208e-15 12.74105736515943 -78.89408787804945
    vertex -2.682976197921018 10.25587066240907 -77.83524764037348
  endloop
endfacet
facet normal 0.0473557 -0.434363 -0.899492
  outer loop
    vertex -4.878001341948208e-15 12.74105736515943 -78.89408787804945
    vertex 0.4525025164619323 10.32174519194547 -77.701984256381
    vertex -2.682976197921018 10.25587066240907 -77.83524764037348
  endloop
endfacet
facet normal -0.0561483 -0.449733 -0.891396
  outer loop
    vertex -4.878001341948208e-15 12.74105736515943 -78.89408787804945
    vertex 3.132564986650927 12.34996272814992 -78.89408787804945
    vertex 0.4525025164619323 10.32174519194547 -77.701984256381
  endloop
endfacet
facet normal 0.0473577 -0.442458 -0.895538
  outer loop
    vertex -2.682976197921018 10.25587066240907 -77.83524764037348
    vertex 0.4525025164619323 10.32174519194547 -77.701984256381
    vertex -2.233343204650236 8.16160962161203 -76.77676041638595
  endloop
endfacet
facet normal -0.367087 -0.30771 -0.877817
  outer loop
    vertex 7.681670287278581 4.113490304452717 -76.90147106464275
    vertex 5.463232717599582 4.113490304452717 -75.97376080872093
    vertex 5.10488333459965 5.892074126607415 -76.44737064393424
  endloop
endfacet
facet normal -0.254853 -0.296442 -0.92042
  outer loop
    vertex 5.463232717599582 4.113490304452717 -75.97376080872093
    vertex 2.79308031633241 5.818971590792408 -75.78371738316
    vertex 5.10488333459965 5.892074126607415 -76.44737064393424
  endloop
endfacet
facet normal -0.308993 -0.386959 -0.868784
  outer loop
    vertex 5.463232717599582 4.113490304452717 -75.97376080872093
    vertex 3.198161362721772 4.113490304452717 -75.16816328544439
    vertex 2.79308031633241 5.818971590792408 -75.78371738316
  endloop
endfacet
facet normal -0.237654 -0.422934 -0.874441
  outer loop
    vertex 5.10488333459965 5.892074126607415 -76.44737064393424
    vertex 2.79308031633241 5.818971590792408 -75.78371738316
    vertex 2.371322183307354 7.489708622631849 -76.47716475584426
  endloop
endfacet
facet normal 0.308414 -0.391047 -0.867158
  outer loop
    vertex -3.198161362721773 4.113490304452716 -75.16816328544439
    vertex -5.463232717614431 4.113490304452717 -75.97376080872679
    vertex -2.725661220010995 6.15994397596959 -75.92296769479951
  endloop
endfacet
facet normal 0.242971 -0.302147 -0.921777
  outer loop
    vertex -5.463232717614431 4.113490304452717 -75.97376080872679
    vertex -5.04376571801663 6.244341295421643 -76.56166069807901
    vertex -2.725661220010995 6.15994397596959 -75.92296769479951
  endloop
endfacet
facet normal 0.366319 -0.313794 -0.875981
  outer loop
    vertex -5.463232717614431 4.113490304452717 -75.97376080872679
    vertex -7.681670287278581 4.113490304452717 -76.90147106464275
    vertex -5.04376571801663 6.244341295421643 -76.56166069807901
  endloop
endfacet
facet normal 0.22545 -0.428631 -0.874899
  outer loop
    vertex -2.725661220010995 6.15994397596959 -75.92296769479951
    vertex -5.04376571801663 6.244341295421643 -76.56166069807901
    vertex -2.233343204650236 8.16160962161203 -76.77676041638595
  endloop
endfacet
facet normal -0.0690511 -0.436116 -0.897237
  outer loop
    vertex 3.132564986650927 12.34996272814992 -78.89408787804945
    vertex 2.752160017659867 9.920615842774874 -77.68398994389014
    vertex 0.4525025164619323 10.32174519194547 -77.701984256381
  endloop
endfacet
facet normal -0.0688677 -0.435088 -0.89775
  outer loop
    vertex 2.752160017659867 9.920615842774874 -77.68398994389014
    vertex 0.06956667711858024 7.89113105035498 -76.49463006978598
    vertex 0.4525025164619323 10.32174519194547 -77.701984256381
  endloop
endfacet
facet normal -0.069035 -0.43491 -0.897824
  outer loop
    vertex 2.752160017659867 9.920615842774874 -77.68398994389014
    vertex 2.371322183307354 7.489708622631849 -76.47716475584426
    vertex 0.06956667711858024 7.89113105035498 -76.49463006978598
  endloop
endfacet
facet normal 0.0561131 -0.451244 -0.890635
  outer loop
    vertex 0.4525025164619323 10.32174519194547 -77.701984256381
    vertex 0.06956667711858024 7.89113105035498 -76.49463006978598
    vertex -2.233343204650236 8.16160962161203 -76.77676041638595
  endloop
endfacet
facet normal 0.264811 -0.370127 -0.890439
  outer loop
    vertex -8.640253074289701 9.363790343365814 -78.89408787804945
    vertex -6.072817933374449 11.20068860072313 -78.89408787804945
    vertex -5.466767241784489 8.811002355611837 -77.72053448781902
  endloop
endfacet
facet normal 0.170116 -0.399284 -0.900907
  outer loop
    vertex -6.072817933374449 11.20068860072313 -78.89408787804945
    vertex -2.682976197921018 10.25587066240907 -77.83524764037348
    vertex -5.466767241784489 8.811002355611837 -77.72053448781902
  endloop
endfacet
facet normal 0.163032 -0.417094 -0.894121
  outer loop
    vertex -6.072817933374449 11.20068860072313 -78.89408787804945
    vertex -3.132564986650933 12.34996272814992 -78.89408787804945
    vertex -2.682976197921018 10.25587066240907 -77.83524764037348
  endloop
endfacet
facet normal 0.177686 -0.413251 -0.893113
  outer loop
    vertex -5.466767241784489 8.811002355611837 -77.72053448781902
    vertex -2.682976197921018 10.25587066240907 -77.83524764037348
    vertex -2.233343204650236 8.16160962161203 -76.77676041638595
  endloop
endfacet
facet normal -0.163841 -0.419165 -0.893004
  outer loop
    vertex 3.132564986650927 12.34996272814992 -78.89408787804945
    vertex 6.072817933374435 11.20068860072314 -78.89408787804945
    vertex 2.752160017659867 9.920615842774874 -77.68398994389014
  endloop
endfacet
facet normal -0.176854 -0.393894 -0.901981
  outer loop
    vertex 6.072817933374435 11.20068860072314 -78.89408787804945
    vertex 5.530810183987493 8.465047146878769 -77.59316448215139
    vertex 2.752160017659867 9.920615842774874 -77.68398994389014
  endloop
endfacet
facet normal -0.265234 -0.370718 -0.890067
  outer loop
    vertex 6.072817933374435 11.20068860072314 -78.89408787804945
    vertex 8.640253074289683 9.363790343365828 -78.89408787804945
    vertex 5.530810183987493 8.465047146878769 -77.59316448215139
  endloop
endfacet
facet normal -0.187271 -0.413107 -0.891219
  outer loop
    vertex 2.752160017659867 9.920615842774874 -77.68398994389014
    vertex 5.530810183987493 8.465047146878769 -77.59316448215139
    vertex 2.371322183307354 7.489708622631849 -76.47716475584426
  endloop
endfacet
facet normal -0.0735444 -0.460198 -0.884765
  outer loop
    vertex 2.371322183307354 7.489708622631849 -76.47716475584426
    vertex 1.188313094772181 6.364294713241366 -75.79346089322728
    vertex 0.06956667711858024 7.89113105035498 -76.49463006978598
  endloop
endfacet
facet normal 0.00145846 -0.416445 -0.90916
  outer loop
    vertex 1.188313094772181 6.364294713241366 -75.79346089322728
    vertex -1.118531661032308 6.697178828830063 -75.94964062231267
    vertex 0.06956667711858024 7.89113105035498 -76.49463006978598
  endloop
endfacet
facet normal -0.00806858 -0.470015 -0.882622
  outer loop
    vertex 1.188313094772181 6.364294713241366 -75.79346089322728
    vertex 6.103837638622496e-15 5.210473931115373 -75.16816328544439
    vertex -1.118531661032308 6.697178828830063 -75.94964062231267
  endloop
endfacet
facet normal 0.0546978 -0.459157 -0.886669
  outer loop
    vertex 0.06956667711858024 7.89113105035498 -76.49463006978598
    vertex -1.118531661032308 6.697178828830063 -75.94964062231267
    vertex -2.233343204650236 8.16160962161203 -76.77676041638595
  endloop
endfacet
facet normal 0.0703827 -0.422125 -0.903801
  outer loop
    vertex 6.103837638622496e-15 5.210473931115373 -75.16816328544439
    vertex -1.690533139217649 4.928603888733584 -75.16816328544439
    vertex -1.118531661032308 6.697178828830063 -75.94964062231267
  endloop
endfacet
facet normal 0.130904 -0.435808 -0.890469
  outer loop
    vertex -1.690533139217649 4.928603888733584 -75.16816328544439
    vertex -2.725661220010995 6.15994397596959 -75.92296769479951
    vertex -1.118531661032308 6.697178828830063 -75.94964062231267
  endloop
endfacet
facet normal 0.205492 -0.380076 -0.90184
  outer loop
    vertex -1.690533139217649 4.928603888733584 -75.16816328544439
    vertex -3.198161362721773 4.113490304452716 -75.16816328544439
    vertex -2.725661220010995 6.15994397596959 -75.92296769479951
  endloop
endfacet
facet normal 0.12374 -0.41492 -0.901404
  outer loop
    vertex -1.118531661032308 6.697178828830063 -75.94964062231267
    vertex -2.725661220010995 6.15994397596959 -75.92296769479951
    vertex -2.233343204650236 8.16160962161203 -76.77676041638595
  endloop
endfacet
facet normal -0.202567 -0.374666 -0.904761
  outer loop
    vertex 3.198161362721772 4.113490304452717 -75.16816328544439
    vertex 1.690533139217653 4.928603888733583 -75.16816328544439
    vertex 2.79308031633241 5.818971590792408 -75.78371738316
  endloop
endfacet
facet normal -0.143052 -0.436839 -0.888092
  outer loop
    vertex 1.690533139217653 4.928603888733583 -75.16816328544439
    vertex 1.188313094772181 6.364294713241366 -75.79346089322728
    vertex 2.79308031633241 5.818971590792408 -75.78371738316
  endloop
endfacet
facet normal -0.0698223 -0.418764 -0.905407
  outer loop
    vertex 1.690533139217653 4.928603888733583 -75.16816328544439
    vertex 6.103837638622496e-15 5.210473931115373 -75.16816328544439
    vertex 1.188313094772181 6.364294713241366 -75.79346089322728
  endloop
endfacet
facet normal -0.133313 -0.408446 -0.902995
  outer loop
    vertex 2.79308031633241 5.818971590792408 -75.78371738316
    vertex 1.188313094772181 6.364294713241366 -75.79346089322728
    vertex 2.371322183307354 7.489708622631849 -76.47716475584426
  endloop
endfacet
facet normal 0 -2.5909e-14 -1
  outer loop
    vertex 1.77635683940025e-15 4.113490304452717 -75.16816328544438
    vertex 3.940097239011373e-15 4.661982117784045 -75.16816328544439
    vertex 1.599080681360887 4.113490304452717 -75.16816328544438
  endloop
endfacet
facet normal 2.79916e-15 -1.77483e-14 -1
  outer loop
    vertex 3.940097239011373e-15 4.661982117784045 -75.16816328544439
    vertex 1.690533139217653 4.928603888733583 -75.16816328544439
    vertex 1.599080681360887 4.113490304452717 -75.16816328544438
  endloop
endfacet
facet normal 0 0 -1
  outer loop
    vertex 3.940097239011373e-15 4.661982117784045 -75.16816328544439
    vertex 6.103837638622496e-15 5.210473931115373 -75.16816328544439
    vertex 1.690533139217653 4.928603888733583 -75.16816328544439
  endloop
endfacet
facet normal -8.88689e-15 -1.64371e-14 -1
  outer loop
    vertex 1.599080681360887 4.113490304452717 -75.16816328544438
    vertex 1.690533139217653 4.928603888733583 -75.16816328544439
    vertex 3.198161362721772 4.113490304452717 -75.16816328544439
  endloop
endfacet
facet normal 0 0 -1
  outer loop
    vertex 6.103837638622496e-15 5.210473931115373 -75.16816328544439
    vertex 3.940097239011373e-15 4.661982117784045 -75.16816328544439
    vertex -1.690533139217649 4.928603888733584 -75.16816328544439
  endloop
endfacet
facet normal -2.79916e-15 -1.77483e-14 -1
  outer loop
    vertex 3.940097239011373e-15 4.661982117784045 -75.16816328544439
    vertex -1.599080681360886 4.113490304452717 -75.16816328544438
    vertex -1.690533139217649 4.928603888733584 -75.16816328544439
  endloop
endfacet
facet normal 0 -2.5909e-14 -1
  outer loop
    vertex 3.940097239011373e-15 4.661982117784045 -75.16816328544439
    vertex 1.77635683940025e-15 4.113490304452717 -75.16816328544438
    vertex -1.599080681360886 4.113490304452717 -75.16816328544438
  endloop
endfacet
facet normal 8.88689e-15 -1.64371e-14 -1
  outer loop
    vertex -1.690533139217649 4.928603888733584 -75.16816328544439
    vertex -1.599080681360886 4.113490304452717 -75.16816328544438
    vertex -3.198161362721773 4.113490304452716 -75.16816328544439
  endloop
endfacet
facet normal 0 0 1
  outer loop
    vertex 6.103837638622496e-15 5.210473931115373 -44.83183671455561
    vertex -5.007948594892527e-16 4.661982117784045 -44.83183671455561
    vertex 1.690533139217653 4.928603888733583 -44.83183671455561
  endloop
endfacet
facet normal -0 0 1
  outer loop
    vertex -5.007948594892527e-16 4.661982117784045 -44.83183671455561
    vertex 1.599080681360881 4.113490304452717 -44.83183671455561
    vertex 1.690533139217653 4.928603888733583 -44.83183671455561
  endloop
endfacet
facet normal 0 0 1
  outer loop
    vertex -5.007948594892527e-16 4.661982117784045 -44.83183671455561
    vertex -7.105427357601002e-15 4.113490304452717 -44.83183671455561
    vertex 1.599080681360881 4.113490304452717 -44.83183671455561
  endloop
endfacet
facet normal 0 0 1
  outer loop
    vertex 1.690533139217653 4.928603888733583 -44.83183671455561
    vertex 1.599080681360881 4.113490304452717 -44.83183671455561
    vertex 3.198161362721772 4.113490304452717 -44.83183671455561
  endloop
endfacet
facet normal 0 0 1
  outer loop
    vertex -3.198161362721773 4.113490304452716 -44.83183671455561
    vertex -1.59908068136089 4.113490304452717 -44.83183671455561
    vertex -1.690533139217649 4.928603888733584 -44.83183671455561
  endloop
endfacet
facet normal 0 -0 1
  outer loop
    vertex -1.59908068136089 4.113490304452717 -44.83183671455561
    vertex -5.007948594892527e-16 4.661982117784045 -44.83183671455561
    vertex -1.690533139217649 4.928603888733584 -44.83183671455561
  endloop
endfacet
facet normal 0 0 1
  outer loop
    vertex -1.59908068136089 4.113490304452717 -44.83183671455561
    vertex -7.105427357601002e-15 4.113490304452717 -44.83183671455561
    vertex -5.007948594892527e-16 4.661982117784045 -44.83183671455561
  endloop
endfacet
facet normal -0 0 1
  outer loop
    vertex -1.690533139217649 4.928603888733584 -44.83183671455561
    vertex -5.007948594892527e-16 4.661982117784045 -44.83183671455561
    vertex 6.103837638622496e-15 5.210473931115373 -44.83183671455561
  endloop
endfacet
facet normal -0.411642 -0.200344 0.889052
  outer loop
    vertex 12.0587619720043 4.113490304452716 -41.10591212195055
    vertex 10.67725238983929 6.95203741258306 -41.10591212195055
    vertex 9.876604082665718 4.113490304452717 -42.11627701574283
  endloop
endfacet
facet normal -0.364988 -0.219129 0.904857
  outer loop
    vertex 10.67725238983929 6.95203741258306 -41.10591212195055
    vertex 8.182780502210122 6.756656483723812 -42.15940972771809
    vertex 9.876604082665718 4.113490304452717 -42.11627701574283
  endloop
endfacet
facet normal -0.351664 -0.29702 0.887756
  outer loop
    vertex 10.67725238983929 6.95203741258306 -41.10591212195055
    vertex 8.640253074289683 9.363790343365828 -41.10591212195055
    vertex 8.182780502210122 6.756656483723812 -42.15940972771809
  endloop
endfacet
facet normal -0.396567 -0.239672 0.886167
  outer loop
    vertex 9.876604082665718 4.113490304452717 -42.11627701574283
    vertex 8.182780502210122 6.756656483723812 -42.15940972771809
    vertex 7.681670287278584 4.113490304452717 -43.09852893535725
  endloop
endfacet
facet normal 0.351664 -0.29702 0.887756
  outer loop
    vertex -8.640253074289701 9.363790343365814 -41.10591212195055
    vertex -10.6772523898393 6.952037412583051 -41.10591212195055
    vertex -8.182780502210127 6.756656483723806 -42.15940972771809
  endloop
endfacet
facet normal 0.364988 -0.219129 0.904857
  outer loop
    vertex -10.6772523898393 6.952037412583051 -41.10591212195055
    vertex -9.876604082664956 4.113490304452717 -42.11627701574318
    vertex -8.182780502210127 6.756656483723806 -42.15940972771809
  endloop
endfacet
facet normal 0.411642 -0.200344 0.889052
  outer loop
    vertex -10.6772523898393 6.952037412583051 -41.10591212195055
    vertex -12.0587619720043 4.113490304452719 -41.10591212195055
    vertex -9.876604082664956 4.113490304452717 -42.11627701574318
  endloop
endfacet
facet normal 0.396567 -0.239672 0.886167
  outer loop
    vertex -8.182780502210127 6.756656483723806 -42.15940972771809
    vertex -9.876604082664956 4.113490304452717 -42.11627701574318
    vertex -7.681670287278579 4.113490304452717 -43.09852893535725
  endloop
endfacet
facet normal 0.279873 -0.317059 0.90617
  outer loop
    vertex -8.640253074289701 9.363790343365814 -41.10591212195055
    vertex -8.182780502210127 6.756656483723806 -42.15940972771809
    vertex -5.466767241786157 8.811002355610936 -42.27946551218092
  endloop
endfacet
facet normal 0.303897 -0.349994 0.886088
  outer loop
    vertex -8.182780502210127 6.756656483723806 -42.15940972771809
    vertex -5.043765718018275 6.244341295420695 -43.43833930192084
    vertex -5.466767241786157 8.811002355610936 -42.27946551218092
  endloop
endfacet
facet normal 0.327498 -0.260596 0.908204
  outer loop
    vertex -8.182780502210127 6.756656483723806 -42.15940972771809
    vertex -7.681670287278579 4.113490304452717 -43.09852893535725
    vertex -5.043765718018275 6.244341295420695 -43.43833930192084
  endloop
endfacet
facet normal 0.188597 -0.378137 0.906335
  outer loop
    vertex -5.466767241786157 8.811002355610936 -42.27946551218092
    vertex -5.043765718018275 6.244341295420695 -43.43833930192084
    vertex -2.233343204653666 8.161609621610415 -43.22323958361436
  endloop
endfacet
facet normal -0.337434 -0.257711 0.905386
  outer loop
    vertex 7.681670287278584 4.113490304452717 -43.09852893535725
    vertex 8.182780502210122 6.756656483723812 -42.15940972771809
    vertex 5.104883334600252 5.892074126606969 -43.55262935606574
  endloop
endfacet
facet normal -0.304971 -0.344842 0.887737
  outer loop
    vertex 8.182780502210122 6.756656483723812 -42.15940972771809
    vertex 5.530810183988102 8.465047146878339 -42.40683551784862
    vertex 5.104883334600252 5.892074126606969 -43.55262935606574
  endloop
endfacet
facet normal -0.287361 -0.315076 0.904517
  outer loop
    vertex 8.182780502210122 6.756656483723812 -42.15940972771809
    vertex 8.640253074289683 9.363790343365828 -41.10591212195055
    vertex 5.530810183988102 8.465047146878339 -42.40683551784862
  endloop
endfacet
facet normal -0.206029 -0.369415 0.906137
  outer loop
    vertex 5.104883334600252 5.892074126606969 -43.55262935606574
    vertex 5.530810183988102 8.465047146878339 -42.40683551784862
    vertex 2.371322183308609 7.489708622631055 -43.52283524415592
  endloop
endfacet
facet normal -0.0561483 -0.449733 0.891396
  outer loop
    vertex 3.132564986650927 12.34996272814992 -41.10591212195055
    vertex -4.878001341948208e-15 12.74105736515943 -41.10591212195055
    vertex 0.4525025164602117 10.32174519194477 -42.29801574361938
  endloop
endfacet
facet normal 0.0473557 -0.434363 0.899492
  outer loop
    vertex -4.878001341948208e-15 12.74105736515943 -41.10591212195055
    vertex -2.682976197922734 10.25587066240826 -42.16475235962669
    vertex 0.4525025164602117 10.32174519194477 -42.29801574361938
  endloop
endfacet
facet normal 0.055071 -0.441104 0.895765
  outer loop
    vertex -4.878001341948208e-15 12.74105736515943 -41.10591212195055
    vertex -3.132564986650933 12.34996272814992 -41.10591212195055
    vertex -2.682976197922734 10.25587066240826 -42.16475235962669
  endloop
endfacet
facet normal 0.0473577 -0.442458 0.895538
  outer loop
    vertex 0.4525025164602117 10.32174519194477 -42.29801574361938
    vertex -2.682976197922734 10.25587066240826 -42.16475235962669
    vertex -2.233343204653666 8.161609621610415 -43.22323958361436
  endloop
endfacet
facet normal -0.308993 -0.386959 0.868784
  outer loop
    vertex 3.198161362721772 4.113490304452717 -44.83183671455561
    vertex 5.463232717614435 4.113490304452717 -44.02623919127321
    vertex 2.793080316333032 5.818971590791994 -44.21628261684005
  endloop
endfacet
facet normal -0.254853 -0.296442 0.92042
  outer loop
    vertex 5.463232717614435 4.113490304452717 -44.02623919127321
    vertex 5.104883334600252 5.892074126606969 -43.55262935606574
    vertex 2.793080316333032 5.818971590791994 -44.21628261684005
  endloop
endfacet
facet normal -0.367087 -0.30771 0.877817
  outer loop
    vertex 5.463232717614435 4.113490304452717 -44.02623919127321
    vertex 7.681670287278584 4.113490304452717 -43.09852893535725
    vertex 5.104883334600252 5.892074126606969 -43.55262935606574
  endloop
endfacet
facet normal -0.237654 -0.422934 0.874441
  outer loop
    vertex 2.793080316333032 5.818971590791994 -44.21628261684005
    vertex 5.104883334600252 5.892074126606969 -43.55262935606574
    vertex 2.371322183308609 7.489708622631055 -43.52283524415592
  endloop
endfacet
facet normal 0.366319 -0.313794 0.875981
  outer loop
    vertex -7.681670287278579 4.113490304452717 -43.09852893535725
    vertex -5.463232717599582 4.113490304452717 -44.02623919127908
    vertex -5.043765718018275 6.244341295420695 -43.43833930192084
  endloop
endfacet
facet normal 0.242971 -0.302147 0.921777
  outer loop
    vertex -5.463232717599582 4.113490304452717 -44.02623919127908
    vertex -2.725661220012693 6.159943975968726 -44.07703230520055
    vertex -5.043765718018275 6.244341295420695 -43.43833930192084
  endloop
endfacet
facet normal 0.308414 -0.391047 0.867158
  outer loop
    vertex -5.463232717599582 4.113490304452717 -44.02623919127908
    vertex -3.198161362721773 4.113490304452716 -44.83183671455561
    vertex -2.725661220012693 6.159943975968726 -44.07703230520055
  endloop
endfacet
facet normal 0.22545 -0.428631 0.874899
  outer loop
    vertex -5.043765718018275 6.244341295420695 -43.43833930192084
    vertex -2.725661220012693 6.159943975968726 -44.07703230520055
    vertex -2.233343204653666 8.161609621610415 -43.22323958361436
  endloop
endfacet
facet normal -0.069035 -0.43491 0.897824
  outer loop
    vertex 2.371322183308609 7.489708622631055 -43.52283524415592
    vertex 2.752160017660497 9.920615842774485 -42.31601005610996
    vertex 0.06956667711748445 7.891131050353918 -43.50536993021454
  endloop
endfacet
facet normal -0.0688677 -0.435088 0.89775
  outer loop
    vertex 2.752160017660497 9.920615842774485 -42.31601005610996
    vertex 0.4525025164602117 10.32174519194477 -42.29801574361938
    vertex 0.06956667711748445 7.891131050353918 -43.50536993021454
  endloop
endfacet
facet normal -0.0690511 -0.436116 0.897237
  outer loop
    vertex 2.752160017660497 9.920615842774485 -42.31601005610996
    vertex 3.132564986650927 12.34996272814992 -41.10591212195055
    vertex 0.4525025164602117 10.32174519194477 -42.29801574361938
  endloop
endfacet
facet normal 0.0561131 -0.451244 0.890635
  outer loop
    vertex 0.06956667711748445 7.891131050353918 -43.50536993021454
    vertex 0.4525025164602117 10.32174519194477 -42.29801574361938
    vertex -2.233343204653666 8.161609621610415 -43.22323958361436
  endloop
endfacet
facet normal 0.163032 -0.417094 0.894121
  outer loop
    vertex -3.132564986650933 12.34996272814992 -41.10591212195055
    vertex -6.072817933374449 11.20068860072313 -41.10591212195055
    vertex -2.682976197922734 10.25587066240826 -42.16475235962669
  endloop
endfacet
facet normal 0.170116 -0.399284 0.900907
  outer loop
    vertex -6.072817933374449 11.20068860072313 -41.10591212195055
    vertex -5.466767241786157 8.811002355610936 -42.27946551218092
    vertex -2.682976197922734 10.25587066240826 -42.16475235962669
  endloop
endfacet
facet normal 0.264811 -0.370127 0.890439
  outer loop
    vertex -6.072817933374449 11.20068860072313 -41.10591212195055
    vertex -8.640253074289701 9.363790343365814 -41.10591212195055
    vertex -5.466767241786157 8.811002355610936 -42.27946551218092
  endloop
endfacet
facet normal 0.177686 -0.413251 0.893113
  outer loop
    vertex -2.682976197922734 10.25587066240826 -42.16475235962669
    vertex -5.466767241786157 8.811002355610936 -42.27946551218092
    vertex -2.233343204653666 8.161609621610415 -43.22323958361436
  endloop
endfacet
facet normal -0.265234 -0.370718 0.890067
  outer loop
    vertex 8.640253074289683 9.363790343365828 -41.10591212195055
    vertex 6.072817933374435 11.20068860072314 -41.10591212195055
    vertex 5.530810183988102 8.465047146878339 -42.40683551784862
  endloop
endfacet
facet normal -0.176854 -0.393894 0.901981
  outer loop
    vertex 6.072817933374435 11.20068860072314 -41.10591212195055
    vertex 2.752160017660497 9.920615842774485 -42.31601005610996
    vertex 5.530810183988102 8.465047146878339 -42.40683551784862
  endloop
endfacet
facet normal -0.163841 -0.419165 0.893004
  outer loop
    vertex 6.072817933374435 11.20068860072314 -41.10591212195055
    vertex 3.132564986650927 12.34996272814992 -41.10591212195055
    vertex 2.752160017660497 9.920615842774485 -42.31601005610996
  endloop
endfacet
facet normal -0.187271 -0.413107 0.891219
  outer loop
    vertex 5.530810183988102 8.465047146878339 -42.40683551784862
    vertex 2.752160017660497 9.920615842774485 -42.31601005610996
    vertex 2.371322183308609 7.489708622631055 -43.52283524415592
  endloop
endfacet
facet normal -0.00806858 -0.470015 0.882622
  outer loop
    vertex 6.103837638622496e-15 5.210473931115373 -44.83183671455561
    vertex 1.188313094772811 6.364294713240985 -44.20653910677285
    vertex -1.118531661034033 6.697178828829288 -44.05035937768757
  endloop
endfacet
facet normal 0.00145846 -0.416445 0.90916
  outer loop
    vertex 1.188313094772811 6.364294713240985 -44.20653910677285
    vertex 0.06956667711748445 7.891131050353918 -43.50536993021454
    vertex -1.118531661034033 6.697178828829288 -44.05035937768757
  endloop
endfacet
facet normal -0.0735444 -0.460198 0.884765
  outer loop
    vertex 1.188313094772811 6.364294713240985 -44.20653910677285
    vertex 2.371322183308609 7.489708622631055 -43.52283524415592
    vertex 0.06956667711748445 7.891131050353918 -43.50536993021454
  endloop
endfacet
facet normal 0.0546978 -0.459157 0.886669
  outer loop
    vertex -1.118531661034033 6.697178828829288 -44.05035937768757
    vertex 0.06956667711748445 7.891131050353918 -43.50536993021454
    vertex -2.233343204653666 8.161609621610415 -43.22323958361436
  endloop
endfacet
facet normal 0.205492 -0.380076 0.90184
  outer loop
    vertex -3.198161362721773 4.113490304452716 -44.83183671455561
    vertex -1.690533139217649 4.928603888733584 -44.83183671455561
    vertex -2.725661220012693 6.159943975968726 -44.07703230520055
  endloop
endfacet
facet normal 0.130904 -0.435808 0.890469
  outer loop
    vertex -1.690533139217649 4.928603888733584 -44.83183671455561
    vertex -1.118531661034033 6.697178828829288 -44.05035937768757
    vertex -2.725661220012693 6.159943975968726 -44.07703230520055
  endloop
endfacet
facet normal 0.0703827 -0.422125 0.903801
  outer loop
    vertex -1.690533139217649 4.928603888733584 -44.83183671455561
    vertex 6.103837638622496e-15 5.210473931115373 -44.83183671455561
    vertex -1.118531661034033 6.697178828829288 -44.05035937768757
  endloop
endfacet
facet normal 0.12374 -0.41492 0.901404
  outer loop
    vertex -2.725661220012693 6.159943975968726 -44.07703230520055
    vertex -1.118531661034033 6.697178828829288 -44.05035937768757
    vertex -2.233343204653666 8.161609621610415 -43.22323958361436
  endloop
endfacet
facet normal -0.0698223 -0.418764 0.905407
  outer loop
    vertex 6.103837638622496e-15 5.210473931115373 -44.83183671455561
    vertex 1.690533139217653 4.928603888733583 -44.83183671455561
    vertex 1.188313094772811 6.364294713240985 -44.20653910677285
  endloop
endfacet
facet normal -0.143052 -0.436839 0.888092
  outer loop
    vertex 1.690533139217653 4.928603888733583 -44.83183671455561
    vertex 2.793080316333032 5.818971590791994 -44.21628261684005
    vertex 1.188313094772811 6.364294713240985 -44.20653910677285
  endloop
endfacet
facet normal -0.202567 -0.374666 0.904761
  outer loop
    vertex 1.690533139217653 4.928603888733583 -44.83183671455561
    vertex 3.198161362721772 4.113490304452717 -44.83183671455561
    vertex 2.793080316333032 5.818971590791994 -44.21628261684005
  endloop
endfacet
facet normal -0.133313 -0.408446 0.902995
  outer loop
    vertex 1.188313094772811 6.364294713240985 -44.20653910677285
    vertex 2.793080316333032 5.818971590791994 -44.21628261684005
    vertex 2.371322183308609 7.489708622631055 -43.52283524415592
  endloop
endfacet
facet normal 0 1 0
  outer loop
    vertex 3.198161362721772 4.113490304452717 -35.16816328544439
    vertex 3.582576517179056 4.113490304452717 -37.31283231180918
    vertex 1.599080681360887 4.113490304452717 -35.16816328544439
  endloop
endfacet
facet normal 0 1 0
  outer loop
    vertex 3.582576517179056 4.113490304452717 -37.31283231180918
    vertex 1.983495835818168 4.113490304452717 -37.31283231180918
    vertex 1.599080681360887 4.113490304452717 -35.16816328544439
  endloop
endfacet
facet normal 0 1 0
  outer loop
    vertex 3.582576517179056 4.113490304452717 -37.31283231180918
    vertex 3.96699167163634 4.113490304452717 -39.45750133817398
    vertex 1.983495835818168 4.113490304452717 -37.31283231180918
  endloop
endfacet
facet normal 0 1 0
  outer loop
    vertex 1.599080681360887 4.113490304452717 -35.16816328544439
    vertex 1.983495835818168 4.113490304452717 -37.31283231180918
    vertex 1.77635683940025e-15 4.113490304452717 -35.16816328544439
  endloop
endfacet
facet normal 1.97472e-16 1 5.47284e-16
  outer loop
    vertex -3.198161362721773 4.113490304452716 -35.16816328544439
    vertex -2.773539108391457 4.113490304452717 -36.94425961882364
    vertex -5.463232717614431 4.113490304452717 -35.97376080872679
  endloop
endfacet
facet normal 0 1 0
  outer loop
    vertex -2.773539108391457 4.113490304452717 -36.94425961882364
    vertex -5.015293570669861 4.113490304452717 -37.81091350842281
    vertex -5.463232717614431 4.113490304452717 -35.97376080872679
  endloop
endfacet
facet normal 0 1 0
  outer loop
    vertex -2.773539108391457 4.113490304452717 -36.94425961882364
    vertex -2.348916854061141 4.113490304452717 -38.72035595220289
    vertex -5.015293570669861 4.113490304452717 -37.81091350842281
  endloop
endfacet
facet normal 0 1 0
  outer loop
    vertex -5.463232717614431 4.113490304452717 -35.97376080872679
    vertex -5.015293570669861 4.113490304452717 -37.81091350842281
    vertex -7.681670287278581 4.113490304452717 -36.90147106464275
  endloop
endfacet
facet normal -0 1 0
  outer loop
    vertex -7.681670287278579 4.113490304452717 -43.09852893535725
    vertex -5.490254968934311 4.113490304452717 -42.65376861637996
    vertex -5.463232717599582 4.113490304452717 -44.02623919127908
  endloop
endfacet
facet normal 0 1 0
  outer loop
    vertex -5.490254968934311 4.113490304452717 -42.65376861637996
    vertex -3.248500506655908 4.113490304452717 -43.52042250597914
    vertex -5.463232717599582 4.113490304452717 -44.02623919127908
  endloop
endfacet
facet normal -0 1 0
  outer loop
    vertex -5.490254968934311 4.113490304452717 -42.65376861637996
    vertex -3.298839650590043 4.113490304452717 -42.20900829740266
    vertex -3.248500506655908 4.113490304452717 -43.52042250597914
  endloop
endfacet
facet normal 1.53335e-16 1 -6.71382e-16
  outer loop
    vertex -5.463232717599582 4.113490304452717 -44.02623919127908
    vertex -3.248500506655908 4.113490304452717 -43.52042250597914
    vertex -3.198161362721773 4.113490304452716 -44.83183671455561
  endloop
endfacet
facet normal 0 1 -0
  outer loop
    vertex -7.681670287278579 4.113490304452717 -43.09852893535725
    vertex -7.755744659056695 4.113490304452717 -41.58728280031633
    vertex -5.490254968934311 4.113490304452717 -42.65376861637996
  endloop
endfacet
facet normal -0 1 0
  outer loop
    vertex -7.755744659056695 4.113490304452717 -41.58728280031633
    vertex -5.564329340712426 4.113490304452717 -41.14252248133904
    vertex -5.490254968934311 4.113490304452717 -42.65376861637996
  endloop
endfacet
facet normal 0 1 -0
  outer loop
    vertex -7.755744659056695 4.113490304452717 -41.58728280031633
    vertex -7.829819030834811 4.113490304452717 -40.07603666527541
    vertex -5.564329340712426 4.113490304452717 -41.14252248133904
  endloop
endfacet
facet normal 0 1 -0
  outer loop
    vertex -5.490254968934311 4.113490304452717 -42.65376861637996
    vertex -5.564329340712426 4.113490304452717 -41.14252248133904
    vertex -3.298839650590043 4.113490304452717 -42.20900829740266
  endloop
endfacet
facet normal 0 1 0
  outer loop
    vertex 3.198161362721772 4.113490304452717 -44.83183671455561
    vertex 3.582576517179056 4.113490304452717 -42.1446690263648
    vertex 5.463232717614435 4.113490304452717 -44.02623919127321
  endloop
endfacet
facet normal -0 1 0
  outer loop
    vertex 3.582576517179056 4.113490304452717 -42.1446690263648
    vertex 5.824330979457464 4.113490304452717 -41.27801513676562
    vertex 5.463232717614435 4.113490304452717 -44.02623919127321
  endloop
endfacet
facet normal 0 1 0
  outer loop
    vertex 3.582576517179056 4.113490304452717 -42.1446690263648
    vertex 3.96699167163634 4.113490304452717 -39.45750133817398
    vertex 5.824330979457464 4.113490304452717 -41.27801513676562
  endloop
endfacet
facet normal 0 1 0
  outer loop
    vertex 5.463232717614435 4.113490304452717 -44.02623919127321
    vertex 5.824330979457464 4.113490304452717 -41.27801513676562
    vertex 7.681670287278584 4.113490304452717 -43.09852893535725
  endloop
endfacet
facet normal 0 1 0
  outer loop
    vertex -7.681670287278581 4.113490304452717 -36.90147106464275
    vertex -5.015293570669861 4.113490304452717 -37.81091350842281
    vertex -7.755744659056695 4.113490304452717 -38.48875386495908
  endloop
endfacet
facet normal 0 1 0
  outer loop
    vertex -5.015293570669861 4.113490304452717 -37.81091350842281
    vertex -5.089367942447975 4.113490304452717 -39.39819630873915
    vertex -7.755744659056695 4.113490304452717 -38.48875386495908
  endloop
endfacet
facet normal 0 1 0
  outer loop
    vertex -5.015293570669861 4.113490304452717 -37.81091350842281
    vertex -2.348916854061141 4.113490304452717 -38.72035595220289
    vertex -5.089367942447975 4.113490304452717 -39.39819630873915
  endloop
endfacet
facet normal 0 1 0
  outer loop
    vertex -7.755744659056695 4.113490304452717 -38.48875386495908
    vertex -5.089367942447975 4.113490304452717 -39.39819630873915
    vertex -7.829819030834811 4.113490304452717 -40.07603666527541
  endloop
endfacet
facet normal -0 1 0
  outer loop
    vertex -7.829819030834811 4.113490304452717 -40.07603666527541
    vertex -5.089367942447975 4.113490304452717 -39.39819630873915
    vertex -5.564329340712426 4.113490304452717 -41.14252248133904
  endloop
endfacet
facet normal 0 1 0
  outer loop
    vertex -5.089367942447975 4.113490304452717 -39.39819630873915
    vertex -2.823878252325592 4.113490304452717 -40.46468212480278
    vertex -5.564329340712426 4.113490304452717 -41.14252248133904
  endloop
endfacet
facet normal -0 1 0
  outer loop
    vertex -5.089367942447975 4.113490304452717 -39.39819630873915
    vertex -2.348916854061141 4.113490304452717 -38.72035595220289
    vertex -2.823878252325592 4.113490304452717 -40.46468212480278
  endloop
endfacet
facet normal -0 1 0
  outer loop
    vertex -5.564329340712426 4.113490304452717 -41.14252248133904
    vertex -2.823878252325592 4.113490304452717 -40.46468212480278
    vertex -3.298839650590043 4.113490304452717 -42.20900829740266
  endloop
endfacet
facet normal 0 1 0
  outer loop
    vertex 3.96699167163634 4.113490304452717 -39.45750133817398
    vertex 0.8090374087875993 4.113490304452717 -39.08892864518844
    vertex 1.983495835818168 4.113490304452717 -37.31283231180918
  endloop
endfacet
facet normal 0 1 -0
  outer loop
    vertex 0.8090374087875993 4.113490304452717 -39.08892864518844
    vertex -1.17445842703057 4.113490304452717 -36.94425961882364
    vertex 1.983495835818168 4.113490304452717 -37.31283231180918
  endloop
endfacet
facet normal 0 1 0
  outer loop
    vertex 0.8090374087875993 4.113490304452717 -39.08892864518844
    vertex -2.348916854061141 4.113490304452717 -38.72035595220289
    vertex -1.17445842703057 4.113490304452717 -36.94425961882364
  endloop
endfacet
facet normal 0 1 0
  outer loop
    vertex 1.983495835818168 4.113490304452717 -37.31283231180918
    vertex -1.17445842703057 4.113490304452717 -36.94425961882364
    vertex 1.77635683940025e-15 4.113490304452717 -35.16816328544439
  endloop
endfacet
facet normal 0 1 -0
  outer loop
    vertex 3.198161362721772 4.113490304452717 -44.83183671455561
    vertex 1.750820334331578 4.113490304452717 -43.42097225896688
    vertex 3.582576517179056 4.113490304452717 -42.1446690263648
  endloop
endfacet
facet normal 0 1 0
  outer loop
    vertex 1.750820334331578 4.113490304452717 -43.42097225896688
    vertex 2.135235488788862 4.113490304452717 -40.73380457077607
    vertex 3.582576517179056 4.113490304452717 -42.1446690263648
  endloop
endfacet
facet normal 0 1 -0
  outer loop
    vertex 1.750820334331578 4.113490304452717 -43.42097225896688
    vertex 0.3034793059413836 4.113490304452717 -42.01010780337815
    vertex 2.135235488788862 4.113490304452717 -40.73380457077607
  endloop
endfacet
facet normal 0 1 -0
  outer loop
    vertex 3.582576517179056 4.113490304452717 -42.1446690263648
    vertex 2.135235488788862 4.113490304452717 -40.73380457077607
    vertex 3.96699167163634 4.113490304452717 -39.45750133817398
  endloop
endfacet
facet normal 5.13221e-16 1 2.29374e-16
  outer loop
    vertex 12.0587619720043 4.113490304452716 -38.89408787804945
    vertex 10.55798072431516 4.113490304452717 -39.40829403460857
    vertex 9.87660408266496 4.113490304452717 -37.88372298425682
  endloop
endfacet
facet normal 0 1 0
  outer loop
    vertex 10.55798072431516 4.113490304452717 -39.40829403460857
    vertex 8.369434881952301 4.113490304452717 -38.41198562790522
    vertex 9.87660408266496 4.113490304452717 -37.88372298425682
  endloop
endfacet
facet normal 0 1 0
  outer loop
    vertex 10.55798072431516 4.113490304452717 -39.40829403460857
    vertex 9.057199476626018 4.113490304452717 -39.92250019116771
    vertex 8.369434881952301 4.113490304452717 -38.41198562790522
  endloop
endfacet
facet normal 0 1 0
  outer loop
    vertex 9.87660408266496 4.113490304452717 -37.88372298425682
    vertex 8.369434881952301 4.113490304452717 -38.41198562790522
    vertex 7.681670287278581 4.113490304452717 -36.90147106464275
  endloop
endfacet
facet normal 0 1 0
  outer loop
    vertex 7.681670287278584 4.113490304452717 -43.09852893535725
    vertex 8.369434881952301 4.113490304452717 -41.51051456326248
    vertex 9.876604082665718 4.113490304452717 -42.11627701574283
  endloop
endfacet
facet normal -0 1 0
  outer loop
    vertex 8.369434881952301 4.113490304452717 -41.51051456326248
    vertex 10.55798072431516 4.113490304452717 -40.51420615655913
    vertex 9.876604082665718 4.113490304452717 -42.11627701574283
  endloop
endfacet
facet normal 0 1 0
  outer loop
    vertex 8.369434881952301 4.113490304452717 -41.51051456326248
    vertex 9.057199476626018 4.113490304452717 -39.92250019116771
    vertex 10.55798072431516 4.113490304452717 -40.51420615655913
  endloop
endfacet
facet normal 5.06824e-16 1 -2.15557e-16
  outer loop
    vertex 9.876604082665718 4.113490304452717 -42.11627701574283
    vertex 10.55798072431516 4.113490304452717 -40.51420615655913
    vertex 12.0587619720043 4.113490304452716 -41.10591212195055
  endloop
endfacet
facet normal 0 1 0
  outer loop
    vertex 7.681670287278581 4.113490304452717 -36.90147106464275
    vertex 5.824330979457461 4.113490304452717 -38.17948620140837
    vertex 5.463232717599582 4.113490304452717 -35.97376080872093
  endloop
endfacet
facet normal 0 1 0
  outer loop
    vertex 5.824330979457461 4.113490304452717 -38.17948620140837
    vertex 3.582576517179056 4.113490304452717 -37.31283231180918
    vertex 5.463232717599582 4.113490304452717 -35.97376080872093
  endloop
endfacet
facet normal 0 1 0
  outer loop
    vertex 5.824330979457461 4.113490304452717 -38.17948620140837
    vertex 3.96699167163634 4.113490304452717 -39.45750133817398
    vertex 3.582576517179056 4.113490304452717 -37.31283231180918
  endloop
endfacet
facet normal 0 1 0
  outer loop
    vertex 5.463232717599582 4.113490304452717 -35.97376080872093
    vertex 3.582576517179056 4.113490304452717 -37.31283231180918
    vertex 3.198161362721772 4.113490304452717 -35.16816328544439
  endloop
endfacet
facet normal 8.31113e-16 1 3.68813e-17
  outer loop
    vertex -12.0587619720043 4.113490304452719 -41.10591212195055
    vertex -9.944290501419554 4.113490304452717 -40.59097439361298
    vertex -9.876604082664956 4.113490304452717 -42.11627701574318
  endloop
endfacet
facet normal 0 1 0
  outer loop
    vertex -9.944290501419554 4.113490304452717 -40.59097439361298
    vertex -7.755744659056695 4.113490304452717 -41.58728280031633
    vertex -9.876604082664956 4.113490304452717 -42.11627701574318
  endloop
endfacet
facet normal -0 1 0
  outer loop
    vertex -9.944290501419554 4.113490304452717 -40.59097439361298
    vertex -7.829819030834811 4.113490304452717 -40.07603666527541
    vertex -7.755744659056695 4.113490304452717 -41.58728280031633
  endloop
endfacet
facet normal -0 1 0
  outer loop
    vertex -9.876604082664956 4.113490304452717 -42.11627701574318
    vertex -7.755744659056695 4.113490304452717 -41.58728280031633
    vertex -7.681670287278579 4.113490304452717 -43.09852893535725
  endloop
endfacet
facet normal 0 1 0
  outer loop
    vertex -7.681670287278581 4.113490304452717 -36.90147106464275
    vertex -7.755744659056695 4.113490304452717 -38.48875386495908
    vertex -9.876604082665716 4.113490304452717 -37.88372298425717
  endloop
endfacet
facet normal 0 1 0
  outer loop
    vertex -7.755744659056695 4.113490304452717 -38.48875386495908
    vertex -9.944290501419554 4.113490304452717 -39.48506227166243
    vertex -9.876604082665716 4.113490304452717 -37.88372298425717
  endloop
endfacet
facet normal 0 1 0
  outer loop
    vertex -7.755744659056695 4.113490304452717 -38.48875386495908
    vertex -7.829819030834811 4.113490304452717 -40.07603666527541
    vertex -9.944290501419554 4.113490304452717 -39.48506227166243
  endloop
endfacet
facet normal 8.30286e-16 1 -3.50951e-17
  outer loop
    vertex -9.876604082665716 4.113490304452717 -37.88372298425717
    vertex -9.944290501419554 4.113490304452717 -39.48506227166243
    vertex -12.0587619720043 4.113490304452719 -38.89408787804945
  endloop
endfacet
facet normal 0 1 0
  outer loop
    vertex 3.96699167163634 4.113490304452717 -39.45750133817398
    vertex 6.51209557413118 4.113490304452717 -39.69000076467084
    vertex 5.824330979457464 4.113490304452717 -41.27801513676562
  endloop
endfacet
facet normal 0 1 0
  outer loop
    vertex 6.51209557413118 4.113490304452717 -39.69000076467084
    vertex 8.369434881952301 4.113490304452717 -41.51051456326248
    vertex 5.824330979457464 4.113490304452717 -41.27801513676562
  endloop
endfacet
facet normal 0 1 0
  outer loop
    vertex 6.51209557413118 4.113490304452717 -39.69000076467084
    vertex 9.057199476626018 4.113490304452717 -39.92250019116771
    vertex 8.369434881952301 4.113490304452717 -41.51051456326248
  endloop
endfacet
facet normal 0 1 0
  outer loop
    vertex 5.824330979457464 4.113490304452717 -41.27801513676562
    vertex 8.369434881952301 4.113490304452717 -41.51051456326248
    vertex 7.681670287278584 4.113490304452717 -43.09852893535725
  endloop
endfacet
facet normal 0 1 0
  outer loop
    vertex 7.681670287278581 4.113490304452717 -36.90147106464275
    vertex 8.369434881952301 4.113490304452717 -38.41198562790522
    vertex 5.824330979457461 4.113490304452717 -38.17948620140837
  endloop
endfacet
facet normal 0 1 0
  outer loop
    vertex 8.369434881952301 4.113490304452717 -38.41198562790522
    vertex 6.51209557413118 4.113490304452717 -39.69000076467084
    vertex 5.824330979457461 4.113490304452717 -38.17948620140837
  endloop
endfacet
facet normal 0 1 0
  outer loop
    vertex 8.369434881952301 4.113490304452717 -38.41198562790522
    vertex 9.057199476626018 4.113490304452717 -39.92250019116771
    vertex 6.51209557413118 4.113490304452717 -39.69000076467084
  endloop
endfacet
facet normal 0 1 0
  outer loop
    vertex 5.824330979457461 4.113490304452717 -38.17948620140837
    vertex 6.51209557413118 4.113490304452717 -39.69000076467084
    vertex 3.96699167163634 4.113490304452717 -39.45750133817398
  endloop
endfacet
facet normal 0 1 0
  outer loop
    vertex 1.77635683940025e-15 4.113490304452717 -35.16816328544439
    vertex -1.17445842703057 4.113490304452717 -36.94425961882364
    vertex -1.599080681360886 4.113490304452717 -35.16816328544439
  endloop
endfacet
facet normal 0 1 0
  outer loop
    vertex -1.17445842703057 4.113490304452717 -36.94425961882364
    vertex -2.773539108391457 4.113490304452717 -36.94425961882364
    vertex -1.599080681360886 4.113490304452717 -35.16816328544439
  endloop
endfacet
facet normal 0 1 0
  outer loop
    vertex -1.17445842703057 4.113490304452717 -36.94425961882364
    vertex -2.348916854061141 4.113490304452717 -38.72035595220289
    vertex -2.773539108391457 4.113490304452717 -36.94425961882364
  endloop
endfacet
facet normal -5.55431e-16 1 3.67283e-16
  outer loop
    vertex -1.599080681360886 4.113490304452717 -35.16816328544439
    vertex -2.773539108391457 4.113490304452717 -36.94425961882364
    vertex -3.198161362721773 4.113490304452716 -35.16816328544439
  endloop
endfacet
facet normal 3.91167e-16 1 -1.60624e-15
  outer loop
    vertex -12.0587619720043 4.113490304452719 -38.89408787804945
    vertex -9.944290501419554 4.113490304452717 -39.48506227166243
    vertex -12.0587619720043 4.113490304452717 -40
  endloop
endfacet
facet normal 0 1 0
  outer loop
    vertex -9.944290501419554 4.113490304452717 -39.48506227166243
    vertex -9.944290501419554 4.113490304452717 -40.59097439361298
    vertex -12.0587619720043 4.113490304452717 -40
  endloop
endfacet
facet normal 0 1 0
  outer loop
    vertex -9.944290501419554 4.113490304452717 -39.48506227166243
    vertex -7.829819030834811 4.113490304452717 -40.07603666527541
    vertex -9.944290501419554 4.113490304452717 -40.59097439361298
  endloop
endfacet
facet normal 4.48928e-16 1 1.60624e-15
  outer loop
    vertex -12.0587619720043 4.113490304452717 -40
    vertex -9.944290501419554 4.113490304452717 -40.59097439361298
    vertex -12.0587619720043 4.113490304452719 -41.10591212195055
  endloop
endfacet
facet normal 0 1 0
  outer loop
    vertex 3.96699167163634 4.113490304452717 -39.45750133817398
    vertex 2.135235488788862 4.113490304452717 -40.73380457077607
    vertex 0.8090374087875993 4.113490304452717 -39.08892864518844
  endloop
endfacet
facet normal 0 1 0
  outer loop
    vertex 2.135235488788862 4.113490304452717 -40.73380457077607
    vertex -1.022718774059879 4.113490304452717 -40.36523187779052
    vertex 0.8090374087875993 4.113490304452717 -39.08892864518844
  endloop
endfacet
facet normal 0 1 0
  outer loop
    vertex 2.135235488788862 4.113490304452717 -40.73380457077607
    vertex 0.3034793059413836 4.113490304452717 -42.01010780337815
    vertex -1.022718774059879 4.113490304452717 -40.36523187779052
  endloop
endfacet
facet normal 0 1 0
  outer loop
    vertex 0.8090374087875993 4.113490304452717 -39.08892864518844
    vertex -1.022718774059879 4.113490304452717 -40.36523187779052
    vertex -2.348916854061141 4.113490304452717 -38.72035595220289
  endloop
endfacet
facet normal 0 1 0
  outer loop
    vertex -7.105427357601002e-15 4.113490304452717 -44.83183671455561
    vertex 0.15173965297069 4.113490304452717 -43.42097225896688
    vertex 1.599080681360881 4.113490304452717 -44.83183671455561
  endloop
endfacet
facet normal -0 1 0
  outer loop
    vertex 0.15173965297069 4.113490304452717 -43.42097225896688
    vertex 1.750820334331578 4.113490304452717 -43.42097225896688
    vertex 1.599080681360881 4.113490304452717 -44.83183671455561
  endloop
endfacet
facet normal 0 1 0
  outer loop
    vertex 0.15173965297069 4.113490304452717 -43.42097225896688
    vertex 0.3034793059413836 4.113490304452717 -42.01010780337815
    vertex 1.750820334331578 4.113490304452717 -43.42097225896688
  endloop
endfacet
facet normal 0 1 0
  outer loop
    vertex 1.599080681360881 4.113490304452717 -44.83183671455561
    vertex 1.750820334331578 4.113490304452717 -43.42097225896688
    vertex 3.198161362721772 4.113490304452717 -44.83183671455561
  endloop
endfacet
facet normal -5.55431e-16 1 -6.98588e-16
  outer loop
    vertex -3.198161362721773 4.113490304452716 -44.83183671455561
    vertex -3.248500506655908 4.113490304452717 -43.52042250597914
    vertex -1.59908068136089 4.113490304452717 -44.83183671455561
  endloop
endfacet
facet normal -0 1 0
  outer loop
    vertex -3.248500506655908 4.113490304452717 -43.52042250597914
    vertex -1.649419825295025 4.113490304452717 -43.52042250597914
    vertex -1.59908068136089 4.113490304452717 -44.83183671455561
  endloop
endfacet
facet normal 0 1 -0
  outer loop
    vertex -3.248500506655908 4.113490304452717 -43.52042250597914
    vertex -3.298839650590043 4.113490304452717 -42.20900829740266
    vertex -1.649419825295025 4.113490304452717 -43.52042250597914
  endloop
endfacet
facet normal 0 1 -0
  outer loop
    vertex -1.59908068136089 4.113490304452717 -44.83183671455561
    vertex -1.649419825295025 4.113490304452717 -43.52042250597914
    vertex -7.105427357601002e-15 4.113490304452717 -44.83183671455561
  endloop
endfacet
facet normal 0 1 0
  outer loop
    vertex -2.348916854061141 4.113490304452717 -38.72035595220289
    vertex -1.022718774059879 4.113490304452717 -40.36523187779052
    vertex -2.823878252325592 4.113490304452717 -40.46468212480278
  endloop
endfacet
facet normal 0 1 0
  outer loop
    vertex -1.022718774059879 4.113490304452717 -40.36523187779052
    vertex -1.49768017232433 4.113490304452717 -42.1095580503904
    vertex -2.823878252325592 4.113490304452717 -40.46468212480278
  endloop
endfacet
facet normal 0 1 0
  outer loop
    vertex -1.022718774059879 4.113490304452717 -40.36523187779052
    vertex 0.3034793059413836 4.113490304452717 -42.01010780337815
    vertex -1.49768017232433 4.113490304452717 -42.1095580503904
  endloop
endfacet
facet normal 0 1 0
  outer loop
    vertex -2.823878252325592 4.113490304452717 -40.46468212480278
    vertex -1.49768017232433 4.113490304452717 -42.1095580503904
    vertex -3.298839650590043 4.113490304452717 -42.20900829740266
  endloop
endfacet
facet normal 2.75169e-16 1 -8.03118e-16
  outer loop
    vertex 12.0587619720043 4.113490304452716 -41.10591212195055
    vertex 10.55798072431516 4.113490304452717 -40.51420615655913
    vertex 12.0587619720043 4.113490304452717 -40
  endloop
endfacet
facet normal 0 1 0
  outer loop
    vertex 10.55798072431516 4.113490304452717 -40.51420615655913
    vertex 10.55798072431516 4.113490304452717 -39.40829403460857
    vertex 12.0587619720043 4.113490304452717 -40
  endloop
endfacet
facet normal 0 1 -0
  outer loop
    vertex 10.55798072431516 4.113490304452717 -40.51420615655913
    vertex 9.057199476626018 4.113490304452717 -39.92250019116771
    vertex 10.55798072431516 4.113490304452717 -39.40829403460857
  endloop
endfacet
facet normal 3.16642e-16 1 8.03118e-16
  outer loop
    vertex 12.0587619720043 4.113490304452717 -40
    vertex 10.55798072431516 4.113490304452717 -39.40829403460857
    vertex 12.0587619720043 4.113490304452716 -38.89408787804945
  endloop
endfacet
facet normal -0 1 0
  outer loop
    vertex -3.298839650590043 4.113490304452717 -42.20900829740266
    vertex -1.49768017232433 4.113490304452717 -42.1095580503904
    vertex -1.649419825295025 4.113490304452717 -43.52042250597914
  endloop
endfacet
facet normal 0 1 0
  outer loop
    vertex -1.49768017232433 4.113490304452717 -42.1095580503904
    vertex 0.15173965297069 4.113490304452717 -43.42097225896688
    vertex -1.649419825295025 4.113490304452717 -43.52042250597914
  endloop
endfacet
facet normal -0 1 0
  outer loop
    vertex -1.49768017232433 4.113490304452717 -42.1095580503904
    vertex 0.3034793059413836 4.113490304452717 -42.01010780337815
    vertex 0.15173965297069 4.113490304452717 -43.42097225896688
  endloop
endfacet
facet normal -0 1 0
  outer loop
    vertex -1.649419825295025 4.113490304452717 -43.52042250597914
    vertex 0.15173965297069 4.113490304452717 -43.42097225896688
    vertex -7.105427357601002e-15 4.113490304452717 -44.83183671455561
  endloop
endfacet
facet normal -0.899161 -0.437618 -3.51459e-16
  outer loop
    vertex 12.0587619720043 4.113490304452716 -38.89408787804945
    vertex 10.67725238983929 6.95203741258306 -40
    vertex 12.0587619720043 4.113490304452717 -40
  endloop
endfacet
facet normal -0.899161 -0.437618 -0
  outer loop
    vertex 10.67725238983929 6.95203741258306 -40
    vertex 10.67725238983929 6.95203741258306 -41.10591212195055
    vertex 12.0587619720043 4.113490304452717 -40
  endloop
endfacet
facet normal -0.763966 -0.645256 -0
  outer loop
    vertex 10.67725238983929 6.95203741258306 -40
    vertex 8.640253074289683 9.363790343365828 -41.10591212195055
    vertex 10.67725238983929 6.95203741258306 -41.10591212195055
  endloop
endfacet
facet normal -0.899161 -0.437618 3.51459e-16
  outer loop
    vertex 12.0587619720043 4.113490304452717 -40
    vertex 10.67725238983929 6.95203741258306 -41.10591212195055
    vertex 12.0587619720043 4.113490304452716 -41.10591212195055
  endloop
endfacet
facet normal 0.763966 -0.645256 0
  outer loop
    vertex -8.640253074289701 9.363790343365814 -38.89408787804945
    vertex -10.6772523898393 6.952037412583051 -38.89408787804945
    vertex -10.6772523898393 6.952037412583051 -40
  endloop
endfacet
facet normal 0.899161 -0.437618 0
  outer loop
    vertex -10.6772523898393 6.952037412583051 -38.89408787804945
    vertex -12.0587619720043 4.113490304452717 -40
    vertex -10.6772523898393 6.952037412583051 -40
  endloop
endfacet
facet normal 0.899161 -0.437618 -7.63207e-16
  outer loop
    vertex -10.6772523898393 6.952037412583051 -38.89408787804945
    vertex -12.0587619720043 4.113490304452719 -38.89408787804945
    vertex -12.0587619720043 4.113490304452717 -40
  endloop
endfacet
facet normal 0.899161 -0.437618 7.63207e-16
  outer loop
    vertex -10.6772523898393 6.952037412583051 -40
    vertex -12.0587619720043 4.113490304452717 -40
    vertex -12.0587619720043 4.113490304452719 -41.10591212195055
  endloop
endfacet
facet normal 0.763966 -0.645256 0
  outer loop
    vertex -8.640253074289701 9.363790343365814 -41.10591212195055
    vertex -8.640253074289701 9.363790343365814 -40
    vertex -10.6772523898393 6.952037412583051 -41.10591212195055
  endloop
endfacet
facet normal 0.763966 -0.645256 0
  outer loop
    vertex -8.640253074289701 9.363790343365814 -40
    vertex -10.6772523898393 6.952037412583051 -40
    vertex -10.6772523898393 6.952037412583051 -41.10591212195055
  endloop
endfacet
facet normal 0.763966 -0.645256 0
  outer loop
    vertex -8.640253074289701 9.363790343365814 -40
    vertex -8.640253074289701 9.363790343365814 -38.89408787804945
    vertex -10.6772523898393 6.952037412583051 -40
  endloop
endfacet
facet normal 0.899161 -0.437618 0
  outer loop
    vertex -10.6772523898393 6.952037412583051 -41.10591212195055
    vertex -10.6772523898393 6.952037412583051 -40
    vertex -12.0587619720043 4.113490304452719 -41.10591212195055
  endloop
endfacet
facet normal -0.899161 -0.437618 0
  outer loop
    vertex 12.0587619720043 4.113490304452716 -38.89408787804945
    vertex 10.67725238983929 6.95203741258306 -38.89408787804945
    vertex 10.67725238983929 6.95203741258306 -40
  endloop
endfacet
facet normal -0.763966 -0.645256 -0
  outer loop
    vertex 10.67725238983929 6.95203741258306 -38.89408787804945
    vertex 8.640253074289683 9.363790343365828 -40
    vertex 10.67725238983929 6.95203741258306 -40
  endloop
endfacet
facet normal -0.763966 -0.645256 0
  outer loop
    vertex 10.67725238983929 6.95203741258306 -38.89408787804945
    vertex 8.640253074289683 9.363790343365828 -38.89408787804945
    vertex 8.640253074289683 9.363790343365828 -40
  endloop
endfacet
facet normal -0.763966 -0.645256 0
  outer loop
    vertex 10.67725238983929 6.95203741258306 -40
    vertex 8.640253074289683 9.363790343365828 -40
    vertex 8.640253074289683 9.363790343365828 -41.10591212195055
  endloop
endfacet
facet normal -0.581871 -0.813281 0
  outer loop
    vertex 8.640253074289683 9.363790343365828 -41.10591212195055
    vertex 6.072817933374435 11.20068860072314 -40
    vertex 6.072817933374435 11.20068860072314 -41.10591212195055
  endloop
endfacet
facet normal -0.364053 -0.931378 -0
  outer loop
    vertex 6.072817933374435 11.20068860072314 -40
    vertex 3.132564986650927 12.34996272814992 -40
    vertex 6.072817933374435 11.20068860072314 -41.10591212195055
  endloop
endfacet
facet normal -0.364053 -0.931378 0
  outer loop
    vertex 6.072817933374435 11.20068860072314 -40
    vertex 3.132564986650927 12.34996272814992 -38.89408787804945
    vertex 3.132564986650927 12.34996272814992 -40
  endloop
endfacet
facet normal -0.364053 -0.931378 0
  outer loop
    vertex 6.072817933374435 11.20068860072314 -41.10591212195055
    vertex 3.132564986650927 12.34996272814992 -40
    vertex 3.132564986650927 12.34996272814992 -41.10591212195055
  endloop
endfacet
facet normal -0.581871 -0.813281 -0
  outer loop
    vertex 8.640253074289683 9.363790343365828 -38.89408787804945
    vertex 6.072817933374435 11.20068860072314 -38.89408787804945
    vertex 8.640253074289683 9.363790343365828 -40
  endloop
endfacet
facet normal -0.581871 -0.813281 -0
  outer loop
    vertex 6.072817933374435 11.20068860072314 -38.89408787804945
    vertex 6.072817933374435 11.20068860072314 -40
    vertex 8.640253074289683 9.363790343365828 -40
  endloop
endfacet
facet normal -0.364053 -0.931378 -0
  outer loop
    vertex 6.072817933374435 11.20068860072314 -38.89408787804945
    vertex 3.132564986650927 12.34996272814992 -38.89408787804945
    vertex 6.072817933374435 11.20068860072314 -40
  endloop
endfacet
facet normal -0.581871 -0.813281 -0
  outer loop
    vertex 8.640253074289683 9.363790343365828 -40
    vertex 6.072817933374435 11.20068860072314 -40
    vertex 8.640253074289683 9.363790343365828 -41.10591212195055
  endloop
endfacet
facet normal -0.123886 -0.992296 -0
  outer loop
    vertex 3.132564986650927 12.34996272814992 -38.89408787804945
    vertex -2.048918292974221e-15 12.74105736515943 -40
    vertex 3.132564986650927 12.34996272814992 -40
  endloop
endfacet
facet normal -0.123886 -0.992296 3.16919e-16
  outer loop
    vertex -2.048918292974221e-15 12.74105736515943 -40
    vertex -4.878001341948208e-15 12.74105736515943 -41.10591212195055
    vertex 3.132564986650927 12.34996272814992 -40
  endloop
endfacet
facet normal 0.123886 -0.992296 -3.16919e-16
  outer loop
    vertex -2.048918292974221e-15 12.74105736515943 -40
    vertex -3.132564986650933 12.34996272814992 -41.10591212195055
    vertex -4.878001341948208e-15 12.74105736515943 -41.10591212195055
  endloop
endfacet
facet normal -0.123886 -0.992296 -0
  outer loop
    vertex 3.132564986650927 12.34996272814992 -40
    vertex -4.878001341948208e-15 12.74105736515943 -41.10591212195055
    vertex 3.132564986650927 12.34996272814992 -41.10591212195055
  endloop
endfacet
facet normal 0.364053 -0.931378 0
  outer loop
    vertex -3.132564986650933 12.34996272814992 -41.10591212195055
    vertex -6.072817933374449 11.20068860072313 -40
    vertex -6.072817933374449 11.20068860072313 -41.10591212195055
  endloop
endfacet
facet normal 0.581871 -0.813281 0
  outer loop
    vertex -6.072817933374449 11.20068860072313 -40
    vertex -8.640253074289701 9.363790343365814 -40
    vertex -6.072817933374449 11.20068860072313 -41.10591212195055
  endloop
endfacet
facet normal 0.581871 -0.813281 0
  outer loop
    vertex -6.072817933374449 11.20068860072313 -40
    vertex -8.640253074289701 9.363790343365814 -38.89408787804945
    vertex -8.640253074289701 9.363790343365814 -40
  endloop
endfacet
facet normal 0.581871 -0.813281 0
  outer loop
    vertex -6.072817933374449 11.20068860072313 -41.10591212195055
    vertex -8.640253074289701 9.363790343365814 -40
    vertex -8.640253074289701 9.363790343365814 -41.10591212195055
  endloop
endfacet
facet normal -0.123886 -0.992296 -3.18003e-16
  outer loop
    vertex 3.132564986650927 12.34996272814992 -38.89408787804945
    vertex -4.878001341948208e-15 12.74105736515943 -38.89408787804945
    vertex -2.048918292974221e-15 12.74105736515943 -40
  endloop
endfacet
facet normal 0.123886 -0.992296 3.16919e-16
  outer loop
    vertex -4.878001341948208e-15 12.74105736515943 -38.89408787804945
    vertex -3.132564986650933 12.34996272814992 -40
    vertex -2.048918292974221e-15 12.74105736515943 -40
  endloop
endfacet
facet normal 0.123886 -0.992296 0
  outer loop
    vertex -4.878001341948208e-15 12.74105736515943 -38.89408787804945
    vertex -3.132564986650933 12.34996272814992 -38.89408787804945
    vertex -3.132564986650933 12.34996272814992 -40
  endloop
endfacet
facet normal 0.123886 -0.992296 0
  outer loop
    vertex -2.048918292974221e-15 12.74105736515943 -40
    vertex -3.132564986650933 12.34996272814992 -40
    vertex -3.132564986650933 12.34996272814992 -41.10591212195055
  endloop
endfacet
facet normal 0.364053 -0.931378 0
  outer loop
    vertex -3.132564986650933 12.34996272814992 -41.10591212195055
    vertex -3.132564986650933 12.34996272814992 -40
    vertex -6.072817933374449 11.20068860072313 -40
  endloop
endfacet
facet normal 0.364053 -0.931378 0
  outer loop
    vertex -3.132564986650933 12.34996272814992 -40
    vertex -6.072817933374449 11.20068860072313 -38.89408787804945
    vertex -6.072817933374449 11.20068860072313 -40
  endloop
endfacet
facet normal 0.364053 -0.931378 0
  outer loop
    vertex -3.132564986650933 12.34996272814992 -40
    vertex -3.132564986650933 12.34996272814992 -38.89408787804945
    vertex -6.072817933374449 11.20068860072313 -38.89408787804945
  endloop
endfacet
facet normal 0.581871 -0.813281 0
  outer loop
    vertex -6.072817933374449 11.20068860072313 -40
    vertex -6.072817933374449 11.20068860072313 -38.89408787804945
    vertex -8.640253074289701 9.363790343365814 -38.89408787804945
  endloop
endfacet
facet normal -0.411642 -0.200344 -0.889052
  outer loop
    vertex 12.0587619720043 4.113490304452716 -38.89408787804945
    vertex 9.87660408266496 4.113490304452717 -37.88372298425682
    vertex 10.67725238983929 6.95203741258306 -38.89408787804945
  endloop
endfacet
facet normal -0.364988 -0.219129 -0.904857
  outer loop
    vertex 9.87660408266496 4.113490304452717 -37.88372298425682
    vertex 8.182780502210122 6.756656483723813 -37.84059027228191
    vertex 10.67725238983929 6.95203741258306 -38.89408787804945
  endloop
endfacet
facet normal -0.396567 -0.239672 -0.886167
  outer loop
    vertex 9.87660408266496 4.113490304452717 -37.88372298425682
    vertex 7.681670287278581 4.113490304452717 -36.90147106464275
    vertex 8.182780502210122 6.756656483723813 -37.84059027228191
  endloop
endfacet
facet normal -0.351664 -0.29702 -0.887756
  outer loop
    vertex 10.67725238983929 6.95203741258306 -38.89408787804945
    vertex 8.182780502210122 6.756656483723813 -37.84059027228191
    vertex 8.640253074289683 9.363790343365828 -38.89408787804945
  endloop
endfacet
facet normal 0.351664 -0.29702 -0.887756
  outer loop
    vertex -8.640253074289701 9.363790343365814 -38.89408787804945
    vertex -8.182780502210129 6.756656483723807 -37.84059027228191
    vertex -10.6772523898393 6.952037412583051 -38.89408787804945
  endloop
endfacet
facet normal 0.364988 -0.219129 -0.904857
  outer loop
    vertex -8.182780502210129 6.756656483723807 -37.84059027228191
    vertex -9.876604082665716 4.113490304452717 -37.88372298425717
    vertex -10.6772523898393 6.952037412583051 -38.89408787804945
  endloop
endfacet
facet normal 0.396567 -0.239672 -0.886167
  outer loop
    vertex -8.182780502210129 6.756656483723807 -37.84059027228191
    vertex -7.681670287278581 4.113490304452717 -36.90147106464275
    vertex -9.876604082665716 4.113490304452717 -37.88372298425717
  endloop
endfacet
facet normal 0.411642 -0.200344 -0.889052
  outer loop
    vertex -10.6772523898393 6.952037412583051 -38.89408787804945
    vertex -9.876604082665716 4.113490304452717 -37.88372298425717
    vertex -12.0587619720043 4.113490304452719 -38.89408787804945
  endloop
endfacet
facet normal 0.327498 -0.260596 -0.908204
  outer loop
    vertex -7.681670287278581 4.113490304452717 -36.90147106464275
    vertex -8.182780502210129 6.756656483723807 -37.84059027228191
    vertex -5.043765718016628 6.244341295421641 -36.56166069807901
  endloop
endfacet
facet normal 0.303897 -0.349994 -0.886088
  outer loop
    vertex -8.182780502210129 6.756656483723807 -37.84059027228191
    vertex -5.466767241784488 8.811002355611835 -37.72053448781902
    vertex -5.043765718016628 6.244341295421641 -36.56166069807901
  endloop
endfacet
facet normal 0.279873 -0.317059 -0.90617
  outer loop
    vertex -8.182780502210129 6.756656483723807 -37.84059027228191
    vertex -8.640253074289701 9.363790343365814 -38.89408787804945
    vertex -5.466767241784488 8.811002355611835 -37.72053448781902
  endloop
endfacet
facet normal 0.188597 -0.378137 -0.906335
  outer loop
    vertex -5.043765718016628 6.244341295421641 -36.56166069807901
    vertex -5.466767241784488 8.811002355611835 -37.72053448781902
    vertex -2.233343204650231 8.161609621612028 -36.77676041638596
  endloop
endfacet
facet normal -0.287361 -0.315076 -0.904517
  outer loop
    vertex 8.640253074289683 9.363790343365828 -38.89408787804945
    vertex 8.182780502210122 6.756656483723813 -37.84059027228191
    vertex 5.530810183987491 8.465047146878764 -37.59316448215139
  endloop
endfacet
facet normal -0.304971 -0.344842 -0.887737
  outer loop
    vertex 8.182780502210122 6.756656483723813 -37.84059027228191
    vertex 5.10488333459965 5.892074126607415 -36.44737064393423
    vertex 5.530810183987491 8.465047146878764 -37.59316448215139
  endloop
endfacet
facet normal -0.337434 -0.257711 -0.905386
  outer loop
    vertex 8.182780502210122 6.756656483723813 -37.84059027228191
    vertex 7.681670287278581 4.113490304452717 -36.90147106464275
    vertex 5.10488333459965 5.892074126607415 -36.44737064393423
  endloop
endfacet
facet normal -0.206029 -0.369415 -0.906137
  outer loop
    vertex 5.530810183987491 8.465047146878764 -37.59316448215139
    vertex 5.10488333459965 5.892074126607415 -36.44737064393423
    vertex 2.371322183307352 7.489708622631846 -36.47716475584426
  endloop
endfacet
facet normal 0.055071 -0.441104 -0.895765
  outer loop
    vertex -3.132564986650933 12.34996272814992 -38.89408787804945
    vertex -4.878001341948208e-15 12.74105736515943 -38.89408787804945
    vertex -2.682976197921015 10.25587066240907 -37.83524764037347
  endloop
endfacet
facet normal 0.0473557 -0.434363 -0.899492
  outer loop
    vertex -4.878001341948208e-15 12.74105736515943 -38.89408787804945
    vertex 0.4525025164619347 10.32174519194547 -37.701984256381
    vertex -2.682976197921015 10.25587066240907 -37.83524764037347
  endloop
endfacet
facet normal -0.0561483 -0.449733 -0.891396
  outer loop
    vertex -4.878001341948208e-15 12.74105736515943 -38.89408787804945
    vertex 3.132564986650927 12.34996272814992 -38.89408787804945
    vertex 0.4525025164619347 10.32174519194547 -37.701984256381
  endloop
endfacet
facet normal 0.0473577 -0.442458 -0.895538
  outer loop
    vertex -2.682976197921015 10.25587066240907 -37.83524764037347
    vertex 0.4525025164619347 10.32174519194547 -37.701984256381
    vertex -2.233343204650231 8.161609621612028 -36.77676041638596
  endloop
endfacet
facet normal 0.308414 -0.391047 -0.867158
  outer loop
    vertex -3.198161362721773 4.113490304452716 -35.16816328544439
    vertex -5.463232717614431 4.113490304452717 -35.97376080872679
    vertex -2.725661220010992 6.159943975969586 -35.9229676947995
  endloop
endfacet
facet normal 0.242971 -0.302147 -0.921777
  outer loop
    vertex -5.463232717614431 4.113490304452717 -35.97376080872679
    vertex -5.043765718016628 6.244341295421641 -36.56166069807901
    vertex -2.725661220010992 6.159943975969586 -35.9229676947995
  endloop
endfacet
facet normal 0.366319 -0.313794 -0.875981
  outer loop
    vertex -5.463232717614431 4.113490304452717 -35.97376080872679
    vertex -7.681670287278581 4.113490304452717 -36.90147106464275
    vertex -5.043765718016628 6.244341295421641 -36.56166069807901
  endloop
endfacet
facet normal 0.22545 -0.428631 -0.874899
  outer loop
    vertex -2.725661220010992 6.159943975969586 -35.9229676947995
    vertex -5.043765718016628 6.244341295421641 -36.56166069807901
    vertex -2.233343204650231 8.161609621612028 -36.77676041638596
  endloop
endfacet
facet normal -0.367087 -0.30771 -0.877817
  outer loop
    vertex 7.681670287278581 4.113490304452717 -36.90147106464275
    vertex 5.463232717599582 4.113490304452717 -35.97376080872093
    vertex 5.10488333459965 5.892074126607415 -36.44737064393423
  endloop
endfacet
facet normal -0.254853 -0.296442 -0.92042
  outer loop
    vertex 5.463232717599582 4.113490304452717 -35.97376080872093
    vertex 2.793080316332409 5.818971590792406 -35.78371738316
    vertex 5.10488333459965 5.892074126607415 -36.44737064393423
  endloop
endfacet
facet normal -0.308993 -0.386959 -0.868784
  outer loop
    vertex 5.463232717599582 4.113490304452717 -35.97376080872093
    vertex 3.198161362721772 4.113490304452717 -35.16816328544439
    vertex 2.793080316332409 5.818971590792406 -35.78371738316
  endloop
endfacet
facet normal -0.237654 -0.422934 -0.874441
  outer loop
    vertex 5.10488333459965 5.892074126607415 -36.44737064393423
    vertex 2.793080316332409 5.818971590792406 -35.78371738316
    vertex 2.371322183307352 7.489708622631846 -36.47716475584426
  endloop
endfacet
facet normal -0.0690511 -0.436116 -0.897237
  outer loop
    vertex 3.132564986650927 12.34996272814992 -38.89408787804945
    vertex 2.752160017659865 9.920615842774874 -37.68398994389014
    vertex 0.4525025164619347 10.32174519194547 -37.701984256381
  endloop
endfacet
facet normal -0.0688677 -0.435088 -0.89775
  outer loop
    vertex 2.752160017659865 9.920615842774874 -37.68398994389014
    vertex 0.06956667711858203 7.891131050354986 -36.49463006978599
    vertex 0.4525025164619347 10.32174519194547 -37.701984256381
  endloop
endfacet
facet normal -0.069035 -0.43491 -0.897824
  outer loop
    vertex 2.752160017659865 9.920615842774874 -37.68398994389014
    vertex 2.371322183307352 7.489708622631846 -36.47716475584426
    vertex 0.06956667711858203 7.891131050354986 -36.49463006978599
  endloop
endfacet
facet normal 0.0561131 -0.451244 -0.890635
  outer loop
    vertex 0.4525025164619347 10.32174519194547 -37.701984256381
    vertex 0.06956667711858203 7.891131050354986 -36.49463006978599
    vertex -2.233343204650231 8.161609621612028 -36.77676041638596
  endloop
endfacet
facet normal 0.264811 -0.370127 -0.890439
  outer loop
    vertex -8.640253074289701 9.363790343365814 -38.89408787804945
    vertex -6.072817933374449 11.20068860072313 -38.89408787804945
    vertex -5.466767241784488 8.811002355611835 -37.72053448781902
  endloop
endfacet
facet normal 0.170116 -0.399284 -0.900907
  outer loop
    vertex -6.072817933374449 11.20068860072313 -38.89408787804945
    vertex -2.682976197921015 10.25587066240907 -37.83524764037347
    vertex -5.466767241784488 8.811002355611835 -37.72053448781902
  endloop
endfacet
facet normal 0.163032 -0.417094 -0.894121
  outer loop
    vertex -6.072817933374449 11.20068860072313 -38.89408787804945
    vertex -3.132564986650933 12.34996272814992 -38.89408787804945
    vertex -2.682976197921015 10.25587066240907 -37.83524764037347
  endloop
endfacet
facet normal 0.177686 -0.413251 -0.893113
  outer loop
    vertex -5.466767241784488 8.811002355611835 -37.72053448781902
    vertex -2.682976197921015 10.25587066240907 -37.83524764037347
    vertex -2.233343204650231 8.161609621612028 -36.77676041638596
  endloop
endfacet
facet normal -0.163841 -0.419165 -0.893004
  outer loop
    vertex 3.132564986650927 12.34996272814992 -38.89408787804945
    vertex 6.072817933374435 11.20068860072314 -38.89408787804945
    vertex 2.752160017659865 9.920615842774874 -37.68398994389014
  endloop
endfacet
facet normal -0.176854 -0.393894 -0.901981
  outer loop
    vertex 6.072817933374435 11.20068860072314 -38.89408787804945
    vertex 5.530810183987491 8.465047146878764 -37.59316448215139
    vertex 2.752160017659865 9.920615842774874 -37.68398994389014
  endloop
endfacet
facet normal -0.265234 -0.370718 -0.890067
  outer loop
    vertex 6.072817933374435 11.20068860072314 -38.89408787804945
    vertex 8.640253074289683 9.363790343365828 -38.89408787804945
    vertex 5.530810183987491 8.465047146878764 -37.59316448215139
  endloop
endfacet
facet normal -0.187271 -0.413107 -0.891219
  outer loop
    vertex 2.752160017659865 9.920615842774874 -37.68398994389014
    vertex 5.530810183987491 8.465047146878764 -37.59316448215139
    vertex 2.371322183307352 7.489708622631846 -36.47716475584426
  endloop
endfacet
facet normal -0.0735444 -0.460198 -0.884765
  outer loop
    vertex 2.371322183307352 7.489708622631846 -36.47716475584426
    vertex 1.188313094772179 6.364294713241365 -35.79346089322728
    vertex 0.06956667711858203 7.891131050354986 -36.49463006978599
  endloop
endfacet
facet normal 0.00145846 -0.416445 -0.90916
  outer loop
    vertex 1.188313094772179 6.364294713241365 -35.79346089322728
    vertex -1.118531661032306 6.697178828830057 -35.94964062231266
    vertex 0.06956667711858203 7.891131050354986 -36.49463006978599
  endloop
endfacet
facet normal -0.00806858 -0.470015 -0.882622
  outer loop
    vertex 1.188313094772179 6.364294713241365 -35.79346089322728
    vertex 6.103837638622496e-15 5.210473931115373 -35.16816328544438
    vertex -1.118531661032306 6.697178828830057 -35.94964062231266
  endloop
endfacet
facet normal 0.0546978 -0.459157 -0.886669
  outer loop
    vertex 0.06956667711858203 7.891131050354986 -36.49463006978599
    vertex -1.118531661032306 6.697178828830057 -35.94964062231266
    vertex -2.233343204650231 8.161609621612028 -36.77676041638596
  endloop
endfacet
facet normal 0.0703827 -0.422125 -0.903801
  outer loop
    vertex 6.103837638622496e-15 5.210473931115373 -35.16816328544438
    vertex -1.690533139217649 4.928603888733584 -35.16816328544438
    vertex -1.118531661032306 6.697178828830057 -35.94964062231266
  endloop
endfacet
facet normal 0.130904 -0.435808 -0.890469
  outer loop
    vertex -1.690533139217649 4.928603888733584 -35.16816328544438
    vertex -2.725661220010992 6.159943975969586 -35.9229676947995
    vertex -1.118531661032306 6.697178828830057 -35.94964062231266
  endloop
endfacet
facet normal 0.205492 -0.380076 -0.90184
  outer loop
    vertex -1.690533139217649 4.928603888733584 -35.16816328544438
    vertex -3.198161362721773 4.113490304452716 -35.16816328544439
    vertex -2.725661220010992 6.159943975969586 -35.9229676947995
  endloop
endfacet
facet normal 0.12374 -0.41492 -0.901404
  outer loop
    vertex -1.118531661032306 6.697178828830057 -35.94964062231266
    vertex -2.725661220010992 6.159943975969586 -35.9229676947995
    vertex -2.233343204650231 8.161609621612028 -36.77676041638596
  endloop
endfacet
facet normal -0.202567 -0.374666 -0.904761
  outer loop
    vertex 3.198161362721772 4.113490304452717 -35.16816328544439
    vertex 1.690533139217653 4.928603888733583 -35.16816328544438
    vertex 2.793080316332409 5.818971590792406 -35.78371738316
  endloop
endfacet
facet normal -0.143052 -0.436839 -0.888092
  outer loop
    vertex 1.690533139217653 4.928603888733583 -35.16816328544438
    vertex 1.188313094772179 6.364294713241365 -35.79346089322728
    vertex 2.793080316332409 5.818971590792406 -35.78371738316
  endloop
endfacet
facet normal -0.0698223 -0.418764 -0.905407
  outer loop
    vertex 1.690533139217653 4.928603888733583 -35.16816328544438
    vertex 6.103837638622496e-15 5.210473931115373 -35.16816328544438
    vertex 1.188313094772179 6.364294713241365 -35.79346089322728
  endloop
endfacet
facet normal -0.133313 -0.408446 -0.902995
  outer loop
    vertex 2.793080316332409 5.818971590792406 -35.78371738316
    vertex 1.188313094772179 6.364294713241365 -35.79346089322728
    vertex 2.371322183307352 7.489708622631846 -36.47716475584426
  endloop
endfacet
facet normal 0 1.29545e-14 -1
  outer loop
    vertex 1.77635683940025e-15 4.113490304452717 -35.16816328544439
    vertex 3.940097239011373e-15 4.661982117784045 -35.16816328544438
    vertex 1.599080681360887 4.113490304452717 -35.16816328544439
  endloop
endfacet
facet normal -1.39958e-15 8.87413e-15 -1
  outer loop
    vertex 3.940097239011373e-15 4.661982117784045 -35.16816328544438
    vertex 1.690533139217653 4.928603888733583 -35.16816328544438
    vertex 1.599080681360887 4.113490304452717 -35.16816328544439
  endloop
endfacet
facet normal 0 0 -1
  outer loop
    vertex 3.940097239011373e-15 4.661982117784045 -35.16816328544438
    vertex 6.103837638622496e-15 5.210473931115373 -35.16816328544438
    vertex 1.690533139217653 4.928603888733583 -35.16816328544438
  endloop
endfacet
facet normal 0 8.7171e-15 -1
  outer loop
    vertex 1.599080681360887 4.113490304452717 -35.16816328544439
    vertex 1.690533139217653 4.928603888733583 -35.16816328544438
    vertex 3.198161362721772 4.113490304452717 -35.16816328544439
  endloop
endfacet
facet normal 0 0 -1
  outer loop
    vertex 6.103837638622496e-15 5.210473931115373 -35.16816328544438
    vertex 3.940097239011373e-15 4.661982117784045 -35.16816328544438
    vertex -1.690533139217649 4.928603888733584 -35.16816328544438
  endloop
endfacet
facet normal 1.39958e-15 8.87413e-15 -1
  outer loop
    vertex 3.940097239011373e-15 4.661982117784045 -35.16816328544438
    vertex -1.599080681360886 4.113490304452717 -35.16816328544439
    vertex -1.690533139217649 4.928603888733584 -35.16816328544438
  endloop
endfacet
facet normal 0 1.29545e-14 -1
  outer loop
    vertex 3.940097239011373e-15 4.661982117784045 -35.16816328544438
    vertex 1.77635683940025e-15 4.113490304452717 -35.16816328544439
    vertex -1.599080681360886 4.113490304452717 -35.16816328544439
  endloop
endfacet
facet normal -4.84175e-30 8.7171e-15 -1
  outer loop
    vertex -1.690533139217649 4.928603888733584 -35.16816328544438
    vertex -1.599080681360886 4.113490304452717 -35.16816328544439
    vertex -3.198161362721773 4.113490304452716 -35.16816328544439
  endloop
endfacet
endsolid Created by Gmsh
