solid Created by Gmsh
facet normal 0 -1 0
  outer loop
    vertex 3.921285713625799 0 -39.02081407922822
    vertex 0.01716067118937481 0 -40.11435171556611
    vertex 3.744959010134016 0 -43.27337745004585
  endloop
endfacet
facet normal 0 -1 -0
  outer loop
    vertex 0.01716067118937481 0 -40.11435171556611
    vertex -0.1591660323024069 0 -44.36691508638373
    vertex 3.744959010134016 0 -43.27337745004585
  endloop
endfacet
facet normal 0 -1 0
  outer loop
    vertex 0.01716067118937481 0 -40.11435171556611
    vertex -3.886964371247048 0 -41.207889351904
    vertex -0.1591660323024069 0 -44.36691508638373
  endloop
endfacet
facet normal 0 -1 0
  outer loop
    vertex 3.744959010134016 0 -43.27337745004585
    vertex -0.1591660323024069 0 -44.36691508638373
    vertex 3.568632306642233 0 -47.52594082086347
  endloop
endfacet
facet normal -0 -1 0
  outer loop
    vertex 3.927219429928493 0 -78.7462853206643
    vertex 0.9831269105699167 0 -75.74337626926422
    vertex -0.06047599456358022 0 -79.63905625596146
  endloop
endfacet
facet normal 0 -1 0
  outer loop
    vertex 0.9831269105699167 0 -75.74337626926422
    vertex -3.004568513922155 0 -76.63614720456138
    vertex -0.06047599456358022 0 -79.63905625596146
  endloop
endfacet
facet normal -0 -1 0
  outer loop
    vertex 0.9831269105699167 0 -75.74337626926422
    vertex -1.960965608788658 0 -72.74046721786414
    vertex -3.004568513922155 0 -76.63614720456138
  endloop
endfacet
facet normal -0 -1 0
  outer loop
    vertex -0.06047599456358022 0 -79.63905625596146
    vertex -3.004568513922155 0 -76.63614720456138
    vertex -4.048171419055652 0 -80.53182719125863
  endloop
endfacet
facet normal 0 -1 -0
  outer loop
    vertex -2.972257979904782 0 -33.37960118510762
    vertex -3.429611175575916 0 -37.29374526850581
    vertex 0.4745138668605087 0 -36.20020763216792
  endloop
endfacet
facet normal 0 -1 0
  outer loop
    vertex -3.429611175575916 0 -37.29374526850581
    vertex 0.01716067118937481 0 -40.11435171556611
    vertex 0.4745138668605087 0 -36.20020763216792
  endloop
endfacet
facet normal 0 -1 -0
  outer loop
    vertex -3.429611175575916 0 -37.29374526850581
    vertex -3.886964371247048 0 -41.207889351904
    vertex 0.01716067118937481 0 -40.11435171556611
  endloop
endfacet
facet normal 0 -1 -0
  outer loop
    vertex 0.4745138668605087 0 -36.20020763216792
    vertex 0.01716067118937481 0 -40.11435171556611
    vertex 3.921285713625799 0 -39.02081407922822
  endloop
endfacet
facet normal 0 -1 0
  outer loop
    vertex 3.730349362740526e-14 0 0
    vertex 1.85764925359739 0 -2.834479748262453
    vertex 2.937500000000027 0 0
  endloop
endfacet
facet normal 0 -1 0
  outer loop
    vertex 1.85764925359739 0 -2.834479748262453
    vertex 4.795149253597379 0 -2.834479748262453
    vertex 2.937500000000027 0 0
  endloop
endfacet
facet normal 0 -1 0
  outer loop
    vertex 1.85764925359739 0 -2.834479748262453
    vertex 3.715298507194742 0 -5.668959496524906
    vertex 4.795149253597379 0 -2.834479748262453
  endloop
endfacet
facet normal 0 -1 0
  outer loop
    vertex 2.937500000000027 0 0
    vertex 4.795149253597379 0 -2.834479748262453
    vertex 5.875000000000016 0 0
  endloop
endfacet
facet normal -3.88307e-16 -1 4.53723e-17
  outer loop
    vertex -8.75 1.071565949253934e-15 -35.59257397392065
    vertex -6.318482185623525 0 -38.40023166291233
    vertex -5.861128989952391 0 -34.48608757951413
  endloop
endfacet
facet normal 0 -1 0
  outer loop
    vertex -6.318482185623525 0 -38.40023166291233
    vertex -3.429611175575916 0 -37.29374526850581
    vertex -5.861128989952391 0 -34.48608757951413
  endloop
endfacet
facet normal 0 -1 0
  outer loop
    vertex -6.318482185623525 0 -38.40023166291233
    vertex -3.886964371247048 0 -41.207889351904
    vertex -3.429611175575916 0 -37.29374526850581
  endloop
endfacet
facet normal 0 -1 0
  outer loop
    vertex -5.861128989952391 0 -34.48608757951413
    vertex -3.429611175575916 0 -37.29374526850581
    vertex -2.972257979904782 0 -33.37960118510762
  endloop
endfacet
facet normal 0 -1 0
  outer loop
    vertex -3.369183470103694 0 -110.9020808781409
    vertex 0.1460371247420591 0 -111.1800281216507
    vertex -0.4599602031257088 0 -108.0359208611703
  endloop
endfacet
facet normal 0 -1 0
  outer loop
    vertex 0.1460371247420591 0 -111.1800281216507
    vertex 3.055260391720044 0 -108.3138681046801
    vertex -0.4599602031257088 0 -108.0359208611703
  endloop
endfacet
facet normal 0 -1 0
  outer loop
    vertex 0.1460371247420591 0 -111.1800281216507
    vertex 3.661257719587812 0 -111.4579753651605
    vertex 3.055260391720044 0 -108.3138681046801
  endloop
endfacet
facet normal 0 -1 0
  outer loop
    vertex -0.4599602031257088 0 -108.0359208611703
    vertex 3.055260391720044 0 -108.3138681046801
    vertex 2.449263063852276 0 -105.1697608441997
  endloop
endfacet
facet normal 0 -1 0
  outer loop
    vertex -3.612654458751377 0 -105.1697608441997
    vertex -3.490918964427536 0 -108.0359208611703
    vertex -0.5816956974495504 0 -105.1697608441997
  endloop
endfacet
facet normal 0 -1 0
  outer loop
    vertex -3.490918964427536 0 -108.0359208611703
    vertex -0.4599602031257088 0 -108.0359208611703
    vertex -0.5816956974495504 0 -105.1697608441997
  endloop
endfacet
facet normal 0 -1 0
  outer loop
    vertex -3.490918964427536 0 -108.0359208611703
    vertex -3.369183470103694 0 -110.9020808781409
    vertex -0.4599602031257088 0 -108.0359208611703
  endloop
endfacet
facet normal 0 -1 0
  outer loop
    vertex -0.5816956974495504 0 -105.1697608441997
    vertex -0.4599602031257088 0 -108.0359208611703
    vertex 2.449263063852276 0 -105.1697608441997
  endloop
endfacet
facet normal 0 -1 -0
  outer loop
    vertex 3.921285713625799 0 -39.02081407922822
    vertex 3.744959010134016 0 -43.27337745004585
    vertex 6.3356428568129 0 -41.71412005265378
  endloop
endfacet
facet normal 0 -1 0
  outer loop
    vertex 3.744959010134016 0 -43.27337745004585
    vertex 6.159316153321116 0 -45.96668342347141
    vertex 6.3356428568129 0 -41.71412005265378
  endloop
endfacet
facet normal 0 -1 -0
  outer loop
    vertex 3.744959010134016 0 -43.27337745004585
    vertex 3.568632306642233 0 -47.52594082086347
    vertex 6.159316153321116 0 -45.96668342347141
  endloop
endfacet
facet normal 0 -1 -0
  outer loop
    vertex 6.3356428568129 0 -41.71412005265378
    vertex 6.159316153321116 0 -45.96668342347141
    vertex 8.75 0 -44.40742602607934
  endloop
endfacet
facet normal 0 -1 0
  outer loop
    vertex -11.75 0 -3
    vertex -10.25 0 -3
    vertex -11.75 0 -1.5
  endloop
endfacet
facet normal 0 -1 0
  outer loop
    vertex -10.25 0 -3
    vertex -10.25 0 -1.5
    vertex -11.75 0 -1.5
  endloop
endfacet
facet normal 0 -1 0
  outer loop
    vertex -10.25 0 -3
    vertex -8.75 0 -3
    vertex -10.25 0 -1.5
  endloop
endfacet
facet normal 0 -1 0
  outer loop
    vertex -11.75 0 -1.5
    vertex -10.25 0 -1.5
    vertex -11.75 0 0
  endloop
endfacet
facet normal 0 -1 -0
  outer loop
    vertex 11.75 0 0
    vertex 10.25 0 -1.5
    vertex 11.75 0 -1.5
  endloop
endfacet
facet normal 0 -1 0
  outer loop
    vertex 10.25 0 -1.5
    vertex 10.25 0 -3
    vertex 11.75 0 -1.5
  endloop
endfacet
facet normal 0 -1 -0
  outer loop
    vertex 10.25 0 -1.5
    vertex 8.75 0 -3
    vertex 10.25 0 -3
  endloop
endfacet
facet normal 0 -1 -0
  outer loop
    vertex 11.75 0 -1.5
    vertex 10.25 0 -3
    vertex 11.75 0 -3
  endloop
endfacet
facet normal 0 -1 0
  outer loop
    vertex 2.953923761044618 0 -92.33216505077507
    vertex 2.862986813983884 0 -88.97697411992222
    vertex -0.3733744046669711 0 -89.85281945400723
  endloop
endfacet
facet normal -0 -1 0
  outer loop
    vertex 2.862986813983884 0 -88.97697411992222
    vertex -0.4643113517277051 0 -86.49762852315439
    vertex -0.3733744046669711 0 -89.85281945400723
  endloop
endfacet
facet normal 0 -1 0
  outer loop
    vertex 2.862986813983884 0 -88.97697411992222
    vertex 2.772049866923151 0 -85.62178318906936
    vertex -0.4643113517277051 0 -86.49762852315439
  endloop
endfacet
facet normal 0 -1 0
  outer loop
    vertex -0.3733744046669711 0 -89.85281945400723
    vertex -0.4643113517277051 0 -86.49762852315439
    vertex -3.700672570378559 0 -87.37347385723942
  endloop
endfacet
facet normal 0 -1 0
  outer loop
    vertex -4.048171419055652 0 -80.53182719125863
    vertex -3.004568513922155 0 -76.63614720456138
    vertex -6.399085709527826 0 -78.06220058258964
  endloop
endfacet
facet normal -0 -1 0
  outer loop
    vertex -3.004568513922155 0 -76.63614720456138
    vertex -5.355482804394329 0 -74.16652059589239
    vertex -6.399085709527826 0 -78.06220058258964
  endloop
endfacet
facet normal 0 -1 0
  outer loop
    vertex -3.004568513922155 0 -76.63614720456138
    vertex -1.960965608788658 0 -72.74046721786414
    vertex -5.355482804394329 0 -74.16652059589239
  endloop
endfacet
facet normal -3.55707e-16 -1 9.52894e-17
  outer loop
    vertex -6.399085709527826 0 -78.06220058258964
    vertex -5.355482804394329 0 -74.16652059589239
    vertex -8.75 1.071565949253934e-15 -75.59257397392065
  endloop
endfacet
facet normal 0 -1 0
  outer loop
    vertex -3.700672570378559 0 -87.37347385723942
    vertex -3.656663514564926 0 -90.33952168839946
    vertex -0.3733744046669711 0 -89.85281945400723
  endloop
endfacet
facet normal 0 -1 0
  outer loop
    vertex -3.656663514564926 0 -90.33952168839946
    vertex -0.3293653488533375 0 -92.81886728516729
    vertex -0.3733744046669711 0 -89.85281945400723
  endloop
endfacet
facet normal 0 -1 0
  outer loop
    vertex -3.656663514564926 0 -90.33952168839946
    vertex -3.612654458751292 0 -93.3055695195595
    vertex -0.3293653488533375 0 -92.81886728516729
  endloop
endfacet
facet normal 0 -1 0
  outer loop
    vertex -0.3733744046669711 0 -89.85281945400723
    vertex -0.3293653488533375 0 -92.81886728516729
    vertex 2.953923761044618 0 -92.33216505077507
  endloop
endfacet
facet normal 0 -1 -0
  outer loop
    vertex 5.875000000000016 0 0
    vertex 4.795149253597379 0 -2.834479748262453
    vertex 7.312500000000008 0 -1.5
  endloop
endfacet
facet normal 0 -1 0
  outer loop
    vertex 4.795149253597379 0 -2.834479748262453
    vertex 6.232649253597371 0 -4.334479748262453
    vertex 7.312500000000008 0 -1.5
  endloop
endfacet
facet normal 0 -1 -0
  outer loop
    vertex 4.795149253597379 0 -2.834479748262453
    vertex 3.715298507194742 0 -5.668959496524906
    vertex 6.232649253597371 0 -4.334479748262453
  endloop
endfacet
facet normal 0 -1 -0
  outer loop
    vertex 7.312500000000008 0 -1.5
    vertex 6.232649253597371 0 -4.334479748262453
    vertex 8.75 0 -3
  endloop
endfacet
facet normal 0 -1 -0
  outer loop
    vertex 8.75 0 -84.40742602607935
    vertex 5.761024933461576 0 -85.01460460757436
    vertex 8.75 0 -87.3734738572394
  endloop
endfacet
facet normal 0 -1 0
  outer loop
    vertex 5.761024933461576 0 -85.01460460757436
    vertex 5.761024933461576 0 -87.98065243873441
    vertex 8.75 0 -87.3734738572394
  endloop
endfacet
facet normal 0 -1 -0
  outer loop
    vertex 5.761024933461576 0 -85.01460460757436
    vertex 2.772049866923151 0 -85.62178318906936
    vertex 5.761024933461576 0 -87.98065243873441
  endloop
endfacet
facet normal 0 -1 -0
  outer loop
    vertex 8.75 0 -87.3734738572394
    vertex 5.761024933461576 0 -87.98065243873441
    vertex 8.75 0 -90.33952168839946
  endloop
endfacet
facet normal 0 -1 0
  outer loop
    vertex -3.612654458751312 0 -99.23766518187963
    vertex -0.4998374037594644 0 -98.66220683762091
    vertex -3.612654458751303 0 -96.27161735071957
  endloop
endfacet
facet normal 0 -1 0
  outer loop
    vertex -0.4998374037594644 0 -98.66220683762091
    vertex -0.4998374037594555 0 -95.69615900646085
    vertex -3.612654458751303 0 -96.27161735071957
  endloop
endfacet
facet normal 0 -1 0
  outer loop
    vertex -0.4998374037594644 0 -98.66220683762091
    vertex 2.612979651232382 0 -98.08674849336219
    vertex -0.4998374037594555 0 -95.69615900646085
  endloop
endfacet
facet normal 0 -1 0
  outer loop
    vertex -3.612654458751303 0 -96.27161735071957
    vertex -0.4998374037594555 0 -95.69615900646085
    vertex -3.612654458751292 0 -93.3055695195595
  endloop
endfacet
facet normal 0 -1 0
  outer loop
    vertex -3.612654458751292 0 -93.3055695195595
    vertex -0.4998374037594555 0 -95.69615900646085
    vertex -0.3293653488533375 0 -92.81886728516729
  endloop
endfacet
facet normal 0 -1 0
  outer loop
    vertex -0.4998374037594555 0 -95.69615900646085
    vertex 2.7834517061385 0 -95.20945677206863
    vertex -0.3293653488533375 0 -92.81886728516729
  endloop
endfacet
facet normal 0 -1 0
  outer loop
    vertex -0.4998374037594555 0 -95.69615900646085
    vertex 2.612979651232382 0 -98.08674849336219
    vertex 2.7834517061385 0 -95.20945677206863
  endloop
endfacet
facet normal 0 -1 0
  outer loop
    vertex -0.3293653488533375 0 -92.81886728516729
    vertex 2.7834517061385 0 -95.20945677206863
    vertex 2.953923761044618 0 -92.33216505077507
  endloop
endfacet
facet normal 0 -1 0
  outer loop
    vertex 2.449263063852276 0 -105.1697608441997
    vertex 2.531121357542329 0 -101.628254668781
    vertex -0.5816956974495184 0 -102.2037130130397
  endloop
endfacet
facet normal -0 -1 0
  outer loop
    vertex 2.531121357542329 0 -101.628254668781
    vertex -0.4998374037594644 0 -98.66220683762091
    vertex -0.5816956974495184 0 -102.2037130130397
  endloop
endfacet
facet normal 0 -1 0
  outer loop
    vertex 2.531121357542329 0 -101.628254668781
    vertex 2.612979651232382 0 -98.08674849336219
    vertex -0.4998374037594644 0 -98.66220683762091
  endloop
endfacet
facet normal 0 -1 0
  outer loop
    vertex -0.5816956974495184 0 -102.2037130130397
    vertex -0.4998374037594644 0 -98.66220683762091
    vertex -3.612654458751312 0 -99.23766518187963
  endloop
endfacet
facet normal 0 -1 -0
  outer loop
    vertex -3.612654458751312 0 -99.23766518187963
    vertex -3.612654458751345 0 -102.2037130130397
    vertex -0.5816956974495184 0 -102.2037130130397
  endloop
endfacet
facet normal 0 -1 0
  outer loop
    vertex -3.612654458751345 0 -102.2037130130397
    vertex -0.5816956974495504 0 -105.1697608441997
    vertex -0.5816956974495184 0 -102.2037130130397
  endloop
endfacet
facet normal 0 -1 -0
  outer loop
    vertex -3.612654458751345 0 -102.2037130130397
    vertex -3.612654458751377 0 -105.1697608441997
    vertex -0.5816956974495504 0 -105.1697608441997
  endloop
endfacet
facet normal 0 -1 -0
  outer loop
    vertex -0.5816956974495184 0 -102.2037130130397
    vertex -0.5816956974495504 0 -105.1697608441997
    vertex 2.449263063852276 0 -105.1697608441997
  endloop
endfacet
facet normal -0 -1 0
  outer loop
    vertex 8.75 0 -90.33952168839946
    vertex 5.761024933461576 0 -87.98065243873441
    vertex 5.851961880522309 0 -91.33584336958727
  endloop
endfacet
facet normal 0 -1 -0
  outer loop
    vertex 5.761024933461576 0 -87.98065243873441
    vertex 2.862986813983884 0 -88.97697411992222
    vertex 5.851961880522309 0 -91.33584336958727
  endloop
endfacet
facet normal -0 -1 0
  outer loop
    vertex 5.761024933461576 0 -87.98065243873441
    vertex 2.772049866923151 0 -85.62178318906936
    vertex 2.862986813983884 0 -88.97697411992222
  endloop
endfacet
facet normal -0 -1 0
  outer loop
    vertex 5.851961880522309 0 -91.33584336958727
    vertex 2.862986813983884 0 -88.97697411992222
    vertex 2.953923761044618 0 -92.33216505077507
  endloop
endfacet
facet normal 0 -1 0
  outer loop
    vertex 4.119399029681161 0 -72.48298047571649
    vertex 1.079216710446252 0 -72.61172384679031
    vertex 4.023309229804827 0 -75.61463289819039
  endloop
endfacet
facet normal 0 -1 -0
  outer loop
    vertex 1.079216710446252 0 -72.61172384679031
    vertex 0.9831269105699167 0 -75.74337626926422
    vertex 4.023309229804827 0 -75.61463289819039
  endloop
endfacet
facet normal 0 -1 0
  outer loop
    vertex 1.079216710446252 0 -72.61172384679031
    vertex -1.960965608788658 0 -72.74046721786414
    vertex 0.9831269105699167 0 -75.74337626926422
  endloop
endfacet
facet normal 0 -1 0
  outer loop
    vertex 4.023309229804827 0 -75.61463289819039
    vertex 0.9831269105699167 0 -75.74337626926422
    vertex 3.927219429928493 0 -78.7462853206643
  endloop
endfacet
facet normal -0 -1 0
  outer loop
    vertex 3.568632306642233 0 -47.52594082086347
    vertex -0.1591660323024069 0 -44.36691508638373
    vertex -0.06380019280251048 0 -48.02740509949609
  endloop
endfacet
facet normal 0 -1 -0
  outer loop
    vertex -0.1591660323024069 0 -44.36691508638373
    vertex -3.791598531747152 0 -44.86837936501635
    vertex -0.06380019280251048 0 -48.02740509949609
  endloop
endfacet
facet normal -0 -1 0
  outer loop
    vertex -0.1591660323024069 0 -44.36691508638373
    vertex -3.886964371247048 0 -41.207889351904
    vertex -3.791598531747152 0 -44.86837936501635
  endloop
endfacet
facet normal -0 -1 0
  outer loop
    vertex -0.06380019280251048 0 -48.02740509949609
    vertex -3.791598531747152 0 -44.86837936501635
    vertex -3.696232692247255 0 -48.5288693781287
  endloop
endfacet
facet normal -0 -1 0
  outer loop
    vertex 4.119399029681161 0 -72.48298047571649
    vertex 3.378589757352495 0 -69.31952964709134
    vertex 1.079216710446252 0 -72.61172384679031
  endloop
endfacet
facet normal 0 -1 0
  outer loop
    vertex 3.378589757352495 0 -69.31952964709134
    vertex 0.338407438117585 0 -69.44827301816518
    vertex 1.079216710446252 0 -72.61172384679031
  endloop
endfacet
facet normal -0 -1 0
  outer loop
    vertex 3.378589757352495 0 -69.31952964709134
    vertex 2.63778048502383 0 -66.15607881846623
    vertex 0.338407438117585 0 -69.44827301816518
  endloop
endfacet
facet normal -0 -1 0
  outer loop
    vertex 1.079216710446252 0 -72.61172384679031
    vertex 0.338407438117585 0 -69.44827301816518
    vertex -1.960965608788658 0 -72.74046721786414
  endloop
endfacet
facet normal 0 -1 0
  outer loop
    vertex -1.960965608788658 0 -72.74046721786414
    vertex 0.338407438117585 0 -69.44827301816518
    vertex -2.76737292107096 0 -69.48874840371622
  endloop
endfacet
facet normal -0 -1 0
  outer loop
    vertex 0.338407438117585 0 -69.44827301816518
    vertex -0.4679998741647164 0 -66.19655420401725
    vertex -2.76737292107096 0 -69.48874840371622
  endloop
endfacet
facet normal 0 -1 0
  outer loop
    vertex 0.338407438117585 0 -69.44827301816518
    vertex 2.63778048502383 0 -66.15607881846623
    vertex -0.4679998741647164 0 -66.19655420401725
  endloop
endfacet
facet normal 0 -1 0
  outer loop
    vertex -2.76737292107096 0 -69.48874840371622
    vertex -0.4679998741647164 0 -66.19655420401725
    vertex -3.573780233353261 0 -66.23702958956827
  endloop
endfacet
facet normal 0 -1 0
  outer loop
    vertex -3.104800592772238 0 -25.81480178174445
    vertex -3.038529286338511 0 -29.59720148342603
    vertex 0.1004951543385442 0 -28.92846909527722
  endloop
endfacet
facet normal 0 -1 0
  outer loop
    vertex -3.038529286338511 0 -29.59720148342603
    vertex 0.1667664607722728 0 -32.71086879695881
    vertex 0.1004951543385442 0 -28.92846909527722
  endloop
endfacet
facet normal 0 -1 0
  outer loop
    vertex -3.038529286338511 0 -29.59720148342603
    vertex -2.972257979904782 0 -33.37960118510762
    vertex 0.1667664607722728 0 -32.71086879695881
  endloop
endfacet
facet normal 0 -1 0
  outer loop
    vertex 0.1004951543385442 0 -28.92846909527722
    vertex 0.1667664607722728 0 -32.71086879695881
    vertex 3.305790901449327 0 -32.04213640881
  endloop
endfacet
facet normal 0 -1 0
  outer loop
    vertex 3.305790901449327 0 -32.04213640881
    vertex 3.733474540869596 0 -28.89935107850538
    vertex 0.1004951543385442 0 -28.92846909527722
  endloop
endfacet
facet normal -0 -1 0
  outer loop
    vertex 3.733474540869596 0 -28.89935107850538
    vertex 0.5281787937588138 0 -25.7856837649726
    vertex 0.1004951543385442 0 -28.92846909527722
  endloop
endfacet
facet normal 0 -1 0
  outer loop
    vertex 3.733474540869596 0 -28.89935107850538
    vertex 4.161158180289867 0 -25.75656574820075
    vertex 0.5281787937588138 0 -25.7856837649726
  endloop
endfacet
facet normal 0 -1 0
  outer loop
    vertex 0.1004951543385442 0 -28.92846909527722
    vertex 0.5281787937588138 0 -25.7856837649726
    vertex -3.104800592772238 0 -25.81480178174445
  endloop
endfacet
facet normal 0 -1 -0
  outer loop
    vertex 3.305790901449327 0 -32.04213640881
    vertex 0.1667664607722728 0 -32.71086879695881
    vertex 3.613538307537563 0 -35.53147524401911
  endloop
endfacet
facet normal 0 -1 0
  outer loop
    vertex 0.1667664607722728 0 -32.71086879695881
    vertex 0.4745138668605087 0 -36.20020763216792
    vertex 3.613538307537563 0 -35.53147524401911
  endloop
endfacet
facet normal 0 -1 -0
  outer loop
    vertex 0.1667664607722728 0 -32.71086879695881
    vertex -2.972257979904782 0 -33.37960118510762
    vertex 0.4745138668605087 0 -36.20020763216792
  endloop
endfacet
facet normal 0 -1 -0
  outer loop
    vertex 3.613538307537563 0 -35.53147524401911
    vertex 0.4745138668605087 0 -36.20020763216792
    vertex 3.921285713625799 0 -39.02081407922822
  endloop
endfacet
facet normal -0 -1 0
  outer loop
    vertex 2.63778048502383 0 -66.15607881846623
    vertex -0.08143363530718872 0 -62.98940886374288
    vertex -0.4679998741647164 0 -66.19655420401725
  endloop
endfacet
facet normal 0 -1 0
  outer loop
    vertex -0.08143363530718872 0 -62.98940886374288
    vertex -3.187213994495734 0 -63.0298842492939
    vertex -0.4679998741647164 0 -66.19655420401725
  endloop
endfacet
facet normal -0 -1 0
  outer loop
    vertex -0.08143363530718872 0 -62.98940886374288
    vertex -2.800647755638208 0 -59.82273890901953
    vertex -3.187213994495734 0 -63.0298842492939
  endloop
endfacet
facet normal -0 -1 0
  outer loop
    vertex -0.4679998741647164 0 -66.19655420401725
    vertex -3.187213994495734 0 -63.0298842492939
    vertex -3.573780233353261 0 -66.23702958956827
  endloop
endfacet
facet normal 0 -1 0
  outer loop
    vertex 3.738162489392727 0 -58.93135310789242
    vertex 0.4687573668772593 0 -59.37704600845598
    vertex 3.187971487208278 0 -62.54371596317932
  endloop
endfacet
facet normal 0 -1 -0
  outer loop
    vertex 0.4687573668772593 0 -59.37704600845598
    vertex -0.08143363530718872 0 -62.98940886374288
    vertex 3.187971487208278 0 -62.54371596317932
  endloop
endfacet
facet normal 0 -1 0
  outer loop
    vertex 0.4687573668772593 0 -59.37704600845598
    vertex -2.800647755638208 0 -59.82273890901953
    vertex -0.08143363530718872 0 -62.98940886374288
  endloop
endfacet
facet normal 0 -1 0
  outer loop
    vertex 3.187971487208278 0 -62.54371596317932
    vertex -0.08143363530718872 0 -62.98940886374288
    vertex 2.63778048502383 0 -66.15607881846623
  endloop
endfacet
facet normal 0 -1 -0
  outer loop
    vertex -3.104800592772248 0 -12.77777219217619
    vertex -3.612880355663348 0 -16.03702958956826
    vertex -2.664535259100376e-15 0 -16.03702958956827
  endloop
endfacet
facet normal 0 -1 0
  outer loop
    vertex -3.612880355663348 0 -16.03702958956826
    vertex -0.5080797628911036 0 -19.29628698696034
    vertex -2.664535259100376e-15 0 -16.03702958956827
  endloop
endfacet
facet normal 0 -1 -0
  outer loop
    vertex -3.612880355663348 0 -16.03702958956826
    vertex -4.12096011855445 0 -19.29628698696032
    vertex -0.5080797628911036 0 -19.29628698696034
  endloop
endfacet
facet normal 0 -1 -0
  outer loop
    vertex -2.664535259100376e-15 0 -16.03702958956827
    vertex -0.5080797628911036 0 -19.29628698696034
    vertex 3.104800592772243 0 -19.29628698696035
  endloop
endfacet
facet normal 0 -1 0
  outer loop
    vertex 3.104800592772243 0 -19.29628698696035
    vertex 3.315040209119883 0 -15.64128619913906
    vertex -2.664535259100376e-15 0 -16.03702958956827
  endloop
endfacet
facet normal -0 -1 0
  outer loop
    vertex 3.315040209119883 0 -15.64128619913906
    vertex 0.2102396163476374 0 -12.38202880174698
    vertex -2.664535259100376e-15 0 -16.03702958956827
  endloop
endfacet
facet normal 0 -1 0
  outer loop
    vertex 3.315040209119883 0 -15.64128619913906
    vertex 3.525279825467523 0 -11.98628541131778
    vertex 0.2102396163476374 0 -12.38202880174698
  endloop
endfacet
facet normal 0 -1 0
  outer loop
    vertex -2.664535259100376e-15 0 -16.03702958956827
    vertex 0.2102396163476374 0 -12.38202880174698
    vertex -3.104800592772248 0 -12.77777219217619
  endloop
endfacet
facet normal 0 -1 0
  outer loop
    vertex -3.104800592772238 0 -25.81480178174445
    vertex 0.5281787937588138 0 -25.7856837649726
    vertex 2.664535259100376e-15 0 -22.5555443843524
  endloop
endfacet
facet normal 0 -1 0
  outer loop
    vertex 0.5281787937588138 0 -25.7856837649726
    vertex 3.632979386531055 0 -22.52642636758055
    vertex 2.664535259100376e-15 0 -22.5555443843524
  endloop
endfacet
facet normal 0 -1 0
  outer loop
    vertex 0.5281787937588138 0 -25.7856837649726
    vertex 4.161158180289867 0 -25.75656574820075
    vertex 3.632979386531055 0 -22.52642636758055
  endloop
endfacet
facet normal 0 -1 0
  outer loop
    vertex 2.664535259100376e-15 0 -22.5555443843524
    vertex 3.632979386531055 0 -22.52642636758055
    vertex 3.104800592772243 0 -19.29628698696035
  endloop
endfacet
facet normal -0 -1 0
  outer loop
    vertex 3.104800592772243 0 -19.29628698696035
    vertex -0.5080797628911036 0 -19.29628698696034
    vertex 2.664535259100376e-15 0 -22.5555443843524
  endloop
endfacet
facet normal 0 -1 -0
  outer loop
    vertex -0.5080797628911036 0 -19.29628698696034
    vertex -3.612880355663345 0 -22.55554438435238
    vertex 2.664535259100376e-15 0 -22.5555443843524
  endloop
endfacet
facet normal -0 -1 0
  outer loop
    vertex -0.5080797628911036 0 -19.29628698696034
    vertex -4.12096011855445 0 -19.29628698696032
    vertex -3.612880355663345 0 -22.55554438435238
  endloop
endfacet
facet normal -0 -1 0
  outer loop
    vertex 2.664535259100376e-15 0 -22.5555443843524
    vertex -3.612880355663345 0 -22.55554438435238
    vertex -3.104800592772238 0 -25.81480178174445
  endloop
endfacet
facet normal 0 -1 0
  outer loop
    vertex -8.75 0 -3
    vertex -5.783586094133886 0 -3.557222979196581
    vertex -7.312499999999988 0 -1.5
  endloop
endfacet
facet normal 0 -1 0
  outer loop
    vertex -5.783586094133886 0 -3.557222979196581
    vertex -4.346086094133872 0 -2.057222979196581
    vertex -7.312499999999988 0 -1.5
  endloop
endfacet
facet normal 0 -1 0
  outer loop
    vertex -5.783586094133886 0 -3.557222979196581
    vertex -2.817172188267772 0 -4.114445958393169
    vertex -4.346086094133872 0 -2.057222979196581
  endloop
endfacet
facet normal 0 -1 0
  outer loop
    vertex -7.312499999999988 0 -1.5
    vertex -4.346086094133872 0 -2.057222979196581
    vertex -5.874999999999972 0 0
  endloop
endfacet
facet normal 0 -1 0
  outer loop
    vertex -2.817172188267772 0 -4.114445958393169
    vertex 0.4490631594634849 0 -4.891702727459034
    vertex -1.408586094133867 0 -2.057222979196581
  endloop
endfacet
facet normal 0 -1 0
  outer loop
    vertex 0.4490631594634849 0 -4.891702727459034
    vertex 1.85764925359739 0 -2.834479748262453
    vertex -1.408586094133867 0 -2.057222979196581
  endloop
endfacet
facet normal 0 -1 0
  outer loop
    vertex 0.4490631594634849 0 -4.891702727459034
    vertex 3.715298507194742 0 -5.668959496524906
    vertex 1.85764925359739 0 -2.834479748262453
  endloop
endfacet
facet normal 0 -1 0
  outer loop
    vertex -1.408586094133867 0 -2.057222979196581
    vertex 1.85764925359739 0 -2.834479748262453
    vertex 3.730349362740526e-14 0 0
  endloop
endfacet
facet normal 0 -1 0
  outer loop
    vertex -8.75 0 -9.518514794784126
    vertex -7.021819919377778 0 -8.346499779560968
    vertex -8.75 0 -6.259257397392063
  endloop
endfacet
facet normal 0 -1 0
  outer loop
    vertex -7.021819919377778 0 -8.346499779560968
    vertex -7.021819919377778 0 -5.08724238216891
    vertex -8.75 0 -6.259257397392063
  endloop
endfacet
facet normal 0 -1 0
  outer loop
    vertex -7.021819919377778 0 -8.346499779560968
    vertex -5.293639838755556 0 -7.174484764337812
    vertex -7.021819919377778 0 -5.08724238216891
  endloop
endfacet
facet normal 0 -1 0
  outer loop
    vertex -8.75 0 -6.259257397392063
    vertex -7.021819919377778 0 -5.08724238216891
    vertex -8.75 0 -3
  endloop
endfacet
facet normal 0 -1 -0
  outer loop
    vertex 3.927219429928493 0 -78.7462853206643
    vertex 3.349634648425821 0 -82.18403425486683
    vertex 6.338609714964246 0 -81.57685567337182
  endloop
endfacet
facet normal 0 -1 0
  outer loop
    vertex 3.349634648425821 0 -82.18403425486683
    vertex 5.761024933461576 0 -85.01460460757436
    vertex 6.338609714964246 0 -81.57685567337182
  endloop
endfacet
facet normal 0 -1 -0
  outer loop
    vertex 3.349634648425821 0 -82.18403425486683
    vertex 2.772049866923151 0 -85.62178318906936
    vertex 5.761024933461576 0 -85.01460460757436
  endloop
endfacet
facet normal 0 -1 -0
  outer loop
    vertex 6.338609714964246 0 -81.57685567337182
    vertex 5.761024933461576 0 -85.01460460757436
    vertex 8.75 0 -84.40742602607935
  endloop
endfacet
facet normal 0 -1 0
  outer loop
    vertex 8.75 0 -84.40742602607935
    vertex 9.304021394088972 0 -82.07834154510611
    vertex 6.338609714964246 0 -81.57685567337182
  endloop
endfacet
facet normal 0 -1 0
  outer loop
    vertex 9.304021394088972 0 -82.07834154510611
    vertex 6.892631109053218 0 -79.24777119239859
    vertex 6.338609714964246 0 -81.57685567337182
  endloop
endfacet
facet normal 0 -1 0
  outer loop
    vertex 9.304021394088972 0 -82.07834154510611
    vertex 9.858042788177944 0 -79.74925706413288
    vertex 6.892631109053218 0 -79.24777119239859
  endloop
endfacet
facet normal 0 -1 0
  outer loop
    vertex 6.338609714964246 0 -81.57685567337182
    vertex 6.892631109053218 0 -79.24777119239859
    vertex 3.927219429928493 0 -78.7462853206643
  endloop
endfacet
facet normal 7.19447e-17 -1 4.43965e-16
  outer loop
    vertex -8.75 1.071565949253934e-15 -35.59257397392065
    vertex -9.299995888220826 0 -37.91707592215072
    vertex -6.318482185623525 0 -38.40023166291233
  endloop
endfacet
facet normal 0 -1 0
  outer loop
    vertex -9.299995888220826 0 -37.91707592215072
    vertex -6.868478073844351 0 -40.7247336111424
    vertex -6.318482185623525 0 -38.40023166291233
  endloop
endfacet
facet normal 0 -1 -0
  outer loop
    vertex -9.299995888220826 0 -37.91707592215072
    vertex -9.849991776441653 0 -40.24157787038079
    vertex -6.868478073844351 0 -40.7247336111424
  endloop
endfacet
facet normal 0 -1 -0
  outer loop
    vertex -6.318482185623525 0 -38.40023166291233
    vertex -6.868478073844351 0 -40.7247336111424
    vertex -3.886964371247048 0 -41.207889351904
  endloop
endfacet
facet normal 0 -1 0
  outer loop
    vertex 8.75 0 -44.40742602607934
    vertex 9.303428022458702 0 -42.10579442096249
    vertex 6.3356428568129 0 -41.71412005265378
  endloop
endfacet
facet normal 0 -1 0
  outer loop
    vertex 9.303428022458702 0 -42.10579442096249
    vertex 6.889070879271602 0 -39.41248844753693
    vertex 6.3356428568129 0 -41.71412005265378
  endloop
endfacet
facet normal 0 -1 0
  outer loop
    vertex 9.303428022458702 0 -42.10579442096249
    vertex 9.856856044917404 0 -39.80416281584564
    vertex 6.889070879271602 0 -39.41248844753693
  endloop
endfacet
facet normal 0 -1 0
  outer loop
    vertex 6.3356428568129 0 -41.71412005265378
    vertex 6.889070879271602 0 -39.41248844753693
    vertex 3.921285713625799 0 -39.02081407922822
  endloop
endfacet
facet normal 0 -1 -0
  outer loop
    vertex 8.75 0 -3
    vertex 6.232649253597371 0 -4.334479748262453
    vertex 8.75 0 -6.259257397392069
  endloop
endfacet
facet normal 0 -1 0
  outer loop
    vertex 6.232649253597371 0 -4.334479748262453
    vertex 6.232649253597371 0 -7.593737145654522
    vertex 8.75 0 -6.259257397392069
  endloop
endfacet
facet normal 0 -1 -0
  outer loop
    vertex 6.232649253597371 0 -4.334479748262453
    vertex 3.715298507194742 0 -5.668959496524906
    vertex 6.232649253597371 0 -7.593737145654522
  endloop
endfacet
facet normal 0 -1 -0
  outer loop
    vertex 8.75 0 -6.259257397392069
    vertex 6.232649253597371 0 -7.593737145654522
    vertex 8.75 0 -9.518514794784142
  endloop
endfacet
facet normal 3.40035e-17 -1 4.66267e-16
  outer loop
    vertex -8.75 1.071565949253934e-15 -75.59257397392065
    vertex -9.31611659300169 0 -77.84946970608618
    vertex -6.399085709527826 0 -78.06220058258964
  endloop
endfacet
facet normal 0 -1 0
  outer loop
    vertex -9.31611659300169 0 -77.84946970608618
    vertex -6.965202302529514 0 -80.31909631475517
    vertex -6.399085709527826 0 -78.06220058258964
  endloop
endfacet
facet normal 0 -1 -0
  outer loop
    vertex -9.31611659300169 0 -77.84946970608618
    vertex -9.882233186003377 0 -80.10636543825173
    vertex -6.965202302529514 0 -80.31909631475517
  endloop
endfacet
facet normal 0 -1 -0
  outer loop
    vertex -6.399085709527826 0 -78.06220058258964
    vertex -6.965202302529514 0 -80.31909631475517
    vertex -4.048171419055652 0 -80.53182719125863
  endloop
endfacet
facet normal 0 -1 0
  outer loop
    vertex -3.696232692247255 0 -48.5288693781287
    vertex -1.836977393210827 0 -51.10030490745339
    vertex -0.06380019280251048 0 -48.02740509949609
  endloop
endfacet
facet normal 0 -1 0
  outer loop
    vertex -1.836977393210827 0 -51.10030490745339
    vertex 1.795455106233918 0 -50.59884062882077
    vertex -0.06380019280251048 0 -48.02740509949609
  endloop
endfacet
facet normal 0 -1 0
  outer loop
    vertex -1.836977393210827 0 -51.10030490745339
    vertex 0.02227790582560196 0 -53.67174043677808
    vertex 1.795455106233918 0 -50.59884062882077
  endloop
endfacet
facet normal 0 -1 0
  outer loop
    vertex -0.06380019280251048 0 -48.02740509949609
    vertex 1.795455106233918 0 -50.59884062882077
    vertex 3.568632306642233 0 -47.52594082086347
  endloop
endfacet
facet normal 0 -1 -0
  outer loop
    vertex 0.02227790582560196 0 -53.67174043677808
    vertex -1.389184924906303 0 -56.7472396728988
    vertex 1.880220197609164 0 -56.30154677233525
  endloop
endfacet
facet normal 0 -1 0
  outer loop
    vertex -1.389184924906303 0 -56.7472396728988
    vertex 0.4687573668772593 0 -59.37704600845598
    vertex 1.880220197609164 0 -56.30154677233525
  endloop
endfacet
facet normal 0 -1 -0
  outer loop
    vertex -1.389184924906303 0 -56.7472396728988
    vertex -2.800647755638208 0 -59.82273890901953
    vertex 0.4687573668772593 0 -59.37704600845598
  endloop
endfacet
facet normal 0 -1 -0
  outer loop
    vertex 1.880220197609164 0 -56.30154677233525
    vertex 0.4687573668772593 0 -59.37704600845598
    vertex 3.738162489392727 0 -58.93135310789242
  endloop
endfacet
facet normal 0 -1 0
  outer loop
    vertex 0 0 -115.60720980571
    vertex 1.830628859793906 0 -113.5325925854352
    vertex -1.684591735051847 0 -113.2546453419254
  endloop
endfacet
facet normal 0 -1 0
  outer loop
    vertex 1.830628859793906 0 -113.5325925854352
    vertex 0.1460371247420591 0 -111.1800281216507
    vertex -1.684591735051847 0 -113.2546453419254
  endloop
endfacet
facet normal 0 -1 0
  outer loop
    vertex 1.830628859793906 0 -113.5325925854352
    vertex 3.661257719587812 0 -111.4579753651605
    vertex 0.1460371247420591 0 -111.1800281216507
  endloop
endfacet
facet normal 0 -1 0
  outer loop
    vertex -1.684591735051847 0 -113.2546453419254
    vertex 0.1460371247420591 0 -111.1800281216507
    vertex -3.369183470103694 0 -110.9020808781409
  endloop
endfacet
facet normal -2.45002e-16 -1 -3.28776e-16
  outer loop
    vertex -8.75 1.071565949253934e-15 -35.59257397392065
    vertex -5.861128989952391 0 -34.48608757951413
    vertex -8.75 0 -32.33331657652859
  endloop
endfacet
facet normal 0 -1 0
  outer loop
    vertex -5.861128989952391 0 -34.48608757951413
    vertex -5.861128989952391 0 -31.22683018212207
    vertex -8.75 0 -32.33331657652859
  endloop
endfacet
facet normal 0 -1 0
  outer loop
    vertex -5.861128989952391 0 -34.48608757951413
    vertex -2.972257979904782 0 -33.37960118510762
    vertex -5.861128989952391 0 -31.22683018212207
  endloop
endfacet
facet normal 0 -1 0
  outer loop
    vertex -8.75 0 -32.33331657652859
    vertex -5.861128989952391 0 -31.22683018212207
    vertex -8.75 0 -29.07405917913653
  endloop
endfacet
facet normal 0 -1 -0
  outer loop
    vertex 8.75 0 -29.07405917913653
    vertex 6.027895450724664 0 -30.55809779397327
    vertex 8.75 0 -32.33331657652859
  endloop
endfacet
facet normal 0 -1 0
  outer loop
    vertex 6.027895450724664 0 -30.55809779397327
    vertex 6.027895450724664 0 -33.81735519136533
    vertex 8.75 0 -32.33331657652859
  endloop
endfacet
facet normal 0 -1 -0
  outer loop
    vertex 6.027895450724664 0 -30.55809779397327
    vertex 3.305790901449327 0 -32.04213640881
    vertex 6.027895450724664 0 -33.81735519136533
  endloop
endfacet
facet normal 0 -1 -0
  outer loop
    vertex 8.75 0 -32.33331657652859
    vertex 6.027895450724664 0 -33.81735519136533
    vertex 8.75 0 -35.59257397392065
  endloop
endfacet
facet normal 0 -1 0
  outer loop
    vertex -4.048171419055652 0 -80.53182719125863
    vertex -0.6380607760662507 0 -83.076805190164
    vertex -0.06047599456358022 0 -79.63905625596146
  endloop
endfacet
facet normal 0 -1 0
  outer loop
    vertex -0.6380607760662507 0 -83.076805190164
    vertex 3.349634648425821 0 -82.18403425486683
    vertex -0.06047599456358022 0 -79.63905625596146
  endloop
endfacet
facet normal 0 -1 0
  outer loop
    vertex -0.6380607760662507 0 -83.076805190164
    vertex 2.772049866923151 0 -85.62178318906936
    vertex 3.349634648425821 0 -82.18403425486683
  endloop
endfacet
facet normal 0 -1 0
  outer loop
    vertex -0.06047599456358022 0 -79.63905625596146
    vertex 3.349634648425821 0 -82.18403425486683
    vertex 3.927219429928493 0 -78.7462853206643
  endloop
endfacet
facet normal 0 -1 0
  outer loop
    vertex -8.75 0 -29.07405917913653
    vertex -5.92740029638612 0 -27.44443048044049
    vertex -8.75 0 -25.81480178174445
  endloop
endfacet
facet normal 0 -1 0
  outer loop
    vertex -5.92740029638612 0 -27.44443048044049
    vertex -5.92740029638612 0 -24.18517308304841
    vertex -8.75 0 -25.81480178174445
  endloop
endfacet
facet normal 0 -1 0
  outer loop
    vertex -5.92740029638612 0 -27.44443048044049
    vertex -3.104800592772238 0 -25.81480178174445
    vertex -5.92740029638612 0 -24.18517308304841
  endloop
endfacet
facet normal 0 -1 0
  outer loop
    vertex -8.75 0 -25.81480178174445
    vertex -5.92740029638612 0 -24.18517308304841
    vertex -8.75 0 -22.55554438435238
  endloop
endfacet
facet normal 0 -1 -0
  outer loop
    vertex 8.75 0 -16.03702958956828
    vertex 5.927400296386121 0 -17.66665828826432
    vertex 8.75 0 -19.29628698696035
  endloop
endfacet
facet normal 0 -1 0
  outer loop
    vertex 5.927400296386121 0 -17.66665828826432
    vertex 5.927400296386121 0 -20.92591568565638
    vertex 8.75 0 -19.29628698696035
  endloop
endfacet
facet normal 0 -1 -0
  outer loop
    vertex 5.927400296386121 0 -17.66665828826432
    vertex 3.104800592772243 0 -19.29628698696035
    vertex 5.927400296386121 0 -20.92591568565638
  endloop
endfacet
facet normal 0 -1 -0
  outer loop
    vertex 8.75 0 -19.29628698696035
    vertex 5.927400296386121 0 -20.92591568565638
    vertex 8.75 0 -22.55554438435242
  endloop
endfacet
facet normal 0 -1 0
  outer loop
    vertex -8.75 0 -16.03702958956824
    vertex -5.927400296386123 0 -14.40740089087222
    vertex -8.75 0 -12.77777219217618
  endloop
endfacet
facet normal 0 -1 0
  outer loop
    vertex -5.927400296386123 0 -14.40740089087222
    vertex -5.927400296386123 0 -11.14814349348016
    vertex -8.75 0 -12.77777219217618
  endloop
endfacet
facet normal 0 -1 0
  outer loop
    vertex -5.927400296386123 0 -14.40740089087222
    vertex -3.104800592772248 0 -12.77777219217619
    vertex -5.927400296386123 0 -11.14814349348016
  endloop
endfacet
facet normal 0 -1 0
  outer loop
    vertex -8.75 0 -12.77777219217618
    vertex -5.927400296386123 0 -11.14814349348016
    vertex -8.75 0 -9.518514794784126
  endloop
endfacet
facet normal 0 -1 0
  outer loop
    vertex 3.927219429928493 0 -78.7462853206643
    vertex 6.892631109053218 0 -79.24777119239859
    vertex 6.338609714964246 0 -77.16942964729247
  endloop
endfacet
facet normal 0 -1 0
  outer loop
    vertex 6.892631109053218 0 -79.24777119239859
    vertex 9.304021394088972 0 -77.67091551902676
    vertex 6.338609714964246 0 -77.16942964729247
  endloop
endfacet
facet normal 0 -1 0
  outer loop
    vertex 6.892631109053218 0 -79.24777119239859
    vertex 9.858042788177944 0 -79.74925706413288
    vertex 9.304021394088972 0 -77.67091551902676
  endloop
endfacet
facet normal 0 -1 0
  outer loop
    vertex 6.338609714964246 0 -77.16942964729247
    vertex 9.304021394088972 0 -77.67091551902676
    vertex 8.75 0 -75.59257397392065
  endloop
endfacet
facet normal -0 -1 0
  outer loop
    vertex -3.886964371247048 0 -41.207889351904
    vertex -6.868478073844351 0 -40.7247336111424
    vertex -6.318482185623525 0 -42.80765768899167
  endloop
endfacet
facet normal 0 -1 -0
  outer loop
    vertex -6.868478073844351 0 -40.7247336111424
    vertex -9.299995888220826 0 -42.32450194823007
    vertex -6.318482185623525 0 -42.80765768899167
  endloop
endfacet
facet normal -0 -1 0
  outer loop
    vertex -6.868478073844351 0 -40.7247336111424
    vertex -9.849991776441653 0 -40.24157787038079
    vertex -9.299995888220826 0 -42.32450194823007
  endloop
endfacet
facet normal -8.7094e-17 -1 -5.3745e-16
  outer loop
    vertex -6.318482185623525 0 -42.80765768899167
    vertex -9.299995888220826 0 -42.32450194823007
    vertex -8.75 1.071565949253934e-15 -44.40742602607934
  endloop
endfacet
facet normal 0 -1 -0
  outer loop
    vertex 8.75 0 -44.40742602607934
    vertex 6.159316153321116 0 -45.96668342347141
    vertex 8.75 0 -47.52594082086348
  endloop
endfacet
facet normal 0 -1 0
  outer loop
    vertex 6.159316153321116 0 -45.96668342347141
    vertex 6.159316153321116 0 -49.08519821825554
    vertex 8.75 0 -47.52594082086348
  endloop
endfacet
facet normal 0 -1 -0
  outer loop
    vertex 6.159316153321116 0 -45.96668342347141
    vertex 3.568632306642233 0 -47.52594082086347
    vertex 6.159316153321116 0 -49.08519821825554
  endloop
endfacet
facet normal 0 -1 -0
  outer loop
    vertex 8.75 0 -47.52594082086348
    vertex 6.159316153321116 0 -49.08519821825554
    vertex 8.75 0 -50.6444556156476
  endloop
endfacet
facet normal 0 -1 0
  outer loop
    vertex -8.75 0 -50.6444556156476
    vertex -6.223116346123627 0 -49.58666249688815
    vertex -8.75 0 -47.52594082086348
  endloop
endfacet
facet normal 0 -1 0
  outer loop
    vertex -6.223116346123627 0 -49.58666249688815
    vertex -6.223116346123627 0 -46.46814770210402
    vertex -8.75 0 -47.52594082086348
  endloop
endfacet
facet normal 0 -1 0
  outer loop
    vertex -6.223116346123627 0 -49.58666249688815
    vertex -3.696232692247255 0 -48.5288693781287
    vertex -6.223116346123627 0 -46.46814770210402
  endloop
endfacet
facet normal -1.43842e-16 -1 3.43614e-16
  outer loop
    vertex -8.75 0 -47.52594082086348
    vertex -6.223116346123627 0 -46.46814770210402
    vertex -8.75 1.071565949253934e-15 -44.40742602607934
  endloop
endfacet
facet normal -1.71321e-16 -1 -3.43614e-16
  outer loop
    vertex -8.75 1.071565949253934e-15 -75.59257397392065
    vertex -5.355482804394329 0 -74.16652059589239
    vertex -8.75 0 -72.47405917913653
  endloop
endfacet
facet normal 0 -1 0
  outer loop
    vertex -5.355482804394329 0 -74.16652059589239
    vertex -5.355482804394329 0 -71.04800580110827
    vertex -8.75 0 -72.47405917913653
  endloop
endfacet
facet normal 0 -1 0
  outer loop
    vertex -5.355482804394329 0 -74.16652059589239
    vertex -1.960965608788658 0 -72.74046721786414
    vertex -5.355482804394329 0 -71.04800580110827
  endloop
endfacet
facet normal 0 -1 0
  outer loop
    vertex -8.75 0 -72.47405917913653
    vertex -5.355482804394329 0 -71.04800580110827
    vertex -8.75 0 -69.35554438435241
  endloop
endfacet
facet normal 0 -1 -0
  outer loop
    vertex 8.75 0 -69.35554438435241
    vertex 6.434699514840581 0 -70.91926243003445
    vertex 8.75 0 -72.47405917913653
  endloop
endfacet
facet normal 0 -1 0
  outer loop
    vertex 6.434699514840581 0 -70.91926243003445
    vertex 6.434699514840581 0 -74.03777722481857
    vertex 8.75 0 -72.47405917913653
  endloop
endfacet
facet normal 0 -1 -0
  outer loop
    vertex 6.434699514840581 0 -70.91926243003445
    vertex 4.119399029681161 0 -72.48298047571649
    vertex 6.434699514840581 0 -74.03777722481857
  endloop
endfacet
facet normal 0 -1 -0
  outer loop
    vertex 8.75 0 -72.47405917913653
    vertex 6.434699514840581 0 -74.03777722481857
    vertex 8.75 0 -75.59257397392065
  endloop
endfacet
facet normal 0 -1 0
  outer loop
    vertex -5.874999999999972 0 0
    vertex -4.346086094133872 0 -2.057222979196581
    vertex -2.937499999999966 0 0
  endloop
endfacet
facet normal 0 -1 0
  outer loop
    vertex -4.346086094133872 0 -2.057222979196581
    vertex -1.408586094133867 0 -2.057222979196581
    vertex -2.937499999999966 0 0
  endloop
endfacet
facet normal 0 -1 0
  outer loop
    vertex -4.346086094133872 0 -2.057222979196581
    vertex -2.817172188267772 0 -4.114445958393169
    vertex -1.408586094133867 0 -2.057222979196581
  endloop
endfacet
facet normal 0 -1 0
  outer loop
    vertex -2.937499999999966 0 0
    vertex -1.408586094133867 0 -2.057222979196581
    vertex 3.730349362740526e-14 0 0
  endloop
endfacet
facet normal 0 -1 0
  outer loop
    vertex -8.75 0 -22.55554438435238
    vertex -6.435480059277225 0 -20.92591568565635
    vertex -8.75 0 -19.29628698696031
  endloop
endfacet
facet normal 0 -1 0
  outer loop
    vertex -6.435480059277225 0 -20.92591568565635
    vertex -6.435480059277225 0 -17.66665828826428
    vertex -8.75 0 -19.29628698696031
  endloop
endfacet
facet normal 0 -1 0
  outer loop
    vertex -6.435480059277225 0 -20.92591568565635
    vertex -4.12096011855445 0 -19.29628698696032
    vertex -6.435480059277225 0 -17.66665828826428
  endloop
endfacet
facet normal 0 -1 0
  outer loop
    vertex -8.75 0 -19.29628698696031
    vertex -6.435480059277225 0 -17.66665828826428
    vertex -8.75 0 -16.03702958956824
  endloop
endfacet
facet normal 0 -1 -0
  outer loop
    vertex 8.75 0 -9.518514794784142
    vertex 6.137639912733762 0 -10.75240010305096
    vertex 8.75 0 -12.77777219217622
  endloop
endfacet
facet normal 0 -1 -0
  outer loop
    vertex 6.137639912733762 0 -10.75240010305096
    vertex 6.137639912733761 0 -14.01165750044303
    vertex 8.75 0 -12.77777219217622
  endloop
endfacet
facet normal 0 -1 0
  outer loop
    vertex 6.137639912733762 0 -10.75240010305096
    vertex 3.525279825467523 0 -11.98628541131778
    vertex 6.137639912733761 0 -14.01165750044303
  endloop
endfacet
facet normal 0 -1 -0
  outer loop
    vertex 8.75 0 -12.77777219217622
    vertex 6.137639912733761 0 -14.01165750044303
    vertex 8.75 0 -16.03702958956828
  endloop
endfacet
facet normal 0 -1 -0
  outer loop
    vertex 8.75 0 -22.55554438435242
    vertex 6.455579090144933 0 -24.15605506627659
    vertex 8.75 0 -25.81480178174448
  endloop
endfacet
facet normal 0 -1 0
  outer loop
    vertex 6.455579090144933 0 -24.15605506627659
    vertex 6.455579090144933 0 -27.41531246366864
    vertex 8.75 0 -25.81480178174448
  endloop
endfacet
facet normal 0 -1 -0
  outer loop
    vertex 6.455579090144933 0 -24.15605506627659
    vertex 4.161158180289867 0 -25.75656574820075
    vertex 6.455579090144933 0 -27.41531246366864
  endloop
endfacet
facet normal 0 -1 -0
  outer loop
    vertex 8.75 0 -25.81480178174448
    vertex 6.455579090144933 0 -27.41531246366864
    vertex 8.75 0 -29.07405917913653
  endloop
endfacet
facet normal 0 -1 -0
  outer loop
    vertex 8.75 0 -63.11851479478413
    vertex 5.693890242511915 0 -64.63729680662517
    vertex 8.75 0 -66.23702958956827
  endloop
endfacet
facet normal 0 -1 -0
  outer loop
    vertex 5.693890242511915 0 -64.63729680662517
    vertex 5.693890242511914 0 -67.75581160140932
    vertex 8.75 0 -66.23702958956827
  endloop
endfacet
facet normal 0 -1 0
  outer loop
    vertex 5.693890242511915 0 -64.63729680662517
    vertex 2.63778048502383 0 -66.15607881846623
    vertex 5.693890242511914 0 -67.75581160140932
  endloop
endfacet
facet normal 0 -1 -0
  outer loop
    vertex 8.75 0 -66.23702958956827
    vertex 5.693890242511914 0 -67.75581160140932
    vertex 8.75 0 -69.35554438435241
  endloop
endfacet
facet normal 0 -1 0
  outer loop
    vertex -8.75 0 -63.11851479478413
    vertex -5.775323877819103 0 -61.47062685190183
    vertex -8.75 0 -59.99999999999999
  endloop
endfacet
facet normal 0 -1 0
  outer loop
    vertex -5.775323877819103 0 -61.47062685190183
    vertex -5.775323877819103 0 -58.35211205711769
    vertex -8.75 0 -59.99999999999999
  endloop
endfacet
facet normal 0 -1 0
  outer loop
    vertex -5.775323877819103 0 -61.47062685190183
    vertex -2.800647755638208 0 -59.82273890901953
    vertex -5.775323877819103 0 -58.35211205711769
  endloop
endfacet
facet normal 0 -1 0
  outer loop
    vertex -8.75 0 -59.99999999999999
    vertex -5.775323877819103 0 -58.35211205711769
    vertex -8.75 0 -56.88148520521586
  endloop
endfacet
facet normal 0 -1 -0
  outer loop
    vertex 8.75 0 -56.88148520521586
    vertex 6.244081244696364 0 -57.90641915655414
    vertex 8.75 0 -59.99999999999999
  endloop
endfacet
facet normal 0 -1 0
  outer loop
    vertex 6.244081244696364 0 -57.90641915655414
    vertex 6.244081244696364 0 -61.02493395133828
    vertex 8.75 0 -59.99999999999999
  endloop
endfacet
facet normal 0 -1 -0
  outer loop
    vertex 6.244081244696364 0 -57.90641915655414
    vertex 3.738162489392727 0 -58.93135310789242
    vertex 6.244081244696364 0 -61.02493395133828
  endloop
endfacet
facet normal 0 -1 -0
  outer loop
    vertex 8.75 0 -59.99999999999999
    vertex 6.244081244696364 0 -61.02493395133828
    vertex 8.75 0 -63.11851479478413
  endloop
endfacet
facet normal 0 -1 0
  outer loop
    vertex -8.75 0 -69.35554438435241
    vertex -6.161890116676631 0 -67.79628698696034
    vertex -8.75 0 -66.23702958956827
  endloop
endfacet
facet normal 0 -1 0
  outer loop
    vertex -6.161890116676631 0 -67.79628698696034
    vertex -6.161890116676631 0 -64.67777219217621
    vertex -8.75 0 -66.23702958956827
  endloop
endfacet
facet normal 0 -1 0
  outer loop
    vertex -6.161890116676631 0 -67.79628698696034
    vertex -3.573780233353261 0 -66.23702958956827
    vertex -6.161890116676631 0 -64.67777219217621
  endloop
endfacet
facet normal 0 -1 0
  outer loop
    vertex -8.75 0 -66.23702958956827
    vertex -6.161890116676631 0 -64.67777219217621
    vertex -8.75 0 -63.11851479478413
  endloop
endfacet
facet normal 0 -1 0
  outer loop
    vertex -2.817172188267772 0 -4.114445958393169
    vertex -1.783611867619312 0 -6.203295784310129
    vertex 0.4490631594634849 0 -4.891702727459034
  endloop
endfacet
facet normal 0 -1 0
  outer loop
    vertex -1.783611867619312 0 -6.203295784310129
    vertex 1.482623480111944 0 -6.980552553376
    vertex 0.4490631594634849 0 -4.891702727459034
  endloop
endfacet
facet normal 0 -1 0
  outer loop
    vertex -1.783611867619312 0 -6.203295784310129
    vertex -0.7500515469708535 0 -8.292145610227088
    vertex 1.482623480111944 0 -6.980552553376
  endloop
endfacet
facet normal 0 -1 0
  outer loop
    vertex 0.4490631594634849 0 -4.891702727459034
    vertex 1.482623480111944 0 -6.980552553376
    vertex 3.715298507194742 0 -5.668959496524906
  endloop
endfacet
facet normal 0 -1 0
  outer loop
    vertex 3.305790901449327 0 -32.04213640881
    vertex 3.613538307537563 0 -35.53147524401911
    vertex 6.027895450724664 0 -33.81735519136533
  endloop
endfacet
facet normal 0 -1 0
  outer loop
    vertex 3.613538307537563 0 -35.53147524401911
    vertex 6.3356428568129 0 -37.30669402657444
    vertex 6.027895450724664 0 -33.81735519136533
  endloop
endfacet
facet normal 0 -1 0
  outer loop
    vertex 3.613538307537563 0 -35.53147524401911
    vertex 3.921285713625799 0 -39.02081407922822
    vertex 6.3356428568129 0 -37.30669402657444
  endloop
endfacet
facet normal 0 -1 0
  outer loop
    vertex 6.027895450724664 0 -33.81735519136533
    vertex 6.3356428568129 0 -37.30669402657444
    vertex 8.75 0 -35.59257397392065
  endloop
endfacet
facet normal 0 -1 0
  outer loop
    vertex -3.104800592772238 0 -25.81480178174445
    vertex -3.612880355663345 0 -22.55554438435238
    vertex -5.92740029638612 0 -24.18517308304841
  endloop
endfacet
facet normal -0 -1 0
  outer loop
    vertex -3.612880355663345 0 -22.55554438435238
    vertex -6.435480059277225 0 -20.92591568565635
    vertex -5.92740029638612 0 -24.18517308304841
  endloop
endfacet
facet normal 0 -1 0
  outer loop
    vertex -3.612880355663345 0 -22.55554438435238
    vertex -4.12096011855445 0 -19.29628698696032
    vertex -6.435480059277225 0 -20.92591568565635
  endloop
endfacet
facet normal 0 -1 0
  outer loop
    vertex -5.92740029638612 0 -24.18517308304841
    vertex -6.435480059277225 0 -20.92591568565635
    vertex -8.75 0 -22.55554438435238
  endloop
endfacet
facet normal 0 -1 0
  outer loop
    vertex 3.104800592772243 0 -19.29628698696035
    vertex 3.632979386531055 0 -22.52642636758055
    vertex 5.927400296386121 0 -20.92591568565638
  endloop
endfacet
facet normal 0 -1 0
  outer loop
    vertex 3.632979386531055 0 -22.52642636758055
    vertex 6.455579090144933 0 -24.15605506627659
    vertex 5.927400296386121 0 -20.92591568565638
  endloop
endfacet
facet normal 0 -1 0
  outer loop
    vertex 3.632979386531055 0 -22.52642636758055
    vertex 4.161158180289867 0 -25.75656574820075
    vertex 6.455579090144933 0 -24.15605506627659
  endloop
endfacet
facet normal 0 -1 0
  outer loop
    vertex 5.927400296386121 0 -20.92591568565638
    vertex 6.455579090144933 0 -24.15605506627659
    vertex 8.75 0 -22.55554438435242
  endloop
endfacet
facet normal -0 -1 0
  outer loop
    vertex 8.75 0 -16.03702958956828
    vertex 6.137639912733761 0 -14.01165750044303
    vertex 5.927400296386121 0 -17.66665828826432
  endloop
endfacet
facet normal 0 -1 0
  outer loop
    vertex 6.137639912733761 0 -14.01165750044303
    vertex 3.315040209119883 0 -15.64128619913906
    vertex 5.927400296386121 0 -17.66665828826432
  endloop
endfacet
facet normal -0 -1 0
  outer loop
    vertex 6.137639912733761 0 -14.01165750044303
    vertex 3.525279825467523 0 -11.98628541131778
    vertex 3.315040209119883 0 -15.64128619913906
  endloop
endfacet
facet normal -0 -1 0
  outer loop
    vertex 5.927400296386121 0 -17.66665828826432
    vertex 3.315040209119883 0 -15.64128619913906
    vertex 3.104800592772243 0 -19.29628698696035
  endloop
endfacet
facet normal 0 -1 0
  outer loop
    vertex -8.75 0 -16.03702958956824
    vertex -6.435480059277225 0 -17.66665828826428
    vertex -5.927400296386123 0 -14.40740089087222
  endloop
endfacet
facet normal 0 -1 0
  outer loop
    vertex -6.435480059277225 0 -17.66665828826428
    vertex -3.612880355663348 0 -16.03702958956826
    vertex -5.927400296386123 0 -14.40740089087222
  endloop
endfacet
facet normal 0 -1 0
  outer loop
    vertex -6.435480059277225 0 -17.66665828826428
    vertex -4.12096011855445 0 -19.29628698696032
    vertex -3.612880355663348 0 -16.03702958956826
  endloop
endfacet
facet normal 0 -1 0
  outer loop
    vertex -5.927400296386123 0 -14.40740089087222
    vertex -3.612880355663348 0 -16.03702958956826
    vertex -3.104800592772248 0 -12.77777219217619
  endloop
endfacet
facet normal 0 -1 0
  outer loop
    vertex -8.75 0 -90.33952168839946
    vertex -6.225336285189281 0 -88.85649777281944
    vertex -8.75 0 -87.3734738572394
  endloop
endfacet
facet normal 0 -1 0
  outer loop
    vertex -6.225336285189281 0 -88.85649777281944
    vertex -6.225336285189281 0 -85.89044994165938
    vertex -8.75 0 -87.3734738572394
  endloop
endfacet
facet normal 0 -1 0
  outer loop
    vertex -6.225336285189281 0 -88.85649777281944
    vertex -3.700672570378559 0 -87.37347385723942
    vertex -6.225336285189281 0 -85.89044994165938
  endloop
endfacet
facet normal -2.1222e-16 -1 3.61277e-16
  outer loop
    vertex -8.75 0 -87.3734738572394
    vertex -6.225336285189281 0 -85.89044994165938
    vertex -8.75 1.071565949253934e-15 -84.40742602607935
  endloop
endfacet
facet normal 0 -1 -0
  outer loop
    vertex 4.119399029681161 0 -72.48298047571649
    vertex 4.023309229804827 0 -75.61463289819039
    vertex 6.434699514840581 0 -74.03777722481857
  endloop
endfacet
facet normal 0 -1 0
  outer loop
    vertex 4.023309229804827 0 -75.61463289819039
    vertex 6.338609714964246 0 -77.16942964729247
    vertex 6.434699514840581 0 -74.03777722481857
  endloop
endfacet
facet normal 0 -1 -0
  outer loop
    vertex 4.023309229804827 0 -75.61463289819039
    vertex 3.927219429928493 0 -78.7462853206643
    vertex 6.338609714964246 0 -77.16942964729247
  endloop
endfacet
facet normal 0 -1 -0
  outer loop
    vertex 6.434699514840581 0 -74.03777722481857
    vertex 6.338609714964246 0 -77.16942964729247
    vertex 8.75 0 -75.59257397392065
  endloop
endfacet
facet normal 0 -1 0
  outer loop
    vertex -3.696232692247255 0 -48.5288693781287
    vertex -3.791598531747152 0 -44.86837936501635
    vertex -6.223116346123627 0 -46.46814770210402
  endloop
endfacet
facet normal -0 -1 0
  outer loop
    vertex -3.791598531747152 0 -44.86837936501635
    vertex -6.318482185623525 0 -42.80765768899167
    vertex -6.223116346123627 0 -46.46814770210402
  endloop
endfacet
facet normal 0 -1 0
  outer loop
    vertex -3.791598531747152 0 -44.86837936501635
    vertex -3.886964371247048 0 -41.207889351904
    vertex -6.318482185623525 0 -42.80765768899167
  endloop
endfacet
facet normal -4.33272e-16 -1 -1.12879e-17
  outer loop
    vertex -6.223116346123627 0 -46.46814770210402
    vertex -6.318482185623525 0 -42.80765768899167
    vertex -8.75 1.071565949253934e-15 -44.40742602607934
  endloop
endfacet
facet normal 0 -1 0
  outer loop
    vertex -8.75 0 -96.27161735071957
    vertex -6.181327229375645 0 -94.78859343513953
    vertex -8.75 0 -93.30556951955951
  endloop
endfacet
facet normal 0 -1 0
  outer loop
    vertex -6.181327229375645 0 -94.78859343513953
    vertex -6.181327229375645 0 -91.82254560397948
    vertex -8.75 0 -93.30556951955951
  endloop
endfacet
facet normal 0 -1 0
  outer loop
    vertex -6.181327229375645 0 -94.78859343513953
    vertex -3.612654458751292 0 -93.3055695195595
    vertex -6.181327229375645 0 -91.82254560397948
  endloop
endfacet
facet normal 0 -1 0
  outer loop
    vertex -8.75 0 -93.30556951955951
    vertex -6.181327229375645 0 -91.82254560397948
    vertex -8.75 0 -90.33952168839946
  endloop
endfacet
facet normal 0 -1 0
  outer loop
    vertex -8.75 0 -102.2037130130397
    vertex -6.181327229375656 0 -100.7206890974597
    vertex -8.75 0 -99.23766518187962
  endloop
endfacet
facet normal 0 -1 0
  outer loop
    vertex -6.181327229375656 0 -100.7206890974597
    vertex -6.181327229375656 0 -97.7546412662996
    vertex -8.75 0 -99.23766518187962
  endloop
endfacet
facet normal 0 -1 0
  outer loop
    vertex -6.181327229375656 0 -100.7206890974597
    vertex -3.612654458751312 0 -99.23766518187963
    vertex -6.181327229375656 0 -97.7546412662996
  endloop
endfacet
facet normal 0 -1 0
  outer loop
    vertex -8.75 0 -99.23766518187962
    vertex -6.181327229375656 0 -97.7546412662996
    vertex -8.75 0 -96.27161735071957
  endloop
endfacet
facet normal 0 -1 -0
  outer loop
    vertex 8.75 0 -90.33952168839946
    vertex 5.851961880522309 0 -91.33584336958727
    vertex 8.75 0 -93.30556951955951
  endloop
endfacet
facet normal 0 -1 0
  outer loop
    vertex 5.851961880522309 0 -91.33584336958727
    vertex 5.851961880522309 0 -94.30189120074732
    vertex 8.75 0 -93.30556951955951
  endloop
endfacet
facet normal 0 -1 -0
  outer loop
    vertex 5.851961880522309 0 -91.33584336958727
    vertex 2.953923761044618 0 -92.33216505077507
    vertex 5.851961880522309 0 -94.30189120074732
  endloop
endfacet
facet normal 0 -1 -0
  outer loop
    vertex 8.75 0 -93.30556951955951
    vertex 5.851961880522309 0 -94.30189120074732
    vertex 8.75 0 -96.27161735071957
  endloop
endfacet
facet normal 0 -1 -0
  outer loop
    vertex 8.75 0 -102.2037130130397
    vertex 5.599631531926137 0 -103.6867369286197
    vertex 8.75 0 -105.1697608441997
  endloop
endfacet
facet normal 0 -1 0
  outer loop
    vertex 5.599631531926137 0 -103.6867369286197
    vertex 5.599631531926137 0 -106.6527847597798
    vertex 8.75 0 -105.1697608441997
  endloop
endfacet
facet normal 0 -1 -0
  outer loop
    vertex 5.599631531926137 0 -103.6867369286197
    vertex 2.449263063852276 0 -105.1697608441997
    vertex 5.599631531926137 0 -106.6527847597798
  endloop
endfacet
facet normal 0 -1 -0
  outer loop
    vertex 8.75 0 -105.1697608441997
    vertex 5.599631531926137 0 -106.6527847597798
    vertex 8.75 0 -108.1358086753598
  endloop
endfacet
facet normal 0 -1 -0
  outer loop
    vertex 8.75 0 -96.27161735071957
    vertex 5.681489825616191 0 -97.17918292204088
    vertex 8.75 0 -99.23766518187962
  endloop
endfacet
facet normal 0 -1 0
  outer loop
    vertex 5.681489825616191 0 -97.17918292204088
    vertex 5.681489825616191 0 -100.1452307532009
    vertex 8.75 0 -99.23766518187962
  endloop
endfacet
facet normal 0 -1 -0
  outer loop
    vertex 5.681489825616191 0 -97.17918292204088
    vertex 2.612979651232382 0 -98.08674849336219
    vertex 5.681489825616191 0 -100.1452307532009
  endloop
endfacet
facet normal 0 -1 -0
  outer loop
    vertex 8.75 0 -99.23766518187962
    vertex 5.681489825616191 0 -100.1452307532009
    vertex 8.75 0 -102.2037130130397
  endloop
endfacet
facet normal 0 -1 0
  outer loop
    vertex -8.75 0 -108.1358086753598
    vertex -6.181327229375688 0 -106.6527847597797
    vertex -8.75 0 -105.1697608441997
  endloop
endfacet
facet normal 0 -1 0
  outer loop
    vertex -6.181327229375688 0 -106.6527847597797
    vertex -6.181327229375688 0 -103.6867369286197
    vertex -8.75 0 -105.1697608441997
  endloop
endfacet
facet normal 0 -1 0
  outer loop
    vertex -6.181327229375688 0 -106.6527847597797
    vertex -3.612654458751377 0 -105.1697608441997
    vertex -6.181327229375688 0 -103.6867369286197
  endloop
endfacet
facet normal 0 -1 0
  outer loop
    vertex -8.75 0 -105.1697608441997
    vertex -6.181327229375688 0 -103.6867369286197
    vertex -8.75 0 -102.2037130130397
  endloop
endfacet
facet normal 0 -1 0
  outer loop
    vertex -3.700672570378559 0 -87.37347385723942
    vertex -0.4643113517277051 0 -86.49762852315439
    vertex -3.874421994717105 0 -83.95265052424902
  endloop
endfacet
facet normal 0 -1 0
  outer loop
    vertex -0.4643113517277051 0 -86.49762852315439
    vertex -0.6380607760662507 0 -83.076805190164
    vertex -3.874421994717105 0 -83.95265052424902
  endloop
endfacet
facet normal 0 -1 0
  outer loop
    vertex -0.4643113517277051 0 -86.49762852315439
    vertex 2.772049866923151 0 -85.62178318906936
    vertex -0.6380607760662507 0 -83.076805190164
  endloop
endfacet
facet normal 0 -1 0
  outer loop
    vertex -3.874421994717105 0 -83.95265052424902
    vertex -0.6380607760662507 0 -83.076805190164
    vertex -4.048171419055652 0 -80.53182719125863
  endloop
endfacet
facet normal -0 -1 0
  outer loop
    vertex -0.7500515469708535 0 -8.292145610227088
    vertex -3.021845692863204 0 -7.73331518728245
    vertex -1.927426069871551 0 -10.53495890120164
  endloop
endfacet
facet normal 0 -1 -0
  outer loop
    vertex -3.021845692863204 0 -7.73331518728245
    vertex -4.199220215763903 0 -9.976128478257003
    vertex -1.927426069871551 0 -10.53495890120164
  endloop
endfacet
facet normal -0 -1 0
  outer loop
    vertex -3.021845692863204 0 -7.73331518728245
    vertex -5.293639838755556 0 -7.174484764337812
    vertex -4.199220215763903 0 -9.976128478257003
  endloop
endfacet
facet normal -0 -1 0
  outer loop
    vertex -1.927426069871551 0 -10.53495890120164
    vertex -4.199220215763903 0 -9.976128478257003
    vertex -3.104800592772248 0 -12.77777219217619
  endloop
endfacet
facet normal 0 -1 0
  outer loop
    vertex -8.75 0 -29.07405917913653
    vertex -5.861128989952391 0 -31.22683018212207
    vertex -5.92740029638612 0 -27.44443048044049
  endloop
endfacet
facet normal 0 -1 0
  outer loop
    vertex -5.861128989952391 0 -31.22683018212207
    vertex -3.038529286338511 0 -29.59720148342603
    vertex -5.92740029638612 0 -27.44443048044049
  endloop
endfacet
facet normal 0 -1 0
  outer loop
    vertex -5.861128989952391 0 -31.22683018212207
    vertex -2.972257979904782 0 -33.37960118510762
    vertex -3.038529286338511 0 -29.59720148342603
  endloop
endfacet
facet normal 0 -1 0
  outer loop
    vertex -5.92740029638612 0 -27.44443048044049
    vertex -3.038529286338511 0 -29.59720148342603
    vertex -3.104800592772238 0 -25.81480178174445
  endloop
endfacet
facet normal 0 -1 0
  outer loop
    vertex 2.916666666666666 0 -120
    vertex 1.458333333333333 0 -117.803604902855
    vertex 0 0 -120
  endloop
endfacet
facet normal -0 -1 0
  outer loop
    vertex 1.458333333333333 0 -117.803604902855
    vertex -1.458333333333334 0 -117.803604902855
    vertex 0 0 -120
  endloop
endfacet
facet normal 0 -1 0
  outer loop
    vertex 1.458333333333333 0 -117.803604902855
    vertex 0 0 -115.60720980571
    vertex -1.458333333333334 0 -117.803604902855
  endloop
endfacet
facet normal 0 -1 0
  outer loop
    vertex 0 0 -120
    vertex -1.458333333333334 0 -117.803604902855
    vertex -2.916666666666668 0 -120
  endloop
endfacet
facet normal -0 -1 0
  outer loop
    vertex 8.75 0 -29.07405917913653
    vertex 6.455579090144933 0 -27.41531246366864
    vertex 6.027895450724664 0 -30.55809779397327
  endloop
endfacet
facet normal 0 -1 0
  outer loop
    vertex 6.455579090144933 0 -27.41531246366864
    vertex 3.733474540869596 0 -28.89935107850538
    vertex 6.027895450724664 0 -30.55809779397327
  endloop
endfacet
facet normal -0 -1 0
  outer loop
    vertex 6.455579090144933 0 -27.41531246366864
    vertex 4.161158180289867 0 -25.75656574820075
    vertex 3.733474540869596 0 -28.89935107850538
  endloop
endfacet
facet normal -0 -1 0
  outer loop
    vertex 6.027895450724664 0 -30.55809779397327
    vertex 3.733474540869596 0 -28.89935107850538
    vertex 3.305790901449327 0 -32.04213640881
  endloop
endfacet
facet normal 0 -1 0
  outer loop
    vertex -3.104800592772248 0 -12.77777219217619
    vertex -4.199220215763903 0 -9.976128478257003
    vertex -5.927400296386123 0 -11.14814349348016
  endloop
endfacet
facet normal -0 -1 0
  outer loop
    vertex -4.199220215763903 0 -9.976128478257003
    vertex -7.021819919377778 0 -8.346499779560968
    vertex -5.927400296386123 0 -11.14814349348016
  endloop
endfacet
facet normal 0 -1 0
  outer loop
    vertex -4.199220215763903 0 -9.976128478257003
    vertex -5.293639838755556 0 -7.174484764337812
    vertex -7.021819919377778 0 -8.346499779560968
  endloop
endfacet
facet normal 0 -1 0
  outer loop
    vertex -5.927400296386123 0 -11.14814349348016
    vertex -7.021819919377778 0 -8.346499779560968
    vertex -8.75 0 -9.518514794784126
  endloop
endfacet
facet normal 0 -1 0
  outer loop
    vertex -3.700672570378559 0 -87.37347385723942
    vertex -3.874421994717105 0 -83.95265052424902
    vertex -6.225336285189281 0 -85.89044994165938
  endloop
endfacet
facet normal -0 -1 0
  outer loop
    vertex -3.874421994717105 0 -83.95265052424902
    vertex -6.399085709527826 0 -82.46962660866899
    vertex -6.225336285189281 0 -85.89044994165938
  endloop
endfacet
facet normal 0 -1 0
  outer loop
    vertex -3.874421994717105 0 -83.95265052424902
    vertex -4.048171419055652 0 -80.53182719125863
    vertex -6.399085709527826 0 -82.46962660866899
  endloop
endfacet
facet normal -4.37492e-16 -1 -2.2221e-17
  outer loop
    vertex -6.225336285189281 0 -85.89044994165938
    vertex -6.399085709527826 0 -82.46962660866899
    vertex -8.75 1.071565949253934e-15 -84.40742602607935
  endloop
endfacet
facet normal 0 -1 -0
  outer loop
    vertex 3.738162489392727 0 -58.93135310789242
    vertex 3.187971487208278 0 -62.54371596317932
    vertex 6.244081244696364 0 -61.02493395133828
  endloop
endfacet
facet normal 0 -1 0
  outer loop
    vertex 3.187971487208278 0 -62.54371596317932
    vertex 5.693890242511915 0 -64.63729680662517
    vertex 6.244081244696364 0 -61.02493395133828
  endloop
endfacet
facet normal 0 -1 -0
  outer loop
    vertex 3.187971487208278 0 -62.54371596317932
    vertex 2.63778048502383 0 -66.15607881846623
    vertex 5.693890242511915 0 -64.63729680662517
  endloop
endfacet
facet normal 0 -1 -0
  outer loop
    vertex 6.244081244696364 0 -61.02493395133828
    vertex 5.693890242511915 0 -64.63729680662517
    vertex 8.75 0 -63.11851479478413
  endloop
endfacet
facet normal 0 -1 0
  outer loop
    vertex -3.573780233353261 0 -66.23702958956827
    vertex -3.187213994495734 0 -63.0298842492939
    vertex -6.161890116676631 0 -64.67777219217621
  endloop
endfacet
facet normal -0 -1 0
  outer loop
    vertex -3.187213994495734 0 -63.0298842492939
    vertex -5.775323877819103 0 -61.47062685190183
    vertex -6.161890116676631 0 -64.67777219217621
  endloop
endfacet
facet normal 0 -1 0
  outer loop
    vertex -3.187213994495734 0 -63.0298842492939
    vertex -2.800647755638208 0 -59.82273890901953
    vertex -5.775323877819103 0 -61.47062685190183
  endloop
endfacet
facet normal 0 -1 0
  outer loop
    vertex -6.161890116676631 0 -64.67777219217621
    vertex -5.775323877819103 0 -61.47062685190183
    vertex -8.75 0 -63.11851479478413
  endloop
endfacet
facet normal 0 -1 0
  outer loop
    vertex 3.921285713625799 0 -39.02081407922822
    vertex 6.889070879271602 0 -39.41248844753693
    vertex 6.3356428568129 0 -37.30669402657444
  endloop
endfacet
facet normal 0 -1 0
  outer loop
    vertex 6.889070879271602 0 -39.41248844753693
    vertex 9.303428022458702 0 -37.69836839488315
    vertex 6.3356428568129 0 -37.30669402657444
  endloop
endfacet
facet normal 0 -1 0
  outer loop
    vertex 6.889070879271602 0 -39.41248844753693
    vertex 9.856856044917404 0 -39.80416281584564
    vertex 9.303428022458702 0 -37.69836839488315
  endloop
endfacet
facet normal 0 -1 0
  outer loop
    vertex 6.3356428568129 0 -37.30669402657444
    vertex 9.303428022458702 0 -37.69836839488315
    vertex 8.75 0 -35.59257397392065
  endloop
endfacet
facet normal 0 -1 0
  outer loop
    vertex -8.75 0 -69.35554438435241
    vertex -5.355482804394329 0 -71.04800580110827
    vertex -6.161890116676631 0 -67.79628698696034
  endloop
endfacet
facet normal 0 -1 0
  outer loop
    vertex -5.355482804394329 0 -71.04800580110827
    vertex -2.76737292107096 0 -69.48874840371622
    vertex -6.161890116676631 0 -67.79628698696034
  endloop
endfacet
facet normal 0 -1 0
  outer loop
    vertex -5.355482804394329 0 -71.04800580110827
    vertex -1.960965608788658 0 -72.74046721786414
    vertex -2.76737292107096 0 -69.48874840371622
  endloop
endfacet
facet normal 0 -1 0
  outer loop
    vertex -6.161890116676631 0 -67.79628698696034
    vertex -2.76737292107096 0 -69.48874840371622
    vertex -3.573780233353261 0 -66.23702958956827
  endloop
endfacet
facet normal -0 -1 0
  outer loop
    vertex 8.75 0 -69.35554438435241
    vertex 5.693890242511914 0 -67.75581160140932
    vertex 6.434699514840581 0 -70.91926243003445
  endloop
endfacet
facet normal 0 -1 -0
  outer loop
    vertex 5.693890242511914 0 -67.75581160140932
    vertex 3.378589757352495 0 -69.31952964709134
    vertex 6.434699514840581 0 -70.91926243003445
  endloop
endfacet
facet normal -0 -1 0
  outer loop
    vertex 5.693890242511914 0 -67.75581160140932
    vertex 2.63778048502383 0 -66.15607881846623
    vertex 3.378589757352495 0 -69.31952964709134
  endloop
endfacet
facet normal -0 -1 0
  outer loop
    vertex 6.434699514840581 0 -70.91926243003445
    vertex 3.378589757352495 0 -69.31952964709134
    vertex 4.119399029681161 0 -72.48298047571649
  endloop
endfacet
facet normal 0 -1 0
  outer loop
    vertex 3.738162489392727 0 -58.93135310789242
    vertex 4.35198851488242 0 -56.23117407258596
    vertex 1.880220197609164 0 -56.30154677233525
  endloop
endfacet
facet normal -0 -1 0
  outer loop
    vertex 4.35198851488242 0 -56.23117407258596
    vertex 2.494046223098857 0 -53.60136773702878
    vertex 1.880220197609164 0 -56.30154677233525
  endloop
endfacet
facet normal 0 -1 0
  outer loop
    vertex 4.35198851488242 0 -56.23117407258596
    vertex 4.965814540372112 0 -53.53099503727949
    vertex 2.494046223098857 0 -53.60136773702878
  endloop
endfacet
facet normal 0 -1 0
  outer loop
    vertex 1.880220197609164 0 -56.30154677233525
    vertex 2.494046223098857 0 -53.60136773702878
    vertex 0.02227790582560196 0 -53.67174043677808
  endloop
endfacet
facet normal 0 -1 0
  outer loop
    vertex 0.02227790582560196 0 -53.67174043677808
    vertex -2.453348515265377 0 -53.71735542360491
    vertex -1.389184924906303 0 -56.7472396728988
  endloop
endfacet
facet normal 0 -1 -0
  outer loop
    vertex -2.453348515265377 0 -53.71735542360491
    vertex -3.864811345997282 0 -56.79285465972563
    vertex -1.389184924906303 0 -56.7472396728988
  endloop
endfacet
facet normal 0 -1 0
  outer loop
    vertex -2.453348515265377 0 -53.71735542360491
    vertex -4.928974936356356 0 -53.76297041043173
    vertex -3.864811345997282 0 -56.79285465972563
  endloop
endfacet
facet normal 0 -1 0
  outer loop
    vertex -1.389184924906303 0 -56.7472396728988
    vertex -3.864811345997282 0 -56.79285465972563
    vertex -2.800647755638208 0 -59.82273890901953
  endloop
endfacet
facet normal -4.08131e-16 -1 -6.05718e-16
  outer loop
    vertex -8.75 1.071565949253934e-15 -84.40742602607935
    vertex -9.31611659300169 0 -82.25689573216553
    vertex -11.34074862774031 1.388841150689691e-15 -83.1855893222599
  endloop
endfacet
facet normal -3.47749e-16 -1 -7.37356e-16
  outer loop
    vertex -9.31611659300169 0 -82.25689573216553
    vertex -11.90686522074199 0 -81.0350590283461
    vertex -11.34074862774031 1.388841150689691e-15 -83.1855893222599
  endloop
endfacet
facet normal 0 -1 0
  outer loop
    vertex -9.31611659300169 0 -82.25689573216553
    vertex -9.882233186003377 0 -80.10636543825173
    vertex -11.90686522074199 0 -81.0350590283461
  endloop
endfacet
facet normal -4.87572e-16 -1 -7.74164e-16
  outer loop
    vertex -11.34074862774031 1.388841150689691e-15 -83.1855893222599
    vertex -11.90686522074199 0 -81.0350590283461
    vertex -13.93149725548061 1.706116352125447e-15 -81.96375261844044
  endloop
endfacet
facet normal -4.68057e-16 -1 7.32783e-16
  outer loop
    vertex -13.93149725548061 1.706116352125447e-15 -78.03624738155956
    vertex -11.90686522074199 0 -79.07130640990565
    vertex -11.34074862774031 1.388841150689691e-15 -76.81441067774011
  endloop
endfacet
facet normal -3.29161e-16 -1 6.97943e-16
  outer loop
    vertex -11.90686522074199 0 -79.07130640990565
    vertex -9.31611659300169 0 -77.84946970608618
    vertex -11.34074862774031 1.388841150689691e-15 -76.81441067774011
  endloop
endfacet
facet normal 0 -1 0
  outer loop
    vertex -11.90686522074199 0 -79.07130640990565
    vertex -9.882233186003377 0 -80.10636543825173
    vertex -9.31611659300169 0 -77.84946970608618
  endloop
endfacet
facet normal -3.92861e-16 -1 5.73341e-16
  outer loop
    vertex -11.34074862774031 1.388841150689691e-15 -76.81441067774011
    vertex -9.31611659300169 0 -77.84946970608618
    vertex -8.75 1.071565949253934e-15 -75.59257397392065
  endloop
endfacet
facet normal 0 -1 0
  outer loop
    vertex 8.75 0 -35.59257397392065
    vertex 9.303428022458702 0 -37.69836839488315
    vertex 11.34074862774031 0 -36.81441067774011
  endloop
endfacet
facet normal 0 -1 0
  outer loop
    vertex 9.303428022458702 0 -37.69836839488315
    vertex 11.89417665019901 0 -38.9202050987026
    vertex 11.34074862774031 0 -36.81441067774011
  endloop
endfacet
facet normal 0 -1 0
  outer loop
    vertex 9.303428022458702 0 -37.69836839488315
    vertex 9.856856044917404 0 -39.80416281584564
    vertex 11.89417665019901 0 -38.9202050987026
  endloop
endfacet
facet normal 0 -1 0
  outer loop
    vertex 11.34074862774031 0 -36.81441067774011
    vertex 11.89417665019901 0 -38.9202050987026
    vertex 13.93149725548061 0 -38.03624738155955
  endloop
endfacet
facet normal -0 -1 0
  outer loop
    vertex 13.93149725548061 0 -41.96375261844044
    vertex 11.89417665019901 0 -40.88395771714304
    vertex 11.34074862774031 0 -43.18558932225989
  endloop
endfacet
facet normal 0 -1 0
  outer loop
    vertex 11.89417665019901 0 -40.88395771714304
    vertex 9.303428022458702 0 -42.10579442096249
    vertex 11.34074862774031 0 -43.18558932225989
  endloop
endfacet
facet normal -0 -1 0
  outer loop
    vertex 11.89417665019901 0 -40.88395771714304
    vertex 9.856856044917404 0 -39.80416281584564
    vertex 9.303428022458702 0 -42.10579442096249
  endloop
endfacet
facet normal -0 -1 0
  outer loop
    vertex 11.34074862774031 0 -43.18558932225989
    vertex 9.303428022458702 0 -42.10579442096249
    vertex 8.75 0 -44.40742602607934
  endloop
endfacet
facet normal 0 -1 -0
  outer loop
    vertex 8.75 0 -108.1358086753598
    vertex 6.205628859793906 0 -109.7968920202601
    vertex 8.75 0 -111.1018565065198
  endloop
endfacet
facet normal 0 -1 0
  outer loop
    vertex 6.205628859793906 0 -109.7968920202601
    vertex 6.205628859793906 0 -112.7629398514202
    vertex 8.75 0 -111.1018565065198
  endloop
endfacet
facet normal 0 -1 -0
  outer loop
    vertex 6.205628859793906 0 -109.7968920202601
    vertex 3.661257719587812 0 -111.4579753651605
    vertex 6.205628859793906 0 -112.7629398514202
  endloop
endfacet
facet normal 0 -1 -0
  outer loop
    vertex 8.75 0 -111.1018565065198
    vertex 6.205628859793906 0 -112.7629398514202
    vertex 8.75 0 -114.0679043376799
  endloop
endfacet
facet normal 0 -1 0
  outer loop
    vertex -8.75 0 -114.0679043376799
    vertex -6.059591735051848 0 -112.4849926079104
    vertex -8.75 0 -111.1018565065198
  endloop
endfacet
facet normal 0 -1 0
  outer loop
    vertex -6.059591735051848 0 -112.4849926079104
    vertex -6.059591735051848 0 -109.5189447767503
    vertex -8.75 0 -111.1018565065198
  endloop
endfacet
facet normal 0 -1 0
  outer loop
    vertex -6.059591735051848 0 -112.4849926079104
    vertex -3.369183470103694 0 -110.9020808781409
    vertex -6.059591735051848 0 -109.5189447767503
  endloop
endfacet
facet normal 0 -1 0
  outer loop
    vertex -8.75 0 -111.1018565065198
    vertex -6.059591735051848 0 -109.5189447767503
    vertex -8.75 0 -108.1358086753598
  endloop
endfacet
facet normal 0 -1 -0
  outer loop
    vertex 3.715298507194742 0 -5.668959496524906
    vertex 3.620289166331133 0 -8.827622453921343
    vertex 6.232649253597371 0 -7.593737145654522
  endloop
endfacet
facet normal 0 -1 0
  outer loop
    vertex 3.620289166331133 0 -8.827622453921343
    vertex 6.137639912733762 0 -10.75240010305096
    vertex 6.232649253597371 0 -7.593737145654522
  endloop
endfacet
facet normal 0 -1 -0
  outer loop
    vertex 3.620289166331133 0 -8.827622453921343
    vertex 3.525279825467523 0 -11.98628541131778
    vertex 6.137639912733762 0 -10.75240010305096
  endloop
endfacet
facet normal 0 -1 -0
  outer loop
    vertex 6.232649253597371 0 -7.593737145654522
    vertex 6.137639912733762 0 -10.75240010305096
    vertex 8.75 0 -9.518514794784142
  endloop
endfacet
facet normal 0 -1 0
  outer loop
    vertex -8.75 0 -3
    vertex -7.021819919377778 0 -5.08724238216891
    vertex -5.783586094133886 0 -3.557222979196581
  endloop
endfacet
facet normal 0 -1 0
  outer loop
    vertex -7.021819919377778 0 -5.08724238216891
    vertex -4.055406013511664 0 -5.644465361365491
    vertex -5.783586094133886 0 -3.557222979196581
  endloop
endfacet
facet normal 0 -1 0
  outer loop
    vertex -7.021819919377778 0 -5.08724238216891
    vertex -5.293639838755556 0 -7.174484764337812
    vertex -4.055406013511664 0 -5.644465361365491
  endloop
endfacet
facet normal 0 -1 0
  outer loop
    vertex -5.783586094133886 0 -3.557222979196581
    vertex -4.055406013511664 0 -5.644465361365491
    vertex -2.817172188267772 0 -4.114445958393169
  endloop
endfacet
facet normal -0 -1 0
  outer loop
    vertex 13.93149725548061 0 -81.96375261844044
    vertex 11.89477002182928 0 -80.85650484128666
    vertex 11.34074862774031 0 -83.1855893222599
  endloop
endfacet
facet normal 0 -1 0
  outer loop
    vertex 11.89477002182928 0 -80.85650484128666
    vertex 9.304021394088972 0 -82.07834154510611
    vertex 11.34074862774031 0 -83.1855893222599
  endloop
endfacet
facet normal -0 -1 0
  outer loop
    vertex 11.89477002182928 0 -80.85650484128666
    vertex 9.858042788177944 0 -79.74925706413288
    vertex 9.304021394088972 0 -82.07834154510611
  endloop
endfacet
facet normal -0 -1 0
  outer loop
    vertex 11.34074862774031 0 -83.1855893222599
    vertex 9.304021394088972 0 -82.07834154510611
    vertex 8.75 0 -84.40742602607935
  endloop
endfacet
facet normal -4.1702e-16 -1 -6.24567e-16
  outer loop
    vertex -8.75 1.071565949253934e-15 -44.40742602607934
    vertex -9.299995888220826 0 -42.32450194823007
    vertex -11.34074862774031 1.388841150689691e-15 -43.18558932225989
  endloop
endfacet
facet normal -3.59191e-16 -1 -7.61619e-16
  outer loop
    vertex -9.299995888220826 0 -42.32450194823007
    vertex -11.89074451596113 0 -41.10266524441062
    vertex -11.34074862774031 1.388841150689691e-15 -43.18558932225989
  endloop
endfacet
facet normal 0 -1 0
  outer loop
    vertex -9.299995888220826 0 -42.32450194823007
    vertex -9.849991776441653 0 -40.24157787038079
    vertex -11.89074451596113 0 -41.10266524441062
  endloop
endfacet
facet normal -4.99076e-16 -1 -7.98556e-16
  outer loop
    vertex -11.34074862774031 1.388841150689691e-15 -43.18558932225989
    vertex -11.89074451596113 0 -41.10266524441062
    vertex -13.93149725548061 1.706116352125447e-15 -41.96375261844044
  endloop
endfacet
facet normal 0 -1 0
  outer loop
    vertex 8.75 0 -75.59257397392065
    vertex 9.304021394088972 0 -77.67091551902676
    vertex 11.34074862774031 0 -76.81441067774011
  endloop
endfacet
facet normal 0 -1 0
  outer loop
    vertex 9.304021394088972 0 -77.67091551902676
    vertex 11.89477002182928 0 -78.89275222284621
    vertex 11.34074862774031 0 -76.81441067774011
  endloop
endfacet
facet normal 0 -1 0
  outer loop
    vertex 9.304021394088972 0 -77.67091551902676
    vertex 9.858042788177944 0 -79.74925706413288
    vertex 11.89477002182928 0 -78.89275222284621
  endloop
endfacet
facet normal 0 -1 0
  outer loop
    vertex 11.34074862774031 0 -76.81441067774011
    vertex 11.89477002182928 0 -78.89275222284621
    vertex 13.93149725548061 0 -78.03624738155956
  endloop
endfacet
facet normal -4.5502e-16 -1 7.0514e-16
  outer loop
    vertex -13.93149725548061 1.706116352125447e-15 -38.03624738155955
    vertex -11.89074451596113 0 -39.13891262597018
    vertex -11.34074862774031 1.388841150689691e-15 -36.81441067774011
  endloop
endfacet
facet normal -3.17173e-16 -1 6.72525e-16
  outer loop
    vertex -11.89074451596113 0 -39.13891262597018
    vertex -9.299995888220826 0 -37.91707592215072
    vertex -11.34074862774031 1.388841150689691e-15 -36.81441067774011
  endloop
endfacet
facet normal 0 -1 0
  outer loop
    vertex -11.89074451596113 0 -39.13891262597018
    vertex -9.849991776441653 0 -40.24157787038079
    vertex -9.299995888220826 0 -37.91707592215072
  endloop
endfacet
facet normal -3.82563e-16 -1 5.51505e-16
  outer loop
    vertex -11.34074862774031 1.388841150689691e-15 -36.81441067774011
    vertex -9.299995888220826 0 -37.91707592215072
    vertex -8.75 1.071565949253934e-15 -35.59257397392065
  endloop
endfacet
facet normal -0 -1 0
  outer loop
    vertex -4.048171419055652 0 -80.53182719125863
    vertex -6.965202302529514 0 -80.31909631475517
    vertex -6.399085709527826 0 -82.46962660866899
  endloop
endfacet
facet normal 0 -1 -0
  outer loop
    vertex -6.965202302529514 0 -80.31909631475517
    vertex -9.31611659300169 0 -82.25689573216553
    vertex -6.399085709527826 0 -82.46962660866899
  endloop
endfacet
facet normal -0 -1 0
  outer loop
    vertex -6.965202302529514 0 -80.31909631475517
    vertex -9.882233186003377 0 -80.10636543825173
    vertex -9.31611659300169 0 -82.25689573216553
  endloop
endfacet
facet normal -3.70494e-17 -1 -5.08033e-16
  outer loop
    vertex -6.399085709527826 0 -82.46962660866899
    vertex -9.31611659300169 0 -82.25689573216553
    vertex -8.75 1.071565949253934e-15 -84.40742602607935
  endloop
endfacet
facet normal 0 -1 0
  outer loop
    vertex 0.02227790582560196 0 -53.67174043677808
    vertex 2.494046223098857 0 -53.60136773702878
    vertex 1.795455106233918 0 -50.59884062882077
  endloop
endfacet
facet normal 0 -1 0
  outer loop
    vertex 2.494046223098857 0 -53.60136773702878
    vertex 4.267223423507173 0 -50.52846792907148
    vertex 1.795455106233918 0 -50.59884062882077
  endloop
endfacet
facet normal 0 -1 0
  outer loop
    vertex 2.494046223098857 0 -53.60136773702878
    vertex 4.965814540372112 0 -53.53099503727949
    vertex 4.267223423507173 0 -50.52846792907148
  endloop
endfacet
facet normal 0 -1 0
  outer loop
    vertex 1.795455106233918 0 -50.59884062882077
    vertex 4.267223423507173 0 -50.52846792907148
    vertex 3.568632306642233 0 -47.52594082086347
  endloop
endfacet
facet normal 0 -1 -0
  outer loop
    vertex -3.696232692247255 0 -48.5288693781287
    vertex -4.312603814301806 0 -51.14591989428021
    vertex -1.836977393210827 0 -51.10030490745339
  endloop
endfacet
facet normal 0 -1 0
  outer loop
    vertex -4.312603814301806 0 -51.14591989428021
    vertex -2.453348515265377 0 -53.71735542360491
    vertex -1.836977393210827 0 -51.10030490745339
  endloop
endfacet
facet normal 0 -1 -0
  outer loop
    vertex -4.312603814301806 0 -51.14591989428021
    vertex -4.928974936356356 0 -53.76297041043173
    vertex -2.453348515265377 0 -53.71735542360491
  endloop
endfacet
facet normal 0 -1 -0
  outer loop
    vertex -1.836977393210827 0 -51.10030490745339
    vertex -2.453348515265377 0 -53.71735542360491
    vertex 0.02227790582560196 0 -53.67174043677808
  endloop
endfacet
facet normal 0 -1 0
  outer loop
    vertex -8.75 0 -120
    vertex -6.657326735604963 0 -117.9113840206028
    vertex -8.75 0 -117.0339521688399
  endloop
endfacet
facet normal 0 -1 0
  outer loop
    vertex -6.657326735604963 0 -117.9113840206028
    vertex -6.657326735604963 0 -114.9453361894428
    vertex -8.75 0 -117.0339521688399
  endloop
endfacet
facet normal 0 -1 0
  outer loop
    vertex -6.657326735604963 0 -117.9113840206028
    vertex -4.564653471209924 0 -115.8227680412057
    vertex -6.657326735604963 0 -114.9453361894428
  endloop
endfacet
facet normal 0 -1 0
  outer loop
    vertex -8.75 0 -117.0339521688399
    vertex -6.657326735604963 0 -114.9453361894428
    vertex -8.75 0 -114.0679043376799
  endloop
endfacet
facet normal 0 -1 -0
  outer loop
    vertex 8.75 0 -114.0679043376799
    vertex 6.664929667963463 0 -114.9598065790466
    vertex 8.75 0 -117.0339521688399
  endloop
endfacet
facet normal 0 -1 0
  outer loop
    vertex 6.664929667963463 0 -114.9598065790466
    vertex 6.664929667963463 0 -117.9258544102067
    vertex 8.75 0 -117.0339521688399
  endloop
endfacet
facet normal 0 -1 -0
  outer loop
    vertex 6.664929667963463 0 -114.9598065790466
    vertex 4.579859335926927 0 -115.8517088204133
    vertex 6.664929667963463 0 -117.9258544102067
  endloop
endfacet
facet normal 0 -1 -0
  outer loop
    vertex 8.75 0 -117.0339521688399
    vertex 6.664929667963463 0 -117.9258544102067
    vertex 8.75 0 -120
  endloop
endfacet
facet normal 0 -1 0
  outer loop
    vertex 8.75 0 -120
    vertex 6.664929667963463 0 -117.9258544102067
    vertex 5.833333333333333 0 -120
  endloop
endfacet
facet normal -0 -1 0
  outer loop
    vertex 6.664929667963463 0 -117.9258544102067
    vertex 3.748263001296797 0 -117.9258544102067
    vertex 5.833333333333333 0 -120
  endloop
endfacet
facet normal 0 -1 0
  outer loop
    vertex 6.664929667963463 0 -117.9258544102067
    vertex 4.579859335926927 0 -115.8517088204133
    vertex 3.748263001296797 0 -117.9258544102067
  endloop
endfacet
facet normal 0 -1 0
  outer loop
    vertex 5.833333333333333 0 -120
    vertex 3.748263001296797 0 -117.9258544102067
    vertex 2.916666666666666 0 -120
  endloop
endfacet
facet normal 0 -1 0
  outer loop
    vertex -2.916666666666668 0 -120
    vertex -3.740660068938295 0 -117.9113840206028
    vertex -5.833333333333334 0 -120
  endloop
endfacet
facet normal -0 -1 0
  outer loop
    vertex -3.740660068938295 0 -117.9113840206028
    vertex -6.657326735604963 0 -117.9113840206028
    vertex -5.833333333333334 0 -120
  endloop
endfacet
facet normal 0 -1 0
  outer loop
    vertex -3.740660068938295 0 -117.9113840206028
    vertex -4.564653471209924 0 -115.8227680412057
    vertex -6.657326735604963 0 -117.9113840206028
  endloop
endfacet
facet normal 0 -1 0
  outer loop
    vertex -5.833333333333334 0 -120
    vertex -6.657326735604963 0 -117.9113840206028
    vertex -8.75 0 -120
  endloop
endfacet
facet normal 0 -1 -0
  outer loop
    vertex 2.953923761044618 0 -92.33216505077507
    vertex 2.7834517061385 0 -95.20945677206863
    vertex 5.851961880522309 0 -94.30189120074732
  endloop
endfacet
facet normal 0 -1 0
  outer loop
    vertex 2.7834517061385 0 -95.20945677206863
    vertex 5.681489825616191 0 -97.17918292204088
    vertex 5.851961880522309 0 -94.30189120074732
  endloop
endfacet
facet normal 0 -1 -0
  outer loop
    vertex 2.7834517061385 0 -95.20945677206863
    vertex 2.612979651232382 0 -98.08674849336219
    vertex 5.681489825616191 0 -97.17918292204088
  endloop
endfacet
facet normal 0 -1 -0
  outer loop
    vertex 5.851961880522309 0 -94.30189120074732
    vertex 5.681489825616191 0 -97.17918292204088
    vertex 8.75 0 -96.27161735071957
  endloop
endfacet
facet normal 0 -1 0
  outer loop
    vertex -3.612654458751312 0 -99.23766518187963
    vertex -3.612654458751303 0 -96.27161735071957
    vertex -6.181327229375656 0 -97.7546412662996
  endloop
endfacet
facet normal -0 -1 0
  outer loop
    vertex -3.612654458751303 0 -96.27161735071957
    vertex -6.181327229375645 0 -94.78859343513953
    vertex -6.181327229375656 0 -97.7546412662996
  endloop
endfacet
facet normal 0 -1 0
  outer loop
    vertex -3.612654458751303 0 -96.27161735071957
    vertex -3.612654458751292 0 -93.3055695195595
    vertex -6.181327229375645 0 -94.78859343513953
  endloop
endfacet
facet normal 0 -1 0
  outer loop
    vertex -6.181327229375656 0 -97.7546412662996
    vertex -6.181327229375645 0 -94.78859343513953
    vertex -8.75 0 -96.27161735071957
  endloop
endfacet
facet normal -0 -1 0
  outer loop
    vertex 8.75 0 -102.2037130130397
    vertex 5.681489825616191 0 -100.1452307532009
    vertex 5.599631531926137 0 -103.6867369286197
  endloop
endfacet
facet normal 0 -1 0
  outer loop
    vertex 5.681489825616191 0 -100.1452307532009
    vertex 2.531121357542329 0 -101.628254668781
    vertex 5.599631531926137 0 -103.6867369286197
  endloop
endfacet
facet normal -0 -1 0
  outer loop
    vertex 5.681489825616191 0 -100.1452307532009
    vertex 2.612979651232382 0 -98.08674849336219
    vertex 2.531121357542329 0 -101.628254668781
  endloop
endfacet
facet normal -0 -1 0
  outer loop
    vertex 5.599631531926137 0 -103.6867369286197
    vertex 2.531121357542329 0 -101.628254668781
    vertex 2.449263063852276 0 -105.1697608441997
  endloop
endfacet
facet normal 0 -1 0
  outer loop
    vertex -8.75 0 -102.2037130130397
    vertex -6.181327229375688 0 -103.6867369286197
    vertex -6.181327229375656 0 -100.7206890974597
  endloop
endfacet
facet normal 0 -1 0
  outer loop
    vertex -6.181327229375688 0 -103.6867369286197
    vertex -3.612654458751345 0 -102.2037130130397
    vertex -6.181327229375656 0 -100.7206890974597
  endloop
endfacet
facet normal 0 -1 0
  outer loop
    vertex -6.181327229375688 0 -103.6867369286197
    vertex -3.612654458751377 0 -105.1697608441997
    vertex -3.612654458751345 0 -102.2037130130397
  endloop
endfacet
facet normal 0 -1 0
  outer loop
    vertex -6.181327229375656 0 -100.7206890974597
    vertex -3.612654458751345 0 -102.2037130130397
    vertex -3.612654458751312 0 -99.23766518187963
  endloop
endfacet
facet normal 0 -1 0
  outer loop
    vertex -8.75 0 -90.33952168839946
    vertex -6.181327229375645 0 -91.82254560397948
    vertex -6.225336285189281 0 -88.85649777281944
  endloop
endfacet
facet normal 0 -1 0
  outer loop
    vertex -6.181327229375645 0 -91.82254560397948
    vertex -3.656663514564926 0 -90.33952168839946
    vertex -6.225336285189281 0 -88.85649777281944
  endloop
endfacet
facet normal 0 -1 0
  outer loop
    vertex -6.181327229375645 0 -91.82254560397948
    vertex -3.612654458751292 0 -93.3055695195595
    vertex -3.656663514564926 0 -90.33952168839946
  endloop
endfacet
facet normal 0 -1 0
  outer loop
    vertex -6.225336285189281 0 -88.85649777281944
    vertex -3.656663514564926 0 -90.33952168839946
    vertex -3.700672570378559 0 -87.37347385723942
  endloop
endfacet
facet normal 0 -1 0
  outer loop
    vertex -2.800647755638208 0 -59.82273890901953
    vertex -3.864811345997282 0 -56.79285465972563
    vertex -5.775323877819103 0 -58.35211205711769
  endloop
endfacet
facet normal -0 -1 0
  outer loop
    vertex -3.864811345997282 0 -56.79285465972563
    vertex -6.839487468178179 0 -55.32222780782379
    vertex -5.775323877819103 0 -58.35211205711769
  endloop
endfacet
facet normal 0 -1 0
  outer loop
    vertex -3.864811345997282 0 -56.79285465972563
    vertex -4.928974936356356 0 -53.76297041043173
    vertex -6.839487468178179 0 -55.32222780782379
  endloop
endfacet
facet normal 0 -1 0
  outer loop
    vertex -5.775323877819103 0 -58.35211205711769
    vertex -6.839487468178179 0 -55.32222780782379
    vertex -8.75 0 -56.88148520521586
  endloop
endfacet
facet normal -0 -1 0
  outer loop
    vertex 8.75 0 -56.88148520521586
    vertex 6.857907270186056 0 -55.20624012124767
    vertex 6.244081244696364 0 -57.90641915655414
  endloop
endfacet
facet normal 0 -1 0
  outer loop
    vertex 6.857907270186056 0 -55.20624012124767
    vertex 4.35198851488242 0 -56.23117407258596
    vertex 6.244081244696364 0 -57.90641915655414
  endloop
endfacet
facet normal -0 -1 0
  outer loop
    vertex 6.857907270186056 0 -55.20624012124767
    vertex 4.965814540372112 0 -53.53099503727949
    vertex 4.35198851488242 0 -56.23117407258596
  endloop
endfacet
facet normal -0 -1 0
  outer loop
    vertex 6.244081244696364 0 -57.90641915655414
    vertex 4.35198851488242 0 -56.23117407258596
    vertex 3.738162489392727 0 -58.93135310789242
  endloop
endfacet
facet normal -8.4268e-16 -1 0
  outer loop
    vertex -13.93149725548061 1.706116352125447e-15 -81.96375261844044
    vertex -11.90686522074199 0 -81.0350590283461
    vertex -13.93149725548061 1.706116352125447e-15 -80.00000000000001
  endloop
endfacet
facet normal -8.4268e-16 -1 0
  outer loop
    vertex -11.90686522074199 0 -81.0350590283461
    vertex -11.90686522074199 0 -79.07130640990565
    vertex -13.93149725548061 1.706116352125447e-15 -80.00000000000001
  endloop
endfacet
facet normal 0 -1 0
  outer loop
    vertex -11.90686522074199 0 -81.0350590283461
    vertex -9.882233186003377 0 -80.10636543825173
    vertex -11.90686522074199 0 -79.07130640990565
  endloop
endfacet
facet normal -8.4268e-16 -1 0
  outer loop
    vertex -13.93149725548061 1.706116352125447e-15 -80.00000000000001
    vertex -11.90686522074199 0 -79.07130640990565
    vertex -13.93149725548061 1.706116352125447e-15 -78.03624738155956
  endloop
endfacet
facet normal 0 -1 -0
  outer loop
    vertex 13.93149725548061 0 -38.03624738155955
    vertex 11.89417665019901 0 -38.9202050987026
    vertex 13.93149725548061 0 -39.99999999999999
  endloop
endfacet
facet normal 0 -1 0
  outer loop
    vertex 11.89417665019901 0 -38.9202050987026
    vertex 11.89417665019901 0 -40.88395771714304
    vertex 13.93149725548061 0 -39.99999999999999
  endloop
endfacet
facet normal 0 -1 -0
  outer loop
    vertex 11.89417665019901 0 -38.9202050987026
    vertex 9.856856044917404 0 -39.80416281584564
    vertex 11.89417665019901 0 -40.88395771714304
  endloop
endfacet
facet normal 0 -1 -0
  outer loop
    vertex 13.93149725548061 0 -39.99999999999999
    vertex 11.89417665019901 0 -40.88395771714304
    vertex 13.93149725548061 0 -41.96375261844044
  endloop
endfacet
facet normal 0 -1 0
  outer loop
    vertex 2.449263063852276 0 -105.1697608441997
    vertex 3.055260391720044 0 -108.3138681046801
    vertex 5.599631531926137 0 -106.6527847597798
  endloop
endfacet
facet normal 0 -1 0
  outer loop
    vertex 3.055260391720044 0 -108.3138681046801
    vertex 6.205628859793906 0 -109.7968920202601
    vertex 5.599631531926137 0 -106.6527847597798
  endloop
endfacet
facet normal 0 -1 0
  outer loop
    vertex 3.055260391720044 0 -108.3138681046801
    vertex 3.661257719587812 0 -111.4579753651605
    vertex 6.205628859793906 0 -109.7968920202601
  endloop
endfacet
facet normal 0 -1 0
  outer loop
    vertex 5.599631531926137 0 -106.6527847597798
    vertex 6.205628859793906 0 -109.7968920202601
    vertex 8.75 0 -108.1358086753598
  endloop
endfacet
facet normal 0 -1 0
  outer loop
    vertex -8.75 0 -108.1358086753598
    vertex -6.059591735051848 0 -109.5189447767503
    vertex -6.181327229375688 0 -106.6527847597797
  endloop
endfacet
facet normal 0 -1 0
  outer loop
    vertex -6.059591735051848 0 -109.5189447767503
    vertex -3.490918964427536 0 -108.0359208611703
    vertex -6.181327229375688 0 -106.6527847597797
  endloop
endfacet
facet normal 0 -1 0
  outer loop
    vertex -6.059591735051848 0 -109.5189447767503
    vertex -3.369183470103694 0 -110.9020808781409
    vertex -3.490918964427536 0 -108.0359208611703
  endloop
endfacet
facet normal 0 -1 0
  outer loop
    vertex -6.181327229375688 0 -106.6527847597797
    vertex -3.490918964427536 0 -108.0359208611703
    vertex -3.612654458751377 0 -105.1697608441997
  endloop
endfacet
facet normal 0 -1 0
  outer loop
    vertex 3.568632306642233 0 -47.52594082086347
    vertex 4.267223423507173 0 -50.52846792907148
    vertex 6.159316153321116 0 -49.08519821825554
  endloop
endfacet
facet normal 0 -1 0
  outer loop
    vertex 4.267223423507173 0 -50.52846792907148
    vertex 6.857907270186056 0 -52.08772532646354
    vertex 6.159316153321116 0 -49.08519821825554
  endloop
endfacet
facet normal 0 -1 0
  outer loop
    vertex 4.267223423507173 0 -50.52846792907148
    vertex 4.965814540372112 0 -53.53099503727949
    vertex 6.857907270186056 0 -52.08772532646354
  endloop
endfacet
facet normal 0 -1 0
  outer loop
    vertex 6.159316153321116 0 -49.08519821825554
    vertex 6.857907270186056 0 -52.08772532646354
    vertex 8.75 0 -50.6444556156476
  endloop
endfacet
facet normal 0 -1 0
  outer loop
    vertex -8.75 0 -50.6444556156476
    vertex -6.839487468178179 0 -52.20371301303967
    vertex -6.223116346123627 0 -49.58666249688815
  endloop
endfacet
facet normal 0 -1 0
  outer loop
    vertex -6.839487468178179 0 -52.20371301303967
    vertex -4.312603814301806 0 -51.14591989428021
    vertex -6.223116346123627 0 -49.58666249688815
  endloop
endfacet
facet normal 0 -1 0
  outer loop
    vertex -6.839487468178179 0 -52.20371301303967
    vertex -4.928974936356356 0 -53.76297041043173
    vertex -4.312603814301806 0 -51.14591989428021
  endloop
endfacet
facet normal 0 -1 0
  outer loop
    vertex -6.223116346123627 0 -49.58666249688815
    vertex -4.312603814301806 0 -51.14591989428021
    vertex -3.696232692247255 0 -48.5288693781287
  endloop
endfacet
facet normal 0 -1 0
  outer loop
    vertex -8.75 0 -56.88148520521586
    vertex -6.839487468178179 0 -55.32222780782379
    vertex -8.75 0 -53.76297041043173
  endloop
endfacet
facet normal 0 -1 0
  outer loop
    vertex -6.839487468178179 0 -55.32222780782379
    vertex -6.839487468178179 0 -52.20371301303967
    vertex -8.75 0 -53.76297041043173
  endloop
endfacet
facet normal 0 -1 0
  outer loop
    vertex -6.839487468178179 0 -55.32222780782379
    vertex -4.928974936356356 0 -53.76297041043173
    vertex -6.839487468178179 0 -52.20371301303967
  endloop
endfacet
facet normal 0 -1 0
  outer loop
    vertex -8.75 0 -53.76297041043173
    vertex -6.839487468178179 0 -52.20371301303967
    vertex -8.75 0 -50.6444556156476
  endloop
endfacet
facet normal 0 -1 -0
  outer loop
    vertex 8.75 0 -50.6444556156476
    vertex 6.857907270186056 0 -52.08772532646354
    vertex 8.75 0 -53.76297041043173
  endloop
endfacet
facet normal 0 -1 0
  outer loop
    vertex 6.857907270186056 0 -52.08772532646354
    vertex 6.857907270186056 0 -55.20624012124767
    vertex 8.75 0 -53.76297041043173
  endloop
endfacet
facet normal 0 -1 -0
  outer loop
    vertex 6.857907270186056 0 -52.08772532646354
    vertex 4.965814540372112 0 -53.53099503727949
    vertex 6.857907270186056 0 -55.20624012124767
  endloop
endfacet
facet normal 0 -1 -0
  outer loop
    vertex 8.75 0 -53.76297041043173
    vertex 6.857907270186056 0 -55.20624012124767
    vertex 8.75 0 -56.88148520521586
  endloop
endfacet
facet normal 0 -1 -0
  outer loop
    vertex -2.817172188267772 0 -4.114445958393169
    vertex -4.055406013511664 0 -5.644465361365491
    vertex -1.783611867619312 0 -6.203295784310129
  endloop
endfacet
facet normal 0 -1 0
  outer loop
    vertex -4.055406013511664 0 -5.644465361365491
    vertex -3.021845692863204 0 -7.73331518728245
    vertex -1.783611867619312 0 -6.203295784310129
  endloop
endfacet
facet normal 0 -1 -0
  outer loop
    vertex -4.055406013511664 0 -5.644465361365491
    vertex -5.293639838755556 0 -7.174484764337812
    vertex -3.021845692863204 0 -7.73331518728245
  endloop
endfacet
facet normal 0 -1 -0
  outer loop
    vertex -1.783611867619312 0 -6.203295784310129
    vertex -3.021845692863204 0 -7.73331518728245
    vertex -0.7500515469708535 0 -8.292145610227088
  endloop
endfacet
facet normal 0 -1 0
  outer loop
    vertex 3.715298507194742 0 -5.668959496524906
    vertex 1.482623480111944 0 -6.980552553376
    vertex 3.620289166331133 0 -8.827622453921343
  endloop
endfacet
facet normal 0 -1 -0
  outer loop
    vertex 1.482623480111944 0 -6.980552553376
    vertex 1.387614139248335 0 -10.13921551077243
    vertex 3.620289166331133 0 -8.827622453921343
  endloop
endfacet
facet normal 0 -1 0
  outer loop
    vertex 1.482623480111944 0 -6.980552553376
    vertex -0.7500515469708535 0 -8.292145610227088
    vertex 1.387614139248335 0 -10.13921551077243
  endloop
endfacet
facet normal 0 -1 0
  outer loop
    vertex 3.620289166331133 0 -8.827622453921343
    vertex 1.387614139248335 0 -10.13921551077243
    vertex 3.525279825467523 0 -11.98628541131778
  endloop
endfacet
facet normal -0 -1 0
  outer loop
    vertex 3.525279825467523 0 -11.98628541131778
    vertex 1.387614139248335 0 -10.13921551077243
    vertex 0.2102396163476374 0 -12.38202880174698
  endloop
endfacet
facet normal 0 -1 0
  outer loop
    vertex 1.387614139248335 0 -10.13921551077243
    vertex -1.927426069871551 0 -10.53495890120164
    vertex 0.2102396163476374 0 -12.38202880174698
  endloop
endfacet
facet normal -0 -1 0
  outer loop
    vertex 1.387614139248335 0 -10.13921551077243
    vertex -0.7500515469708535 0 -8.292145610227088
    vertex -1.927426069871551 0 -10.53495890120164
  endloop
endfacet
facet normal -0 -1 0
  outer loop
    vertex 0.2102396163476374 0 -12.38202880174698
    vertex -1.927426069871551 0 -10.53495890120164
    vertex -3.104800592772248 0 -12.77777219217619
  endloop
endfacet
facet normal 0 -1 -0
  outer loop
    vertex 13.93149725548061 0 -78.03624738155956
    vertex 11.89477002182928 0 -78.89275222284621
    vertex 13.93149725548061 0 -80.00000000000001
  endloop
endfacet
facet normal 0 -1 0
  outer loop
    vertex 11.89477002182928 0 -78.89275222284621
    vertex 11.89477002182928 0 -80.85650484128666
    vertex 13.93149725548061 0 -80.00000000000001
  endloop
endfacet
facet normal 0 -1 -0
  outer loop
    vertex 11.89477002182928 0 -78.89275222284621
    vertex 9.858042788177944 0 -79.74925706413288
    vertex 11.89477002182928 0 -80.85650484128666
  endloop
endfacet
facet normal 0 -1 -0
  outer loop
    vertex 13.93149725548061 0 -80.00000000000001
    vertex 11.89477002182928 0 -80.85650484128666
    vertex 13.93149725548061 0 -81.96375261844044
  endloop
endfacet
facet normal -8.36023e-16 -1 0
  outer loop
    vertex -13.93149725548061 1.706116352125447e-15 -41.96375261844044
    vertex -11.89074451596113 0 -41.10266524441062
    vertex -13.93149725548061 1.706116352125447e-15 -39.99999999999999
  endloop
endfacet
facet normal -8.36023e-16 -1 0
  outer loop
    vertex -11.89074451596113 0 -41.10266524441062
    vertex -11.89074451596113 0 -39.13891262597018
    vertex -13.93149725548061 1.706116352125447e-15 -39.99999999999999
  endloop
endfacet
facet normal 0 -1 0
  outer loop
    vertex -11.89074451596113 0 -41.10266524441062
    vertex -9.849991776441653 0 -40.24157787038079
    vertex -11.89074451596113 0 -39.13891262597018
  endloop
endfacet
facet normal -8.36023e-16 -1 0
  outer loop
    vertex -13.93149725548061 1.706116352125447e-15 -39.99999999999999
    vertex -11.89074451596113 0 -39.13891262597018
    vertex -13.93149725548061 1.706116352125447e-15 -38.03624738155955
  endloop
endfacet
facet normal 0 -1 0
  outer loop
    vertex 2.916666666666666 0 -120
    vertex 3.748263001296797 0 -117.9258544102067
    vertex 1.458333333333333 0 -117.803604902855
  endloop
endfacet
facet normal 0 -1 0
  outer loop
    vertex 3.748263001296797 0 -117.9258544102067
    vertex 2.289929667963464 0 -115.7294593130616
    vertex 1.458333333333333 0 -117.803604902855
  endloop
endfacet
facet normal 0 -1 0
  outer loop
    vertex 3.748263001296797 0 -117.9258544102067
    vertex 4.579859335926927 0 -115.8517088204133
    vertex 2.289929667963464 0 -115.7294593130616
  endloop
endfacet
facet normal 0 -1 0
  outer loop
    vertex 1.458333333333333 0 -117.803604902855
    vertex 2.289929667963464 0 -115.7294593130616
    vertex 0 0 -115.60720980571
  endloop
endfacet
facet normal 0 -1 0
  outer loop
    vertex 0 0 -115.60720980571
    vertex -2.282326735604963 0 -115.7149889234578
    vertex -1.458333333333334 0 -117.803604902855
  endloop
endfacet
facet normal 0 -1 -0
  outer loop
    vertex -2.282326735604963 0 -115.7149889234578
    vertex -3.740660068938295 0 -117.9113840206028
    vertex -1.458333333333334 0 -117.803604902855
  endloop
endfacet
facet normal 0 -1 0
  outer loop
    vertex -2.282326735604963 0 -115.7149889234578
    vertex -4.564653471209924 0 -115.8227680412057
    vertex -3.740660068938295 0 -117.9113840206028
  endloop
endfacet
facet normal 0 -1 0
  outer loop
    vertex -1.458333333333334 0 -117.803604902855
    vertex -3.740660068938295 0 -117.9113840206028
    vertex -2.916666666666668 0 -120
  endloop
endfacet
facet normal 0 -1 0
  outer loop
    vertex -8.75 0 -114.0679043376799
    vertex -6.657326735604963 0 -114.9453361894428
    vertex -6.059591735051848 0 -112.4849926079104
  endloop
endfacet
facet normal 0 -1 0
  outer loop
    vertex -6.657326735604963 0 -114.9453361894428
    vertex -3.966918470656809 0 -113.3624244596733
    vertex -6.059591735051848 0 -112.4849926079104
  endloop
endfacet
facet normal 0 -1 0
  outer loop
    vertex -6.657326735604963 0 -114.9453361894428
    vertex -4.564653471209924 0 -115.8227680412057
    vertex -3.966918470656809 0 -113.3624244596733
  endloop
endfacet
facet normal 0 -1 0
  outer loop
    vertex -6.059591735051848 0 -112.4849926079104
    vertex -3.966918470656809 0 -113.3624244596733
    vertex -3.369183470103694 0 -110.9020808781409
  endloop
endfacet
facet normal 0 -1 0
  outer loop
    vertex 3.661257719587812 0 -111.4579753651605
    vertex 4.120558527757369 0 -113.6548420927869
    vertex 6.205628859793906 0 -112.7629398514202
  endloop
endfacet
facet normal 0 -1 0
  outer loop
    vertex 4.120558527757369 0 -113.6548420927869
    vertex 6.664929667963463 0 -114.9598065790466
    vertex 6.205628859793906 0 -112.7629398514202
  endloop
endfacet
facet normal 0 -1 0
  outer loop
    vertex 4.120558527757369 0 -113.6548420927869
    vertex 4.579859335926927 0 -115.8517088204133
    vertex 6.664929667963463 0 -114.9598065790466
  endloop
endfacet
facet normal 0 -1 0
  outer loop
    vertex 6.205628859793906 0 -112.7629398514202
    vertex 6.664929667963463 0 -114.9598065790466
    vertex 8.75 0 -114.0679043376799
  endloop
endfacet
facet normal 0 -1 -0
  outer loop
    vertex -3.369183470103694 0 -110.9020808781409
    vertex -3.966918470656809 0 -113.3624244596733
    vertex -1.684591735051847 0 -113.2546453419254
  endloop
endfacet
facet normal 0 -1 0
  outer loop
    vertex -3.966918470656809 0 -113.3624244596733
    vertex -2.282326735604963 0 -115.7149889234578
    vertex -1.684591735051847 0 -113.2546453419254
  endloop
endfacet
facet normal 0 -1 -0
  outer loop
    vertex -3.966918470656809 0 -113.3624244596733
    vertex -4.564653471209924 0 -115.8227680412057
    vertex -2.282326735604963 0 -115.7149889234578
  endloop
endfacet
facet normal 0 -1 -0
  outer loop
    vertex -1.684591735051847 0 -113.2546453419254
    vertex -2.282326735604963 0 -115.7149889234578
    vertex 0 0 -115.60720980571
  endloop
endfacet
facet normal 0 -1 0
  outer loop
    vertex 0 0 -115.60720980571
    vertex 2.289929667963464 0 -115.7294593130616
    vertex 1.830628859793906 0 -113.5325925854352
  endloop
endfacet
facet normal 0 -1 0
  outer loop
    vertex 2.289929667963464 0 -115.7294593130616
    vertex 4.120558527757369 0 -113.6548420927869
    vertex 1.830628859793906 0 -113.5325925854352
  endloop
endfacet
facet normal 0 -1 0
  outer loop
    vertex 2.289929667963464 0 -115.7294593130616
    vertex 4.579859335926927 0 -115.8517088204133
    vertex 4.120558527757369 0 -113.6548420927869
  endloop
endfacet
facet normal 0 -1 0
  outer loop
    vertex 1.830628859793906 0 -113.5325925854352
    vertex 4.120558527757369 0 -113.6548420927869
    vertex 3.661257719587812 0 -111.4579753651605
  endloop
endfacet
facet normal 0 -1 0
  outer loop
    vertex 5.875000000000016 0 0
    vertex 7.312500000000008 0 -1.5
    vertex 8.812500000000007 0 0
  endloop
endfacet
facet normal 0 -1 0
  outer loop
    vertex 7.312500000000008 0 -1.5
    vertex 10.25 0 -1.5
    vertex 8.812500000000007 0 0
  endloop
endfacet
facet normal 0 -1 0
  outer loop
    vertex 7.312500000000008 0 -1.5
    vertex 8.75 0 -3
    vertex 10.25 0 -1.5
  endloop
endfacet
facet normal 0 -1 0
  outer loop
    vertex 8.812500000000007 0 0
    vertex 10.25 0 -1.5
    vertex 11.75 0 0
  endloop
endfacet
facet normal 0 -1 0
  outer loop
    vertex -11.75 0 0
    vertex -10.25 0 -1.5
    vertex -8.812499999999986 0 0
  endloop
endfacet
facet normal 0 -1 0
  outer loop
    vertex -10.25 0 -1.5
    vertex -7.312499999999988 0 -1.5
    vertex -8.812499999999986 0 0
  endloop
endfacet
facet normal 0 -1 0
  outer loop
    vertex -10.25 0 -1.5
    vertex -8.75 0 -3
    vertex -7.312499999999988 0 -1.5
  endloop
endfacet
facet normal 0 -1 0
  outer loop
    vertex -8.812499999999986 0 0
    vertex -7.312499999999988 0 -1.5
    vertex -5.874999999999972 0 0
  endloop
endfacet
facet normal 0.37266 0.232253 -0.898434
  outer loop
    vertex 12.56955084251063 6.007745616868611 -41.96375261844044
    vertex 10.66302311884521 5.765650817557289 -42.81714101984576
    vertex 10.93025828739512 8.638059362512751 -41.96375261844044
  endloop
endfacet
facet normal 0.334237 0.239708 -0.911496
  outer loop
    vertex 10.66302311884521 5.765650817557289 -42.81714101984576
    vertex 8.75 8.202079329594683 -42.87788800618403
    vertex 10.93025828739512 8.638059362512751 -41.96375261844044
  endloop
endfacet
facet normal 0.359203 0.259687 -0.896402
  outer loop
    vertex 10.66302311884521 5.765650817557289 -42.81714101984576
    vertex 8.75 5.520043864130642 -43.65487231566471
    vertex 8.75 8.202079329594683 -42.87788800618403
  endloop
endfacet
facet normal 0.313996 0.310783 -0.897118
  outer loop
    vertex 10.93025828739512 8.638059362512751 -41.96375261844044
    vertex 8.75 8.202079329594683 -42.87788800618403
    vertex 8.75 10.84085401522702 -41.96375261844044
  endloop
endfacet
facet normal 0.444283 0.0497282 -0.894505
  outer loop
    vertex 13.93149725548061 0 -41.96375261844044
    vertex 12.32681850637912 1.334599682039104 -42.68657005855829
    vertex 13.58674498996218 3.080093563059644 -41.96375261844044
  endloop
endfacet
facet normal 0.394664 0.0936338 -0.914042
  outer loop
    vertex 12.32681850637912 1.334599682039104 -42.68657005855829
    vertex 11.6398826671932 4.340640805995765 -42.67523801804234
    vertex 13.58674498996218 3.080093563059644 -41.96375261844044
  endloop
endfacet
facet normal 0.439541 0.103807 -0.892204
  outer loop
    vertex 12.32681850637912 1.334599682039104 -42.68657005855829
    vertex 10.68894903649096 2.665605871938639 -43.33859954130402
    vertex 11.6398826671932 4.340640805995765 -42.67523801804234
  endloop
endfacet
facet normal 0.421886 0.146582 -0.894721
  outer loop
    vertex 13.58674498996218 3.080093563059644 -41.96375261844044
    vertex 11.6398826671932 4.340640805995765 -42.67523801804234
    vertex 12.56955084251063 6.007745616868611 -41.96375261844044
  endloop
endfacet
facet normal 0.359933 0.183437 -0.914767
  outer loop
    vertex 8.75 5.520043864130642 -43.65487231566471
    vertex 9.742102810123846 4.102353534995705 -43.54879679240032
    vertex 8.75 2.782995710769979 -44.2037282488149
  endloop
endfacet
facet normal 0.439505 0.111924 -0.89124
  outer loop
    vertex 9.742102810123846 4.102353534995705 -43.54879679240032
    vertex 9.732584130824225 1.334600618560243 -43.9010701725644
    vertex 8.75 2.782995710769979 -44.2037282488149
  endloop
endfacet
facet normal 0.379148 0.115549 -0.918093
  outer loop
    vertex 9.742102810123846 4.102353534995705 -43.54879679240032
    vertex 10.68894903649096 2.665605871938639 -43.33859954130402
    vertex 9.732584130824225 1.334600618560243 -43.9010701725644
  endloop
endfacet
facet normal 0.38315 0.0674276 -0.921222
  outer loop
    vertex 8.75 2.782995710769979 -44.2037282488149
    vertex 9.732584130824225 1.334600618560243 -43.9010701725644
    vertex 8.75 0 -44.40742602607934
  endloop
endfacet
facet normal 0.426377 0.0290977 -0.904078
  outer loop
    vertex 8.75 0 -44.40742602607934
    vertex 9.732584130824225 1.334600618560243 -43.9010701725644
    vertex 11.34074862774031 0 -43.18558932225989
  endloop
endfacet
facet normal 0.423855 0.0253629 -0.905375
  outer loop
    vertex 9.732584130824225 1.334600618560243 -43.9010701725644
    vertex 12.32681850637912 1.334599682039104 -42.68657005855829
    vertex 11.34074862774031 0 -43.18558932225989
  endloop
endfacet
facet normal 0.422705 0.0778399 -0.902918
  outer loop
    vertex 9.732584130824225 1.334600618560243 -43.9010701725644
    vertex 10.68894903649096 2.665605871938639 -43.33859954130402
    vertex 12.32681850637912 1.334599682039104 -42.68657005855829
  endloop
endfacet
facet normal 0.426444 0.0230179 -0.904221
  outer loop
    vertex 11.34074862774031 0 -43.18558932225989
    vertex 12.32681850637912 1.334599682039104 -42.68657005855829
    vertex 13.93149725548061 0 -41.96375261844044
  endloop
endfacet
facet normal 0.38402 0.172932 -0.906986
  outer loop
    vertex 12.56955084251063 6.007745616868611 -41.96375261844044
    vertex 11.6398826671932 4.340640805995765 -42.67523801804234
    vertex 10.66302311884521 5.765650817557289 -42.81714101984576
  endloop
endfacet
facet normal 0.392681 0.179364 -0.902014
  outer loop
    vertex 11.6398826671932 4.340640805995765 -42.67523801804234
    vertex 9.742102810123846 4.102353534995705 -43.54879679240032
    vertex 10.66302311884521 5.765650817557289 -42.81714101984576
  endloop
endfacet
facet normal 0.40083 0.13151 -0.906664
  outer loop
    vertex 11.6398826671932 4.340640805995765 -42.67523801804234
    vertex 10.68894903649096 2.665605871938639 -43.33859954130402
    vertex 9.742102810123846 4.102353534995705 -43.54879679240032
  endloop
endfacet
facet normal 0.372712 0.19291 -0.907674
  outer loop
    vertex 10.66302311884521 5.765650817557289 -42.81714101984576
    vertex 9.742102810123846 4.102353534995705 -43.54879679240032
    vertex 8.75 5.520043864130642 -43.65487231566471
  endloop
endfacet
facet normal 0.70197 0.680481 0.2102
  outer loop
    vertex 8.75 10.84085401522702 -41.66389999646231
    vertex 11.74216121206843 7.497217207021511 -40.83194999823115
    vertex 10.93025828739512 8.638059362512751 -41.81382630745138
  endloop
endfacet
facet normal 0.872897 0.440304 -0.2102
  outer loop
    vertex 11.74216121206843 7.497217207021511 -40.83194999823115
    vertex 13.10913515830181 4.715632638452577 -40.98187630922022
    vertex 10.93025828739512 8.638059362512751 -41.81382630745138
  endloop
endfacet
facet normal 0.881866 0.422052 0.2102
  outer loop
    vertex 11.74216121206843 7.497217207021511 -40.83194999823115
    vertex 13.51628800599579 3.37588126545322 -40
    vertex 13.10913515830181 4.715632638452577 -40.98187630922022
  endloop
endfacet
facet normal 0.835045 0.508444 0.2102
  outer loop
    vertex 10.93025828739512 8.638059362512751 -41.81382630745138
    vertex 13.10913515830181 4.715632638452577 -40.98187630922022
    vertex 12.56955084251063 6.007745616868611 -41.96375261844044
  endloop
endfacet
facet normal -0.70197 0.680481 -0.2102
  outer loop
    vertex -8.75 10.84085401522702 -38.33610000353769
    vertex -11.74216121206761 7.497217207022796 -39.16805000176885
    vertex -10.93025828739511 8.638059362512767 -38.18617369254862
  endloop
endfacet
facet normal -0.872897 0.440304 0.2102
  outer loop
    vertex -11.74216121206761 7.497217207022796 -39.16805000176885
    vertex -13.10913515830128 4.715632638454037 -39.01812369077977
    vertex -10.93025828739511 8.638059362512767 -38.18617369254862
  endloop
endfacet
facet normal -0.881866 0.422052 -0.2102
  outer loop
    vertex -11.74216121206761 7.497217207022796 -39.16805000176885
    vertex -13.51628800599505 3.375881265456181 -40
    vertex -13.10913515830128 4.715632638454037 -39.01812369077977
  endloop
endfacet
facet normal -0.835045 0.508444 -0.2102
  outer loop
    vertex -10.93025828739511 8.638059362512767 -38.18617369254862
    vertex -13.10913515830128 4.715632638454037 -39.01812369077977
    vertex -12.56955084251062 6.00774561686865 -38.03624738155955
  endloop
endfacet
facet normal 0.878352 0.461488 -0.124608
  outer loop
    vertex 12.56955084251063 6.007745616868611 -38.03624738155955
    vertex 13.10913515830181 4.715632638452577 -39.01812369077977
    vertex 10.93025828739512 8.638059362512751 -39.85007368901093
  endloop
endfacet
facet normal 0.855913 0.501882 0.124608
  outer loop
    vertex 13.10913515830181 4.715632638452577 -39.01812369077977
    vertex 11.74216121206843 7.497217207021511 -40.83194999823115
    vertex 10.93025828739512 8.638059362512751 -39.85007368901093
  endloop
endfacet
facet normal 0.920241 0.370985 -0.124608
  outer loop
    vertex 13.10913515830181 4.715632638452577 -39.01812369077977
    vertex 13.51628800599579 3.37588126545322 -40
    vertex 11.74216121206843 7.497217207021511 -40.83194999823115
  endloop
endfacet
facet normal 0.754586 0.644261 -0.124608
  outer loop
    vertex 10.93025828739512 8.638059362512751 -39.85007368901093
    vertex 11.74216121206843 7.497217207021511 -40.83194999823115
    vertex 8.75 10.84085401522702 -41.66389999646231
  endloop
endfacet
facet normal -0.878352 0.461488 0.124608
  outer loop
    vertex -12.56955084251062 6.00774561686865 -41.96375261844044
    vertex -13.10913515830128 4.715632638454037 -40.98187630922022
    vertex -10.93025828739511 8.638059362512767 -40.14992631098906
  endloop
endfacet
facet normal -0.855913 0.501882 -0.124608
  outer loop
    vertex -13.10913515830128 4.715632638454037 -40.98187630922022
    vertex -11.74216121206761 7.497217207022796 -39.16805000176885
    vertex -10.93025828739511 8.638059362512767 -40.14992631098906
  endloop
endfacet
facet normal -0.920241 0.370985 0.124608
  outer loop
    vertex -13.10913515830128 4.715632638454037 -40.98187630922022
    vertex -13.51628800599505 3.375881265456181 -40
    vertex -11.74216121206761 7.497217207022796 -39.16805000176885
  endloop
endfacet
facet normal -0.754586 0.644261 0.124608
  outer loop
    vertex -10.93025828739511 8.638059362512767 -40.14992631098906
    vertex -11.74216121206761 7.497217207022796 -39.16805000176885
    vertex -8.75 10.84085401522702 -38.33610000353769
  endloop
endfacet
facet normal -0.286622 0.957125 0.0419514
  outer loop
    vertex -2.685447266928672 13.67022270323381 -38.03624738155955
    vertex -4.668143623207921 13.12612093851672 -39.16876599205519
    vertex -5.270167523776211 12.89619905440352 -38.03624738155955
  endloop
endfacet
facet normal -0.424367 0.904518 -0.0419514
  outer loop
    vertex -4.668143623207921 13.12612093851672 -39.16876599205519
    vertex -7.110798410463512 11.98011526427076 -39.16876599205519
    vertex -5.270167523776211 12.89619905440352 -38.03624738155955
  endloop
endfacet
facet normal -0.424367 0.904518 0.0419514
  outer loop
    vertex -4.668143623207921 13.12612093851672 -39.16876599205519
    vertex -6.549169613341403 12.29613732662211 -40.30128460255083
    vertex -7.110798410463512 11.98011526427076 -39.16876599205519
  endloop
endfacet
facet normal -0.465743 0.883925 0.0419514
  outer loop
    vertex -5.270167523776211 12.89619905440352 -38.03624738155955
    vertex -7.110798410463512 11.98011526427076 -39.16876599205519
    vertex -7.657211876190922 11.63845874944722 -38.03624738155955
  endloop
endfacet
facet normal 0.286622 0.957125 -0.0419514
  outer loop
    vertex 2.685447266928722 13.6702227032338 -41.96375261844044
    vertex 4.668143623207949 13.12612093851671 -40.8312340079448
    vertex 5.27016752377626 12.8961990544035 -41.96375261844044
  endloop
endfacet
facet normal 0.424367 0.904518 0.0419514
  outer loop
    vertex 4.668143623207949 13.12612093851671 -40.8312340079448
    vertex 7.110798410463537 11.98011526427075 -40.8312340079448
    vertex 5.27016752377626 12.8961990544035 -41.96375261844044
  endloop
endfacet
facet normal 0.424367 0.904518 -0.0419514
  outer loop
    vertex 4.668143623207949 13.12612093851671 -40.8312340079448
    vertex 6.54916961334141 12.2961373266221 -39.69871539744916
    vertex 7.110798410463537 11.98011526427075 -40.8312340079448
  endloop
endfacet
facet normal 0.465743 0.883925 -0.0419514
  outer loop
    vertex 5.27016752377626 12.8961990544035 -41.96375261844044
    vertex 7.110798410463537 11.98011526427075 -40.8312340079448
    vertex 7.657211876190971 11.63845874944719 -41.96375261844044
  endloop
endfacet
facet normal 0.465392 0.88326 0.0571139
  outer loop
    vertex 7.657211876190923 11.63845874944722 -38.03624738155955
    vertex 7.110798410463514 11.98011526427076 -38.86748138950436
    vertex 5.270167523776227 12.89619905440352 -38.03624738155955
  endloop
endfacet
facet normal 0.424048 0.903837 -0.0571139
  outer loop
    vertex 7.110798410463514 11.98011526427076 -38.86748138950436
    vertex 4.668143623207939 13.12612093851671 -38.86748138950436
    vertex 5.270167523776227 12.89619905440352 -38.03624738155955
  endloop
endfacet
facet normal 0.424048 0.903837 0.0571139
  outer loop
    vertex 7.110798410463514 11.98011526427076 -38.86748138950436
    vertex 6.54916961334141 12.2961373266221 -39.69871539744916
    vertex 4.668143623207939 13.12612093851671 -38.86748138950436
  endloop
endfacet
facet normal 0.286406 0.956404 0.0571139
  outer loop
    vertex 5.270167523776227 12.89619905440352 -38.03624738155955
    vertex 4.668143623207939 13.12612093851671 -38.86748138950436
    vertex 2.685447266928704 13.6702227032338 -38.03624738155955
  endloop
endfacet
facet normal -0.465392 0.88326 -0.0571139
  outer loop
    vertex -7.657211876190972 11.63845874944719 -41.96375261844044
    vertex -7.110798410463532 11.98011526427075 -41.13251861049564
    vertex -5.270167523776248 12.89619905440351 -41.96375261844044
  endloop
endfacet
facet normal -0.424048 0.903837 0.0571139
  outer loop
    vertex -7.110798410463532 11.98011526427075 -41.13251861049564
    vertex -4.668143623207933 13.12612093851672 -41.13251861049564
    vertex -5.270167523776248 12.89619905440351 -41.96375261844044
  endloop
endfacet
facet normal -0.424048 0.903837 -0.0571139
  outer loop
    vertex -7.110798410463532 11.98011526427075 -41.13251861049564
    vertex -6.549169613341403 12.29613732662211 -40.30128460255083
    vertex -4.668143623207933 13.12612093851672 -41.13251861049564
  endloop
endfacet
facet normal -0.286406 0.956404 -0.0571139
  outer loop
    vertex -5.270167523776248 12.89619905440351 -41.96375261844044
    vertex -4.668143623207933 13.12612093851672 -41.13251861049564
    vertex -2.685447266928693 13.67022270323381 -41.96375261844044
  endloop
endfacet
facet normal -0.590482 0.807051 -6.30391e-16
  outer loop
    vertex -8.75 10.84085401522702 -38.33610000353769
    vertex -7.684114138503769 11.6207145084074 -39.31869230304426
    vertex -8.749999999999998 10.84085401522702 -40
  endloop
endfacet
facet normal -0.590482 0.807051 0
  outer loop
    vertex -7.684114138503769 11.6207145084074 -39.31869230304426
    vertex -7.684114138503769 11.6207145084074 -40.98259229950657
    vertex -8.749999999999998 10.84085401522702 -40
  endloop
endfacet
facet normal -0.511406 0.859339 0
  outer loop
    vertex -7.684114138503769 11.6207145084074 -39.31869230304426
    vertex -6.549169613341403 12.29613732662211 -40.30128460255083
    vertex -7.684114138503769 11.6207145084074 -40.98259229950657
  endloop
endfacet
facet normal -0.590482 0.807051 1.49199e-15
  outer loop
    vertex -8.749999999999998 10.84085401522702 -40
    vertex -7.684114138503769 11.6207145084074 -40.98259229950657
    vertex -8.75 10.84085401522702 -41.66389999646231
  endloop
endfacet
facet normal 0.590482 0.807051 8.61596e-16
  outer loop
    vertex 8.75 10.84085401522702 -41.66389999646231
    vertex 7.68411413850377 11.6207145084074 -40.68130769695574
    vertex 8.75 10.84085401522702 -40
  endloop
endfacet
facet normal 0.590482 0.807051 -0
  outer loop
    vertex 7.68411413850377 11.6207145084074 -40.68130769695574
    vertex 7.68411413850377 11.6207145084074 -39.01740770049342
    vertex 8.75 10.84085401522702 -40
  endloop
endfacet
facet normal 0.511406 0.859339 -0
  outer loop
    vertex 7.68411413850377 11.6207145084074 -40.68130769695574
    vertex 6.54916961334141 12.2961373266221 -39.69871539744916
    vertex 7.68411413850377 11.6207145084074 -39.01740770049342
  endloop
endfacet
facet normal 0.590482 0.807051 -0
  outer loop
    vertex 8.75 10.84085401522702 -40
    vertex 7.68411413850377 11.6207145084074 -39.01740770049342
    vertex 8.75 10.84085401522702 -38.33610000353769
  endloop
endfacet
facet normal -0.264641 0.964347 3.24613e-16
  outer loop
    vertex -2.685447266928693 13.67022270323381 -41.96375261844044
    vertex -4.668143623207933 13.12612093851672 -41.13251861049564
    vertex -2.685447266928684 13.67022270323381 -40
  endloop
endfacet
facet normal -0.264641 0.964347 -6.89343e-17
  outer loop
    vertex -4.668143623207933 13.12612093851672 -41.13251861049564
    vertex -4.668143623207921 13.12612093851672 -39.16876599205519
    vertex -2.685447266928684 13.67022270323381 -40
  endloop
endfacet
facet normal -0.403689 0.914896 9.0098e-16
  outer loop
    vertex -4.668143623207933 13.12612093851672 -41.13251861049564
    vertex -6.549169613341403 12.29613732662211 -40.30128460255083
    vertex -4.668143623207921 13.12612093851672 -39.16876599205519
  endloop
endfacet
facet normal -0.264641 0.964347 -6.89343e-17
  outer loop
    vertex -2.685447266928684 13.67022270323381 -40
    vertex -4.668143623207921 13.12612093851672 -39.16876599205519
    vertex -2.685447266928672 13.67022270323381 -38.03624738155955
  endloop
endfacet
facet normal 0.264641 0.964347 1.25678e-15
  outer loop
    vertex 2.685447266928704 13.6702227032338 -38.03624738155955
    vertex 4.668143623207939 13.12612093851671 -38.86748138950436
    vertex 2.685447266928713 13.6702227032338 -40
  endloop
endfacet
facet normal 0.264641 0.964347 4.44307e-16
  outer loop
    vertex 4.668143623207939 13.12612093851671 -38.86748138950436
    vertex 4.668143623207949 13.12612093851671 -40.8312340079448
    vertex 2.685447266928713 13.6702227032338 -40
  endloop
endfacet
facet normal 0.403689 0.914896 1.18082e-15
  outer loop
    vertex 4.668143623207939 13.12612093851671 -38.86748138950436
    vertex 6.54916961334141 12.2961373266221 -39.69871539744916
    vertex 4.668143623207949 13.12612093851671 -40.8312340079448
  endloop
endfacet
facet normal 0.264641 0.964347 -5.47708e-16
  outer loop
    vertex 2.685447266928713 13.6702227032338 -40
    vertex 4.668143623207949 13.12612093851671 -40.8312340079448
    vertex 2.685447266928722 13.6702227032338 -41.96375261844044
  endloop
endfacet
facet normal 0.941037 0.326957 -0.0868775
  outer loop
    vertex 12.56955084251063 6.007745616868611 -41.96375261844044
    vertex 13.10913515830181 4.715632638452577 -40.98187630922022
    vertex 13.58674498996218 3.080093563059644 -41.96375261844044
  endloop
endfacet
facet normal 0.969105 0.230842 0.0868775
  outer loop
    vertex 13.10913515830181 4.715632638452577 -40.98187630922022
    vertex 13.8273053238742 1.700659654317684 -40.98187630922022
    vertex 13.58674498996218 3.080093563059644 -41.96375261844044
  endloop
endfacet
facet normal 0.969105 0.230842 -0.0868775
  outer loop
    vertex 13.10913515830181 4.715632638452577 -40.98187630922022
    vertex 13.51628800599579 3.37588126545322 -40
    vertex 13.8273053238742 1.700659654317684 -40.98187630922022
  endloop
endfacet
facet normal 0.990037 0.110814 -0.0868775
  outer loop
    vertex 13.58674498996218 3.080093563059644 -41.96375261844044
    vertex 13.8273053238742 1.700659654317684 -40.98187630922022
    vertex 13.93149725548061 0 -41.96375261844044
  endloop
endfacet
facet normal 0.990037 0.110814 0.0868775
  outer loop
    vertex 13.93149725548061 0 -38.03624738155955
    vertex 13.8273053238742 1.700659654317684 -39.01812369077977
    vertex 13.58674498996218 3.080093563059644 -38.03624738155955
  endloop
endfacet
facet normal 0.969105 0.230842 -0.0868775
  outer loop
    vertex 13.8273053238742 1.700659654317684 -39.01812369077977
    vertex 13.10913515830181 4.715632638452577 -39.01812369077977
    vertex 13.58674498996218 3.080093563059644 -38.03624738155955
  endloop
endfacet
facet normal 0.969105 0.230842 0.0868775
  outer loop
    vertex 13.8273053238742 1.700659654317684 -39.01812369077977
    vertex 13.51628800599579 3.37588126545322 -40
    vertex 13.10913515830181 4.715632638452577 -39.01812369077977
  endloop
endfacet
facet normal 0.941037 0.326957 0.0868775
  outer loop
    vertex 13.58674498996218 3.080093563059644 -38.03624738155955
    vertex 13.10913515830181 4.715632638452577 -39.01812369077977
    vertex 12.56955084251063 6.007745616868611 -38.03624738155955
  endloop
endfacet
facet normal -0.990037 0.110814 -0.0868775
  outer loop
    vertex -13.93149725548061 1.706116352125447e-15 -41.96375261844044
    vertex -13.82730532387402 1.700659654319203 -40.98187630922022
    vertex -13.58674498996217 3.080093563059665 -41.96375261844044
  endloop
endfacet
facet normal -0.969105 0.230842 0.0868775
  outer loop
    vertex -13.82730532387402 1.700659654319203 -40.98187630922022
    vertex -13.10913515830128 4.715632638454037 -40.98187630922022
    vertex -13.58674498996217 3.080093563059665 -41.96375261844044
  endloop
endfacet
facet normal -0.969105 0.230842 -0.0868775
  outer loop
    vertex -13.82730532387402 1.700659654319203 -40.98187630922022
    vertex -13.51628800599505 3.375881265456181 -40
    vertex -13.10913515830128 4.715632638454037 -40.98187630922022
  endloop
endfacet
facet normal -0.941037 0.326957 -0.0868775
  outer loop
    vertex -13.58674498996217 3.080093563059665 -41.96375261844044
    vertex -13.10913515830128 4.715632638454037 -40.98187630922022
    vertex -12.56955084251062 6.00774561686865 -41.96375261844044
  endloop
endfacet
facet normal -0.941037 0.326957 0.0868775
  outer loop
    vertex -12.56955084251062 6.00774561686865 -38.03624738155955
    vertex -13.10913515830128 4.715632638454037 -39.01812369077977
    vertex -13.58674498996217 3.080093563059665 -38.03624738155955
  endloop
endfacet
facet normal -0.969105 0.230842 -0.0868775
  outer loop
    vertex -13.10913515830128 4.715632638454037 -39.01812369077977
    vertex -13.82730532387402 1.700659654319203 -39.01812369077977
    vertex -13.58674498996217 3.080093563059665 -38.03624738155955
  endloop
endfacet
facet normal -0.969105 0.230842 0.0868775
  outer loop
    vertex -13.10913515830128 4.715632638454037 -39.01812369077977
    vertex -13.51628800599505 3.375881265456181 -40
    vertex -13.82730532387402 1.700659654319203 -39.01812369077977
  endloop
endfacet
facet normal -0.990037 0.110814 0.0868775
  outer loop
    vertex -13.58674498996217 3.080093563059665 -38.03624738155955
    vertex -13.82730532387402 1.700659654319203 -39.01812369077977
    vertex -13.93149725548061 1.706116352125447e-15 -38.03624738155955
  endloop
endfacet
facet normal 0.0966185 0.99307 0.0669151
  outer loop
    vertex 2.685447266928704 13.6702227032338 -38.03624738155955
    vertex 1.349063695225943 13.86602477012381 -39.01249514911046
    vertex 1.632012719659947e-14 13.93149725548061 -38.03624738155955
  endloop
endfacet
facet normal 1.31378e-15 0.997759 -0.0669151
  outer loop
    vertex 1.349063695225943 13.86602477012381 -39.01249514911046
    vertex -1.34906369522591 13.86602477012381 -39.01249514911046
    vertex 1.632012719659947e-14 13.93149725548061 -38.03624738155955
  endloop
endfacet
facet normal 1.31378e-15 0.997759 0.0669151
  outer loop
    vertex 1.349063695225943 13.86602477012381 -39.01249514911046
    vertex 1.322671339249212e-14 13.93149725548061 -39.98874291666136
    vertex -1.34906369522591 13.86602477012381 -39.01249514911046
  endloop
endfacet
facet normal -0.0966185 0.99307 0.0669151
  outer loop
    vertex 1.632012719659947e-14 13.93149725548061 -38.03624738155955
    vertex -1.34906369522591 13.86602477012381 -39.01249514911046
    vertex -2.685447266928672 13.67022270323381 -38.03624738155955
  endloop
endfacet
facet normal -0.0966234 0.99312 -0.0661557
  outer loop
    vertex -2.685447266928693 13.67022270323381 -41.96375261844044
    vertex -1.349063695225923 13.86602477012381 -40.9762477675509
    vertex 1.322671339249212e-14 13.93149725548061 -41.96375261844044
  endloop
endfacet
facet normal 1.31385e-15 0.997809 0.0661557
  outer loop
    vertex -1.349063695225923 13.86602477012381 -40.9762477675509
    vertex 1.349063695225952 13.86602477012381 -40.9762477675509
    vertex 1.322671339249212e-14 13.93149725548061 -41.96375261844044
  endloop
endfacet
facet normal 1.31385e-15 0.997809 -0.0661557
  outer loop
    vertex -1.349063695225923 13.86602477012381 -40.9762477675509
    vertex 1.322671339249212e-14 13.93149725548061 -39.98874291666136
    vertex 1.349063695225952 13.86602477012381 -40.9762477675509
  endloop
endfacet
facet normal 0.0966234 0.99312 -0.0661557
  outer loop
    vertex 1.322671339249212e-14 13.93149725548061 -41.96375261844044
    vertex 1.349063695225952 13.86602477012381 -40.9762477675509
    vertex 2.685447266928722 13.6702227032338 -41.96375261844044
  endloop
endfacet
facet normal -0.998129 0.0611509 0
  outer loop
    vertex -13.93149725548061 1.706116352125447e-15 -38.03624738155955
    vertex -13.82730532387402 1.700659654319203 -39.01812369077977
    vertex -13.93149725548061 1.706116352125447e-15 -39.99999999999999
  endloop
endfacet
facet normal -0.998129 0.0611509 0
  outer loop
    vertex -13.82730532387402 1.700659654319203 -39.01812369077977
    vertex -13.82730532387402 1.700659654319203 -40.98187630922022
    vertex -13.93149725548061 1.706116352125447e-15 -39.99999999999999
  endloop
endfacet
facet normal -0.983199 0.182538 0
  outer loop
    vertex -13.82730532387402 1.700659654319203 -39.01812369077977
    vertex -13.51628800599505 3.375881265456181 -40
    vertex -13.82730532387402 1.700659654319203 -40.98187630922022
  endloop
endfacet
facet normal -0.998129 0.0611509 0
  outer loop
    vertex -13.93149725548061 1.706116352125447e-15 -39.99999999999999
    vertex -13.82730532387402 1.700659654319203 -40.98187630922022
    vertex -13.93149725548061 1.706116352125447e-15 -41.96375261844044
  endloop
endfacet
facet normal 0.998129 0.0611509 -0
  outer loop
    vertex 13.93149725548061 0 -41.96375261844044
    vertex 13.8273053238742 1.700659654317684 -40.98187630922022
    vertex 13.93149725548061 0 -39.99999999999999
  endloop
endfacet
facet normal 0.998129 0.0611509 -0
  outer loop
    vertex 13.8273053238742 1.700659654317684 -40.98187630922022
    vertex 13.8273053238742 1.700659654317684 -39.01812369077977
    vertex 13.93149725548061 0 -39.99999999999999
  endloop
endfacet
facet normal 0.983199 0.182538 -0
  outer loop
    vertex 13.8273053238742 1.700659654317684 -40.98187630922022
    vertex 13.51628800599579 3.37588126545322 -40
    vertex 13.8273053238742 1.700659654317684 -39.01812369077977
  endloop
endfacet
facet normal 0.998129 0.0611509 -0
  outer loop
    vertex 13.93149725548061 0 -39.99999999999999
    vertex 13.8273053238742 1.700659654317684 -39.01812369077977
    vertex 13.93149725548061 0 -38.03624738155955
  endloop
endfacet
facet normal -0.144969 0.989436 -8.72091e-16
  outer loop
    vertex -2.685447266928672 13.67022270323381 -38.03624738155955
    vertex -1.34906369522591 13.86602477012381 -39.01249514911046
    vertex -2.685447266928684 13.67022270323381 -40
  endloop
endfacet
facet normal -0.144969 0.989436 9.17942e-16
  outer loop
    vertex -1.34906369522591 13.86602477012381 -39.01249514911046
    vertex -1.349063695225923 13.86602477012381 -40.9762477675509
    vertex -2.685447266928684 13.67022270323381 -40
  endloop
endfacet
facet normal -0.0484747 0.998824 3.06942e-16
  outer loop
    vertex -1.34906369522591 13.86602477012381 -39.01249514911046
    vertex 1.322671339249212e-14 13.93149725548061 -39.98874291666136
    vertex -1.349063695225923 13.86602477012381 -40.9762477675509
  endloop
endfacet
facet normal -0.144969 0.989436 -2.39344e-16
  outer loop
    vertex -2.685447266928684 13.67022270323381 -40
    vertex -1.349063695225923 13.86602477012381 -40.9762477675509
    vertex -2.685447266928693 13.67022270323381 -41.96375261844044
  endloop
endfacet
facet normal 0.144969 0.989436 -1.13436e-15
  outer loop
    vertex 2.685447266928722 13.6702227032338 -41.96375261844044
    vertex 1.349063695225952 13.86602477012381 -40.9762477675509
    vertex 2.685447266928713 13.6702227032338 -40
  endloop
endfacet
facet normal 0.144969 0.989436 6.72065e-16
  outer loop
    vertex 1.349063695225952 13.86602477012381 -40.9762477675509
    vertex 1.349063695225943 13.86602477012381 -39.01249514911046
    vertex 2.685447266928713 13.6702227032338 -40
  endloop
endfacet
facet normal 0.0484747 0.998824 2.24726e-16
  outer loop
    vertex 1.349063695225952 13.86602477012381 -40.9762477675509
    vertex 1.322671339249212e-14 13.93149725548061 -39.98874291666136
    vertex 1.349063695225943 13.86602477012381 -39.01249514911046
  endloop
endfacet
facet normal 0.144969 0.989436 6.88457e-16
  outer loop
    vertex 2.685447266928713 13.6702227032338 -40
    vertex 1.349063695225943 13.86602477012381 -39.01249514911046
    vertex 2.685447266928704 13.6702227032338 -38.03624738155955
  endloop
endfacet
facet normal 0.565383 0.824478 0.0240566
  outer loop
    vertex 7.657211876190971 11.63845874944719 -41.96375261844044
    vertex 7.110798410463537 11.98011526427075 -40.8312340079448
    vertex 8.214144651965208 11.25230835944586 -41.81858270914573
  endloop
endfacet
facet normal 0.535474 0.844213 -0.0239128
  outer loop
    vertex 7.110798410463537 11.98011526427075 -40.8312340079448
    vertex 7.68411413850377 11.6207145084074 -40.68130769695574
    vertex 8.214144651965208 11.25230835944586 -41.81858270914573
  endloop
endfacet
facet normal 0.526489 0.849845 0.0239481
  outer loop
    vertex 7.110798410463537 11.98011526427075 -40.8312340079448
    vertex 6.54916961334141 12.2961373266221 -39.69871539744916
    vertex 7.68411413850377 11.6207145084074 -40.68130769695574
  endloop
endfacet
facet normal 0.604516 0.796237 0.0238052
  outer loop
    vertex 8.214144651965208 11.25230835944586 -41.81858270914573
    vertex 7.68411413850377 11.6207145084074 -40.68130769695574
    vertex 8.75 10.84085401522702 -41.66389999646231
  endloop
endfacet
facet normal -0.565383 0.824478 -0.0240566
  outer loop
    vertex -7.657211876190922 11.63845874944722 -38.03624738155955
    vertex -7.110798410463512 11.98011526427076 -39.16876599205519
    vertex -8.214144651965194 11.25230835944587 -38.18141729085427
  endloop
endfacet
facet normal -0.535474 0.844213 0.0239128
  outer loop
    vertex -7.110798410463512 11.98011526427076 -39.16876599205519
    vertex -7.684114138503769 11.6207145084074 -39.31869230304426
    vertex -8.214144651965194 11.25230835944587 -38.18141729085427
  endloop
endfacet
facet normal -0.526489 0.849845 -0.0239481
  outer loop
    vertex -7.110798410463512 11.98011526427076 -39.16876599205519
    vertex -6.549169613341403 12.29613732662211 -40.30128460255083
    vertex -7.684114138503769 11.6207145084074 -39.31869230304426
  endloop
endfacet
facet normal -0.604516 0.796237 -0.0238052
  outer loop
    vertex -8.214144651965194 11.25230835944587 -38.18141729085427
    vertex -7.684114138503769 11.6207145084074 -39.31869230304426
    vertex -8.75 10.84085401522702 -38.33610000353769
  endloop
endfacet
facet normal 0.603065 0.797086 -0.0310903
  outer loop
    vertex 8.75 10.84085401522702 -38.33610000353769
    vertex 7.68411413850377 11.6207145084074 -39.01740770049342
    vertex 8.214144651965189 11.25230835944588 -38.18141729085427
  endloop
endfacet
facet normal 0.536742 0.843167 0.0312664
  outer loop
    vertex 7.68411413850377 11.6207145084074 -39.01740770049342
    vertex 7.110798410463514 11.98011526427076 -38.86748138950436
    vertex 8.214144651965189 11.25230835944588 -38.18141729085427
  endloop
endfacet
facet normal 0.524985 0.850534 -0.0313502
  outer loop
    vertex 7.68411413850377 11.6207145084074 -39.01740770049342
    vertex 6.54916961334141 12.2961373266221 -39.69871539744916
    vertex 7.110798410463514 11.98011526427076 -38.86748138950436
  endloop
endfacet
facet normal 0.563944 0.825211 -0.0315285
  outer loop
    vertex 8.214144651965189 11.25230835944588 -38.18141729085427
    vertex 7.110798410463514 11.98011526427076 -38.86748138950436
    vertex 7.657211876190923 11.63845874944722 -38.03624738155955
  endloop
endfacet
facet normal -0.603065 0.797086 0.0310903
  outer loop
    vertex -8.75 10.84085401522702 -41.66389999646231
    vertex -7.684114138503769 11.6207145084074 -40.98259229950657
    vertex -8.214144651965205 11.25230835944586 -41.81858270914573
  endloop
endfacet
facet normal -0.536742 0.843167 -0.0312664
  outer loop
    vertex -7.684114138503769 11.6207145084074 -40.98259229950657
    vertex -7.110798410463532 11.98011526427075 -41.13251861049564
    vertex -8.214144651965205 11.25230835944586 -41.81858270914573
  endloop
endfacet
facet normal -0.524985 0.850534 0.0313502
  outer loop
    vertex -7.684114138503769 11.6207145084074 -40.98259229950657
    vertex -6.549169613341403 12.29613732662211 -40.30128460255083
    vertex -7.110798410463532 11.98011526427075 -41.13251861049564
  endloop
endfacet
facet normal -0.563944 0.825211 0.0315285
  outer loop
    vertex -8.214144651965205 11.25230835944586 -41.81858270914573
    vertex -7.110798410463532 11.98011526427075 -41.13251861049564
    vertex -7.657211876190972 11.63845874944719 -41.96375261844044
  endloop
endfacet
facet normal 0.848672 0.528919 0
  outer loop
    vertex 12.56955084251063 6.007745616868611 -41.96375261844044
    vertex 10.93025828739512 8.638059362512751 -41.96375261844044
    vertex 10.93025828739512 8.638059362512751 -41.81382630745138
  endloop
endfacet
facet normal 0.710733 0.703462 -0
  outer loop
    vertex 10.93025828739512 8.638059362512751 -41.96375261844044
    vertex 8.75 10.84085401522702 -41.81382660745138
    vertex 10.93025828739512 8.638059362512751 -41.81382630745138
  endloop
endfacet
facet normal 0.710733 0.703462 0
  outer loop
    vertex 10.93025828739512 8.638059362512751 -41.96375261844044
    vertex 8.75 10.84085401522702 -41.96375261844044
    vertex 8.75 10.84085401522702 -41.81382660745138
  endloop
endfacet
facet normal 0.710733 0.703462 -9.55705e-15
  outer loop
    vertex 10.93025828739512 8.638059362512751 -41.81382630745138
    vertex 8.75 10.84085401522702 -41.81382660745138
    vertex 8.75 10.84085401522702 -41.66389999646231
  endloop
endfacet
facet normal 0.848672 0.528919 0
  outer loop
    vertex 12.56955084251063 6.007745616868611 -38.03624738155955
    vertex 10.93025828739512 8.638059362512751 -38.18617369254862
    vertex 10.93025828739512 8.638059362512751 -38.03624738155955
  endloop
endfacet
facet normal 0.710733 0.703462 -0
  outer loop
    vertex 10.93025828739512 8.638059362512751 -38.18617369254862
    vertex 8.75 10.84085401522702 -38.18617369254862
    vertex 10.93025828739512 8.638059362512751 -38.03624738155955
  endloop
endfacet
facet normal 0.710733 0.703462 0
  outer loop
    vertex 10.93025828739512 8.638059362512751 -38.18617369254862
    vertex 8.75 10.84085401522702 -38.33610000353769
    vertex 8.75 10.84085401522702 -38.18617369254862
  endloop
endfacet
facet normal 0.710733 0.703462 0
  outer loop
    vertex 10.93025828739512 8.638059362512751 -38.03624738155955
    vertex 8.75 10.84085401522702 -38.18617369254862
    vertex 8.75 10.84085401522702 -38.03624738155955
  endloop
endfacet
facet normal 0.710733 0.703462 0
  outer loop
    vertex 8.75 10.84085401522702 -38.33610000353769
    vertex 10.93025828739512 8.638059362512751 -38.18617369254862
    vertex 8.75 10.84085401522702 -40
  endloop
endfacet
facet normal 0.710733 0.703462 0
  outer loop
    vertex 10.93025828739512 8.638059362512751 -38.18617369254862
    vertex 10.93025828739512 8.638059362512751 -39.85007368901093
    vertex 8.75 10.84085401522702 -40
  endloop
endfacet
facet normal 0.848672 0.528919 0
  outer loop
    vertex 10.93025828739512 8.638059362512751 -38.18617369254862
    vertex 12.56955084251063 6.007745616868611 -38.03624738155955
    vertex 10.93025828739512 8.638059362512751 -39.85007368901093
  endloop
endfacet
facet normal 0.710733 0.703462 7.51006e-16
  outer loop
    vertex 8.75 10.84085401522702 -40
    vertex 10.93025828739512 8.638059362512751 -39.85007368901093
    vertex 8.75 10.84085401522702 -41.66389999646231
  endloop
endfacet
facet normal -0.710733 0.703462 0
  outer loop
    vertex -8.75 10.84085401522702 -38.33610000353769
    vertex -10.93025828739511 8.638059362512767 -38.18617369254862
    vertex -8.75 10.84085401522702 -38.18617369254862
  endloop
endfacet
facet normal -0.710733 0.703462 8.59321e-15
  outer loop
    vertex -10.93025828739511 8.638059362512767 -38.18617369254862
    vertex -10.9302582873951 8.63805936251277 -38.03624738155955
    vertex -8.75 10.84085401522702 -38.18617369254862
  endloop
endfacet
facet normal -0.848672 0.528919 1.76322e-14
  outer loop
    vertex -10.93025828739511 8.638059362512767 -38.18617369254862
    vertex -12.56955084251062 6.00774561686865 -38.03624738155955
    vertex -10.9302582873951 8.63805936251277 -38.03624738155955
  endloop
endfacet
facet normal -0.710733 0.703462 8.42091e-15
  outer loop
    vertex -8.75 10.84085401522702 -38.18617369254862
    vertex -10.9302582873951 8.63805936251277 -38.03624738155955
    vertex -8.749999999999998 10.84085401522702 -38.03624738155955
  endloop
endfacet
facet normal -0.848672 0.528919 0
  outer loop
    vertex -12.56955084251062 6.00774561686865 -41.96375261844044
    vertex -10.93025828739511 8.638059362512767 -40.14992631098906
    vertex -10.93025828739511 8.638059362512767 -41.81382630745138
  endloop
endfacet
facet normal -0.710733 0.703462 0
  outer loop
    vertex -10.93025828739511 8.638059362512767 -40.14992631098906
    vertex -8.749999999999998 10.84085401522702 -40
    vertex -10.93025828739511 8.638059362512767 -41.81382630745138
  endloop
endfacet
facet normal -0.710733 0.703462 -8.61144e-16
  outer loop
    vertex -10.93025828739511 8.638059362512767 -40.14992631098906
    vertex -8.75 10.84085401522702 -38.33610000353769
    vertex -8.749999999999998 10.84085401522702 -40
  endloop
endfacet
facet normal -0.710733 0.703462 1.55006e-15
  outer loop
    vertex -10.93025828739511 8.638059362512767 -41.81382630745138
    vertex -8.749999999999998 10.84085401522702 -40
    vertex -8.75 10.84085401522702 -41.66389999646231
  endloop
endfacet
facet normal -0.710733 0.703462 -8.42092e-15
  outer loop
    vertex -8.749999999999998 10.84085401522702 -41.96375261844044
    vertex -10.9302582873951 8.63805936251277 -41.96375261844044
    vertex -8.75 10.84085401522702 -41.81382660745138
  endloop
endfacet
facet normal -0.710733 0.703462 -8.59321e-15
  outer loop
    vertex -10.9302582873951 8.63805936251277 -41.96375261844044
    vertex -10.93025828739511 8.638059362512767 -41.81382630745138
    vertex -8.75 10.84085401522702 -41.81382660745138
  endloop
endfacet
facet normal -0.848672 0.528919 -1.76322e-14
  outer loop
    vertex -10.9302582873951 8.63805936251277 -41.96375261844044
    vertex -12.56955084251062 6.00774561686865 -41.96375261844044
    vertex -10.93025828739511 8.638059362512767 -41.81382630745138
  endloop
endfacet
facet normal -0.710733 0.703462 -8.33474e-15
  outer loop
    vertex -8.75 10.84085401522702 -41.81382660745138
    vertex -10.93025828739511 8.638059362512767 -41.81382630745138
    vertex -8.75 10.84085401522702 -41.66389999646231
  endloop
endfacet
facet normal 0.37266 0.232253 0.898434
  outer loop
    vertex 12.56955084251063 6.007745616868611 -38.03624738155955
    vertex 10.93025828739512 8.638059362512751 -38.03624738155955
    vertex 10.66302311884521 5.765650817557294 -37.18285898015423
  endloop
endfacet
facet normal 0.334237 0.239708 0.911496
  outer loop
    vertex 10.93025828739512 8.638059362512751 -38.03624738155955
    vertex 8.75 8.202079329594946 -37.12211199381605
    vertex 10.66302311884521 5.765650817557294 -37.18285898015423
  endloop
endfacet
facet normal 0.313996 0.310783 0.897118
  outer loop
    vertex 10.93025828739512 8.638059362512751 -38.03624738155955
    vertex 8.75 10.84085401522702 -38.03624738155955
    vertex 8.75 8.202079329594946 -37.12211199381605
  endloop
endfacet
facet normal 0.359203 0.259687 0.896402
  outer loop
    vertex 10.66302311884521 5.765650817557294 -37.18285898015423
    vertex 8.75 8.202079329594946 -37.12211199381605
    vertex 8.75 5.520043864130648 -36.34512768433529
  endloop
endfacet
facet normal 0.426839 0.148302 0.892085
  outer loop
    vertex 12.56955084251063 6.007745616868611 -38.03624738155955
    vertex 11.94339319934443 4.274141320086991 -37.44844898172041
    vertex 13.58674498996218 3.080093563059644 -38.03624738155955
  endloop
endfacet
facet normal 0.391752 0.0883279 0.915821
  outer loop
    vertex 11.94339319934443 4.274141320086991 -37.44844898172041
    vertex 12.62453127988551 1.266748798130171 -37.44975970570905
    vertex 13.58674498996218 3.080093563059644 -38.03624738155955
  endloop
endfacet
facet normal 0.446609 0.100764 0.889037
  outer loop
    vertex 11.94339319934443 4.274141320086991 -37.44844898172041
    vertex 11.28977228926649 2.530708837802904 -36.92249949070128
    vertex 12.62453127988551 1.266748798130171 -37.44975970570905
  endloop
endfacet
facet normal 0.449034 0.05026 0.8921
  outer loop
    vertex 13.58674498996218 3.080093563059644 -38.03624738155955
    vertex 12.62453127988551 1.266748798130171 -37.44975970570905
    vertex 13.93149725548061 0 -38.03624738155955
  endloop
endfacet
facet normal 0.393023 0.0671242 0.917075
  outer loop
    vertex 8.75 0 -35.59257397392065
    vertex 10.03080767920708 1.266733637371074 -36.23419508749959
    vertex 8.75 2.782995710769989 -35.7962717511851
  endloop
endfacet
facet normal 0.432515 0.106779 0.895281
  outer loop
    vertex 10.03080767920708 1.266733637371074 -36.23419508749959
    vertex 10.04682992698062 4.036200711912716 -36.57224481973518
    vertex 8.75 2.782995710769989 -35.7962717511851
  endloop
endfacet
facet normal 0.390074 0.109342 0.914268
  outer loop
    vertex 10.03080767920708 1.266733637371074 -36.23419508749959
    vertex 11.28977228926649 2.530708837802904 -36.92249949070128
    vertex 10.04682992698062 4.036200711912716 -36.57224481973518
  endloop
endfacet
facet normal 0.36873 0.18276 0.911393
  outer loop
    vertex 8.75 2.782995710769989 -35.7962717511851
    vertex 10.04682992698062 4.036200711912716 -36.57224481973518
    vertex 8.75 5.520043864130648 -36.34512768433529
  endloop
endfacet
facet normal 0.42646 0.021342 0.904254
  outer loop
    vertex 13.93149725548061 0 -38.03624738155955
    vertex 12.62453127988551 1.266748798130171 -37.44975970570905
    vertex 11.34074862774031 0 -36.81441067774011
  endloop
endfacet
facet normal 0.424241 0.0240798 0.905229
  outer loop
    vertex 12.62453127988551 1.266748798130171 -37.44975970570905
    vertex 10.03080767920708 1.266733637371074 -36.23419508749959
    vertex 11.34074862774031 0 -36.81441067774011
  endloop
endfacet
facet normal 0.423316 0.0702348 0.903256
  outer loop
    vertex 12.62453127988551 1.266748798130171 -37.44975970570905
    vertex 11.28977228926649 2.530708837802904 -36.92249949070128
    vertex 10.03080767920708 1.266733637371074 -36.23419508749959
  endloop
endfacet
facet normal 0.426404 0.0268176 0.904135
  outer loop
    vertex 11.34074862774031 0 -36.81441067774011
    vertex 10.03080767920708 1.266733637371074 -36.23419508749959
    vertex 8.75 0 -35.59257397392065
  endloop
endfacet
facet normal 0.373708 0.187571 0.908383
  outer loop
    vertex 8.75 5.520043864130648 -36.34512768433529
    vertex 10.04682992698062 4.036200711912716 -36.57224481973518
    vertex 10.66302311884521 5.765650817557294 -37.18285898015423
  endloop
endfacet
facet normal 0.394234 0.177874 0.901632
  outer loop
    vertex 10.04682992698062 4.036200711912716 -36.57224481973518
    vertex 11.94339319934443 4.274141320086991 -37.44844898172041
    vertex 10.66302311884521 5.765650817557294 -37.18285898015423
  endloop
endfacet
facet normal 0.403576 0.122239 0.906744
  outer loop
    vertex 10.04682992698062 4.036200711912716 -36.57224481973518
    vertex 11.28977228926649 2.530708837802904 -36.92249949070128
    vertex 11.94339319934443 4.274141320086991 -37.44844898172041
  endloop
endfacet
facet normal 0.38477 0.168711 0.907463
  outer loop
    vertex 10.66302311884521 5.765650817557294 -37.18285898015423
    vertex 11.94339319934443 4.274141320086991 -37.44844898172041
    vertex 12.56955084251063 6.007745616868611 -38.03624738155955
  endloop
endfacet
facet normal 1 0 0
  outer loop
    vertex 8.75 15.42042700761352 -36.61444902731835
    vertex 8.75 12.82349770094721 -35.01846021494475
    vertex 8.75 13.13064051142027 -37.32534820443895
  endloop
endfacet
facet normal 1 0 0
  outer loop
    vertex 8.75 12.82349770094721 -35.01846021494475
    vertex 8.75 10.53371120475396 -35.72935939206536
    vertex 8.75 13.13064051142027 -37.32534820443895
  endloop
endfacet
facet normal 1 0 0
  outer loop
    vertex 8.75 12.82349770094721 -35.01846021494475
    vertex 8.75 10.2265683942809 -33.42247140257116
    vertex 8.75 10.53371120475396 -35.72935939206536
  endloop
endfacet
facet normal 1 0 0
  outer loop
    vertex 8.75 13.13064051142027 -37.32534820443895
    vertex 8.75 10.53371120475396 -35.72935939206536
    vertex 8.75 10.84085401522702 -38.03624738155955
  endloop
endfacet
facet normal 1 0 0
  outer loop
    vertex 8.75 20 -34.89279805109902
    vertex 8.75 17.56747031126755 -32.93748478567085
    vertex 8.75 17.71021350380676 -35.75362353920869
  endloop
endfacet
facet normal 1 0 0
  outer loop
    vertex 8.75 17.56747031126755 -32.93748478567085
    vertex 8.75 15.27768381507431 -33.79831027378051
    vertex 8.75 17.71021350380676 -35.75362353920869
  endloop
endfacet
facet normal 1 0 0
  outer loop
    vertex 8.75 17.56747031126755 -32.93748478567085
    vertex 8.75 15.1349406225351 -30.98217152024267
    vertex 8.75 15.27768381507431 -33.79831027378051
  endloop
endfacet
facet normal 1 0 0
  outer loop
    vertex 8.75 17.71021350380676 -35.75362353920869
    vertex 8.75 15.27768381507431 -33.79831027378051
    vertex 8.75 15.42042700761352 -36.61444902731835
  endloop
endfacet
facet normal 1 0 0
  outer loop
    vertex 8.75 20 -28.51423844087921
    vertex 8.75 17.56747031126755 -29.74820498056093
    vertex 8.75 20 -31.70351824598912
  endloop
endfacet
facet normal 1 0 0
  outer loop
    vertex 8.75 17.56747031126755 -29.74820498056093
    vertex 8.75 17.56747031126755 -32.93748478567085
    vertex 8.75 20 -31.70351824598912
  endloop
endfacet
facet normal 1 0 0
  outer loop
    vertex 8.75 17.56747031126755 -29.74820498056093
    vertex 8.75 15.1349406225351 -30.98217152024267
    vertex 8.75 17.56747031126755 -32.93748478567085
  endloop
endfacet
facet normal 1 0 0
  outer loop
    vertex 8.75 20 -31.70351824598912
    vertex 8.75 17.56747031126755 -32.93748478567085
    vertex 8.75 20 -34.89279805109902
  endloop
endfacet
facet normal 1 0 0
  outer loop
    vertex 8.75 15.42042700761352 -36.61444902731835
    vertex 8.75 15.27768381507431 -33.79831027378051
    vertex 8.75 12.82349770094721 -35.01846021494475
  endloop
endfacet
facet normal 1 0 0
  outer loop
    vertex 8.75 15.27768381507431 -33.79831027378051
    vertex 8.75 12.680754508408 -32.20232146140691
    vertex 8.75 12.82349770094721 -35.01846021494475
  endloop
endfacet
facet normal 1 0 0
  outer loop
    vertex 8.75 15.27768381507431 -33.79831027378051
    vertex 8.75 15.1349406225351 -30.98217152024267
    vertex 8.75 12.680754508408 -32.20232146140691
  endloop
endfacet
facet normal 1 0 0
  outer loop
    vertex 8.75 12.82349770094721 -35.01846021494475
    vertex 8.75 12.680754508408 -32.20232146140691
    vertex 8.75 10.2265683942809 -33.42247140257116
  endloop
endfacet
facet normal 1 0 0
  outer loop
    vertex 8.75 10.84085401522702 -38.03624738155955
    vertex 8.75 10.53371120475396 -35.72935939206536
    vertex 8.75 8.202079329594946 -37.12211199381605
  endloop
endfacet
facet normal 1 0 0
  outer loop
    vertex 8.75 10.53371120475396 -35.72935939206536
    vertex 8.75 7.873306129205774 -34.88379954345322
    vertex 8.75 8.202079329594946 -37.12211199381605
  endloop
endfacet
facet normal 1 0 0
  outer loop
    vertex 8.75 10.53371120475396 -35.72935939206536
    vertex 8.75 10.2265683942809 -33.42247140257116
    vertex 8.75 7.873306129205774 -34.88379954345322
  endloop
endfacet
facet normal 1 0 0
  outer loop
    vertex 8.75 8.202079329594946 -37.12211199381605
    vertex 8.75 7.873306129205774 -34.88379954345322
    vertex 8.75 5.520043864130648 -36.34512768433529
  endloop
endfacet
facet normal 1 0 0
  outer loop
    vertex 8.75 0 -16.03702958956828
    vertex 8.75 2.530875229721887 -14.42559606919018
    vertex 8.75 0 -12.77777219217622
  endloop
endfacet
facet normal 1 0 -0
  outer loop
    vertex 8.75 2.530875229721887 -14.42559606919018
    vertex 8.75 2.530875229721887 -11.16633867179811
    vertex 8.75 0 -12.77777219217622
  endloop
endfacet
facet normal 1 0 0
  outer loop
    vertex 8.75 2.530875229721887 -14.42559606919018
    vertex 8.75 5.061750459443774 -12.81416254881209
    vertex 8.75 2.530875229721887 -11.16633867179811
  endloop
endfacet
facet normal 1 0 0
  outer loop
    vertex 8.75 0 -12.77777219217622
    vertex 8.75 2.530875229721887 -11.16633867179811
    vertex 8.75 0 -9.518514794784142
  endloop
endfacet
facet normal 1 0 0
  outer loop
    vertex 8.75 0 -22.55554438435242
    vertex 8.75 2.669887340948369 -20.91812654513121
    vertex 8.75 0 -19.29628698696035
  endloop
endfacet
facet normal 1 0 -0
  outer loop
    vertex 8.75 2.669887340948369 -20.91812654513121
    vertex 8.75 2.669887340948369 -17.65886914773914
    vertex 8.75 0 -19.29628698696035
  endloop
endfacet
facet normal 1 0 0
  outer loop
    vertex 8.75 2.669887340948369 -20.91812654513121
    vertex 8.75 5.339774681896738 -19.28070870591
    vertex 8.75 2.669887340948369 -17.65886914773914
  endloop
endfacet
facet normal 1 0 0
  outer loop
    vertex 8.75 0 -19.29628698696035
    vertex 8.75 2.669887340948369 -17.65886914773914
    vertex 8.75 0 -16.03702958956828
  endloop
endfacet
facet normal 1 0 0
  outer loop
    vertex 8.75 0 -29.07405917913653
    vertex 8.75 2.687361817257009 -27.33463500954652
    vertex 8.75 0 -25.81480178174448
  endloop
endfacet
facet normal 1 0 -0
  outer loop
    vertex 8.75 2.687361817257009 -27.33463500954652
    vertex 8.75 2.687361817257009 -24.07537761215446
    vertex 8.75 0 -25.81480178174448
  endloop
endfacet
facet normal 1 0 0
  outer loop
    vertex 8.75 2.687361817257009 -27.33463500954652
    vertex 8.75 5.374723634514018 -25.5952108399565
    vertex 8.75 2.687361817257009 -24.07537761215446
  endloop
endfacet
facet normal 1 0 0
  outer loop
    vertex 8.75 0 -25.81480178174448
    vertex 8.75 2.687361817257009 -24.07537761215446
    vertex 8.75 0 -22.55554438435242
  endloop
endfacet
facet normal 1 0 0
  outer loop
    vertex 8.75 9.996206246096742 -8.622221073270426
    vertex 8.75 9.9988859654656 -12.2189683493302
    vertex 8.75 12.42833579643017 -10.63157087823923
  endloop
endfacet
facet normal 1 -0 0
  outer loop
    vertex 8.75 9.9988859654656 -12.2189683493302
    vertex 8.75 12.43101551579903 -14.228318154299
    vertex 8.75 12.42833579643017 -10.63157087823923
  endloop
endfacet
facet normal 1 0 0
  outer loop
    vertex 8.75 9.9988859654656 -12.2189683493302
    vertex 8.75 10.00156568483446 -15.81571562538996
    vertex 8.75 12.43101551579903 -14.228318154299
  endloop
endfacet
facet normal 1 0 0
  outer loop
    vertex 8.75 12.42833579643017 -10.63157087823923
    vertex 8.75 12.43101551579903 -14.228318154299
    vertex 8.75 14.8604653467636 -12.64092068320804
  endloop
endfacet
facet normal 1 -0 0
  outer loop
    vertex 8.75 5.061750459443774 -12.81416254881209
    vertex 8.75 7.531658072139117 -14.31493908710102
    vertex 8.75 7.528978352770258 -10.71819181104125
  endloop
endfacet
facet normal 1 0 -0
  outer loop
    vertex 8.75 7.531658072139117 -14.31493908710102
    vertex 8.75 9.9988859654656 -12.2189683493302
    vertex 8.75 7.528978352770258 -10.71819181104125
  endloop
endfacet
facet normal 1 -0 0
  outer loop
    vertex 8.75 7.531658072139117 -14.31493908710102
    vertex 8.75 10.00156568483446 -15.81571562538996
    vertex 8.75 9.9988859654656 -12.2189683493302
  endloop
endfacet
facet normal 1 -0 0
  outer loop
    vertex 8.75 7.528978352770258 -10.71819181104125
    vertex 8.75 9.9988859654656 -12.2189683493302
    vertex 8.75 9.996206246096742 -8.622221073270426
  endloop
endfacet
facet normal 1 0 0
  outer loop
    vertex 8.75 20 -15.7571192204396
    vertex 8.75 17.42333383902695 -17.3689277886132
    vertex 8.75 20 -18.9463990255495
  endloop
endfacet
facet normal 1 0 0
  outer loop
    vertex 8.75 17.42333383902695 -17.3689277886132
    vertex 8.75 17.42333383902695 -20.5582075937231
    vertex 8.75 20 -18.9463990255495
  endloop
endfacet
facet normal 1 0 0
  outer loop
    vertex 8.75 17.42333383902695 -17.3689277886132
    vertex 8.75 14.84666767805391 -18.9807363567868
    vertex 8.75 17.42333383902695 -20.5582075937231
  endloop
endfacet
facet normal 1 0 0
  outer loop
    vertex 8.75 20 -18.9463990255495
    vertex 8.75 17.42333383902695 -20.5582075937231
    vertex 8.75 20 -22.13567883065939
  endloop
endfacet
facet normal 1 0 0
  outer loop
    vertex 8.75 20 -9.378559610219817
    vertex 8.75 17.4302326733818 -11.00974014671393
    vertex 8.75 20 -12.56783941532971
  endloop
endfacet
facet normal 1 0 0
  outer loop
    vertex 8.75 17.4302326733818 -11.00974014671393
    vertex 8.75 17.4302326733818 -14.19901995182382
    vertex 8.75 20 -12.56783941532971
  endloop
endfacet
facet normal 1 0 0
  outer loop
    vertex 8.75 17.4302326733818 -11.00974014671393
    vertex 8.75 14.8604653467636 -12.64092068320804
    vertex 8.75 17.4302326733818 -14.19901995182382
  endloop
endfacet
facet normal 1 0 0
  outer loop
    vertex 8.75 20 -12.56783941532971
    vertex 8.75 17.4302326733818 -14.19901995182382
    vertex 8.75 20 -15.7571192204396
  endloop
endfacet
facet normal 1 0 0
  outer loop
    vertex 8.75 5.520043864130648 -36.34512768433529
    vertex 8.75 5.260876957460556 -33.79332592880973
    vertex 8.75 2.782995710769989 -35.7962717511851
  endloop
endfacet
facet normal 1 0 0
  outer loop
    vertex 8.75 5.260876957460556 -33.79332592880973
    vertex 8.75 2.500855025395232 -33.41704907360241
    vertex 8.75 2.782995710769989 -35.7962717511851
  endloop
endfacet
facet normal 1 0 0
  outer loop
    vertex 8.75 5.260876957460556 -33.79332592880973
    vertex 8.75 5.001710050790463 -31.24152417328417
    vertex 8.75 2.500855025395232 -33.41704907360241
  endloop
endfacet
facet normal 1 0 0
  outer loop
    vertex 8.75 2.782995710769989 -35.7962717511851
    vertex 8.75 2.500855025395232 -33.41704907360241
    vertex 8.75 0 -35.59257397392065
  endloop
endfacet
facet normal 1 0 0
  outer loop
    vertex 8.75 0 -35.59257397392065
    vertex 8.75 2.500855025395232 -33.41704907360241
    vertex 8.75 0 -32.33331657652859
  endloop
endfacet
facet normal 1 0 -0
  outer loop
    vertex 8.75 2.500855025395232 -33.41704907360241
    vertex 8.75 2.500855025395232 -30.15779167621035
    vertex 8.75 0 -32.33331657652859
  endloop
endfacet
facet normal 1 0 0
  outer loop
    vertex 8.75 2.500855025395232 -33.41704907360241
    vertex 8.75 5.001710050790463 -31.24152417328417
    vertex 8.75 2.500855025395232 -30.15779167621035
  endloop
endfacet
facet normal 1 0 0
  outer loop
    vertex 8.75 0 -32.33331657652859
    vertex 8.75 2.500855025395232 -30.15779167621035
    vertex 8.75 0 -29.07405917913653
  endloop
endfacet
facet normal 1 -0 0
  outer loop
    vertex 8.75 0 -16.03702958956828
    vertex 8.75 2.669887340948369 -17.65886914773914
    vertex 8.75 2.530875229721887 -14.42559606919018
  endloop
endfacet
facet normal 1 0 -0
  outer loop
    vertex 8.75 2.669887340948369 -17.65886914773914
    vertex 8.75 5.200762570670255 -16.04743562736104
    vertex 8.75 2.530875229721887 -14.42559606919018
  endloop
endfacet
facet normal 1 -0 0
  outer loop
    vertex 8.75 2.669887340948369 -17.65886914773914
    vertex 8.75 5.339774681896738 -19.28070870591
    vertex 8.75 5.200762570670255 -16.04743562736104
  endloop
endfacet
facet normal 1 -0 0
  outer loop
    vertex 8.75 2.530875229721887 -14.42559606919018
    vertex 8.75 5.200762570670255 -16.04743562736104
    vertex 8.75 5.061750459443774 -12.81416254881209
  endloop
endfacet
facet normal 1 0 0
  outer loop
    vertex 8.75 5.374723634514018 -25.5952108399565
    vertex 8.75 5.357249158205377 -22.43795977293325
    vertex 8.75 2.687361817257009 -24.07537761215446
  endloop
endfacet
facet normal 1 0 0
  outer loop
    vertex 8.75 5.357249158205377 -22.43795977293325
    vertex 8.75 2.669887340948369 -20.91812654513121
    vertex 8.75 2.687361817257009 -24.07537761215446
  endloop
endfacet
facet normal 1 0 0
  outer loop
    vertex 8.75 5.357249158205377 -22.43795977293325
    vertex 8.75 5.339774681896738 -19.28070870591
    vertex 8.75 2.669887340948369 -20.91812654513121
  endloop
endfacet
facet normal 1 0 0
  outer loop
    vertex 8.75 2.687361817257009 -24.07537761215446
    vertex 8.75 2.669887340948369 -20.91812654513121
    vertex 8.75 0 -22.55554438435242
  endloop
endfacet
facet normal 1 0 0
  outer loop
    vertex 8.75 20 -22.13567883065939
    vertex 8.75 17.5239760983205 -23.63335900134114
    vertex 8.75 20 -25.3249586357693
  endloop
endfacet
facet normal 1 0 0
  outer loop
    vertex 8.75 17.5239760983205 -23.63335900134114
    vertex 8.75 17.5239760983205 -26.82263880645105
    vertex 8.75 20 -25.3249586357693
  endloop
endfacet
facet normal 1 0 0
  outer loop
    vertex 8.75 17.5239760983205 -23.63335900134114
    vertex 8.75 15.047952196641 -25.13103917202289
    vertex 8.75 17.5239760983205 -26.82263880645105
  endloop
endfacet
facet normal 1 0 0
  outer loop
    vertex 8.75 20 -25.3249586357693
    vertex 8.75 17.5239760983205 -26.82263880645105
    vertex 8.75 20 -28.51423844087921
  endloop
endfacet
facet normal 1 -0 0
  outer loop
    vertex 8.75 6.666666666666651 -3
    vertex 8.75 8.331436456381697 -5.811110536635212
    vertex 8.75 9.999999999999973 -3
  endloop
endfacet
facet normal 1 0 0
  outer loop
    vertex 8.75 8.331436456381697 -5.811110536635212
    vertex 8.75 11.66476978971502 -5.811110536635212
    vertex 8.75 9.999999999999973 -3
  endloop
endfacet
facet normal 1 -0 0
  outer loop
    vertex 8.75 8.331436456381697 -5.811110536635212
    vertex 8.75 9.996206246096742 -8.622221073270426
    vertex 8.75 11.66476978971502 -5.811110536635212
  endloop
endfacet
facet normal 1 -0 0
  outer loop
    vertex 8.75 9.999999999999973 -3
    vertex 8.75 11.66476978971502 -5.811110536635212
    vertex 8.75 13.33333333333329 -3
  endloop
endfacet
facet normal 1 0 0
  outer loop
    vertex 8.75 20 -15.7571192204396
    vertex 8.75 17.4302326733818 -14.19901995182382
    vertex 8.75 17.42333383902695 -17.3689277886132
  endloop
endfacet
facet normal 1 0 0
  outer loop
    vertex 8.75 17.4302326733818 -14.19901995182382
    vertex 8.75 14.85356651240875 -15.81082851999742
    vertex 8.75 17.42333383902695 -17.3689277886132
  endloop
endfacet
facet normal 1 0 0
  outer loop
    vertex 8.75 17.4302326733818 -14.19901995182382
    vertex 8.75 14.8604653467636 -12.64092068320804
    vertex 8.75 14.85356651240875 -15.81082851999742
  endloop
endfacet
facet normal 1 0 0
  outer loop
    vertex 8.75 17.42333383902695 -17.3689277886132
    vertex 8.75 14.85356651240875 -15.81082851999742
    vertex 8.75 14.84666767805391 -18.9807363567868
  endloop
endfacet
facet normal 1 -0 0
  outer loop
    vertex 8.75 0 -3
    vertex 8.75 2.280702531236104 -5.282400803374427
    vertex 8.75 3.333333333333325 -3
  endloop
endfacet
facet normal 1 0 0
  outer loop
    vertex 8.75 2.280702531236104 -5.282400803374427
    vertex 8.75 5.614035864569429 -5.282400803374427
    vertex 8.75 3.333333333333325 -3
  endloop
endfacet
facet normal 1 -0 0
  outer loop
    vertex 8.75 2.280702531236104 -5.282400803374427
    vertex 8.75 4.561405062472208 -7.564801606748855
    vertex 8.75 5.614035864569429 -5.282400803374427
  endloop
endfacet
facet normal 1 -0 0
  outer loop
    vertex 8.75 3.333333333333325 -3
    vertex 8.75 5.614035864569429 -5.282400803374427
    vertex 8.75 6.666666666666651 -3
  endloop
endfacet
facet normal 1 0 0
  outer loop
    vertex 8.75 0 -9.518514794784142
    vertex 8.75 2.280702531236104 -8.541658200766499
    vertex 8.75 0 -6.259257397392069
  endloop
endfacet
facet normal 1 0 -0
  outer loop
    vertex 8.75 2.280702531236104 -8.541658200766499
    vertex 8.75 2.280702531236104 -5.282400803374427
    vertex 8.75 0 -6.259257397392069
  endloop
endfacet
facet normal 1 0 0
  outer loop
    vertex 8.75 2.280702531236104 -8.541658200766499
    vertex 8.75 4.561405062472208 -7.564801606748855
    vertex 8.75 2.280702531236104 -5.282400803374427
  endloop
endfacet
facet normal 1 0 0
  outer loop
    vertex 8.75 0 -6.259257397392069
    vertex 8.75 2.280702531236104 -5.282400803374427
    vertex 8.75 0 -3
  endloop
endfacet
facet normal 1 -0 0
  outer loop
    vertex 8.75 13.33333333333329 -3
    vertex 8.75 14.48566715928601 -5.164170136669828
    vertex 8.75 16.66666666666665 -3
  endloop
endfacet
facet normal 1 0 0
  outer loop
    vertex 8.75 14.48566715928601 -5.164170136669828
    vertex 8.75 17.81900049261936 -5.164170136669828
    vertex 8.75 16.66666666666665 -3
  endloop
endfacet
facet normal 1 -0 0
  outer loop
    vertex 8.75 14.48566715928601 -5.164170136669828
    vertex 8.75 15.63800098523873 -7.328340273339657
    vertex 8.75 17.81900049261936 -5.164170136669828
  endloop
endfacet
facet normal 1 -0 0
  outer loop
    vertex 8.75 16.66666666666665 -3
    vertex 8.75 17.81900049261936 -5.164170136669828
    vertex 8.75 20 -3
  endloop
endfacet
facet normal 1 0 0
  outer loop
    vertex 8.75 20 -3
    vertex 8.75 17.81900049261936 -5.164170136669828
    vertex 8.75 20 -6.189279805109908
  endloop
endfacet
facet normal 1 0 0
  outer loop
    vertex 8.75 17.81900049261936 -5.164170136669828
    vertex 8.75 17.81900049261936 -8.353449941779736
    vertex 8.75 20 -6.189279805109908
  endloop
endfacet
facet normal 1 0 0
  outer loop
    vertex 8.75 17.81900049261936 -5.164170136669828
    vertex 8.75 15.63800098523873 -7.328340273339657
    vertex 8.75 17.81900049261936 -8.353449941779736
  endloop
endfacet
facet normal 1 0 0
  outer loop
    vertex 8.75 20 -6.189279805109908
    vertex 8.75 17.81900049261936 -8.353449941779736
    vertex 8.75 20 -9.378559610219817
  endloop
endfacet
facet normal 1 0 0
  outer loop
    vertex 8.75 20 -28.51423844087921
    vertex 8.75 17.5239760983205 -26.82263880645105
    vertex 8.75 17.56747031126755 -29.74820498056093
  endloop
endfacet
facet normal 1 0 0
  outer loop
    vertex 8.75 17.5239760983205 -26.82263880645105
    vertex 8.75 15.09144640958805 -28.05660534613278
    vertex 8.75 17.56747031126755 -29.74820498056093
  endloop
endfacet
facet normal 1 0 0
  outer loop
    vertex 8.75 17.5239760983205 -26.82263880645105
    vertex 8.75 15.047952196641 -25.13103917202289
    vertex 8.75 15.09144640958805 -28.05660534613278
  endloop
endfacet
facet normal 1 0 0
  outer loop
    vertex 8.75 17.56747031126755 -29.74820498056093
    vertex 8.75 15.09144640958805 -28.05660534613278
    vertex 8.75 15.1349406225351 -30.98217152024267
  endloop
endfacet
facet normal 1 0 0
  outer loop
    vertex 8.75 14.84666767805391 -18.9807363567868
    vertex 8.75 14.94730993734746 -22.05588776440485
    vertex 8.75 17.42333383902695 -20.5582075937231
  endloop
endfacet
facet normal 1 -0 0
  outer loop
    vertex 8.75 14.94730993734746 -22.05588776440485
    vertex 8.75 17.5239760983205 -23.63335900134114
    vertex 8.75 17.42333383902695 -20.5582075937231
  endloop
endfacet
facet normal 1 0 0
  outer loop
    vertex 8.75 14.94730993734746 -22.05588776440485
    vertex 8.75 15.047952196641 -25.13103917202289
    vertex 8.75 17.5239760983205 -23.63335900134114
  endloop
endfacet
facet normal 1 0 0
  outer loop
    vertex 8.75 17.42333383902695 -20.5582075937231
    vertex 8.75 17.5239760983205 -23.63335900134114
    vertex 8.75 20 -22.13567883065939
  endloop
endfacet
facet normal 1 0 0
  outer loop
    vertex 8.75 10.2265683942809 -33.42247140257116
    vertex 8.75 10.18654458880956 -30.75967703491235
    vertex 8.75 7.614139222535682 -32.33199778792766
  endloop
endfacet
facet normal 1 0 0
  outer loop
    vertex 8.75 10.18654458880956 -30.75967703491235
    vertex 8.75 7.574115417064343 -29.66920342026886
    vertex 8.75 7.614139222535682 -32.33199778792766
  endloop
endfacet
facet normal 1 0 0
  outer loop
    vertex 8.75 10.18654458880956 -30.75967703491235
    vertex 8.75 10.14652078333822 -28.09688266725355
    vertex 8.75 7.574115417064343 -29.66920342026886
  endloop
endfacet
facet normal 1 0 0
  outer loop
    vertex 8.75 7.614139222535682 -32.33199778792766
    vertex 8.75 7.574115417064343 -29.66920342026886
    vertex 8.75 5.001710050790463 -31.24152417328417
  endloop
endfacet
facet normal 1 -0 0
  outer loop
    vertex 8.75 0 -29.07405917913653
    vertex 8.75 2.500855025395232 -30.15779167621035
    vertex 8.75 2.687361817257009 -27.33463500954652
  endloop
endfacet
facet normal 1 0 0
  outer loop
    vertex 8.75 2.500855025395232 -30.15779167621035
    vertex 8.75 5.18821684265224 -28.41836750662033
    vertex 8.75 2.687361817257009 -27.33463500954652
  endloop
endfacet
facet normal 1 -0 0
  outer loop
    vertex 8.75 2.500855025395232 -30.15779167621035
    vertex 8.75 5.001710050790463 -31.24152417328417
    vertex 8.75 5.18821684265224 -28.41836750662033
  endloop
endfacet
facet normal 1 -0 0
  outer loop
    vertex 8.75 2.687361817257009 -27.33463500954652
    vertex 8.75 5.18821684265224 -28.41836750662033
    vertex 8.75 5.374723634514018 -25.5952108399565
  endloop
endfacet
facet normal 1 0 0
  outer loop
    vertex 8.75 10.00156568483446 -15.81571562538996
    vertex 8.75 10.04739774305116 -19.01229726041694
    vertex 8.75 12.42411668144418 -17.39822599108838
  endloop
endfacet
facet normal 1 -0 0
  outer loop
    vertex 8.75 10.04739774305116 -19.01229726041694
    vertex 8.75 12.46994873966088 -20.59480762611535
    vertex 8.75 12.42411668144418 -17.39822599108838
  endloop
endfacet
facet normal 1 0 0
  outer loop
    vertex 8.75 10.04739774305116 -19.01229726041694
    vertex 8.75 10.09322980126785 -22.20887889544391
    vertex 8.75 12.46994873966088 -20.59480762611535
  endloop
endfacet
facet normal 1 0 0
  outer loop
    vertex 8.75 12.42411668144418 -17.39822599108838
    vertex 8.75 12.46994873966088 -20.59480762611535
    vertex 8.75 14.84666767805391 -18.9807363567868
  endloop
endfacet
facet normal 1 0 0
  outer loop
    vertex 8.75 5.001710050790463 -31.24152417328417
    vertex 8.75 7.574115417064343 -29.66920342026886
    vertex 8.75 5.18821684265224 -28.41836750662033
  endloop
endfacet
facet normal 1 0 -0
  outer loop
    vertex 8.75 7.574115417064343 -29.66920342026886
    vertex 8.75 7.760622208926121 -26.84604675360502
    vertex 8.75 5.18821684265224 -28.41836750662033
  endloop
endfacet
facet normal 1 0 0
  outer loop
    vertex 8.75 7.574115417064343 -29.66920342026886
    vertex 8.75 10.14652078333822 -28.09688266725355
    vertex 8.75 7.760622208926121 -26.84604675360502
  endloop
endfacet
facet normal 1 0 0
  outer loop
    vertex 8.75 5.18821684265224 -28.41836750662033
    vertex 8.75 7.760622208926121 -26.84604675360502
    vertex 8.75 5.374723634514018 -25.5952108399565
  endloop
endfacet
facet normal 1 0 0
  outer loop
    vertex 8.75 5.061750459443774 -12.81416254881209
    vertex 8.75 4.811577760957991 -10.18948207778047
    vertex 8.75 2.530875229721887 -11.16633867179811
  endloop
endfacet
facet normal 1 0 0
  outer loop
    vertex 8.75 4.811577760957991 -10.18948207778047
    vertex 8.75 2.280702531236104 -8.541658200766499
    vertex 8.75 2.530875229721887 -11.16633867179811
  endloop
endfacet
facet normal 1 0 0
  outer loop
    vertex 8.75 4.811577760957991 -10.18948207778047
    vertex 8.75 4.561405062472208 -7.564801606748855
    vertex 8.75 2.280702531236104 -8.541658200766499
  endloop
endfacet
facet normal 1 0 0
  outer loop
    vertex 8.75 2.530875229721887 -11.16633867179811
    vertex 8.75 2.280702531236104 -8.541658200766499
    vertex 8.75 0 -9.518514794784142
  endloop
endfacet
facet normal 1 0 0
  outer loop
    vertex 8.75 14.8604653467636 -12.64092068320804
    vertex 8.75 12.43101551579903 -14.228318154299
    vertex 8.75 14.85356651240875 -15.81082851999742
  endloop
endfacet
facet normal 1 0 0
  outer loop
    vertex 8.75 12.43101551579903 -14.228318154299
    vertex 8.75 12.42411668144418 -17.39822599108838
    vertex 8.75 14.85356651240875 -15.81082851999742
  endloop
endfacet
facet normal 1 0 0
  outer loop
    vertex 8.75 12.43101551579903 -14.228318154299
    vertex 8.75 10.00156568483446 -15.81571562538996
    vertex 8.75 12.42411668144418 -17.39822599108838
  endloop
endfacet
facet normal 1 0 0
  outer loop
    vertex 8.75 14.85356651240875 -15.81082851999742
    vertex 8.75 12.42411668144418 -17.39822599108838
    vertex 8.75 14.84666767805391 -18.9807363567868
  endloop
endfacet
facet normal 1 0 -0
  outer loop
    vertex 8.75 5.339774681896738 -19.28070870591
    vertex 8.75 7.670670183365599 -17.54821216564999
    vertex 8.75 5.200762570670255 -16.04743562736104
  endloop
endfacet
facet normal 1 0 0
  outer loop
    vertex 8.75 7.670670183365599 -17.54821216564999
    vertex 8.75 7.531658072139117 -14.31493908710102
    vertex 8.75 5.200762570670255 -16.04743562736104
  endloop
endfacet
facet normal 1 0 -0
  outer loop
    vertex 8.75 7.670670183365599 -17.54821216564999
    vertex 8.75 10.00156568483446 -15.81571562538996
    vertex 8.75 7.531658072139117 -14.31493908710102
  endloop
endfacet
facet normal 1 0 -0
  outer loop
    vertex 8.75 5.200762570670255 -16.04743562736104
    vertex 8.75 7.531658072139117 -14.31493908710102
    vertex 8.75 5.061750459443774 -12.81416254881209
  endloop
endfacet
facet normal 1 -0 0
  outer loop
    vertex 8.75 5.339774681896738 -19.28070870591
    vertex 8.75 7.716502241582294 -20.74479380067696
    vertex 8.75 7.670670183365599 -17.54821216564999
  endloop
endfacet
facet normal 1 0 -0
  outer loop
    vertex 8.75 7.716502241582294 -20.74479380067696
    vertex 8.75 10.04739774305116 -19.01229726041694
    vertex 8.75 7.670670183365599 -17.54821216564999
  endloop
endfacet
facet normal 1 -0 0
  outer loop
    vertex 8.75 7.716502241582294 -20.74479380067696
    vertex 8.75 10.09322980126785 -22.20887889544391
    vertex 8.75 10.04739774305116 -19.01229726041694
  endloop
endfacet
facet normal 1 -0 0
  outer loop
    vertex 8.75 7.670670183365599 -17.54821216564999
    vertex 8.75 10.04739774305116 -19.01229726041694
    vertex 8.75 10.00156568483446 -15.81571562538996
  endloop
endfacet
facet normal 1 0 -0
  outer loop
    vertex 8.75 5.374723634514018 -25.5952108399565
    vertex 8.75 7.733976717890934 -23.90204486770021
    vertex 8.75 5.357249158205377 -22.43795977293325
  endloop
endfacet
facet normal 1 0 0
  outer loop
    vertex 8.75 7.733976717890934 -23.90204486770021
    vertex 8.75 7.716502241582294 -20.74479380067696
    vertex 8.75 5.357249158205377 -22.43795977293325
  endloop
endfacet
facet normal 1 0 -0
  outer loop
    vertex 8.75 7.733976717890934 -23.90204486770021
    vertex 8.75 10.09322980126785 -22.20887889544391
    vertex 8.75 7.716502241582294 -20.74479380067696
  endloop
endfacet
facet normal 1 0 -0
  outer loop
    vertex 8.75 5.357249158205377 -22.43795977293325
    vertex 8.75 7.716502241582294 -20.74479380067696
    vertex 8.75 5.339774681896738 -19.28070870591
  endloop
endfacet
facet normal 1 0 0
  outer loop
    vertex 8.75 15.1349406225351 -30.98217152024267
    vertex 8.75 12.64073070293666 -29.53952709374811
    vertex 8.75 12.680754508408 -32.20232146140691
  endloop
endfacet
facet normal 1 0 0
  outer loop
    vertex 8.75 12.64073070293666 -29.53952709374811
    vertex 8.75 10.18654458880956 -30.75967703491235
    vertex 8.75 12.680754508408 -32.20232146140691
  endloop
endfacet
facet normal 1 0 0
  outer loop
    vertex 8.75 12.64073070293666 -29.53952709374811
    vertex 8.75 10.14652078333822 -28.09688266725355
    vertex 8.75 10.18654458880956 -30.75967703491235
  endloop
endfacet
facet normal 1 0 0
  outer loop
    vertex 8.75 12.680754508408 -32.20232146140691
    vertex 8.75 10.18654458880956 -30.75967703491235
    vertex 8.75 10.2265683942809 -33.42247140257116
  endloop
endfacet
facet normal 1 0 0
  outer loop
    vertex 8.75 20 -9.378559610219817
    vertex 8.75 17.81900049261936 -8.353449941779736
    vertex 8.75 17.4302326733818 -11.00974014671393
  endloop
endfacet
facet normal 1 0 0
  outer loop
    vertex 8.75 17.81900049261936 -8.353449941779736
    vertex 8.75 15.24923316600116 -9.98463047827385
    vertex 8.75 17.4302326733818 -11.00974014671393
  endloop
endfacet
facet normal 1 0 0
  outer loop
    vertex 8.75 17.81900049261936 -8.353449941779736
    vertex 8.75 15.63800098523873 -7.328340273339657
    vertex 8.75 15.24923316600116 -9.98463047827385
  endloop
endfacet
facet normal 1 0 0
  outer loop
    vertex 8.75 17.4302326733818 -11.00974014671393
    vertex 8.75 15.24923316600116 -9.98463047827385
    vertex 8.75 14.8604653467636 -12.64092068320804
  endloop
endfacet
facet normal 1 0 0
  outer loop
    vertex 8.75 14.84666767805391 -18.9807363567868
    vertex 8.75 12.46994873966088 -20.59480762611535
    vertex 8.75 14.94730993734746 -22.05588776440485
  endloop
endfacet
facet normal 1 0 0
  outer loop
    vertex 8.75 12.46994873966088 -20.59480762611535
    vertex 8.75 12.57059099895443 -23.6699590337334
    vertex 8.75 14.94730993734746 -22.05588776440485
  endloop
endfacet
facet normal 1 0 0
  outer loop
    vertex 8.75 12.46994873966088 -20.59480762611535
    vertex 8.75 10.09322980126785 -22.20887889544391
    vertex 8.75 12.57059099895443 -23.6699590337334
  endloop
endfacet
facet normal 1 0 0
  outer loop
    vertex 8.75 14.94730993734746 -22.05588776440485
    vertex 8.75 12.57059099895443 -23.6699590337334
    vertex 8.75 15.047952196641 -25.13103917202289
  endloop
endfacet
facet normal 1 0 0
  outer loop
    vertex 8.75 9.996206246096742 -8.622221073270426
    vertex 8.75 12.81710361566773 -7.975280673305042
    vertex 8.75 11.66476978971502 -5.811110536635212
  endloop
endfacet
facet normal 1 0 -0
  outer loop
    vertex 8.75 12.81710361566773 -7.975280673305042
    vertex 8.75 14.48566715928601 -5.164170136669828
    vertex 8.75 11.66476978971502 -5.811110536635212
  endloop
endfacet
facet normal 1 0 0
  outer loop
    vertex 8.75 12.81710361566773 -7.975280673305042
    vertex 8.75 15.63800098523873 -7.328340273339657
    vertex 8.75 14.48566715928601 -5.164170136669828
  endloop
endfacet
facet normal 1 0 0
  outer loop
    vertex 8.75 11.66476978971502 -5.811110536635212
    vertex 8.75 14.48566715928601 -5.164170136669828
    vertex 8.75 13.33333333333329 -3
  endloop
endfacet
facet normal 1 0 0
  outer loop
    vertex 8.75 6.666666666666651 -3
    vertex 8.75 5.614035864569429 -5.282400803374427
    vertex 8.75 8.331436456381697 -5.811110536635212
  endloop
endfacet
facet normal 1 0 0
  outer loop
    vertex 8.75 5.614035864569429 -5.282400803374427
    vertex 8.75 7.278805654284475 -8.093511340009641
    vertex 8.75 8.331436456381697 -5.811110536635212
  endloop
endfacet
facet normal 1 0 0
  outer loop
    vertex 8.75 5.614035864569429 -5.282400803374427
    vertex 8.75 4.561405062472208 -7.564801606748855
    vertex 8.75 7.278805654284475 -8.093511340009641
  endloop
endfacet
facet normal 1 0 0
  outer loop
    vertex 8.75 8.331436456381697 -5.811110536635212
    vertex 8.75 7.278805654284475 -8.093511340009641
    vertex 8.75 9.996206246096742 -8.622221073270426
  endloop
endfacet
facet normal 1 0 0
  outer loop
    vertex 8.75 9.996206246096742 -8.622221073270426
    vertex 8.75 7.278805654284475 -8.093511340009641
    vertex 8.75 7.528978352770258 -10.71819181104125
  endloop
endfacet
facet normal 1 0 0
  outer loop
    vertex 8.75 7.278805654284475 -8.093511340009641
    vertex 8.75 4.811577760957991 -10.18948207778047
    vertex 8.75 7.528978352770258 -10.71819181104125
  endloop
endfacet
facet normal 1 0 0
  outer loop
    vertex 8.75 7.278805654284475 -8.093511340009641
    vertex 8.75 4.561405062472208 -7.564801606748855
    vertex 8.75 4.811577760957991 -10.18948207778047
  endloop
endfacet
facet normal 1 0 0
  outer loop
    vertex 8.75 7.528978352770258 -10.71819181104125
    vertex 8.75 4.811577760957991 -10.18948207778047
    vertex 8.75 5.061750459443774 -12.81416254881209
  endloop
endfacet
facet normal 1 0 -0
  outer loop
    vertex 8.75 14.8604653467636 -12.64092068320804
    vertex 8.75 15.24923316600116 -9.98463047827385
    vertex 8.75 12.42833579643017 -10.63157087823923
  endloop
endfacet
facet normal 1 0 0
  outer loop
    vertex 8.75 15.24923316600116 -9.98463047827385
    vertex 8.75 12.81710361566773 -7.975280673305042
    vertex 8.75 12.42833579643017 -10.63157087823923
  endloop
endfacet
facet normal 1 0 -0
  outer loop
    vertex 8.75 15.24923316600116 -9.98463047827385
    vertex 8.75 15.63800098523873 -7.328340273339657
    vertex 8.75 12.81710361566773 -7.975280673305042
  endloop
endfacet
facet normal 1 0 -0
  outer loop
    vertex 8.75 12.42833579643017 -10.63157087823923
    vertex 8.75 12.81710361566773 -7.975280673305042
    vertex 8.75 9.996206246096742 -8.622221073270426
  endloop
endfacet
facet normal 1 0 0
  outer loop
    vertex 8.75 15.047952196641 -25.13103917202289
    vertex 8.75 12.59723648998961 -26.61396091963822
    vertex 8.75 15.09144640958805 -28.05660534613278
  endloop
endfacet
facet normal 1 0 0
  outer loop
    vertex 8.75 12.59723648998961 -26.61396091963822
    vertex 8.75 12.64073070293666 -29.53952709374811
    vertex 8.75 15.09144640958805 -28.05660534613278
  endloop
endfacet
facet normal 1 0 0
  outer loop
    vertex 8.75 12.59723648998961 -26.61396091963822
    vertex 8.75 10.14652078333822 -28.09688266725355
    vertex 8.75 12.64073070293666 -29.53952709374811
  endloop
endfacet
facet normal 1 0 0
  outer loop
    vertex 8.75 15.09144640958805 -28.05660534613278
    vertex 8.75 12.64073070293666 -29.53952709374811
    vertex 8.75 15.1349406225351 -30.98217152024267
  endloop
endfacet
facet normal 1 0 0
  outer loop
    vertex 8.75 10.2265683942809 -33.42247140257116
    vertex 8.75 7.614139222535682 -32.33199778792766
    vertex 8.75 7.873306129205774 -34.88379954345322
  endloop
endfacet
facet normal 1 0 0
  outer loop
    vertex 8.75 7.614139222535682 -32.33199778792766
    vertex 8.75 5.260876957460556 -33.79332592880973
    vertex 8.75 7.873306129205774 -34.88379954345322
  endloop
endfacet
facet normal 1 0 0
  outer loop
    vertex 8.75 7.614139222535682 -32.33199778792766
    vertex 8.75 5.001710050790463 -31.24152417328417
    vertex 8.75 5.260876957460556 -33.79332592880973
  endloop
endfacet
facet normal 1 0 0
  outer loop
    vertex 8.75 7.873306129205774 -34.88379954345322
    vertex 8.75 5.260876957460556 -33.79332592880973
    vertex 8.75 5.520043864130648 -36.34512768433529
  endloop
endfacet
facet normal 1 0 0
  outer loop
    vertex 8.75 10.09322980126785 -22.20887889544391
    vertex 8.75 10.11987529230304 -25.15288078134873
    vertex 8.75 12.57059099895443 -23.6699590337334
  endloop
endfacet
facet normal 1 -0 0
  outer loop
    vertex 8.75 10.11987529230304 -25.15288078134873
    vertex 8.75 12.59723648998961 -26.61396091963822
    vertex 8.75 12.57059099895443 -23.6699590337334
  endloop
endfacet
facet normal 1 0 0
  outer loop
    vertex 8.75 10.11987529230304 -25.15288078134873
    vertex 8.75 10.14652078333822 -28.09688266725355
    vertex 8.75 12.59723648998961 -26.61396091963822
  endloop
endfacet
facet normal 1 0 0
  outer loop
    vertex 8.75 12.57059099895443 -23.6699590337334
    vertex 8.75 12.59723648998961 -26.61396091963822
    vertex 8.75 15.047952196641 -25.13103917202289
  endloop
endfacet
facet normal 1 -0 0
  outer loop
    vertex 8.75 5.374723634514018 -25.5952108399565
    vertex 8.75 7.760622208926121 -26.84604675360502
    vertex 8.75 7.733976717890934 -23.90204486770021
  endloop
endfacet
facet normal 1 0 -0
  outer loop
    vertex 8.75 7.760622208926121 -26.84604675360502
    vertex 8.75 10.11987529230304 -25.15288078134873
    vertex 8.75 7.733976717890934 -23.90204486770021
  endloop
endfacet
facet normal 1 -0 0
  outer loop
    vertex 8.75 7.760622208926121 -26.84604675360502
    vertex 8.75 10.14652078333822 -28.09688266725355
    vertex 8.75 10.11987529230304 -25.15288078134873
  endloop
endfacet
facet normal 1 -0 0
  outer loop
    vertex 8.75 7.733976717890934 -23.90204486770021
    vertex 8.75 10.11987529230304 -25.15288078134873
    vertex 8.75 10.09322980126785 -22.20887889544391
  endloop
endfacet
facet normal 1 -0 0
  outer loop
    vertex 8.75 10.84085401522702 -38.03624738155955
    vertex 8.75 10.84085401522702 -38.18617369254862
    vertex 8.75 13.13064051142027 -37.32534820443895
  endloop
endfacet
facet normal 1 0 0
  outer loop
    vertex 8.75 10.84085401522702 -38.18617369254862
    vertex 8.75 13.13064051142027 -37.47527451542802
    vertex 8.75 13.13064051142027 -37.32534820443895
  endloop
endfacet
facet normal 1 -0 0
  outer loop
    vertex 8.75 10.84085401522702 -38.18617369254862
    vertex 8.75 10.84085401522702 -38.33610000353769
    vertex 8.75 13.13064051142027 -37.47527451542802
  endloop
endfacet
facet normal 1 -0 0
  outer loop
    vertex 8.75 13.13064051142027 -37.32534820443895
    vertex 8.75 13.13064051142027 -37.47527451542802
    vertex 8.75 15.42042700761352 -36.61444902731835
  endloop
endfacet
facet normal 0 0 -1
  outer loop
    vertex 8.75 20 -3
    vertex 7.312499999999986 21.5 -3
    vertex 10.25 21.5 -3
  endloop
endfacet
facet normal 0 0 -1
  outer loop
    vertex 7.312499999999986 21.5 -3
    vertex 8.812499999999986 23 -3
    vertex 10.25 21.5 -3
  endloop
endfacet
facet normal 0 0 -1
  outer loop
    vertex 7.312499999999986 21.5 -3
    vertex 5.874999999999972 23 -3
    vertex 8.812499999999986 23 -3
  endloop
endfacet
facet normal 0 0 -1
  outer loop
    vertex 10.25 21.5 -3
    vertex 8.812499999999986 23 -3
    vertex 11.75 23 -3
  endloop
endfacet
facet normal 0 0 -1
  outer loop
    vertex -11.75 23 -3
    vertex -8.812500000000007 23 -3
    vertex -10.25 21.5 -3
  endloop
endfacet
facet normal 0 -0 -1
  outer loop
    vertex -8.812500000000007 23 -3
    vertex -7.312500000000008 21.5 -3
    vertex -10.25 21.5 -3
  endloop
endfacet
facet normal 0 0 -1
  outer loop
    vertex -8.812500000000007 23 -3
    vertex -5.875000000000016 23 -3
    vertex -7.312500000000008 21.5 -3
  endloop
endfacet
facet normal 0 0 -1
  outer loop
    vertex -10.25 21.5 -3
    vertex -7.312500000000008 21.5 -3
    vertex -8.75 20 -3
  endloop
endfacet
facet normal 0 -0 -1
  outer loop
    vertex -5.875000000000016 23 -3
    vertex -4.395833333333341 21.5 -3
    vertex -7.312500000000008 21.5 -3
  endloop
endfacet
facet normal -0 0 -1
  outer loop
    vertex -4.395833333333341 21.5 -3
    vertex -5.833333333333333 20 -3
    vertex -7.312500000000008 21.5 -3
  endloop
endfacet
facet normal 0 -0 -1
  outer loop
    vertex -4.395833333333341 21.5 -3
    vertex -2.916666666666666 20 -3
    vertex -5.833333333333333 20 -3
  endloop
endfacet
facet normal 0 -0 -1
  outer loop
    vertex -7.312500000000008 21.5 -3
    vertex -5.833333333333333 20 -3
    vertex -8.75 20 -3
  endloop
endfacet
facet normal 0 0 -1
  outer loop
    vertex 8.75 20 -3
    vertex 5.833333333333336 20 -3
    vertex 7.312499999999986 21.5 -3
  endloop
endfacet
facet normal 0 0 -1
  outer loop
    vertex 5.833333333333336 20 -3
    vertex 4.395833333333321 21.5 -3
    vertex 7.312499999999986 21.5 -3
  endloop
endfacet
facet normal 0 0 -1
  outer loop
    vertex 5.833333333333336 20 -3
    vertex 2.916666666666668 20 -3
    vertex 4.395833333333321 21.5 -3
  endloop
endfacet
facet normal 0 0 -1
  outer loop
    vertex 7.312499999999986 21.5 -3
    vertex 4.395833333333321 21.5 -3
    vertex 5.874999999999972 23 -3
  endloop
endfacet
facet normal 0 0 -1
  outer loop
    vertex -2.916666666666666 20 -3
    vertex -4.395833333333341 21.5 -3
    vertex -1.458333333333352 21.5 -3
  endloop
endfacet
facet normal 0 0 -1
  outer loop
    vertex -4.395833333333341 21.5 -3
    vertex -2.937500000000027 23 -3
    vertex -1.458333333333352 21.5 -3
  endloop
endfacet
facet normal 0 0 -1
  outer loop
    vertex -4.395833333333341 21.5 -3
    vertex -5.875000000000016 23 -3
    vertex -2.937500000000027 23 -3
  endloop
endfacet
facet normal 0 0 -1
  outer loop
    vertex -1.458333333333352 21.5 -3
    vertex -2.937500000000027 23 -3
    vertex -3.730349362740526e-14 23 -3
  endloop
endfacet
facet normal 0 0 -1
  outer loop
    vertex 2.916666666666668 20 -3
    vertex 1.458333333333314 21.5 -3
    vertex 4.395833333333321 21.5 -3
  endloop
endfacet
facet normal 0 0 -1
  outer loop
    vertex 1.458333333333314 21.5 -3
    vertex 2.937499999999966 23 -3
    vertex 4.395833333333321 21.5 -3
  endloop
endfacet
facet normal 0 0 -1
  outer loop
    vertex 1.458333333333314 21.5 -3
    vertex -3.730349362740526e-14 23 -3
    vertex 2.937499999999966 23 -3
  endloop
endfacet
facet normal 0 0 -1
  outer loop
    vertex 4.395833333333321 21.5 -3
    vertex 2.937499999999966 23 -3
    vertex 5.874999999999972 23 -3
  endloop
endfacet
facet normal 0 0 -1
  outer loop
    vertex 2.916666666666668 20 -3
    vertex 0 20 -3
    vertex 1.458333333333314 21.5 -3
  endloop
endfacet
facet normal 0 0 -1
  outer loop
    vertex 0 20 -3
    vertex -1.458333333333352 21.5 -3
    vertex 1.458333333333314 21.5 -3
  endloop
endfacet
facet normal 0 0 -1
  outer loop
    vertex 0 20 -3
    vertex -2.916666666666666 20 -3
    vertex -1.458333333333352 21.5 -3
  endloop
endfacet
facet normal 0 0 -1
  outer loop
    vertex 1.458333333333314 21.5 -3
    vertex -1.458333333333352 21.5 -3
    vertex -3.730349362740526e-14 23 -3
  endloop
endfacet
facet normal 0 0 -1
  outer loop
    vertex 11.75 17.24999999999999 -3
    vertex 10.25 18.625 -3
    vertex 11.75 20.125 -3
  endloop
endfacet
facet normal 0 0 -1
  outer loop
    vertex 10.25 18.625 -3
    vertex 10.25 21.5 -3
    vertex 11.75 20.125 -3
  endloop
endfacet
facet normal 0 0 -1
  outer loop
    vertex 10.25 18.625 -3
    vertex 8.75 20 -3
    vertex 10.25 21.5 -3
  endloop
endfacet
facet normal 0 0 -1
  outer loop
    vertex 11.75 20.125 -3
    vertex 10.25 21.5 -3
    vertex 11.75 23 -3
  endloop
endfacet
facet normal 0 0 -1
  outer loop
    vertex -11.75 23 -3
    vertex -10.25 21.5 -3
    vertex -11.75 20.125 -3
  endloop
endfacet
facet normal 0 -0 -1
  outer loop
    vertex -10.25 21.5 -3
    vertex -10.25 18.625 -3
    vertex -11.75 20.125 -3
  endloop
endfacet
facet normal 0 0 -1
  outer loop
    vertex -10.25 21.5 -3
    vertex -8.75 20 -3
    vertex -10.25 18.625 -3
  endloop
endfacet
facet normal 0 0 -1
  outer loop
    vertex -11.75 20.125 -3
    vertex -10.25 18.625 -3
    vertex -11.75 17.24999999999999 -3
  endloop
endfacet
facet normal 0 0 -1
  outer loop
    vertex -11.75 5.749999999999988 -3
    vertex -10.25 6.208333333333346 -3
    vertex -11 4.427083333333331 -3
  endloop
endfacet
facet normal 0 -0 -1
  outer loop
    vertex -10.25 6.208333333333346 -3
    vertex -9.5 4.885416666666689 -3
    vertex -11 4.427083333333331 -3
  endloop
endfacet
facet normal 0 0 -1
  outer loop
    vertex -10.25 6.208333333333346 -3
    vertex -8.75 6.666666666666705 -3
    vertex -9.5 4.885416666666689 -3
  endloop
endfacet
facet normal 0 0 -1
  outer loop
    vertex -11 4.427083333333331 -3
    vertex -9.5 4.885416666666689 -3
    vertex -10.25 3.104166666666674 -3
  endloop
endfacet
facet normal 0 0 -1
  outer loop
    vertex 8.75 6.666666666666651 -3
    vertex 10.25 6.20833333333332 -3
    vertex 9.5 4.885416666666655 -3
  endloop
endfacet
facet normal 0 -0 -1
  outer loop
    vertex 10.25 6.20833333333332 -3
    vertex 11 4.427083333333324 -3
    vertex 9.5 4.885416666666655 -3
  endloop
endfacet
facet normal 0 0 -1
  outer loop
    vertex 10.25 6.20833333333332 -3
    vertex 11.75 5.749999999999988 -3
    vertex 11 4.427083333333324 -3
  endloop
endfacet
facet normal 0 0 -1
  outer loop
    vertex 9.5 4.885416666666655 -3
    vertex 11 4.427083333333324 -3
    vertex 10.25 3.10416666666666 -3
  endloop
endfacet
facet normal 0 0 -1
  outer loop
    vertex 11.75 0 -3
    vertex 10.25 0 -3
    vertex 11 1.55208333333333 -3
  endloop
endfacet
facet normal 0 0 -1
  outer loop
    vertex 10.25 0 -3
    vertex 9.5 1.55208333333333 -3
    vertex 11 1.55208333333333 -3
  endloop
endfacet
facet normal 0 0 -1
  outer loop
    vertex 10.25 0 -3
    vertex 8.75 0 -3
    vertex 9.5 1.55208333333333 -3
  endloop
endfacet
facet normal 0 0 -1
  outer loop
    vertex 11 1.55208333333333 -3
    vertex 9.5 1.55208333333333 -3
    vertex 10.25 3.10416666666666 -3
  endloop
endfacet
facet normal 0 0 -1
  outer loop
    vertex -8.75 0 -3
    vertex -10.25 0 -3
    vertex -9.5 1.552083333333337 -3
  endloop
endfacet
facet normal 0 0 -1
  outer loop
    vertex -10.25 0 -3
    vertex -11 1.552083333333337 -3
    vertex -9.5 1.552083333333337 -3
  endloop
endfacet
facet normal 0 0 -1
  outer loop
    vertex -10.25 0 -3
    vertex -11.75 0 -3
    vertex -11 1.552083333333337 -3
  endloop
endfacet
facet normal 0 0 -1
  outer loop
    vertex -9.5 1.552083333333337 -3
    vertex -11 1.552083333333337 -3
    vertex -10.25 3.104166666666674 -3
  endloop
endfacet
facet normal 0 0 -1
  outer loop
    vertex 8.75 0 -3
    vertex 8.75 3.333333333333325 -3
    vertex 9.5 1.55208333333333 -3
  endloop
endfacet
facet normal 0 0 -1
  outer loop
    vertex 8.75 3.333333333333325 -3
    vertex 9.5 4.885416666666655 -3
    vertex 9.5 1.55208333333333 -3
  endloop
endfacet
facet normal 0 0 -1
  outer loop
    vertex 8.75 3.333333333333325 -3
    vertex 8.75 6.666666666666651 -3
    vertex 9.5 4.885416666666655 -3
  endloop
endfacet
facet normal 0 0 -1
  outer loop
    vertex 9.5 1.55208333333333 -3
    vertex 9.5 4.885416666666655 -3
    vertex 10.25 3.10416666666666 -3
  endloop
endfacet
facet normal 0 -0 -1
  outer loop
    vertex 11.75 5.749999999999988 -3
    vertex 11.75 2.874999999999994 -3
    vertex 11 4.427083333333324 -3
  endloop
endfacet
facet normal -0 0 -1
  outer loop
    vertex 11.75 2.874999999999994 -3
    vertex 11 1.55208333333333 -3
    vertex 11 4.427083333333324 -3
  endloop
endfacet
facet normal 0 -0 -1
  outer loop
    vertex 11.75 2.874999999999994 -3
    vertex 11.75 0 -3
    vertex 11 1.55208333333333 -3
  endloop
endfacet
facet normal 0 -0 -1
  outer loop
    vertex 11 4.427083333333324 -3
    vertex 11 1.55208333333333 -3
    vertex 10.25 3.10416666666666 -3
  endloop
endfacet
facet normal 0 0 -1
  outer loop
    vertex -11.75 0 -3
    vertex -11.75 2.874999999999994 -3
    vertex -11 1.552083333333337 -3
  endloop
endfacet
facet normal 0 0 -1
  outer loop
    vertex -11.75 2.874999999999994 -3
    vertex -11 4.427083333333331 -3
    vertex -11 1.552083333333337 -3
  endloop
endfacet
facet normal 0 0 -1
  outer loop
    vertex -11.75 2.874999999999994 -3
    vertex -11.75 5.749999999999988 -3
    vertex -11 4.427083333333331 -3
  endloop
endfacet
facet normal 0 0 -1
  outer loop
    vertex -11 1.552083333333337 -3
    vertex -11 4.427083333333331 -3
    vertex -10.25 3.104166666666674 -3
  endloop
endfacet
facet normal 0 -0 -1
  outer loop
    vertex -8.75 6.666666666666705 -3
    vertex -8.75 3.333333333333353 -3
    vertex -9.5 4.885416666666689 -3
  endloop
endfacet
facet normal -0 0 -1
  outer loop
    vertex -8.75 3.333333333333353 -3
    vertex -9.5 1.552083333333337 -3
    vertex -9.5 4.885416666666689 -3
  endloop
endfacet
facet normal 0 -0 -1
  outer loop
    vertex -8.75 3.333333333333353 -3
    vertex -8.75 0 -3
    vertex -9.5 1.552083333333337 -3
  endloop
endfacet
facet normal 0 -0 -1
  outer loop
    vertex -9.5 4.885416666666689 -3
    vertex -9.5 1.552083333333337 -3
    vertex -10.25 3.104166666666674 -3
  endloop
endfacet
facet normal 0 0 -1
  outer loop
    vertex -11.75 17.24999999999999 -3
    vertex -10.25 18.625 -3
    vertex -10.25 15.29166666666667 -3
  endloop
endfacet
facet normal 0 0 -1
  outer loop
    vertex -10.25 18.625 -3
    vertex -8.75 16.66666666666667 -3
    vertex -10.25 15.29166666666667 -3
  endloop
endfacet
facet normal 0 0 -1
  outer loop
    vertex -10.25 18.625 -3
    vertex -8.75 20 -3
    vertex -8.75 16.66666666666667 -3
  endloop
endfacet
facet normal 0 0 -1
  outer loop
    vertex -10.25 15.29166666666667 -3
    vertex -8.75 16.66666666666667 -3
    vertex -8.75 13.33333333333335 -3
  endloop
endfacet
facet normal 0 0 -1
  outer loop
    vertex 8.75 20 -3
    vertex 10.25 18.625 -3
    vertex 8.75 16.66666666666665 -3
  endloop
endfacet
facet normal 0 -0 -1
  outer loop
    vertex 10.25 18.625 -3
    vertex 10.25 15.29166666666664 -3
    vertex 8.75 16.66666666666665 -3
  endloop
endfacet
facet normal 0 0 -1
  outer loop
    vertex 10.25 18.625 -3
    vertex 11.75 17.24999999999999 -3
    vertex 10.25 15.29166666666664 -3
  endloop
endfacet
facet normal 0 0 -1
  outer loop
    vertex 8.75 16.66666666666665 -3
    vertex 10.25 15.29166666666664 -3
    vertex 8.75 13.33333333333329 -3
  endloop
endfacet
facet normal -0 0 -1
  outer loop
    vertex 11.75 11.49999999999999 -3
    vertex 10.25 9.08333333333332 -3
    vertex 10.25 12.41666666666664 -3
  endloop
endfacet
facet normal 0 0 -1
  outer loop
    vertex 10.25 9.08333333333332 -3
    vertex 8.75 9.999999999999973 -3
    vertex 10.25 12.41666666666664 -3
  endloop
endfacet
facet normal -0 0 -1
  outer loop
    vertex 10.25 9.08333333333332 -3
    vertex 8.75 6.666666666666651 -3
    vertex 8.75 9.999999999999973 -3
  endloop
endfacet
facet normal -0 0 -1
  outer loop
    vertex 10.25 12.41666666666664 -3
    vertex 8.75 9.999999999999973 -3
    vertex 8.75 13.33333333333329 -3
  endloop
endfacet
facet normal 0 -0 -1
  outer loop
    vertex 11.75 11.49999999999999 -3
    vertex 11.75 8.624999999999989 -3
    vertex 10.25 9.08333333333332 -3
  endloop
endfacet
facet normal -0 0 -1
  outer loop
    vertex 11.75 8.624999999999989 -3
    vertex 10.25 6.20833333333332 -3
    vertex 10.25 9.08333333333332 -3
  endloop
endfacet
facet normal 0 -0 -1
  outer loop
    vertex 11.75 8.624999999999989 -3
    vertex 11.75 5.749999999999988 -3
    vertex 10.25 6.20833333333332 -3
  endloop
endfacet
facet normal 0 -0 -1
  outer loop
    vertex 10.25 9.08333333333332 -3
    vertex 10.25 6.20833333333332 -3
    vertex 8.75 6.666666666666651 -3
  endloop
endfacet
facet normal 0 -0 -1
  outer loop
    vertex 11.75 17.24999999999999 -3
    vertex 11.75 14.37499999999999 -3
    vertex 10.25 15.29166666666664 -3
  endloop
endfacet
facet normal -0 0 -1
  outer loop
    vertex 11.75 14.37499999999999 -3
    vertex 10.25 12.41666666666664 -3
    vertex 10.25 15.29166666666664 -3
  endloop
endfacet
facet normal 0 -0 -1
  outer loop
    vertex 11.75 14.37499999999999 -3
    vertex 11.75 11.49999999999999 -3
    vertex 10.25 12.41666666666664 -3
  endloop
endfacet
facet normal 0 -0 -1
  outer loop
    vertex 10.25 15.29166666666664 -3
    vertex 10.25 12.41666666666664 -3
    vertex 8.75 13.33333333333329 -3
  endloop
endfacet
facet normal 0 0 -1
  outer loop
    vertex -11.75 5.749999999999988 -3
    vertex -11.75 8.624999999999989 -3
    vertex -10.25 6.208333333333346 -3
  endloop
endfacet
facet normal 0 0 -1
  outer loop
    vertex -11.75 8.624999999999989 -3
    vertex -10.25 9.083333333333346 -3
    vertex -10.25 6.208333333333346 -3
  endloop
endfacet
facet normal 0 0 -1
  outer loop
    vertex -11.75 8.624999999999989 -3
    vertex -11.75 11.49999999999999 -3
    vertex -10.25 9.083333333333346 -3
  endloop
endfacet
facet normal 0 0 -1
  outer loop
    vertex -10.25 6.208333333333346 -3
    vertex -10.25 9.083333333333346 -3
    vertex -8.75 6.666666666666705 -3
  endloop
endfacet
facet normal 0 0 -1
  outer loop
    vertex -11.75 11.49999999999999 -3
    vertex -11.75 14.37499999999999 -3
    vertex -10.25 12.41666666666667 -3
  endloop
endfacet
facet normal 0 0 -1
  outer loop
    vertex -11.75 14.37499999999999 -3
    vertex -10.25 15.29166666666667 -3
    vertex -10.25 12.41666666666667 -3
  endloop
endfacet
facet normal 0 0 -1
  outer loop
    vertex -11.75 14.37499999999999 -3
    vertex -11.75 17.24999999999999 -3
    vertex -10.25 15.29166666666667 -3
  endloop
endfacet
facet normal 0 0 -1
  outer loop
    vertex -10.25 12.41666666666667 -3
    vertex -10.25 15.29166666666667 -3
    vertex -8.75 13.33333333333335 -3
  endloop
endfacet
facet normal 0 0 -1
  outer loop
    vertex -11.75 11.49999999999999 -3
    vertex -10.25 12.41666666666667 -3
    vertex -10.25 9.083333333333346 -3
  endloop
endfacet
facet normal 0 0 -1
  outer loop
    vertex -10.25 12.41666666666667 -3
    vertex -8.75 10.00000000000003 -3
    vertex -10.25 9.083333333333346 -3
  endloop
endfacet
facet normal 0 0 -1
  outer loop
    vertex -10.25 12.41666666666667 -3
    vertex -8.75 13.33333333333335 -3
    vertex -8.75 10.00000000000003 -3
  endloop
endfacet
facet normal 0 0 -1
  outer loop
    vertex -10.25 9.083333333333346 -3
    vertex -8.75 10.00000000000003 -3
    vertex -8.75 6.666666666666705 -3
  endloop
endfacet
facet normal 1 0 0
  outer loop
    vertex 11.75 11.49999999999999 -3
    vertex 11.75 12.93749999999999 -2.25
    vertex 11.75 11.49999999999999 -1.5
  endloop
endfacet
facet normal 1 0 -0
  outer loop
    vertex 11.75 12.93749999999999 -2.25
    vertex 11.75 12.93749999999999 -0.7500000000000004
    vertex 11.75 11.49999999999999 -1.5
  endloop
endfacet
facet normal 1 0 0
  outer loop
    vertex 11.75 12.93749999999999 -2.25
    vertex 11.75 14.37499999999999 -1.500000000000001
    vertex 11.75 12.93749999999999 -0.7500000000000004
  endloop
endfacet
facet normal 1 0 0
  outer loop
    vertex 11.75 11.49999999999999 -1.5
    vertex 11.75 12.93749999999999 -0.7500000000000004
    vertex 11.75 11.49999999999999 0
  endloop
endfacet
facet normal 1 0 0
  outer loop
    vertex 11.75 23 0
    vertex 11.75 21.5625 -0.75
    vertex 11.75 23 -1.5
  endloop
endfacet
facet normal 1 0 0
  outer loop
    vertex 11.75 21.5625 -0.75
    vertex 11.75 21.5625 -2.25
    vertex 11.75 23 -1.5
  endloop
endfacet
facet normal 1 0 0
  outer loop
    vertex 11.75 21.5625 -0.75
    vertex 11.75 20.125 -1.5
    vertex 11.75 21.5625 -2.25
  endloop
endfacet
facet normal 1 0 0
  outer loop
    vertex 11.75 23 -1.5
    vertex 11.75 21.5625 -2.25
    vertex 11.75 23 -3
  endloop
endfacet
facet normal 1 0 0
  outer loop
    vertex 11.75 11.49999999999999 0
    vertex 11.75 10.06249999999999 -0.75
    vertex 11.75 11.49999999999999 -1.5
  endloop
endfacet
facet normal 1 0 0
  outer loop
    vertex 11.75 10.06249999999999 -0.75
    vertex 11.75 10.06249999999999 -2.25
    vertex 11.75 11.49999999999999 -1.5
  endloop
endfacet
facet normal 1 0 0
  outer loop
    vertex 11.75 10.06249999999999 -0.75
    vertex 11.75 8.624999999999988 -1.5
    vertex 11.75 10.06249999999999 -2.25
  endloop
endfacet
facet normal 1 0 0
  outer loop
    vertex 11.75 11.49999999999999 -1.5
    vertex 11.75 10.06249999999999 -2.25
    vertex 11.75 11.49999999999999 -3
  endloop
endfacet
facet normal 1 0 0
  outer loop
    vertex 11.75 17.24999999999999 -3
    vertex 11.75 18.68749999999999 -2.25
    vertex 11.75 17.24999999999999 -1.5
  endloop
endfacet
facet normal 1 0 -0
  outer loop
    vertex 11.75 18.68749999999999 -2.25
    vertex 11.75 18.68749999999999 -0.75
    vertex 11.75 17.24999999999999 -1.5
  endloop
endfacet
facet normal 1 0 0
  outer loop
    vertex 11.75 18.68749999999999 -2.25
    vertex 11.75 20.125 -1.5
    vertex 11.75 18.68749999999999 -0.75
  endloop
endfacet
facet normal 1 0 0
  outer loop
    vertex 11.75 17.24999999999999 -1.5
    vertex 11.75 18.68749999999999 -0.75
    vertex 11.75 17.24999999999999 0
  endloop
endfacet
facet normal 1 0 0
  outer loop
    vertex 11.75 5.749999999999988 -3
    vertex 11.75 7.187499999999988 -2.25
    vertex 11.75 5.749999999999988 -1.5
  endloop
endfacet
facet normal 1 0 -0
  outer loop
    vertex 11.75 7.187499999999988 -2.25
    vertex 11.75 7.187499999999988 -0.75
    vertex 11.75 5.749999999999988 -1.5
  endloop
endfacet
facet normal 1 0 0
  outer loop
    vertex 11.75 7.187499999999988 -2.25
    vertex 11.75 8.624999999999988 -1.5
    vertex 11.75 7.187499999999988 -0.75
  endloop
endfacet
facet normal 1 0 0
  outer loop
    vertex 11.75 5.749999999999988 -1.5
    vertex 11.75 7.187499999999988 -0.75
    vertex 11.75 5.749999999999988 0
  endloop
endfacet
facet normal 1 0 0
  outer loop
    vertex 11.75 17.24999999999999 0
    vertex 11.75 15.81249999999999 -0.7500000000000004
    vertex 11.75 17.24999999999999 -1.5
  endloop
endfacet
facet normal 1 0 0
  outer loop
    vertex 11.75 15.81249999999999 -0.7500000000000004
    vertex 11.75 15.81249999999999 -2.25
    vertex 11.75 17.24999999999999 -1.5
  endloop
endfacet
facet normal 1 0 0
  outer loop
    vertex 11.75 15.81249999999999 -0.7500000000000004
    vertex 11.75 14.37499999999999 -1.500000000000001
    vertex 11.75 15.81249999999999 -2.25
  endloop
endfacet
facet normal 1 0 0
  outer loop
    vertex 11.75 17.24999999999999 -1.5
    vertex 11.75 15.81249999999999 -2.25
    vertex 11.75 17.24999999999999 -3
  endloop
endfacet
facet normal 1 0 0
  outer loop
    vertex 11.75 0 -3
    vertex 11.75 1.437499999999997 -2.25
    vertex 11.75 0 -1.5
  endloop
endfacet
facet normal 1 0 -0
  outer loop
    vertex 11.75 1.437499999999997 -2.25
    vertex 11.75 1.437499999999997 -0.75
    vertex 11.75 0 -1.5
  endloop
endfacet
facet normal 1 0 0
  outer loop
    vertex 11.75 1.437499999999997 -2.25
    vertex 11.75 2.874999999999994 -1.5
    vertex 11.75 1.437499999999997 -0.75
  endloop
endfacet
facet normal 1 0 0
  outer loop
    vertex 11.75 0 -1.5
    vertex 11.75 1.437499999999997 -0.75
    vertex 11.75 0 0
  endloop
endfacet
facet normal 1 0 0
  outer loop
    vertex 11.75 5.749999999999988 0
    vertex 11.75 4.312499999999991 -0.75
    vertex 11.75 5.749999999999988 -1.5
  endloop
endfacet
facet normal 1 0 0
  outer loop
    vertex 11.75 4.312499999999991 -0.75
    vertex 11.75 4.312499999999991 -2.25
    vertex 11.75 5.749999999999988 -1.5
  endloop
endfacet
facet normal 1 0 0
  outer loop
    vertex 11.75 4.312499999999991 -0.75
    vertex 11.75 2.874999999999994 -1.5
    vertex 11.75 4.312499999999991 -2.25
  endloop
endfacet
facet normal 1 0 0
  outer loop
    vertex 11.75 5.749999999999988 -1.5
    vertex 11.75 4.312499999999991 -2.25
    vertex 11.75 5.749999999999988 -3
  endloop
endfacet
facet normal 1 0 0
  outer loop
    vertex 11.75 5.749999999999988 -3
    vertex 11.75 4.312499999999991 -2.25
    vertex 11.75 2.874999999999994 -3
  endloop
endfacet
facet normal 1 0 0
  outer loop
    vertex 11.75 4.312499999999991 -2.25
    vertex 11.75 1.437499999999997 -2.25
    vertex 11.75 2.874999999999994 -3
  endloop
endfacet
facet normal 1 0 0
  outer loop
    vertex 11.75 4.312499999999991 -2.25
    vertex 11.75 2.874999999999994 -1.5
    vertex 11.75 1.437499999999997 -2.25
  endloop
endfacet
facet normal 1 0 0
  outer loop
    vertex 11.75 2.874999999999994 -3
    vertex 11.75 1.437499999999997 -2.25
    vertex 11.75 0 -3
  endloop
endfacet
facet normal 1 -0 0
  outer loop
    vertex 11.75 0 0
    vertex 11.75 1.437499999999997 -0.75
    vertex 11.75 2.874999999999994 0
  endloop
endfacet
facet normal 1 0 0
  outer loop
    vertex 11.75 1.437499999999997 -0.75
    vertex 11.75 4.312499999999991 -0.75
    vertex 11.75 2.874999999999994 0
  endloop
endfacet
facet normal 1 -0 0
  outer loop
    vertex 11.75 1.437499999999997 -0.75
    vertex 11.75 2.874999999999994 -1.5
    vertex 11.75 4.312499999999991 -0.75
  endloop
endfacet
facet normal 1 -0 0
  outer loop
    vertex 11.75 2.874999999999994 0
    vertex 11.75 4.312499999999991 -0.75
    vertex 11.75 5.749999999999988 0
  endloop
endfacet
facet normal 1 0 0
  outer loop
    vertex 11.75 23 -3
    vertex 11.75 21.5625 -2.25
    vertex 11.75 20.125 -3
  endloop
endfacet
facet normal 1 0 0
  outer loop
    vertex 11.75 21.5625 -2.25
    vertex 11.75 18.68749999999999 -2.25
    vertex 11.75 20.125 -3
  endloop
endfacet
facet normal 1 0 0
  outer loop
    vertex 11.75 21.5625 -2.25
    vertex 11.75 20.125 -1.5
    vertex 11.75 18.68749999999999 -2.25
  endloop
endfacet
facet normal 1 0 0
  outer loop
    vertex 11.75 20.125 -3
    vertex 11.75 18.68749999999999 -2.25
    vertex 11.75 17.24999999999999 -3
  endloop
endfacet
facet normal 1 -0 0
  outer loop
    vertex 11.75 17.24999999999999 0
    vertex 11.75 18.68749999999999 -0.75
    vertex 11.75 20.125 0
  endloop
endfacet
facet normal 1 0 0
  outer loop
    vertex 11.75 18.68749999999999 -0.75
    vertex 11.75 21.5625 -0.75
    vertex 11.75 20.125 0
  endloop
endfacet
facet normal 1 -0 0
  outer loop
    vertex 11.75 18.68749999999999 -0.75
    vertex 11.75 20.125 -1.5
    vertex 11.75 21.5625 -0.75
  endloop
endfacet
facet normal 1 -0 0
  outer loop
    vertex 11.75 20.125 0
    vertex 11.75 21.5625 -0.75
    vertex 11.75 23 0
  endloop
endfacet
facet normal 1 0 0
  outer loop
    vertex 11.75 11.49999999999999 -3
    vertex 11.75 10.06249999999999 -2.25
    vertex 11.75 8.624999999999989 -3
  endloop
endfacet
facet normal 1 0 0
  outer loop
    vertex 11.75 10.06249999999999 -2.25
    vertex 11.75 7.187499999999988 -2.25
    vertex 11.75 8.624999999999989 -3
  endloop
endfacet
facet normal 1 0 0
  outer loop
    vertex 11.75 10.06249999999999 -2.25
    vertex 11.75 8.624999999999988 -1.5
    vertex 11.75 7.187499999999988 -2.25
  endloop
endfacet
facet normal 1 0 0
  outer loop
    vertex 11.75 8.624999999999989 -3
    vertex 11.75 7.187499999999988 -2.25
    vertex 11.75 5.749999999999988 -3
  endloop
endfacet
facet normal 1 0 0
  outer loop
    vertex 11.75 17.24999999999999 -3
    vertex 11.75 15.81249999999999 -2.25
    vertex 11.75 14.37499999999999 -3
  endloop
endfacet
facet normal 1 0 0
  outer loop
    vertex 11.75 15.81249999999999 -2.25
    vertex 11.75 12.93749999999999 -2.25
    vertex 11.75 14.37499999999999 -3
  endloop
endfacet
facet normal 1 0 0
  outer loop
    vertex 11.75 15.81249999999999 -2.25
    vertex 11.75 14.37499999999999 -1.500000000000001
    vertex 11.75 12.93749999999999 -2.25
  endloop
endfacet
facet normal 1 0 0
  outer loop
    vertex 11.75 14.37499999999999 -3
    vertex 11.75 12.93749999999999 -2.25
    vertex 11.75 11.49999999999999 -3
  endloop
endfacet
facet normal 1 -0 0
  outer loop
    vertex 11.75 5.749999999999988 0
    vertex 11.75 7.187499999999988 -0.75
    vertex 11.75 8.624999999999989 0
  endloop
endfacet
facet normal 1 0 0
  outer loop
    vertex 11.75 7.187499999999988 -0.75
    vertex 11.75 10.06249999999999 -0.75
    vertex 11.75 8.624999999999989 0
  endloop
endfacet
facet normal 1 -0 0
  outer loop
    vertex 11.75 7.187499999999988 -0.75
    vertex 11.75 8.624999999999988 -1.5
    vertex 11.75 10.06249999999999 -0.75
  endloop
endfacet
facet normal 1 -0 0
  outer loop
    vertex 11.75 8.624999999999989 0
    vertex 11.75 10.06249999999999 -0.75
    vertex 11.75 11.49999999999999 0
  endloop
endfacet
facet normal 1 -0 0
  outer loop
    vertex 11.75 11.49999999999999 0
    vertex 11.75 12.93749999999999 -0.7500000000000004
    vertex 11.75 14.37499999999999 0
  endloop
endfacet
facet normal 1 0 0
  outer loop
    vertex 11.75 12.93749999999999 -0.7500000000000004
    vertex 11.75 15.81249999999999 -0.7500000000000004
    vertex 11.75 14.37499999999999 0
  endloop
endfacet
facet normal 1 -0 0
  outer loop
    vertex 11.75 12.93749999999999 -0.7500000000000004
    vertex 11.75 14.37499999999999 -1.500000000000001
    vertex 11.75 15.81249999999999 -0.7500000000000004
  endloop
endfacet
facet normal 1 -0 0
  outer loop
    vertex 11.75 14.37499999999999 0
    vertex 11.75 15.81249999999999 -0.7500000000000004
    vertex 11.75 17.24999999999999 0
  endloop
endfacet
facet normal 0 0 1
  outer loop
    vertex -6.619519168154191 14.39111856499582 0
    vertex -6.810237011878229 11.51798809600798 0
    vertex -3.253455011912536 12.95901739945239 0
  endloop
endfacet
facet normal -0 0 1
  outer loop
    vertex -6.810237011878229 11.51798809600798 0
    vertex -3.444172855636573 10.08588693046454 0
    vertex -3.253455011912536 12.95901739945239 0
  endloop
endfacet
facet normal 0 0 1
  outer loop
    vertex -6.810237011878229 11.51798809600798 0
    vertex -7.000954855602266 8.644857627020135 0
    vertex -3.444172855636573 10.08588693046454 0
  endloop
endfacet
facet normal 0 0 1
  outer loop
    vertex -3.253455011912536 12.95901739945239 0
    vertex -3.444172855636573 10.08588693046454 0
    vertex 0.1126091443291184 11.52691623390895 0
  endloop
endfacet
facet normal 0 0 1
  outer loop
    vertex 0.1126091443291184 11.52691623390895 0
    vertex -3.444172855636573 10.08588693046454 0
    vertex -1.297282458419485 8.20285688229273 0
  endloop
endfacet
facet normal 0 0 1
  outer loop
    vertex -3.444172855636573 10.08588693046454 0
    vertex -4.854064458385176 6.761827578848322 0
    vertex -1.297282458419485 8.20285688229273 0
  endloop
endfacet
facet normal 0 0 1
  outer loop
    vertex -3.444172855636573 10.08588693046454 0
    vertex -7.000954855602266 8.644857627020135 0
    vertex -4.854064458385176 6.761827578848322 0
  endloop
endfacet
facet normal 0 0 1
  outer loop
    vertex -1.297282458419485 8.20285688229273 0
    vertex -4.854064458385176 6.761827578848322 0
    vertex -2.707174061168086 4.878797530676509 0
  endloop
endfacet
facet normal 0 0 1
  outer loop
    vertex 0.1126091443291184 11.52691623390895 0
    vertex -1.339724686510438 14.84341904477955 0
    vertex -3.253455011912536 12.95901739945239 0
  endloop
endfacet
facet normal 0 0 1
  outer loop
    vertex -1.339724686510438 14.84341904477955 0
    vertex -4.705788842752092 16.27552021032299 0
    vertex -3.253455011912536 12.95901739945239 0
  endloop
endfacet
facet normal 0 0 1
  outer loop
    vertex -1.339724686510438 14.84341904477955 0
    vertex -2.792058517349995 18.15992185565015 0
    vertex -4.705788842752092 16.27552021032299 0
  endloop
endfacet
facet normal 0 0 1
  outer loop
    vertex -3.253455011912536 12.95901739945239 0
    vertex -4.705788842752092 16.27552021032299 0
    vertex -6.619519168154191 14.39111856499582 0
  endloop
endfacet
facet normal -0 0 1
  outer loop
    vertex -2.707174061168086 4.878797530676509 0
    vertex 0.1206607339626657 4.800122403841235 0
    vertex -1.297282458419485 8.20285688229273 0
  endloop
endfacet
facet normal 0 -0 1
  outer loop
    vertex 0.1206607339626657 4.800122403841235 0
    vertex 1.530552336711268 8.124181755457457 0
    vertex -1.297282458419485 8.20285688229273 0
  endloop
endfacet
facet normal -0 0 1
  outer loop
    vertex 0.1206607339626657 4.800122403841235 0
    vertex 2.948495529093417 4.721447277005962 0
    vertex 1.530552336711268 8.124181755457457 0
  endloop
endfacet
facet normal -0 0 1
  outer loop
    vertex -1.297282458419485 8.20285688229273 0
    vertex 1.530552336711268 8.124181755457457 0
    vertex 0.1126091443291184 11.52691623390895 0
  endloop
endfacet
facet normal 0 0 1
  outer loop
    vertex 3.157610638484556 18.22886740495932 0
    vertex 0.1827760605672815 18.19439463030474 0
    vertex 1.635109891406837 14.87789181943414 0
  endloop
endfacet
facet normal 0 0 1
  outer loop
    vertex 0.1827760605672815 18.19439463030474 0
    vertex -1.339724686510438 14.84341904477955 0
    vertex 1.635109891406837 14.87789181943414 0
  endloop
endfacet
facet normal 0 0 1
  outer loop
    vertex 0.1827760605672815 18.19439463030474 0
    vertex -2.792058517349995 18.15992185565015 0
    vertex -1.339724686510438 14.84341904477955 0
  endloop
endfacet
facet normal 0 0 1
  outer loop
    vertex 1.635109891406837 14.87789181943414 0
    vertex -1.339724686510438 14.84341904477955 0
    vertex 0.1126091443291184 11.52691623390895 0
  endloop
endfacet
facet normal -0 0 1
  outer loop
    vertex -3.730349362740526e-14 23 0
    vertex 1.578805319242259 20.61443370247966 0
    vertex 2.937499999999966 23 0
  endloop
endfacet
facet normal 0 0 1
  outer loop
    vertex 1.578805319242259 20.61443370247966 0
    vertex 4.516305319242264 20.61443370247966 0
    vertex 2.937499999999966 23 0
  endloop
endfacet
facet normal -0 0 1
  outer loop
    vertex 1.578805319242259 20.61443370247966 0
    vertex 3.157610638484556 18.22886740495932 0
    vertex 4.516305319242264 20.61443370247966 0
  endloop
endfacet
facet normal -0 0 1
  outer loop
    vertex 2.937499999999966 23 0
    vertex 4.516305319242264 20.61443370247966 0
    vertex 5.874999999999972 23 0
  endloop
endfacet
facet normal 0 0 1
  outer loop
    vertex 3.730349362740526e-14 0 0
    vertex -1.353587030584023 2.439398765338254 0
    vertex -2.937499999999966 0 0
  endloop
endfacet
facet normal 0 0 1
  outer loop
    vertex -1.353587030584023 2.439398765338254 0
    vertex -4.291087030584029 2.439398765338255 0
    vertex -2.937499999999966 0 0
  endloop
endfacet
facet normal 0 0 1
  outer loop
    vertex -1.353587030584023 2.439398765338254 0
    vertex -2.707174061168086 4.878797530676509 0
    vertex -4.291087030584029 2.439398765338255 0
  endloop
endfacet
facet normal 0 0 1
  outer loop
    vertex -2.937499999999966 0 0
    vertex -4.291087030584029 2.439398765338255 0
    vertex -5.874999999999972 0 0
  endloop
endfacet
facet normal 0 0 1
  outer loop
    vertex 0.1126091443291184 11.52691623390895 0
    vertex 1.530552336711268 8.124181755457457 0
    vertex 3.59128244489989 10.12173130227448 0
  endloop
endfacet
facet normal -0 0 1
  outer loop
    vertex 1.530552336711268 8.124181755457457 0
    vertex 5.009225637282039 6.718996823822981 0
    vertex 3.59128244489989 10.12173130227448 0
  endloop
endfacet
facet normal 0 0 1
  outer loop
    vertex 1.530552336711268 8.124181755457457 0
    vertex 2.948495529093417 4.721447277005962 0
    vertex 5.009225637282039 6.718996823822981 0
  endloop
endfacet
facet normal 0 0 1
  outer loop
    vertex 3.59128244489989 10.12173130227448 0
    vertex 5.009225637282039 6.718996823822981 0
    vertex 7.069955745470661 8.71654637064 0
  endloop
endfacet
facet normal 0 0 1
  outer loop
    vertex 11.75 11.49999999999999 0
    vertex 9.409977872735331 10.10827318531999 0
    vertex 11.75 8.624999999999989 0
  endloop
endfacet
facet normal 0 0 1
  outer loop
    vertex 9.409977872735331 10.10827318531999 0
    vertex 9.409977872735331 7.233273185319995 0
    vertex 11.75 8.624999999999989 0
  endloop
endfacet
facet normal 0 0 1
  outer loop
    vertex 9.409977872735331 10.10827318531999 0
    vertex 7.069955745470661 8.71654637064 0
    vertex 9.409977872735331 7.233273185319995 0
  endloop
endfacet
facet normal 0 0 1
  outer loop
    vertex 11.75 8.624999999999989 0
    vertex 9.409977872735331 7.233273185319995 0
    vertex 11.75 5.749999999999988 0
  endloop
endfacet
facet normal 0 0 1
  outer loop
    vertex -11.75 11.49999999999999 0
    vertex -9.184759584077096 12.94555928249791 0
    vertex -11.75 14.37499999999999 0
  endloop
endfacet
facet normal 0 -0 1
  outer loop
    vertex -9.184759584077096 12.94555928249791 0
    vertex -9.184759584077096 15.82055928249791 0
    vertex -11.75 14.37499999999999 0
  endloop
endfacet
facet normal 0 0 1
  outer loop
    vertex -9.184759584077096 12.94555928249791 0
    vertex -6.619519168154191 14.39111856499582 0
    vertex -9.184759584077096 15.82055928249791 0
  endloop
endfacet
facet normal 0 0 1
  outer loop
    vertex -11.75 14.37499999999999 0
    vertex -9.184759584077096 15.82055928249791 0
    vertex -11.75 17.24999999999999 0
  endloop
endfacet
facet normal -0 0 1
  outer loop
    vertex -5.875000000000016 23 0
    vertex -4.333529258675005 20.57996092782507 0
    vertex -2.937500000000027 23 0
  endloop
endfacet
facet normal 0 0 1
  outer loop
    vertex -4.333529258675005 20.57996092782507 0
    vertex -1.396029258675016 20.57996092782507 0
    vertex -2.937500000000027 23 0
  endloop
endfacet
facet normal -0 0 1
  outer loop
    vertex -4.333529258675005 20.57996092782507 0
    vertex -2.792058517349995 18.15992185565015 0
    vertex -1.396029258675016 20.57996092782507 0
  endloop
endfacet
facet normal -0 0 1
  outer loop
    vertex -2.937500000000027 23 0
    vertex -1.396029258675016 20.57996092782507 0
    vertex -3.730349362740526e-14 23 0
  endloop
endfacet
facet normal 0 0 1
  outer loop
    vertex 5.875000000000016 0 0
    vertex 4.411747764546717 2.36072363850298 0
    vertex 2.937500000000027 0 0
  endloop
endfacet
facet normal 0 0 1
  outer loop
    vertex 4.411747764546717 2.36072363850298 0
    vertex 1.474247764546727 2.36072363850298 0
    vertex 2.937500000000027 0 0
  endloop
endfacet
facet normal 0 0 1
  outer loop
    vertex 4.411747764546717 2.36072363850298 0
    vertex 2.948495529093417 4.721447277005962 0
    vertex 1.474247764546727 2.36072363850298 0
  endloop
endfacet
facet normal 0 0 1
  outer loop
    vertex 2.937500000000027 0 0
    vertex 1.474247764546727 2.36072363850298 0
    vertex 3.730349362740526e-14 0 0
  endloop
endfacet
facet normal 0 0 1
  outer loop
    vertex 11.75 17.24999999999999 0
    vertex 9.426436511057556 15.81249999999999 0
    vertex 11.75 14.37499999999999 0
  endloop
endfacet
facet normal 0 0 1
  outer loop
    vertex 9.426436511057556 15.81249999999999 0
    vertex 9.426436511057556 12.93749999999999 0
    vertex 11.75 14.37499999999999 0
  endloop
endfacet
facet normal 0 0 1
  outer loop
    vertex 9.426436511057556 15.81249999999999 0
    vertex 7.102873022115111 14.37499999999999 0
    vertex 9.426436511057556 12.93749999999999 0
  endloop
endfacet
facet normal 0 0 1
  outer loop
    vertex 11.75 14.37499999999999 0
    vertex 9.426436511057556 12.93749999999999 0
    vertex 11.75 11.49999999999999 0
  endloop
endfacet
facet normal 0 0 1
  outer loop
    vertex -11.75 5.749999999999988 0
    vertex -9.375477427801133 7.197428813510061 0
    vertex -11.75 8.624999999999989 0
  endloop
endfacet
facet normal 0 -0 1
  outer loop
    vertex -9.375477427801133 7.197428813510061 0
    vertex -9.375477427801133 10.07242881351006 0
    vertex -11.75 8.624999999999989 0
  endloop
endfacet
facet normal 0 0 1
  outer loop
    vertex -9.375477427801133 7.197428813510061 0
    vertex -7.000954855602266 8.644857627020135 0
    vertex -9.375477427801133 10.07242881351006 0
  endloop
endfacet
facet normal 0 0 1
  outer loop
    vertex -11.75 8.624999999999989 0
    vertex -9.375477427801133 10.07242881351006 0
    vertex -11.75 11.49999999999999 0
  endloop
endfacet
facet normal 0 0 1
  outer loop
    vertex 11.75 0 0
    vertex 9.639025859379709 2.093685534981603 0
    vertex 8.812500000000007 0 0
  endloop
endfacet
facet normal 0 0 1
  outer loop
    vertex 9.639025859379709 2.093685534981603 0
    vertex 6.701525859379717 2.093685534981603 0
    vertex 8.812500000000007 0 0
  endloop
endfacet
facet normal 0 0 1
  outer loop
    vertex 9.639025859379709 2.093685534981603 0
    vertex 7.528051718759418 4.187371069963205 0
    vertex 6.701525859379717 2.093685534981603 0
  endloop
endfacet
facet normal 0 0 1
  outer loop
    vertex 8.812500000000007 0 0
    vertex 6.701525859379717 2.093685534981603 0
    vertex 5.875000000000016 0 0
  endloop
endfacet
facet normal -0 0 1
  outer loop
    vertex -11.75 23 0
    vertex -9.639025859379707 20.90631446501839 0
    vertex -8.812500000000007 23 0
  endloop
endfacet
facet normal 0 0 1
  outer loop
    vertex -9.639025859379707 20.90631446501839 0
    vertex -6.701525859379714 20.90631446501839 0
    vertex -8.812500000000007 23 0
  endloop
endfacet
facet normal -0 0 1
  outer loop
    vertex -9.639025859379707 20.90631446501839 0
    vertex -7.528051718759411 18.81262893003678 0
    vertex -6.701525859379714 20.90631446501839 0
  endloop
endfacet
facet normal -0 0 1
  outer loop
    vertex -8.812500000000007 23 0
    vertex -6.701525859379714 20.90631446501839 0
    vertex -5.875000000000016 23 0
  endloop
endfacet
facet normal 0 0 1
  outer loop
    vertex -11.75 17.24999999999999 0
    vertex -9.639025859379707 18.03131446501839 0
    vertex -11.75 20.125 0
  endloop
endfacet
facet normal 0 -0 1
  outer loop
    vertex -9.639025859379707 18.03131446501839 0
    vertex -9.639025859379707 20.90631446501839 0
    vertex -11.75 20.125 0
  endloop
endfacet
facet normal 0 0 1
  outer loop
    vertex -9.639025859379707 18.03131446501839 0
    vertex -7.528051718759411 18.81262893003678 0
    vertex -9.639025859379707 20.90631446501839 0
  endloop
endfacet
facet normal 0 0 1
  outer loop
    vertex -11.75 20.125 0
    vertex -9.639025859379707 20.90631446501839 0
    vertex -11.75 23 0
  endloop
endfacet
facet normal 0 0 1
  outer loop
    vertex 11.75 5.749999999999988 0
    vertex 9.639025859379709 4.968685534981597 0
    vertex 11.75 2.874999999999994 0
  endloop
endfacet
facet normal 0 0 1
  outer loop
    vertex 9.639025859379709 4.968685534981597 0
    vertex 9.639025859379709 2.093685534981603 0
    vertex 11.75 2.874999999999994 0
  endloop
endfacet
facet normal 0 0 1
  outer loop
    vertex 9.639025859379709 4.968685534981597 0
    vertex 7.528051718759418 4.187371069963205 0
    vertex 9.639025859379709 2.093685534981603 0
  endloop
endfacet
facet normal 0 0 1
  outer loop
    vertex 11.75 2.874999999999994 0
    vertex 9.639025859379709 2.093685534981603 0
    vertex 11.75 0 0
  endloop
endfacet
facet normal -0 0 1
  outer loop
    vertex 5.874999999999972 23 0
    vertex 6.847746129591803 21.03800795318534 0
    vertex 8.812499999999986 23 0
  endloop
endfacet
facet normal 0 0 1
  outer loop
    vertex 6.847746129591803 21.03800795318534 0
    vertex 9.785246129591817 21.03800795318534 0
    vertex 8.812499999999986 23 0
  endloop
endfacet
facet normal -0 0 1
  outer loop
    vertex 6.847746129591803 21.03800795318534 0
    vertex 7.820492259183634 19.07601590637069 0
    vertex 9.785246129591817 21.03800795318534 0
  endloop
endfacet
facet normal -0 0 1
  outer loop
    vertex 8.812499999999986 23 0
    vertex 9.785246129591817 21.03800795318534 0
    vertex 11.75 23 0
  endloop
endfacet
facet normal 0 0 1
  outer loop
    vertex -5.874999999999972 0 0
    vertex -6.71449053842144 2.080439015091116 0
    vertex -8.812499999999986 0 0
  endloop
endfacet
facet normal 0 0 1
  outer loop
    vertex -6.71449053842144 2.080439015091116 0
    vertex -9.651990538421455 2.080439015091116 0
    vertex -8.812499999999986 0 0
  endloop
endfacet
facet normal 0 0 1
  outer loop
    vertex -6.71449053842144 2.080439015091116 0
    vertex -7.553981076842909 4.160878030182232 0
    vertex -9.651990538421455 2.080439015091116 0
  endloop
endfacet
facet normal 0 0 1
  outer loop
    vertex -8.812499999999986 0 0
    vertex -9.651990538421455 2.080439015091116 0
    vertex -11.75 0 0
  endloop
endfacet
facet normal 0 0 1
  outer loop
    vertex 11.75 23 0
    vertex 9.785246129591817 21.03800795318534 0
    vertex 11.75 20.125 0
  endloop
endfacet
facet normal 0 0 1
  outer loop
    vertex 9.785246129591817 21.03800795318534 0
    vertex 9.785246129591817 18.16300795318534 0
    vertex 11.75 20.125 0
  endloop
endfacet
facet normal 0 0 1
  outer loop
    vertex 9.785246129591817 21.03800795318534 0
    vertex 7.820492259183634 19.07601590637069 0
    vertex 9.785246129591817 18.16300795318534 0
  endloop
endfacet
facet normal 0 0 1
  outer loop
    vertex 11.75 20.125 0
    vertex 9.785246129591817 18.16300795318534 0
    vertex 11.75 17.24999999999999 0
  endloop
endfacet
facet normal 0 0 1
  outer loop
    vertex -11.75 0 0
    vertex -9.651990538421455 2.080439015091116 0
    vertex -11.75 2.874999999999994 0
  endloop
endfacet
facet normal 0 -0 1
  outer loop
    vertex -9.651990538421455 2.080439015091116 0
    vertex -9.651990538421455 4.955439015091111 0
    vertex -11.75 2.874999999999994 0
  endloop
endfacet
facet normal 0 0 1
  outer loop
    vertex -9.651990538421455 2.080439015091116 0
    vertex -7.553981076842909 4.160878030182232 0
    vertex -9.651990538421455 4.955439015091111 0
  endloop
endfacet
facet normal 0 0 1
  outer loop
    vertex -11.75 2.874999999999994 0
    vertex -9.651990538421455 4.955439015091111 0
    vertex -11.75 5.749999999999988 0
  endloop
endfacet
facet normal 0 0 1
  outer loop
    vertex 7.102873022115111 14.37499999999999 0
    vertex 3.607741083222114 12.95095811695447 0
    vertex 7.086414383792887 11.54577318532 0
  endloop
endfacet
facet normal 0 0 1
  outer loop
    vertex 3.607741083222114 12.95095811695447 0
    vertex 3.59128244489989 10.12173130227448 0
    vertex 7.086414383792887 11.54577318532 0
  endloop
endfacet
facet normal 0 0 1
  outer loop
    vertex 3.607741083222114 12.95095811695447 0
    vertex 0.1126091443291184 11.52691623390895 0
    vertex 3.59128244489989 10.12173130227448 0
  endloop
endfacet
facet normal 0 0 1
  outer loop
    vertex 7.086414383792887 11.54577318532 0
    vertex 3.59128244489989 10.12173130227448 0
    vertex 7.069955745470661 8.71654637064 0
  endloop
endfacet
facet normal 0 0 1
  outer loop
    vertex -3.730349362740526e-14 23 0
    vertex -1.396029258675016 20.57996092782507 0
    vertex 1.578805319242259 20.61443370247966 0
  endloop
endfacet
facet normal -0 0 1
  outer loop
    vertex -1.396029258675016 20.57996092782507 0
    vertex 0.1827760605672815 18.19439463030474 0
    vertex 1.578805319242259 20.61443370247966 0
  endloop
endfacet
facet normal 0 0 1
  outer loop
    vertex -1.396029258675016 20.57996092782507 0
    vertex -2.792058517349995 18.15992185565015 0
    vertex 0.1827760605672815 18.19439463030474 0
  endloop
endfacet
facet normal 0 0 1
  outer loop
    vertex 1.578805319242259 20.61443370247966 0
    vertex 0.1827760605672815 18.19439463030474 0
    vertex 3.157610638484556 18.22886740495932 0
  endloop
endfacet
facet normal 0 -0 1
  outer loop
    vertex 3.730349362740526e-14 0 0
    vertex 1.474247764546727 2.36072363850298 0
    vertex -1.353587030584023 2.439398765338254 0
  endloop
endfacet
facet normal 0 0 1
  outer loop
    vertex 1.474247764546727 2.36072363850298 0
    vertex 0.1206607339626657 4.800122403841235 0
    vertex -1.353587030584023 2.439398765338254 0
  endloop
endfacet
facet normal 0 -0 1
  outer loop
    vertex 1.474247764546727 2.36072363850298 0
    vertex 2.948495529093417 4.721447277005962 0
    vertex 0.1206607339626657 4.800122403841235 0
  endloop
endfacet
facet normal 0 -0 1
  outer loop
    vertex -1.353587030584023 2.439398765338254 0
    vertex 0.1206607339626657 4.800122403841235 0
    vertex -2.707174061168086 4.878797530676509 0
  endloop
endfacet
facet normal 0 0 1
  outer loop
    vertex 3.157610638484556 18.22886740495932 0
    vertex 1.635109891406837 14.87789181943414 0
    vertex 5.130241830299834 16.30193370247966 0
  endloop
endfacet
facet normal -0 0 1
  outer loop
    vertex 1.635109891406837 14.87789181943414 0
    vertex 3.607741083222114 12.95095811695447 0
    vertex 5.130241830299834 16.30193370247966 0
  endloop
endfacet
facet normal 0 0 1
  outer loop
    vertex 1.635109891406837 14.87789181943414 0
    vertex 0.1126091443291184 11.52691623390895 0
    vertex 3.607741083222114 12.95095811695447 0
  endloop
endfacet
facet normal 0 0 1
  outer loop
    vertex 5.130241830299834 16.30193370247966 0
    vertex 3.607741083222114 12.95095811695447 0
    vertex 7.102873022115111 14.37499999999999 0
  endloop
endfacet
facet normal -0 0 1
  outer loop
    vertex -11.75 11.49999999999999 0
    vertex -9.375477427801133 10.07242881351006 0
    vertex -9.184759584077096 12.94555928249791 0
  endloop
endfacet
facet normal 0 0 1
  outer loop
    vertex -9.375477427801133 10.07242881351006 0
    vertex -6.810237011878229 11.51798809600798 0
    vertex -9.184759584077096 12.94555928249791 0
  endloop
endfacet
facet normal -0 0 1
  outer loop
    vertex -9.375477427801133 10.07242881351006 0
    vertex -7.000954855602266 8.644857627020135 0
    vertex -6.810237011878229 11.51798809600798 0
  endloop
endfacet
facet normal -0 0 1
  outer loop
    vertex -9.184759584077096 12.94555928249791 0
    vertex -6.810237011878229 11.51798809600798 0
    vertex -6.619519168154191 14.39111856499582 0
  endloop
endfacet
facet normal 0 0 1
  outer loop
    vertex 11.75 11.49999999999999 0
    vertex 9.426436511057556 12.93749999999999 0
    vertex 9.409977872735331 10.10827318531999 0
  endloop
endfacet
facet normal 0 0 1
  outer loop
    vertex 9.426436511057556 12.93749999999999 0
    vertex 7.086414383792887 11.54577318532 0
    vertex 9.409977872735331 10.10827318531999 0
  endloop
endfacet
facet normal 0 0 1
  outer loop
    vertex 9.426436511057556 12.93749999999999 0
    vertex 7.102873022115111 14.37499999999999 0
    vertex 7.086414383792887 11.54577318532 0
  endloop
endfacet
facet normal 0 0 1
  outer loop
    vertex 9.409977872735331 10.10827318531999 0
    vertex 7.086414383792887 11.54577318532 0
    vertex 7.069955745470661 8.71654637064 0
  endloop
endfacet
facet normal 0 0 1
  outer loop
    vertex 3.157610638484556 18.22886740495932 0
    vertex 5.489051448834095 18.652441655665 0
    vertex 4.516305319242264 20.61443370247966 0
  endloop
endfacet
facet normal 0 -0 1
  outer loop
    vertex 5.489051448834095 18.652441655665 0
    vertex 6.847746129591803 21.03800795318534 0
    vertex 4.516305319242264 20.61443370247966 0
  endloop
endfacet
facet normal 0 0 1
  outer loop
    vertex 5.489051448834095 18.652441655665 0
    vertex 7.820492259183634 19.07601590637069 0
    vertex 6.847746129591803 21.03800795318534 0
  endloop
endfacet
facet normal 0 0 1
  outer loop
    vertex 4.516305319242264 20.61443370247966 0
    vertex 6.847746129591803 21.03800795318534 0
    vertex 5.874999999999972 23 0
  endloop
endfacet
facet normal 0 0 1
  outer loop
    vertex -2.707174061168086 4.878797530676509 0
    vertex -5.130577569005498 4.519837780429371 0
    vertex -4.291087030584029 2.439398765338255 0
  endloop
endfacet
facet normal 0 0 1
  outer loop
    vertex -5.130577569005498 4.519837780429371 0
    vertex -6.71449053842144 2.080439015091116 0
    vertex -4.291087030584029 2.439398765338255 0
  endloop
endfacet
facet normal 0 0 1
  outer loop
    vertex -5.130577569005498 4.519837780429371 0
    vertex -7.553981076842909 4.160878030182232 0
    vertex -6.71449053842144 2.080439015091116 0
  endloop
endfacet
facet normal 0 0 1
  outer loop
    vertex -4.291087030584029 2.439398765338255 0
    vertex -6.71449053842144 2.080439015091116 0
    vertex -5.874999999999972 0 0
  endloop
endfacet
facet normal 0 0 1
  outer loop
    vertex -6.619519168154191 14.39111856499582 0
    vertex -7.073785443456801 16.6018737475163 0
    vertex -9.184759584077096 15.82055928249791 0
  endloop
endfacet
facet normal 0 0 1
  outer loop
    vertex -7.073785443456801 16.6018737475163 0
    vertex -9.639025859379707 18.03131446501839 0
    vertex -9.184759584077096 15.82055928249791 0
  endloop
endfacet
facet normal 0 0 1
  outer loop
    vertex -7.073785443456801 16.6018737475163 0
    vertex -7.528051718759411 18.81262893003678 0
    vertex -9.639025859379707 18.03131446501839 0
  endloop
endfacet
facet normal 0 0 1
  outer loop
    vertex -9.184759584077096 15.82055928249791 0
    vertex -9.639025859379707 18.03131446501839 0
    vertex -11.75 17.24999999999999 0
  endloop
endfacet
facet normal 0 0 1
  outer loop
    vertex 7.069955745470661 8.71654637064 0
    vertex 7.29900373211504 6.451958720301603 0
    vertex 9.409977872735331 7.233273185319995 0
  endloop
endfacet
facet normal -0 0 1
  outer loop
    vertex 7.29900373211504 6.451958720301603 0
    vertex 9.639025859379709 4.968685534981597 0
    vertex 9.409977872735331 7.233273185319995 0
  endloop
endfacet
facet normal 0 0 1
  outer loop
    vertex 7.29900373211504 6.451958720301603 0
    vertex 7.528051718759418 4.187371069963205 0
    vertex 9.639025859379709 4.968685534981597 0
  endloop
endfacet
facet normal 0 0 1
  outer loop
    vertex 9.409977872735331 7.233273185319995 0
    vertex 9.639025859379709 4.968685534981597 0
    vertex 11.75 5.749999999999988 0
  endloop
endfacet
facet normal 0 0 1
  outer loop
    vertex -5.875000000000016 23 0
    vertex -6.701525859379714 20.90631446501839 0
    vertex -4.333529258675005 20.57996092782507 0
  endloop
endfacet
facet normal 0 0 1
  outer loop
    vertex -6.701525859379714 20.90631446501839 0
    vertex -5.160055118054704 18.48627539284347 0
    vertex -4.333529258675005 20.57996092782507 0
  endloop
endfacet
facet normal 0 0 1
  outer loop
    vertex -6.701525859379714 20.90631446501839 0
    vertex -7.528051718759411 18.81262893003678 0
    vertex -5.160055118054704 18.48627539284347 0
  endloop
endfacet
facet normal 0 0 1
  outer loop
    vertex -4.333529258675005 20.57996092782507 0
    vertex -5.160055118054704 18.48627539284347 0
    vertex -2.792058517349995 18.15992185565015 0
  endloop
endfacet
facet normal 0 -0 1
  outer loop
    vertex 5.875000000000016 0 0
    vertex 6.701525859379717 2.093685534981603 0
    vertex 4.411747764546717 2.36072363850298 0
  endloop
endfacet
facet normal 0 0 1
  outer loop
    vertex 6.701525859379717 2.093685534981603 0
    vertex 5.238273623926418 4.454409173484583 0
    vertex 4.411747764546717 2.36072363850298 0
  endloop
endfacet
facet normal 0 -0 1
  outer loop
    vertex 6.701525859379717 2.093685534981603 0
    vertex 7.528051718759418 4.187371069963205 0
    vertex 5.238273623926418 4.454409173484583 0
  endloop
endfacet
facet normal 0 -0 1
  outer loop
    vertex 4.411747764546717 2.36072363850298 0
    vertex 5.238273623926418 4.454409173484583 0
    vertex 2.948495529093417 4.721447277005962 0
  endloop
endfacet
facet normal 0 0 1
  outer loop
    vertex 11.75 17.24999999999999 0
    vertex 9.785246129591817 18.16300795318534 0
    vertex 9.426436511057556 15.81249999999999 0
  endloop
endfacet
facet normal 0 0 1
  outer loop
    vertex 9.785246129591817 18.16300795318534 0
    vertex 7.461682640649373 16.72550795318534 0
    vertex 9.426436511057556 15.81249999999999 0
  endloop
endfacet
facet normal 0 0 1
  outer loop
    vertex 9.785246129591817 18.16300795318534 0
    vertex 7.820492259183634 19.07601590637069 0
    vertex 7.461682640649373 16.72550795318534 0
  endloop
endfacet
facet normal 0 0 1
  outer loop
    vertex 9.426436511057556 15.81249999999999 0
    vertex 7.461682640649373 16.72550795318534 0
    vertex 7.102873022115111 14.37499999999999 0
  endloop
endfacet
facet normal -0 0 1
  outer loop
    vertex -11.75 5.749999999999988 0
    vertex -9.651990538421455 4.955439015091111 0
    vertex -9.375477427801133 7.197428813510061 0
  endloop
endfacet
facet normal 0 0 1
  outer loop
    vertex -9.651990538421455 4.955439015091111 0
    vertex -7.277467966222588 6.402867828601185 0
    vertex -9.375477427801133 7.197428813510061 0
  endloop
endfacet
facet normal -0 0 1
  outer loop
    vertex -9.651990538421455 4.955439015091111 0
    vertex -7.553981076842909 4.160878030182232 0
    vertex -7.277467966222588 6.402867828601185 0
  endloop
endfacet
facet normal -0 0 1
  outer loop
    vertex -9.375477427801133 7.197428813510061 0
    vertex -7.277467966222588 6.402867828601185 0
    vertex -7.000954855602266 8.644857627020135 0
  endloop
endfacet
facet normal 0 0 1
  outer loop
    vertex -2.792058517349995 18.15992185565015 0
    vertex -5.160055118054704 18.48627539284347 0
    vertex -4.705788842752092 16.27552021032299 0
  endloop
endfacet
facet normal 0 0 1
  outer loop
    vertex -5.160055118054704 18.48627539284347 0
    vertex -7.073785443456801 16.6018737475163 0
    vertex -4.705788842752092 16.27552021032299 0
  endloop
endfacet
facet normal 0 0 1
  outer loop
    vertex -5.160055118054704 18.48627539284347 0
    vertex -7.528051718759411 18.81262893003678 0
    vertex -7.073785443456801 16.6018737475163 0
  endloop
endfacet
facet normal 0 0 1
  outer loop
    vertex -4.705788842752092 16.27552021032299 0
    vertex -7.073785443456801 16.6018737475163 0
    vertex -6.619519168154191 14.39111856499582 0
  endloop
endfacet
facet normal -0 0 1
  outer loop
    vertex 2.948495529093417 4.721447277005962 0
    vertex 5.238273623926418 4.454409173484583 0
    vertex 5.009225637282039 6.718996823822981 0
  endloop
endfacet
facet normal 0 -0 1
  outer loop
    vertex 5.238273623926418 4.454409173484583 0
    vertex 7.29900373211504 6.451958720301603 0
    vertex 5.009225637282039 6.718996823822981 0
  endloop
endfacet
facet normal -0 0 1
  outer loop
    vertex 5.238273623926418 4.454409173484583 0
    vertex 7.528051718759418 4.187371069963205 0
    vertex 7.29900373211504 6.451958720301603 0
  endloop
endfacet
facet normal -0 0 1
  outer loop
    vertex 5.009225637282039 6.718996823822981 0
    vertex 7.29900373211504 6.451958720301603 0
    vertex 7.069955745470661 8.71654637064 0
  endloop
endfacet
facet normal 0 -0 1
  outer loop
    vertex 7.102873022115111 14.37499999999999 0
    vertex 7.461682640649373 16.72550795318534 0
    vertex 5.130241830299834 16.30193370247966 0
  endloop
endfacet
facet normal 0 0 1
  outer loop
    vertex 7.461682640649373 16.72550795318534 0
    vertex 5.489051448834095 18.652441655665 0
    vertex 5.130241830299834 16.30193370247966 0
  endloop
endfacet
facet normal 0 -0 1
  outer loop
    vertex 7.461682640649373 16.72550795318534 0
    vertex 7.820492259183634 19.07601590637069 0
    vertex 5.489051448834095 18.652441655665 0
  endloop
endfacet
facet normal 0 -0 1
  outer loop
    vertex 5.130241830299834 16.30193370247966 0
    vertex 5.489051448834095 18.652441655665 0
    vertex 3.157610638484556 18.22886740495932 0
  endloop
endfacet
facet normal 0 0 1
  outer loop
    vertex -7.000954855602266 8.644857627020135 0
    vertex -7.277467966222588 6.402867828601185 0
    vertex -4.854064458385176 6.761827578848322 0
  endloop
endfacet
facet normal -0 0 1
  outer loop
    vertex -7.277467966222588 6.402867828601185 0
    vertex -5.130577569005498 4.519837780429371 0
    vertex -4.854064458385176 6.761827578848322 0
  endloop
endfacet
facet normal 0 0 1
  outer loop
    vertex -7.277467966222588 6.402867828601185 0
    vertex -7.553981076842909 4.160878030182232 0
    vertex -5.130577569005498 4.519837780429371 0
  endloop
endfacet
facet normal 0 0 1
  outer loop
    vertex -4.854064458385176 6.761827578848322 0
    vertex -5.130577569005498 4.519837780429371 0
    vertex -2.707174061168086 4.878797530676509 0
  endloop
endfacet
facet normal -1 0 0
  outer loop
    vertex -11.75 11.49999999999999 -3
    vertex -11.75 11.49999999999999 -1.5
    vertex -11.75 12.93749999999999 -2.25
  endloop
endfacet
facet normal -1 0 0
  outer loop
    vertex -11.75 11.49999999999999 -1.5
    vertex -11.75 12.93749999999999 -0.75
    vertex -11.75 12.93749999999999 -2.25
  endloop
endfacet
facet normal -1 0 0
  outer loop
    vertex -11.75 11.49999999999999 -1.5
    vertex -11.75 11.49999999999999 0
    vertex -11.75 12.93749999999999 -0.75
  endloop
endfacet
facet normal -1 0 0
  outer loop
    vertex -11.75 12.93749999999999 -2.25
    vertex -11.75 12.93749999999999 -0.75
    vertex -11.75 14.37499999999999 -1.5
  endloop
endfacet
facet normal -1 0 0
  outer loop
    vertex -11.75 5.749999999999988 -3
    vertex -11.75 5.749999999999988 -1.5
    vertex -11.75 7.187499999999989 -2.25
  endloop
endfacet
facet normal -1 0 0
  outer loop
    vertex -11.75 5.749999999999988 -1.5
    vertex -11.75 7.187499999999989 -0.75
    vertex -11.75 7.187499999999989 -2.25
  endloop
endfacet
facet normal -1 0 0
  outer loop
    vertex -11.75 5.749999999999988 -1.5
    vertex -11.75 5.749999999999988 0
    vertex -11.75 7.187499999999989 -0.75
  endloop
endfacet
facet normal -1 0 0
  outer loop
    vertex -11.75 7.187499999999989 -2.25
    vertex -11.75 7.187499999999989 -0.75
    vertex -11.75 8.624999999999989 -1.5
  endloop
endfacet
facet normal -1 0 0
  outer loop
    vertex -11.75 0 -3
    vertex -11.75 0 -1.5
    vertex -11.75 1.437499999999997 -2.25
  endloop
endfacet
facet normal -1 0 0
  outer loop
    vertex -11.75 0 -1.5
    vertex -11.75 1.437499999999997 -0.75
    vertex -11.75 1.437499999999997 -2.25
  endloop
endfacet
facet normal -1 0 0
  outer loop
    vertex -11.75 0 -1.5
    vertex -11.75 0 0
    vertex -11.75 1.437499999999997 -0.75
  endloop
endfacet
facet normal -1 0 0
  outer loop
    vertex -11.75 1.437499999999997 -2.25
    vertex -11.75 1.437499999999997 -0.75
    vertex -11.75 2.874999999999994 -1.5
  endloop
endfacet
facet normal -1 0 -0
  outer loop
    vertex -11.75 23 0
    vertex -11.75 23 -1.5
    vertex -11.75 21.5625 -0.75
  endloop
endfacet
facet normal -1 -0 0
  outer loop
    vertex -11.75 23 -1.5
    vertex -11.75 21.5625 -2.25
    vertex -11.75 21.5625 -0.75
  endloop
endfacet
facet normal -1 0 -0
  outer loop
    vertex -11.75 23 -1.5
    vertex -11.75 23 -3
    vertex -11.75 21.5625 -2.25
  endloop
endfacet
facet normal -1 0 -0
  outer loop
    vertex -11.75 21.5625 -0.75
    vertex -11.75 21.5625 -2.25
    vertex -11.75 20.125 -1.5
  endloop
endfacet
facet normal -1 0 0
  outer loop
    vertex -11.75 17.24999999999999 -3
    vertex -11.75 17.24999999999999 -1.5
    vertex -11.75 18.68749999999999 -2.25
  endloop
endfacet
facet normal -1 0 0
  outer loop
    vertex -11.75 17.24999999999999 -1.5
    vertex -11.75 18.68749999999999 -0.75
    vertex -11.75 18.68749999999999 -2.25
  endloop
endfacet
facet normal -1 0 0
  outer loop
    vertex -11.75 17.24999999999999 -1.5
    vertex -11.75 17.24999999999999 0
    vertex -11.75 18.68749999999999 -0.75
  endloop
endfacet
facet normal -1 0 0
  outer loop
    vertex -11.75 18.68749999999999 -2.25
    vertex -11.75 18.68749999999999 -0.75
    vertex -11.75 20.125 -1.5
  endloop
endfacet
facet normal -1 0 -0
  outer loop
    vertex -11.75 11.49999999999999 0
    vertex -11.75 11.49999999999999 -1.5
    vertex -11.75 10.06249999999999 -0.75
  endloop
endfacet
facet normal -1 -0 0
  outer loop
    vertex -11.75 11.49999999999999 -1.5
    vertex -11.75 10.06249999999999 -2.25
    vertex -11.75 10.06249999999999 -0.75
  endloop
endfacet
facet normal -1 0 -0
  outer loop
    vertex -11.75 11.49999999999999 -1.5
    vertex -11.75 11.49999999999999 -3
    vertex -11.75 10.06249999999999 -2.25
  endloop
endfacet
facet normal -1 0 -0
  outer loop
    vertex -11.75 10.06249999999999 -0.75
    vertex -11.75 10.06249999999999 -2.25
    vertex -11.75 8.624999999999989 -1.5
  endloop
endfacet
facet normal -1 0 -0
  outer loop
    vertex -11.75 5.749999999999988 0
    vertex -11.75 5.749999999999988 -1.5
    vertex -11.75 4.312499999999991 -0.75
  endloop
endfacet
facet normal -1 -0 0
  outer loop
    vertex -11.75 5.749999999999988 -1.5
    vertex -11.75 4.312499999999991 -2.25
    vertex -11.75 4.312499999999991 -0.75
  endloop
endfacet
facet normal -1 0 -0
  outer loop
    vertex -11.75 5.749999999999988 -1.5
    vertex -11.75 5.749999999999988 -3
    vertex -11.75 4.312499999999991 -2.25
  endloop
endfacet
facet normal -1 0 -0
  outer loop
    vertex -11.75 4.312499999999991 -0.75
    vertex -11.75 4.312499999999991 -2.25
    vertex -11.75 2.874999999999994 -1.5
  endloop
endfacet
facet normal -1 0 -0
  outer loop
    vertex -11.75 17.24999999999999 0
    vertex -11.75 17.24999999999999 -1.5
    vertex -11.75 15.81249999999999 -0.75
  endloop
endfacet
facet normal -1 -0 0
  outer loop
    vertex -11.75 17.24999999999999 -1.5
    vertex -11.75 15.81249999999999 -2.25
    vertex -11.75 15.81249999999999 -0.75
  endloop
endfacet
facet normal -1 0 -0
  outer loop
    vertex -11.75 17.24999999999999 -1.5
    vertex -11.75 17.24999999999999 -3
    vertex -11.75 15.81249999999999 -2.25
  endloop
endfacet
facet normal -1 0 -0
  outer loop
    vertex -11.75 15.81249999999999 -0.75
    vertex -11.75 15.81249999999999 -2.25
    vertex -11.75 14.37499999999999 -1.5
  endloop
endfacet
facet normal -1 0 0
  outer loop
    vertex -11.75 0 0
    vertex -11.75 2.874999999999994 0
    vertex -11.75 1.437499999999997 -0.75
  endloop
endfacet
facet normal -1 0 -0
  outer loop
    vertex -11.75 2.874999999999994 0
    vertex -11.75 4.312499999999991 -0.75
    vertex -11.75 1.437499999999997 -0.75
  endloop
endfacet
facet normal -1 0 0
  outer loop
    vertex -11.75 2.874999999999994 0
    vertex -11.75 5.749999999999988 0
    vertex -11.75 4.312499999999991 -0.75
  endloop
endfacet
facet normal -1 0 0
  outer loop
    vertex -11.75 1.437499999999997 -0.75
    vertex -11.75 4.312499999999991 -0.75
    vertex -11.75 2.874999999999994 -1.5
  endloop
endfacet
facet normal -1 0 0
  outer loop
    vertex -11.75 5.749999999999988 -3
    vertex -11.75 2.874999999999994 -3
    vertex -11.75 4.312499999999991 -2.25
  endloop
endfacet
facet normal -1 0 0
  outer loop
    vertex -11.75 2.874999999999994 -3
    vertex -11.75 1.437499999999997 -2.25
    vertex -11.75 4.312499999999991 -2.25
  endloop
endfacet
facet normal -1 0 0
  outer loop
    vertex -11.75 2.874999999999994 -3
    vertex -11.75 0 -3
    vertex -11.75 1.437499999999997 -2.25
  endloop
endfacet
facet normal -1 0 0
  outer loop
    vertex -11.75 4.312499999999991 -2.25
    vertex -11.75 1.437499999999997 -2.25
    vertex -11.75 2.874999999999994 -1.5
  endloop
endfacet
facet normal -1 0 0
  outer loop
    vertex -11.75 23 -3
    vertex -11.75 20.125 -3
    vertex -11.75 21.5625 -2.25
  endloop
endfacet
facet normal -1 0 0
  outer loop
    vertex -11.75 20.125 -3
    vertex -11.75 18.68749999999999 -2.25
    vertex -11.75 21.5625 -2.25
  endloop
endfacet
facet normal -1 0 0
  outer loop
    vertex -11.75 20.125 -3
    vertex -11.75 17.24999999999999 -3
    vertex -11.75 18.68749999999999 -2.25
  endloop
endfacet
facet normal -1 0 0
  outer loop
    vertex -11.75 21.5625 -2.25
    vertex -11.75 18.68749999999999 -2.25
    vertex -11.75 20.125 -1.5
  endloop
endfacet
facet normal -1 0 0
  outer loop
    vertex -11.75 17.24999999999999 0
    vertex -11.75 20.125 0
    vertex -11.75 18.68749999999999 -0.75
  endloop
endfacet
facet normal -1 0 -0
  outer loop
    vertex -11.75 20.125 0
    vertex -11.75 21.5625 -0.75
    vertex -11.75 18.68749999999999 -0.75
  endloop
endfacet
facet normal -1 0 0
  outer loop
    vertex -11.75 20.125 0
    vertex -11.75 23 0
    vertex -11.75 21.5625 -0.75
  endloop
endfacet
facet normal -1 0 0
  outer loop
    vertex -11.75 18.68749999999999 -0.75
    vertex -11.75 21.5625 -0.75
    vertex -11.75 20.125 -1.5
  endloop
endfacet
facet normal -1 0 0
  outer loop
    vertex -11.75 11.49999999999999 -3
    vertex -11.75 8.624999999999989 -3
    vertex -11.75 10.06249999999999 -2.25
  endloop
endfacet
facet normal -1 0 0
  outer loop
    vertex -11.75 8.624999999999989 -3
    vertex -11.75 7.187499999999989 -2.25
    vertex -11.75 10.06249999999999 -2.25
  endloop
endfacet
facet normal -1 0 0
  outer loop
    vertex -11.75 8.624999999999989 -3
    vertex -11.75 5.749999999999988 -3
    vertex -11.75 7.187499999999989 -2.25
  endloop
endfacet
facet normal -1 0 0
  outer loop
    vertex -11.75 10.06249999999999 -2.25
    vertex -11.75 7.187499999999989 -2.25
    vertex -11.75 8.624999999999989 -1.5
  endloop
endfacet
facet normal -1 0 0
  outer loop
    vertex -11.75 17.24999999999999 -3
    vertex -11.75 14.37499999999999 -3
    vertex -11.75 15.81249999999999 -2.25
  endloop
endfacet
facet normal -1 0 0
  outer loop
    vertex -11.75 14.37499999999999 -3
    vertex -11.75 12.93749999999999 -2.25
    vertex -11.75 15.81249999999999 -2.25
  endloop
endfacet
facet normal -1 0 0
  outer loop
    vertex -11.75 14.37499999999999 -3
    vertex -11.75 11.49999999999999 -3
    vertex -11.75 12.93749999999999 -2.25
  endloop
endfacet
facet normal -1 0 0
  outer loop
    vertex -11.75 15.81249999999999 -2.25
    vertex -11.75 12.93749999999999 -2.25
    vertex -11.75 14.37499999999999 -1.5
  endloop
endfacet
facet normal -1 0 0
  outer loop
    vertex -11.75 5.749999999999988 0
    vertex -11.75 8.624999999999989 0
    vertex -11.75 7.187499999999989 -0.75
  endloop
endfacet
facet normal -1 0 -0
  outer loop
    vertex -11.75 8.624999999999989 0
    vertex -11.75 10.06249999999999 -0.75
    vertex -11.75 7.187499999999989 -0.75
  endloop
endfacet
facet normal -1 0 0
  outer loop
    vertex -11.75 8.624999999999989 0
    vertex -11.75 11.49999999999999 0
    vertex -11.75 10.06249999999999 -0.75
  endloop
endfacet
facet normal -1 0 0
  outer loop
    vertex -11.75 7.187499999999989 -0.75
    vertex -11.75 10.06249999999999 -0.75
    vertex -11.75 8.624999999999989 -1.5
  endloop
endfacet
facet normal -1 0 0
  outer loop
    vertex -11.75 11.49999999999999 0
    vertex -11.75 14.37499999999999 0
    vertex -11.75 12.93749999999999 -0.75
  endloop
endfacet
facet normal -1 0 -0
  outer loop
    vertex -11.75 14.37499999999999 0
    vertex -11.75 15.81249999999999 -0.75
    vertex -11.75 12.93749999999999 -0.75
  endloop
endfacet
facet normal -1 0 0
  outer loop
    vertex -11.75 14.37499999999999 0
    vertex -11.75 17.24999999999999 0
    vertex -11.75 15.81249999999999 -0.75
  endloop
endfacet
facet normal -1 0 0
  outer loop
    vertex -11.75 12.93749999999999 -0.75
    vertex -11.75 15.81249999999999 -0.75
    vertex -11.75 14.37499999999999 -1.5
  endloop
endfacet
facet normal -1 -0 0
  outer loop
    vertex -8.75 15.42042700761352 -36.61444902731835
    vertex -8.75 13.13064051142027 -37.32534820443895
    vertex -8.75 12.82349770094721 -35.01846021494475
  endloop
endfacet
facet normal -1 0 0
  outer loop
    vertex -8.75 13.13064051142027 -37.32534820443895
    vertex -8.75 10.53371120475396 -35.72935939206535
    vertex -8.75 12.82349770094721 -35.01846021494475
  endloop
endfacet
facet normal -1 -5.15404e-16 -8.38645e-16
  outer loop
    vertex -8.75 13.13064051142027 -37.32534820443895
    vertex -8.749999999999998 10.84085401522702 -38.03624738155955
    vertex -8.75 10.53371120475396 -35.72935939206535
  endloop
endfacet
facet normal -1 -0 0
  outer loop
    vertex -8.75 12.82349770094721 -35.01846021494475
    vertex -8.75 10.53371120475396 -35.72935939206535
    vertex -8.75 10.22656839428091 -33.42247140257115
  endloop
endfacet
facet normal -1 -0 0
  outer loop
    vertex -8.75 20 -34.89279805109902
    vertex -8.75 17.71021350380676 -35.75362353920869
    vertex -8.75 17.56747031126755 -32.93748478567084
  endloop
endfacet
facet normal -1 0 0
  outer loop
    vertex -8.75 17.71021350380676 -35.75362353920869
    vertex -8.75 15.27768381507431 -33.7983102737805
    vertex -8.75 17.56747031126755 -32.93748478567084
  endloop
endfacet
facet normal -1 -0 0
  outer loop
    vertex -8.75 17.71021350380676 -35.75362353920869
    vertex -8.75 15.42042700761352 -36.61444902731835
    vertex -8.75 15.27768381507431 -33.7983102737805
  endloop
endfacet
facet normal -1 -0 0
  outer loop
    vertex -8.75 17.56747031126755 -32.93748478567084
    vertex -8.75 15.27768381507431 -33.7983102737805
    vertex -8.75 15.1349406225351 -30.98217152024266
  endloop
endfacet
facet normal -1 0 -0
  outer loop
    vertex -8.75 20 -28.5142384408792
    vertex -8.75 20 -31.70351824598911
    vertex -8.75 17.56747031126755 -29.74820498056093
  endloop
endfacet
facet normal -1 -0 0
  outer loop
    vertex -8.75 20 -31.70351824598911
    vertex -8.75 17.56747031126755 -32.93748478567084
    vertex -8.75 17.56747031126755 -29.74820498056093
  endloop
endfacet
facet normal -1 0 -0
  outer loop
    vertex -8.75 20 -31.70351824598911
    vertex -8.75 20 -34.89279805109902
    vertex -8.75 17.56747031126755 -32.93748478567084
  endloop
endfacet
facet normal -1 0 -0
  outer loop
    vertex -8.75 17.56747031126755 -29.74820498056093
    vertex -8.75 17.56747031126755 -32.93748478567084
    vertex -8.75 15.1349406225351 -30.98217152024266
  endloop
endfacet
facet normal -1 0 0
  outer loop
    vertex -8.75 15.42042700761352 -36.61444902731835
    vertex -8.75 12.82349770094721 -35.01846021494475
    vertex -8.75 15.27768381507431 -33.7983102737805
  endloop
endfacet
facet normal -1 0 0
  outer loop
    vertex -8.75 12.82349770094721 -35.01846021494475
    vertex -8.75 12.680754508408 -32.2023214614069
    vertex -8.75 15.27768381507431 -33.7983102737805
  endloop
endfacet
facet normal -1 0 0
  outer loop
    vertex -8.75 12.82349770094721 -35.01846021494475
    vertex -8.75 10.22656839428091 -33.42247140257115
    vertex -8.75 12.680754508408 -32.2023214614069
  endloop
endfacet
facet normal -1 0 0
  outer loop
    vertex -8.75 15.27768381507431 -33.7983102737805
    vertex -8.75 12.680754508408 -32.2023214614069
    vertex -8.75 15.1349406225351 -30.98217152024266
  endloop
endfacet
facet normal -1 4.26072e-16 -7.13295e-16
  outer loop
    vertex -8.749999999999998 10.84085401522702 -38.03624738155955
    vertex -8.75 8.202079329594946 -37.12211199381605
    vertex -8.75 10.53371120475396 -35.72935939206535
  endloop
endfacet
facet normal -1 0 0
  outer loop
    vertex -8.75 8.202079329594946 -37.12211199381605
    vertex -8.75 7.873306129205776 -34.88379954345322
    vertex -8.75 10.53371120475396 -35.72935939206535
  endloop
endfacet
facet normal -1 0 0
  outer loop
    vertex -8.75 8.202079329594946 -37.12211199381605
    vertex -8.75 5.520043864130648 -36.34512768433529
    vertex -8.75 7.873306129205776 -34.88379954345322
  endloop
endfacet
facet normal -1 0 0
  outer loop
    vertex -8.75 10.53371120475396 -35.72935939206535
    vertex -8.75 7.873306129205776 -34.88379954345322
    vertex -8.75 10.22656839428091 -33.42247140257115
  endloop
endfacet
facet normal -1 0 0
  outer loop
    vertex -8.75 0 -29.07405917913653
    vertex -8.75 0 -25.81480178174445
    vertex -8.75 2.687361817257016 -27.3346350095465
  endloop
endfacet
facet normal -1 0 0
  outer loop
    vertex -8.75 0 -25.81480178174445
    vertex -8.75 2.687361817257016 -24.07537761215443
    vertex -8.75 2.687361817257016 -27.3346350095465
  endloop
endfacet
facet normal -1 0 0
  outer loop
    vertex -8.75 0 -25.81480178174445
    vertex -8.75 0 -22.55554438435238
    vertex -8.75 2.687361817257016 -24.07537761215443
  endloop
endfacet
facet normal -1 0 0
  outer loop
    vertex -8.75 2.687361817257016 -27.3346350095465
    vertex -8.75 2.687361817257016 -24.07537761215443
    vertex -8.75 5.374723634514032 -25.59521083995647
  endloop
endfacet
facet normal -1 0 0
  outer loop
    vertex -8.75 0 -22.55554438435238
    vertex -8.75 0 -19.29628698696031
    vertex -8.75 2.669887340948373 -20.91812654513117
  endloop
endfacet
facet normal -1 0 0
  outer loop
    vertex -8.75 0 -19.29628698696031
    vertex -8.75 2.669887340948373 -17.6588691477391
    vertex -8.75 2.669887340948373 -20.91812654513117
  endloop
endfacet
facet normal -1 0 0
  outer loop
    vertex -8.75 0 -19.29628698696031
    vertex -8.75 0 -16.03702958956824
    vertex -8.75 2.669887340948373 -17.6588691477391
  endloop
endfacet
facet normal -1 0 0
  outer loop
    vertex -8.75 2.669887340948373 -20.91812654513117
    vertex -8.75 2.669887340948373 -17.6588691477391
    vertex -8.75 5.339774681896746 -19.28070870590996
  endloop
endfacet
facet normal -1 0 0
  outer loop
    vertex -8.75 0 -16.03702958956824
    vertex -8.75 0 -12.77777219217618
    vertex -8.75 2.530875229721893 -14.42559606919015
  endloop
endfacet
facet normal -1 0 0
  outer loop
    vertex -8.75 0 -12.77777219217618
    vertex -8.75 2.530875229721893 -11.16633867179809
    vertex -8.75 2.530875229721893 -14.42559606919015
  endloop
endfacet
facet normal -1 0 0
  outer loop
    vertex -8.75 0 -12.77777219217618
    vertex -8.75 0 -9.518514794784126
    vertex -8.75 2.530875229721893 -11.16633867179809
  endloop
endfacet
facet normal -1 0 0
  outer loop
    vertex -8.75 2.530875229721893 -14.42559606919015
    vertex -8.75 2.530875229721893 -11.16633867179809
    vertex -8.75 5.061750459443786 -12.81416254881205
  endloop
endfacet
facet normal -1 0 0
  outer loop
    vertex -8.75 9.996206246096779 -8.622221073270405
    vertex -8.75 12.42833579643019 -10.63157087823922
    vertex -8.75 9.998885965465629 -12.21896834933017
  endloop
endfacet
facet normal -1 0 -0
  outer loop
    vertex -8.75 12.42833579643019 -10.63157087823922
    vertex -8.75 12.43101551579904 -14.22831815429899
    vertex -8.75 9.998885965465629 -12.21896834933017
  endloop
endfacet
facet normal -1 0 0
  outer loop
    vertex -8.75 12.42833579643019 -10.63157087823922
    vertex -8.75 14.8604653467636 -12.64092068320804
    vertex -8.75 12.43101551579904 -14.22831815429899
  endloop
endfacet
facet normal -1 0 0
  outer loop
    vertex -8.75 9.998885965465629 -12.21896834933017
    vertex -8.75 12.43101551579904 -14.22831815429899
    vertex -8.75 10.00156568483448 -15.81571562538994
  endloop
endfacet
facet normal -1 0 0
  outer loop
    vertex -8.75 5.061750459443786 -12.81416254881205
    vertex -8.75 7.528978352770283 -10.71819181104123
    vertex -8.75 7.531658072139132 -14.314939087101
  endloop
endfacet
facet normal -1 0 0
  outer loop
    vertex -8.75 7.528978352770283 -10.71819181104123
    vertex -8.75 9.998885965465629 -12.21896834933017
    vertex -8.75 7.531658072139132 -14.314939087101
  endloop
endfacet
facet normal -1 0 0
  outer loop
    vertex -8.75 7.528978352770283 -10.71819181104123
    vertex -8.75 9.996206246096779 -8.622221073270405
    vertex -8.75 9.998885965465629 -12.21896834933017
  endloop
endfacet
facet normal -1 0 0
  outer loop
    vertex -8.75 7.531658072139132 -14.314939087101
    vertex -8.75 9.998885965465629 -12.21896834933017
    vertex -8.75 10.00156568483448 -15.81571562538994
  endloop
endfacet
facet normal -1 0 -0
  outer loop
    vertex -8.75 20 -9.378559610219813
    vertex -8.75 20 -12.56783941532972
    vertex -8.75 17.4302326733818 -11.00974014671393
  endloop
endfacet
facet normal -1 -0 0
  outer loop
    vertex -8.75 20 -12.56783941532972
    vertex -8.75 17.4302326733818 -14.19901995182384
    vertex -8.75 17.4302326733818 -11.00974014671393
  endloop
endfacet
facet normal -1 0 -0
  outer loop
    vertex -8.75 20 -12.56783941532972
    vertex -8.75 20 -15.75711922043963
    vertex -8.75 17.4302326733818 -14.19901995182384
  endloop
endfacet
facet normal -1 0 -0
  outer loop
    vertex -8.75 17.4302326733818 -11.00974014671393
    vertex -8.75 17.4302326733818 -14.19901995182384
    vertex -8.75 14.8604653467636 -12.64092068320804
  endloop
endfacet
facet normal -1 0 -0
  outer loop
    vertex -8.75 20 -15.75711922043963
    vertex -8.75 20 -18.94639902554952
    vertex -8.75 17.42333383902696 -17.36892778861322
  endloop
endfacet
facet normal -1 -0 0
  outer loop
    vertex -8.75 20 -18.94639902554952
    vertex -8.75 17.42333383902696 -20.55820759372311
    vertex -8.75 17.42333383902696 -17.36892778861322
  endloop
endfacet
facet normal -1 0 -0
  outer loop
    vertex -8.75 20 -18.94639902554952
    vertex -8.75 20 -22.13567883065942
    vertex -8.75 17.42333383902696 -20.55820759372311
  endloop
endfacet
facet normal -1 0 -0
  outer loop
    vertex -8.75 17.42333383902696 -17.36892778861322
    vertex -8.75 17.42333383902696 -20.55820759372311
    vertex -8.75 14.84666767805392 -18.9807363567868
  endloop
endfacet
facet normal -1 0 0
  outer loop
    vertex -8.75 5.520043864130648 -36.34512768433529
    vertex -8.75 2.782995710769989 -35.7962717511851
    vertex -8.75 5.260876957460558 -33.79332592880973
  endloop
endfacet
facet normal -1 0 0
  outer loop
    vertex -8.75 2.782995710769989 -35.7962717511851
    vertex -8.75 2.500855025395234 -33.41704907360241
    vertex -8.75 5.260876957460558 -33.79332592880973
  endloop
endfacet
facet normal -1 0 0
  outer loop
    vertex -8.75 2.782995710769989 -35.7962717511851
    vertex -8.75 1.071565949253934e-15 -35.59257397392065
    vertex -8.75 2.500855025395234 -33.41704907360241
  endloop
endfacet
facet normal -1 0 0
  outer loop
    vertex -8.75 5.260876957460558 -33.79332592880973
    vertex -8.75 2.500855025395234 -33.41704907360241
    vertex -8.75 5.001710050790467 -31.24152417328417
  endloop
endfacet
facet normal -1 0 0
  outer loop
    vertex -8.75 1.071565949253934e-15 -35.59257397392065
    vertex -8.75 0 -32.33331657652859
    vertex -8.75 2.500855025395234 -33.41704907360241
  endloop
endfacet
facet normal -1 0 0
  outer loop
    vertex -8.75 0 -32.33331657652859
    vertex -8.75 2.500855025395234 -30.15779167621034
    vertex -8.75 2.500855025395234 -33.41704907360241
  endloop
endfacet
facet normal -1 0 0
  outer loop
    vertex -8.75 0 -32.33331657652859
    vertex -8.75 0 -29.07405917913653
    vertex -8.75 2.500855025395234 -30.15779167621034
  endloop
endfacet
facet normal -1 0 0
  outer loop
    vertex -8.75 2.500855025395234 -33.41704907360241
    vertex -8.75 2.500855025395234 -30.15779167621034
    vertex -8.75 5.001710050790467 -31.24152417328417
  endloop
endfacet
facet normal -1 0 0
  outer loop
    vertex -8.75 5.374723634514032 -25.59521083995647
    vertex -8.75 2.687361817257016 -24.07537761215443
    vertex -8.75 5.35724915820539 -22.43795977293322
  endloop
endfacet
facet normal -1 0 0
  outer loop
    vertex -8.75 2.687361817257016 -24.07537761215443
    vertex -8.75 2.669887340948373 -20.91812654513117
    vertex -8.75 5.35724915820539 -22.43795977293322
  endloop
endfacet
facet normal -1 0 0
  outer loop
    vertex -8.75 2.687361817257016 -24.07537761215443
    vertex -8.75 0 -22.55554438435238
    vertex -8.75 2.669887340948373 -20.91812654513117
  endloop
endfacet
facet normal -1 0 0
  outer loop
    vertex -8.75 5.35724915820539 -22.43795977293322
    vertex -8.75 2.669887340948373 -20.91812654513117
    vertex -8.75 5.339774681896746 -19.28070870590996
  endloop
endfacet
facet normal -1 0 0
  outer loop
    vertex -8.75 0 -16.03702958956824
    vertex -8.75 2.530875229721893 -14.42559606919015
    vertex -8.75 2.669887340948373 -17.6588691477391
  endloop
endfacet
facet normal -1 0 0
  outer loop
    vertex -8.75 2.530875229721893 -14.42559606919015
    vertex -8.75 5.200762570670266 -16.047435627361
    vertex -8.75 2.669887340948373 -17.6588691477391
  endloop
endfacet
facet normal -1 0 0
  outer loop
    vertex -8.75 2.530875229721893 -14.42559606919015
    vertex -8.75 5.061750459443786 -12.81416254881205
    vertex -8.75 5.200762570670266 -16.047435627361
  endloop
endfacet
facet normal -1 0 0
  outer loop
    vertex -8.75 2.669887340948373 -17.6588691477391
    vertex -8.75 5.200762570670266 -16.047435627361
    vertex -8.75 5.339774681896746 -19.28070870590996
  endloop
endfacet
facet normal -1 0 -0
  outer loop
    vertex -8.75 20 -22.13567883065942
    vertex -8.75 20 -25.32495863576931
    vertex -8.75 17.52397609832051 -23.63335900134115
  endloop
endfacet
facet normal -1 -0 0
  outer loop
    vertex -8.75 20 -25.32495863576931
    vertex -8.75 17.52397609832051 -26.82263880645104
    vertex -8.75 17.52397609832051 -23.63335900134115
  endloop
endfacet
facet normal -1 0 -0
  outer loop
    vertex -8.75 20 -25.32495863576931
    vertex -8.75 20 -28.5142384408792
    vertex -8.75 17.52397609832051 -26.82263880645104
  endloop
endfacet
facet normal -1 0 -0
  outer loop
    vertex -8.75 17.52397609832051 -23.63335900134115
    vertex -8.75 17.52397609832051 -26.82263880645104
    vertex -8.75 15.04795219664101 -25.13103917202288
  endloop
endfacet
facet normal -1 0 0
  outer loop
    vertex -8.75 6.666666666666705 -3
    vertex -8.75 10.00000000000003 -3
    vertex -8.75 8.331436456381741 -5.811110536635201
  endloop
endfacet
facet normal -1 0 -0
  outer loop
    vertex -8.75 10.00000000000003 -3
    vertex -8.75 11.66476978971506 -5.811110536635201
    vertex -8.75 8.331436456381741 -5.811110536635201
  endloop
endfacet
facet normal -1 0 0
  outer loop
    vertex -8.75 10.00000000000003 -3
    vertex -8.75 13.33333333333335 -3
    vertex -8.75 11.66476978971506 -5.811110536635201
  endloop
endfacet
facet normal -1 0 0
  outer loop
    vertex -8.75 8.331436456381741 -5.811110536635201
    vertex -8.75 11.66476978971506 -5.811110536635201
    vertex -8.75 9.996206246096779 -8.622221073270405
  endloop
endfacet
facet normal -1 -0 0
  outer loop
    vertex -8.75 20 -15.75711922043963
    vertex -8.75 17.42333383902696 -17.36892778861322
    vertex -8.75 17.4302326733818 -14.19901995182384
  endloop
endfacet
facet normal -1 0 0
  outer loop
    vertex -8.75 17.42333383902696 -17.36892778861322
    vertex -8.75 14.85356651240876 -15.81082851999742
    vertex -8.75 17.4302326733818 -14.19901995182384
  endloop
endfacet
facet normal -1 -0 0
  outer loop
    vertex -8.75 17.42333383902696 -17.36892778861322
    vertex -8.75 14.84666767805392 -18.9807363567868
    vertex -8.75 14.85356651240876 -15.81082851999742
  endloop
endfacet
facet normal -1 -0 0
  outer loop
    vertex -8.75 17.4302326733818 -14.19901995182384
    vertex -8.75 14.85356651240876 -15.81082851999742
    vertex -8.75 14.8604653467636 -12.64092068320804
  endloop
endfacet
facet normal -1 0 0
  outer loop
    vertex -8.75 0 -3
    vertex -8.75 3.333333333333353 -3
    vertex -8.75 2.280702531236107 -5.282400803374417
  endloop
endfacet
facet normal -1 0 -0
  outer loop
    vertex -8.75 3.333333333333353 -3
    vertex -8.75 5.614035864569459 -5.282400803374417
    vertex -8.75 2.280702531236107 -5.282400803374417
  endloop
endfacet
facet normal -1 0 0
  outer loop
    vertex -8.75 3.333333333333353 -3
    vertex -8.75 6.666666666666705 -3
    vertex -8.75 5.614035864569459 -5.282400803374417
  endloop
endfacet
facet normal -1 0 0
  outer loop
    vertex -8.75 2.280702531236107 -5.282400803374417
    vertex -8.75 5.614035864569459 -5.282400803374417
    vertex -8.75 4.561405062472214 -7.564801606748834
  endloop
endfacet
facet normal -1 0 0
  outer loop
    vertex -8.75 0 -9.518514794784126
    vertex -8.75 0 -6.259257397392063
    vertex -8.75 2.280702531236107 -8.541658200766481
  endloop
endfacet
facet normal -1 0 0
  outer loop
    vertex -8.75 0 -6.259257397392063
    vertex -8.75 2.280702531236107 -5.282400803374417
    vertex -8.75 2.280702531236107 -8.541658200766481
  endloop
endfacet
facet normal -1 0 0
  outer loop
    vertex -8.75 0 -6.259257397392063
    vertex -8.75 0 -3
    vertex -8.75 2.280702531236107 -5.282400803374417
  endloop
endfacet
facet normal -1 0 0
  outer loop
    vertex -8.75 2.280702531236107 -8.541658200766481
    vertex -8.75 2.280702531236107 -5.282400803374417
    vertex -8.75 4.561405062472214 -7.564801606748834
  endloop
endfacet
facet normal -1 0 0
  outer loop
    vertex -8.75 13.33333333333335 -3
    vertex -8.75 16.66666666666667 -3
    vertex -8.75 14.48566715928605 -5.164170136669826
  endloop
endfacet
facet normal -1 0 -0
  outer loop
    vertex -8.75 16.66666666666667 -3
    vertex -8.75 17.81900049261937 -5.164170136669826
    vertex -8.75 14.48566715928605 -5.164170136669826
  endloop
endfacet
facet normal -1 0 0
  outer loop
    vertex -8.75 16.66666666666667 -3
    vertex -8.75 20 -3
    vertex -8.75 17.81900049261937 -5.164170136669826
  endloop
endfacet
facet normal -1 0 0
  outer loop
    vertex -8.75 14.48566715928605 -5.164170136669826
    vertex -8.75 17.81900049261937 -5.164170136669826
    vertex -8.75 15.63800098523875 -7.328340273339652
  endloop
endfacet
facet normal -1 0 -0
  outer loop
    vertex -8.75 20 -3
    vertex -8.75 20 -6.189279805109907
    vertex -8.75 17.81900049261937 -5.164170136669826
  endloop
endfacet
facet normal -1 -0 0
  outer loop
    vertex -8.75 20 -6.189279805109907
    vertex -8.75 17.81900049261937 -8.353449941779733
    vertex -8.75 17.81900049261937 -5.164170136669826
  endloop
endfacet
facet normal -1 0 -0
  outer loop
    vertex -8.75 20 -6.189279805109907
    vertex -8.75 20 -9.378559610219813
    vertex -8.75 17.81900049261937 -8.353449941779733
  endloop
endfacet
facet normal -1 0 -0
  outer loop
    vertex -8.75 17.81900049261937 -5.164170136669826
    vertex -8.75 17.81900049261937 -8.353449941779733
    vertex -8.75 15.63800098523875 -7.328340273339652
  endloop
endfacet
facet normal -1 -0 0
  outer loop
    vertex -8.75 20 -28.5142384408792
    vertex -8.75 17.56747031126755 -29.74820498056093
    vertex -8.75 17.52397609832051 -26.82263880645104
  endloop
endfacet
facet normal -1 0 0
  outer loop
    vertex -8.75 17.56747031126755 -29.74820498056093
    vertex -8.75 15.09144640958806 -28.05660534613277
    vertex -8.75 17.52397609832051 -26.82263880645104
  endloop
endfacet
facet normal -1 -0 0
  outer loop
    vertex -8.75 17.56747031126755 -29.74820498056093
    vertex -8.75 15.1349406225351 -30.98217152024266
    vertex -8.75 15.09144640958806 -28.05660534613277
  endloop
endfacet
facet normal -1 -0 0
  outer loop
    vertex -8.75 17.52397609832051 -26.82263880645104
    vertex -8.75 15.09144640958806 -28.05660534613277
    vertex -8.75 15.04795219664101 -25.13103917202288
  endloop
endfacet
facet normal -1 0 0
  outer loop
    vertex -8.75 14.84666767805392 -18.9807363567868
    vertex -8.75 17.42333383902696 -20.55820759372311
    vertex -8.75 14.94730993734746 -22.05588776440484
  endloop
endfacet
facet normal -1 0 -0
  outer loop
    vertex -8.75 17.42333383902696 -20.55820759372311
    vertex -8.75 17.52397609832051 -23.63335900134115
    vertex -8.75 14.94730993734746 -22.05588776440484
  endloop
endfacet
facet normal -1 0 0
  outer loop
    vertex -8.75 17.42333383902696 -20.55820759372311
    vertex -8.75 20 -22.13567883065942
    vertex -8.75 17.52397609832051 -23.63335900134115
  endloop
endfacet
facet normal -1 0 0
  outer loop
    vertex -8.75 14.94730993734746 -22.05588776440484
    vertex -8.75 17.52397609832051 -23.63335900134115
    vertex -8.75 15.04795219664101 -25.13103917202288
  endloop
endfacet
facet normal -1 0 0
  outer loop
    vertex -8.75 10.22656839428091 -33.42247140257115
    vertex -8.75 7.614139222535686 -32.33199778792766
    vertex -8.75 10.18654458880957 -30.75967703491234
  endloop
endfacet
facet normal -1 0 0
  outer loop
    vertex -8.75 7.614139222535686 -32.33199778792766
    vertex -8.75 7.574115417064349 -29.66920342026885
    vertex -8.75 10.18654458880957 -30.75967703491234
  endloop
endfacet
facet normal -1 0 0
  outer loop
    vertex -8.75 7.614139222535686 -32.33199778792766
    vertex -8.75 5.001710050790467 -31.24152417328417
    vertex -8.75 7.574115417064349 -29.66920342026885
  endloop
endfacet
facet normal -1 0 0
  outer loop
    vertex -8.75 10.18654458880957 -30.75967703491234
    vertex -8.75 7.574115417064349 -29.66920342026885
    vertex -8.75 10.14652078333823 -28.09688266725353
  endloop
endfacet
facet normal -1 0 0
  outer loop
    vertex -8.75 0 -29.07405917913653
    vertex -8.75 2.687361817257016 -27.3346350095465
    vertex -8.75 2.500855025395234 -30.15779167621034
  endloop
endfacet
facet normal -1 0 -0
  outer loop
    vertex -8.75 2.687361817257016 -27.3346350095465
    vertex -8.75 5.188216842652249 -28.41836750662032
    vertex -8.75 2.500855025395234 -30.15779167621034
  endloop
endfacet
facet normal -1 0 0
  outer loop
    vertex -8.75 2.687361817257016 -27.3346350095465
    vertex -8.75 5.374723634514032 -25.59521083995647
    vertex -8.75 5.188216842652249 -28.41836750662032
  endloop
endfacet
facet normal -1 0 0
  outer loop
    vertex -8.75 2.500855025395234 -30.15779167621034
    vertex -8.75 5.188216842652249 -28.41836750662032
    vertex -8.75 5.001710050790467 -31.24152417328417
  endloop
endfacet
facet normal -1 0 0
  outer loop
    vertex -8.75 10.00156568483448 -15.81571562538994
    vertex -8.75 12.4241166814442 -17.39822599108837
    vertex -8.75 10.04739774305117 -19.01229726041691
  endloop
endfacet
facet normal -1 0 -0
  outer loop
    vertex -8.75 12.4241166814442 -17.39822599108837
    vertex -8.75 12.46994873966089 -20.59480762611534
    vertex -8.75 10.04739774305117 -19.01229726041691
  endloop
endfacet
facet normal -1 0 0
  outer loop
    vertex -8.75 12.4241166814442 -17.39822599108837
    vertex -8.75 14.84666767805392 -18.9807363567868
    vertex -8.75 12.46994873966089 -20.59480762611534
  endloop
endfacet
facet normal -1 0 0
  outer loop
    vertex -8.75 10.04739774305117 -19.01229726041691
    vertex -8.75 12.46994873966089 -20.59480762611534
    vertex -8.75 10.09322980126787 -22.20887889544388
  endloop
endfacet
facet normal -1 0 0
  outer loop
    vertex -8.75 5.001710050790467 -31.24152417328417
    vertex -8.75 5.188216842652249 -28.41836750662032
    vertex -8.75 7.574115417064349 -29.66920342026885
  endloop
endfacet
facet normal -1 0 0
  outer loop
    vertex -8.75 5.188216842652249 -28.41836750662032
    vertex -8.75 7.760622208926132 -26.846046753605
    vertex -8.75 7.574115417064349 -29.66920342026885
  endloop
endfacet
facet normal -1 0 0
  outer loop
    vertex -8.75 5.188216842652249 -28.41836750662032
    vertex -8.75 5.374723634514032 -25.59521083995647
    vertex -8.75 7.760622208926132 -26.846046753605
  endloop
endfacet
facet normal -1 0 0
  outer loop
    vertex -8.75 7.574115417064349 -29.66920342026885
    vertex -8.75 7.760622208926132 -26.846046753605
    vertex -8.75 10.14652078333823 -28.09688266725353
  endloop
endfacet
facet normal -1 0 0
  outer loop
    vertex -8.75 5.061750459443786 -12.81416254881205
    vertex -8.75 2.530875229721893 -11.16633867179809
    vertex -8.75 4.811577760958 -10.18948207778044
  endloop
endfacet
facet normal -1 0 0
  outer loop
    vertex -8.75 2.530875229721893 -11.16633867179809
    vertex -8.75 2.280702531236107 -8.541658200766481
    vertex -8.75 4.811577760958 -10.18948207778044
  endloop
endfacet
facet normal -1 0 0
  outer loop
    vertex -8.75 2.530875229721893 -11.16633867179809
    vertex -8.75 0 -9.518514794784126
    vertex -8.75 2.280702531236107 -8.541658200766481
  endloop
endfacet
facet normal -1 0 0
  outer loop
    vertex -8.75 4.811577760958 -10.18948207778044
    vertex -8.75 2.280702531236107 -8.541658200766481
    vertex -8.75 4.561405062472214 -7.564801606748834
  endloop
endfacet
facet normal -1 0 0
  outer loop
    vertex -8.75 14.8604653467636 -12.64092068320804
    vertex -8.75 14.85356651240876 -15.81082851999742
    vertex -8.75 12.43101551579904 -14.22831815429899
  endloop
endfacet
facet normal -1 -0 0
  outer loop
    vertex -8.75 14.85356651240876 -15.81082851999742
    vertex -8.75 12.4241166814442 -17.39822599108837
    vertex -8.75 12.43101551579904 -14.22831815429899
  endloop
endfacet
facet normal -1 0 0
  outer loop
    vertex -8.75 14.85356651240876 -15.81082851999742
    vertex -8.75 14.84666767805392 -18.9807363567868
    vertex -8.75 12.4241166814442 -17.39822599108837
  endloop
endfacet
facet normal -1 0 0
  outer loop
    vertex -8.75 12.43101551579904 -14.22831815429899
    vertex -8.75 12.4241166814442 -17.39822599108837
    vertex -8.75 10.00156568483448 -15.81571562538994
  endloop
endfacet
facet normal -1 0 0
  outer loop
    vertex -8.75 5.339774681896746 -19.28070870590996
    vertex -8.75 5.200762570670266 -16.047435627361
    vertex -8.75 7.670670183365612 -17.54821216564995
  endloop
endfacet
facet normal -1 0 0
  outer loop
    vertex -8.75 5.200762570670266 -16.047435627361
    vertex -8.75 7.531658072139132 -14.314939087101
    vertex -8.75 7.670670183365612 -17.54821216564995
  endloop
endfacet
facet normal -1 0 0
  outer loop
    vertex -8.75 5.200762570670266 -16.047435627361
    vertex -8.75 5.061750459443786 -12.81416254881205
    vertex -8.75 7.531658072139132 -14.314939087101
  endloop
endfacet
facet normal -1 0 0
  outer loop
    vertex -8.75 7.670670183365612 -17.54821216564995
    vertex -8.75 7.531658072139132 -14.314939087101
    vertex -8.75 10.00156568483448 -15.81571562538994
  endloop
endfacet
facet normal -1 0 0
  outer loop
    vertex -8.75 5.339774681896746 -19.28070870590996
    vertex -8.75 7.670670183365612 -17.54821216564995
    vertex -8.75 7.716502241582307 -20.74479380067692
  endloop
endfacet
facet normal -1 0 0
  outer loop
    vertex -8.75 7.670670183365612 -17.54821216564995
    vertex -8.75 10.04739774305117 -19.01229726041691
    vertex -8.75 7.716502241582307 -20.74479380067692
  endloop
endfacet
facet normal -1 0 0
  outer loop
    vertex -8.75 7.670670183365612 -17.54821216564995
    vertex -8.75 10.00156568483448 -15.81571562538994
    vertex -8.75 10.04739774305117 -19.01229726041691
  endloop
endfacet
facet normal -1 0 0
  outer loop
    vertex -8.75 7.716502241582307 -20.74479380067692
    vertex -8.75 10.04739774305117 -19.01229726041691
    vertex -8.75 10.09322980126787 -22.20887889544388
  endloop
endfacet
facet normal -1 0 0
  outer loop
    vertex -8.75 5.374723634514032 -25.59521083995647
    vertex -8.75 5.35724915820539 -22.43795977293322
    vertex -8.75 7.73397671789095 -23.90204486770017
  endloop
endfacet
facet normal -1 0 0
  outer loop
    vertex -8.75 5.35724915820539 -22.43795977293322
    vertex -8.75 7.716502241582307 -20.74479380067692
    vertex -8.75 7.73397671789095 -23.90204486770017
  endloop
endfacet
facet normal -1 0 0
  outer loop
    vertex -8.75 5.35724915820539 -22.43795977293322
    vertex -8.75 5.339774681896746 -19.28070870590996
    vertex -8.75 7.716502241582307 -20.74479380067692
  endloop
endfacet
facet normal -1 0 0
  outer loop
    vertex -8.75 7.73397671789095 -23.90204486770017
    vertex -8.75 7.716502241582307 -20.74479380067692
    vertex -8.75 10.09322980126787 -22.20887889544388
  endloop
endfacet
facet normal -1 -0 0
  outer loop
    vertex -8.75 15.1349406225351 -30.98217152024266
    vertex -8.75 12.680754508408 -32.2023214614069
    vertex -8.75 12.64073070293667 -29.5395270937481
  endloop
endfacet
facet normal -1 0 0
  outer loop
    vertex -8.75 12.680754508408 -32.2023214614069
    vertex -8.75 10.18654458880957 -30.75967703491234
    vertex -8.75 12.64073070293667 -29.5395270937481
  endloop
endfacet
facet normal -1 -0 0
  outer loop
    vertex -8.75 12.680754508408 -32.2023214614069
    vertex -8.75 10.22656839428091 -33.42247140257115
    vertex -8.75 10.18654458880957 -30.75967703491234
  endloop
endfacet
facet normal -1 -0 0
  outer loop
    vertex -8.75 12.64073070293667 -29.5395270937481
    vertex -8.75 10.18654458880957 -30.75967703491234
    vertex -8.75 10.14652078333823 -28.09688266725353
  endloop
endfacet
facet normal -1 -0 0
  outer loop
    vertex -8.75 20 -9.378559610219813
    vertex -8.75 17.4302326733818 -11.00974014671393
    vertex -8.75 17.81900049261937 -8.353449941779733
  endloop
endfacet
facet normal -1 0 0
  outer loop
    vertex -8.75 17.4302326733818 -11.00974014671393
    vertex -8.75 15.24923316600118 -9.984630478273846
    vertex -8.75 17.81900049261937 -8.353449941779733
  endloop
endfacet
facet normal -1 -0 0
  outer loop
    vertex -8.75 17.4302326733818 -11.00974014671393
    vertex -8.75 14.8604653467636 -12.64092068320804
    vertex -8.75 15.24923316600118 -9.984630478273846
  endloop
endfacet
facet normal -1 -0 0
  outer loop
    vertex -8.75 17.81900049261937 -8.353449941779733
    vertex -8.75 15.24923316600118 -9.984630478273846
    vertex -8.75 15.63800098523875 -7.328340273339652
  endloop
endfacet
facet normal -1 0 -0
  outer loop
    vertex -8.75 14.84666767805392 -18.9807363567868
    vertex -8.75 14.94730993734746 -22.05588776440484
    vertex -8.75 12.46994873966089 -20.59480762611534
  endloop
endfacet
facet normal -1 -0 0
  outer loop
    vertex -8.75 14.94730993734746 -22.05588776440484
    vertex -8.75 12.57059099895444 -23.66995903373338
    vertex -8.75 12.46994873966089 -20.59480762611534
  endloop
endfacet
facet normal -1 0 -0
  outer loop
    vertex -8.75 14.94730993734746 -22.05588776440484
    vertex -8.75 15.04795219664101 -25.13103917202288
    vertex -8.75 12.57059099895444 -23.66995903373338
  endloop
endfacet
facet normal -1 0 -0
  outer loop
    vertex -8.75 12.46994873966089 -20.59480762611534
    vertex -8.75 12.57059099895444 -23.66995903373338
    vertex -8.75 10.09322980126787 -22.20887889544388
  endloop
endfacet
facet normal -1 0 0
  outer loop
    vertex -8.75 9.996206246096779 -8.622221073270405
    vertex -8.75 11.66476978971506 -5.811110536635201
    vertex -8.75 12.81710361566776 -7.975280673305029
  endloop
endfacet
facet normal -1 0 0
  outer loop
    vertex -8.75 11.66476978971506 -5.811110536635201
    vertex -8.75 14.48566715928605 -5.164170136669826
    vertex -8.75 12.81710361566776 -7.975280673305029
  endloop
endfacet
facet normal -1 0 0
  outer loop
    vertex -8.75 11.66476978971506 -5.811110536635201
    vertex -8.75 13.33333333333335 -3
    vertex -8.75 14.48566715928605 -5.164170136669826
  endloop
endfacet
facet normal -1 0 0
  outer loop
    vertex -8.75 12.81710361566776 -7.975280673305029
    vertex -8.75 14.48566715928605 -5.164170136669826
    vertex -8.75 15.63800098523875 -7.328340273339652
  endloop
endfacet
facet normal -1 0 -0
  outer loop
    vertex -8.75 6.666666666666705 -3
    vertex -8.75 8.331436456381741 -5.811110536635201
    vertex -8.75 5.614035864569459 -5.282400803374417
  endloop
endfacet
facet normal -1 -0 0
  outer loop
    vertex -8.75 8.331436456381741 -5.811110536635201
    vertex -8.75 7.278805654284497 -8.09351134000962
    vertex -8.75 5.614035864569459 -5.282400803374417
  endloop
endfacet
facet normal -1 0 -0
  outer loop
    vertex -8.75 8.331436456381741 -5.811110536635201
    vertex -8.75 9.996206246096779 -8.622221073270405
    vertex -8.75 7.278805654284497 -8.09351134000962
  endloop
endfacet
facet normal -1 0 -0
  outer loop
    vertex -8.75 5.614035864569459 -5.282400803374417
    vertex -8.75 7.278805654284497 -8.09351134000962
    vertex -8.75 4.561405062472214 -7.564801606748834
  endloop
endfacet
facet normal -1 -0 0
  outer loop
    vertex -8.75 9.996206246096779 -8.622221073270405
    vertex -8.75 7.528978352770283 -10.71819181104123
    vertex -8.75 7.278805654284497 -8.09351134000962
  endloop
endfacet
facet normal -1 0 0
  outer loop
    vertex -8.75 7.528978352770283 -10.71819181104123
    vertex -8.75 4.811577760958 -10.18948207778044
    vertex -8.75 7.278805654284497 -8.09351134000962
  endloop
endfacet
facet normal -1 -0 0
  outer loop
    vertex -8.75 7.528978352770283 -10.71819181104123
    vertex -8.75 5.061750459443786 -12.81416254881205
    vertex -8.75 4.811577760958 -10.18948207778044
  endloop
endfacet
facet normal -1 -0 0
  outer loop
    vertex -8.75 7.278805654284497 -8.09351134000962
    vertex -8.75 4.811577760958 -10.18948207778044
    vertex -8.75 4.561405062472214 -7.564801606748834
  endloop
endfacet
facet normal -1 0 0
  outer loop
    vertex -8.75 14.8604653467636 -12.64092068320804
    vertex -8.75 12.42833579643019 -10.63157087823922
    vertex -8.75 15.24923316600118 -9.984630478273846
  endloop
endfacet
facet normal -1 0 0
  outer loop
    vertex -8.75 12.42833579643019 -10.63157087823922
    vertex -8.75 12.81710361566776 -7.975280673305029
    vertex -8.75 15.24923316600118 -9.984630478273846
  endloop
endfacet
facet normal -1 0 0
  outer loop
    vertex -8.75 12.42833579643019 -10.63157087823922
    vertex -8.75 9.996206246096779 -8.622221073270405
    vertex -8.75 12.81710361566776 -7.975280673305029
  endloop
endfacet
facet normal -1 0 0
  outer loop
    vertex -8.75 15.24923316600118 -9.984630478273846
    vertex -8.75 12.81710361566776 -7.975280673305029
    vertex -8.75 15.63800098523875 -7.328340273339652
  endloop
endfacet
facet normal -1 0 -0
  outer loop
    vertex -8.75 15.04795219664101 -25.13103917202288
    vertex -8.75 15.09144640958806 -28.05660534613277
    vertex -8.75 12.59723648998962 -26.61396091963821
  endloop
endfacet
facet normal -1 -0 0
  outer loop
    vertex -8.75 15.09144640958806 -28.05660534613277
    vertex -8.75 12.64073070293667 -29.5395270937481
    vertex -8.75 12.59723648998962 -26.61396091963821
  endloop
endfacet
facet normal -1 0 -0
  outer loop
    vertex -8.75 15.09144640958806 -28.05660534613277
    vertex -8.75 15.1349406225351 -30.98217152024266
    vertex -8.75 12.64073070293667 -29.5395270937481
  endloop
endfacet
facet normal -1 0 -0
  outer loop
    vertex -8.75 12.59723648998962 -26.61396091963821
    vertex -8.75 12.64073070293667 -29.5395270937481
    vertex -8.75 10.14652078333823 -28.09688266725353
  endloop
endfacet
facet normal -1 -0 0
  outer loop
    vertex -8.75 10.22656839428091 -33.42247140257115
    vertex -8.75 7.873306129205776 -34.88379954345322
    vertex -8.75 7.614139222535686 -32.33199778792766
  endloop
endfacet
facet normal -1 0 0
  outer loop
    vertex -8.75 7.873306129205776 -34.88379954345322
    vertex -8.75 5.260876957460558 -33.79332592880973
    vertex -8.75 7.614139222535686 -32.33199778792766
  endloop
endfacet
facet normal -1 -0 0
  outer loop
    vertex -8.75 7.873306129205776 -34.88379954345322
    vertex -8.75 5.520043864130648 -36.34512768433529
    vertex -8.75 5.260876957460558 -33.79332592880973
  endloop
endfacet
facet normal -1 -0 0
  outer loop
    vertex -8.75 7.614139222535686 -32.33199778792766
    vertex -8.75 5.260876957460558 -33.79332592880973
    vertex -8.75 5.001710050790467 -31.24152417328417
  endloop
endfacet
facet normal -1 0 0
  outer loop
    vertex -8.75 10.09322980126787 -22.20887889544388
    vertex -8.75 12.57059099895444 -23.66995903373338
    vertex -8.75 10.11987529230305 -25.15288078134871
  endloop
endfacet
facet normal -1 0 -0
  outer loop
    vertex -8.75 12.57059099895444 -23.66995903373338
    vertex -8.75 12.59723648998962 -26.61396091963821
    vertex -8.75 10.11987529230305 -25.15288078134871
  endloop
endfacet
facet normal -1 0 0
  outer loop
    vertex -8.75 12.57059099895444 -23.66995903373338
    vertex -8.75 15.04795219664101 -25.13103917202288
    vertex -8.75 12.59723648998962 -26.61396091963821
  endloop
endfacet
facet normal -1 0 0
  outer loop
    vertex -8.75 10.11987529230305 -25.15288078134871
    vertex -8.75 12.59723648998962 -26.61396091963821
    vertex -8.75 10.14652078333823 -28.09688266725353
  endloop
endfacet
facet normal -1 0 0
  outer loop
    vertex -8.75 5.374723634514032 -25.59521083995647
    vertex -8.75 7.73397671789095 -23.90204486770017
    vertex -8.75 7.760622208926132 -26.846046753605
  endloop
endfacet
facet normal -1 0 0
  outer loop
    vertex -8.75 7.73397671789095 -23.90204486770017
    vertex -8.75 10.11987529230305 -25.15288078134871
    vertex -8.75 7.760622208926132 -26.846046753605
  endloop
endfacet
facet normal -1 0 0
  outer loop
    vertex -8.75 7.73397671789095 -23.90204486770017
    vertex -8.75 10.09322980126787 -22.20887889544388
    vertex -8.75 10.11987529230305 -25.15288078134871
  endloop
endfacet
facet normal -1 0 0
  outer loop
    vertex -8.75 7.760622208926132 -26.846046753605
    vertex -8.75 10.11987529230305 -25.15288078134871
    vertex -8.75 10.14652078333823 -28.09688266725353
  endloop
endfacet
facet normal -1 -4.45423e-15 1.18482e-14
  outer loop
    vertex -8.749999999999998 10.84085401522702 -38.03624738155955
    vertex -8.75 13.13064051142027 -37.32534820443895
    vertex -8.75 10.84085401522702 -38.18617369254862
  endloop
endfacet
facet normal -1 0 -0
  outer loop
    vertex -8.75 13.13064051142027 -37.32534820443895
    vertex -8.75 13.13064051142027 -37.47527451542802
    vertex -8.75 10.84085401522702 -38.18617369254862
  endloop
endfacet
facet normal -1 0 0
  outer loop
    vertex -8.75 13.13064051142027 -37.32534820443895
    vertex -8.75 15.42042700761352 -36.61444902731835
    vertex -8.75 13.13064051142027 -37.47527451542802
  endloop
endfacet
facet normal -1 0 0
  outer loop
    vertex -8.75 10.84085401522702 -38.18617369254862
    vertex -8.75 13.13064051142027 -37.47527451542802
    vertex -8.75 10.84085401522702 -38.33610000353769
  endloop
endfacet
facet normal -0.313996 0.310783 0.897118
  outer loop
    vertex -8.749999999999998 10.84085401522702 -38.03624738155955
    vertex -10.9302582873951 8.63805936251277 -38.03624738155955
    vertex -8.75 8.202079329594946 -37.12211199381605
  endloop
endfacet
facet normal -0.334237 0.239708 0.911496
  outer loop
    vertex -10.9302582873951 8.63805936251277 -38.03624738155955
    vertex -10.6630231188452 5.765650817557312 -37.18285898015423
    vertex -8.75 8.202079329594946 -37.12211199381605
  endloop
endfacet
facet normal -0.37266 0.232253 0.898434
  outer loop
    vertex -10.9302582873951 8.63805936251277 -38.03624738155955
    vertex -12.56955084251062 6.00774561686865 -38.03624738155955
    vertex -10.6630231188452 5.765650817557312 -37.18285898015423
  endloop
endfacet
facet normal -0.359203 0.259687 0.896402
  outer loop
    vertex -8.75 8.202079329594946 -37.12211199381605
    vertex -10.6630231188452 5.765650817557312 -37.18285898015423
    vertex -8.75 5.520043864130648 -36.34512768433529
  endloop
endfacet
facet normal -0.444283 0.0497282 0.894505
  outer loop
    vertex -13.93149725548061 1.706116352125447e-15 -38.03624738155955
    vertex -12.32681850637733 1.334599682039219 -37.31342994144087
    vertex -13.58674498996217 3.080093563059665 -38.03624738155955
  endloop
endfacet
facet normal -0.394664 0.0936338 0.914042
  outer loop
    vertex -12.32681850637733 1.334599682039219 -37.31342994144087
    vertex -11.63988266719137 4.340640805995896 -37.32476198195688
    vertex -13.58674498996217 3.080093563059665 -38.03624738155955
  endloop
endfacet
facet normal -0.439541 0.103807 0.892204
  outer loop
    vertex -12.32681850637733 1.334599682039219 -37.31342994144087
    vertex -10.68894903648734 2.665605871938864 -36.66140045869435
    vertex -11.63988266719137 4.340640805995896 -37.32476198195688
  endloop
endfacet
facet normal -0.421886 0.146582 0.894721
  outer loop
    vertex -13.58674498996217 3.080093563059665 -38.03624738155955
    vertex -11.63988266719137 4.340640805995896 -37.32476198195688
    vertex -12.56955084251062 6.00774561686865 -38.03624738155955
  endloop
endfacet
facet normal -0.359933 0.183437 0.914767
  outer loop
    vertex -8.75 5.520043864130648 -36.34512768433529
    vertex -9.74210281012202 4.102353534995821 -36.45120320759891
    vertex -8.75 2.782995710769989 -35.7962717511851
  endloop
endfacet
facet normal -0.439505 0.111924 0.89124
  outer loop
    vertex -9.74210281012202 4.102353534995821 -36.45120320759891
    vertex -9.732584130822422 1.334600618560359 -36.09892982743476
    vertex -8.75 2.782995710769989 -35.7962717511851
  endloop
endfacet
facet normal -0.379148 0.115549 0.918093
  outer loop
    vertex -9.74210281012202 4.102353534995821 -36.45120320759891
    vertex -10.68894903648734 2.665605871938864 -36.66140045869435
    vertex -9.732584130822422 1.334600618560359 -36.09892982743476
  endloop
endfacet
facet normal -0.38315 0.0674276 0.921222
  outer loop
    vertex -8.75 2.782995710769989 -35.7962717511851
    vertex -9.732584130822422 1.334600618560359 -36.09892982743476
    vertex -8.75 1.071565949253934e-15 -35.59257397392065
  endloop
endfacet
facet normal -0.426377 0.0290977 0.904078
  outer loop
    vertex -8.75 1.071565949253934e-15 -35.59257397392065
    vertex -9.732584130822422 1.334600618560359 -36.09892982743476
    vertex -11.34074862774031 1.388841150689691e-15 -36.81441067774011
  endloop
endfacet
facet normal -0.423855 0.0253629 0.905375
  outer loop
    vertex -9.732584130822422 1.334600618560359 -36.09892982743476
    vertex -12.32681850637733 1.334599682039219 -37.31342994144087
    vertex -11.34074862774031 1.388841150689691e-15 -36.81441067774011
  endloop
endfacet
facet normal -0.422705 0.0778399 0.902918
  outer loop
    vertex -9.732584130822422 1.334600618560359 -36.09892982743476
    vertex -10.68894903648734 2.665605871938864 -36.66140045869435
    vertex -12.32681850637733 1.334599682039219 -37.31342994144087
  endloop
endfacet
facet normal -0.426444 0.0230179 0.904221
  outer loop
    vertex -11.34074862774031 1.388841150689691e-15 -36.81441067774011
    vertex -12.32681850637733 1.334599682039219 -37.31342994144087
    vertex -13.93149725548061 1.706116352125447e-15 -38.03624738155955
  endloop
endfacet
facet normal -0.38402 0.172932 0.906986
  outer loop
    vertex -12.56955084251062 6.00774561686865 -38.03624738155955
    vertex -11.63988266719137 4.340640805995896 -37.32476198195688
    vertex -10.6630231188452 5.765650817557312 -37.18285898015423
  endloop
endfacet
facet normal -0.392681 0.179364 0.902014
  outer loop
    vertex -11.63988266719137 4.340640805995896 -37.32476198195688
    vertex -9.74210281012202 4.102353534995821 -36.45120320759891
    vertex -10.6630231188452 5.765650817557312 -37.18285898015423
  endloop
endfacet
facet normal -0.40083 0.13151 0.906664
  outer loop
    vertex -11.63988266719137 4.340640805995896 -37.32476198195688
    vertex -10.68894903648734 2.665605871938864 -36.66140045869435
    vertex -9.74210281012202 4.102353534995821 -36.45120320759891
  endloop
endfacet
facet normal -0.372712 0.19291 0.907674
  outer loop
    vertex -10.6630231188452 5.765650817557312 -37.18285898015423
    vertex -9.74210281012202 4.102353534995821 -36.45120320759891
    vertex -8.75 5.520043864130648 -36.34512768433529
  endloop
endfacet
facet normal -0.313996 0.310783 -0.897118
  outer loop
    vertex -8.749999999999998 10.84085401522702 -41.96375261844044
    vertex -8.75 8.202079329594687 -42.87788800618403
    vertex -10.9302582873951 8.63805936251277 -41.96375261844044
  endloop
endfacet
facet normal -0.334237 0.239708 -0.911496
  outer loop
    vertex -8.75 8.202079329594687 -42.87788800618403
    vertex -10.6630231188452 5.765650817557311 -42.81714101984576
    vertex -10.9302582873951 8.63805936251277 -41.96375261844044
  endloop
endfacet
facet normal -0.359203 0.259687 -0.896402
  outer loop
    vertex -8.75 8.202079329594687 -42.87788800618403
    vertex -8.75 5.520043864130645 -43.65487231566471
    vertex -10.6630231188452 5.765650817557311 -42.81714101984576
  endloop
endfacet
facet normal -0.37266 0.232253 -0.898434
  outer loop
    vertex -10.9302582873951 8.63805936251277 -41.96375261844044
    vertex -10.6630231188452 5.765650817557311 -42.81714101984576
    vertex -12.56955084251062 6.00774561686865 -41.96375261844044
  endloop
endfacet
facet normal -0.421886 0.146582 -0.894721
  outer loop
    vertex -12.56955084251062 6.00774561686865 -41.96375261844044
    vertex -11.63988266719215 4.340640805995847 -42.67523801804278
    vertex -13.58674498996217 3.080093563059665 -41.96375261844044
  endloop
endfacet
facet normal -0.394664 0.0936338 -0.914042
  outer loop
    vertex -11.63988266719215 4.340640805995847 -42.67523801804278
    vertex -12.3268185063781 1.334599682039169 -42.68657005855876
    vertex -13.58674498996217 3.080093563059665 -41.96375261844044
  endloop
endfacet
facet normal -0.439541 0.103807 -0.892204
  outer loop
    vertex -11.63988266719215 4.340640805995847 -42.67523801804278
    vertex -10.68894903648889 2.665605871938768 -43.33859954130495
    vertex -12.3268185063781 1.334599682039169 -42.68657005855876
  endloop
endfacet
facet normal -0.444283 0.0497282 -0.894505
  outer loop
    vertex -13.58674498996217 3.080093563059665 -41.96375261844044
    vertex -12.3268185063781 1.334599682039169 -42.68657005855876
    vertex -13.93149725548061 1.706116352125447e-15 -41.96375261844044
  endloop
endfacet
facet normal -0.38315 0.0674276 -0.921222
  outer loop
    vertex -8.75 1.071565949253934e-15 -44.40742602607934
    vertex -9.732584130823195 1.334600618560311 -43.90107017256488
    vertex -8.75 2.782995710769982 -44.2037282488149
  endloop
endfacet
facet normal -0.439505 0.111924 -0.89124
  outer loop
    vertex -9.732584130823195 1.334600618560311 -43.90107017256488
    vertex -9.742102810122804 4.102353534995769 -43.54879679240076
    vertex -8.75 2.782995710769982 -44.2037282488149
  endloop
endfacet
facet normal -0.379148 0.115549 -0.918093
  outer loop
    vertex -9.732584130823195 1.334600618560311 -43.90107017256488
    vertex -10.68894903648889 2.665605871938768 -43.33859954130495
    vertex -9.742102810122804 4.102353534995769 -43.54879679240076
  endloop
endfacet
facet normal -0.359933 0.183437 -0.914767
  outer loop
    vertex -8.75 2.782995710769982 -44.2037282488149
    vertex -9.742102810122804 4.102353534995769 -43.54879679240076
    vertex -8.75 5.520043864130645 -43.65487231566471
  endloop
endfacet
facet normal -0.426444 0.0230179 -0.904221
  outer loop
    vertex -13.93149725548061 1.706116352125447e-15 -41.96375261844044
    vertex -12.3268185063781 1.334599682039169 -42.68657005855876
    vertex -11.34074862774031 1.388841150689691e-15 -43.18558932225989
  endloop
endfacet
facet normal -0.423855 0.0253629 -0.905375
  outer loop
    vertex -12.3268185063781 1.334599682039169 -42.68657005855876
    vertex -9.732584130823195 1.334600618560311 -43.90107017256488
    vertex -11.34074862774031 1.388841150689691e-15 -43.18558932225989
  endloop
endfacet
facet normal -0.422705 0.0778399 -0.902918
  outer loop
    vertex -12.3268185063781 1.334599682039169 -42.68657005855876
    vertex -10.68894903648889 2.665605871938768 -43.33859954130495
    vertex -9.732584130823195 1.334600618560311 -43.90107017256488
  endloop
endfacet
facet normal -0.426377 0.0290977 -0.904078
  outer loop
    vertex -11.34074862774031 1.388841150689691e-15 -43.18558932225989
    vertex -9.732584130823195 1.334600618560311 -43.90107017256488
    vertex -8.75 1.071565949253934e-15 -44.40742602607934
  endloop
endfacet
facet normal -0.372712 0.19291 -0.907674
  outer loop
    vertex -8.75 5.520043864130645 -43.65487231566471
    vertex -9.742102810122804 4.102353534995769 -43.54879679240076
    vertex -10.6630231188452 5.765650817557311 -42.81714101984576
  endloop
endfacet
facet normal -0.392681 0.179364 -0.902014
  outer loop
    vertex -9.742102810122804 4.102353534995769 -43.54879679240076
    vertex -11.63988266719215 4.340640805995847 -42.67523801804278
    vertex -10.6630231188452 5.765650817557311 -42.81714101984576
  endloop
endfacet
facet normal -0.40083 0.13151 -0.906664
  outer loop
    vertex -9.742102810122804 4.102353534995769 -43.54879679240076
    vertex -10.68894903648889 2.665605871938768 -43.33859954130495
    vertex -11.63988266719215 4.340640805995847 -42.67523801804278
  endloop
endfacet
facet normal -0.38402 0.172932 -0.906986
  outer loop
    vertex -10.6630231188452 5.765650817557311 -42.81714101984576
    vertex -11.63988266719215 4.340640805995847 -42.67523801804278
    vertex -12.56955084251062 6.00774561686865 -41.96375261844044
  endloop
endfacet
facet normal -1 -0 0
  outer loop
    vertex -8.75 15.42042700761352 -76.61444902731836
    vertex -8.75 13.13064051142027 -77.32534820443895
    vertex -8.75 12.79146478083269 -75.07983493984841
  endloop
endfacet
facet normal -1 0 0
  outer loop
    vertex -8.75 13.13064051142027 -77.32534820443895
    vertex -8.75 10.50167828463944 -75.79073411696902
    vertex -8.75 12.79146478083269 -75.07983493984841
  endloop
endfacet
facet normal -1 -5.06426e-16 -8.67563e-16
  outer loop
    vertex -8.75 13.13064051142027 -77.32534820443895
    vertex -8.749999999999998 10.84085401522702 -78.03624738155956
    vertex -8.75 10.50167828463944 -75.79073411696902
  endloop
endfacet
facet normal -1 -0 0
  outer loop
    vertex -8.75 12.79146478083269 -75.07983493984841
    vertex -8.75 10.50167828463944 -75.79073411696902
    vertex -8.75 10.16250255405187 -73.54522085237848
  endloop
endfacet
facet normal -1 -5.06426e-16 8.67563e-16
  outer loop
    vertex -8.749999999999998 10.84085401522702 -41.96375261844044
    vertex -8.75 13.13064051142026 -42.67465209556104
    vertex -8.75 10.50167828463944 -44.20926623303097
  endloop
endfacet
facet normal -1 0 0
  outer loop
    vertex -8.75 13.13064051142026 -42.67465209556104
    vertex -8.75 12.79146478083269 -44.92016511015157
    vertex -8.75 10.50167828463944 -44.20926623303097
  endloop
endfacet
facet normal -1 0 -0
  outer loop
    vertex -8.75 13.13064051142026 -42.67465209556104
    vertex -8.75 15.4204270076135 -43.38555097268164
    vertex -8.75 12.79146478083269 -44.92016511015157
  endloop
endfacet
facet normal -1 0 -0
  outer loop
    vertex -8.75 10.50167828463944 -44.20926623303097
    vertex -8.75 12.79146478083269 -44.92016511015157
    vertex -8.75 10.16250255405187 -46.45477924762151
  endloop
endfacet
facet normal -1 -0 0
  outer loop
    vertex -8.75 20 -74.89279805109902
    vertex -8.75 17.71021350380676 -75.75362353920869
    vertex -8.75 17.56716236126876 -73.07856914149063
  endloop
endfacet
facet normal -1 0 0
  outer loop
    vertex -8.75 17.71021350380676 -75.75362353920869
    vertex -8.75 15.27737586507552 -73.93939462960029
    vertex -8.75 17.56716236126876 -73.07856914149063
  endloop
endfacet
facet normal -1 -0 0
  outer loop
    vertex -8.75 17.71021350380676 -75.75362353920869
    vertex -8.75 15.42042700761352 -76.61444902731836
    vertex -8.75 15.27737586507552 -73.93939462960029
  endloop
endfacet
facet normal -1 -0 0
  outer loop
    vertex -8.75 17.56716236126876 -73.07856914149063
    vertex -8.75 15.27737586507552 -73.93939462960029
    vertex -8.75 15.13432472253752 -71.26434023188224
  endloop
endfacet
facet normal -1 0 -0
  outer loop
    vertex -8.75 15.4204270076135 -43.38555097268164
    vertex -8.75 17.71021350380675 -44.24637646079131
    vertex -8.75 15.27737586507551 -46.06060537873303
  endloop
endfacet
facet normal -1 0 0
  outer loop
    vertex -8.75 17.71021350380675 -44.24637646079131
    vertex -8.75 17.56716236126876 -46.9214308668427
    vertex -8.75 15.27737586507551 -46.06060537873303
  endloop
endfacet
facet normal -1 0 -0
  outer loop
    vertex -8.75 17.71021350380675 -44.24637646079131
    vertex -8.75 20 -45.10720194890098
    vertex -8.75 17.56716236126876 -46.9214308668427
  endloop
endfacet
facet normal -1 0 -0
  outer loop
    vertex -8.75 15.27737586507551 -46.06060537873303
    vertex -8.75 17.56716236126876 -46.9214308668427
    vertex -8.75 15.13432472253752 -48.73565978478442
  endloop
endfacet
facet normal -1 0 -0
  outer loop
    vertex -8.75 20 -68.9356788306594
    vertex -8.75 20 -71.91423844087922
    vertex -8.75 17.56716236126876 -70.10000953127081
  endloop
endfacet
facet normal -1 -0 0
  outer loop
    vertex -8.75 20 -71.91423844087922
    vertex -8.75 17.56716236126876 -73.07856914149063
    vertex -8.75 17.56716236126876 -70.10000953127081
  endloop
endfacet
facet normal -1 0 -0
  outer loop
    vertex -8.75 20 -71.91423844087922
    vertex -8.75 20 -74.89279805109902
    vertex -8.75 17.56716236126876 -73.07856914149063
  endloop
endfacet
facet normal -1 0 -0
  outer loop
    vertex -8.75 17.56716236126876 -70.10000953127081
    vertex -8.75 17.56716236126876 -73.07856914149063
    vertex -8.75 15.13432472253752 -71.26434023188224
  endloop
endfacet
facet normal -1 0 -0
  outer loop
    vertex -8.75 20 -45.10720194890098
    vertex -8.75 20 -48.08576155912078
    vertex -8.75 17.56716236126876 -46.9214308668427
  endloop
endfacet
facet normal -1 -0 0
  outer loop
    vertex -8.75 20 -48.08576155912078
    vertex -8.75 17.56716236126876 -49.8999904770625
    vertex -8.75 17.56716236126876 -46.9214308668427
  endloop
endfacet
facet normal -1 0 -0
  outer loop
    vertex -8.75 20 -48.08576155912078
    vertex -8.75 20 -51.06432116934059
    vertex -8.75 17.56716236126876 -49.8999904770625
  endloop
endfacet
facet normal -1 0 -0
  outer loop
    vertex -8.75 17.56716236126876 -46.9214308668427
    vertex -8.75 17.56716236126876 -49.8999904770625
    vertex -8.75 15.13432472253752 -48.73565978478442
  endloop
endfacet
facet normal -1 0 0
  outer loop
    vertex -8.75 15.42042700761352 -76.61444902731836
    vertex -8.75 12.79146478083269 -75.07983493984841
    vertex -8.75 15.27737586507552 -73.93939462960029
  endloop
endfacet
facet normal -1 0 0
  outer loop
    vertex -8.75 12.79146478083269 -75.07983493984841
    vertex -8.75 12.6484136382947 -72.40478054213037
    vertex -8.75 15.27737586507552 -73.93939462960029
  endloop
endfacet
facet normal -1 0 0
  outer loop
    vertex -8.75 12.79146478083269 -75.07983493984841
    vertex -8.75 10.16250255405187 -73.54522085237848
    vertex -8.75 12.6484136382947 -72.40478054213037
  endloop
endfacet
facet normal -1 0 0
  outer loop
    vertex -8.75 15.27737586507552 -73.93939462960029
    vertex -8.75 12.6484136382947 -72.40478054213037
    vertex -8.75 15.13432472253752 -71.26434023188224
  endloop
endfacet
facet normal -1 0 0
  outer loop
    vertex -8.75 10.16250255405187 -46.45477924762151
    vertex -8.75 12.79146478083269 -44.92016511015157
    vertex -8.75 12.64841363829469 -47.59521951620296
  endloop
endfacet
facet normal -1 0 -0
  outer loop
    vertex -8.75 12.79146478083269 -44.92016511015157
    vertex -8.75 15.27737586507551 -46.06060537873303
    vertex -8.75 12.64841363829469 -47.59521951620296
  endloop
endfacet
facet normal -1 0 0
  outer loop
    vertex -8.75 12.79146478083269 -44.92016511015157
    vertex -8.75 15.4204270076135 -43.38555097268164
    vertex -8.75 15.27737586507551 -46.06060537873303
  endloop
endfacet
facet normal -1 0 0
  outer loop
    vertex -8.75 12.64841363829469 -47.59521951620296
    vertex -8.75 15.27737586507551 -46.06060537873303
    vertex -8.75 15.13432472253752 -48.73565978478442
  endloop
endfacet
facet normal -1 0 0
  outer loop
    vertex -8.75 5.520043864130645 -43.65487231566471
    vertex -8.75 8.202079329594687 -42.87788800618403
    vertex -8.75 7.841273209091256 -45.05482578164311
  endloop
endfacet
facet normal -1 0 -0
  outer loop
    vertex -8.75 8.202079329594687 -42.87788800618403
    vertex -8.75 10.50167828463944 -44.20926623303097
    vertex -8.75 7.841273209091256 -45.05482578164311
  endloop
endfacet
facet normal -1 4.21167e-16 7.27454e-16
  outer loop
    vertex -8.75 8.202079329594687 -42.87788800618403
    vertex -8.749999999999998 10.84085401522702 -41.96375261844044
    vertex -8.75 10.50167828463944 -44.20926623303097
  endloop
endfacet
facet normal -1 0 0
  outer loop
    vertex -8.75 7.841273209091256 -45.05482578164311
    vertex -8.75 10.50167828463944 -44.20926623303097
    vertex -8.75 10.16250255405187 -46.45477924762151
  endloop
endfacet
facet normal -1 4.21167e-16 -7.27454e-16
  outer loop
    vertex -8.749999999999998 10.84085401522702 -78.03624738155956
    vertex -8.75 8.202079329594946 -77.12211199381606
    vertex -8.75 10.50167828463944 -75.79073411696902
  endloop
endfacet
facet normal -1 0 0
  outer loop
    vertex -8.75 8.202079329594946 -77.12211199381606
    vertex -8.75 7.841273209091257 -74.94517426835689
    vertex -8.75 10.50167828463944 -75.79073411696902
  endloop
endfacet
facet normal -1 0 0
  outer loop
    vertex -8.75 8.202079329594946 -77.12211199381606
    vertex -8.75 5.520043864130648 -76.3451276843353
    vertex -8.75 7.841273209091257 -74.94517426835689
  endloop
endfacet
facet normal -1 0 0
  outer loop
    vertex -8.75 10.50167828463944 -75.79073411696902
    vertex -8.75 7.841273209091257 -74.94517426835689
    vertex -8.75 10.16250255405187 -73.54522085237848
  endloop
endfacet
facet normal -1 0 0
  outer loop
    vertex -8.75 0 -69.35554438435241
    vertex -8.75 0 -66.23702958956827
    vertex -8.75 2.653817336751465 -67.7452347349314
  endloop
endfacet
facet normal -1 0 0
  outer loop
    vertex -8.75 0 -66.23702958956827
    vertex -8.75 2.653817336751465 -64.62671994014725
    vertex -8.75 2.653817336751465 -67.7452347349314
  endloop
endfacet
facet normal -1 0 0
  outer loop
    vertex -8.75 0 -66.23702958956827
    vertex -8.75 0 -63.11851479478413
    vertex -8.75 2.653817336751465 -64.62671994014725
  endloop
endfacet
facet normal -1 0 0
  outer loop
    vertex -8.75 2.653817336751465 -67.7452347349314
    vertex -8.75 2.653817336751465 -64.62671994014725
    vertex -8.75 5.30763467350293 -66.13492508551039
  endloop
endfacet
facet normal -1 0 0
  outer loop
    vertex -8.75 0 -63.11851479478413
    vertex -8.75 0 -59.99999999999999
    vertex -8.75 2.649231967541501 -61.55925739739206
  endloop
endfacet
facet normal -1 0 0
  outer loop
    vertex -8.75 0 -59.99999999999999
    vertex -8.75 2.649231967541501 -58.44074260260793
    vertex -8.75 2.649231967541501 -61.55925739739206
  endloop
endfacet
facet normal -1 0 0
  outer loop
    vertex -8.75 0 -59.99999999999999
    vertex -8.75 0 -56.88148520521586
    vertex -8.75 2.649231967541501 -58.44074260260793
  endloop
endfacet
facet normal -1 0 0
  outer loop
    vertex -8.75 2.649231967541501 -61.55925739739206
    vertex -8.75 2.649231967541501 -58.44074260260793
    vertex -8.75 5.298463935083003 -59.99999999999999
  endloop
endfacet
facet normal -1 0 0
  outer loop
    vertex -8.75 0 -56.88148520521586
    vertex -8.75 0 -53.76297041043173
    vertex -8.75 2.653817336751466 -55.37328005985273
  endloop
endfacet
facet normal -1 0 0
  outer loop
    vertex -8.75 0 -53.76297041043173
    vertex -8.75 2.653817336751466 -52.25476526506861
    vertex -8.75 2.653817336751466 -55.37328005985273
  endloop
endfacet
facet normal -1 0 0
  outer loop
    vertex -8.75 0 -53.76297041043173
    vertex -8.75 0 -50.6444556156476
    vertex -8.75 2.653817336751466 -52.25476526506861
  endloop
endfacet
facet normal -1 0 0
  outer loop
    vertex -8.75 2.653817336751466 -55.37328005985273
    vertex -8.75 2.653817336751466 -52.25476526506861
    vertex -8.75 5.307634673502932 -53.86507491448961
  endloop
endfacet
facet normal -1 0 0
  outer loop
    vertex -8.75 5.520043864130648 -76.3451276843353
    vertex -8.75 2.782995710769989 -75.7962717511851
    vertex -8.75 5.180790992334828 -73.85174457495062
  endloop
endfacet
facet normal -1 0 0
  outer loop
    vertex -8.75 2.782995710769989 -75.7962717511851
    vertex -8.75 2.420769060269504 -73.47546771974329
    vertex -8.75 5.180790992334828 -73.85174457495062
  endloop
endfacet
facet normal -1 0 0
  outer loop
    vertex -8.75 2.782995710769989 -75.7962717511851
    vertex -8.75 1.071565949253934e-15 -75.59257397392065
    vertex -8.75 2.420769060269504 -73.47546771974329
  endloop
endfacet
facet normal -1 0 0
  outer loop
    vertex -8.75 5.180790992334828 -73.85174457495062
    vertex -8.75 2.420769060269504 -73.47546771974329
    vertex -8.75 4.841538120539008 -71.35836146556593
  endloop
endfacet
facet normal -1 0 0
  outer loop
    vertex -8.75 1.071565949253934e-15 -44.40742602607934
    vertex -8.75 2.782995710769982 -44.2037282488149
    vertex -8.75 2.420769060269501 -46.52453228242594
  endloop
endfacet
facet normal -1 0 -0
  outer loop
    vertex -8.75 2.782995710769982 -44.2037282488149
    vertex -8.75 5.180790992334824 -46.14825542721862
    vertex -8.75 2.420769060269501 -46.52453228242594
  endloop
endfacet
facet normal -1 0 0
  outer loop
    vertex -8.75 2.782995710769982 -44.2037282488149
    vertex -8.75 5.520043864130645 -43.65487231566471
    vertex -8.75 5.180790992334824 -46.14825542721862
  endloop
endfacet
facet normal -1 0 0
  outer loop
    vertex -8.75 2.420769060269501 -46.52453228242594
    vertex -8.75 5.180790992334824 -46.14825542721862
    vertex -8.75 4.841538120539004 -48.64163853877253
  endloop
endfacet
facet normal -1 0 0
  outer loop
    vertex -8.75 1.071565949253934e-15 -75.59257397392065
    vertex -8.75 0 -72.47405917913653
    vertex -8.75 2.420769060269504 -73.47546771974329
  endloop
endfacet
facet normal -1 0 0
  outer loop
    vertex -8.75 0 -72.47405917913653
    vertex -8.75 2.420769060269504 -70.35695292495917
    vertex -8.75 2.420769060269504 -73.47546771974329
  endloop
endfacet
facet normal -1 0 0
  outer loop
    vertex -8.75 0 -72.47405917913653
    vertex -8.75 0 -69.35554438435241
    vertex -8.75 2.420769060269504 -70.35695292495917
  endloop
endfacet
facet normal -1 0 0
  outer loop
    vertex -8.75 2.420769060269504 -73.47546771974329
    vertex -8.75 2.420769060269504 -70.35695292495917
    vertex -8.75 4.841538120539008 -71.35836146556593
  endloop
endfacet
facet normal -1 0 0
  outer loop
    vertex -8.75 0 -50.6444556156476
    vertex -8.75 0 -47.52594082086348
    vertex -8.75 2.420769060269501 -49.64304707721006
  endloop
endfacet
facet normal -1 0 0
  outer loop
    vertex -8.75 0 -47.52594082086348
    vertex -8.75 2.420769060269501 -46.52453228242594
    vertex -8.75 2.420769060269501 -49.64304707721006
  endloop
endfacet
facet normal -1 0 0
  outer loop
    vertex -8.75 0 -47.52594082086348
    vertex -8.75 1.071565949253934e-15 -44.40742602607934
    vertex -8.75 2.420769060269501 -46.52453228242594
  endloop
endfacet
facet normal -1 0 0
  outer loop
    vertex -8.75 2.420769060269501 -49.64304707721006
    vertex -8.75 2.420769060269501 -46.52453228242594
    vertex -8.75 4.841538120539004 -48.64163853877253
  endloop
endfacet
facet normal -1 0 -0
  outer loop
    vertex -8.75 20 -57.0214403897802
    vertex -8.75 20 -60
    vertex -8.75 17.44983443781546 -58.51072019489009
  endloop
endfacet
facet normal -1 -0 0
  outer loop
    vertex -8.75 20 -60
    vertex -8.75 17.44983443781546 -61.48927980510989
    vertex -8.75 17.44983443781546 -58.51072019489009
  endloop
endfacet
facet normal -1 0 -0
  outer loop
    vertex -8.75 20 -60
    vertex -8.75 20 -62.9785596102198
    vertex -8.75 17.44983443781546 -61.48927980510989
  endloop
endfacet
facet normal -1 0 -0
  outer loop
    vertex -8.75 17.44983443781546 -58.51072019489009
    vertex -8.75 17.44983443781546 -61.48927980510989
    vertex -8.75 14.89966887563093 -59.99999999999999
  endloop
endfacet
facet normal -1 0 0
  outer loop
    vertex -8.75 0 -56.88148520521586
    vertex -8.75 2.653817336751466 -55.37328005985273
    vertex -8.75 2.649231967541501 -58.44074260260793
  endloop
endfacet
facet normal -1 0 -0
  outer loop
    vertex -8.75 2.653817336751466 -55.37328005985273
    vertex -8.75 5.303049304292967 -56.9325374572448
    vertex -8.75 2.649231967541501 -58.44074260260793
  endloop
endfacet
facet normal -1 0 0
  outer loop
    vertex -8.75 2.653817336751466 -55.37328005985273
    vertex -8.75 5.307634673502932 -53.86507491448961
    vertex -8.75 5.303049304292967 -56.9325374572448
  endloop
endfacet
facet normal -1 0 0
  outer loop
    vertex -8.75 2.649231967541501 -58.44074260260793
    vertex -8.75 5.303049304292967 -56.9325374572448
    vertex -8.75 5.298463935083003 -59.99999999999999
  endloop
endfacet
facet normal -1 0 0
  outer loop
    vertex -8.75 5.30763467350293 -66.13492508551039
    vertex -8.75 2.653817336751465 -64.62671994014725
    vertex -8.75 5.303049304292967 -63.06746254275519
  endloop
endfacet
facet normal -1 0 0
  outer loop
    vertex -8.75 2.653817336751465 -64.62671994014725
    vertex -8.75 2.649231967541501 -61.55925739739206
    vertex -8.75 5.303049304292967 -63.06746254275519
  endloop
endfacet
facet normal -1 0 0
  outer loop
    vertex -8.75 2.653817336751465 -64.62671994014725
    vertex -8.75 0 -63.11851479478413
    vertex -8.75 2.649231967541501 -61.55925739739206
  endloop
endfacet
facet normal -1 0 0
  outer loop
    vertex -8.75 5.303049304292967 -63.06746254275519
    vertex -8.75 2.649231967541501 -61.55925739739206
    vertex -8.75 5.298463935083003 -59.99999999999999
  endloop
endfacet
facet normal -1 0 -0
  outer loop
    vertex -8.75 20 -51.06432116934059
    vertex -8.75 20 -54.04288077956039
    vertex -8.75 17.51298687370781 -52.65936907224955
  endloop
endfacet
facet normal -1 -0 0
  outer loop
    vertex -8.75 20 -54.04288077956039
    vertex -8.75 17.51298687370781 -55.63792868246934
    vertex -8.75 17.51298687370781 -52.65936907224955
  endloop
endfacet
facet normal -1 0 -0
  outer loop
    vertex -8.75 20 -54.04288077956039
    vertex -8.75 20 -57.0214403897802
    vertex -8.75 17.51298687370781 -55.63792868246934
  endloop
endfacet
facet normal -1 0 -0
  outer loop
    vertex -8.75 17.51298687370781 -52.65936907224955
    vertex -8.75 17.51298687370781 -55.63792868246934
    vertex -8.75 15.02597374741562 -54.25441697515851
  endloop
endfacet
facet normal -1 0 -0
  outer loop
    vertex -8.75 20 -62.9785596102198
    vertex -8.75 20 -65.95711922043961
    vertex -8.75 17.51298687370781 -64.36207131891953
  endloop
endfacet
facet normal -1 -0 0
  outer loop
    vertex -8.75 20 -65.95711922043961
    vertex -8.75 17.51298687370781 -67.34063092913934
    vertex -8.75 17.51298687370781 -64.36207131891953
  endloop
endfacet
facet normal -1 0 -0
  outer loop
    vertex -8.75 20 -65.95711922043961
    vertex -8.75 20 -68.9356788306594
    vertex -8.75 17.51298687370781 -67.34063092913934
  endloop
endfacet
facet normal -1 0 -0
  outer loop
    vertex -8.75 17.51298687370781 -64.36207131891953
    vertex -8.75 17.51298687370781 -67.34063092913934
    vertex -8.75 15.02597374741561 -65.74558302761926
  endloop
endfacet
facet normal -1 -0 0
  outer loop
    vertex -8.75 20 -68.9356788306594
    vertex -8.75 17.56716236126876 -70.10000953127081
    vertex -8.75 17.51298687370781 -67.34063092913934
  endloop
endfacet
facet normal -1 0 0
  outer loop
    vertex -8.75 17.56716236126876 -70.10000953127081
    vertex -8.75 15.08014923497657 -68.50496162975075
    vertex -8.75 17.51298687370781 -67.34063092913934
  endloop
endfacet
facet normal -1 -0 0
  outer loop
    vertex -8.75 17.56716236126876 -70.10000953127081
    vertex -8.75 15.13432472253752 -71.26434023188224
    vertex -8.75 15.08014923497657 -68.50496162975075
  endloop
endfacet
facet normal -1 -0 0
  outer loop
    vertex -8.75 17.51298687370781 -67.34063092913934
    vertex -8.75 15.08014923497657 -68.50496162975075
    vertex -8.75 15.02597374741561 -65.74558302761926
  endloop
endfacet
facet normal -1 0 -0
  outer loop
    vertex -8.75 15.13432472253752 -48.73565978478442
    vertex -8.75 17.56716236126876 -49.8999904770625
    vertex -8.75 15.08014923497657 -51.49503837997146
  endloop
endfacet
facet normal -1 0 0
  outer loop
    vertex -8.75 17.56716236126876 -49.8999904770625
    vertex -8.75 17.51298687370781 -52.65936907224955
    vertex -8.75 15.08014923497657 -51.49503837997146
  endloop
endfacet
facet normal -1 0 -0
  outer loop
    vertex -8.75 17.56716236126876 -49.8999904770625
    vertex -8.75 20 -51.06432116934059
    vertex -8.75 17.51298687370781 -52.65936907224955
  endloop
endfacet
facet normal -1 0 -0
  outer loop
    vertex -8.75 15.08014923497657 -51.49503837997146
    vertex -8.75 17.51298687370781 -52.65936907224955
    vertex -8.75 15.02597374741562 -54.25441697515851
  endloop
endfacet
facet normal -1 0 0
  outer loop
    vertex -8.75 14.89966887563093 -59.99999999999999
    vertex -8.75 17.44983443781546 -61.48927980510989
    vertex -8.75 14.96282131152327 -62.87279151380963
  endloop
endfacet
facet normal -1 0 -0
  outer loop
    vertex -8.75 17.44983443781546 -61.48927980510989
    vertex -8.75 17.51298687370781 -64.36207131891953
    vertex -8.75 14.96282131152327 -62.87279151380963
  endloop
endfacet
facet normal -1 0 0
  outer loop
    vertex -8.75 17.44983443781546 -61.48927980510989
    vertex -8.75 20 -62.9785596102198
    vertex -8.75 17.51298687370781 -64.36207131891953
  endloop
endfacet
facet normal -1 0 0
  outer loop
    vertex -8.75 14.96282131152327 -62.87279151380963
    vertex -8.75 17.51298687370781 -64.36207131891953
    vertex -8.75 15.02597374741561 -65.74558302761926
  endloop
endfacet
facet normal -1 -0 0
  outer loop
    vertex -8.75 20 -57.0214403897802
    vertex -8.75 17.44983443781546 -58.51072019489009
    vertex -8.75 17.51298687370781 -55.63792868246934
  endloop
endfacet
facet normal -1 0 0
  outer loop
    vertex -8.75 17.44983443781546 -58.51072019489009
    vertex -8.75 14.96282131152327 -57.12720848757925
    vertex -8.75 17.51298687370781 -55.63792868246934
  endloop
endfacet
facet normal -1 -0 0
  outer loop
    vertex -8.75 17.44983443781546 -58.51072019489009
    vertex -8.75 14.89966887563093 -59.99999999999999
    vertex -8.75 14.96282131152327 -57.12720848757925
  endloop
endfacet
facet normal -1 -0 0
  outer loop
    vertex -8.75 17.51298687370781 -55.63792868246934
    vertex -8.75 14.96282131152327 -57.12720848757925
    vertex -8.75 15.02597374741562 -54.25441697515851
  endloop
endfacet
facet normal -1 0 0
  outer loop
    vertex -8.75 10.09182527553314 -57.09251981890241
    vertex -8.75 12.49574707558203 -58.5462599094512
    vertex -8.75 10.09437087237736 -60.01256158431335
  endloop
endfacet
facet normal -1 0 -0
  outer loop
    vertex -8.75 12.49574707558203 -58.5462599094512
    vertex -8.75 12.49829267242625 -61.46630167486214
    vertex -8.75 10.09437087237736 -60.01256158431335
  endloop
endfacet
facet normal -1 0 0
  outer loop
    vertex -8.75 12.49574707558203 -58.5462599094512
    vertex -8.75 14.89966887563093 -59.99999999999999
    vertex -8.75 12.49829267242625 -61.46630167486214
  endloop
endfacet
facet normal -1 0 0
  outer loop
    vertex -8.75 10.09437087237736 -60.01256158431335
    vertex -8.75 12.49829267242625 -61.46630167486214
    vertex -8.75 10.09691646922157 -62.93260334972428
  endloop
endfacet
facet normal -1 0 0
  outer loop
    vertex -8.75 5.298463935083003 -59.99999999999999
    vertex -8.75 7.695144605308071 -58.5462599094512
    vertex -8.75 7.697690202152288 -61.46630167486214
  endloop
endfacet
facet normal -1 0 0
  outer loop
    vertex -8.75 7.695144605308071 -58.5462599094512
    vertex -8.75 10.09437087237736 -60.01256158431335
    vertex -8.75 7.697690202152288 -61.46630167486214
  endloop
endfacet
facet normal -1 0 0
  outer loop
    vertex -8.75 7.695144605308071 -58.5462599094512
    vertex -8.75 10.09182527553314 -57.09251981890241
    vertex -8.75 10.09437087237736 -60.01256158431335
  endloop
endfacet
facet normal -1 0 0
  outer loop
    vertex -8.75 7.697690202152288 -61.46630167486214
    vertex -8.75 10.09437087237736 -60.01256158431335
    vertex -8.75 10.09691646922157 -62.93260334972428
  endloop
endfacet
facet normal -1 0 0
  outer loop
    vertex -8.75 5.30763467350293 -66.13492508551039
    vertex -8.75 5.303049304292967 -63.06746254275519
    vertex -8.75 7.702275571362252 -64.53376421761733
  endloop
endfacet
facet normal -1 0 0
  outer loop
    vertex -8.75 5.303049304292967 -63.06746254275519
    vertex -8.75 7.697690202152288 -61.46630167486214
    vertex -8.75 7.702275571362252 -64.53376421761733
  endloop
endfacet
facet normal -1 0 0
  outer loop
    vertex -8.75 5.303049304292967 -63.06746254275519
    vertex -8.75 5.298463935083003 -59.99999999999999
    vertex -8.75 7.697690202152288 -61.46630167486214
  endloop
endfacet
facet normal -1 0 0
  outer loop
    vertex -8.75 7.702275571362252 -64.53376421761733
    vertex -8.75 7.697690202152288 -61.46630167486214
    vertex -8.75 10.09691646922157 -62.93260334972428
  endloop
endfacet
facet normal -1 0 0
  outer loop
    vertex -8.75 5.298463935083003 -59.99999999999999
    vertex -8.75 5.303049304292967 -56.9325374572448
    vertex -8.75 7.695144605308071 -58.5462599094512
  endloop
endfacet
facet normal -1 0 0
  outer loop
    vertex -8.75 5.303049304292967 -56.9325374572448
    vertex -8.75 7.699729974518036 -55.47879736669601
    vertex -8.75 7.695144605308071 -58.5462599094512
  endloop
endfacet
facet normal -1 0 0
  outer loop
    vertex -8.75 5.303049304292967 -56.9325374572448
    vertex -8.75 5.307634673502932 -53.86507491448961
    vertex -8.75 7.699729974518036 -55.47879736669601
  endloop
endfacet
facet normal -1 0 0
  outer loop
    vertex -8.75 7.695144605308071 -58.5462599094512
    vertex -8.75 7.699729974518036 -55.47879736669601
    vertex -8.75 10.09182527553314 -57.09251981890241
  endloop
endfacet
facet normal -1 0 0
  outer loop
    vertex -8.75 0 -69.35554438435241
    vertex -8.75 2.653817336751465 -67.7452347349314
    vertex -8.75 2.420769060269504 -70.35695292495917
  endloop
endfacet
facet normal -1 0 -0
  outer loop
    vertex -8.75 2.653817336751465 -67.7452347349314
    vertex -8.75 5.074586397020969 -68.74664327553816
    vertex -8.75 2.420769060269504 -70.35695292495917
  endloop
endfacet
facet normal -1 0 0
  outer loop
    vertex -8.75 2.653817336751465 -67.7452347349314
    vertex -8.75 5.30763467350293 -66.13492508551039
    vertex -8.75 5.074586397020969 -68.74664327553816
  endloop
endfacet
facet normal -1 0 0
  outer loop
    vertex -8.75 2.420769060269504 -70.35695292495917
    vertex -8.75 5.074586397020969 -68.74664327553816
    vertex -8.75 4.841538120539008 -71.35836146556593
  endloop
endfacet
facet normal -1 0 0
  outer loop
    vertex -8.75 5.307634673502932 -53.86507491448961
    vertex -8.75 2.653817336751466 -52.25476526506861
    vertex -8.75 5.074586397020968 -51.25335672663107
  endloop
endfacet
facet normal -1 0 0
  outer loop
    vertex -8.75 2.653817336751466 -52.25476526506861
    vertex -8.75 2.420769060269501 -49.64304707721006
    vertex -8.75 5.074586397020968 -51.25335672663107
  endloop
endfacet
facet normal -1 0 0
  outer loop
    vertex -8.75 2.653817336751466 -52.25476526506861
    vertex -8.75 0 -50.6444556156476
    vertex -8.75 2.420769060269501 -49.64304707721006
  endloop
endfacet
facet normal -1 0 0
  outer loop
    vertex -8.75 5.074586397020968 -51.25335672663107
    vertex -8.75 2.420769060269501 -49.64304707721006
    vertex -8.75 4.841538120539004 -48.64163853877253
  endloop
endfacet
facet normal -1 0 0
  outer loop
    vertex -8.75 4.841538120539004 -48.64163853877253
    vertex -8.75 7.502020337295435 -47.54820889319702
    vertex -8.75 7.457163879156992 -50.23261692030125
  endloop
endfacet
facet normal -1 0 -0
  outer loop
    vertex -8.75 7.502020337295435 -47.54820889319702
    vertex -8.75 10.11764609591342 -49.13918727472574
    vertex -8.75 7.457163879156992 -50.23261692030125
  endloop
endfacet
facet normal -1 0 0
  outer loop
    vertex -8.75 7.502020337295435 -47.54820889319702
    vertex -8.75 10.16250255405187 -46.45477924762151
    vertex -8.75 10.11764609591342 -49.13918727472574
  endloop
endfacet
facet normal -1 0 0
  outer loop
    vertex -8.75 7.457163879156992 -50.23261692030125
    vertex -8.75 10.11764609591342 -49.13918727472574
    vertex -8.75 10.07278963777498 -51.82359530182998
  endloop
endfacet
facet normal -1 0 0
  outer loop
    vertex -8.75 10.16250255405187 -73.54522085237848
    vertex -8.75 7.502020337295438 -72.45179115897221
    vertex -8.75 10.11764609591342 -70.86081277527424
  endloop
endfacet
facet normal -1 0 0
  outer loop
    vertex -8.75 7.502020337295438 -72.45179115897221
    vertex -8.75 7.457163879156992 -69.76738308186798
    vertex -8.75 10.11764609591342 -70.86081277527424
  endloop
endfacet
facet normal -1 0 0
  outer loop
    vertex -8.75 7.502020337295438 -72.45179115897221
    vertex -8.75 4.841538120539008 -71.35836146556593
    vertex -8.75 7.457163879156992 -69.76738308186798
  endloop
endfacet
facet normal -1 0 0
  outer loop
    vertex -8.75 10.11764609591342 -70.86081277527424
    vertex -8.75 7.457163879156992 -69.76738308186798
    vertex -8.75 10.07278963777498 -68.17640469817002
  endloop
endfacet
facet normal -1 0 0
  outer loop
    vertex -8.75 15.02597374741562 -54.25441697515851
    vertex -8.75 14.96282131152327 -57.12720848757925
    vertex -8.75 12.55889951147438 -55.67346839703046
  endloop
endfacet
facet normal -1 -0 0
  outer loop
    vertex -8.75 14.96282131152327 -57.12720848757925
    vertex -8.75 12.49574707558203 -58.5462599094512
    vertex -8.75 12.55889951147438 -55.67346839703046
  endloop
endfacet
facet normal -1 0 0
  outer loop
    vertex -8.75 14.96282131152327 -57.12720848757925
    vertex -8.75 14.89966887563093 -59.99999999999999
    vertex -8.75 12.49574707558203 -58.5462599094512
  endloop
endfacet
facet normal -1 0 0
  outer loop
    vertex -8.75 12.55889951147438 -55.67346839703046
    vertex -8.75 12.49574707558203 -58.5462599094512
    vertex -8.75 10.09182527553314 -57.09251981890241
  endloop
endfacet
facet normal -1 0 -0
  outer loop
    vertex -8.75 14.89966887563093 -59.99999999999999
    vertex -8.75 14.96282131152327 -62.87279151380963
    vertex -8.75 12.49829267242625 -61.46630167486214
  endloop
endfacet
facet normal -1 -0 0
  outer loop
    vertex -8.75 14.96282131152327 -62.87279151380963
    vertex -8.75 12.56144510831859 -64.33909318867177
    vertex -8.75 12.49829267242625 -61.46630167486214
  endloop
endfacet
facet normal -1 0 -0
  outer loop
    vertex -8.75 14.96282131152327 -62.87279151380963
    vertex -8.75 15.02597374741561 -65.74558302761926
    vertex -8.75 12.56144510831859 -64.33909318867177
  endloop
endfacet
facet normal -1 0 -0
  outer loop
    vertex -8.75 12.49829267242625 -61.46630167486214
    vertex -8.75 12.56144510831859 -64.33909318867177
    vertex -8.75 10.09691646922157 -62.93260334972428
  endloop
endfacet
facet normal -1 -0 0
  outer loop
    vertex -8.75 15.13432472253752 -71.26434023188224
    vertex -8.75 12.6484136382947 -72.40478054213037
    vertex -8.75 12.60355718015625 -69.72037246502612
  endloop
endfacet
facet normal -1 0 0
  outer loop
    vertex -8.75 12.6484136382947 -72.40478054213037
    vertex -8.75 10.11764609591342 -70.86081277527424
    vertex -8.75 12.60355718015625 -69.72037246502612
  endloop
endfacet
facet normal -1 -0 0
  outer loop
    vertex -8.75 12.6484136382947 -72.40478054213037
    vertex -8.75 10.16250255405187 -73.54522085237848
    vertex -8.75 10.11764609591342 -70.86081277527424
  endloop
endfacet
facet normal -1 -0 0
  outer loop
    vertex -8.75 12.60355718015625 -69.72037246502612
    vertex -8.75 10.11764609591342 -70.86081277527424
    vertex -8.75 10.07278963777498 -68.17640469817002
  endloop
endfacet
facet normal -1 0 -0
  outer loop
    vertex -8.75 10.16250255405187 -46.45477924762151
    vertex -8.75 12.64841363829469 -47.59521951620296
    vertex -8.75 10.11764609591342 -49.13918727472574
  endloop
endfacet
facet normal -1 0 0
  outer loop
    vertex -8.75 12.64841363829469 -47.59521951620296
    vertex -8.75 12.60355718015625 -50.2796275433072
    vertex -8.75 10.11764609591342 -49.13918727472574
  endloop
endfacet
facet normal -1 0 -0
  outer loop
    vertex -8.75 12.64841363829469 -47.59521951620296
    vertex -8.75 15.13432472253752 -48.73565978478442
    vertex -8.75 12.60355718015625 -50.2796275433072
  endloop
endfacet
facet normal -1 0 -0
  outer loop
    vertex -8.75 10.11764609591342 -49.13918727472574
    vertex -8.75 12.60355718015625 -50.2796275433072
    vertex -8.75 10.07278963777498 -51.82359530182998
  endloop
endfacet
facet normal -1 0 0
  outer loop
    vertex -8.75 4.841538120539008 -71.35836146556593
    vertex -8.75 5.074586397020969 -68.74664327553816
    vertex -8.75 7.457163879156992 -69.76738308186798
  endloop
endfacet
facet normal -1 0 0
  outer loop
    vertex -8.75 5.074586397020969 -68.74664327553816
    vertex -8.75 7.690212155638953 -67.1556648918402
    vertex -8.75 7.457163879156992 -69.76738308186798
  endloop
endfacet
facet normal -1 0 0
  outer loop
    vertex -8.75 5.074586397020969 -68.74664327553816
    vertex -8.75 5.30763467350293 -66.13492508551039
    vertex -8.75 7.690212155638953 -67.1556648918402
  endloop
endfacet
facet normal -1 0 0
  outer loop
    vertex -8.75 7.457163879156992 -69.76738308186798
    vertex -8.75 7.690212155638953 -67.1556648918402
    vertex -8.75 10.07278963777498 -68.17640469817002
  endloop
endfacet
facet normal -1 0 0
  outer loop
    vertex -8.75 5.307634673502932 -53.86507491448961
    vertex -8.75 5.074586397020968 -51.25335672663107
    vertex -8.75 7.690212155638957 -52.84433510815979
  endloop
endfacet
facet normal -1 0 0
  outer loop
    vertex -8.75 5.074586397020968 -51.25335672663107
    vertex -8.75 7.457163879156992 -50.23261692030125
    vertex -8.75 7.690212155638957 -52.84433510815979
  endloop
endfacet
facet normal -1 0 0
  outer loop
    vertex -8.75 5.074586397020968 -51.25335672663107
    vertex -8.75 4.841538120539004 -48.64163853877253
    vertex -8.75 7.457163879156992 -50.23261692030125
  endloop
endfacet
facet normal -1 0 0
  outer loop
    vertex -8.75 7.690212155638957 -52.84433510815979
    vertex -8.75 7.457163879156992 -50.23261692030125
    vertex -8.75 10.07278963777498 -51.82359530182998
  endloop
endfacet
facet normal -1 0 -0
  outer loop
    vertex -8.75 10.09691646922157 -62.93260334972428
    vertex -8.75 12.56144510831859 -64.33909318867177
    vertex -8.75 10.08485305349827 -65.55450402394715
  endloop
endfacet
facet normal -1 0 0
  outer loop
    vertex -8.75 12.56144510831859 -64.33909318867177
    vertex -8.75 12.5493816925953 -66.96099386289464
    vertex -8.75 10.08485305349827 -65.55450402394715
  endloop
endfacet
facet normal -1 0 -0
  outer loop
    vertex -8.75 12.56144510831859 -64.33909318867177
    vertex -8.75 15.02597374741561 -65.74558302761926
    vertex -8.75 12.5493816925953 -66.96099386289464
  endloop
endfacet
facet normal -1 0 -0
  outer loop
    vertex -8.75 10.08485305349827 -65.55450402394715
    vertex -8.75 12.5493816925953 -66.96099386289464
    vertex -8.75 10.07278963777498 -68.17640469817002
  endloop
endfacet
facet normal -1 -0 0
  outer loop
    vertex -8.75 15.02597374741562 -54.25441697515851
    vertex -8.75 12.55889951147438 -55.67346839703046
    vertex -8.75 12.5493816925953 -53.03900613849424
  endloop
endfacet
facet normal -1 0 0
  outer loop
    vertex -8.75 12.55889951147438 -55.67346839703046
    vertex -8.75 10.08230745665406 -54.45805756036619
    vertex -8.75 12.5493816925953 -53.03900613849424
  endloop
endfacet
facet normal -1 -0 0
  outer loop
    vertex -8.75 12.55889951147438 -55.67346839703046
    vertex -8.75 10.09182527553314 -57.09251981890241
    vertex -8.75 10.08230745665406 -54.45805756036619
  endloop
endfacet
facet normal -1 -0 0
  outer loop
    vertex -8.75 12.5493816925953 -53.03900613849424
    vertex -8.75 10.08230745665406 -54.45805756036619
    vertex -8.75 10.07278963777498 -51.82359530182998
  endloop
endfacet
facet normal -1 0 0
  outer loop
    vertex -8.75 15.13432472253752 -48.73565978478442
    vertex -8.75 15.08014923497657 -51.49503837997146
    vertex -8.75 12.60355718015625 -50.2796275433072
  endloop
endfacet
facet normal -1 -0 0
  outer loop
    vertex -8.75 15.08014923497657 -51.49503837997146
    vertex -8.75 12.5493816925953 -53.03900613849424
    vertex -8.75 12.60355718015625 -50.2796275433072
  endloop
endfacet
facet normal -1 0 0
  outer loop
    vertex -8.75 15.08014923497657 -51.49503837997146
    vertex -8.75 15.02597374741562 -54.25441697515851
    vertex -8.75 12.5493816925953 -53.03900613849424
  endloop
endfacet
facet normal -1 0 0
  outer loop
    vertex -8.75 12.60355718015625 -50.2796275433072
    vertex -8.75 12.5493816925953 -53.03900613849424
    vertex -8.75 10.07278963777498 -51.82359530182998
  endloop
endfacet
facet normal -1 0 -0
  outer loop
    vertex -8.75 15.02597374741561 -65.74558302761926
    vertex -8.75 15.08014923497657 -68.50496162975075
    vertex -8.75 12.5493816925953 -66.96099386289464
  endloop
endfacet
facet normal -1 -0 0
  outer loop
    vertex -8.75 15.08014923497657 -68.50496162975075
    vertex -8.75 12.60355718015625 -69.72037246502612
    vertex -8.75 12.5493816925953 -66.96099386289464
  endloop
endfacet
facet normal -1 0 -0
  outer loop
    vertex -8.75 15.08014923497657 -68.50496162975075
    vertex -8.75 15.13432472253752 -71.26434023188224
    vertex -8.75 12.60355718015625 -69.72037246502612
  endloop
endfacet
facet normal -1 0 -0
  outer loop
    vertex -8.75 12.5493816925953 -66.96099386289464
    vertex -8.75 12.60355718015625 -69.72037246502612
    vertex -8.75 10.07278963777498 -68.17640469817002
  endloop
endfacet
facet normal -1 0 -0
  outer loop
    vertex -8.75 5.520043864130645 -43.65487231566471
    vertex -8.75 7.841273209091256 -45.05482578164311
    vertex -8.75 5.180790992334824 -46.14825542721862
  endloop
endfacet
facet normal -1 0 0
  outer loop
    vertex -8.75 7.841273209091256 -45.05482578164311
    vertex -8.75 7.502020337295435 -47.54820889319702
    vertex -8.75 5.180790992334824 -46.14825542721862
  endloop
endfacet
facet normal -1 0 -0
  outer loop
    vertex -8.75 7.841273209091256 -45.05482578164311
    vertex -8.75 10.16250255405187 -46.45477924762151
    vertex -8.75 7.502020337295435 -47.54820889319702
  endloop
endfacet
facet normal -1 0 -0
  outer loop
    vertex -8.75 5.180790992334824 -46.14825542721862
    vertex -8.75 7.502020337295435 -47.54820889319702
    vertex -8.75 4.841538120539004 -48.64163853877253
  endloop
endfacet
facet normal -1 -0 0
  outer loop
    vertex -8.75 10.16250255405187 -73.54522085237848
    vertex -8.75 7.841273209091257 -74.94517426835689
    vertex -8.75 7.502020337295438 -72.45179115897221
  endloop
endfacet
facet normal -1 0 0
  outer loop
    vertex -8.75 7.841273209091257 -74.94517426835689
    vertex -8.75 5.180790992334828 -73.85174457495062
    vertex -8.75 7.502020337295438 -72.45179115897221
  endloop
endfacet
facet normal -1 -0 0
  outer loop
    vertex -8.75 7.841273209091257 -74.94517426835689
    vertex -8.75 5.520043864130648 -76.3451276843353
    vertex -8.75 5.180790992334828 -73.85174457495062
  endloop
endfacet
facet normal -1 -0 0
  outer loop
    vertex -8.75 7.502020337295438 -72.45179115897221
    vertex -8.75 5.180790992334828 -73.85174457495062
    vertex -8.75 4.841538120539008 -71.35836146556593
  endloop
endfacet
facet normal -1 0 0
  outer loop
    vertex -8.75 10.09182527553314 -57.09251981890241
    vertex -8.75 7.699729974518036 -55.47879736669601
    vertex -8.75 10.08230745665406 -54.45805756036619
  endloop
endfacet
facet normal -1 0 0
  outer loop
    vertex -8.75 7.699729974518036 -55.47879736669601
    vertex -8.75 7.690212155638957 -52.84433510815979
    vertex -8.75 10.08230745665406 -54.45805756036619
  endloop
endfacet
facet normal -1 0 0
  outer loop
    vertex -8.75 7.699729974518036 -55.47879736669601
    vertex -8.75 5.307634673502932 -53.86507491448961
    vertex -8.75 7.690212155638957 -52.84433510815979
  endloop
endfacet
facet normal -1 0 0
  outer loop
    vertex -8.75 10.08230745665406 -54.45805756036619
    vertex -8.75 7.690212155638957 -52.84433510815979
    vertex -8.75 10.07278963777498 -51.82359530182998
  endloop
endfacet
facet normal -1 0 0
  outer loop
    vertex -8.75 5.30763467350293 -66.13492508551039
    vertex -8.75 7.702275571362252 -64.53376421761733
    vertex -8.75 7.690212155638953 -67.1556648918402
  endloop
endfacet
facet normal -1 0 -0
  outer loop
    vertex -8.75 7.702275571362252 -64.53376421761733
    vertex -8.75 10.08485305349827 -65.55450402394715
    vertex -8.75 7.690212155638953 -67.1556648918402
  endloop
endfacet
facet normal -1 0 0
  outer loop
    vertex -8.75 7.702275571362252 -64.53376421761733
    vertex -8.75 10.09691646922157 -62.93260334972428
    vertex -8.75 10.08485305349827 -65.55450402394715
  endloop
endfacet
facet normal -1 0 0
  outer loop
    vertex -8.75 7.690212155638953 -67.1556648918402
    vertex -8.75 10.08485305349827 -65.55450402394715
    vertex -8.75 10.07278963777498 -68.17640469817002
  endloop
endfacet
facet normal -1 -4.45424e-15 -1.18482e-14
  outer loop
    vertex -8.749999999999998 10.84085401522702 -41.96375261844044
    vertex -8.75 10.84085401522702 -41.81382660745138
    vertex -8.75 13.13064051142026 -42.67465209556104
  endloop
endfacet
facet normal -1 0 0
  outer loop
    vertex -8.75 10.84085401522702 -41.81382660745138
    vertex -8.75 13.13064051142026 -42.52472548457198
    vertex -8.75 13.13064051142026 -42.67465209556104
  endloop
endfacet
facet normal -1 0 0
  outer loop
    vertex -8.75 10.84085401522702 -41.81382660745138
    vertex -8.75 10.84085401522702 -41.66389999646231
    vertex -8.75 13.13064051142026 -42.52472548457198
  endloop
endfacet
facet normal -1 0 0
  outer loop
    vertex -8.75 13.13064051142026 -42.67465209556104
    vertex -8.75 13.13064051142026 -42.52472548457198
    vertex -8.75 15.4204270076135 -43.38555097268164
  endloop
endfacet
facet normal -1 -4.45423e-15 1.18482e-14
  outer loop
    vertex -8.749999999999998 10.84085401522702 -78.03624738155956
    vertex -8.75 13.13064051142027 -77.32534820443895
    vertex -8.75 10.84085401522702 -78.18617369254862
  endloop
endfacet
facet normal -1 0 -0
  outer loop
    vertex -8.75 13.13064051142027 -77.32534820443895
    vertex -8.75 13.13064051142027 -77.47527451542801
    vertex -8.75 10.84085401522702 -78.18617369254862
  endloop
endfacet
facet normal -1 0 0
  outer loop
    vertex -8.75 13.13064051142027 -77.32534820443895
    vertex -8.75 15.42042700761352 -76.61444902731836
    vertex -8.75 13.13064051142027 -77.47527451542801
  endloop
endfacet
facet normal -1 0 0
  outer loop
    vertex -8.75 10.84085401522702 -78.18617369254862
    vertex -8.75 13.13064051142027 -77.47527451542801
    vertex -8.75 10.84085401522702 -78.33610000353768
  endloop
endfacet
facet normal -0.313996 0.310783 0.897118
  outer loop
    vertex -8.749999999999998 10.84085401522702 -78.03624738155956
    vertex -10.9302582873951 8.63805936251277 -78.03624738155956
    vertex -8.75 8.202079329594946 -77.12211199381606
  endloop
endfacet
facet normal -0.334237 0.239708 0.911496
  outer loop
    vertex -10.9302582873951 8.63805936251277 -78.03624738155956
    vertex -10.6630231188452 5.765650817557313 -77.18285898015424
    vertex -8.75 8.202079329594946 -77.12211199381606
  endloop
endfacet
facet normal -0.37266 0.232253 0.898434
  outer loop
    vertex -10.9302582873951 8.63805936251277 -78.03624738155956
    vertex -12.56955084251062 6.00774561686865 -78.03624738155956
    vertex -10.6630231188452 5.765650817557313 -77.18285898015424
  endloop
endfacet
facet normal -0.359203 0.259687 0.896402
  outer loop
    vertex -8.75 8.202079329594946 -77.12211199381606
    vertex -10.6630231188452 5.765650817557313 -77.18285898015424
    vertex -8.75 5.520043864130648 -76.3451276843353
  endloop
endfacet
facet normal -0.444283 0.0497282 0.894505
  outer loop
    vertex -13.93149725548061 1.706116352125447e-15 -78.03624738155956
    vertex -12.32681850637796 1.334599682039183 -77.31342994144117
    vertex -13.58674498996217 3.080093563059665 -78.03624738155956
  endloop
endfacet
facet normal -0.394664 0.0936338 0.914042
  outer loop
    vertex -12.32681850637796 1.334599682039183 -77.31342994144117
    vertex -11.63988266719202 4.340640805995855 -77.32476198195717
    vertex -13.58674498996217 3.080093563059665 -78.03624738155956
  endloop
endfacet
facet normal -0.439541 0.103807 0.892204
  outer loop
    vertex -12.32681850637796 1.334599682039183 -77.31342994144117
    vertex -10.68894903648862 2.665605871938785 -76.66140045869493
    vertex -11.63988266719202 4.340640805995855 -77.32476198195717
  endloop
endfacet
facet normal -0.421886 0.146582 0.894721
  outer loop
    vertex -13.58674498996217 3.080093563059665 -78.03624738155956
    vertex -11.63988266719202 4.340640805995855 -77.32476198195717
    vertex -12.56955084251062 6.00774561686865 -78.03624738155956
  endloop
endfacet
facet normal -0.359933 0.183437 0.914767
  outer loop
    vertex -8.75 5.520043864130648 -76.3451276843353
    vertex -9.742102810122661 4.102353534995781 -76.45120320759919
    vertex -8.75 2.782995710769989 -75.7962717511851
  endloop
endfacet
facet normal -0.439505 0.111924 0.89124
  outer loop
    vertex -9.742102810122661 4.102353534995781 -76.45120320759919
    vertex -9.732584130823053 1.334600618560318 -76.09892982743506
    vertex -8.75 2.782995710769989 -75.7962717511851
  endloop
endfacet
facet normal -0.379148 0.115549 0.918093
  outer loop
    vertex -9.742102810122661 4.102353534995781 -76.45120320759919
    vertex -10.68894903648862 2.665605871938785 -76.66140045869493
    vertex -9.732584130823053 1.334600618560318 -76.09892982743506
  endloop
endfacet
facet normal -0.38315 0.0674276 0.921222
  outer loop
    vertex -8.75 2.782995710769989 -75.7962717511851
    vertex -9.732584130823053 1.334600618560318 -76.09892982743506
    vertex -8.75 1.071565949253934e-15 -75.59257397392065
  endloop
endfacet
facet normal -0.426377 0.0290977 0.904078
  outer loop
    vertex -8.75 1.071565949253934e-15 -75.59257397392065
    vertex -9.732584130823053 1.334600618560318 -76.09892982743506
    vertex -11.34074862774031 1.388841150689691e-15 -76.81441067774011
  endloop
endfacet
facet normal -0.423855 0.0253629 0.905375
  outer loop
    vertex -9.732584130823053 1.334600618560318 -76.09892982743506
    vertex -12.32681850637796 1.334599682039183 -77.31342994144117
    vertex -11.34074862774031 1.388841150689691e-15 -76.81441067774011
  endloop
endfacet
facet normal -0.422705 0.0778399 0.902918
  outer loop
    vertex -9.732584130823053 1.334600618560318 -76.09892982743506
    vertex -10.68894903648862 2.665605871938785 -76.66140045869493
    vertex -12.32681850637796 1.334599682039183 -77.31342994144117
  endloop
endfacet
facet normal -0.426444 0.0230179 0.904221
  outer loop
    vertex -11.34074862774031 1.388841150689691e-15 -76.81441067774011
    vertex -12.32681850637796 1.334599682039183 -77.31342994144117
    vertex -13.93149725548061 1.706116352125447e-15 -78.03624738155956
  endloop
endfacet
facet normal -0.38402 0.172932 0.906986
  outer loop
    vertex -12.56955084251062 6.00774561686865 -78.03624738155956
    vertex -11.63988266719202 4.340640805995855 -77.32476198195717
    vertex -10.6630231188452 5.765650817557313 -77.18285898015424
  endloop
endfacet
facet normal -0.392681 0.179364 0.902014
  outer loop
    vertex -11.63988266719202 4.340640805995855 -77.32476198195717
    vertex -9.742102810122661 4.102353534995781 -76.45120320759919
    vertex -10.6630231188452 5.765650817557313 -77.18285898015424
  endloop
endfacet
facet normal -0.40083 0.13151 0.906664
  outer loop
    vertex -11.63988266719202 4.340640805995855 -77.32476198195717
    vertex -10.68894903648862 2.665605871938785 -76.66140045869493
    vertex -9.742102810122661 4.102353534995781 -76.45120320759919
  endloop
endfacet
facet normal -0.372712 0.19291 0.907674
  outer loop
    vertex -10.6630231188452 5.765650817557313 -77.18285898015424
    vertex -9.742102810122661 4.102353534995781 -76.45120320759919
    vertex -8.75 5.520043864130648 -76.3451276843353
  endloop
endfacet
facet normal 0.70197 0.680481 0.2102
  outer loop
    vertex 8.75 10.84085401522702 -81.66389999646232
    vertex 11.74216121206843 7.497217207021508 -80.83194999823115
    vertex 10.93025828739512 8.638059362512751 -81.81382630745139
  endloop
endfacet
facet normal 0.872897 0.440304 -0.2102
  outer loop
    vertex 11.74216121206843 7.497217207021508 -80.83194999823115
    vertex 13.10913515830181 4.715632638452575 -80.98187630922023
    vertex 10.93025828739512 8.638059362512751 -81.81382630745139
  endloop
endfacet
facet normal 0.881866 0.422052 0.2102
  outer loop
    vertex 11.74216121206843 7.497217207021508 -80.83194999823115
    vertex 13.5162880059958 3.375881265453214 -80
    vertex 13.10913515830181 4.715632638452575 -80.98187630922023
  endloop
endfacet
facet normal 0.835045 0.508444 0.2102
  outer loop
    vertex 10.93025828739512 8.638059362512751 -81.81382630745139
    vertex 13.10913515830181 4.715632638452575 -80.98187630922023
    vertex 12.56955084251063 6.007745616868611 -81.96375261844045
  endloop
endfacet
facet normal -0.70197 0.680481 -0.2102
  outer loop
    vertex -8.75 10.84085401522702 -78.33610000353768
    vertex -11.74216121206761 7.497217207022792 -79.16805000176885
    vertex -10.93025828739511 8.638059362512767 -78.18617369254862
  endloop
endfacet
facet normal -0.872897 0.440304 0.2102
  outer loop
    vertex -11.74216121206761 7.497217207022792 -79.16805000176885
    vertex -13.10913515830129 4.71563263845403 -79.01812369077979
    vertex -10.93025828739511 8.638059362512767 -78.18617369254862
  endloop
endfacet
facet normal -0.881866 0.422052 -0.2102
  outer loop
    vertex -11.74216121206761 7.497217207022792 -79.16805000176885
    vertex -13.51628800599506 3.375881265456175 -80
    vertex -13.10913515830129 4.71563263845403 -79.01812369077979
  endloop
endfacet
facet normal -0.835045 0.508444 -0.2102
  outer loop
    vertex -10.93025828739511 8.638059362512767 -78.18617369254862
    vertex -13.10913515830129 4.71563263845403 -79.01812369077979
    vertex -12.56955084251062 6.00774561686865 -78.03624738155956
  endloop
endfacet
facet normal 0.878352 0.461488 -0.124608
  outer loop
    vertex 12.56955084251063 6.007745616868611 -78.03624738155956
    vertex 13.10913515830181 4.715632638452575 -79.01812369077979
    vertex 10.93025828739512 8.638059362512751 -79.85007368901094
  endloop
endfacet
facet normal 0.855913 0.501882 0.124608
  outer loop
    vertex 13.10913515830181 4.715632638452575 -79.01812369077979
    vertex 11.74216121206843 7.497217207021508 -80.83194999823115
    vertex 10.93025828739512 8.638059362512751 -79.85007368901094
  endloop
endfacet
facet normal 0.920241 0.370985 -0.124608
  outer loop
    vertex 13.10913515830181 4.715632638452575 -79.01812369077979
    vertex 13.5162880059958 3.375881265453214 -80
    vertex 11.74216121206843 7.497217207021508 -80.83194999823115
  endloop
endfacet
facet normal 0.754586 0.644261 -0.124608
  outer loop
    vertex 10.93025828739512 8.638059362512751 -79.85007368901094
    vertex 11.74216121206843 7.497217207021508 -80.83194999823115
    vertex 8.75 10.84085401522702 -81.66389999646232
  endloop
endfacet
facet normal -0.878352 0.461488 0.124608
  outer loop
    vertex -12.56955084251062 6.00774561686865 -81.96375261844045
    vertex -13.10913515830129 4.71563263845403 -80.98187630922023
    vertex -10.93025828739511 8.638059362512767 -80.14992631098906
  endloop
endfacet
facet normal -0.855913 0.501882 -0.124608
  outer loop
    vertex -13.10913515830129 4.71563263845403 -80.98187630922023
    vertex -11.74216121206761 7.497217207022792 -79.16805000176885
    vertex -10.93025828739511 8.638059362512767 -80.14992631098906
  endloop
endfacet
facet normal -0.920241 0.370985 0.124608
  outer loop
    vertex -13.10913515830129 4.71563263845403 -80.98187630922023
    vertex -13.51628800599506 3.375881265456175 -80
    vertex -11.74216121206761 7.497217207022792 -79.16805000176885
  endloop
endfacet
facet normal -0.754586 0.644261 0.124608
  outer loop
    vertex -10.93025828739511 8.638059362512767 -80.14992631098906
    vertex -11.74216121206761 7.497217207022792 -79.16805000176885
    vertex -8.75 10.84085401522702 -78.33610000353768
  endloop
endfacet
facet normal 0.286622 0.957125 -0.0419514
  outer loop
    vertex 2.685447266928707 13.6702227032338 -81.96375261844045
    vertex 4.668143623207945 13.12612093851671 -80.8312340079448
    vertex 5.270167523776229 12.89619905440352 -81.96375261844045
  endloop
endfacet
facet normal 0.424367 0.904518 0.0419514
  outer loop
    vertex 4.668143623207945 13.12612093851671 -80.8312340079448
    vertex 7.110798410463518 11.98011526427076 -80.8312340079448
    vertex 5.270167523776229 12.89619905440352 -81.96375261844045
  endloop
endfacet
facet normal 0.424367 0.904518 -0.0419514
  outer loop
    vertex 4.668143623207945 13.12612093851671 -80.8312340079448
    vertex 6.549169613341413 12.2961373266221 -79.69871539744916
    vertex 7.110798410463518 11.98011526427076 -80.8312340079448
  endloop
endfacet
facet normal 0.465743 0.883925 -0.0419514
  outer loop
    vertex 5.270167523776229 12.89619905440352 -81.96375261844045
    vertex 7.110798410463518 11.98011526427076 -80.8312340079448
    vertex 7.657211876190929 11.63845874944721 -81.96375261844045
  endloop
endfacet
facet normal -0.286622 0.957125 0.0419514
  outer loop
    vertex -2.68544726692869 13.67022270323381 -78.03624738155956
    vertex -4.668143623195406 13.12612093852117 -79.16876599202701
    vertex -5.270167523776245 12.89619905440351 -78.03624738155956
  endloop
endfacet
facet normal -0.424367 0.904518 -0.0419514
  outer loop
    vertex -4.668143623195406 13.12612093852117 -79.16876599202701
    vertex -7.110798410452099 11.98011526427754 -79.16876599202701
    vertex -5.270167523776245 12.89619905440351 -78.03624738155956
  endloop
endfacet
facet normal -0.424367 0.904518 0.0419514
  outer loop
    vertex -4.668143623195406 13.12612093852117 -79.16876599202701
    vertex -6.549169613317933 12.29613732663461 -80.30128460249445
    vertex -7.110798410452099 11.98011526427754 -79.16876599202701
  endloop
endfacet
facet normal -0.465743 0.883925 0.0419514
  outer loop
    vertex -5.270167523776245 12.89619905440351 -78.03624738155956
    vertex -7.110798410452099 11.98011526427754 -79.16876599202701
    vertex -7.657211876190968 11.63845874944719 -78.03624738155956
  endloop
endfacet
facet normal -0.465392 0.88326 -0.0571139
  outer loop
    vertex -7.657211876190932 11.63845874944721 -81.96375261844045
    vertex -7.110798410452078 11.98011526427755 -81.13251861046746
    vertex -5.270167523776217 12.89619905440352 -81.96375261844045
  endloop
endfacet
facet normal -0.424048 0.903837 0.0571139
  outer loop
    vertex -7.110798410452078 11.98011526427755 -81.13251861046746
    vertex -4.668143623195396 13.12612093852117 -81.13251861046746
    vertex -5.270167523776217 12.89619905440352 -81.96375261844045
  endloop
endfacet
facet normal -0.424048 0.903837 -0.0571139
  outer loop
    vertex -7.110798410452078 11.98011526427755 -81.13251861046746
    vertex -6.549169613317933 12.29613732663461 -80.30128460249445
    vertex -4.668143623195396 13.12612093852117 -81.13251861046746
  endloop
endfacet
facet normal -0.286406 0.956404 -0.0571139
  outer loop
    vertex -5.270167523776217 12.89619905440352 -81.96375261844045
    vertex -4.668143623195396 13.12612093852117 -81.13251861046746
    vertex -2.685447266928675 13.67022270323381 -81.96375261844045
  endloop
endfacet
facet normal 0.465392 0.88326 0.0571139
  outer loop
    vertex 7.65721187619097 11.63845874944719 -78.03624738155956
    vertex 7.11079841046354 11.98011526427075 -78.86748138950436
    vertex 5.27016752377626 12.8961990544035 -78.03624738155956
  endloop
endfacet
facet normal 0.424048 0.903837 -0.0571139
  outer loop
    vertex 7.11079841046354 11.98011526427075 -78.86748138950436
    vertex 4.668143623207951 13.12612093851671 -78.86748138950436
    vertex 5.27016752377626 12.8961990544035 -78.03624738155956
  endloop
endfacet
facet normal 0.424048 0.903837 0.0571139
  outer loop
    vertex 7.11079841046354 11.98011526427075 -78.86748138950436
    vertex 6.549169613341413 12.2961373266221 -79.69871539744916
    vertex 4.668143623207951 13.12612093851671 -78.86748138950436
  endloop
endfacet
facet normal 0.286406 0.956404 0.0571139
  outer loop
    vertex 5.27016752377626 12.8961990544035 -78.03624738155956
    vertex 4.668143623207951 13.12612093851671 -78.86748138950436
    vertex 2.685447266928722 13.6702227032338 -78.03624738155956
  endloop
endfacet
facet normal 0.590482 0.807051 8.61596e-16
  outer loop
    vertex 8.75 10.84085401522702 -81.66389999646232
    vertex 7.684114138503772 11.6207145084074 -80.68130769695574
    vertex 8.75 10.84085401522702 -80
  endloop
endfacet
facet normal 0.590482 0.807051 -0
  outer loop
    vertex 7.684114138503772 11.6207145084074 -80.68130769695574
    vertex 7.684114138503772 11.6207145084074 -79.01740770049342
    vertex 8.75 10.84085401522702 -80
  endloop
endfacet
facet normal 0.511406 0.859339 -0
  outer loop
    vertex 7.684114138503772 11.6207145084074 -80.68130769695574
    vertex 6.549169613341413 12.2961373266221 -79.69871539744916
    vertex 7.684114138503772 11.6207145084074 -79.01740770049342
  endloop
endfacet
facet normal 0.590482 0.807051 -0
  outer loop
    vertex 8.75 10.84085401522702 -80
    vertex 7.684114138503772 11.6207145084074 -79.01740770049342
    vertex 8.75 10.84085401522702 -78.33610000353768
  endloop
endfacet
facet normal -0.590482 0.807051 -6.30391e-16
  outer loop
    vertex -8.75 10.84085401522702 -78.33610000353768
    vertex -7.684114138492674 11.62071450841474 -79.31869230301606
    vertex -8.749999999999998 10.84085401522702 -80
  endloop
endfacet
facet normal -0.590482 0.807051 0
  outer loop
    vertex -7.684114138492674 11.62071450841474 -79.31869230301606
    vertex -7.684114138492674 11.62071450841474 -80.98259229947838
    vertex -8.749999999999998 10.84085401522702 -80
  endloop
endfacet
facet normal -0.511406 0.859339 0
  outer loop
    vertex -7.684114138492674 11.62071450841474 -79.31869230301606
    vertex -6.549169613317933 12.29613732663461 -80.30128460249445
    vertex -7.684114138492674 11.62071450841474 -80.98259229947838
  endloop
endfacet
facet normal -0.590482 0.807051 1.49199e-15
  outer loop
    vertex -8.749999999999998 10.84085401522702 -80
    vertex -7.684114138492674 11.62071450841474 -80.98259229947838
    vertex -8.75 10.84085401522702 -81.66389999646232
  endloop
endfacet
facet normal -0.264641 0.964347 -3.8446e-16
  outer loop
    vertex -2.685447266928675 13.67022270323381 -81.96375261844045
    vertex -4.668143623195396 13.12612093852117 -81.13251861046746
    vertex -2.685447266928684 13.67022270323381 -80
  endloop
endfacet
facet normal -0.264641 0.964347 -4.44307e-16
  outer loop
    vertex -4.668143623195396 13.12612093852117 -81.13251861046746
    vertex -4.668143623195406 13.12612093852117 -79.16876599202701
    vertex -2.685447266928684 13.67022270323381 -80
  endloop
endfacet
facet normal -0.403689 0.914896 -1.18082e-15
  outer loop
    vertex -4.668143623195396 13.12612093852117 -81.13251861046746
    vertex -6.549169613317933 12.29613732663461 -80.30128460249445
    vertex -4.668143623195406 13.12612093852117 -79.16876599202701
  endloop
endfacet
facet normal -0.264641 0.964347 3.44671e-17
  outer loop
    vertex -2.685447266928684 13.67022270323381 -80
    vertex -4.668143623195406 13.12612093852117 -79.16876599202701
    vertex -2.68544726692869 13.67022270323381 -78.03624738155956
  endloop
endfacet
facet normal 0.264641 0.964347 9.43139e-17
  outer loop
    vertex 2.685447266928722 13.6702227032338 -78.03624738155956
    vertex 4.668143623207951 13.12612093851671 -78.86748138950436
    vertex 2.685447266928716 13.6702227032338 -80
  endloop
endfacet
facet normal 0.264641 0.964347 1.54161e-16
  outer loop
    vertex 4.668143623207951 13.12612093851671 -78.86748138950436
    vertex 4.668143623207945 13.12612093851671 -80.8312340079448
    vertex 2.685447266928716 13.6702227032338 -80
  endloop
endfacet
facet normal 0.403689 0.914896 -2.67907e-16
  outer loop
    vertex 4.668143623207951 13.12612093851671 -78.86748138950436
    vertex 6.549169613341413 12.2961373266221 -79.69871539744916
    vertex 4.668143623207945 13.12612093851671 -80.8312340079448
  endloop
endfacet
facet normal 0.264641 0.964347 -3.8446e-16
  outer loop
    vertex 2.685447266928716 13.6702227032338 -80
    vertex 4.668143623207945 13.12612093851671 -80.8312340079448
    vertex 2.685447266928707 13.6702227032338 -81.96375261844045
  endloop
endfacet
facet normal 0.990037 0.110814 0.0868775
  outer loop
    vertex 13.93149725548061 0 -78.03624738155956
    vertex 13.8273053238742 1.700659654317681 -79.01812369077979
    vertex 13.58674498996218 3.080093563059644 -78.03624738155956
  endloop
endfacet
facet normal 0.969105 0.230842 -0.0868775
  outer loop
    vertex 13.8273053238742 1.700659654317681 -79.01812369077979
    vertex 13.10913515830181 4.715632638452575 -79.01812369077979
    vertex 13.58674498996218 3.080093563059644 -78.03624738155956
  endloop
endfacet
facet normal 0.969105 0.230842 0.0868775
  outer loop
    vertex 13.8273053238742 1.700659654317681 -79.01812369077979
    vertex 13.5162880059958 3.375881265453214 -80
    vertex 13.10913515830181 4.715632638452575 -79.01812369077979
  endloop
endfacet
facet normal 0.941037 0.326957 0.0868775
  outer loop
    vertex 13.58674498996218 3.080093563059644 -78.03624738155956
    vertex 13.10913515830181 4.715632638452575 -79.01812369077979
    vertex 12.56955084251063 6.007745616868611 -78.03624738155956
  endloop
endfacet
facet normal 0.941037 0.326957 -0.0868775
  outer loop
    vertex 12.56955084251063 6.007745616868611 -81.96375261844045
    vertex 13.10913515830181 4.715632638452575 -80.98187630922023
    vertex 13.58674498996218 3.080093563059644 -81.96375261844045
  endloop
endfacet
facet normal 0.969105 0.230842 0.0868775
  outer loop
    vertex 13.10913515830181 4.715632638452575 -80.98187630922023
    vertex 13.8273053238742 1.700659654317681 -80.98187630922021
    vertex 13.58674498996218 3.080093563059644 -81.96375261844045
  endloop
endfacet
facet normal 0.969105 0.230842 -0.0868775
  outer loop
    vertex 13.10913515830181 4.715632638452575 -80.98187630922023
    vertex 13.5162880059958 3.375881265453214 -80
    vertex 13.8273053238742 1.700659654317681 -80.98187630922021
  endloop
endfacet
facet normal 0.990037 0.110814 -0.0868775
  outer loop
    vertex 13.58674498996218 3.080093563059644 -81.96375261844045
    vertex 13.8273053238742 1.700659654317681 -80.98187630922021
    vertex 13.93149725548061 0 -81.96375261844044
  endloop
endfacet
facet normal -0.941037 0.326957 0.0868775
  outer loop
    vertex -12.56955084251062 6.00774561686865 -78.03624738155956
    vertex -13.10913515830129 4.71563263845403 -79.01812369077979
    vertex -13.58674498996217 3.080093563059665 -78.03624738155956
  endloop
endfacet
facet normal -0.969105 0.230842 -0.0868775
  outer loop
    vertex -13.10913515830129 4.71563263845403 -79.01812369077979
    vertex -13.82730532387402 1.700659654319196 -79.01812369077979
    vertex -13.58674498996217 3.080093563059665 -78.03624738155956
  endloop
endfacet
facet normal -0.969105 0.230842 0.0868775
  outer loop
    vertex -13.10913515830129 4.71563263845403 -79.01812369077979
    vertex -13.51628800599506 3.375881265456175 -80
    vertex -13.82730532387402 1.700659654319196 -79.01812369077979
  endloop
endfacet
facet normal -0.990037 0.110814 0.0868775
  outer loop
    vertex -13.58674498996217 3.080093563059665 -78.03624738155956
    vertex -13.82730532387402 1.700659654319196 -79.01812369077979
    vertex -13.93149725548061 1.706116352125447e-15 -78.03624738155956
  endloop
endfacet
facet normal -0.990037 0.110814 -0.0868775
  outer loop
    vertex -13.93149725548061 1.706116352125447e-15 -81.96375261844044
    vertex -13.82730532387402 1.700659654319196 -80.98187630922021
    vertex -13.58674498996217 3.080093563059665 -81.96375261844045
  endloop
endfacet
facet normal -0.969105 0.230842 0.0868775
  outer loop
    vertex -13.82730532387402 1.700659654319196 -80.98187630922021
    vertex -13.10913515830129 4.71563263845403 -80.98187630922023
    vertex -13.58674498996217 3.080093563059665 -81.96375261844045
  endloop
endfacet
facet normal -0.969105 0.230842 -0.0868775
  outer loop
    vertex -13.82730532387402 1.700659654319196 -80.98187630922021
    vertex -13.51628800599506 3.375881265456175 -80
    vertex -13.10913515830129 4.71563263845403 -80.98187630922023
  endloop
endfacet
facet normal -0.941037 0.326957 -0.0868775
  outer loop
    vertex -13.58674498996217 3.080093563059665 -81.96375261844045
    vertex -13.10913515830129 4.71563263845403 -80.98187630922023
    vertex -12.56955084251062 6.00774561686865 -81.96375261844045
  endloop
endfacet
facet normal -0.0966185 0.99307 -0.0669151
  outer loop
    vertex -2.685447266928675 13.67022270323381 -81.96375261844045
    vertex -1.349063695225913 13.86602477012381 -80.98750485088954
    vertex 1.632012719659947e-14 13.93149725548061 -81.96375261844045
  endloop
endfacet
facet normal 1.31378e-15 0.997759 0.0669151
  outer loop
    vertex -1.349063695225913 13.86602477012381 -80.98750485088954
    vertex 1.349063695225943 13.86602477012381 -80.98750485088954
    vertex 1.632012719659947e-14 13.93149725548061 -81.96375261844045
  endloop
endfacet
facet normal 1.31378e-15 0.997759 -0.0669151
  outer loop
    vertex -1.349063695225913 13.86602477012381 -80.98750485088954
    vertex 1.322671339249212e-14 13.93149725548061 -80.01125708333863
    vertex 1.349063695225943 13.86602477012381 -80.98750485088954
  endloop
endfacet
facet normal 0.0966185 0.99307 -0.0669151
  outer loop
    vertex 1.632012719659947e-14 13.93149725548061 -81.96375261844045
    vertex 1.349063695225943 13.86602477012381 -80.98750485088954
    vertex 2.685447266928707 13.6702227032338 -81.96375261844045
  endloop
endfacet
facet normal 0.0966234 0.99312 0.0661557
  outer loop
    vertex 2.685447266928722 13.6702227032338 -78.03624738155956
    vertex 1.349063695225952 13.86602477012381 -79.0237522324491
    vertex 1.632012719659947e-14 13.93149725548061 -78.03624738155956
  endloop
endfacet
facet normal 1.31385e-15 0.997809 -0.0661557
  outer loop
    vertex 1.349063695225952 13.86602477012381 -79.0237522324491
    vertex -1.349063695225923 13.86602477012381 -79.0237522324491
    vertex 1.632012719659947e-14 13.93149725548061 -78.03624738155956
  endloop
endfacet
facet normal 1.31385e-15 0.997809 0.0661557
  outer loop
    vertex 1.349063695225952 13.86602477012381 -79.0237522324491
    vertex 1.322671339249212e-14 13.93149725548061 -80.01125708333863
    vertex -1.349063695225923 13.86602477012381 -79.0237522324491
  endloop
endfacet
facet normal -0.0966234 0.99312 0.0661557
  outer loop
    vertex 1.632012719659947e-14 13.93149725548061 -78.03624738155956
    vertex -1.349063695225923 13.86602477012381 -79.0237522324491
    vertex -2.68544726692869 13.67022270323381 -78.03624738155956
  endloop
endfacet
facet normal -0.998129 0.0611509 0
  outer loop
    vertex -13.93149725548061 1.706116352125447e-15 -78.03624738155956
    vertex -13.82730532387402 1.700659654319196 -79.01812369077979
    vertex -13.93149725548061 1.706116352125447e-15 -80.00000000000001
  endloop
endfacet
facet normal -0.998129 0.0611509 0
  outer loop
    vertex -13.82730532387402 1.700659654319196 -79.01812369077979
    vertex -13.82730532387402 1.700659654319196 -80.98187630922021
    vertex -13.93149725548061 1.706116352125447e-15 -80.00000000000001
  endloop
endfacet
facet normal -0.983199 0.182538 0
  outer loop
    vertex -13.82730532387402 1.700659654319196 -79.01812369077979
    vertex -13.51628800599506 3.375881265456175 -80
    vertex -13.82730532387402 1.700659654319196 -80.98187630922021
  endloop
endfacet
facet normal -0.998129 0.0611509 0
  outer loop
    vertex -13.93149725548061 1.706116352125447e-15 -80.00000000000001
    vertex -13.82730532387402 1.700659654319196 -80.98187630922021
    vertex -13.93149725548061 1.706116352125447e-15 -81.96375261844044
  endloop
endfacet
facet normal 0.998129 0.0611509 -0
  outer loop
    vertex 13.93149725548061 0 -81.96375261844044
    vertex 13.8273053238742 1.700659654317681 -80.98187630922021
    vertex 13.93149725548061 0 -80.00000000000001
  endloop
endfacet
facet normal 0.998129 0.0611509 -0
  outer loop
    vertex 13.8273053238742 1.700659654317681 -80.98187630922021
    vertex 13.8273053238742 1.700659654317681 -79.01812369077979
    vertex 13.93149725548061 0 -80.00000000000001
  endloop
endfacet
facet normal 0.983199 0.182538 -0
  outer loop
    vertex 13.8273053238742 1.700659654317681 -80.98187630922021
    vertex 13.5162880059958 3.375881265453214 -80
    vertex 13.8273053238742 1.700659654317681 -79.01812369077979
  endloop
endfacet
facet normal 0.998129 0.0611509 -0
  outer loop
    vertex 13.93149725548061 0 -80.00000000000001
    vertex 13.8273053238742 1.700659654317681 -79.01812369077979
    vertex 13.93149725548061 0 -78.03624738155956
  endloop
endfacet
facet normal -0.144969 0.989436 4.36046e-16
  outer loop
    vertex -2.68544726692869 13.67022270323381 -78.03624738155956
    vertex -1.349063695225923 13.86602477012381 -79.0237522324491
    vertex -2.685447266928684 13.67022270323381 -80
  endloop
endfacet
facet normal -0.144969 0.989436 -6.88457e-16
  outer loop
    vertex -1.349063695225923 13.86602477012381 -79.0237522324491
    vertex -1.349063695225913 13.86602477012381 -80.98750485088954
    vertex -2.685447266928684 13.67022270323381 -80
  endloop
endfacet
facet normal -0.0484747 0.998824 -2.30207e-16
  outer loop
    vertex -1.349063695225923 13.86602477012381 -79.0237522324491
    vertex 1.322671339249212e-14 13.93149725548061 -80.01125708333863
    vertex -1.349063695225913 13.86602477012381 -80.98750485088954
  endloop
endfacet
facet normal -0.144969 0.989436 2.0656e-16
  outer loop
    vertex -2.685447266928684 13.67022270323381 -80
    vertex -1.349063695225913 13.86602477012381 -80.98750485088954
    vertex -2.685447266928675 13.67022270323381 -81.96375261844045
  endloop
endfacet
facet normal 0.144969 0.989436 2.0656e-16
  outer loop
    vertex 2.685447266928707 13.6702227032338 -81.96375261844045
    vertex 1.349063695225943 13.86602477012381 -80.98750485088954
    vertex 2.685447266928716 13.6702227032338 -80
  endloop
endfacet
facet normal 0.144969 0.989436 -6.72065e-16
  outer loop
    vertex 1.349063695225943 13.86602477012381 -80.98750485088954
    vertex 1.349063695225952 13.86602477012381 -79.0237522324491
    vertex 2.685447266928716 13.6702227032338 -80
  endloop
endfacet
facet normal 0.0484747 0.998824 -2.24726e-16
  outer loop
    vertex 1.349063695225943 13.86602477012381 -80.98750485088954
    vertex 1.322671339249212e-14 13.93149725548061 -80.01125708333863
    vertex 1.349063695225952 13.86602477012381 -79.0237522324491
  endloop
endfacet
facet normal 0.144969 0.989436 4.68829e-16
  outer loop
    vertex 2.685447266928716 13.6702227032338 -80
    vertex 1.349063695225952 13.86602477012381 -79.0237522324491
    vertex 2.685447266928722 13.6702227032338 -78.03624738155956
  endloop
endfacet
facet normal 0.565383 0.824478 0.0240566
  outer loop
    vertex 7.657211876190929 11.63845874944721 -81.96375261844045
    vertex 7.110798410463518 11.98011526427076 -80.8312340079448
    vertex 8.214144651965189 11.25230835944588 -81.81858270914574
  endloop
endfacet
facet normal 0.535474 0.844213 -0.0239128
  outer loop
    vertex 7.110798410463518 11.98011526427076 -80.8312340079448
    vertex 7.684114138503772 11.6207145084074 -80.68130769695574
    vertex 8.214144651965189 11.25230835944588 -81.81858270914574
  endloop
endfacet
facet normal 0.526489 0.849845 0.0239481
  outer loop
    vertex 7.110798410463518 11.98011526427076 -80.8312340079448
    vertex 6.549169613341413 12.2961373266221 -79.69871539744916
    vertex 7.684114138503772 11.6207145084074 -80.68130769695574
  endloop
endfacet
facet normal 0.604516 0.796237 0.0238052
  outer loop
    vertex 8.214144651965189 11.25230835944588 -81.81858270914574
    vertex 7.684114138503772 11.6207145084074 -80.68130769695574
    vertex 8.75 10.84085401522702 -81.66389999646232
  endloop
endfacet
facet normal -0.565383 0.824478 -0.0240566
  outer loop
    vertex -7.657211876190968 11.63845874944719 -78.03624738155956
    vertex -7.110798410452099 11.98011526427754 -79.16876599202701
    vertex -8.214144651965215 11.25230835944586 -78.18141729085427
  endloop
endfacet
facet normal -0.535474 0.844213 0.0239128
  outer loop
    vertex -7.110798410452099 11.98011526427754 -79.16876599202701
    vertex -7.684114138492674 11.62071450841474 -79.31869230301606
    vertex -8.214144651965215 11.25230835944586 -78.18141729085427
  endloop
endfacet
facet normal -0.526489 0.849845 -0.0239481
  outer loop
    vertex -7.110798410452099 11.98011526427754 -79.16876599202701
    vertex -6.549169613317933 12.29613732663461 -80.30128460249445
    vertex -7.684114138492674 11.62071450841474 -79.31869230301606
  endloop
endfacet
facet normal -0.604516 0.796237 -0.0238052
  outer loop
    vertex -8.214144651965215 11.25230835944586 -78.18141729085427
    vertex -7.684114138492674 11.62071450841474 -79.31869230301606
    vertex -8.75 10.84085401522702 -78.33610000353768
  endloop
endfacet
facet normal -0.603065 0.797086 0.0310903
  outer loop
    vertex -8.75 10.84085401522702 -81.66389999646232
    vertex -7.684114138492674 11.62071450841474 -80.98259229947838
    vertex -8.214144651965192 11.25230835944587 -81.81858270914574
  endloop
endfacet
facet normal -0.536742 0.843167 -0.0312664
  outer loop
    vertex -7.684114138492674 11.62071450841474 -80.98259229947838
    vertex -7.110798410452078 11.98011526427755 -81.13251861046746
    vertex -8.214144651965192 11.25230835944587 -81.81858270914574
  endloop
endfacet
facet normal -0.524985 0.850534 0.0313502
  outer loop
    vertex -7.684114138492674 11.62071450841474 -80.98259229947838
    vertex -6.549169613317933 12.29613732663461 -80.30128460249445
    vertex -7.110798410452078 11.98011526427755 -81.13251861046746
  endloop
endfacet
facet normal -0.563944 0.825211 0.0315285
  outer loop
    vertex -8.214144651965192 11.25230835944587 -81.81858270914574
    vertex -7.110798410452078 11.98011526427755 -81.13251861046746
    vertex -7.657211876190932 11.63845874944721 -81.96375261844045
  endloop
endfacet
facet normal 0.603065 0.797086 -0.0310903
  outer loop
    vertex 8.75 10.84085401522702 -78.33610000353768
    vertex 7.684114138503772 11.6207145084074 -79.01740770049342
    vertex 8.214144651965212 11.25230835944586 -78.18141729085427
  endloop
endfacet
facet normal 0.536742 0.843167 0.0312664
  outer loop
    vertex 7.684114138503772 11.6207145084074 -79.01740770049342
    vertex 7.11079841046354 11.98011526427075 -78.86748138950436
    vertex 8.214144651965212 11.25230835944586 -78.18141729085427
  endloop
endfacet
facet normal 0.524985 0.850534 -0.0313502
  outer loop
    vertex 7.684114138503772 11.6207145084074 -79.01740770049342
    vertex 6.549169613341413 12.2961373266221 -79.69871539744916
    vertex 7.11079841046354 11.98011526427075 -78.86748138950436
  endloop
endfacet
facet normal 0.563944 0.825211 -0.0315285
  outer loop
    vertex 8.214144651965212 11.25230835944586 -78.18141729085427
    vertex 7.11079841046354 11.98011526427075 -78.86748138950436
    vertex 7.65721187619097 11.63845874944719 -78.03624738155956
  endloop
endfacet
facet normal -0.710733 0.703462 0
  outer loop
    vertex -8.75 10.84085401522702 -78.33610000353768
    vertex -10.93025828739511 8.638059362512767 -78.18617369254862
    vertex -8.75 10.84085401522702 -78.18617369254862
  endloop
endfacet
facet normal -0.710733 0.703462 8.59321e-15
  outer loop
    vertex -10.93025828739511 8.638059362512767 -78.18617369254862
    vertex -10.9302582873951 8.63805936251277 -78.03624738155956
    vertex -8.75 10.84085401522702 -78.18617369254862
  endloop
endfacet
facet normal -0.848672 0.528919 1.76322e-14
  outer loop
    vertex -10.93025828739511 8.638059362512767 -78.18617369254862
    vertex -12.56955084251062 6.00774561686865 -78.03624738155956
    vertex -10.9302582873951 8.63805936251277 -78.03624738155956
  endloop
endfacet
facet normal -0.710733 0.703462 8.42091e-15
  outer loop
    vertex -8.75 10.84085401522702 -78.18617369254862
    vertex -10.9302582873951 8.63805936251277 -78.03624738155956
    vertex -8.749999999999998 10.84085401522702 -78.03624738155956
  endloop
endfacet
facet normal -0.848672 0.528919 0
  outer loop
    vertex -12.56955084251062 6.00774561686865 -81.96375261844045
    vertex -10.93025828739511 8.638059362512767 -80.14992631098906
    vertex -10.93025828739511 8.638059362512767 -81.81382630745139
  endloop
endfacet
facet normal -0.710733 0.703462 0
  outer loop
    vertex -10.93025828739511 8.638059362512767 -80.14992631098906
    vertex -8.749999999999998 10.84085401522702 -80
    vertex -10.93025828739511 8.638059362512767 -81.81382630745139
  endloop
endfacet
facet normal -0.710733 0.703462 -8.61144e-16
  outer loop
    vertex -10.93025828739511 8.638059362512767 -80.14992631098906
    vertex -8.75 10.84085401522702 -78.33610000353768
    vertex -8.749999999999998 10.84085401522702 -80
  endloop
endfacet
facet normal -0.710733 0.703462 1.55006e-15
  outer loop
    vertex -10.93025828739511 8.638059362512767 -81.81382630745139
    vertex -8.749999999999998 10.84085401522702 -80
    vertex -8.75 10.84085401522702 -81.66389999646232
  endloop
endfacet
facet normal 0.848672 0.528919 0
  outer loop
    vertex 12.56955084251063 6.007745616868611 -78.03624738155956
    vertex 10.93025828739512 8.638059362512751 -78.18617369254862
    vertex 10.93025828739512 8.638059362512751 -78.03624738155956
  endloop
endfacet
facet normal 0.710733 0.703462 -0
  outer loop
    vertex 10.93025828739512 8.638059362512751 -78.18617369254862
    vertex 8.75 10.84085401522702 -78.18617369254862
    vertex 10.93025828739512 8.638059362512751 -78.03624738155956
  endloop
endfacet
facet normal 0.710733 0.703462 0
  outer loop
    vertex 10.93025828739512 8.638059362512751 -78.18617369254862
    vertex 8.75 10.84085401522702 -78.33610000353768
    vertex 8.75 10.84085401522702 -78.18617369254862
  endloop
endfacet
facet normal 0.710733 0.703462 0
  outer loop
    vertex 10.93025828739512 8.638059362512751 -78.03624738155956
    vertex 8.75 10.84085401522702 -78.18617369254862
    vertex 8.75 10.84085401522702 -78.03624738155956
  endloop
endfacet
facet normal 0.710733 0.703462 0
  outer loop
    vertex 8.75 10.84085401522702 -78.33610000353768
    vertex 10.93025828739512 8.638059362512751 -78.18617369254862
    vertex 8.75 10.84085401522702 -80
  endloop
endfacet
facet normal 0.710733 0.703462 0
  outer loop
    vertex 10.93025828739512 8.638059362512751 -78.18617369254862
    vertex 10.93025828739512 8.638059362512751 -79.85007368901094
    vertex 8.75 10.84085401522702 -80
  endloop
endfacet
facet normal 0.848672 0.528919 0
  outer loop
    vertex 10.93025828739512 8.638059362512751 -78.18617369254862
    vertex 12.56955084251063 6.007745616868611 -78.03624738155956
    vertex 10.93025828739512 8.638059362512751 -79.85007368901094
  endloop
endfacet
facet normal 0.710733 0.703462 7.51006e-16
  outer loop
    vertex 8.75 10.84085401522702 -80
    vertex 10.93025828739512 8.638059362512751 -79.85007368901094
    vertex 8.75 10.84085401522702 -81.66389999646232
  endloop
endfacet
facet normal -0.710733 0.703462 -8.42092e-15
  outer loop
    vertex -8.749999999999998 10.84085401522702 -81.96375261844045
    vertex -10.9302582873951 8.63805936251277 -81.96375261844045
    vertex -8.75 10.84085401522702 -81.81382660745139
  endloop
endfacet
facet normal -0.710733 0.703462 -8.59321e-15
  outer loop
    vertex -10.9302582873951 8.63805936251277 -81.96375261844045
    vertex -10.93025828739511 8.638059362512767 -81.81382630745139
    vertex -8.75 10.84085401522702 -81.81382660745139
  endloop
endfacet
facet normal -0.848672 0.528919 -1.76322e-14
  outer loop
    vertex -10.9302582873951 8.63805936251277 -81.96375261844045
    vertex -12.56955084251062 6.00774561686865 -81.96375261844045
    vertex -10.93025828739511 8.638059362512767 -81.81382630745139
  endloop
endfacet
facet normal -0.710733 0.703462 -8.33474e-15
  outer loop
    vertex -8.75 10.84085401522702 -81.81382660745139
    vertex -10.93025828739511 8.638059362512767 -81.81382630745139
    vertex -8.75 10.84085401522702 -81.66389999646232
  endloop
endfacet
facet normal 0.848672 0.528919 0
  outer loop
    vertex 12.56955084251063 6.007745616868611 -81.96375261844045
    vertex 10.93025828739512 8.638059362512751 -81.96375261844045
    vertex 10.93025828739512 8.638059362512751 -81.81382630745139
  endloop
endfacet
facet normal 0.710733 0.703462 -0
  outer loop
    vertex 10.93025828739512 8.638059362512751 -81.96375261844045
    vertex 8.75 10.84085401522702 -81.81382660745139
    vertex 10.93025828739512 8.638059362512751 -81.81382630745139
  endloop
endfacet
facet normal 0.710733 0.703462 0
  outer loop
    vertex 10.93025828739512 8.638059362512751 -81.96375261844045
    vertex 8.75 10.84085401522702 -81.96375261844045
    vertex 8.75 10.84085401522702 -81.81382660745139
  endloop
endfacet
facet normal 0.710733 0.703462 -9.55705e-15
  outer loop
    vertex 10.93025828739512 8.638059362512751 -81.81382630745139
    vertex 8.75 10.84085401522702 -81.81382660745139
    vertex 8.75 10.84085401522702 -81.66389999646232
  endloop
endfacet
facet normal -0.313996 0.310783 -0.897118
  outer loop
    vertex -8.749999999999998 10.84085401522702 -81.96375261844045
    vertex -8.75 8.202079329594687 -82.87788800618404
    vertex -10.9302582873951 8.63805936251277 -81.96375261844045
  endloop
endfacet
facet normal -0.334237 0.239708 -0.911496
  outer loop
    vertex -8.75 8.202079329594687 -82.87788800618404
    vertex -10.6630231188452 5.76565081755731 -82.81714101984578
    vertex -10.9302582873951 8.63805936251277 -81.96375261844045
  endloop
endfacet
facet normal -0.359203 0.259687 -0.896402
  outer loop
    vertex -8.75 8.202079329594687 -82.87788800618404
    vertex -8.75 5.520043864130645 -83.65487231566472
    vertex -10.6630231188452 5.76565081755731 -82.81714101984578
  endloop
endfacet
facet normal -0.37266 0.232253 -0.898434
  outer loop
    vertex -10.9302582873951 8.63805936251277 -81.96375261844045
    vertex -10.6630231188452 5.76565081755731 -82.81714101984578
    vertex -12.56955084251062 6.00774561686865 -81.96375261844045
  endloop
endfacet
facet normal -0.421886 0.146582 -0.894721
  outer loop
    vertex -12.56955084251062 6.00774561686865 -81.96375261844045
    vertex -11.63988266719208 4.340640805995854 -82.67523801804282
    vertex -13.58674498996217 3.080093563059665 -81.96375261844045
  endloop
endfacet
facet normal -0.394664 0.0936338 -0.914042
  outer loop
    vertex -11.63988266719208 4.340640805995854 -82.67523801804282
    vertex -12.32681850637803 1.334599682039179 -82.6865700585588
    vertex -13.58674498996217 3.080093563059665 -81.96375261844045
  endloop
endfacet
facet normal -0.439541 0.103807 -0.892204
  outer loop
    vertex -11.63988266719208 4.340640805995854 -82.67523801804282
    vertex -10.68894903648875 2.665605871938777 -83.33859954130503
    vertex -12.32681850637803 1.334599682039179 -82.6865700585588
  endloop
endfacet
facet normal -0.444283 0.0497282 -0.894505
  outer loop
    vertex -13.58674498996217 3.080093563059665 -81.96375261844045
    vertex -12.32681850637803 1.334599682039179 -82.6865700585588
    vertex -13.93149725548061 1.706116352125447e-15 -81.96375261844044
  endloop
endfacet
facet normal -0.38315 0.0674276 -0.921222
  outer loop
    vertex -8.75 1.071565949253934e-15 -84.40742602607935
    vertex -9.73258413082312 1.334600618560314 -83.90107017256491
    vertex -8.75 2.782995710769982 -84.2037282488149
  endloop
endfacet
facet normal -0.439505 0.111924 -0.89124
  outer loop
    vertex -9.73258413082312 1.334600618560314 -83.90107017256491
    vertex -9.742102810122731 4.102353534995774 -83.54879679240079
    vertex -8.75 2.782995710769982 -84.2037282488149
  endloop
endfacet
facet normal -0.379148 0.115549 -0.918093
  outer loop
    vertex -9.73258413082312 1.334600618560314 -83.90107017256491
    vertex -10.68894903648875 2.665605871938777 -83.33859954130503
    vertex -9.742102810122731 4.102353534995774 -83.54879679240079
  endloop
endfacet
facet normal -0.359933 0.183437 -0.914767
  outer loop
    vertex -8.75 2.782995710769982 -84.2037282488149
    vertex -9.742102810122731 4.102353534995774 -83.54879679240079
    vertex -8.75 5.520043864130645 -83.65487231566472
  endloop
endfacet
facet normal -0.426444 0.0230179 -0.904221
  outer loop
    vertex -13.93149725548061 1.706116352125447e-15 -81.96375261844044
    vertex -12.32681850637803 1.334599682039179 -82.6865700585588
    vertex -11.34074862774031 1.388841150689691e-15 -83.1855893222599
  endloop
endfacet
facet normal -0.423855 0.0253629 -0.905375
  outer loop
    vertex -12.32681850637803 1.334599682039179 -82.6865700585588
    vertex -9.73258413082312 1.334600618560314 -83.90107017256491
    vertex -11.34074862774031 1.388841150689691e-15 -83.1855893222599
  endloop
endfacet
facet normal -0.422705 0.0778399 -0.902918
  outer loop
    vertex -12.32681850637803 1.334599682039179 -82.6865700585588
    vertex -10.68894903648875 2.665605871938777 -83.33859954130503
    vertex -9.73258413082312 1.334600618560314 -83.90107017256491
  endloop
endfacet
facet normal -0.426377 0.0290977 -0.904078
  outer loop
    vertex -11.34074862774031 1.388841150689691e-15 -83.1855893222599
    vertex -9.73258413082312 1.334600618560314 -83.90107017256491
    vertex -8.75 1.071565949253934e-15 -84.40742602607935
  endloop
endfacet
facet normal -0.372712 0.19291 -0.907674
  outer loop
    vertex -8.75 5.520043864130645 -83.65487231566472
    vertex -9.742102810122731 4.102353534995774 -83.54879679240079
    vertex -10.6630231188452 5.76565081755731 -82.81714101984578
  endloop
endfacet
facet normal -0.392681 0.179364 -0.902014
  outer loop
    vertex -9.742102810122731 4.102353534995774 -83.54879679240079
    vertex -11.63988266719208 4.340640805995854 -82.67523801804282
    vertex -10.6630231188452 5.76565081755731 -82.81714101984578
  endloop
endfacet
facet normal -0.40083 0.13151 -0.906664
  outer loop
    vertex -9.742102810122731 4.102353534995774 -83.54879679240079
    vertex -10.68894903648875 2.665605871938777 -83.33859954130503
    vertex -11.63988266719208 4.340640805995854 -82.67523801804282
  endloop
endfacet
facet normal -0.38402 0.172932 -0.906986
  outer loop
    vertex -10.6630231188452 5.76565081755731 -82.81714101984578
    vertex -11.63988266719208 4.340640805995854 -82.67523801804282
    vertex -12.56955084251062 6.00774561686865 -81.96375261844045
  endloop
endfacet
facet normal -1 -4.89419e-16 9.22341e-16
  outer loop
    vertex -8.749999999999998 10.84085401522702 -81.96375261844045
    vertex -8.75 13.13064051142026 -82.67465209556104
    vertex -8.75 10.47899263227237 -84.08168911819679
  endloop
endfacet
facet normal -1 0 0
  outer loop
    vertex -8.75 13.13064051142026 -82.67465209556104
    vertex -8.75 12.76877912846561 -84.79258799531739
    vertex -8.75 10.47899263227237 -84.08168911819679
  endloop
endfacet
facet normal -1 0 -0
  outer loop
    vertex -8.75 13.13064051142026 -82.67465209556104
    vertex -8.75 15.42042700761351 -83.38555097268164
    vertex -8.75 12.76877912846561 -84.79258799531739
  endloop
endfacet
facet normal -1 0 -0
  outer loop
    vertex -8.75 10.47899263227237 -84.08168911819679
    vertex -8.75 12.76877912846561 -84.79258799531739
    vertex -8.75 10.11713124931771 -86.19962501795314
  endloop
endfacet
facet normal -1 0 0
  outer loop
    vertex -8.75 10.11713124931771 -86.19962501795314
    vertex -8.75 12.76877912846561 -84.79258799531739
    vertex -8.75 12.63633610441627 -87.38219739328198
  endloop
endfacet
facet normal -1 0 -0
  outer loop
    vertex -8.75 12.76877912846561 -84.79258799531739
    vertex -8.75 15.28798398356417 -85.97516037064624
    vertex -8.75 12.63633610441627 -87.38219739328198
  endloop
endfacet
facet normal -1 0 0
  outer loop
    vertex -8.75 12.76877912846561 -84.79258799531739
    vertex -8.75 15.42042700761351 -83.38555097268164
    vertex -8.75 15.28798398356417 -85.97516037064624
  endloop
endfacet
facet normal -1 0 0
  outer loop
    vertex -8.75 12.63633610441627 -87.38219739328198
    vertex -8.75 15.28798398356417 -85.97516037064624
    vertex -8.75 15.15554095951483 -88.56476976861083
  endloop
endfacet
facet normal -1 0 0
  outer loop
    vertex -8.75 5.520043864130645 -83.65487231566472
    vertex -8.75 8.202079329594687 -82.87788800618404
    vertex -8.75 7.818587556724179 -84.92724866680892
  endloop
endfacet
facet normal -1 0 -0
  outer loop
    vertex -8.75 8.202079329594687 -82.87788800618404
    vertex -8.75 10.47899263227237 -84.08168911819679
    vertex -8.75 7.818587556724179 -84.92724866680892
  endloop
endfacet
facet normal -1 4.06693e-16 7.69235e-16
  outer loop
    vertex -8.75 8.202079329594687 -82.87788800618404
    vertex -8.749999999999998 10.84085401522702 -81.96375261844045
    vertex -8.75 10.47899263227237 -84.08168911819679
  endloop
endfacet
facet normal -1 0 0
  outer loop
    vertex -8.75 7.818587556724179 -84.92724866680892
    vertex -8.75 10.47899263227237 -84.08168911819679
    vertex -8.75 10.11713124931771 -86.19962501795314
  endloop
endfacet
facet normal -1 0 0
  outer loop
    vertex -8.75 10.11713124931771 -86.19962501795314
    vertex -8.75 12.63633610441627 -87.38219739328198
    vertex -8.75 10.13521502646918 -88.856852045313
  endloop
endfacet
facet normal -1 0 -0
  outer loop
    vertex -8.75 12.63633610441627 -87.38219739328198
    vertex -8.75 12.65441988156773 -90.03942442064186
    vertex -8.75 10.13521502646918 -88.856852045313
  endloop
endfacet
facet normal -1 0 0
  outer loop
    vertex -8.75 12.63633610441627 -87.38219739328198
    vertex -8.75 15.15554095951483 -88.56476976861083
    vertex -8.75 12.65441988156773 -90.03942442064186
  endloop
endfacet
facet normal -1 0 0
  outer loop
    vertex -8.75 10.13521502646918 -88.856852045313
    vertex -8.75 12.65441988156773 -90.03942442064186
    vertex -8.75 10.15329880362064 -91.51407907267289
  endloop
endfacet
facet normal -1 0 -0
  outer loop
    vertex -8.75 20 -91.06432116934059
    vertex -8.75 20 -94.04288077956039
    vertex -8.75 17.62119434826855 -92.59108079972819
  endloop
endfacet
facet normal -1 -0 0
  outer loop
    vertex -8.75 20 -94.04288077956039
    vertex -8.75 17.62119434826855 -95.56964040994798
    vertex -8.75 17.62119434826855 -92.59108079972819
  endloop
endfacet
facet normal -1 0 -0
  outer loop
    vertex -8.75 20 -94.04288077956039
    vertex -8.75 20 -97.0214403897802
    vertex -8.75 17.62119434826855 -95.56964040994798
  endloop
endfacet
facet normal -1 0 -0
  outer loop
    vertex -8.75 17.62119434826855 -92.59108079972819
    vertex -8.75 17.62119434826855 -95.56964040994798
    vertex -8.75 15.2423886965371 -94.11784043011578
  endloop
endfacet
facet normal -1 0 -0
  outer loop
    vertex -8.75 20 -97.0214403897802
    vertex -8.75 20 -100
    vertex -8.75 17.56960534995731 -98.50968366662431
  endloop
endfacet
facet normal -1 -0 0
  outer loop
    vertex -8.75 20 -100
    vertex -8.75 17.56960534995731 -101.4882432768441
    vertex -8.75 17.56960534995731 -98.50968366662431
  endloop
endfacet
facet normal -1 0 -0
  outer loop
    vertex -8.75 20 -100
    vertex -8.75 20 -102.9785596102198
    vertex -8.75 17.56960534995731 -101.4882432768441
  endloop
endfacet
facet normal -1 0 -0
  outer loop
    vertex -8.75 17.56960534995731 -98.50968366662431
    vertex -8.75 17.56960534995731 -101.4882432768441
    vertex -8.75 15.13921069991462 -99.99792694346844
  endloop
endfacet
facet normal -1 0 -0
  outer loop
    vertex -8.75 20 -102.9785596102198
    vertex -8.75 20 -105.9571192204396
    vertex -8.75 17.60037613446817 -104.4241404204574
  endloop
endfacet
facet normal -1 -0 0
  outer loop
    vertex -8.75 20 -105.9571192204396
    vertex -8.75 17.60037613446817 -107.4027000306772
    vertex -8.75 17.60037613446817 -104.4241404204574
  endloop
endfacet
facet normal -1 0 -0
  outer loop
    vertex -8.75 20 -105.9571192204396
    vertex -8.75 20 -108.9356788306594
    vertex -8.75 17.60037613446817 -107.4027000306772
  endloop
endfacet
facet normal -1 0 -0
  outer loop
    vertex -8.75 17.60037613446817 -104.4241404204574
    vertex -8.75 17.60037613446817 -107.4027000306772
    vertex -8.75 15.20075226893634 -105.8697212306949
  endloop
endfacet
facet normal -1 0 0
  outer loop
    vertex -8.75 0 -96.27161735071957
    vertex -8.75 0 -93.30556951955951
    vertex -8.75 2.518109141606802 -94.98222732463114
  endloop
endfacet
facet normal -1 0 0
  outer loop
    vertex -8.75 0 -93.30556951955951
    vertex -8.75 2.518109141606802 -92.01617949347109
    vertex -8.75 2.518109141606802 -94.98222732463114
  endloop
endfacet
facet normal -1 0 0
  outer loop
    vertex -8.75 0 -93.30556951955951
    vertex -8.75 0 -90.33952168839946
    vertex -8.75 2.518109141606802 -92.01617949347109
  endloop
endfacet
facet normal -1 0 0
  outer loop
    vertex -8.75 2.518109141606802 -94.98222732463114
    vertex -8.75 2.518109141606802 -92.01617949347109
    vertex -8.75 5.036218283213603 -93.69283729854271
  endloop
endfacet
facet normal -1 0 0
  outer loop
    vertex -8.75 0 -108.1358086753598
    vertex -8.75 0 -105.1697608441997
    vertex -8.75 2.52941774087023 -106.7738601066074
  endloop
endfacet
facet normal -1 0 0
  outer loop
    vertex -8.75 0 -105.1697608441997
    vertex -8.75 2.52941774087023 -103.8078122754474
    vertex -8.75 2.52941774087023 -106.7738601066074
  endloop
endfacet
facet normal -1 0 0
  outer loop
    vertex -8.75 0 -105.1697608441997
    vertex -8.75 0 -102.2037130130397
    vertex -8.75 2.52941774087023 -103.8078122754474
  endloop
endfacet
facet normal -1 0 0
  outer loop
    vertex -8.75 2.52941774087023 -106.7738601066074
    vertex -8.75 2.52941774087023 -103.8078122754474
    vertex -8.75 5.058835481740458 -105.4119115378551
  endloop
endfacet
facet normal -1 0 0
  outer loop
    vertex -8.75 0 -102.2037130130397
    vertex -8.75 0 -99.23766518187962
    vertex -8.75 2.555567859709305 -100.8477449004797
  endloop
endfacet
facet normal -1 0 0
  outer loop
    vertex -8.75 0 -99.23766518187962
    vertex -8.75 2.555567859709305 -97.88169706931966
    vertex -8.75 2.555567859709305 -100.8477449004797
  endloop
endfacet
facet normal -1 0 0
  outer loop
    vertex -8.75 0 -99.23766518187962
    vertex -8.75 0 -96.27161735071957
    vertex -8.75 2.555567859709305 -97.88169706931966
  endloop
endfacet
facet normal -1 0 0
  outer loop
    vertex -8.75 2.555567859709305 -100.8477449004797
    vertex -8.75 2.555567859709305 -97.88169706931966
    vertex -8.75 5.111135719418608 -99.49177678791975
  endloop
endfacet
facet normal -1 0 0
  outer loop
    vertex -8.75 0 -114.0679043376799
    vertex -8.75 0 -111.1018565065198
    vertex -8.75 2.587199045120665 -112.65911229304
  endloop
endfacet
facet normal -1 0 0
  outer loop
    vertex -8.75 0 -111.1018565065198
    vertex -8.75 2.587199045120665 -109.6930644618799
    vertex -8.75 2.587199045120665 -112.65911229304
  endloop
endfacet
facet normal -1 0 0
  outer loop
    vertex -8.75 0 -111.1018565065198
    vertex -8.75 0 -108.1358086753598
    vertex -8.75 2.587199045120665 -109.6930644618799
  endloop
endfacet
facet normal -1 0 0
  outer loop
    vertex -8.75 2.587199045120665 -112.65911229304
    vertex -8.75 2.587199045120665 -109.6930644618799
    vertex -8.75 5.174398090241331 -111.2503202484001
  endloop
endfacet
facet normal -1 0 0
  outer loop
    vertex -8.75 6.414898004930523 -120
    vertex -8.75 3.207449002465261 -120
    vertex -8.75 4.889253500156529 -118.4173879148109
  endloop
endfacet
facet normal -1 0 0
  outer loop
    vertex -8.75 3.207449002465261 -120
    vertex -8.75 1.681804497691267 -118.4173879148109
    vertex -8.75 4.889253500156529 -118.4173879148109
  endloop
endfacet
facet normal -1 0 0
  outer loop
    vertex -8.75 3.207449002465261 -120
    vertex -8.75 0 -120
    vertex -8.75 1.681804497691267 -118.4173879148109
  endloop
endfacet
facet normal -1 0 0
  outer loop
    vertex -8.75 4.889253500156529 -118.4173879148109
    vertex -8.75 1.681804497691267 -118.4173879148109
    vertex -8.75 3.363608995382535 -116.8347758296218
  endloop
endfacet
facet normal -1 0 -0
  outer loop
    vertex -8.75 15.20075226893634 -105.8697212306949
    vertex -8.75 15.27023453659823 -108.6224940828361
    vertex -8.75 12.79757037691398 -107.1144282670196
  endloop
endfacet
facet normal -1 -0 0
  outer loop
    vertex -8.75 15.27023453659823 -108.6224940828361
    vertex -8.75 12.86705264457587 -109.8672011191608
    vertex -8.75 12.79757037691398 -107.1144282670196
  endloop
endfacet
facet normal -1 0 -0
  outer loop
    vertex -8.75 15.27023453659823 -108.6224940828361
    vertex -8.75 15.33971680426012 -111.3752669349773
    vertex -8.75 12.86705264457587 -109.8672011191608
  endloop
endfacet
facet normal -1 0 -0
  outer loop
    vertex -8.75 12.79757037691398 -107.1144282670196
    vertex -8.75 12.86705264457587 -109.8672011191608
    vertex -8.75 10.39438848489162 -108.3591353033443
  endloop
endfacet
facet normal -1 0 0
  outer loop
    vertex -8.75 0 -90.33952168839946
    vertex -8.75 0 -87.3734738572394
    vertex -8.75 2.339278683224888 -89.37469094446001
  endloop
endfacet
facet normal -1 0 0
  outer loop
    vertex -8.75 0 -87.3734738572394
    vertex -8.75 2.339278683224888 -86.40864311329996
    vertex -8.75 2.339278683224888 -89.37469094446001
  endloop
endfacet
facet normal -1 0 0
  outer loop
    vertex -8.75 0 -87.3734738572394
    vertex -8.75 1.071565949253934e-15 -84.40742602607935
    vertex -8.75 2.339278683224888 -86.40864311329996
  endloop
endfacet
facet normal -1 0 0
  outer loop
    vertex -8.75 2.339278683224888 -89.37469094446001
    vertex -8.75 2.339278683224888 -86.40864311329996
    vertex -8.75 4.678557366449775 -88.40986020052058
  endloop
endfacet
facet normal -1 0 0
  outer loop
    vertex -8.75 1.071565949253934e-15 -84.40742602607935
    vertex -8.75 2.782995710769982 -84.2037282488149
    vertex -8.75 2.339278683224888 -86.40864311329996
  endloop
endfacet
facet normal -1 0 -0
  outer loop
    vertex -8.75 2.782995710769982 -84.2037282488149
    vertex -8.75 5.099300615290209 -86.03236625809265
    vertex -8.75 2.339278683224888 -86.40864311329996
  endloop
endfacet
facet normal -1 0 0
  outer loop
    vertex -8.75 2.782995710769982 -84.2037282488149
    vertex -8.75 5.520043864130645 -83.65487231566472
    vertex -8.75 5.099300615290209 -86.03236625809265
  endloop
endfacet
facet normal -1 0 0
  outer loop
    vertex -8.75 2.339278683224888 -86.40864311329996
    vertex -8.75 5.099300615290209 -86.03236625809265
    vertex -8.75 4.678557366449775 -88.40986020052058
  endloop
endfacet
facet normal -1 -0 0
  outer loop
    vertex -8.75 15.33971680426012 -111.3752669349773
    vertex -8.75 13.41852833777492 -112.461090419732
    vertex -8.75 12.86705264457587 -109.8672011191608
  endloop
endfacet
facet normal -1 0 0
  outer loop
    vertex -8.75 13.41852833777492 -112.461090419732
    vertex -8.75 10.94586417809067 -110.9530246039155
    vertex -8.75 12.86705264457587 -109.8672011191608
  endloop
endfacet
facet normal -1 -0 0
  outer loop
    vertex -8.75 13.41852833777492 -112.461090419732
    vertex -8.75 11.49733987128972 -113.5469139044867
    vertex -8.75 10.94586417809067 -110.9530246039155
  endloop
endfacet
facet normal -1 -0 0
  outer loop
    vertex -8.75 12.86705264457587 -109.8672011191608
    vertex -8.75 10.94586417809067 -110.9530246039155
    vertex -8.75 10.39438848489162 -108.3591353033443
  endloop
endfacet
facet normal -1 0 -0
  outer loop
    vertex -8.75 15.15554095951483 -88.56476976861083
    vertex -8.75 15.19896482802596 -91.34130509936331
    vertex -8.75 12.65441988156773 -90.03942442064186
  endloop
endfacet
facet normal -1 -0 0
  outer loop
    vertex -8.75 15.19896482802596 -91.34130509936331
    vertex -8.75 12.69784375007887 -92.81595975139433
    vertex -8.75 12.65441988156773 -90.03942442064186
  endloop
endfacet
facet normal -1 0 -0
  outer loop
    vertex -8.75 15.19896482802596 -91.34130509936331
    vertex -8.75 15.2423886965371 -94.11784043011578
    vertex -8.75 12.69784375007887 -92.81595975139433
  endloop
endfacet
facet normal -1 0 -0
  outer loop
    vertex -8.75 12.65441988156773 -90.03942442064186
    vertex -8.75 12.69784375007887 -92.81595975139433
    vertex -8.75 10.15329880362064 -91.51407907267289
  endloop
endfacet
facet normal -1 0 -0
  outer loop
    vertex -8.75 15.2423886965371 -94.11784043011578
    vertex -8.75 17.62119434826855 -95.56964040994798
    vertex -8.75 15.19079969822586 -97.05788368679211
  endloop
endfacet
facet normal -1 0 0
  outer loop
    vertex -8.75 17.62119434826855 -95.56964040994798
    vertex -8.75 17.56960534995731 -98.50968366662431
    vertex -8.75 15.19079969822586 -97.05788368679211
  endloop
endfacet
facet normal -1 0 -0
  outer loop
    vertex -8.75 17.62119434826855 -95.56964040994798
    vertex -8.75 20 -97.0214403897802
    vertex -8.75 17.56960534995731 -98.50968366662431
  endloop
endfacet
facet normal -1 0 -0
  outer loop
    vertex -8.75 15.19079969822586 -97.05788368679211
    vertex -8.75 17.56960534995731 -98.50968366662431
    vertex -8.75 15.13921069991462 -99.99792694346844
  endloop
endfacet
facet normal -1 -0 0
  outer loop
    vertex -8.75 20 -102.9785596102198
    vertex -8.75 17.60037613446817 -104.4241404204574
    vertex -8.75 17.56960534995731 -101.4882432768441
  endloop
endfacet
facet normal -1 0 0
  outer loop
    vertex -8.75 17.60037613446817 -104.4241404204574
    vertex -8.75 15.16998148442548 -102.9338240870817
    vertex -8.75 17.56960534995731 -101.4882432768441
  endloop
endfacet
facet normal -1 -0 0
  outer loop
    vertex -8.75 17.60037613446817 -104.4241404204574
    vertex -8.75 15.20075226893634 -105.8697212306949
    vertex -8.75 15.16998148442548 -102.9338240870817
  endloop
endfacet
facet normal -1 -0 0
  outer loop
    vertex -8.75 17.56960534995731 -101.4882432768441
    vertex -8.75 15.16998148442548 -102.9338240870817
    vertex -8.75 15.13921069991462 -99.99792694346844
  endloop
endfacet
facet normal -1 0 0
  outer loop
    vertex -8.75 5.111135719418608 -99.49177678791975
    vertex -8.75 2.555567859709305 -97.88169706931966
    vertex -8.75 5.073677001316105 -96.59230704323123
  endloop
endfacet
facet normal -1 0 0
  outer loop
    vertex -8.75 2.555567859709305 -97.88169706931966
    vertex -8.75 2.518109141606802 -94.98222732463114
    vertex -8.75 5.073677001316105 -96.59230704323123
  endloop
endfacet
facet normal -1 0 0
  outer loop
    vertex -8.75 2.555567859709305 -97.88169706931966
    vertex -8.75 0 -96.27161735071957
    vertex -8.75 2.518109141606802 -94.98222732463114
  endloop
endfacet
facet normal -1 0 0
  outer loop
    vertex -8.75 5.073677001316105 -96.59230704323123
    vertex -8.75 2.518109141606802 -94.98222732463114
    vertex -8.75 5.036218283213603 -93.69283729854271
  endloop
endfacet
facet normal -1 0 0
  outer loop
    vertex -8.75 5.174398090241331 -111.2503202484001
    vertex -8.75 2.587199045120665 -109.6930644618799
    vertex -8.75 5.116616785990894 -108.3311158931276
  endloop
endfacet
facet normal -1 0 0
  outer loop
    vertex -8.75 2.587199045120665 -109.6930644618799
    vertex -8.75 2.52941774087023 -106.7738601066074
    vertex -8.75 5.116616785990894 -108.3311158931276
  endloop
endfacet
facet normal -1 0 0
  outer loop
    vertex -8.75 2.587199045120665 -109.6930644618799
    vertex -8.75 0 -108.1358086753598
    vertex -8.75 2.52941774087023 -106.7738601066074
  endloop
endfacet
facet normal -1 0 0
  outer loop
    vertex -8.75 5.116616785990894 -108.3311158931276
    vertex -8.75 2.52941774087023 -106.7738601066074
    vertex -8.75 5.058835481740458 -105.4119115378551
  endloop
endfacet
facet normal -1 0 0
  outer loop
    vertex -8.75 0 -102.2037130130397
    vertex -8.75 2.555567859709305 -100.8477449004797
    vertex -8.75 2.52941774087023 -103.8078122754474
  endloop
endfacet
facet normal -1 0 -0
  outer loop
    vertex -8.75 2.555567859709305 -100.8477449004797
    vertex -8.75 5.084985600579533 -102.4518441628874
    vertex -8.75 2.52941774087023 -103.8078122754474
  endloop
endfacet
facet normal -1 0 0
  outer loop
    vertex -8.75 2.555567859709305 -100.8477449004797
    vertex -8.75 5.111135719418608 -99.49177678791975
    vertex -8.75 5.084985600579533 -102.4518441628874
  endloop
endfacet
facet normal -1 0 0
  outer loop
    vertex -8.75 2.52941774087023 -103.8078122754474
    vertex -8.75 5.084985600579533 -102.4518441628874
    vertex -8.75 5.058835481740458 -105.4119115378551
  endloop
endfacet
facet normal -1 0 -0
  outer loop
    vertex -8.75 20 -108.9356788306594
    vertex -8.75 20 -111.9142384408792
    vertex -8.75 17.66985840213006 -110.1554728828184
  endloop
endfacet
facet normal -1 -0 0
  outer loop
    vertex -8.75 20 -111.9142384408792
    vertex -8.75 17.66985840213006 -113.1340324930382
    vertex -8.75 17.66985840213006 -110.1554728828184
  endloop
endfacet
facet normal -1 0 -0
  outer loop
    vertex -8.75 20 -111.9142384408792
    vertex -8.75 20 -114.892798051099
    vertex -8.75 17.66985840213006 -113.1340324930382
  endloop
endfacet
facet normal -1 0 -0
  outer loop
    vertex -8.75 17.66985840213006 -110.1554728828184
    vertex -8.75 17.66985840213006 -113.1340324930382
    vertex -8.75 15.33971680426012 -111.3752669349773
  endloop
endfacet
facet normal -1 0 -0
  outer loop
    vertex -8.75 20 -85.10720194890098
    vertex -8.75 20 -88.08576155912078
    vertex -8.75 17.57777047975741 -86.8359858587559
  endloop
endfacet
facet normal -1 -0 0
  outer loop
    vertex -8.75 20 -88.08576155912078
    vertex -8.75 17.57777047975741 -89.81454546897571
    vertex -8.75 17.57777047975741 -86.8359858587559
  endloop
endfacet
facet normal -1 0 -0
  outer loop
    vertex -8.75 20 -88.08576155912078
    vertex -8.75 20 -91.06432116934059
    vertex -8.75 17.57777047975741 -89.81454546897571
  endloop
endfacet
facet normal -1 0 -0
  outer loop
    vertex -8.75 17.57777047975741 -86.8359858587559
    vertex -8.75 17.57777047975741 -89.81454546897571
    vertex -8.75 15.15554095951483 -88.56476976861083
  endloop
endfacet
facet normal -1 0 0
  outer loop
    vertex -8.75 11.49733987128972 -113.5469139044867
    vertex -8.75 8.335868980765525 -112.3986170764434
    vertex -8.75 10.94586417809067 -110.9530246039155
  endloop
endfacet
facet normal -1 0 0
  outer loop
    vertex -8.75 8.335868980765525 -112.3986170764434
    vertex -8.75 7.784393287566474 -109.8047277758722
    vertex -8.75 10.94586417809067 -110.9530246039155
  endloop
endfacet
facet normal -1 0 0
  outer loop
    vertex -8.75 8.335868980765525 -112.3986170764434
    vertex -8.75 5.174398090241331 -111.2503202484001
    vertex -8.75 7.784393287566474 -109.8047277758722
  endloop
endfacet
facet normal -1 0 0
  outer loop
    vertex -8.75 10.94586417809067 -110.9530246039155
    vertex -8.75 7.784393287566474 -109.8047277758722
    vertex -8.75 10.39438848489162 -108.3591353033443
  endloop
endfacet
facet normal -1 0 0
  outer loop
    vertex -8.75 5.174398090241331 -111.2503202484001
    vertex -8.75 8.335868980765525 -112.3986170764434
    vertex -8.75 6.310934075675384 -113.6380386914093
  endloop
endfacet
facet normal -1 0 -0
  outer loop
    vertex -8.75 8.335868980765525 -112.3986170764434
    vertex -8.75 9.472404966199578 -114.7863355194526
    vertex -8.75 6.310934075675384 -113.6380386914093
  endloop
endfacet
facet normal -1 0 0
  outer loop
    vertex -8.75 8.335868980765525 -112.3986170764434
    vertex -8.75 11.49733987128972 -113.5469139044867
    vertex -8.75 9.472404966199578 -114.7863355194526
  endloop
endfacet
facet normal -1 0 0
  outer loop
    vertex -8.75 6.310934075675384 -113.6380386914093
    vertex -8.75 9.472404966199578 -114.7863355194526
    vertex -8.75 7.447470061109437 -116.0257571344186
  endloop
endfacet
facet normal -1 -0 0
  outer loop
    vertex -8.75 15.47163266831018 -116.5951987007327
    vertex -8.75 13.20744900246526 -117.4463990255495
    vertex -8.75 13.48448626979995 -115.0710563026097
  endloop
endfacet
facet normal -1 0 0
  outer loop
    vertex -8.75 13.20744900246526 -117.4463990255495
    vertex -8.75 11.22030260395503 -115.9222566274265
    vertex -8.75 13.48448626979995 -115.0710563026097
  endloop
endfacet
facet normal -1 -0 0
  outer loop
    vertex -8.75 13.20744900246526 -117.4463990255495
    vertex -8.75 10.94326533662035 -118.2975993503663
    vertex -8.75 11.22030260395503 -115.9222566274265
  endloop
endfacet
facet normal -1 -0 0
  outer loop
    vertex -8.75 13.48448626979995 -115.0710563026097
    vertex -8.75 11.22030260395503 -115.9222566274265
    vertex -8.75 11.49733987128972 -113.5469139044867
  endloop
endfacet
facet normal -1 0 -0
  outer loop
    vertex -8.75 15.42042700761351 -83.38555097268164
    vertex -8.75 17.71021350380675 -84.24637646079131
    vertex -8.75 15.28798398356417 -85.97516037064624
  endloop
endfacet
facet normal -1 0 0
  outer loop
    vertex -8.75 17.71021350380675 -84.24637646079131
    vertex -8.75 17.57777047975741 -86.8359858587559
    vertex -8.75 15.28798398356417 -85.97516037064624
  endloop
endfacet
facet normal -1 0 -0
  outer loop
    vertex -8.75 17.71021350380675 -84.24637646079131
    vertex -8.75 20 -85.10720194890098
    vertex -8.75 17.57777047975741 -86.8359858587559
  endloop
endfacet
facet normal -1 0 -0
  outer loop
    vertex -8.75 15.28798398356417 -85.97516037064624
    vertex -8.75 17.57777047975741 -86.8359858587559
    vertex -8.75 15.15554095951483 -88.56476976861083
  endloop
endfacet
facet normal -1 -0 0
  outer loop
    vertex -8.75 20 -114.892798051099
    vertex -8.75 17.73581633415509 -115.7439983759159
    vertex -8.75 17.66985840213006 -113.1340324930382
  endloop
endfacet
facet normal -1 0 0
  outer loop
    vertex -8.75 17.73581633415509 -115.7439983759159
    vertex -8.75 15.40567473628515 -113.985232817855
    vertex -8.75 17.66985840213006 -113.1340324930382
  endloop
endfacet
facet normal -1 -0 0
  outer loop
    vertex -8.75 17.73581633415509 -115.7439983759159
    vertex -8.75 15.47163266831018 -116.5951987007327
    vertex -8.75 15.40567473628515 -113.985232817855
  endloop
endfacet
facet normal -1 -0 0
  outer loop
    vertex -8.75 17.66985840213006 -113.1340324930382
    vertex -8.75 15.40567473628515 -113.985232817855
    vertex -8.75 15.33971680426012 -111.3752669349773
  endloop
endfacet
facet normal -1 -0 0
  outer loop
    vertex -8.75 10.94326533662035 -118.2975993503663
    vertex -8.75 8.679081670775435 -119.1487996751832
    vertex -8.75 9.195367698864892 -117.1616782423925
  endloop
endfacet
facet normal -1 0 0
  outer loop
    vertex -8.75 8.679081670775435 -119.1487996751832
    vertex -8.75 6.93118403301998 -118.0128785672093
    vertex -8.75 9.195367698864892 -117.1616782423925
  endloop
endfacet
facet normal -1 -0 0
  outer loop
    vertex -8.75 8.679081670775435 -119.1487996751832
    vertex -8.75 6.414898004930523 -120
    vertex -8.75 6.93118403301998 -118.0128785672093
  endloop
endfacet
facet normal -1 -0 0
  outer loop
    vertex -8.75 9.195367698864892 -117.1616782423925
    vertex -8.75 6.93118403301998 -118.0128785672093
    vertex -8.75 7.447470061109437 -116.0257571344186
  endloop
endfacet
facet normal -1 -0 0
  outer loop
    vertex -8.75 20 -91.06432116934059
    vertex -8.75 17.62119434826855 -92.59108079972819
    vertex -8.75 17.57777047975741 -89.81454546897571
  endloop
endfacet
facet normal -1 0 0
  outer loop
    vertex -8.75 17.62119434826855 -92.59108079972819
    vertex -8.75 15.19896482802596 -91.34130509936331
    vertex -8.75 17.57777047975741 -89.81454546897571
  endloop
endfacet
facet normal -1 -0 0
  outer loop
    vertex -8.75 17.62119434826855 -92.59108079972819
    vertex -8.75 15.2423886965371 -94.11784043011578
    vertex -8.75 15.19896482802596 -91.34130509936331
  endloop
endfacet
facet normal -1 -0 0
  outer loop
    vertex -8.75 17.57777047975741 -89.81454546897571
    vertex -8.75 15.19896482802596 -91.34130509936331
    vertex -8.75 15.15554095951483 -88.56476976861083
  endloop
endfacet
facet normal -1 0 0
  outer loop
    vertex -8.75 15.20075226893634 -105.8697212306949
    vertex -8.75 17.60037613446817 -107.4027000306772
    vertex -8.75 15.27023453659823 -108.6224940828361
  endloop
endfacet
facet normal -1 0 -0
  outer loop
    vertex -8.75 17.60037613446817 -107.4027000306772
    vertex -8.75 17.66985840213006 -110.1554728828184
    vertex -8.75 15.27023453659823 -108.6224940828361
  endloop
endfacet
facet normal -1 0 0
  outer loop
    vertex -8.75 17.60037613446817 -107.4027000306772
    vertex -8.75 20 -108.9356788306594
    vertex -8.75 17.66985840213006 -110.1554728828184
  endloop
endfacet
facet normal -1 0 0
  outer loop
    vertex -8.75 15.27023453659823 -108.6224940828361
    vertex -8.75 17.66985840213006 -110.1554728828184
    vertex -8.75 15.33971680426012 -111.3752669349773
  endloop
endfacet
facet normal -1 0 0
  outer loop
    vertex -8.75 0 -114.0679043376799
    vertex -8.75 2.587199045120665 -112.65911229304
    vertex -8.75 1.681804497691267 -115.4513400836509
  endloop
endfacet
facet normal -1 0 -0
  outer loop
    vertex -8.75 2.587199045120665 -112.65911229304
    vertex -8.75 4.269003542811933 -114.042548039011
    vertex -8.75 1.681804497691267 -115.4513400836509
  endloop
endfacet
facet normal -1 0 0
  outer loop
    vertex -8.75 2.587199045120665 -112.65911229304
    vertex -8.75 5.174398090241331 -111.2503202484001
    vertex -8.75 4.269003542811933 -114.042548039011
  endloop
endfacet
facet normal -1 0 0
  outer loop
    vertex -8.75 1.681804497691267 -115.4513400836509
    vertex -8.75 4.269003542811933 -114.042548039011
    vertex -8.75 3.363608995382535 -116.8347758296218
  endloop
endfacet
facet normal -1 0 0
  outer loop
    vertex -8.75 5.111135719418608 -99.49177678791975
    vertex -8.75 7.652177944837272 -98.25660858884997
    vertex -8.75 7.603212056150173 -101.0962273757857
  endloop
endfacet
facet normal -1 0 -0
  outer loop
    vertex -8.75 7.652177944837272 -98.25660858884997
    vertex -8.75 10.14425428156884 -99.86105917671591
    vertex -8.75 7.603212056150173 -101.0962273757857
  endloop
endfacet
facet normal -1 0 0
  outer loop
    vertex -8.75 7.652177944837272 -98.25660858884997
    vertex -8.75 10.19322017025594 -97.0214403897802
    vertex -8.75 10.14425428156884 -99.86105917671591
  endloop
endfacet
facet normal -1 0 0
  outer loop
    vertex -8.75 7.603212056150173 -101.0962273757857
    vertex -8.75 10.14425428156884 -99.86105917671591
    vertex -8.75 10.09528839288174 -102.7006779636516
  endloop
endfacet
facet normal -1 0 0
  outer loop
    vertex -8.75 5.058835481740458 -105.4119115378551
    vertex -8.75 5.084985600579533 -102.4518441628874
    vertex -8.75 7.577061937311099 -104.0562947507534
  endloop
endfacet
facet normal -1 0 0
  outer loop
    vertex -8.75 5.084985600579533 -102.4518441628874
    vertex -8.75 7.603212056150173 -101.0962273757857
    vertex -8.75 7.577061937311099 -104.0562947507534
  endloop
endfacet
facet normal -1 0 0
  outer loop
    vertex -8.75 5.084985600579533 -102.4518441628874
    vertex -8.75 5.111135719418608 -99.49177678791975
    vertex -8.75 7.603212056150173 -101.0962273757857
  endloop
endfacet
facet normal -1 0 0
  outer loop
    vertex -8.75 7.577061937311099 -104.0562947507534
    vertex -8.75 7.603212056150173 -101.0962273757857
    vertex -8.75 10.09528839288174 -102.7006779636516
  endloop
endfacet
facet normal -1 0 0
  outer loop
    vertex -8.75 5.111135719418608 -99.49177678791975
    vertex -8.75 5.073677001316105 -96.59230704323123
    vertex -8.75 7.652177944837272 -98.25660858884997
  endloop
endfacet
facet normal -1 0 0
  outer loop
    vertex -8.75 5.073677001316105 -96.59230704323123
    vertex -8.75 7.61471922673477 -95.35713884416145
    vertex -8.75 7.652177944837272 -98.25660858884997
  endloop
endfacet
facet normal -1 0 0
  outer loop
    vertex -8.75 5.073677001316105 -96.59230704323123
    vertex -8.75 5.036218283213603 -93.69283729854271
    vertex -8.75 7.61471922673477 -95.35713884416145
  endloop
endfacet
facet normal -1 0 0
  outer loop
    vertex -8.75 7.652177944837272 -98.25660858884997
    vertex -8.75 7.61471922673477 -95.35713884416145
    vertex -8.75 10.19322017025594 -97.0214403897802
  endloop
endfacet
facet normal -1 0 0
  outer loop
    vertex -8.75 4.678557366449775 -88.40986020052058
    vertex -8.75 7.397844307883744 -87.30474260923685
    vertex -8.75 7.415928085035207 -89.96196963659673
  endloop
endfacet
facet normal -1 0 0
  outer loop
    vertex -8.75 7.397844307883744 -87.30474260923685
    vertex -8.75 10.13521502646918 -88.856852045313
    vertex -8.75 7.415928085035207 -89.96196963659673
  endloop
endfacet
facet normal -1 0 0
  outer loop
    vertex -8.75 7.397844307883744 -87.30474260923685
    vertex -8.75 10.11713124931771 -86.19962501795314
    vertex -8.75 10.13521502646918 -88.856852045313
  endloop
endfacet
facet normal -1 0 0
  outer loop
    vertex -8.75 7.415928085035207 -89.96196963659673
    vertex -8.75 10.13521502646918 -88.856852045313
    vertex -8.75 10.15329880362064 -91.51407907267289
  endloop
endfacet
facet normal -1 0 0
  outer loop
    vertex -8.75 10.19322017025594 -97.0214403897802
    vertex -8.75 7.61471922673477 -95.35713884416145
    vertex -8.75 10.17325948693829 -94.26775973122655
  endloop
endfacet
facet normal -1 0 0
  outer loop
    vertex -8.75 7.61471922673477 -95.35713884416145
    vertex -8.75 7.59475854341712 -92.60345818560779
    vertex -8.75 10.17325948693829 -94.26775973122655
  endloop
endfacet
facet normal -1 0 0
  outer loop
    vertex -8.75 7.61471922673477 -95.35713884416145
    vertex -8.75 5.036218283213603 -93.69283729854271
    vertex -8.75 7.59475854341712 -92.60345818560779
  endloop
endfacet
facet normal -1 0 0
  outer loop
    vertex -8.75 10.17325948693829 -94.26775973122655
    vertex -8.75 7.59475854341712 -92.60345818560779
    vertex -8.75 10.15329880362064 -91.51407907267289
  endloop
endfacet
facet normal -1 0 0
  outer loop
    vertex -8.75 0 -120
    vertex -8.75 0 -117.0339521688399
    vertex -8.75 1.681804497691267 -118.4173879148109
  endloop
endfacet
facet normal -1 0 0
  outer loop
    vertex -8.75 0 -117.0339521688399
    vertex -8.75 1.681804497691267 -115.4513400836509
    vertex -8.75 1.681804497691267 -118.4173879148109
  endloop
endfacet
facet normal -1 0 0
  outer loop
    vertex -8.75 0 -117.0339521688399
    vertex -8.75 0 -114.0679043376799
    vertex -8.75 1.681804497691267 -115.4513400836509
  endloop
endfacet
facet normal -1 0 0
  outer loop
    vertex -8.75 1.681804497691267 -118.4173879148109
    vertex -8.75 1.681804497691267 -115.4513400836509
    vertex -8.75 3.363608995382535 -116.8347758296218
  endloop
endfacet
facet normal -1 0 0
  outer loop
    vertex -8.75 5.174398090241331 -111.2503202484001
    vertex -8.75 5.116616785990894 -108.3311158931276
    vertex -8.75 7.784393287566474 -109.8047277758722
  endloop
endfacet
facet normal -1 0 0
  outer loop
    vertex -8.75 5.116616785990894 -108.3311158931276
    vertex -8.75 7.726611983316038 -106.8855234205997
    vertex -8.75 7.784393287566474 -109.8047277758722
  endloop
endfacet
facet normal -1 0 0
  outer loop
    vertex -8.75 5.116616785990894 -108.3311158931276
    vertex -8.75 5.058835481740458 -105.4119115378551
    vertex -8.75 7.726611983316038 -106.8855234205997
  endloop
endfacet
facet normal -1 0 0
  outer loop
    vertex -8.75 7.784393287566474 -109.8047277758722
    vertex -8.75 7.726611983316038 -106.8855234205997
    vertex -8.75 10.39438848489162 -108.3591353033443
  endloop
endfacet
facet normal -1 0 0
  outer loop
    vertex -8.75 5.036218283213603 -93.69283729854271
    vertex -8.75 4.857387824831688 -91.05134874953164
    vertex -8.75 7.59475854341712 -92.60345818560779
  endloop
endfacet
facet normal -1 0 0
  outer loop
    vertex -8.75 4.857387824831688 -91.05134874953164
    vertex -8.75 7.415928085035207 -89.96196963659673
    vertex -8.75 7.59475854341712 -92.60345818560779
  endloop
endfacet
facet normal -1 0 0
  outer loop
    vertex -8.75 4.857387824831688 -91.05134874953164
    vertex -8.75 4.678557366449775 -88.40986020052058
    vertex -8.75 7.415928085035207 -89.96196963659673
  endloop
endfacet
facet normal -1 0 0
  outer loop
    vertex -8.75 7.59475854341712 -92.60345818560779
    vertex -8.75 7.415928085035207 -89.96196963659673
    vertex -8.75 10.15329880362064 -91.51407907267289
  endloop
endfacet
facet normal -1 0 0
  outer loop
    vertex -8.75 15.2423886965371 -94.11784043011578
    vertex -8.75 15.19079969822586 -97.05788368679211
    vertex -8.75 12.71780443339652 -95.56964040994799
  endloop
endfacet
facet normal -1 -0 0
  outer loop
    vertex -8.75 15.19079969822586 -97.05788368679211
    vertex -8.75 12.66621543508528 -98.50968366662433
    vertex -8.75 12.71780443339652 -95.56964040994799
  endloop
endfacet
facet normal -1 0 0
  outer loop
    vertex -8.75 15.19079969822586 -97.05788368679211
    vertex -8.75 15.13921069991462 -99.99792694346844
    vertex -8.75 12.66621543508528 -98.50968366662433
  endloop
endfacet
facet normal -1 0 0
  outer loop
    vertex -8.75 12.71780443339652 -95.56964040994799
    vertex -8.75 12.66621543508528 -98.50968366662433
    vertex -8.75 10.19322017025594 -97.0214403897802
  endloop
endfacet
facet normal -1 0 -0
  outer loop
    vertex -8.75 10.19322017025594 -97.0214403897802
    vertex -8.75 12.66621543508528 -98.50968366662433
    vertex -8.75 10.14425428156884 -99.86105917671591
  endloop
endfacet
facet normal -1 0 0
  outer loop
    vertex -8.75 12.66621543508528 -98.50968366662433
    vertex -8.75 12.61724954639818 -101.34930245356
    vertex -8.75 10.14425428156884 -99.86105917671591
  endloop
endfacet
facet normal -1 0 -0
  outer loop
    vertex -8.75 12.66621543508528 -98.50968366662433
    vertex -8.75 15.13921069991462 -99.99792694346844
    vertex -8.75 12.61724954639818 -101.34930245356
  endloop
endfacet
facet normal -1 0 -0
  outer loop
    vertex -8.75 10.14425428156884 -99.86105917671591
    vertex -8.75 12.61724954639818 -101.34930245356
    vertex -8.75 10.09528839288174 -102.7006779636516
  endloop
endfacet
facet normal -1 0 -0
  outer loop
    vertex -8.75 15.13921069991462 -99.99792694346844
    vertex -8.75 15.16998148442548 -102.9338240870817
    vertex -8.75 12.61724954639818 -101.34930245356
  endloop
endfacet
facet normal -1 -0 0
  outer loop
    vertex -8.75 15.16998148442548 -102.9338240870817
    vertex -8.75 12.64802033090904 -104.2851995971733
    vertex -8.75 12.61724954639818 -101.34930245356
  endloop
endfacet
facet normal -1 0 -0
  outer loop
    vertex -8.75 15.16998148442548 -102.9338240870817
    vertex -8.75 15.20075226893634 -105.8697212306949
    vertex -8.75 12.64802033090904 -104.2851995971733
  endloop
endfacet
facet normal -1 0 -0
  outer loop
    vertex -8.75 12.61724954639818 -101.34930245356
    vertex -8.75 12.64802033090904 -104.2851995971733
    vertex -8.75 10.09528839288174 -102.7006779636516
  endloop
endfacet
facet normal -1 0 0
  outer loop
    vertex -8.75 5.036218283213603 -93.69283729854271
    vertex -8.75 2.518109141606802 -92.01617949347109
    vertex -8.75 4.857387824831688 -91.05134874953164
  endloop
endfacet
facet normal -1 0 0
  outer loop
    vertex -8.75 2.518109141606802 -92.01617949347109
    vertex -8.75 2.339278683224888 -89.37469094446001
    vertex -8.75 4.857387824831688 -91.05134874953164
  endloop
endfacet
facet normal -1 0 0
  outer loop
    vertex -8.75 2.518109141606802 -92.01617949347109
    vertex -8.75 0 -90.33952168839946
    vertex -8.75 2.339278683224888 -89.37469094446001
  endloop
endfacet
facet normal -1 0 0
  outer loop
    vertex -8.75 4.857387824831688 -91.05134874953164
    vertex -8.75 2.339278683224888 -89.37469094446001
    vertex -8.75 4.678557366449775 -88.40986020052058
  endloop
endfacet
facet normal -1 0 0
  outer loop
    vertex -8.75 5.058835481740458 -105.4119115378551
    vertex -8.75 7.577061937311099 -104.0562947507534
    vertex -8.75 7.726611983316038 -106.8855234205997
  endloop
endfacet
facet normal -1 0 0
  outer loop
    vertex -8.75 7.577061937311099 -104.0562947507534
    vertex -8.75 10.24483843888668 -105.529906633498
    vertex -8.75 7.726611983316038 -106.8855234205997
  endloop
endfacet
facet normal -1 0 0
  outer loop
    vertex -8.75 7.577061937311099 -104.0562947507534
    vertex -8.75 10.09528839288174 -102.7006779636516
    vertex -8.75 10.24483843888668 -105.529906633498
  endloop
endfacet
facet normal -1 0 0
  outer loop
    vertex -8.75 7.726611983316038 -106.8855234205997
    vertex -8.75 10.24483843888668 -105.529906633498
    vertex -8.75 10.39438848489162 -108.3591353033443
  endloop
endfacet
facet normal -1 0 0
  outer loop
    vertex -8.75 10.09528839288174 -102.7006779636516
    vertex -8.75 12.64802033090904 -104.2851995971733
    vertex -8.75 10.24483843888668 -105.529906633498
  endloop
endfacet
facet normal -1 0 -0
  outer loop
    vertex -8.75 12.64802033090904 -104.2851995971733
    vertex -8.75 12.79757037691398 -107.1144282670196
    vertex -8.75 10.24483843888668 -105.529906633498
  endloop
endfacet
facet normal -1 0 0
  outer loop
    vertex -8.75 12.64802033090904 -104.2851995971733
    vertex -8.75 15.20075226893634 -105.8697212306949
    vertex -8.75 12.79757037691398 -107.1144282670196
  endloop
endfacet
facet normal -1 0 0
  outer loop
    vertex -8.75 10.24483843888668 -105.529906633498
    vertex -8.75 12.79757037691398 -107.1144282670196
    vertex -8.75 10.39438848489162 -108.3591353033443
  endloop
endfacet
facet normal -1 -0 0
  outer loop
    vertex -8.75 15.2423886965371 -94.11784043011578
    vertex -8.75 12.71780443339652 -95.56964040994799
    vertex -8.75 12.69784375007887 -92.81595975139433
  endloop
endfacet
facet normal -1 0 0
  outer loop
    vertex -8.75 12.71780443339652 -95.56964040994799
    vertex -8.75 10.17325948693829 -94.26775973122655
    vertex -8.75 12.69784375007887 -92.81595975139433
  endloop
endfacet
facet normal -1 -0 0
  outer loop
    vertex -8.75 12.71780443339652 -95.56964040994799
    vertex -8.75 10.19322017025594 -97.0214403897802
    vertex -8.75 10.17325948693829 -94.26775973122655
  endloop
endfacet
facet normal -1 -0 0
  outer loop
    vertex -8.75 12.69784375007887 -92.81595975139433
    vertex -8.75 10.17325948693829 -94.26775973122655
    vertex -8.75 10.15329880362064 -91.51407907267289
  endloop
endfacet
facet normal -1 0 -0
  outer loop
    vertex -8.75 5.174398090241331 -111.2503202484001
    vertex -8.75 6.310934075675384 -113.6380386914093
    vertex -8.75 4.269003542811933 -114.042548039011
  endloop
endfacet
facet normal -1 0 0
  outer loop
    vertex -8.75 6.310934075675384 -113.6380386914093
    vertex -8.75 5.405539528245986 -116.4302664820202
    vertex -8.75 4.269003542811933 -114.042548039011
  endloop
endfacet
facet normal -1 0 -0
  outer loop
    vertex -8.75 6.310934075675384 -113.6380386914093
    vertex -8.75 7.447470061109437 -116.0257571344186
    vertex -8.75 5.405539528245986 -116.4302664820202
  endloop
endfacet
facet normal -1 0 -0
  outer loop
    vertex -8.75 4.269003542811933 -114.042548039011
    vertex -8.75 5.405539528245986 -116.4302664820202
    vertex -8.75 3.363608995382535 -116.8347758296218
  endloop
endfacet
facet normal -1 0 0
  outer loop
    vertex -8.75 15.47163266831018 -116.5951987007327
    vertex -8.75 13.48448626979995 -115.0710563026097
    vertex -8.75 15.40567473628515 -113.985232817855
  endloop
endfacet
facet normal -1 0 0
  outer loop
    vertex -8.75 13.48448626979995 -115.0710563026097
    vertex -8.75 13.41852833777492 -112.461090419732
    vertex -8.75 15.40567473628515 -113.985232817855
  endloop
endfacet
facet normal -1 0 0
  outer loop
    vertex -8.75 13.48448626979995 -115.0710563026097
    vertex -8.75 11.49733987128972 -113.5469139044867
    vertex -8.75 13.41852833777492 -112.461090419732
  endloop
endfacet
facet normal -1 0 0
  outer loop
    vertex -8.75 15.40567473628515 -113.985232817855
    vertex -8.75 13.41852833777492 -112.461090419732
    vertex -8.75 15.33971680426012 -111.3752669349773
  endloop
endfacet
facet normal -1 0 0
  outer loop
    vertex -8.75 11.49733987128972 -113.5469139044867
    vertex -8.75 11.22030260395503 -115.9222566274265
    vertex -8.75 9.472404966199578 -114.7863355194526
  endloop
endfacet
facet normal -1 -0 0
  outer loop
    vertex -8.75 11.22030260395503 -115.9222566274265
    vertex -8.75 9.195367698864892 -117.1616782423925
    vertex -8.75 9.472404966199578 -114.7863355194526
  endloop
endfacet
facet normal -1 0 0
  outer loop
    vertex -8.75 11.22030260395503 -115.9222566274265
    vertex -8.75 10.94326533662035 -118.2975993503663
    vertex -8.75 9.195367698864892 -117.1616782423925
  endloop
endfacet
facet normal -1 0 0
  outer loop
    vertex -8.75 9.472404966199578 -114.7863355194526
    vertex -8.75 9.195367698864892 -117.1616782423925
    vertex -8.75 7.447470061109437 -116.0257571344186
  endloop
endfacet
facet normal -1 0 -0
  outer loop
    vertex -8.75 5.520043864130645 -83.65487231566472
    vertex -8.75 7.818587556724179 -84.92724866680892
    vertex -8.75 5.099300615290209 -86.03236625809265
  endloop
endfacet
facet normal -1 0 0
  outer loop
    vertex -8.75 7.818587556724179 -84.92724866680892
    vertex -8.75 7.397844307883744 -87.30474260923685
    vertex -8.75 5.099300615290209 -86.03236625809265
  endloop
endfacet
facet normal -1 0 -0
  outer loop
    vertex -8.75 7.818587556724179 -84.92724866680892
    vertex -8.75 10.11713124931771 -86.19962501795314
    vertex -8.75 7.397844307883744 -87.30474260923685
  endloop
endfacet
facet normal -1 0 -0
  outer loop
    vertex -8.75 5.099300615290209 -86.03236625809265
    vertex -8.75 7.397844307883744 -87.30474260923685
    vertex -8.75 4.678557366449775 -88.40986020052058
  endloop
endfacet
facet normal -1 0 0
  outer loop
    vertex -8.75 7.447470061109437 -116.0257571344186
    vertex -8.75 6.93118403301998 -118.0128785672093
    vertex -8.75 5.405539528245986 -116.4302664820202
  endloop
endfacet
facet normal -1 -0 0
  outer loop
    vertex -8.75 6.93118403301998 -118.0128785672093
    vertex -8.75 4.889253500156529 -118.4173879148109
    vertex -8.75 5.405539528245986 -116.4302664820202
  endloop
endfacet
facet normal -1 0 0
  outer loop
    vertex -8.75 6.93118403301998 -118.0128785672093
    vertex -8.75 6.414898004930523 -120
    vertex -8.75 4.889253500156529 -118.4173879148109
  endloop
endfacet
facet normal -1 0 0
  outer loop
    vertex -8.75 5.405539528245986 -116.4302664820202
    vertex -8.75 4.889253500156529 -118.4173879148109
    vertex -8.75 3.363608995382535 -116.8347758296218
  endloop
endfacet
facet normal -1 -4.45424e-15 -1.18482e-14
  outer loop
    vertex -8.749999999999998 10.84085401522702 -81.96375261844045
    vertex -8.75 10.84085401522702 -81.81382660745139
    vertex -8.75 13.13064051142026 -82.67465209556104
  endloop
endfacet
facet normal -1 0 0
  outer loop
    vertex -8.75 10.84085401522702 -81.81382660745139
    vertex -8.75 13.13064051142026 -82.52472548457197
    vertex -8.75 13.13064051142026 -82.67465209556104
  endloop
endfacet
facet normal -1 0 0
  outer loop
    vertex -8.75 10.84085401522702 -81.81382660745139
    vertex -8.75 10.84085401522702 -81.66389999646232
    vertex -8.75 13.13064051142026 -82.52472548457197
  endloop
endfacet
facet normal -1 0 0
  outer loop
    vertex -8.75 13.13064051142026 -82.67465209556104
    vertex -8.75 13.13064051142026 -82.52472548457197
    vertex -8.75 15.42042700761351 -83.38555097268164
  endloop
endfacet
facet normal 0 0 -1
  outer loop
    vertex -8.75 6.414898004930523 -120
    vertex -7.139820213799805 4.811173503697892 -120
    vertex -8.75 3.207449002465261 -120
  endloop
endfacet
facet normal 0 -0 -1
  outer loop
    vertex -7.139820213799805 4.811173503697892 -120
    vertex -7.139820213799805 1.60372450123263 -120
    vertex -8.75 3.207449002465261 -120
  endloop
endfacet
facet normal 0 0 -1
  outer loop
    vertex -7.139820213799805 4.811173503697892 -120
    vertex -5.529640427599611 3.207449002465261 -120
    vertex -7.139820213799805 1.60372450123263 -120
  endloop
endfacet
facet normal 0 0 -1
  outer loop
    vertex -8.75 3.207449002465261 -120
    vertex -7.139820213799805 1.60372450123263 -120
    vertex -8.75 0 -120
  endloop
endfacet
facet normal 0 0 -1
  outer loop
    vertex 8.75 0 -120
    vertex 7.139820213799806 1.603724501232631 -120
    vertex 8.75 3.207449002465261 -120
  endloop
endfacet
facet normal 0 0 -1
  outer loop
    vertex 7.139820213799806 1.603724501232631 -120
    vertex 7.139820213799806 4.811173503697892 -120
    vertex 8.75 3.207449002465261 -120
  endloop
endfacet
facet normal 0 0 -1
  outer loop
    vertex 7.139820213799806 1.603724501232631 -120
    vertex 5.529640427599611 3.207449002465261 -120
    vertex 7.139820213799806 4.811173503697892 -120
  endloop
endfacet
facet normal 0 0 -1
  outer loop
    vertex 8.75 3.207449002465261 -120
    vertex 7.139820213799806 4.811173503697892 -120
    vertex 8.75 6.414898004930523 -120
  endloop
endfacet
facet normal 0 0 -1
  outer loop
    vertex -2.916666666666668 0 -120
    vertex -1.458333333333334 1.603724501232631 -120
    vertex 0 0 -120
  endloop
endfacet
facet normal 0 0 -1
  outer loop
    vertex -1.458333333333334 1.603724501232631 -120
    vertex 1.458333333333333 1.603724501232631 -120
    vertex 0 0 -120
  endloop
endfacet
facet normal 0 0 -1
  outer loop
    vertex -1.458333333333334 1.603724501232631 -120
    vertex 0 3.207449002465261 -120
    vertex 1.458333333333333 1.603724501232631 -120
  endloop
endfacet
facet normal 0 0 -1
  outer loop
    vertex 0 0 -120
    vertex 1.458333333333333 1.603724501232631 -120
    vertex 2.916666666666666 0 -120
  endloop
endfacet
facet normal -0 0 -1
  outer loop
    vertex 2.916666666666666 6.414898004930523 -120
    vertex 1.458333333333333 4.811173503697892 -120
    vertex 0 6.414898004930523 -120
  endloop
endfacet
facet normal 0 0 -1
  outer loop
    vertex 1.458333333333333 4.811173503697892 -120
    vertex -1.458333333333334 4.811173503697892 -120
    vertex 0 6.414898004930523 -120
  endloop
endfacet
facet normal -0 0 -1
  outer loop
    vertex 1.458333333333333 4.811173503697892 -120
    vertex 0 3.207449002465261 -120
    vertex -1.458333333333334 4.811173503697892 -120
  endloop
endfacet
facet normal -0 0 -1
  outer loop
    vertex 0 6.414898004930523 -120
    vertex -1.458333333333334 4.811173503697892 -120
    vertex -2.916666666666668 6.414898004930523 -120
  endloop
endfacet
facet normal 0 0 -1
  outer loop
    vertex -8.75 0 -120
    vertex -7.139820213799805 1.60372450123263 -120
    vertex -5.833333333333334 0 -120
  endloop
endfacet
facet normal 0 0 -1
  outer loop
    vertex -7.139820213799805 1.60372450123263 -120
    vertex -4.223153547133141 1.60372450123263 -120
    vertex -5.833333333333334 0 -120
  endloop
endfacet
facet normal 0 0 -1
  outer loop
    vertex -7.139820213799805 1.60372450123263 -120
    vertex -5.529640427599611 3.207449002465261 -120
    vertex -4.223153547133141 1.60372450123263 -120
  endloop
endfacet
facet normal 0 0 -1
  outer loop
    vertex -5.833333333333334 0 -120
    vertex -4.223153547133141 1.60372450123263 -120
    vertex -2.916666666666668 0 -120
  endloop
endfacet
facet normal 0 0 -1
  outer loop
    vertex 2.916666666666666 0 -120
    vertex 4.223153547133139 1.603724501232631 -120
    vertex 5.833333333333333 0 -120
  endloop
endfacet
facet normal 0 0 -1
  outer loop
    vertex 4.223153547133139 1.603724501232631 -120
    vertex 7.139820213799806 1.603724501232631 -120
    vertex 5.833333333333333 0 -120
  endloop
endfacet
facet normal 0 0 -1
  outer loop
    vertex 4.223153547133139 1.603724501232631 -120
    vertex 5.529640427599611 3.207449002465261 -120
    vertex 7.139820213799806 1.603724501232631 -120
  endloop
endfacet
facet normal 0 0 -1
  outer loop
    vertex 5.833333333333333 0 -120
    vertex 7.139820213799806 1.603724501232631 -120
    vertex 8.75 0 -120
  endloop
endfacet
facet normal -0 0 -1
  outer loop
    vertex -2.916666666666668 6.414898004930523 -120
    vertex -4.223153547133141 4.811173503697892 -120
    vertex -5.833333333333334 6.414898004930523 -120
  endloop
endfacet
facet normal 0 0 -1
  outer loop
    vertex -4.223153547133141 4.811173503697892 -120
    vertex -7.139820213799805 4.811173503697892 -120
    vertex -5.833333333333334 6.414898004930523 -120
  endloop
endfacet
facet normal -0 0 -1
  outer loop
    vertex -4.223153547133141 4.811173503697892 -120
    vertex -5.529640427599611 3.207449002465261 -120
    vertex -7.139820213799805 4.811173503697892 -120
  endloop
endfacet
facet normal -0 0 -1
  outer loop
    vertex -5.833333333333334 6.414898004930523 -120
    vertex -7.139820213799805 4.811173503697892 -120
    vertex -8.75 6.414898004930523 -120
  endloop
endfacet
facet normal -0 0 -1
  outer loop
    vertex 8.75 6.414898004930523 -120
    vertex 7.139820213799806 4.811173503697892 -120
    vertex 5.833333333333333 6.414898004930523 -120
  endloop
endfacet
facet normal 0 0 -1
  outer loop
    vertex 7.139820213799806 4.811173503697892 -120
    vertex 4.223153547133139 4.811173503697892 -120
    vertex 5.833333333333333 6.414898004930523 -120
  endloop
endfacet
facet normal -0 0 -1
  outer loop
    vertex 7.139820213799806 4.811173503697892 -120
    vertex 5.529640427599611 3.207449002465261 -120
    vertex 4.223153547133139 4.811173503697892 -120
  endloop
endfacet
facet normal -0 0 -1
  outer loop
    vertex 5.833333333333333 6.414898004930523 -120
    vertex 4.223153547133139 4.811173503697892 -120
    vertex 2.916666666666666 6.414898004930523 -120
  endloop
endfacet
facet normal 0 -0 -1
  outer loop
    vertex -2.916666666666668 6.414898004930523 -120
    vertex -1.458333333333334 4.811173503697892 -120
    vertex -4.223153547133141 4.811173503697892 -120
  endloop
endfacet
facet normal 0 0 -1
  outer loop
    vertex -1.458333333333334 4.811173503697892 -120
    vertex -2.764820213799805 3.207449002465261 -120
    vertex -4.223153547133141 4.811173503697892 -120
  endloop
endfacet
facet normal 0 -0 -1
  outer loop
    vertex -1.458333333333334 4.811173503697892 -120
    vertex 0 3.207449002465261 -120
    vertex -2.764820213799805 3.207449002465261 -120
  endloop
endfacet
facet normal 0 -0 -1
  outer loop
    vertex -4.223153547133141 4.811173503697892 -120
    vertex -2.764820213799805 3.207449002465261 -120
    vertex -5.529640427599611 3.207449002465261 -120
  endloop
endfacet
facet normal 0 0 -1
  outer loop
    vertex 2.916666666666666 0 -120
    vertex 1.458333333333333 1.603724501232631 -120
    vertex 4.223153547133139 1.603724501232631 -120
  endloop
endfacet
facet normal 0 0 -1
  outer loop
    vertex 1.458333333333333 1.603724501232631 -120
    vertex 2.764820213799806 3.207449002465261 -120
    vertex 4.223153547133139 1.603724501232631 -120
  endloop
endfacet
facet normal 0 0 -1
  outer loop
    vertex 1.458333333333333 1.603724501232631 -120
    vertex 0 3.207449002465261 -120
    vertex 2.764820213799806 3.207449002465261 -120
  endloop
endfacet
facet normal 0 0 -1
  outer loop
    vertex 4.223153547133139 1.603724501232631 -120
    vertex 2.764820213799806 3.207449002465261 -120
    vertex 5.529640427599611 3.207449002465261 -120
  endloop
endfacet
facet normal 0 0 -1
  outer loop
    vertex -5.529640427599611 3.207449002465261 -120
    vertex -2.764820213799805 3.207449002465261 -120
    vertex -4.223153547133141 1.60372450123263 -120
  endloop
endfacet
facet normal 0 -0 -1
  outer loop
    vertex -2.764820213799805 3.207449002465261 -120
    vertex -1.458333333333334 1.603724501232631 -120
    vertex -4.223153547133141 1.60372450123263 -120
  endloop
endfacet
facet normal 0 0 -1
  outer loop
    vertex -2.764820213799805 3.207449002465261 -120
    vertex 0 3.207449002465261 -120
    vertex -1.458333333333334 1.603724501232631 -120
  endloop
endfacet
facet normal 0 0 -1
  outer loop
    vertex -4.223153547133141 1.60372450123263 -120
    vertex -1.458333333333334 1.603724501232631 -120
    vertex -2.916666666666668 0 -120
  endloop
endfacet
facet normal 0 0 -1
  outer loop
    vertex 5.529640427599611 3.207449002465261 -120
    vertex 2.764820213799806 3.207449002465261 -120
    vertex 4.223153547133139 4.811173503697892 -120
  endloop
endfacet
facet normal 0 0 -1
  outer loop
    vertex 2.764820213799806 3.207449002465261 -120
    vertex 1.458333333333333 4.811173503697892 -120
    vertex 4.223153547133139 4.811173503697892 -120
  endloop
endfacet
facet normal 0 0 -1
  outer loop
    vertex 2.764820213799806 3.207449002465261 -120
    vertex 0 3.207449002465261 -120
    vertex 1.458333333333333 4.811173503697892 -120
  endloop
endfacet
facet normal 0 0 -1
  outer loop
    vertex 4.223153547133139 4.811173503697892 -120
    vertex 1.458333333333333 4.811173503697892 -120
    vertex 2.916666666666666 6.414898004930523 -120
  endloop
endfacet
facet normal 1 0 0
  outer loop
    vertex 8.75 10.84085401522702 -81.96375261844045
    vertex 8.75 10.47899263227237 -84.08168911819681
    vertex 8.75 13.13064051142026 -82.67465209556104
  endloop
endfacet
facet normal 1 -0 0
  outer loop
    vertex 8.75 10.47899263227237 -84.08168911819681
    vertex 8.75 12.76877912846561 -84.79258799531739
    vertex 8.75 13.13064051142026 -82.67465209556104
  endloop
endfacet
facet normal 1 0 0
  outer loop
    vertex 8.75 10.47899263227237 -84.08168911819681
    vertex 8.75 10.11713124931771 -86.19962501795314
    vertex 8.75 12.76877912846561 -84.79258799531739
  endloop
endfacet
facet normal 1 0 0
  outer loop
    vertex 8.75 13.13064051142026 -82.67465209556104
    vertex 8.75 12.76877912846561 -84.79258799531739
    vertex 8.75 15.42042700761351 -83.38555097268164
  endloop
endfacet
facet normal 1 -0 0
  outer loop
    vertex 8.75 10.11713124931771 -86.19962501795314
    vertex 8.75 12.63633610441627 -87.38219739328198
    vertex 8.75 12.76877912846561 -84.79258799531739
  endloop
endfacet
facet normal 1 0 0
  outer loop
    vertex 8.75 12.63633610441627 -87.38219739328198
    vertex 8.75 15.28798398356417 -85.97516037064624
    vertex 8.75 12.76877912846561 -84.79258799531739
  endloop
endfacet
facet normal 1 -0 0
  outer loop
    vertex 8.75 12.63633610441627 -87.38219739328198
    vertex 8.75 15.15554095951483 -88.56476976861083
    vertex 8.75 15.28798398356417 -85.97516037064624
  endloop
endfacet
facet normal 1 -0 0
  outer loop
    vertex 8.75 12.76877912846561 -84.79258799531739
    vertex 8.75 15.28798398356417 -85.97516037064624
    vertex 8.75 15.42042700761351 -83.38555097268164
  endloop
endfacet
facet normal 1 -0 0
  outer loop
    vertex 8.75 5.520043864130642 -83.65487231566472
    vertex 8.75 7.818587556724177 -84.92724866680894
    vertex 8.75 8.202079329594683 -82.87788800618404
  endloop
endfacet
facet normal 1 0 0
  outer loop
    vertex 8.75 7.818587556724177 -84.92724866680894
    vertex 8.75 10.47899263227237 -84.08168911819681
    vertex 8.75 8.202079329594683 -82.87788800618404
  endloop
endfacet
facet normal 1 -0 0
  outer loop
    vertex 8.75 7.818587556724177 -84.92724866680894
    vertex 8.75 10.11713124931771 -86.19962501795314
    vertex 8.75 10.47899263227237 -84.08168911819681
  endloop
endfacet
facet normal 1 -0 0
  outer loop
    vertex 8.75 8.202079329594683 -82.87788800618404
    vertex 8.75 10.47899263227237 -84.08168911819681
    vertex 8.75 10.84085401522702 -81.96375261844045
  endloop
endfacet
facet normal 1 0 0
  outer loop
    vertex 8.75 10.11713124931771 -86.19962501795314
    vertex 8.75 10.13521502646918 -88.85685204531302
    vertex 8.75 12.63633610441627 -87.38219739328198
  endloop
endfacet
facet normal 1 -0 0
  outer loop
    vertex 8.75 10.13521502646918 -88.85685204531302
    vertex 8.75 12.65441988156773 -90.03942442064186
    vertex 8.75 12.63633610441627 -87.38219739328198
  endloop
endfacet
facet normal 1 0 0
  outer loop
    vertex 8.75 10.13521502646918 -88.85685204531302
    vertex 8.75 10.15329880362064 -91.51407907267289
    vertex 8.75 12.65441988156773 -90.03942442064186
  endloop
endfacet
facet normal 1 0 0
  outer loop
    vertex 8.75 12.63633610441627 -87.38219739328198
    vertex 8.75 12.65441988156773 -90.03942442064186
    vertex 8.75 15.15554095951483 -88.56476976861083
  endloop
endfacet
facet normal 1 0 0
  outer loop
    vertex 8.75 20 -91.06432116934059
    vertex 8.75 17.62119434826855 -92.59108079972819
    vertex 8.75 20 -94.04288077956039
  endloop
endfacet
facet normal 1 0 0
  outer loop
    vertex 8.75 17.62119434826855 -92.59108079972819
    vertex 8.75 17.62119434826855 -95.56964040994798
    vertex 8.75 20 -94.04288077956039
  endloop
endfacet
facet normal 1 0 0
  outer loop
    vertex 8.75 17.62119434826855 -92.59108079972819
    vertex 8.75 15.2423886965371 -94.11784043011578
    vertex 8.75 17.62119434826855 -95.56964040994798
  endloop
endfacet
facet normal 1 0 0
  outer loop
    vertex 8.75 20 -94.04288077956039
    vertex 8.75 17.62119434826855 -95.56964040994798
    vertex 8.75 20 -97.0214403897802
  endloop
endfacet
facet normal 1 0 0
  outer loop
    vertex 8.75 20 -97.0214403897802
    vertex 8.75 17.56960534995731 -98.50968366662431
    vertex 8.75 20 -100
  endloop
endfacet
facet normal 1 0 0
  outer loop
    vertex 8.75 17.56960534995731 -98.50968366662431
    vertex 8.75 17.56960534995731 -101.4882432768441
    vertex 8.75 20 -100
  endloop
endfacet
facet normal 1 0 0
  outer loop
    vertex 8.75 17.56960534995731 -98.50968366662431
    vertex 8.75 15.13921069991462 -99.99792694346844
    vertex 8.75 17.56960534995731 -101.4882432768441
  endloop
endfacet
facet normal 1 0 0
  outer loop
    vertex 8.75 20 -100
    vertex 8.75 17.56960534995731 -101.4882432768441
    vertex 8.75 20 -102.9785596102198
  endloop
endfacet
facet normal 1 0 0
  outer loop
    vertex 8.75 20 -102.9785596102198
    vertex 8.75 17.60037613446817 -104.4241404204574
    vertex 8.75 20 -105.9571192204396
  endloop
endfacet
facet normal 1 0 0
  outer loop
    vertex 8.75 17.60037613446817 -104.4241404204574
    vertex 8.75 17.60037613446817 -107.4027000306772
    vertex 8.75 20 -105.9571192204396
  endloop
endfacet
facet normal 1 0 0
  outer loop
    vertex 8.75 17.60037613446817 -104.4241404204574
    vertex 8.75 15.20075226893634 -105.8697212306949
    vertex 8.75 17.60037613446817 -107.4027000306772
  endloop
endfacet
facet normal 1 0 0
  outer loop
    vertex 8.75 20 -105.9571192204396
    vertex 8.75 17.60037613446817 -107.4027000306772
    vertex 8.75 20 -108.9356788306594
  endloop
endfacet
facet normal 1 0 0
  outer loop
    vertex 8.75 0 -96.27161735071957
    vertex 8.75 2.518109141606802 -94.98222732463114
    vertex 8.75 0 -93.30556951955951
  endloop
endfacet
facet normal 1 0 -0
  outer loop
    vertex 8.75 2.518109141606802 -94.98222732463114
    vertex 8.75 2.518109141606802 -92.01617949347109
    vertex 8.75 0 -93.30556951955951
  endloop
endfacet
facet normal 1 0 0
  outer loop
    vertex 8.75 2.518109141606802 -94.98222732463114
    vertex 8.75 5.036218283213604 -93.69283729854271
    vertex 8.75 2.518109141606802 -92.01617949347109
  endloop
endfacet
facet normal 1 0 0
  outer loop
    vertex 8.75 0 -93.30556951955951
    vertex 8.75 2.518109141606802 -92.01617949347109
    vertex 8.75 0 -90.33952168839946
  endloop
endfacet
facet normal 1 0 0
  outer loop
    vertex 8.75 0 -108.1358086753598
    vertex 8.75 2.52941774087023 -106.7738601066074
    vertex 8.75 0 -105.1697608441997
  endloop
endfacet
facet normal 1 0 -0
  outer loop
    vertex 8.75 2.52941774087023 -106.7738601066074
    vertex 8.75 2.52941774087023 -103.8078122754474
    vertex 8.75 0 -105.1697608441997
  endloop
endfacet
facet normal 1 0 0
  outer loop
    vertex 8.75 2.52941774087023 -106.7738601066074
    vertex 8.75 5.058835481740459 -105.4119115378551
    vertex 8.75 2.52941774087023 -103.8078122754474
  endloop
endfacet
facet normal 1 0 0
  outer loop
    vertex 8.75 0 -105.1697608441997
    vertex 8.75 2.52941774087023 -103.8078122754474
    vertex 8.75 0 -102.2037130130397
  endloop
endfacet
facet normal 1 0 0
  outer loop
    vertex 8.75 0 -102.2037130130397
    vertex 8.75 2.555567859709305 -100.8477449004797
    vertex 8.75 0 -99.23766518187962
  endloop
endfacet
facet normal 1 0 -0
  outer loop
    vertex 8.75 2.555567859709305 -100.8477449004797
    vertex 8.75 2.555567859709305 -97.88169706931966
    vertex 8.75 0 -99.23766518187962
  endloop
endfacet
facet normal 1 0 0
  outer loop
    vertex 8.75 2.555567859709305 -100.8477449004797
    vertex 8.75 5.111135719418608 -99.49177678791975
    vertex 8.75 2.555567859709305 -97.88169706931966
  endloop
endfacet
facet normal 1 0 0
  outer loop
    vertex 8.75 0 -99.23766518187962
    vertex 8.75 2.555567859709305 -97.88169706931966
    vertex 8.75 0 -96.27161735071957
  endloop
endfacet
facet normal 1 0 0
  outer loop
    vertex 8.75 0 -114.0679043376799
    vertex 8.75 2.587199045120665 -112.65911229304
    vertex 8.75 0 -111.1018565065198
  endloop
endfacet
facet normal 1 0 -0
  outer loop
    vertex 8.75 2.587199045120665 -112.65911229304
    vertex 8.75 2.587199045120665 -109.6930644618799
    vertex 8.75 0 -111.1018565065198
  endloop
endfacet
facet normal 1 0 0
  outer loop
    vertex 8.75 2.587199045120665 -112.65911229304
    vertex 8.75 5.174398090241331 -111.2503202484001
    vertex 8.75 2.587199045120665 -109.6930644618799
  endloop
endfacet
facet normal 1 0 0
  outer loop
    vertex 8.75 0 -111.1018565065198
    vertex 8.75 2.587199045120665 -109.6930644618799
    vertex 8.75 0 -108.1358086753598
  endloop
endfacet
facet normal 1 0 0
  outer loop
    vertex 8.75 6.414898004930523 -120
    vertex 8.75 4.889253500156529 -118.4173879148109
    vertex 8.75 3.207449002465261 -120
  endloop
endfacet
facet normal 1 0 0
  outer loop
    vertex 8.75 4.889253500156529 -118.4173879148109
    vertex 8.75 1.681804497691267 -118.4173879148109
    vertex 8.75 3.207449002465261 -120
  endloop
endfacet
facet normal 1 0 0
  outer loop
    vertex 8.75 4.889253500156529 -118.4173879148109
    vertex 8.75 3.363608995382535 -116.8347758296218
    vertex 8.75 1.681804497691267 -118.4173879148109
  endloop
endfacet
facet normal 1 0 0
  outer loop
    vertex 8.75 3.207449002465261 -120
    vertex 8.75 1.681804497691267 -118.4173879148109
    vertex 8.75 0 -120
  endloop
endfacet
facet normal 1 0 0
  outer loop
    vertex 8.75 15.20075226893634 -105.8697212306949
    vertex 8.75 12.79757037691398 -107.1144282670196
    vertex 8.75 15.27023453659823 -108.6224940828361
  endloop
endfacet
facet normal 1 0 0
  outer loop
    vertex 8.75 12.79757037691398 -107.1144282670196
    vertex 8.75 12.86705264457587 -109.8672011191608
    vertex 8.75 15.27023453659823 -108.6224940828361
  endloop
endfacet
facet normal 1 0 0
  outer loop
    vertex 8.75 12.79757037691398 -107.1144282670196
    vertex 8.75 10.39438848489162 -108.3591353033443
    vertex 8.75 12.86705264457587 -109.8672011191608
  endloop
endfacet
facet normal 1 0 0
  outer loop
    vertex 8.75 15.27023453659823 -108.6224940828361
    vertex 8.75 12.86705264457587 -109.8672011191608
    vertex 8.75 15.33971680426012 -111.3752669349773
  endloop
endfacet
facet normal 1 0 0
  outer loop
    vertex 8.75 0 -90.33952168839946
    vertex 8.75 2.339278683224888 -89.37469094446001
    vertex 8.75 0 -87.3734738572394
  endloop
endfacet
facet normal 1 0 -0
  outer loop
    vertex 8.75 2.339278683224888 -89.37469094446001
    vertex 8.75 2.339278683224888 -86.40864311329997
    vertex 8.75 0 -87.3734738572394
  endloop
endfacet
facet normal 1 0 0
  outer loop
    vertex 8.75 2.339278683224888 -89.37469094446001
    vertex 8.75 4.678557366449775 -88.40986020052058
    vertex 8.75 2.339278683224888 -86.40864311329997
  endloop
endfacet
facet normal 1 0 0
  outer loop
    vertex 8.75 0 -87.3734738572394
    vertex 8.75 2.339278683224888 -86.40864311329997
    vertex 8.75 0 -84.40742602607935
  endloop
endfacet
facet normal 1 -0 0
  outer loop
    vertex 8.75 0 -84.40742602607935
    vertex 8.75 2.339278683224888 -86.40864311329997
    vertex 8.75 2.782995710769979 -84.20372824881491
  endloop
endfacet
facet normal 1 0 0
  outer loop
    vertex 8.75 2.339278683224888 -86.40864311329997
    vertex 8.75 5.099300615290209 -86.03236625809265
    vertex 8.75 2.782995710769979 -84.20372824881491
  endloop
endfacet
facet normal 1 -0 0
  outer loop
    vertex 8.75 2.339278683224888 -86.40864311329997
    vertex 8.75 4.678557366449775 -88.40986020052058
    vertex 8.75 5.099300615290209 -86.03236625809265
  endloop
endfacet
facet normal 1 -0 0
  outer loop
    vertex 8.75 2.782995710769979 -84.20372824881491
    vertex 8.75 5.099300615290209 -86.03236625809265
    vertex 8.75 5.520043864130642 -83.65487231566472
  endloop
endfacet
facet normal 1 0 0
  outer loop
    vertex 8.75 15.33971680426012 -111.3752669349773
    vertex 8.75 12.86705264457587 -109.8672011191608
    vertex 8.75 13.41852833777492 -112.461090419732
  endloop
endfacet
facet normal 1 0 0
  outer loop
    vertex 8.75 12.86705264457587 -109.8672011191608
    vertex 8.75 10.94586417809067 -110.9530246039155
    vertex 8.75 13.41852833777492 -112.461090419732
  endloop
endfacet
facet normal 1 0 0
  outer loop
    vertex 8.75 12.86705264457587 -109.8672011191608
    vertex 8.75 10.39438848489162 -108.3591353033443
    vertex 8.75 10.94586417809067 -110.9530246039155
  endloop
endfacet
facet normal 1 0 0
  outer loop
    vertex 8.75 13.41852833777492 -112.461090419732
    vertex 8.75 10.94586417809067 -110.9530246039155
    vertex 8.75 11.49733987128972 -113.5469139044867
  endloop
endfacet
facet normal 1 0 0
  outer loop
    vertex 8.75 15.15554095951483 -88.56476976861083
    vertex 8.75 12.65441988156773 -90.03942442064186
    vertex 8.75 15.19896482802596 -91.3413050993633
  endloop
endfacet
facet normal 1 0 0
  outer loop
    vertex 8.75 12.65441988156773 -90.03942442064186
    vertex 8.75 12.69784375007887 -92.81595975139433
    vertex 8.75 15.19896482802596 -91.3413050993633
  endloop
endfacet
facet normal 1 0 0
  outer loop
    vertex 8.75 12.65441988156773 -90.03942442064186
    vertex 8.75 10.15329880362064 -91.51407907267289
    vertex 8.75 12.69784375007887 -92.81595975139433
  endloop
endfacet
facet normal 1 0 0
  outer loop
    vertex 8.75 15.19896482802596 -91.3413050993633
    vertex 8.75 12.69784375007887 -92.81595975139433
    vertex 8.75 15.2423886965371 -94.11784043011578
  endloop
endfacet
facet normal 1 0 0
  outer loop
    vertex 8.75 15.2423886965371 -94.11784043011578
    vertex 8.75 15.19079969822586 -97.05788368679211
    vertex 8.75 17.62119434826855 -95.56964040994798
  endloop
endfacet
facet normal 1 -0 0
  outer loop
    vertex 8.75 15.19079969822586 -97.05788368679211
    vertex 8.75 17.56960534995731 -98.50968366662431
    vertex 8.75 17.62119434826855 -95.56964040994798
  endloop
endfacet
facet normal 1 0 0
  outer loop
    vertex 8.75 15.19079969822586 -97.05788368679211
    vertex 8.75 15.13921069991462 -99.99792694346844
    vertex 8.75 17.56960534995731 -98.50968366662431
  endloop
endfacet
facet normal 1 0 0
  outer loop
    vertex 8.75 17.62119434826855 -95.56964040994798
    vertex 8.75 17.56960534995731 -98.50968366662431
    vertex 8.75 20 -97.0214403897802
  endloop
endfacet
facet normal 1 0 0
  outer loop
    vertex 8.75 20 -102.9785596102198
    vertex 8.75 17.56960534995731 -101.4882432768441
    vertex 8.75 17.60037613446817 -104.4241404204574
  endloop
endfacet
facet normal 1 0 0
  outer loop
    vertex 8.75 17.56960534995731 -101.4882432768441
    vertex 8.75 15.16998148442548 -102.9338240870817
    vertex 8.75 17.60037613446817 -104.4241404204574
  endloop
endfacet
facet normal 1 0 0
  outer loop
    vertex 8.75 17.56960534995731 -101.4882432768441
    vertex 8.75 15.13921069991462 -99.99792694346844
    vertex 8.75 15.16998148442548 -102.9338240870817
  endloop
endfacet
facet normal 1 0 0
  outer loop
    vertex 8.75 17.60037613446817 -104.4241404204574
    vertex 8.75 15.16998148442548 -102.9338240870817
    vertex 8.75 15.20075226893634 -105.8697212306949
  endloop
endfacet
facet normal 1 0 0
  outer loop
    vertex 8.75 5.111135719418608 -99.49177678791975
    vertex 8.75 5.073677001316106 -96.59230704323123
    vertex 8.75 2.555567859709305 -97.88169706931966
  endloop
endfacet
facet normal 1 0 0
  outer loop
    vertex 8.75 5.073677001316106 -96.59230704323123
    vertex 8.75 2.518109141606802 -94.98222732463114
    vertex 8.75 2.555567859709305 -97.88169706931966
  endloop
endfacet
facet normal 1 0 0
  outer loop
    vertex 8.75 5.073677001316106 -96.59230704323123
    vertex 8.75 5.036218283213604 -93.69283729854271
    vertex 8.75 2.518109141606802 -94.98222732463114
  endloop
endfacet
facet normal 1 0 0
  outer loop
    vertex 8.75 2.555567859709305 -97.88169706931966
    vertex 8.75 2.518109141606802 -94.98222732463114
    vertex 8.75 0 -96.27161735071957
  endloop
endfacet
facet normal 1 0 0
  outer loop
    vertex 8.75 5.174398090241331 -111.2503202484001
    vertex 8.75 5.116616785990895 -108.3311158931276
    vertex 8.75 2.587199045120665 -109.6930644618799
  endloop
endfacet
facet normal 1 0 0
  outer loop
    vertex 8.75 5.116616785990895 -108.3311158931276
    vertex 8.75 2.52941774087023 -106.7738601066074
    vertex 8.75 2.587199045120665 -109.6930644618799
  endloop
endfacet
facet normal 1 0 0
  outer loop
    vertex 8.75 5.116616785990895 -108.3311158931276
    vertex 8.75 5.058835481740459 -105.4119115378551
    vertex 8.75 2.52941774087023 -106.7738601066074
  endloop
endfacet
facet normal 1 0 0
  outer loop
    vertex 8.75 2.587199045120665 -109.6930644618799
    vertex 8.75 2.52941774087023 -106.7738601066074
    vertex 8.75 0 -108.1358086753598
  endloop
endfacet
facet normal 1 -0 0
  outer loop
    vertex 8.75 0 -102.2037130130397
    vertex 8.75 2.52941774087023 -103.8078122754474
    vertex 8.75 2.555567859709305 -100.8477449004797
  endloop
endfacet
facet normal 1 0 0
  outer loop
    vertex 8.75 2.52941774087023 -103.8078122754474
    vertex 8.75 5.084985600579534 -102.4518441628874
    vertex 8.75 2.555567859709305 -100.8477449004797
  endloop
endfacet
facet normal 1 -0 0
  outer loop
    vertex 8.75 2.52941774087023 -103.8078122754474
    vertex 8.75 5.058835481740459 -105.4119115378551
    vertex 8.75 5.084985600579534 -102.4518441628874
  endloop
endfacet
facet normal 1 -0 0
  outer loop
    vertex 8.75 2.555567859709305 -100.8477449004797
    vertex 8.75 5.084985600579534 -102.4518441628874
    vertex 8.75 5.111135719418608 -99.49177678791975
  endloop
endfacet
facet normal 1 0 0
  outer loop
    vertex 8.75 20 -108.9356788306594
    vertex 8.75 17.66985840213006 -110.1554728828184
    vertex 8.75 20 -111.9142384408792
  endloop
endfacet
facet normal 1 0 0
  outer loop
    vertex 8.75 17.66985840213006 -110.1554728828184
    vertex 8.75 17.66985840213006 -113.1340324930382
    vertex 8.75 20 -111.9142384408792
  endloop
endfacet
facet normal 1 0 0
  outer loop
    vertex 8.75 17.66985840213006 -110.1554728828184
    vertex 8.75 15.33971680426012 -111.3752669349773
    vertex 8.75 17.66985840213006 -113.1340324930382
  endloop
endfacet
facet normal 1 0 0
  outer loop
    vertex 8.75 20 -111.9142384408792
    vertex 8.75 17.66985840213006 -113.1340324930382
    vertex 8.75 20 -114.892798051099
  endloop
endfacet
facet normal 1 0 0
  outer loop
    vertex 8.75 20 -85.10720194890098
    vertex 8.75 17.57777047975741 -86.8359858587559
    vertex 8.75 20 -88.08576155912078
  endloop
endfacet
facet normal 1 0 0
  outer loop
    vertex 8.75 17.57777047975741 -86.8359858587559
    vertex 8.75 17.57777047975741 -89.81454546897571
    vertex 8.75 20 -88.08576155912078
  endloop
endfacet
facet normal 1 0 0
  outer loop
    vertex 8.75 17.57777047975741 -86.8359858587559
    vertex 8.75 15.15554095951483 -88.56476976861083
    vertex 8.75 17.57777047975741 -89.81454546897571
  endloop
endfacet
facet normal 1 0 0
  outer loop
    vertex 8.75 20 -88.08576155912078
    vertex 8.75 17.57777047975741 -89.81454546897571
    vertex 8.75 20 -91.06432116934059
  endloop
endfacet
facet normal 1 0 0
  outer loop
    vertex 8.75 11.49733987128972 -113.5469139044867
    vertex 8.75 10.94586417809067 -110.9530246039155
    vertex 8.75 8.335868980765525 -112.3986170764434
  endloop
endfacet
facet normal 1 0 0
  outer loop
    vertex 8.75 10.94586417809067 -110.9530246039155
    vertex 8.75 7.784393287566474 -109.8047277758722
    vertex 8.75 8.335868980765525 -112.3986170764434
  endloop
endfacet
facet normal 1 0 0
  outer loop
    vertex 8.75 10.94586417809067 -110.9530246039155
    vertex 8.75 10.39438848489162 -108.3591353033443
    vertex 8.75 7.784393287566474 -109.8047277758722
  endloop
endfacet
facet normal 1 0 0
  outer loop
    vertex 8.75 8.335868980765525 -112.3986170764434
    vertex 8.75 7.784393287566474 -109.8047277758722
    vertex 8.75 5.174398090241331 -111.2503202484001
  endloop
endfacet
facet normal 1 0 0
  outer loop
    vertex 8.75 5.174398090241331 -111.2503202484001
    vertex 8.75 6.310934075675384 -113.6380386914093
    vertex 8.75 8.335868980765525 -112.3986170764434
  endloop
endfacet
facet normal 1 -0 0
  outer loop
    vertex 8.75 6.310934075675384 -113.6380386914093
    vertex 8.75 9.472404966199576 -114.7863355194526
    vertex 8.75 8.335868980765525 -112.3986170764434
  endloop
endfacet
facet normal 1 0 0
  outer loop
    vertex 8.75 6.310934075675384 -113.6380386914093
    vertex 8.75 7.447470061109437 -116.0257571344186
    vertex 8.75 9.472404966199576 -114.7863355194526
  endloop
endfacet
facet normal 1 0 0
  outer loop
    vertex 8.75 8.335868980765525 -112.3986170764434
    vertex 8.75 9.472404966199576 -114.7863355194526
    vertex 8.75 11.49733987128972 -113.5469139044867
  endloop
endfacet
facet normal 1 0 0
  outer loop
    vertex 8.75 15.47163266831018 -116.5951987007327
    vertex 8.75 13.48448626979995 -115.0710563026097
    vertex 8.75 13.20744900246526 -117.4463990255495
  endloop
endfacet
facet normal 1 0 0
  outer loop
    vertex 8.75 13.48448626979995 -115.0710563026097
    vertex 8.75 11.22030260395503 -115.9222566274265
    vertex 8.75 13.20744900246526 -117.4463990255495
  endloop
endfacet
facet normal 1 0 0
  outer loop
    vertex 8.75 13.48448626979995 -115.0710563026097
    vertex 8.75 11.49733987128972 -113.5469139044867
    vertex 8.75 11.22030260395503 -115.9222566274265
  endloop
endfacet
facet normal 1 0 0
  outer loop
    vertex 8.75 13.20744900246526 -117.4463990255495
    vertex 8.75 11.22030260395503 -115.9222566274265
    vertex 8.75 10.94326533662035 -118.2975993503663
  endloop
endfacet
facet normal 1 0 0
  outer loop
    vertex 8.75 15.42042700761351 -83.38555097268164
    vertex 8.75 15.28798398356417 -85.97516037064624
    vertex 8.75 17.71021350380675 -84.24637646079131
  endloop
endfacet
facet normal 1 -0 0
  outer loop
    vertex 8.75 15.28798398356417 -85.97516037064624
    vertex 8.75 17.57777047975741 -86.8359858587559
    vertex 8.75 17.71021350380675 -84.24637646079131
  endloop
endfacet
facet normal 1 0 0
  outer loop
    vertex 8.75 15.28798398356417 -85.97516037064624
    vertex 8.75 15.15554095951483 -88.56476976861083
    vertex 8.75 17.57777047975741 -86.8359858587559
  endloop
endfacet
facet normal 1 0 0
  outer loop
    vertex 8.75 17.71021350380675 -84.24637646079131
    vertex 8.75 17.57777047975741 -86.8359858587559
    vertex 8.75 20 -85.10720194890098
  endloop
endfacet
facet normal 1 0 0
  outer loop
    vertex 8.75 20 -114.892798051099
    vertex 8.75 17.66985840213006 -113.1340324930382
    vertex 8.75 17.73581633415509 -115.7439983759159
  endloop
endfacet
facet normal 1 0 0
  outer loop
    vertex 8.75 17.66985840213006 -113.1340324930382
    vertex 8.75 15.40567473628515 -113.985232817855
    vertex 8.75 17.73581633415509 -115.7439983759159
  endloop
endfacet
facet normal 1 0 0
  outer loop
    vertex 8.75 17.66985840213006 -113.1340324930382
    vertex 8.75 15.33971680426012 -111.3752669349773
    vertex 8.75 15.40567473628515 -113.985232817855
  endloop
endfacet
facet normal 1 0 0
  outer loop
    vertex 8.75 17.73581633415509 -115.7439983759159
    vertex 8.75 15.40567473628515 -113.985232817855
    vertex 8.75 15.47163266831018 -116.5951987007327
  endloop
endfacet
facet normal 1 0 0
  outer loop
    vertex 8.75 10.94326533662035 -118.2975993503663
    vertex 8.75 9.195367698864892 -117.1616782423925
    vertex 8.75 8.679081670775435 -119.1487996751832
  endloop
endfacet
facet normal 1 0 0
  outer loop
    vertex 8.75 9.195367698864892 -117.1616782423925
    vertex 8.75 6.93118403301998 -118.0128785672093
    vertex 8.75 8.679081670775435 -119.1487996751832
  endloop
endfacet
facet normal 1 0 0
  outer loop
    vertex 8.75 9.195367698864892 -117.1616782423925
    vertex 8.75 7.447470061109437 -116.0257571344186
    vertex 8.75 6.93118403301998 -118.0128785672093
  endloop
endfacet
facet normal 1 0 0
  outer loop
    vertex 8.75 8.679081670775435 -119.1487996751832
    vertex 8.75 6.93118403301998 -118.0128785672093
    vertex 8.75 6.414898004930523 -120
  endloop
endfacet
facet normal 1 0 0
  outer loop
    vertex 8.75 20 -91.06432116934059
    vertex 8.75 17.57777047975741 -89.81454546897571
    vertex 8.75 17.62119434826855 -92.59108079972819
  endloop
endfacet
facet normal 1 0 0
  outer loop
    vertex 8.75 17.57777047975741 -89.81454546897571
    vertex 8.75 15.19896482802596 -91.3413050993633
    vertex 8.75 17.62119434826855 -92.59108079972819
  endloop
endfacet
facet normal 1 0 0
  outer loop
    vertex 8.75 17.57777047975741 -89.81454546897571
    vertex 8.75 15.15554095951483 -88.56476976861083
    vertex 8.75 15.19896482802596 -91.3413050993633
  endloop
endfacet
facet normal 1 0 0
  outer loop
    vertex 8.75 17.62119434826855 -92.59108079972819
    vertex 8.75 15.19896482802596 -91.3413050993633
    vertex 8.75 15.2423886965371 -94.11784043011578
  endloop
endfacet
facet normal 1 0 0
  outer loop
    vertex 8.75 15.20075226893634 -105.8697212306949
    vertex 8.75 15.27023453659823 -108.6224940828361
    vertex 8.75 17.60037613446817 -107.4027000306772
  endloop
endfacet
facet normal 1 -0 0
  outer loop
    vertex 8.75 15.27023453659823 -108.6224940828361
    vertex 8.75 17.66985840213006 -110.1554728828184
    vertex 8.75 17.60037613446817 -107.4027000306772
  endloop
endfacet
facet normal 1 0 0
  outer loop
    vertex 8.75 15.27023453659823 -108.6224940828361
    vertex 8.75 15.33971680426012 -111.3752669349773
    vertex 8.75 17.66985840213006 -110.1554728828184
  endloop
endfacet
facet normal 1 0 0
  outer loop
    vertex 8.75 17.60037613446817 -107.4027000306772
    vertex 8.75 17.66985840213006 -110.1554728828184
    vertex 8.75 20 -108.9356788306594
  endloop
endfacet
facet normal 1 -0 0
  outer loop
    vertex 8.75 0 -114.0679043376799
    vertex 8.75 1.681804497691267 -115.4513400836509
    vertex 8.75 2.587199045120665 -112.65911229304
  endloop
endfacet
facet normal 1 0 0
  outer loop
    vertex 8.75 1.681804497691267 -115.4513400836509
    vertex 8.75 4.269003542811933 -114.042548039011
    vertex 8.75 2.587199045120665 -112.65911229304
  endloop
endfacet
facet normal 1 -0 0
  outer loop
    vertex 8.75 1.681804497691267 -115.4513400836509
    vertex 8.75 3.363608995382535 -116.8347758296218
    vertex 8.75 4.269003542811933 -114.042548039011
  endloop
endfacet
facet normal 1 -0 0
  outer loop
    vertex 8.75 2.587199045120665 -112.65911229304
    vertex 8.75 4.269003542811933 -114.042548039011
    vertex 8.75 5.174398090241331 -111.2503202484001
  endloop
endfacet
facet normal 1 -0 0
  outer loop
    vertex 8.75 5.111135719418608 -99.49177678791975
    vertex 8.75 7.603212056150173 -101.0962273757857
    vertex 8.75 7.652177944837272 -98.25660858884997
  endloop
endfacet
facet normal 1 0 0
  outer loop
    vertex 8.75 7.603212056150173 -101.0962273757857
    vertex 8.75 10.14425428156884 -99.86105917671591
    vertex 8.75 7.652177944837272 -98.25660858884997
  endloop
endfacet
facet normal 1 -0 0
  outer loop
    vertex 8.75 7.603212056150173 -101.0962273757857
    vertex 8.75 10.09528839288174 -102.7006779636516
    vertex 8.75 10.14425428156884 -99.86105917671591
  endloop
endfacet
facet normal 1 -0 0
  outer loop
    vertex 8.75 7.652177944837272 -98.25660858884997
    vertex 8.75 10.14425428156884 -99.86105917671591
    vertex 8.75 10.19322017025594 -97.0214403897802
  endloop
endfacet
facet normal 1 0 0
  outer loop
    vertex 8.75 5.058835481740459 -105.4119115378551
    vertex 8.75 7.577061937311099 -104.0562947507534
    vertex 8.75 5.084985600579534 -102.4518441628874
  endloop
endfacet
facet normal 1 0 -0
  outer loop
    vertex 8.75 7.577061937311099 -104.0562947507534
    vertex 8.75 7.603212056150173 -101.0962273757857
    vertex 8.75 5.084985600579534 -102.4518441628874
  endloop
endfacet
facet normal 1 0 0
  outer loop
    vertex 8.75 7.577061937311099 -104.0562947507534
    vertex 8.75 10.09528839288174 -102.7006779636516
    vertex 8.75 7.603212056150173 -101.0962273757857
  endloop
endfacet
facet normal 1 0 0
  outer loop
    vertex 8.75 5.084985600579534 -102.4518441628874
    vertex 8.75 7.603212056150173 -101.0962273757857
    vertex 8.75 5.111135719418608 -99.49177678791975
  endloop
endfacet
facet normal 1 0 -0
  outer loop
    vertex 8.75 5.111135719418608 -99.49177678791975
    vertex 8.75 7.652177944837272 -98.25660858884997
    vertex 8.75 5.073677001316106 -96.59230704323123
  endloop
endfacet
facet normal 1 0 0
  outer loop
    vertex 8.75 7.652177944837272 -98.25660858884997
    vertex 8.75 7.614719226734771 -95.35713884416145
    vertex 8.75 5.073677001316106 -96.59230704323123
  endloop
endfacet
facet normal 1 0 -0
  outer loop
    vertex 8.75 7.652177944837272 -98.25660858884997
    vertex 8.75 10.19322017025594 -97.0214403897802
    vertex 8.75 7.614719226734771 -95.35713884416145
  endloop
endfacet
facet normal 1 0 -0
  outer loop
    vertex 8.75 5.073677001316106 -96.59230704323123
    vertex 8.75 7.614719226734771 -95.35713884416145
    vertex 8.75 5.036218283213604 -93.69283729854271
  endloop
endfacet
facet normal 1 -0 0
  outer loop
    vertex 8.75 4.678557366449775 -88.40986020052058
    vertex 8.75 7.415928085035207 -89.96196963659673
    vertex 8.75 7.397844307883743 -87.30474260923685
  endloop
endfacet
facet normal 1 0 -0
  outer loop
    vertex 8.75 7.415928085035207 -89.96196963659673
    vertex 8.75 10.13521502646918 -88.85685204531302
    vertex 8.75 7.397844307883743 -87.30474260923685
  endloop
endfacet
facet normal 1 -0 0
  outer loop
    vertex 8.75 7.415928085035207 -89.96196963659673
    vertex 8.75 10.15329880362064 -91.51407907267289
    vertex 8.75 10.13521502646918 -88.85685204531302
  endloop
endfacet
facet normal 1 -0 0
  outer loop
    vertex 8.75 7.397844307883743 -87.30474260923685
    vertex 8.75 10.13521502646918 -88.85685204531302
    vertex 8.75 10.11713124931771 -86.19962501795314
  endloop
endfacet
facet normal 1 0 0
  outer loop
    vertex 8.75 10.19322017025594 -97.0214403897802
    vertex 8.75 10.17325948693829 -94.26775973122653
    vertex 8.75 7.614719226734771 -95.35713884416145
  endloop
endfacet
facet normal 1 0 0
  outer loop
    vertex 8.75 10.17325948693829 -94.26775973122653
    vertex 8.75 7.594758543417121 -92.60345818560779
    vertex 8.75 7.614719226734771 -95.35713884416145
  endloop
endfacet
facet normal 1 0 0
  outer loop
    vertex 8.75 10.17325948693829 -94.26775973122653
    vertex 8.75 10.15329880362064 -91.51407907267289
    vertex 8.75 7.594758543417121 -92.60345818560779
  endloop
endfacet
facet normal 1 0 0
  outer loop
    vertex 8.75 7.614719226734771 -95.35713884416145
    vertex 8.75 7.594758543417121 -92.60345818560779
    vertex 8.75 5.036218283213604 -93.69283729854271
  endloop
endfacet
facet normal 1 0 0
  outer loop
    vertex 8.75 0 -120
    vertex 8.75 1.681804497691267 -118.4173879148109
    vertex 8.75 0 -117.0339521688399
  endloop
endfacet
facet normal 1 0 -0
  outer loop
    vertex 8.75 1.681804497691267 -118.4173879148109
    vertex 8.75 1.681804497691267 -115.4513400836509
    vertex 8.75 0 -117.0339521688399
  endloop
endfacet
facet normal 1 0 0
  outer loop
    vertex 8.75 1.681804497691267 -118.4173879148109
    vertex 8.75 3.363608995382535 -116.8347758296218
    vertex 8.75 1.681804497691267 -115.4513400836509
  endloop
endfacet
facet normal 1 0 0
  outer loop
    vertex 8.75 0 -117.0339521688399
    vertex 8.75 1.681804497691267 -115.4513400836509
    vertex 8.75 0 -114.0679043376799
  endloop
endfacet
facet normal 1 0 -0
  outer loop
    vertex 8.75 5.174398090241331 -111.2503202484001
    vertex 8.75 7.784393287566474 -109.8047277758722
    vertex 8.75 5.116616785990895 -108.3311158931276
  endloop
endfacet
facet normal 1 0 0
  outer loop
    vertex 8.75 7.784393287566474 -109.8047277758722
    vertex 8.75 7.726611983316038 -106.8855234205997
    vertex 8.75 5.116616785990895 -108.3311158931276
  endloop
endfacet
facet normal 1 0 -0
  outer loop
    vertex 8.75 7.784393287566474 -109.8047277758722
    vertex 8.75 10.39438848489162 -108.3591353033443
    vertex 8.75 7.726611983316038 -106.8855234205997
  endloop
endfacet
facet normal 1 0 -0
  outer loop
    vertex 8.75 5.116616785990895 -108.3311158931276
    vertex 8.75 7.726611983316038 -106.8855234205997
    vertex 8.75 5.058835481740459 -105.4119115378551
  endloop
endfacet
facet normal 1 0 -0
  outer loop
    vertex 8.75 5.036218283213604 -93.69283729854271
    vertex 8.75 7.594758543417121 -92.60345818560779
    vertex 8.75 4.857387824831689 -91.05134874953166
  endloop
endfacet
facet normal 1 0 0
  outer loop
    vertex 8.75 7.594758543417121 -92.60345818560779
    vertex 8.75 7.415928085035207 -89.96196963659673
    vertex 8.75 4.857387824831689 -91.05134874953166
  endloop
endfacet
facet normal 1 0 -0
  outer loop
    vertex 8.75 7.594758543417121 -92.60345818560779
    vertex 8.75 10.15329880362064 -91.51407907267289
    vertex 8.75 7.415928085035207 -89.96196963659673
  endloop
endfacet
facet normal 1 0 -0
  outer loop
    vertex 8.75 4.857387824831689 -91.05134874953166
    vertex 8.75 7.415928085035207 -89.96196963659673
    vertex 8.75 4.678557366449775 -88.40986020052058
  endloop
endfacet
facet normal 1 0 0
  outer loop
    vertex 8.75 15.2423886965371 -94.11784043011578
    vertex 8.75 12.71780443339652 -95.56964040994798
    vertex 8.75 15.19079969822586 -97.05788368679211
  endloop
endfacet
facet normal 1 0 0
  outer loop
    vertex 8.75 12.71780443339652 -95.56964040994798
    vertex 8.75 12.66621543508528 -98.50968366662433
    vertex 8.75 15.19079969822586 -97.05788368679211
  endloop
endfacet
facet normal 1 0 0
  outer loop
    vertex 8.75 12.71780443339652 -95.56964040994798
    vertex 8.75 10.19322017025594 -97.0214403897802
    vertex 8.75 12.66621543508528 -98.50968366662433
  endloop
endfacet
facet normal 1 0 0
  outer loop
    vertex 8.75 15.19079969822586 -97.05788368679211
    vertex 8.75 12.66621543508528 -98.50968366662433
    vertex 8.75 15.13921069991462 -99.99792694346844
  endloop
endfacet
facet normal 1 0 0
  outer loop
    vertex 8.75 10.19322017025594 -97.0214403897802
    vertex 8.75 10.14425428156884 -99.86105917671591
    vertex 8.75 12.66621543508528 -98.50968366662433
  endloop
endfacet
facet normal 1 -0 0
  outer loop
    vertex 8.75 10.14425428156884 -99.86105917671591
    vertex 8.75 12.61724954639818 -101.34930245356
    vertex 8.75 12.66621543508528 -98.50968366662433
  endloop
endfacet
facet normal 1 0 0
  outer loop
    vertex 8.75 10.14425428156884 -99.86105917671591
    vertex 8.75 10.09528839288174 -102.7006779636516
    vertex 8.75 12.61724954639818 -101.34930245356
  endloop
endfacet
facet normal 1 0 0
  outer loop
    vertex 8.75 12.66621543508528 -98.50968366662433
    vertex 8.75 12.61724954639818 -101.34930245356
    vertex 8.75 15.13921069991462 -99.99792694346844
  endloop
endfacet
facet normal 1 0 0
  outer loop
    vertex 8.75 15.13921069991462 -99.99792694346844
    vertex 8.75 12.61724954639818 -101.34930245356
    vertex 8.75 15.16998148442548 -102.9338240870817
  endloop
endfacet
facet normal 1 0 0
  outer loop
    vertex 8.75 12.61724954639818 -101.34930245356
    vertex 8.75 12.64802033090904 -104.2851995971733
    vertex 8.75 15.16998148442548 -102.9338240870817
  endloop
endfacet
facet normal 1 0 0
  outer loop
    vertex 8.75 12.61724954639818 -101.34930245356
    vertex 8.75 10.09528839288174 -102.7006779636516
    vertex 8.75 12.64802033090904 -104.2851995971733
  endloop
endfacet
facet normal 1 0 0
  outer loop
    vertex 8.75 15.16998148442548 -102.9338240870817
    vertex 8.75 12.64802033090904 -104.2851995971733
    vertex 8.75 15.20075226893634 -105.8697212306949
  endloop
endfacet
facet normal 1 0 0
  outer loop
    vertex 8.75 5.036218283213604 -93.69283729854271
    vertex 8.75 4.857387824831689 -91.05134874953166
    vertex 8.75 2.518109141606802 -92.01617949347109
  endloop
endfacet
facet normal 1 0 0
  outer loop
    vertex 8.75 4.857387824831689 -91.05134874953166
    vertex 8.75 2.339278683224888 -89.37469094446001
    vertex 8.75 2.518109141606802 -92.01617949347109
  endloop
endfacet
facet normal 1 0 0
  outer loop
    vertex 8.75 4.857387824831689 -91.05134874953166
    vertex 8.75 4.678557366449775 -88.40986020052058
    vertex 8.75 2.339278683224888 -89.37469094446001
  endloop
endfacet
facet normal 1 0 0
  outer loop
    vertex 8.75 2.518109141606802 -92.01617949347109
    vertex 8.75 2.339278683224888 -89.37469094446001
    vertex 8.75 0 -90.33952168839946
  endloop
endfacet
facet normal 1 -0 0
  outer loop
    vertex 8.75 5.058835481740459 -105.4119115378551
    vertex 8.75 7.726611983316038 -106.8855234205997
    vertex 8.75 7.577061937311099 -104.0562947507534
  endloop
endfacet
facet normal 1 0 -0
  outer loop
    vertex 8.75 7.726611983316038 -106.8855234205997
    vertex 8.75 10.24483843888668 -105.529906633498
    vertex 8.75 7.577061937311099 -104.0562947507534
  endloop
endfacet
facet normal 1 -0 0
  outer loop
    vertex 8.75 7.726611983316038 -106.8855234205997
    vertex 8.75 10.39438848489162 -108.3591353033443
    vertex 8.75 10.24483843888668 -105.529906633498
  endloop
endfacet
facet normal 1 -0 0
  outer loop
    vertex 8.75 7.577061937311099 -104.0562947507534
    vertex 8.75 10.24483843888668 -105.529906633498
    vertex 8.75 10.09528839288174 -102.7006779636516
  endloop
endfacet
facet normal 1 0 0
  outer loop
    vertex 8.75 10.09528839288174 -102.7006779636516
    vertex 8.75 10.24483843888668 -105.529906633498
    vertex 8.75 12.64802033090904 -104.2851995971733
  endloop
endfacet
facet normal 1 -0 0
  outer loop
    vertex 8.75 10.24483843888668 -105.529906633498
    vertex 8.75 12.79757037691398 -107.1144282670196
    vertex 8.75 12.64802033090904 -104.2851995971733
  endloop
endfacet
facet normal 1 0 0
  outer loop
    vertex 8.75 10.24483843888668 -105.529906633498
    vertex 8.75 10.39438848489162 -108.3591353033443
    vertex 8.75 12.79757037691398 -107.1144282670196
  endloop
endfacet
facet normal 1 0 0
  outer loop
    vertex 8.75 12.64802033090904 -104.2851995971733
    vertex 8.75 12.79757037691398 -107.1144282670196
    vertex 8.75 15.20075226893634 -105.8697212306949
  endloop
endfacet
facet normal 1 0 0
  outer loop
    vertex 8.75 15.2423886965371 -94.11784043011578
    vertex 8.75 12.69784375007887 -92.81595975139433
    vertex 8.75 12.71780443339652 -95.56964040994798
  endloop
endfacet
facet normal 1 0 0
  outer loop
    vertex 8.75 12.69784375007887 -92.81595975139433
    vertex 8.75 10.17325948693829 -94.26775973122653
    vertex 8.75 12.71780443339652 -95.56964040994798
  endloop
endfacet
facet normal 1 0 0
  outer loop
    vertex 8.75 12.69784375007887 -92.81595975139433
    vertex 8.75 10.15329880362064 -91.51407907267289
    vertex 8.75 10.17325948693829 -94.26775973122653
  endloop
endfacet
facet normal 1 0 0
  outer loop
    vertex 8.75 12.71780443339652 -95.56964040994798
    vertex 8.75 10.17325948693829 -94.26775973122653
    vertex 8.75 10.19322017025594 -97.0214403897802
  endloop
endfacet
facet normal 1 0 0
  outer loop
    vertex 8.75 5.174398090241331 -111.2503202484001
    vertex 8.75 4.269003542811933 -114.042548039011
    vertex 8.75 6.310934075675384 -113.6380386914093
  endloop
endfacet
facet normal 1 -0 0
  outer loop
    vertex 8.75 4.269003542811933 -114.042548039011
    vertex 8.75 5.405539528245986 -116.4302664820202
    vertex 8.75 6.310934075675384 -113.6380386914093
  endloop
endfacet
facet normal 1 0 0
  outer loop
    vertex 8.75 4.269003542811933 -114.042548039011
    vertex 8.75 3.363608995382535 -116.8347758296218
    vertex 8.75 5.405539528245986 -116.4302664820202
  endloop
endfacet
facet normal 1 0 0
  outer loop
    vertex 8.75 6.310934075675384 -113.6380386914093
    vertex 8.75 5.405539528245986 -116.4302664820202
    vertex 8.75 7.447470061109437 -116.0257571344186
  endloop
endfacet
facet normal 1 0 0
  outer loop
    vertex 8.75 15.47163266831018 -116.5951987007327
    vertex 8.75 15.40567473628515 -113.985232817855
    vertex 8.75 13.48448626979995 -115.0710563026097
  endloop
endfacet
facet normal 1 0 0
  outer loop
    vertex 8.75 15.40567473628515 -113.985232817855
    vertex 8.75 13.41852833777492 -112.461090419732
    vertex 8.75 13.48448626979995 -115.0710563026097
  endloop
endfacet
facet normal 1 0 0
  outer loop
    vertex 8.75 15.40567473628515 -113.985232817855
    vertex 8.75 15.33971680426012 -111.3752669349773
    vertex 8.75 13.41852833777492 -112.461090419732
  endloop
endfacet
facet normal 1 0 0
  outer loop
    vertex 8.75 13.48448626979995 -115.0710563026097
    vertex 8.75 13.41852833777492 -112.461090419732
    vertex 8.75 11.49733987128972 -113.5469139044867
  endloop
endfacet
facet normal 1 0 0
  outer loop
    vertex 8.75 11.49733987128972 -113.5469139044867
    vertex 8.75 9.472404966199576 -114.7863355194526
    vertex 8.75 11.22030260395503 -115.9222566274265
  endloop
endfacet
facet normal 1 0 0
  outer loop
    vertex 8.75 9.472404966199576 -114.7863355194526
    vertex 8.75 9.195367698864892 -117.1616782423925
    vertex 8.75 11.22030260395503 -115.9222566274265
  endloop
endfacet
facet normal 1 0 0
  outer loop
    vertex 8.75 9.472404966199576 -114.7863355194526
    vertex 8.75 7.447470061109437 -116.0257571344186
    vertex 8.75 9.195367698864892 -117.1616782423925
  endloop
endfacet
facet normal 1 0 0
  outer loop
    vertex 8.75 11.22030260395503 -115.9222566274265
    vertex 8.75 9.195367698864892 -117.1616782423925
    vertex 8.75 10.94326533662035 -118.2975993503663
  endloop
endfacet
facet normal 1 0 0
  outer loop
    vertex 8.75 5.520043864130642 -83.65487231566472
    vertex 8.75 5.099300615290209 -86.03236625809265
    vertex 8.75 7.818587556724177 -84.92724866680894
  endloop
endfacet
facet normal 1 -0 0
  outer loop
    vertex 8.75 5.099300615290209 -86.03236625809265
    vertex 8.75 7.397844307883743 -87.30474260923685
    vertex 8.75 7.818587556724177 -84.92724866680894
  endloop
endfacet
facet normal 1 0 0
  outer loop
    vertex 8.75 5.099300615290209 -86.03236625809265
    vertex 8.75 4.678557366449775 -88.40986020052058
    vertex 8.75 7.397844307883743 -87.30474260923685
  endloop
endfacet
facet normal 1 0 0
  outer loop
    vertex 8.75 7.818587556724177 -84.92724866680894
    vertex 8.75 7.397844307883743 -87.30474260923685
    vertex 8.75 10.11713124931771 -86.19962501795314
  endloop
endfacet
facet normal 1 0 0
  outer loop
    vertex 8.75 7.447470061109437 -116.0257571344186
    vertex 8.75 5.405539528245986 -116.4302664820202
    vertex 8.75 6.93118403301998 -118.0128785672093
  endloop
endfacet
facet normal 1 0 0
  outer loop
    vertex 8.75 5.405539528245986 -116.4302664820202
    vertex 8.75 4.889253500156529 -118.4173879148109
    vertex 8.75 6.93118403301998 -118.0128785672093
  endloop
endfacet
facet normal 1 0 0
  outer loop
    vertex 8.75 5.405539528245986 -116.4302664820202
    vertex 8.75 3.363608995382535 -116.8347758296218
    vertex 8.75 4.889253500156529 -118.4173879148109
  endloop
endfacet
facet normal 1 0 0
  outer loop
    vertex 8.75 6.93118403301998 -118.0128785672093
    vertex 8.75 4.889253500156529 -118.4173879148109
    vertex 8.75 6.414898004930523 -120
  endloop
endfacet
facet normal 1 0 0
  outer loop
    vertex 8.75 10.84085401522702 -81.66389999646232
    vertex 8.75 10.84085401522702 -81.81382660745139
    vertex 8.75 13.13064051142026 -82.52472548457197
  endloop
endfacet
facet normal 1 0 0
  outer loop
    vertex 8.75 10.84085401522702 -81.81382660745139
    vertex 8.75 13.13064051142026 -82.67465209556104
    vertex 8.75 13.13064051142026 -82.52472548457197
  endloop
endfacet
facet normal 1 0 0
  outer loop
    vertex 8.75 10.84085401522702 -81.81382660745139
    vertex 8.75 10.84085401522702 -81.96375261844045
    vertex 8.75 13.13064051142026 -82.67465209556104
  endloop
endfacet
facet normal 1 0 0
  outer loop
    vertex 8.75 13.13064051142026 -82.52472548457197
    vertex 8.75 13.13064051142026 -82.67465209556104
    vertex 8.75 15.42042700761351 -83.38555097268164
  endloop
endfacet
facet normal 0.37266 0.232253 -0.898434
  outer loop
    vertex 12.56955084251063 6.007745616868611 -81.96375261844045
    vertex 10.6630231188452 5.765650817557288 -82.81714101984578
    vertex 10.93025828739512 8.638059362512751 -81.96375261844045
  endloop
endfacet
facet normal 0.334237 0.239708 -0.911496
  outer loop
    vertex 10.6630231188452 5.765650817557288 -82.81714101984578
    vertex 8.75 8.202079329594683 -82.87788800618404
    vertex 10.93025828739512 8.638059362512751 -81.96375261844045
  endloop
endfacet
facet normal 0.359203 0.259687 -0.896402
  outer loop
    vertex 10.6630231188452 5.765650817557288 -82.81714101984578
    vertex 8.75 5.520043864130642 -83.65487231566472
    vertex 8.75 8.202079329594683 -82.87788800618404
  endloop
endfacet
facet normal 0.313996 0.310783 -0.897118
  outer loop
    vertex 10.93025828739512 8.638059362512751 -81.96375261844045
    vertex 8.75 8.202079329594683 -82.87788800618404
    vertex 8.75 10.84085401522702 -81.96375261844045
  endloop
endfacet
facet normal 0.449034 0.05026 -0.8921
  outer loop
    vertex 13.93149725548061 0 -81.96375261844044
    vertex 12.62453127988549 1.266748798132066 -82.55024029429087
    vertex 13.58674498996218 3.080093563059644 -81.96375261844045
  endloop
endfacet
facet normal 0.391752 0.0883279 -0.915821
  outer loop
    vertex 12.62453127988549 1.266748798132066 -82.55024029429087
    vertex 11.94339319934433 4.274141320088868 -82.55155101827934
    vertex 13.58674498996218 3.080093563059644 -81.96375261844045
  endloop
endfacet
facet normal 0.446609 0.100764 -0.889037
  outer loop
    vertex 12.62453127988549 1.266748798132066 -82.55024029429087
    vertex 11.28977228926635 2.530708837806681 -83.07750050929839
    vertex 11.94339319934433 4.274141320088868 -82.55155101827934
  endloop
endfacet
facet normal 0.426839 0.148302 -0.892085
  outer loop
    vertex 13.58674498996218 3.080093563059644 -81.96375261844045
    vertex 11.94339319934433 4.274141320088868 -82.55155101827934
    vertex 12.56955084251063 6.007745616868611 -81.96375261844045
  endloop
endfacet
facet normal 0.36873 0.18276 -0.911393
  outer loop
    vertex 8.75 5.520043864130642 -83.65487231566472
    vertex 10.0468299269805 4.036200711914585 -83.42775518026454
    vertex 8.75 2.782995710769979 -84.20372824881491
  endloop
endfacet
facet normal 0.432515 0.106779 -0.895281
  outer loop
    vertex 10.0468299269805 4.036200711914585 -83.42775518026454
    vertex 10.03080767920705 1.266733637372969 -83.76580491250031
    vertex 8.75 2.782995710769979 -84.20372824881491
  endloop
endfacet
facet normal 0.390074 0.109342 -0.914268
  outer loop
    vertex 10.0468299269805 4.036200711914585 -83.42775518026454
    vertex 11.28977228926635 2.530708837806681 -83.07750050929839
    vertex 10.03080767920705 1.266733637372969 -83.76580491250031
  endloop
endfacet
facet normal 0.393023 0.0671242 -0.917075
  outer loop
    vertex 8.75 2.782995710769979 -84.20372824881491
    vertex 10.03080767920705 1.266733637372969 -83.76580491250031
    vertex 8.75 0 -84.40742602607935
  endloop
endfacet
facet normal 0.426404 0.0268176 -0.904135
  outer loop
    vertex 8.75 0 -84.40742602607935
    vertex 10.03080767920705 1.266733637372969 -83.76580491250031
    vertex 11.34074862774031 0 -83.1855893222599
  endloop
endfacet
facet normal 0.424241 0.0240798 -0.905229
  outer loop
    vertex 10.03080767920705 1.266733637372969 -83.76580491250031
    vertex 12.62453127988549 1.266748798132066 -82.55024029429087
    vertex 11.34074862774031 0 -83.1855893222599
  endloop
endfacet
facet normal 0.423316 0.0702348 -0.903256
  outer loop
    vertex 10.03080767920705 1.266733637372969 -83.76580491250031
    vertex 11.28977228926635 2.530708837806681 -83.07750050929839
    vertex 12.62453127988549 1.266748798132066 -82.55024029429087
  endloop
endfacet
facet normal 0.42646 0.021342 -0.904254
  outer loop
    vertex 11.34074862774031 0 -83.1855893222599
    vertex 12.62453127988549 1.266748798132066 -82.55024029429087
    vertex 13.93149725548061 0 -81.96375261844044
  endloop
endfacet
facet normal 0.38477 0.168711 -0.907463
  outer loop
    vertex 12.56955084251063 6.007745616868611 -81.96375261844045
    vertex 11.94339319934433 4.274141320088868 -82.55155101827934
    vertex 10.6630231188452 5.765650817557288 -82.81714101984578
  endloop
endfacet
facet normal 0.394234 0.177874 -0.901632
  outer loop
    vertex 11.94339319934433 4.274141320088868 -82.55155101827934
    vertex 10.0468299269805 4.036200711914585 -83.42775518026454
    vertex 10.6630231188452 5.765650817557288 -82.81714101984578
  endloop
endfacet
facet normal 0.403576 0.122239 -0.906744
  outer loop
    vertex 11.94339319934433 4.274141320088868 -82.55155101827934
    vertex 11.28977228926635 2.530708837806681 -83.07750050929839
    vertex 10.0468299269805 4.036200711914585 -83.42775518026454
  endloop
endfacet
facet normal 0.373708 0.187571 -0.908383
  outer loop
    vertex 10.6630231188452 5.765650817557288 -82.81714101984578
    vertex 10.0468299269805 4.036200711914585 -83.42775518026454
    vertex 8.75 5.520043864130642 -83.65487231566472
  endloop
endfacet
facet normal 0.37266 0.232253 0.898434
  outer loop
    vertex 12.56955084251063 6.007745616868611 -78.03624738155956
    vertex 10.93025828739512 8.638059362512751 -78.03624738155956
    vertex 10.66302311884521 5.765650817557296 -77.18285898015424
  endloop
endfacet
facet normal 0.334237 0.239708 0.911496
  outer loop
    vertex 10.93025828739512 8.638059362512751 -78.03624738155956
    vertex 8.75 8.202079329594946 -77.12211199381606
    vertex 10.66302311884521 5.765650817557296 -77.18285898015424
  endloop
endfacet
facet normal 0.313996 0.310783 0.897118
  outer loop
    vertex 10.93025828739512 8.638059362512751 -78.03624738155956
    vertex 8.75 10.84085401522702 -78.03624738155956
    vertex 8.75 8.202079329594946 -77.12211199381606
  endloop
endfacet
facet normal 0.359203 0.259687 0.896402
  outer loop
    vertex 10.66302311884521 5.765650817557296 -77.18285898015424
    vertex 8.75 8.202079329594946 -77.12211199381606
    vertex 8.75 5.520043864130648 -76.3451276843353
  endloop
endfacet
facet normal 0.426839 0.148302 0.892085
  outer loop
    vertex 12.56955084251063 6.007745616868611 -78.03624738155956
    vertex 11.94339319934443 4.274141320087107 -77.44844898172043
    vertex 13.58674498996218 3.080093563059644 -78.03624738155956
  endloop
endfacet
facet normal 0.391752 0.0883279 0.915821
  outer loop
    vertex 11.94339319934443 4.274141320087107 -77.44844898172043
    vertex 12.62453127988551 1.266748798130288 -77.44975970570906
    vertex 13.58674498996218 3.080093563059644 -78.03624738155956
  endloop
endfacet
facet normal 0.446609 0.100764 0.889037
  outer loop
    vertex 11.94339319934443 4.274141320087107 -77.44844898172043
    vertex 11.28977228926649 2.530708837803138 -76.92249949070131
    vertex 12.62453127988551 1.266748798130288 -77.44975970570906
  endloop
endfacet
facet normal 0.449034 0.05026 0.8921
  outer loop
    vertex 13.58674498996218 3.080093563059644 -78.03624738155956
    vertex 12.62453127988551 1.266748798130288 -77.44975970570906
    vertex 13.93149725548061 0 -78.03624738155956
  endloop
endfacet
facet normal 0.393023 0.0671242 0.917075
  outer loop
    vertex 8.75 0 -75.59257397392065
    vertex 10.03080767920708 1.266733637371191 -76.23419508749961
    vertex 8.75 2.782995710769989 -75.7962717511851
  endloop
endfacet
facet normal 0.432515 0.106779 0.895281
  outer loop
    vertex 10.03080767920708 1.266733637371191 -76.23419508749961
    vertex 10.04682992698062 4.036200711912832 -76.5722448197352
    vertex 8.75 2.782995710769989 -75.7962717511851
  endloop
endfacet
facet normal 0.390074 0.109342 0.914268
  outer loop
    vertex 10.03080767920708 1.266733637371191 -76.23419508749961
    vertex 11.28977228926649 2.530708837803138 -76.92249949070131
    vertex 10.04682992698062 4.036200711912832 -76.5722448197352
  endloop
endfacet
facet normal 0.36873 0.18276 0.911393
  outer loop
    vertex 8.75 2.782995710769989 -75.7962717511851
    vertex 10.04682992698062 4.036200711912832 -76.5722448197352
    vertex 8.75 5.520043864130648 -76.3451276843353
  endloop
endfacet
facet normal 0.42646 0.021342 0.904254
  outer loop
    vertex 13.93149725548061 0 -78.03624738155956
    vertex 12.62453127988551 1.266748798130288 -77.44975970570906
    vertex 11.34074862774031 0 -76.81441067774011
  endloop
endfacet
facet normal 0.424241 0.0240798 0.905229
  outer loop
    vertex 12.62453127988551 1.266748798130288 -77.44975970570906
    vertex 10.03080767920708 1.266733637371191 -76.23419508749961
    vertex 11.34074862774031 0 -76.81441067774011
  endloop
endfacet
facet normal 0.423316 0.0702348 0.903256
  outer loop
    vertex 12.62453127988551 1.266748798130288 -77.44975970570906
    vertex 11.28977228926649 2.530708837803138 -76.92249949070131
    vertex 10.03080767920708 1.266733637371191 -76.23419508749961
  endloop
endfacet
facet normal 0.426404 0.0268176 0.904135
  outer loop
    vertex 11.34074862774031 0 -76.81441067774011
    vertex 10.03080767920708 1.266733637371191 -76.23419508749961
    vertex 8.75 0 -75.59257397392065
  endloop
endfacet
facet normal 0.373708 0.187571 0.908383
  outer loop
    vertex 8.75 5.520043864130648 -76.3451276843353
    vertex 10.04682992698062 4.036200711912832 -76.5722448197352
    vertex 10.66302311884521 5.765650817557296 -77.18285898015424
  endloop
endfacet
facet normal 0.394234 0.177874 0.901632
  outer loop
    vertex 10.04682992698062 4.036200711912832 -76.5722448197352
    vertex 11.94339319934443 4.274141320087107 -77.44844898172043
    vertex 10.66302311884521 5.765650817557296 -77.18285898015424
  endloop
endfacet
facet normal 0.403576 0.122239 0.906744
  outer loop
    vertex 10.04682992698062 4.036200711912832 -76.5722448197352
    vertex 11.28977228926649 2.530708837803138 -76.92249949070131
    vertex 11.94339319934443 4.274141320087107 -77.44844898172043
  endloop
endfacet
facet normal 0.38477 0.168711 0.907463
  outer loop
    vertex 10.66302311884521 5.765650817557296 -77.18285898015424
    vertex 11.94339319934443 4.274141320087107 -77.44844898172043
    vertex 12.56955084251063 6.007745616868611 -78.03624738155956
  endloop
endfacet
facet normal 1 0 0
  outer loop
    vertex 8.75 15.42042700761352 -76.61444902731836
    vertex 8.75 12.79146478083269 -75.07983493984841
    vertex 8.75 13.13064051142027 -77.32534820443895
  endloop
endfacet
facet normal 1 0 0
  outer loop
    vertex 8.75 12.79146478083269 -75.07983493984841
    vertex 8.75 10.50167828463944 -75.79073411696902
    vertex 8.75 13.13064051142027 -77.32534820443895
  endloop
endfacet
facet normal 1 0 0
  outer loop
    vertex 8.75 12.79146478083269 -75.07983493984841
    vertex 8.75 10.16250255405187 -73.54522085237848
    vertex 8.75 10.50167828463944 -75.79073411696902
  endloop
endfacet
facet normal 1 0 0
  outer loop
    vertex 8.75 13.13064051142027 -77.32534820443895
    vertex 8.75 10.50167828463944 -75.79073411696902
    vertex 8.75 10.84085401522702 -78.03624738155956
  endloop
endfacet
facet normal 1 0 0
  outer loop
    vertex 8.75 10.84085401522702 -41.96375261844044
    vertex 8.75 10.50167828463944 -44.20926588303098
    vertex 8.75 13.13064051142026 -42.67465179556104
  endloop
endfacet
facet normal 1 -0 0
  outer loop
    vertex 8.75 10.50167828463944 -44.20926588303098
    vertex 8.75 12.79146478083268 -44.92016506015158
    vertex 8.75 13.13064051142026 -42.67465179556104
  endloop
endfacet
facet normal 1 0 0
  outer loop
    vertex 8.75 10.50167828463944 -44.20926588303098
    vertex 8.75 10.16250255405186 -46.45477914762152
    vertex 8.75 12.79146478083268 -44.92016506015158
  endloop
endfacet
facet normal 1 0 0
  outer loop
    vertex 8.75 13.13064051142026 -42.67465179556104
    vertex 8.75 12.79146478083268 -44.92016506015158
    vertex 8.75 15.4204270076135 -43.38555097268164
  endloop
endfacet
facet normal 1 0 0
  outer loop
    vertex 8.75 20 -74.89279805109902
    vertex 8.75 17.56716236126876 -73.07856914149063
    vertex 8.75 17.71021350380676 -75.75362353920869
  endloop
endfacet
facet normal 1 0 0
  outer loop
    vertex 8.75 17.56716236126876 -73.07856914149063
    vertex 8.75 15.27737586507552 -73.93939462960029
    vertex 8.75 17.71021350380676 -75.75362353920869
  endloop
endfacet
facet normal 1 0 0
  outer loop
    vertex 8.75 17.56716236126876 -73.07856914149063
    vertex 8.75 15.13432472253752 -71.26434023188224
    vertex 8.75 15.27737586507552 -73.93939462960029
  endloop
endfacet
facet normal 1 0 0
  outer loop
    vertex 8.75 17.71021350380676 -75.75362353920869
    vertex 8.75 15.27737586507552 -73.93939462960029
    vertex 8.75 15.42042700761352 -76.61444902731836
  endloop
endfacet
facet normal 1 0 0
  outer loop
    vertex 8.75 15.4204270076135 -43.38555097268164
    vertex 8.75 15.27737586507551 -46.0606053703997
    vertex 8.75 17.71021350380675 -44.24637646079131
  endloop
endfacet
facet normal 1 -0 0
  outer loop
    vertex 8.75 15.27737586507551 -46.0606053703997
    vertex 8.75 17.56716236126876 -46.92143085850937
    vertex 8.75 17.71021350380675 -44.24637646079131
  endloop
endfacet
facet normal 1 0 0
  outer loop
    vertex 8.75 15.27737586507551 -46.0606053703997
    vertex 8.75 15.13432472253752 -48.73565976811776
    vertex 8.75 17.56716236126876 -46.92143085850937
  endloop
endfacet
facet normal 1 0 0
  outer loop
    vertex 8.75 17.71021350380675 -44.24637646079131
    vertex 8.75 17.56716236126876 -46.92143085850937
    vertex 8.75 20 -45.10720194890098
  endloop
endfacet
facet normal 1 0 0
  outer loop
    vertex 8.75 20 -68.9356788306594
    vertex 8.75 17.56716236126876 -70.10000953127081
    vertex 8.75 20 -71.91423844087922
  endloop
endfacet
facet normal 1 0 0
  outer loop
    vertex 8.75 17.56716236126876 -70.10000953127081
    vertex 8.75 17.56716236126876 -73.07856914149063
    vertex 8.75 20 -71.91423844087922
  endloop
endfacet
facet normal 1 0 0
  outer loop
    vertex 8.75 17.56716236126876 -70.10000953127081
    vertex 8.75 15.13432472253752 -71.26434023188224
    vertex 8.75 17.56716236126876 -73.07856914149063
  endloop
endfacet
facet normal 1 0 0
  outer loop
    vertex 8.75 20 -71.91423844087922
    vertex 8.75 17.56716236126876 -73.07856914149063
    vertex 8.75 20 -74.89279805109902
  endloop
endfacet
facet normal 1 0 0
  outer loop
    vertex 8.75 20 -45.10720194890098
    vertex 8.75 17.56716236126876 -46.92143085850937
    vertex 8.75 20 -48.08576155912078
  endloop
endfacet
facet normal 1 0 0
  outer loop
    vertex 8.75 17.56716236126876 -46.92143085850937
    vertex 8.75 17.56716236126876 -49.89999046872917
    vertex 8.75 20 -48.08576155912078
  endloop
endfacet
facet normal 1 0 0
  outer loop
    vertex 8.75 17.56716236126876 -46.92143085850937
    vertex 8.75 15.13432472253752 -48.73565976811776
    vertex 8.75 17.56716236126876 -49.89999046872917
  endloop
endfacet
facet normal 1 0 0
  outer loop
    vertex 8.75 20 -48.08576155912078
    vertex 8.75 17.56716236126876 -49.89999046872917
    vertex 8.75 20 -51.06432116934059
  endloop
endfacet
facet normal 1 0 0
  outer loop
    vertex 8.75 15.42042700761352 -76.61444902731836
    vertex 8.75 15.27737586507552 -73.93939462960029
    vertex 8.75 12.79146478083269 -75.07983493984841
  endloop
endfacet
facet normal 1 0 0
  outer loop
    vertex 8.75 15.27737586507552 -73.93939462960029
    vertex 8.75 12.6484136382947 -72.40478054213037
    vertex 8.75 12.79146478083269 -75.07983493984841
  endloop
endfacet
facet normal 1 0 0
  outer loop
    vertex 8.75 15.27737586507552 -73.93939462960029
    vertex 8.75 15.13432472253752 -71.26434023188224
    vertex 8.75 12.6484136382947 -72.40478054213037
  endloop
endfacet
facet normal 1 0 0
  outer loop
    vertex 8.75 12.79146478083269 -75.07983493984841
    vertex 8.75 12.6484136382947 -72.40478054213037
    vertex 8.75 10.16250255405187 -73.54522085237848
  endloop
endfacet
facet normal 1 -0 0
  outer loop
    vertex 8.75 10.16250255405186 -46.45477914762152
    vertex 8.75 12.64841363829469 -47.59521945786963
    vertex 8.75 12.79146478083268 -44.92016506015158
  endloop
endfacet
facet normal 1 0 0
  outer loop
    vertex 8.75 12.64841363829469 -47.59521945786963
    vertex 8.75 15.27737586507551 -46.0606053703997
    vertex 8.75 12.79146478083268 -44.92016506015158
  endloop
endfacet
facet normal 1 -0 0
  outer loop
    vertex 8.75 12.64841363829469 -47.59521945786963
    vertex 8.75 15.13432472253752 -48.73565976811776
    vertex 8.75 15.27737586507551 -46.0606053703997
  endloop
endfacet
facet normal 1 -0 0
  outer loop
    vertex 8.75 12.79146478083268 -44.92016506015158
    vertex 8.75 15.27737586507551 -46.0606053703997
    vertex 8.75 15.4204270076135 -43.38555097268164
  endloop
endfacet
facet normal 1 -0 0
  outer loop
    vertex 8.75 5.520043864130642 -43.65487231566471
    vertex 8.75 7.841273209091252 -45.05482573164311
    vertex 8.75 8.202079329594683 -42.87788800618403
  endloop
endfacet
facet normal 1 0 0
  outer loop
    vertex 8.75 7.841273209091252 -45.05482573164311
    vertex 8.75 10.50167828463944 -44.20926588303098
    vertex 8.75 8.202079329594683 -42.87788800618403
  endloop
endfacet
facet normal 1 -0 0
  outer loop
    vertex 8.75 7.841273209091252 -45.05482573164311
    vertex 8.75 10.16250255405186 -46.45477914762152
    vertex 8.75 10.50167828463944 -44.20926588303098
  endloop
endfacet
facet normal 1 -0 0
  outer loop
    vertex 8.75 8.202079329594683 -42.87788800618403
    vertex 8.75 10.50167828463944 -44.20926588303098
    vertex 8.75 10.84085401522702 -41.96375261844044
  endloop
endfacet
facet normal 1 0 0
  outer loop
    vertex 8.75 10.84085401522702 -78.03624738155956
    vertex 8.75 10.50167828463944 -75.79073411696902
    vertex 8.75 8.202079329594946 -77.12211199381606
  endloop
endfacet
facet normal 1 0 0
  outer loop
    vertex 8.75 10.50167828463944 -75.79073411696902
    vertex 8.75 7.841273209091257 -74.94517426835689
    vertex 8.75 8.202079329594946 -77.12211199381606
  endloop
endfacet
facet normal 1 0 0
  outer loop
    vertex 8.75 10.50167828463944 -75.79073411696902
    vertex 8.75 10.16250255405187 -73.54522085237848
    vertex 8.75 7.841273209091257 -74.94517426835689
  endloop
endfacet
facet normal 1 0 0
  outer loop
    vertex 8.75 8.202079329594946 -77.12211199381606
    vertex 8.75 7.841273209091257 -74.94517426835689
    vertex 8.75 5.520043864130648 -76.3451276843353
  endloop
endfacet
facet normal 1 0 0
  outer loop
    vertex 8.75 0 -69.35554438435241
    vertex 8.75 2.653817336751465 -67.7452347349314
    vertex 8.75 0 -66.23702958956827
  endloop
endfacet
facet normal 1 0 -0
  outer loop
    vertex 8.75 2.653817336751465 -67.7452347349314
    vertex 8.75 2.653817336751465 -64.62671994014725
    vertex 8.75 0 -66.23702958956827
  endloop
endfacet
facet normal 1 0 0
  outer loop
    vertex 8.75 2.653817336751465 -67.7452347349314
    vertex 8.75 5.30763467350293 -66.13492508551039
    vertex 8.75 2.653817336751465 -64.62671994014725
  endloop
endfacet
facet normal 1 0 0
  outer loop
    vertex 8.75 0 -66.23702958956827
    vertex 8.75 2.653817336751465 -64.62671994014725
    vertex 8.75 0 -63.11851479478413
  endloop
endfacet
facet normal 1 0 0
  outer loop
    vertex 8.75 0 -63.11851479478413
    vertex 8.75 2.649231967541501 -61.55925739739206
    vertex 8.75 0 -59.99999999999999
  endloop
endfacet
facet normal 1 0 -0
  outer loop
    vertex 8.75 2.649231967541501 -61.55925739739206
    vertex 8.75 2.649231967541501 -58.44074260260793
    vertex 8.75 0 -59.99999999999999
  endloop
endfacet
facet normal 1 0 0
  outer loop
    vertex 8.75 2.649231967541501 -61.55925739739206
    vertex 8.75 5.298463935083003 -59.99999999999999
    vertex 8.75 2.649231967541501 -58.44074260260793
  endloop
endfacet
facet normal 1 0 0
  outer loop
    vertex 8.75 0 -59.99999999999999
    vertex 8.75 2.649231967541501 -58.44074260260793
    vertex 8.75 0 -56.88148520521586
  endloop
endfacet
facet normal 1 0 0
  outer loop
    vertex 8.75 0 -56.88148520521586
    vertex 8.75 2.653817336751466 -55.37328005985273
    vertex 8.75 0 -53.76297041043173
  endloop
endfacet
facet normal 1 0 -0
  outer loop
    vertex 8.75 2.653817336751466 -55.37328005985273
    vertex 8.75 2.653817336751466 -52.25476526506861
    vertex 8.75 0 -53.76297041043173
  endloop
endfacet
facet normal 1 0 0
  outer loop
    vertex 8.75 2.653817336751466 -55.37328005985273
    vertex 8.75 5.307634673502932 -53.86507491448961
    vertex 8.75 2.653817336751466 -52.25476526506861
  endloop
endfacet
facet normal 1 0 0
  outer loop
    vertex 8.75 0 -53.76297041043173
    vertex 8.75 2.653817336751466 -52.25476526506861
    vertex 8.75 0 -50.6444556156476
  endloop
endfacet
facet normal 1 -0 0
  outer loop
    vertex 8.75 0 -44.40742602607934
    vertex 8.75 2.420769060269501 -46.5245322802567
    vertex 8.75 2.782995710769979 -44.2037282488149
  endloop
endfacet
facet normal 1 0 0
  outer loop
    vertex 8.75 2.420769060269501 -46.5245322802567
    vertex 8.75 5.180790992334822 -46.14825542504938
    vertex 8.75 2.782995710769979 -44.2037282488149
  endloop
endfacet
facet normal 1 -0 0
  outer loop
    vertex 8.75 2.420769060269501 -46.5245322802567
    vertex 8.75 4.841538120539002 -48.64163853443406
    vertex 8.75 5.180790992334822 -46.14825542504938
  endloop
endfacet
facet normal 1 -0 0
  outer loop
    vertex 8.75 2.782995710769979 -44.2037282488149
    vertex 8.75 5.180790992334822 -46.14825542504938
    vertex 8.75 5.520043864130642 -43.65487231566471
  endloop
endfacet
facet normal 1 0 0
  outer loop
    vertex 8.75 5.520043864130648 -76.3451276843353
    vertex 8.75 5.180790992334828 -73.85174457495062
    vertex 8.75 2.782995710769989 -75.7962717511851
  endloop
endfacet
facet normal 1 0 0
  outer loop
    vertex 8.75 5.180790992334828 -73.85174457495062
    vertex 8.75 2.420769060269504 -73.47546771974329
    vertex 8.75 2.782995710769989 -75.7962717511851
  endloop
endfacet
facet normal 1 0 0
  outer loop
    vertex 8.75 5.180790992334828 -73.85174457495062
    vertex 8.75 4.841538120539008 -71.35836146556593
    vertex 8.75 2.420769060269504 -73.47546771974329
  endloop
endfacet
facet normal 1 0 0
  outer loop
    vertex 8.75 2.782995710769989 -75.7962717511851
    vertex 8.75 2.420769060269504 -73.47546771974329
    vertex 8.75 0 -75.59257397392065
  endloop
endfacet
facet normal 1 0 0
  outer loop
    vertex 8.75 0 -75.59257397392065
    vertex 8.75 2.420769060269504 -73.47546771974329
    vertex 8.75 0 -72.47405917913653
  endloop
endfacet
facet normal 1 0 -0
  outer loop
    vertex 8.75 2.420769060269504 -73.47546771974329
    vertex 8.75 2.420769060269504 -70.35695292495917
    vertex 8.75 0 -72.47405917913653
  endloop
endfacet
facet normal 1 0 0
  outer loop
    vertex 8.75 2.420769060269504 -73.47546771974329
    vertex 8.75 4.841538120539008 -71.35836146556593
    vertex 8.75 2.420769060269504 -70.35695292495917
  endloop
endfacet
facet normal 1 0 0
  outer loop
    vertex 8.75 0 -72.47405917913653
    vertex 8.75 2.420769060269504 -70.35695292495917
    vertex 8.75 0 -69.35554438435241
  endloop
endfacet
facet normal 1 0 0
  outer loop
    vertex 8.75 0 -50.6444556156476
    vertex 8.75 2.420769060269501 -49.64304707504083
    vertex 8.75 0 -47.52594082086348
  endloop
endfacet
facet normal 1 0 -0
  outer loop
    vertex 8.75 2.420769060269501 -49.64304707504083
    vertex 8.75 2.420769060269501 -46.5245322802567
    vertex 8.75 0 -47.52594082086348
  endloop
endfacet
facet normal 1 0 0
  outer loop
    vertex 8.75 2.420769060269501 -49.64304707504083
    vertex 8.75 4.841538120539002 -48.64163853443406
    vertex 8.75 2.420769060269501 -46.5245322802567
  endloop
endfacet
facet normal 1 0 0
  outer loop
    vertex 8.75 0 -47.52594082086348
    vertex 8.75 2.420769060269501 -46.5245322802567
    vertex 8.75 0 -44.40742602607934
  endloop
endfacet
facet normal 1 0 0
  outer loop
    vertex 8.75 20 -57.0214403897802
    vertex 8.75 17.44983443781546 -58.51072019489009
    vertex 8.75 20 -60
  endloop
endfacet
facet normal 1 0 0
  outer loop
    vertex 8.75 17.44983443781546 -58.51072019489009
    vertex 8.75 17.44983443781546 -61.48927980510989
    vertex 8.75 20 -60
  endloop
endfacet
facet normal 1 0 0
  outer loop
    vertex 8.75 17.44983443781546 -58.51072019489009
    vertex 8.75 14.89966887563093 -59.99999999999999
    vertex 8.75 17.44983443781546 -61.48927980510989
  endloop
endfacet
facet normal 1 0 0
  outer loop
    vertex 8.75 20 -60
    vertex 8.75 17.44983443781546 -61.48927980510989
    vertex 8.75 20 -62.9785596102198
  endloop
endfacet
facet normal 1 -0 0
  outer loop
    vertex 8.75 0 -56.88148520521586
    vertex 8.75 2.649231967541501 -58.44074260260793
    vertex 8.75 2.653817336751466 -55.37328005985273
  endloop
endfacet
facet normal 1 0 0
  outer loop
    vertex 8.75 2.649231967541501 -58.44074260260793
    vertex 8.75 5.303049304292967 -56.93253745724481
    vertex 8.75 2.653817336751466 -55.37328005985273
  endloop
endfacet
facet normal 1 -0 0
  outer loop
    vertex 8.75 2.649231967541501 -58.44074260260793
    vertex 8.75 5.298463935083003 -59.99999999999999
    vertex 8.75 5.303049304292967 -56.93253745724481
  endloop
endfacet
facet normal 1 -0 0
  outer loop
    vertex 8.75 2.653817336751466 -55.37328005985273
    vertex 8.75 5.303049304292967 -56.93253745724481
    vertex 8.75 5.307634673502932 -53.86507491448961
  endloop
endfacet
facet normal 1 0 0
  outer loop
    vertex 8.75 5.30763467350293 -66.13492508551039
    vertex 8.75 5.303049304292967 -63.06746254275519
    vertex 8.75 2.653817336751465 -64.62671994014725
  endloop
endfacet
facet normal 1 0 0
  outer loop
    vertex 8.75 5.303049304292967 -63.06746254275519
    vertex 8.75 2.649231967541501 -61.55925739739206
    vertex 8.75 2.653817336751465 -64.62671994014725
  endloop
endfacet
facet normal 1 0 0
  outer loop
    vertex 8.75 5.303049304292967 -63.06746254275519
    vertex 8.75 5.298463935083003 -59.99999999999999
    vertex 8.75 2.649231967541501 -61.55925739739206
  endloop
endfacet
facet normal 1 0 0
  outer loop
    vertex 8.75 2.653817336751465 -64.62671994014725
    vertex 8.75 2.649231967541501 -61.55925739739206
    vertex 8.75 0 -63.11851479478413
  endloop
endfacet
facet normal 1 0 0
  outer loop
    vertex 8.75 20 -51.06432116934059
    vertex 8.75 17.51298687370781 -52.65936907086066
    vertex 8.75 20 -54.04288077956039
  endloop
endfacet
facet normal 1 0 0
  outer loop
    vertex 8.75 17.51298687370781 -52.65936907086066
    vertex 8.75 17.51298687370781 -55.63792868108046
    vertex 8.75 20 -54.04288077956039
  endloop
endfacet
facet normal 1 0 0
  outer loop
    vertex 8.75 17.51298687370781 -52.65936907086066
    vertex 8.75 15.02597374741561 -54.25441697238072
    vertex 8.75 17.51298687370781 -55.63792868108046
  endloop
endfacet
facet normal 1 0 0
  outer loop
    vertex 8.75 20 -54.04288077956039
    vertex 8.75 17.51298687370781 -55.63792868108046
    vertex 8.75 20 -57.0214403897802
  endloop
endfacet
facet normal 1 0 0
  outer loop
    vertex 8.75 20 -62.9785596102198
    vertex 8.75 17.51298687370781 -64.36207131891953
    vertex 8.75 20 -65.95711922043961
  endloop
endfacet
facet normal 1 0 0
  outer loop
    vertex 8.75 17.51298687370781 -64.36207131891953
    vertex 8.75 17.51298687370781 -67.34063092913934
    vertex 8.75 20 -65.95711922043961
  endloop
endfacet
facet normal 1 0 0
  outer loop
    vertex 8.75 17.51298687370781 -64.36207131891953
    vertex 8.75 15.02597374741561 -65.74558302761926
    vertex 8.75 17.51298687370781 -67.34063092913934
  endloop
endfacet
facet normal 1 0 0
  outer loop
    vertex 8.75 20 -65.95711922043961
    vertex 8.75 17.51298687370781 -67.34063092913934
    vertex 8.75 20 -68.9356788306594
  endloop
endfacet
facet normal 1 0 0
  outer loop
    vertex 8.75 20 -68.9356788306594
    vertex 8.75 17.51298687370781 -67.34063092913934
    vertex 8.75 17.56716236126876 -70.10000953127081
  endloop
endfacet
facet normal 1 0 0
  outer loop
    vertex 8.75 17.51298687370781 -67.34063092913934
    vertex 8.75 15.08014923497657 -68.50496162975075
    vertex 8.75 17.56716236126876 -70.10000953127081
  endloop
endfacet
facet normal 1 0 0
  outer loop
    vertex 8.75 17.51298687370781 -67.34063092913934
    vertex 8.75 15.02597374741561 -65.74558302761926
    vertex 8.75 15.08014923497657 -68.50496162975075
  endloop
endfacet
facet normal 1 0 0
  outer loop
    vertex 8.75 17.56716236126876 -70.10000953127081
    vertex 8.75 15.08014923497657 -68.50496162975075
    vertex 8.75 15.13432472253752 -71.26434023188224
  endloop
endfacet
facet normal 1 0 0
  outer loop
    vertex 8.75 15.13432472253752 -48.73565976811776
    vertex 8.75 15.08014923497657 -51.49503837024924
    vertex 8.75 17.56716236126876 -49.89999046872917
  endloop
endfacet
facet normal 1 -0 0
  outer loop
    vertex 8.75 15.08014923497657 -51.49503837024924
    vertex 8.75 17.51298687370781 -52.65936907086066
    vertex 8.75 17.56716236126876 -49.89999046872917
  endloop
endfacet
facet normal 1 0 0
  outer loop
    vertex 8.75 15.08014923497657 -51.49503837024924
    vertex 8.75 15.02597374741561 -54.25441697238072
    vertex 8.75 17.51298687370781 -52.65936907086066
  endloop
endfacet
facet normal 1 0 0
  outer loop
    vertex 8.75 17.56716236126876 -49.89999046872917
    vertex 8.75 17.51298687370781 -52.65936907086066
    vertex 8.75 20 -51.06432116934059
  endloop
endfacet
facet normal 1 0 0
  outer loop
    vertex 8.75 14.89966887563093 -59.99999999999999
    vertex 8.75 14.96282131152327 -62.87279151380963
    vertex 8.75 17.44983443781546 -61.48927980510989
  endloop
endfacet
facet normal 1 -0 0
  outer loop
    vertex 8.75 14.96282131152327 -62.87279151380963
    vertex 8.75 17.51298687370781 -64.36207131891953
    vertex 8.75 17.44983443781546 -61.48927980510989
  endloop
endfacet
facet normal 1 0 0
  outer loop
    vertex 8.75 14.96282131152327 -62.87279151380963
    vertex 8.75 15.02597374741561 -65.74558302761926
    vertex 8.75 17.51298687370781 -64.36207131891953
  endloop
endfacet
facet normal 1 0 0
  outer loop
    vertex 8.75 17.44983443781546 -61.48927980510989
    vertex 8.75 17.51298687370781 -64.36207131891953
    vertex 8.75 20 -62.9785596102198
  endloop
endfacet
facet normal 1 0 0
  outer loop
    vertex 8.75 20 -57.0214403897802
    vertex 8.75 17.51298687370781 -55.63792868108046
    vertex 8.75 17.44983443781546 -58.51072019489009
  endloop
endfacet
facet normal 1 0 0
  outer loop
    vertex 8.75 17.51298687370781 -55.63792868108046
    vertex 8.75 14.96282131152327 -57.12720848619036
    vertex 8.75 17.44983443781546 -58.51072019489009
  endloop
endfacet
facet normal 1 0 0
  outer loop
    vertex 8.75 17.51298687370781 -55.63792868108046
    vertex 8.75 15.02597374741561 -54.25441697238072
    vertex 8.75 14.96282131152327 -57.12720848619036
  endloop
endfacet
facet normal 1 0 0
  outer loop
    vertex 8.75 17.44983443781546 -58.51072019489009
    vertex 8.75 14.96282131152327 -57.12720848619036
    vertex 8.75 14.89966887563093 -59.99999999999999
  endloop
endfacet
facet normal 1 0 0
  outer loop
    vertex 8.75 10.09182527553314 -57.09251981857172
    vertex 8.75 10.09437087237736 -60.01256158412832
    vertex 8.75 12.49574707558203 -58.54625990928586
  endloop
endfacet
facet normal 1 -0 0
  outer loop
    vertex 8.75 10.09437087237736 -60.01256158412832
    vertex 8.75 12.49829267242625 -61.46630167484246
    vertex 8.75 12.49574707558203 -58.54625990928586
  endloop
endfacet
facet normal 1 0 0
  outer loop
    vertex 8.75 10.09437087237736 -60.01256158412832
    vertex 8.75 10.09691646922157 -62.93260334968492
    vertex 8.75 12.49829267242625 -61.46630167484246
  endloop
endfacet
facet normal 1 0 0
  outer loop
    vertex 8.75 12.49574707558203 -58.54625990928586
    vertex 8.75 12.49829267242625 -61.46630167484246
    vertex 8.75 14.89966887563093 -59.99999999999999
  endloop
endfacet
facet normal 1 -0 0
  outer loop
    vertex 8.75 5.298463935083003 -59.99999999999999
    vertex 8.75 7.697690202152288 -61.46630167484246
    vertex 8.75 7.695144605308071 -58.54625990928586
  endloop
endfacet
facet normal 1 0 -0
  outer loop
    vertex 8.75 7.697690202152288 -61.46630167484246
    vertex 8.75 10.09437087237736 -60.01256158412832
    vertex 8.75 7.695144605308071 -58.54625990928586
  endloop
endfacet
facet normal 1 -0 0
  outer loop
    vertex 8.75 7.697690202152288 -61.46630167484246
    vertex 8.75 10.09691646922157 -62.93260334968492
    vertex 8.75 10.09437087237736 -60.01256158412832
  endloop
endfacet
facet normal 1 -0 0
  outer loop
    vertex 8.75 7.695144605308071 -58.54625990928586
    vertex 8.75 10.09437087237736 -60.01256158412832
    vertex 8.75 10.09182527553314 -57.09251981857172
  endloop
endfacet
facet normal 1 0 -0
  outer loop
    vertex 8.75 5.30763467350293 -66.13492508551039
    vertex 8.75 7.702275571362252 -64.53376421759765
    vertex 8.75 5.303049304292967 -63.06746254275519
  endloop
endfacet
facet normal 1 0 0
  outer loop
    vertex 8.75 7.702275571362252 -64.53376421759765
    vertex 8.75 7.697690202152288 -61.46630167484246
    vertex 8.75 5.303049304292967 -63.06746254275519
  endloop
endfacet
facet normal 1 0 -0
  outer loop
    vertex 8.75 7.702275571362252 -64.53376421759765
    vertex 8.75 10.09691646922157 -62.93260334968492
    vertex 8.75 7.697690202152288 -61.46630167484246
  endloop
endfacet
facet normal 1 0 -0
  outer loop
    vertex 8.75 5.303049304292967 -63.06746254275519
    vertex 8.75 7.697690202152288 -61.46630167484246
    vertex 8.75 5.298463935083003 -59.99999999999999
  endloop
endfacet
facet normal 1 0 0
  outer loop
    vertex 8.75 5.298463935083003 -59.99999999999999
    vertex 8.75 7.695144605308071 -58.54625990928586
    vertex 8.75 5.303049304292967 -56.93253745724481
  endloop
endfacet
facet normal 1 0 -0
  outer loop
    vertex 8.75 7.695144605308071 -58.54625990928586
    vertex 8.75 7.699729974518036 -55.47879736653067
    vertex 8.75 5.303049304292967 -56.93253745724481
  endloop
endfacet
facet normal 1 0 0
  outer loop
    vertex 8.75 7.695144605308071 -58.54625990928586
    vertex 8.75 10.09182527553314 -57.09251981857172
    vertex 8.75 7.699729974518036 -55.47879736653067
  endloop
endfacet
facet normal 1 0 0
  outer loop
    vertex 8.75 5.303049304292967 -56.93253745724481
    vertex 8.75 7.699729974518036 -55.47879736653067
    vertex 8.75 5.307634673502932 -53.86507491448961
  endloop
endfacet
facet normal 1 -0 0
  outer loop
    vertex 8.75 0 -69.35554438435241
    vertex 8.75 2.420769060269504 -70.35695292495917
    vertex 8.75 2.653817336751465 -67.7452347349314
  endloop
endfacet
facet normal 1 0 0
  outer loop
    vertex 8.75 2.420769060269504 -70.35695292495917
    vertex 8.75 5.074586397020969 -68.74664327553816
    vertex 8.75 2.653817336751465 -67.7452347349314
  endloop
endfacet
facet normal 1 -0 0
  outer loop
    vertex 8.75 2.420769060269504 -70.35695292495917
    vertex 8.75 4.841538120539008 -71.35836146556593
    vertex 8.75 5.074586397020969 -68.74664327553816
  endloop
endfacet
facet normal 1 -0 0
  outer loop
    vertex 8.75 2.653817336751465 -67.7452347349314
    vertex 8.75 5.074586397020969 -68.74664327553816
    vertex 8.75 5.30763467350293 -66.13492508551039
  endloop
endfacet
facet normal 1 0 0
  outer loop
    vertex 8.75 5.307634673502932 -53.86507491448961
    vertex 8.75 5.074586397020967 -51.25335672446184
    vertex 8.75 2.653817336751466 -52.25476526506861
  endloop
endfacet
facet normal 1 0 0
  outer loop
    vertex 8.75 5.074586397020967 -51.25335672446184
    vertex 8.75 2.420769060269501 -49.64304707504083
    vertex 8.75 2.653817336751466 -52.25476526506861
  endloop
endfacet
facet normal 1 0 0
  outer loop
    vertex 8.75 5.074586397020967 -51.25335672446184
    vertex 8.75 4.841538120539002 -48.64163853443406
    vertex 8.75 2.420769060269501 -49.64304707504083
  endloop
endfacet
facet normal 1 0 0
  outer loop
    vertex 8.75 2.653817336751466 -52.25476526506861
    vertex 8.75 2.420769060269501 -49.64304707504083
    vertex 8.75 0 -50.6444556156476
  endloop
endfacet
facet normal 1 -0 0
  outer loop
    vertex 8.75 4.841538120539002 -48.64163853443406
    vertex 8.75 7.45716387915699 -50.23261691813202
    vertex 8.75 7.502020337295432 -47.54820884102779
  endloop
endfacet
facet normal 1 0 0
  outer loop
    vertex 8.75 7.45716387915699 -50.23261691813202
    vertex 8.75 10.11764609591342 -49.13918722472575
    vertex 8.75 7.502020337295432 -47.54820884102779
  endloop
endfacet
facet normal 1 -0 0
  outer loop
    vertex 8.75 7.45716387915699 -50.23261691813202
    vertex 8.75 10.07278963777498 -51.82359530182998
    vertex 8.75 10.11764609591342 -49.13918722472575
  endloop
endfacet
facet normal 1 -0 0
  outer loop
    vertex 8.75 7.502020337295432 -47.54820884102779
    vertex 8.75 10.11764609591342 -49.13918722472575
    vertex 8.75 10.16250255405186 -46.45477914762152
  endloop
endfacet
facet normal 1 0 0
  outer loop
    vertex 8.75 10.16250255405187 -73.54522085237848
    vertex 8.75 10.11764609591342 -70.86081277527424
    vertex 8.75 7.502020337295438 -72.45179115897221
  endloop
endfacet
facet normal 1 0 0
  outer loop
    vertex 8.75 10.11764609591342 -70.86081277527424
    vertex 8.75 7.457163879156992 -69.76738308186798
    vertex 8.75 7.502020337295438 -72.45179115897221
  endloop
endfacet
facet normal 1 0 0
  outer loop
    vertex 8.75 10.11764609591342 -70.86081277527424
    vertex 8.75 10.07278963777498 -68.17640469817002
    vertex 8.75 7.457163879156992 -69.76738308186798
  endloop
endfacet
facet normal 1 0 0
  outer loop
    vertex 8.75 7.502020337295438 -72.45179115897221
    vertex 8.75 7.457163879156992 -69.76738308186798
    vertex 8.75 4.841538120539008 -71.35836146556593
  endloop
endfacet
facet normal 1 0 0
  outer loop
    vertex 8.75 15.02597374741561 -54.25441697238072
    vertex 8.75 12.55889951147438 -55.67346839547623
    vertex 8.75 14.96282131152327 -57.12720848619036
  endloop
endfacet
facet normal 1 0 0
  outer loop
    vertex 8.75 12.55889951147438 -55.67346839547623
    vertex 8.75 12.49574707558203 -58.54625990928586
    vertex 8.75 14.96282131152327 -57.12720848619036
  endloop
endfacet
facet normal 1 0 0
  outer loop
    vertex 8.75 12.55889951147438 -55.67346839547623
    vertex 8.75 10.09182527553314 -57.09251981857172
    vertex 8.75 12.49574707558203 -58.54625990928586
  endloop
endfacet
facet normal 1 0 0
  outer loop
    vertex 8.75 14.96282131152327 -57.12720848619036
    vertex 8.75 12.49574707558203 -58.54625990928586
    vertex 8.75 14.89966887563093 -59.99999999999999
  endloop
endfacet
facet normal 1 0 0
  outer loop
    vertex 8.75 14.89966887563093 -59.99999999999999
    vertex 8.75 12.49829267242625 -61.46630167484246
    vertex 8.75 14.96282131152327 -62.87279151380963
  endloop
endfacet
facet normal 1 0 0
  outer loop
    vertex 8.75 12.49829267242625 -61.46630167484246
    vertex 8.75 12.56144510831859 -64.33909318865209
    vertex 8.75 14.96282131152327 -62.87279151380963
  endloop
endfacet
facet normal 1 0 0
  outer loop
    vertex 8.75 12.49829267242625 -61.46630167484246
    vertex 8.75 10.09691646922157 -62.93260334968492
    vertex 8.75 12.56144510831859 -64.33909318865209
  endloop
endfacet
facet normal 1 0 0
  outer loop
    vertex 8.75 14.96282131152327 -62.87279151380963
    vertex 8.75 12.56144510831859 -64.33909318865209
    vertex 8.75 15.02597374741561 -65.74558302761926
  endloop
endfacet
facet normal 1 0 0
  outer loop
    vertex 8.75 15.13432472253752 -71.26434023188224
    vertex 8.75 12.60355718015625 -69.72037246502612
    vertex 8.75 12.6484136382947 -72.40478054213037
  endloop
endfacet
facet normal 1 0 0
  outer loop
    vertex 8.75 12.60355718015625 -69.72037246502612
    vertex 8.75 10.11764609591342 -70.86081277527424
    vertex 8.75 12.6484136382947 -72.40478054213037
  endloop
endfacet
facet normal 1 0 0
  outer loop
    vertex 8.75 12.60355718015625 -69.72037246502612
    vertex 8.75 10.07278963777498 -68.17640469817002
    vertex 8.75 10.11764609591342 -70.86081277527424
  endloop
endfacet
facet normal 1 0 0
  outer loop
    vertex 8.75 12.6484136382947 -72.40478054213037
    vertex 8.75 10.11764609591342 -70.86081277527424
    vertex 8.75 10.16250255405187 -73.54522085237848
  endloop
endfacet
facet normal 1 0 0
  outer loop
    vertex 8.75 10.16250255405186 -46.45477914762152
    vertex 8.75 10.11764609591342 -49.13918722472575
    vertex 8.75 12.64841363829469 -47.59521945786963
  endloop
endfacet
facet normal 1 -0 0
  outer loop
    vertex 8.75 10.11764609591342 -49.13918722472575
    vertex 8.75 12.60355718015625 -50.27962753497386
    vertex 8.75 12.64841363829469 -47.59521945786963
  endloop
endfacet
facet normal 1 0 0
  outer loop
    vertex 8.75 10.11764609591342 -49.13918722472575
    vertex 8.75 10.07278963777498 -51.82359530182998
    vertex 8.75 12.60355718015625 -50.27962753497386
  endloop
endfacet
facet normal 1 0 0
  outer loop
    vertex 8.75 12.64841363829469 -47.59521945786963
    vertex 8.75 12.60355718015625 -50.27962753497386
    vertex 8.75 15.13432472253752 -48.73565976811776
  endloop
endfacet
facet normal 1 0 0
  outer loop
    vertex 8.75 4.841538120539008 -71.35836146556593
    vertex 8.75 7.457163879156992 -69.76738308186798
    vertex 8.75 5.074586397020969 -68.74664327553816
  endloop
endfacet
facet normal 1 0 -0
  outer loop
    vertex 8.75 7.457163879156992 -69.76738308186798
    vertex 8.75 7.690212155638953 -67.1556648918402
    vertex 8.75 5.074586397020969 -68.74664327553816
  endloop
endfacet
facet normal 1 0 0
  outer loop
    vertex 8.75 7.457163879156992 -69.76738308186798
    vertex 8.75 10.07278963777498 -68.17640469817002
    vertex 8.75 7.690212155638953 -67.1556648918402
  endloop
endfacet
facet normal 1 0 0
  outer loop
    vertex 8.75 5.074586397020969 -68.74664327553816
    vertex 8.75 7.690212155638953 -67.1556648918402
    vertex 8.75 5.30763467350293 -66.13492508551039
  endloop
endfacet
facet normal 1 0 -0
  outer loop
    vertex 8.75 5.307634673502932 -53.86507491448961
    vertex 8.75 7.690212155638956 -52.8443351081598
    vertex 8.75 5.074586397020967 -51.25335672446184
  endloop
endfacet
facet normal 1 0 0
  outer loop
    vertex 8.75 7.690212155638956 -52.8443351081598
    vertex 8.75 7.45716387915699 -50.23261691813202
    vertex 8.75 5.074586397020967 -51.25335672446184
  endloop
endfacet
facet normal 1 0 -0
  outer loop
    vertex 8.75 7.690212155638956 -52.8443351081598
    vertex 8.75 10.07278963777498 -51.82359530182998
    vertex 8.75 7.45716387915699 -50.23261691813202
  endloop
endfacet
facet normal 1 0 -0
  outer loop
    vertex 8.75 5.074586397020967 -51.25335672446184
    vertex 8.75 7.45716387915699 -50.23261691813202
    vertex 8.75 4.841538120539002 -48.64163853443406
  endloop
endfacet
facet normal 1 0 0
  outer loop
    vertex 8.75 10.09691646922157 -62.93260334968492
    vertex 8.75 10.08485305349827 -65.55450402392746
    vertex 8.75 12.56144510831859 -64.33909318865209
  endloop
endfacet
facet normal 1 -0 0
  outer loop
    vertex 8.75 10.08485305349827 -65.55450402392746
    vertex 8.75 12.5493816925953 -66.96099386289464
    vertex 8.75 12.56144510831859 -64.33909318865209
  endloop
endfacet
facet normal 1 0 0
  outer loop
    vertex 8.75 10.08485305349827 -65.55450402392746
    vertex 8.75 10.07278963777498 -68.17640469817002
    vertex 8.75 12.5493816925953 -66.96099386289464
  endloop
endfacet
facet normal 1 0 0
  outer loop
    vertex 8.75 12.56144510831859 -64.33909318865209
    vertex 8.75 12.5493816925953 -66.96099386289464
    vertex 8.75 15.02597374741561 -65.74558302761926
  endloop
endfacet
facet normal 1 0 0
  outer loop
    vertex 8.75 15.02597374741561 -54.25441697238072
    vertex 8.75 12.5493816925953 -53.03900613710535
    vertex 8.75 12.55889951147438 -55.67346839547623
  endloop
endfacet
facet normal 1 0 0
  outer loop
    vertex 8.75 12.5493816925953 -53.03900613710535
    vertex 8.75 10.08230745665406 -54.45805756020085
    vertex 8.75 12.55889951147438 -55.67346839547623
  endloop
endfacet
facet normal 1 0 0
  outer loop
    vertex 8.75 12.5493816925953 -53.03900613710535
    vertex 8.75 10.07278963777498 -51.82359530182998
    vertex 8.75 10.08230745665406 -54.45805756020085
  endloop
endfacet
facet normal 1 0 0
  outer loop
    vertex 8.75 12.55889951147438 -55.67346839547623
    vertex 8.75 10.08230745665406 -54.45805756020085
    vertex 8.75 10.09182527553314 -57.09251981857172
  endloop
endfacet
facet normal 1 0 0
  outer loop
    vertex 8.75 15.13432472253752 -48.73565976811776
    vertex 8.75 12.60355718015625 -50.27962753497386
    vertex 8.75 15.08014923497657 -51.49503837024924
  endloop
endfacet
facet normal 1 0 0
  outer loop
    vertex 8.75 12.60355718015625 -50.27962753497386
    vertex 8.75 12.5493816925953 -53.03900613710535
    vertex 8.75 15.08014923497657 -51.49503837024924
  endloop
endfacet
facet normal 1 0 0
  outer loop
    vertex 8.75 12.60355718015625 -50.27962753497386
    vertex 8.75 10.07278963777498 -51.82359530182998
    vertex 8.75 12.5493816925953 -53.03900613710535
  endloop
endfacet
facet normal 1 0 0
  outer loop
    vertex 8.75 15.08014923497657 -51.49503837024924
    vertex 8.75 12.5493816925953 -53.03900613710535
    vertex 8.75 15.02597374741561 -54.25441697238072
  endloop
endfacet
facet normal 1 0 0
  outer loop
    vertex 8.75 15.02597374741561 -65.74558302761926
    vertex 8.75 12.5493816925953 -66.96099386289464
    vertex 8.75 15.08014923497657 -68.50496162975075
  endloop
endfacet
facet normal 1 0 0
  outer loop
    vertex 8.75 12.5493816925953 -66.96099386289464
    vertex 8.75 12.60355718015625 -69.72037246502612
    vertex 8.75 15.08014923497657 -68.50496162975075
  endloop
endfacet
facet normal 1 0 0
  outer loop
    vertex 8.75 12.5493816925953 -66.96099386289464
    vertex 8.75 10.07278963777498 -68.17640469817002
    vertex 8.75 12.60355718015625 -69.72037246502612
  endloop
endfacet
facet normal 1 0 0
  outer loop
    vertex 8.75 15.08014923497657 -68.50496162975075
    vertex 8.75 12.60355718015625 -69.72037246502612
    vertex 8.75 15.13432472253752 -71.26434023188224
  endloop
endfacet
facet normal 1 0 0
  outer loop
    vertex 8.75 10.16250255405187 -73.54522085237848
    vertex 8.75 7.502020337295438 -72.45179115897221
    vertex 8.75 7.841273209091257 -74.94517426835689
  endloop
endfacet
facet normal 1 0 0
  outer loop
    vertex 8.75 7.502020337295438 -72.45179115897221
    vertex 8.75 5.180790992334828 -73.85174457495062
    vertex 8.75 7.841273209091257 -74.94517426835689
  endloop
endfacet
facet normal 1 0 0
  outer loop
    vertex 8.75 7.502020337295438 -72.45179115897221
    vertex 8.75 4.841538120539008 -71.35836146556593
    vertex 8.75 5.180790992334828 -73.85174457495062
  endloop
endfacet
facet normal 1 0 0
  outer loop
    vertex 8.75 7.841273209091257 -74.94517426835689
    vertex 8.75 5.180790992334828 -73.85174457495062
    vertex 8.75 5.520043864130648 -76.3451276843353
  endloop
endfacet
facet normal 1 0 0
  outer loop
    vertex 8.75 5.520043864130642 -43.65487231566471
    vertex 8.75 5.180790992334822 -46.14825542504938
    vertex 8.75 7.841273209091252 -45.05482573164311
  endloop
endfacet
facet normal 1 -0 0
  outer loop
    vertex 8.75 5.180790992334822 -46.14825542504938
    vertex 8.75 7.502020337295432 -47.54820884102779
    vertex 8.75 7.841273209091252 -45.05482573164311
  endloop
endfacet
facet normal 1 0 0
  outer loop
    vertex 8.75 5.180790992334822 -46.14825542504938
    vertex 8.75 4.841538120539002 -48.64163853443406
    vertex 8.75 7.502020337295432 -47.54820884102779
  endloop
endfacet
facet normal 1 0 0
  outer loop
    vertex 8.75 7.841273209091252 -45.05482573164311
    vertex 8.75 7.502020337295432 -47.54820884102779
    vertex 8.75 10.16250255405186 -46.45477914762152
  endloop
endfacet
facet normal 1 0 0
  outer loop
    vertex 8.75 10.09182527553314 -57.09251981857172
    vertex 8.75 10.08230745665406 -54.45805756020085
    vertex 8.75 7.699729974518036 -55.47879736653067
  endloop
endfacet
facet normal 1 0 0
  outer loop
    vertex 8.75 10.08230745665406 -54.45805756020085
    vertex 8.75 7.690212155638956 -52.8443351081598
    vertex 8.75 7.699729974518036 -55.47879736653067
  endloop
endfacet
facet normal 1 0 0
  outer loop
    vertex 8.75 10.08230745665406 -54.45805756020085
    vertex 8.75 10.07278963777498 -51.82359530182998
    vertex 8.75 7.690212155638956 -52.8443351081598
  endloop
endfacet
facet normal 1 0 0
  outer loop
    vertex 8.75 7.699729974518036 -55.47879736653067
    vertex 8.75 7.690212155638956 -52.8443351081598
    vertex 8.75 5.307634673502932 -53.86507491448961
  endloop
endfacet
facet normal 1 -0 0
  outer loop
    vertex 8.75 5.30763467350293 -66.13492508551039
    vertex 8.75 7.690212155638953 -67.1556648918402
    vertex 8.75 7.702275571362252 -64.53376421759765
  endloop
endfacet
facet normal 1 0 0
  outer loop
    vertex 8.75 7.690212155638953 -67.1556648918402
    vertex 8.75 10.08485305349827 -65.55450402392746
    vertex 8.75 7.702275571362252 -64.53376421759765
  endloop
endfacet
facet normal 1 -0 0
  outer loop
    vertex 8.75 7.690212155638953 -67.1556648918402
    vertex 8.75 10.07278963777498 -68.17640469817002
    vertex 8.75 10.08485305349827 -65.55450402392746
  endloop
endfacet
facet normal 1 -0 0
  outer loop
    vertex 8.75 7.702275571362252 -64.53376421759765
    vertex 8.75 10.08485305349827 -65.55450402392746
    vertex 8.75 10.09691646922157 -62.93260334968492
  endloop
endfacet
facet normal 1 0 0
  outer loop
    vertex 8.75 10.84085401522702 -41.66389999646231
    vertex 8.75 10.84085401522702 -41.81382660745138
    vertex 8.75 13.13064051142026 -42.52472548457198
  endloop
endfacet
facet normal 1 0 0
  outer loop
    vertex 8.75 10.84085401522702 -41.81382660745138
    vertex 8.75 13.13064051142026 -42.67465179556104
    vertex 8.75 13.13064051142026 -42.52472548457198
  endloop
endfacet
facet normal 1 0 0
  outer loop
    vertex 8.75 10.84085401522702 -41.81382660745138
    vertex 8.75 10.84085401522702 -41.96375261844044
    vertex 8.75 13.13064051142026 -42.67465179556104
  endloop
endfacet
facet normal 1 0 0
  outer loop
    vertex 8.75 13.13064051142026 -42.52472548457198
    vertex 8.75 13.13064051142026 -42.67465179556104
    vertex 8.75 15.4204270076135 -43.38555097268164
  endloop
endfacet
facet normal 1 0 0
  outer loop
    vertex 8.75 10.84085401522702 -78.33610000353768
    vertex 8.75 13.13064051142027 -77.47527451542801
    vertex 8.75 10.84085401522702 -78.18617369254862
  endloop
endfacet
facet normal 1 0 0
  outer loop
    vertex 8.75 13.13064051142027 -77.47527451542801
    vertex 8.75 13.13064051142027 -77.32534820443895
    vertex 8.75 10.84085401522702 -78.18617369254862
  endloop
endfacet
facet normal 1 0 -0
  outer loop
    vertex 8.75 13.13064051142027 -77.47527451542801
    vertex 8.75 15.42042700761352 -76.61444902731836
    vertex 8.75 13.13064051142027 -77.32534820443895
  endloop
endfacet
facet normal 1 0 0
  outer loop
    vertex 8.75 10.84085401522702 -78.18617369254862
    vertex 8.75 13.13064051142027 -77.32534820443895
    vertex 8.75 10.84085401522702 -78.03624738155956
  endloop
endfacet
facet normal 3.04411e-15 0.351896 -0.936039
  outer loop
    vertex -8.75 20 -34.89279805109902
    vertex -6.931101924287328 17.95643674466031 -35.66105803502562
    vertex -8.75 17.71021350380676 -35.75362353920869
  endloop
endfacet
facet normal 3.06906e-15 0.351896 -0.936039
  outer loop
    vertex -6.931101924287328 17.95643674466031 -35.66105803502562
    vertex -6.931101924287328 15.66665024846707 -36.52188352313529
    vertex -8.75 17.71021350380676 -35.75362353920869
  endloop
endfacet
facet normal -5.98842e-16 0.351896 -0.936039
  outer loop
    vertex -6.931101924287328 17.95643674466031 -35.66105803502562
    vertex -5.112203848574655 15.91287348932062 -36.42931801895222
    vertex -6.931101924287328 15.66665024846707 -36.52188352313529
  endloop
endfacet
facet normal -4.99035e-16 0.351896 -0.936039
  outer loop
    vertex -8.75 17.71021350380676 -35.75362353920869
    vertex -6.931101924287328 15.66665024846707 -36.52188352313529
    vertex -8.75 15.42042700761352 -36.61444902731835
  endloop
endfacet
facet normal 4.99035e-16 0.351896 -0.936039
  outer loop
    vertex 8.75 15.42042700761352 -36.61444902731835
    vertex 6.931101924287324 15.66665024846707 -36.52188352313529
    vertex 8.75 17.71021350380676 -35.75362353920869
  endloop
endfacet
facet normal -3.04411e-15 0.351896 -0.936039
  outer loop
    vertex 6.931101924287324 15.66665024846707 -36.52188352313529
    vertex 6.931101924287324 17.95643674466031 -35.66105803502562
    vertex 8.75 17.71021350380676 -35.75362353920869
  endloop
endfacet
facet normal 9.29452e-16 0.351896 -0.936039
  outer loop
    vertex 6.931101924287324 15.66665024846707 -36.52188352313529
    vertex 5.112203848574647 15.91287348932062 -36.42931801895222
    vertex 6.931101924287324 17.95643674466031 -35.66105803502562
  endloop
endfacet
facet normal -3.06906e-15 0.351896 -0.936039
  outer loop
    vertex 8.75 17.71021350380676 -35.75362353920869
    vertex 6.931101924287324 17.95643674466031 -35.66105803502562
    vertex 8.75 20 -34.89279805109902
  endloop
endfacet
facet normal 0 0.351896 -0.936039
  outer loop
    vertex -2.916666666666668 20 -34.89279805109902
    vertex -4.014435257620661 17.95643674466031 -35.66105803502562
    vertex -5.833333333333334 20 -34.89279805109902
  endloop
endfacet
facet normal 0 0.351896 -0.936039
  outer loop
    vertex -4.014435257620661 17.95643674466031 -35.66105803502562
    vertex -6.931101924287328 17.95643674466031 -35.66105803502562
    vertex -5.833333333333334 20 -34.89279805109902
  endloop
endfacet
facet normal 0 0.351896 -0.936039
  outer loop
    vertex -4.014435257620661 17.95643674466031 -35.66105803502562
    vertex -5.112203848574655 15.91287348932062 -36.42931801895222
    vertex -6.931101924287328 17.95643674466031 -35.66105803502562
  endloop
endfacet
facet normal 0 0.351896 -0.936039
  outer loop
    vertex -5.833333333333334 20 -34.89279805109902
    vertex -6.931101924287328 17.95643674466031 -35.66105803502562
    vertex -8.75 20 -34.89279805109902
  endloop
endfacet
facet normal 0 0.351896 -0.936039
  outer loop
    vertex 8.75 20 -34.89279805109902
    vertex 6.931101924287324 17.95643674466031 -35.66105803502562
    vertex 5.833333333333333 20 -34.89279805109902
  endloop
endfacet
facet normal 0 0.351896 -0.936039
  outer loop
    vertex 6.931101924287324 17.95643674466031 -35.66105803502562
    vertex 4.014435257620656 17.95643674466031 -35.66105803502562
    vertex 5.833333333333333 20 -34.89279805109902
  endloop
endfacet
facet normal 0 0.351896 -0.936039
  outer loop
    vertex 6.931101924287324 17.95643674466031 -35.66105803502562
    vertex 5.112203848574647 15.91287348932062 -36.42931801895222
    vertex 4.014435257620656 17.95643674466031 -35.66105803502562
  endloop
endfacet
facet normal 0 0.351896 -0.936039
  outer loop
    vertex 5.833333333333333 20 -34.89279805109902
    vertex 4.014435257620656 17.95643674466031 -35.66105803502562
    vertex 2.916666666666666 20 -34.89279805109902
  endloop
endfacet
facet normal -6.25219e-16 0.351896 -0.936039
  outer loop
    vertex 2.599344548590301 12.76867244649887 -37.61135328813634
    vertex 3.855774198582473 14.34077296790974 -37.02033565354429
    vertex 5.162396944612715 12.33764690480837 -37.77339362374418
  endloop
endfacet
facet normal 9.1256e-16 0.351896 -0.936039
  outer loop
    vertex 3.855774198582473 14.34077296790974 -37.02033565354429
    vertex 6.384707862382784 13.77566611938392 -37.23278270025588
    vertex 5.162396944612715 12.33764690480837 -37.77339362374418
  endloop
endfacet
facet normal 6.20987e-16 0.351896 -0.936039
  outer loop
    vertex 3.855774198582473 14.34077296790974 -37.02033565354429
    vertex 5.112203848574647 15.91287348932062 -36.42931801895222
    vertex 6.384707862382784 13.77566611938392 -37.23278270025588
  endloop
endfacet
facet normal -2.77219e-15 0.351896 -0.936039
  outer loop
    vertex 5.162396944612715 12.33764690480837 -37.77339362374418
    vertex 6.384707862382784 13.77566611938392 -37.23278270025588
    vertex 7.657211876190923 11.63845874944722 -38.03624738155955
  endloop
endfacet
facet normal 3.1114e-15 0.351896 -0.936039
  outer loop
    vertex -7.657211876190922 11.63845874944722 -38.03624738155955
    vertex -6.384707862382793 13.77566611938391 -37.23278270025588
    vertex -5.162396944612065 12.33764690480852 -37.77339362374413
  endloop
endfacet
facet normal -1.41687e-15 0.351896 -0.936039
  outer loop
    vertex -6.384707862382793 13.77566611938391 -37.23278270025588
    vertex -3.855774198582491 14.34077296790974 -37.02033565354429
    vertex -5.162396944612065 12.33764690480852 -37.77339362374413
  endloop
endfacet
facet normal -1.10891e-15 0.351896 -0.936039
  outer loop
    vertex -6.384707862382793 13.77566611938391 -37.23278270025588
    vertex -5.112203848574655 15.91287348932062 -36.42931801895222
    vertex -3.855774198582491 14.34077296790974 -37.02033565354429
  endloop
endfacet
facet normal 3.75132e-16 0.351896 -0.936039
  outer loop
    vertex -5.162396944612065 12.33764690480852 -37.77339362374413
    vertex -3.855774198582491 14.34077296790974 -37.02033565354429
    vertex -2.599344548590328 12.76867244649887 -37.61135328813634
  endloop
endfacet
facet normal -1.25836e-16 0.351896 -0.936039
  outer loop
    vertex -7.105427357601002e-15 15.64968273236411 -36.52826231450104
    vertex -2.556101924287331 15.78127811084236 -36.47879016672663
    vertex -1.458333333333337 17.82484136618206 -35.71053018280003
  endloop
endfacet
facet normal -1.16156e-16 0.351896 -0.936039
  outer loop
    vertex -2.556101924287331 15.78127811084236 -36.47879016672663
    vertex -4.014435257620661 17.95643674466031 -35.66105803502562
    vertex -1.458333333333337 17.82484136618206 -35.71053018280003
  endloop
endfacet
facet normal -1.25836e-16 0.351896 -0.936039
  outer loop
    vertex -2.556101924287331 15.78127811084236 -36.47879016672663
    vertex -5.112203848574655 15.91287348932062 -36.42931801895222
    vertex -4.014435257620661 17.95643674466031 -35.66105803502562
  endloop
endfacet
facet normal -2.8797e-16 0.351896 -0.936039
  outer loop
    vertex -1.458333333333337 17.82484136618206 -35.71053018280003
    vertex -4.014435257620661 17.95643674466031 -35.66105803502562
    vertex -2.916666666666668 20 -34.89279805109902
  endloop
endfacet
facet normal 3.09749e-16 0.351896 -0.936039
  outer loop
    vertex 2.916666666666666 20 -34.89279805109902
    vertex 4.014435257620656 17.95643674466031 -35.66105803502562
    vertex 1.458333333333329 17.82484136618206 -35.71053018280003
  endloop
endfacet
facet normal 1.25836e-16 0.351896 -0.936039
  outer loop
    vertex 4.014435257620656 17.95643674466031 -35.66105803502562
    vertex 2.55610192428732 15.78127811084236 -36.47879016672663
    vertex 1.458333333333329 17.82484136618206 -35.71053018280003
  endloop
endfacet
facet normal -1.16156e-16 0.351896 -0.936039
  outer loop
    vertex 4.014435257620656 17.95643674466031 -35.66105803502562
    vertex 5.112203848574647 15.91287348932062 -36.42931801895222
    vertex 2.55610192428732 15.78127811084236 -36.47879016672663
  endloop
endfacet
facet normal 1.16156e-16 0.351896 -0.936039
  outer loop
    vertex 1.458333333333329 17.82484136618206 -35.71053018280003
    vertex 2.55610192428732 15.78127811084236 -36.47879016672663
    vertex -7.105427357601002e-15 15.64968273236411 -36.52826231450104
  endloop
endfacet
facet normal -6.1754e-16 0.351896 -0.936039
  outer loop
    vertex -2.599344548590328 12.76867244649887 -37.61135328813634
    vertex -1.299672274295167 14.20917758943148 -37.0698078013187
    vertex -2.17772488602941e-14 12.91439943561912 -37.55656848319984
  endloop
endfacet
facet normal 0 0.351896 -0.936039
  outer loop
    vertex -1.299672274295167 14.20917758943148 -37.0698078013187
    vertex 1.299672274295147 14.20917758943148 -37.0698078013187
    vertex -2.17772488602941e-14 12.91439943561912 -37.55656848319984
  endloop
endfacet
facet normal 0 0.351896 -0.936039
  outer loop
    vertex -1.299672274295167 14.20917758943148 -37.0698078013187
    vertex -7.105427357601002e-15 15.64968273236411 -36.52826231450104
    vertex 1.299672274295147 14.20917758943148 -37.0698078013187
  endloop
endfacet
facet normal 6.1754e-16 0.351896 -0.936039
  outer loop
    vertex -2.17772488602941e-14 12.91439943561912 -37.55656848319984
    vertex 1.299672274295147 14.20917758943148 -37.0698078013187
    vertex 2.599344548590301 12.76867244649887 -37.61135328813634
  endloop
endfacet
facet normal -3.5062e-16 0.351896 -0.936039
  outer loop
    vertex -2.599344548590328 12.76867244649887 -37.61135328813634
    vertex -3.855774198582491 14.34077296790974 -37.02033565354429
    vertex -1.299672274295167 14.20917758943148 -37.0698078013187
  endloop
endfacet
facet normal -2.83193e-16 0.351896 -0.936039
  outer loop
    vertex -3.855774198582491 14.34077296790974 -37.02033565354429
    vertex -2.556101924287331 15.78127811084236 -36.47879016672663
    vertex -1.299672274295167 14.20917758943148 -37.0698078013187
  endloop
endfacet
facet normal -2.69707e-16 0.351896 -0.936039
  outer loop
    vertex -3.855774198582491 14.34077296790974 -37.02033565354429
    vertex -5.112203848574655 15.91287348932062 -36.42931801895222
    vertex -2.556101924287331 15.78127811084236 -36.47879016672663
  endloop
endfacet
facet normal -2.69707e-16 0.351896 -0.936039
  outer loop
    vertex -1.299672274295167 14.20917758943148 -37.0698078013187
    vertex -2.556101924287331 15.78127811084236 -36.47879016672663
    vertex -7.105427357601002e-15 15.64968273236411 -36.52826231450104
  endloop
endfacet
facet normal 2.83193e-16 0.351896 -0.936039
  outer loop
    vertex -7.105427357601002e-15 15.64968273236411 -36.52826231450104
    vertex 2.55610192428732 15.78127811084236 -36.47879016672663
    vertex 1.299672274295147 14.20917758943148 -37.0698078013187
  endloop
endfacet
facet normal 2.69707e-16 0.351896 -0.936039
  outer loop
    vertex 2.55610192428732 15.78127811084236 -36.47879016672663
    vertex 3.855774198582473 14.34077296790974 -37.02033565354429
    vertex 1.299672274295147 14.20917758943148 -37.0698078013187
  endloop
endfacet
facet normal 5.05702e-17 0.351896 -0.936039
  outer loop
    vertex 2.55610192428732 15.78127811084236 -36.47879016672663
    vertex 5.112203848574647 15.91287348932062 -36.42931801895222
    vertex 3.855774198582473 14.34077296790974 -37.02033565354429
  endloop
endfacet
facet normal 3.40506e-16 0.351896 -0.936039
  outer loop
    vertex 1.299672274295147 14.20917758943148 -37.0698078013187
    vertex 3.855774198582473 14.34077296790974 -37.02033565354429
    vertex 2.599344548590301 12.76867244649887 -37.61135328813634
  endloop
endfacet
facet normal 0 0.351896 -0.936039
  outer loop
    vertex 2.916666666666666 20 -34.89279805109902
    vertex 1.458333333333329 17.82484136618206 -35.71053018280003
    vertex 0 20 -34.89279805109902
  endloop
endfacet
facet normal 0 0.351896 -0.936039
  outer loop
    vertex 1.458333333333329 17.82484136618206 -35.71053018280003
    vertex -1.458333333333337 17.82484136618206 -35.71053018280003
    vertex 0 20 -34.89279805109902
  endloop
endfacet
facet normal 0 0.351896 -0.936039
  outer loop
    vertex 1.458333333333329 17.82484136618206 -35.71053018280003
    vertex -7.105427357601002e-15 15.64968273236411 -36.52826231450104
    vertex -1.458333333333337 17.82484136618206 -35.71053018280003
  endloop
endfacet
facet normal 0 0.351896 -0.936039
  outer loop
    vertex 0 20 -34.89279805109902
    vertex -1.458333333333337 17.82484136618206 -35.71053018280003
    vertex -2.916666666666668 20 -34.89279805109902
  endloop
endfacet
facet normal -2.50059e-15 0.351896 -0.936039
  outer loop
    vertex 7.657211876190923 11.63845874944722 -38.03624738155955
    vertex 6.384707862382784 13.77566611938392 -37.23278270025588
    vertex 8.20360593809546 13.52944287853037 -37.32534820443895
  endloop
endfacet
facet normal -3.02397e-15 0.351896 -0.936039
  outer loop
    vertex 6.384707862382784 13.77566611938392 -37.23278270025588
    vertex 6.931101924287324 15.66665024846707 -36.52188352313529
    vertex 8.20360593809546 13.52944287853037 -37.32534820443895
  endloop
endfacet
facet normal 4.65227e-16 0.351896 -0.936039
  outer loop
    vertex 6.384707862382784 13.77566611938392 -37.23278270025588
    vertex 5.112203848574647 15.91287348932062 -36.42931801895222
    vertex 6.931101924287324 15.66665024846707 -36.52188352313529
  endloop
endfacet
facet normal 9.88607e-16 0.351896 -0.936039
  outer loop
    vertex 8.20360593809546 13.52944287853037 -37.32534820443895
    vertex 6.931101924287324 15.66665024846707 -36.52188352313529
    vertex 8.75 15.42042700761352 -36.61444902731835
  endloop
endfacet
facet normal -9.08646e-16 0.351896 -0.936039
  outer loop
    vertex -8.75 15.42042700761352 -36.61444902731835
    vertex -6.931101924287328 15.66665024846707 -36.52188352313529
    vertex -8.203605938095464 13.52944287853036 -37.32534820443895
  endloop
endfacet
facet normal 3.43105e-15 0.351896 -0.936039
  outer loop
    vertex -6.931101924287328 15.66665024846707 -36.52188352313529
    vertex -6.384707862382793 13.77566611938391 -37.23278270025588
    vertex -8.203605938095464 13.52944287853036 -37.32534820443895
  endloop
endfacet
facet normal -7.99608e-17 0.351896 -0.936039
  outer loop
    vertex -6.931101924287328 15.66665024846707 -36.52188352313529
    vertex -5.112203848574655 15.91287348932062 -36.42931801895222
    vertex -6.384707862382793 13.77566611938391 -37.23278270025588
  endloop
endfacet
facet normal 2.76228e-15 0.351896 -0.936039
  outer loop
    vertex -8.203605938095464 13.52944287853036 -37.32534820443895
    vertex -6.384707862382793 13.77566611938391 -37.23278270025588
    vertex -7.657211876190922 11.63845874944722 -38.03624738155955
  endloop
endfacet
facet normal 5.31598e-15 0.351896 -0.936039
  outer loop
    vertex 8.75 15.42042700761352 -36.61444902731835
    vertex 8.75 13.13064051142027 -37.47527451542802
    vertex 8.20360593809546 13.52944287853037 -37.32534820443895
  endloop
endfacet
facet normal 5.53125e-15 0.351896 -0.936039
  outer loop
    vertex 8.75 13.13064051142027 -37.47527451542802
    vertex 8.214144651965189 11.25230835944588 -38.18141729085427
    vertex 8.20360593809546 13.52944287853037 -37.32534820443895
  endloop
endfacet
facet normal 7.79201e-15 0.351896 -0.936039
  outer loop
    vertex 8.75 13.13064051142027 -37.47527451542802
    vertex 8.75 10.84085401522702 -38.33610000353769
    vertex 8.214144651965189 11.25230835944588 -38.18141729085427
  endloop
endfacet
facet normal 5.09683e-15 0.351896 -0.936039
  outer loop
    vertex 8.20360593809546 13.52944287853037 -37.32534820443895
    vertex 8.214144651965189 11.25230835944588 -38.18141729085427
    vertex 7.657211876190923 11.63845874944722 -38.03624738155955
  endloop
endfacet
facet normal -4.23479e-15 0.351896 -0.936039
  outer loop
    vertex -8.75 10.84085401522702 -38.33610000353769
    vertex -8.75 13.13064051142027 -37.47527451542802
    vertex -8.214144651965194 11.25230835944587 -38.18141729085427
  endloop
endfacet
facet normal -3.98082e-15 0.351896 -0.936039
  outer loop
    vertex -8.75 13.13064051142027 -37.47527451542802
    vertex -8.203605938095464 13.52944287853036 -37.32534820443895
    vertex -8.214144651965194 11.25230835944587 -38.18141729085427
  endloop
endfacet
facet normal -4.11158e-15 0.351896 -0.936039
  outer loop
    vertex -8.75 13.13064051142027 -37.47527451542802
    vertex -8.75 15.42042700761352 -36.61444902731835
    vertex -8.203605938095464 13.52944287853036 -37.32534820443895
  endloop
endfacet
facet normal -9.28939e-15 0.351896 -0.936039
  outer loop
    vertex -8.214144651965194 11.25230835944587 -38.18141729085427
    vertex -8.203605938095464 13.52944287853036 -37.32534820443895
    vertex -7.657211876190922 11.63845874944722 -38.03624738155955
  endloop
endfacet
facet normal 0.043139 0.430549 0.901536
  outer loop
    vertex 2.599344548590301 12.76867244649887 -37.61135328813634
    vertex -0.04320631899492015 13.26702988892172 -37.72290758201866
    vertex -2.17772488602941e-14 12.91439943561912 -37.55656848319984
  endloop
endfacet
facet normal -0.0428644 0.421934 0.905613
  outer loop
    vertex -0.04320631899492015 13.26702988892172 -37.72290758201866
    vertex -2.642398726927678 13.21946167867486 -37.82376983794422
    vertex -2.17772488602941e-14 12.91439943561912 -37.55656848319984
  endloop
endfacet
facet normal -0.0428645 0.422635 0.905286
  outer loop
    vertex -0.04320631899492015 13.26702988892172 -37.72290758201866
    vertex -2.685447266928672 13.67022270323381 -38.03624738155955
    vertex -2.642398726927678 13.21946167867486 -37.82376983794422
  endloop
endfacet
facet normal -0.0427692 0.422522 0.905343
  outer loop
    vertex -2.17772488602941e-14 12.91439943561912 -37.55656848319984
    vertex -2.642398726927678 13.21946167867486 -37.82376983794422
    vertex -2.599344548590328 12.76867244649887 -37.61135328813634
  endloop
endfacet
facet normal 0.202687 0.384677 0.900523
  outer loop
    vertex 7.657211876190923 11.63845874944722 -38.03624738155955
    vertex 5.270167523776227 12.89619905440352 -38.03624738155955
    vertex 5.162396944612715 12.33764690480837 -37.77339362374418
  endloop
endfacet
facet normal 0.122913 0.403061 0.906881
  outer loop
    vertex 5.270167523776227 12.89619905440352 -38.03624738155955
    vertex 2.64239872692768 13.21946167867486 -37.82376983794422
    vertex 5.162396944612715 12.33764690480837 -37.77339362374418
  endloop
endfacet
facet normal 0.123798 0.413402 0.902094
  outer loop
    vertex 5.270167523776227 12.89619905440352 -38.03624738155955
    vertex 2.685447266928704 13.6702227032338 -38.03624738155955
    vertex 2.64239872692768 13.21946167867486 -37.82376983794422
  endloop
endfacet
facet normal 0.126464 0.412926 0.901942
  outer loop
    vertex 5.162396944612715 12.33764690480837 -37.77339362374418
    vertex 2.64239872692768 13.21946167867486 -37.82376983794422
    vertex 2.599344548590301 12.76867244649887 -37.61135328813634
  endloop
endfacet
facet normal -0.123798 0.413402 0.902094
  outer loop
    vertex -2.685447266928672 13.67022270323381 -38.03624738155955
    vertex -5.270167523776211 12.89619905440352 -38.03624738155955
    vertex -2.642398726927678 13.21946167867486 -37.82376983794422
  endloop
endfacet
facet normal -0.122913 0.403061 0.906881
  outer loop
    vertex -5.270167523776211 12.89619905440352 -38.03624738155955
    vertex -5.162396944612065 12.33764690480852 -37.77339362374413
    vertex -2.642398726927678 13.21946167867486 -37.82376983794422
  endloop
endfacet
facet normal -0.202687 0.384677 0.900523
  outer loop
    vertex -5.270167523776211 12.89619905440352 -38.03624738155955
    vertex -7.657211876190922 11.63845874944722 -38.03624738155955
    vertex -5.162396944612065 12.33764690480852 -37.77339362374413
  endloop
endfacet
facet normal -0.126464 0.412926 0.901942
  outer loop
    vertex -2.642398726927678 13.21946167867486 -37.82376983794422
    vertex -5.162396944612065 12.33764690480852 -37.77339362374413
    vertex -2.599344548590328 12.76867244649887 -37.61135328813634
  endloop
endfacet
facet normal 0.0414877 0.422645 0.905345
  outer loop
    vertex 2.599344548590301 12.76867244649887 -37.61135328813634
    vertex 2.64239872692768 13.21946167867486 -37.82376983794422
    vertex -0.04320631899492015 13.26702988892172 -37.72290758201866
  endloop
endfacet
facet normal 0.0414879 0.423945 0.904737
  outer loop
    vertex 2.64239872692768 13.21946167867486 -37.82376983794422
    vertex 1.632012719659947e-14 13.93149725548061 -38.03624738155955
    vertex -0.04320631899492015 13.26702988892172 -37.72290758201866
  endloop
endfacet
facet normal 0.0411355 0.422802 0.905288
  outer loop
    vertex 2.64239872692768 13.21946167867486 -37.82376983794422
    vertex 2.685447266928704 13.6702227032338 -38.03624738155955
    vertex 1.632012719659947e-14 13.93149725548061 -38.03624738155955
  endloop
endfacet
facet normal -0.0416769 0.428366 0.902644
  outer loop
    vertex -0.04320631899492015 13.26702988892172 -37.72290758201866
    vertex 1.632012719659947e-14 13.93149725548061 -38.03624738155955
    vertex -2.685447266928672 13.67022270323381 -38.03624738155955
  endloop
endfacet
facet normal 4.49131e-16 0.351896 0.936039
  outer loop
    vertex 8.75 20 -45.10720194890098
    vertex 6.931101924287333 17.9564367446603 -44.33894196497437
    vertex 8.75 17.71021350380675 -44.24637646079131
  endloop
endfacet
facet normal 8.10932e-17 0.351896 0.936039
  outer loop
    vertex 6.931101924287333 17.9564367446603 -44.33894196497437
    vertex 6.931101924287333 15.66665024846706 -43.47811647686471
    vertex 8.75 17.71021350380675 -44.24637646079131
  endloop
endfacet
facet normal 3.99228e-16 0.351896 0.936039
  outer loop
    vertex 6.931101924287333 17.9564367446603 -44.33894196497437
    vertex 5.112203848574665 15.91287348932061 -43.57068198104778
    vertex 6.931101924287333 15.66665024846706 -43.47811647686471
  endloop
endfacet
facet normal -2.8944e-15 0.351896 0.936039
  outer loop
    vertex 8.75 17.71021350380675 -44.24637646079131
    vertex 6.931101924287333 15.66665024846706 -43.47811647686471
    vertex 8.75 15.4204270076135 -43.38555097268164
  endloop
endfacet
facet normal 2.87569e-15 0.351896 0.936039
  outer loop
    vertex -8.75 15.4204270076135 -43.38555097268164
    vertex -6.931101924287328 15.66665024846706 -43.47811647686471
    vertex -8.75 17.71021350380675 -44.24637646079131
  endloop
endfacet
facet normal -4.99035e-17 0.351896 0.936039
  outer loop
    vertex -6.931101924287328 15.66665024846706 -43.47811647686471
    vertex -6.931101924287328 17.9564367446603 -44.33894196497437
    vertex -8.75 17.71021350380675 -44.24637646079131
  endloop
endfacet
facet normal -4.2418e-16 0.351896 0.936039
  outer loop
    vertex -6.931101924287328 15.66665024846706 -43.47811647686471
    vertex -5.112203848574655 15.91287348932061 -43.57068198104778
    vertex -6.931101924287328 17.9564367446603 -44.33894196497437
  endloop
endfacet
facet normal -4.42893e-16 0.351896 0.936039
  outer loop
    vertex -8.75 17.71021350380675 -44.24637646079131
    vertex -6.931101924287328 17.9564367446603 -44.33894196497437
    vertex -8.75 20 -45.10720194890098
  endloop
endfacet
facet normal -0 0.351896 0.936039
  outer loop
    vertex 2.916666666666666 20 -45.10720194890098
    vertex 4.014435257620665 17.9564367446603 -44.33894196497437
    vertex 5.833333333333333 20 -45.10720194890098
  endloop
endfacet
facet normal -0 0.351896 0.936039
  outer loop
    vertex 4.014435257620665 17.9564367446603 -44.33894196497437
    vertex 6.931101924287333 17.9564367446603 -44.33894196497437
    vertex 5.833333333333333 20 -45.10720194890098
  endloop
endfacet
facet normal -0 0.351896 0.936039
  outer loop
    vertex 4.014435257620665 17.9564367446603 -44.33894196497437
    vertex 5.112203848574665 15.91287348932061 -43.57068198104778
    vertex 6.931101924287333 17.9564367446603 -44.33894196497437
  endloop
endfacet
facet normal -0 0.351896 0.936039
  outer loop
    vertex 5.833333333333333 20 -45.10720194890098
    vertex 6.931101924287333 17.9564367446603 -44.33894196497437
    vertex 8.75 20 -45.10720194890098
  endloop
endfacet
facet normal -0 0.351896 0.936039
  outer loop
    vertex -8.75 20 -45.10720194890098
    vertex -6.931101924287328 17.9564367446603 -44.33894196497437
    vertex -5.833333333333334 20 -45.10720194890098
  endloop
endfacet
facet normal -0 0.351896 0.936039
  outer loop
    vertex -6.931101924287328 17.9564367446603 -44.33894196497437
    vertex -4.014435257620661 17.9564367446603 -44.33894196497437
    vertex -5.833333333333334 20 -45.10720194890098
  endloop
endfacet
facet normal -0 0.351896 0.936039
  outer loop
    vertex -6.931101924287328 17.9564367446603 -44.33894196497437
    vertex -5.112203848574655 15.91287348932061 -43.57068198104778
    vertex -4.014435257620661 17.9564367446603 -44.33894196497437
  endloop
endfacet
facet normal -0 0.351896 0.936039
  outer loop
    vertex -5.833333333333334 20 -45.10720194890098
    vertex -4.014435257620661 17.9564367446603 -44.33894196497437
    vertex -2.916666666666668 20 -45.10720194890098
  endloop
endfacet
facet normal -2.17122e-15 0.351896 0.936039
  outer loop
    vertex -2.599344548590315 12.76867244649887 -42.38864671186364
    vertex -3.855774198582484 14.34077296790973 -42.97966434645571
    vertex -5.16239694461276 12.33764690480838 -42.22660637625581
  endloop
endfacet
facet normal -2.10129e-15 0.351896 0.936039
  outer loop
    vertex -3.855774198582484 14.34077296790973 -42.97966434645571
    vertex -6.384707862382811 13.7756661193839 -42.76721729974411
    vertex -5.16239694461276 12.33764690480838 -42.22660637625581
  endloop
endfacet
facet normal -8.53858e-16 0.351896 0.936039
  outer loop
    vertex -3.855774198582484 14.34077296790973 -42.97966434645571
    vertex -5.112203848574655 15.91287348932061 -43.57068198104778
    vertex -6.384707862382811 13.7756661193839 -42.76721729974411
  endloop
endfacet
facet normal -3.25177e-15 0.351896 0.936039
  outer loop
    vertex -5.16239694461276 12.33764690480838 -42.22660637625581
    vertex -6.384707862382811 13.7756661193839 -42.76721729974411
    vertex -7.657211876190972 11.63845874944719 -41.96375261844044
  endloop
endfacet
facet normal 1.66097e-15 0.351896 0.936039
  outer loop
    vertex 7.657211876190971 11.63845874944719 -41.96375261844044
    vertex 6.384707862382817 13.7756661193839 -42.7672172997441
    vertex 5.162396944612093 12.33764690480853 -42.22660637625587
  endloop
endfacet
facet normal -1.06866e-15 0.351896 0.936039
  outer loop
    vertex 6.384707862382817 13.7756661193839 -42.7672172997441
    vertex 3.855774198582504 14.34077296790973 -42.97966434645571
    vertex 5.162396944612093 12.33764690480853 -42.22660637625587
  endloop
endfacet
facet normal -1.36395e-15 0.351896 0.936039
  outer loop
    vertex 6.384707862382817 13.7756661193839 -42.7672172997441
    vertex 5.112203848574665 15.91287348932061 -43.57068198104778
    vertex 3.855774198582504 14.34077296790973 -42.97966434645571
  endloop
endfacet
facet normal 2.40994e-15 0.351896 0.936039
  outer loop
    vertex 5.162396944612093 12.33764690480853 -42.22660637625587
    vertex 3.855774198582504 14.34077296790973 -42.97966434645571
    vertex 2.599344548590341 12.76867244649887 -42.38864671186364
  endloop
endfacet
facet normal 2.37394e-15 0.351896 0.936039
  outer loop
    vertex 7.105427357601002e-15 15.6496827323641 -43.47173768549895
    vertex 2.556101924287336 15.78127811084235 -43.52120983327337
    vertex 1.458333333333337 17.82484136618205 -44.28946981719997
  endloop
endfacet
facet normal -1.54875e-16 0.351896 0.936039
  outer loop
    vertex 2.556101924287336 15.78127811084235 -43.52120983327337
    vertex 4.014435257620665 17.9564367446603 -44.33894196497437
    vertex 1.458333333333337 17.82484136618205 -44.28946981719997
  endloop
endfacet
facet normal -1.57295e-16 0.351896 0.936039
  outer loop
    vertex 2.556101924287336 15.78127811084235 -43.52120983327337
    vertex 5.112203848574665 15.91287348932061 -43.57068198104778
    vertex 4.014435257620665 17.9564367446603 -44.33894196497437
  endloop
endfacet
facet normal -2.9039e-16 0.351896 0.936039
  outer loop
    vertex 1.458333333333337 17.82484136618205 -44.28946981719997
    vertex 4.014435257620665 17.9564367446603 -44.33894196497437
    vertex 2.916666666666666 20 -45.10720194890098
  endloop
endfacet
facet normal 3.09749e-16 0.351896 0.936039
  outer loop
    vertex -2.916666666666668 20 -45.10720194890098
    vertex -4.014435257620661 17.9564367446603 -44.33894196497437
    vertex -1.45833333333333 17.82484136618205 -44.28946981719997
  endloop
endfacet
facet normal 1.57295e-16 0.351896 0.936039
  outer loop
    vertex -4.014435257620661 17.9564367446603 -44.33894196497437
    vertex -2.556101924287324 15.78127811084235 -43.52120983327337
    vertex -1.45833333333333 17.82484136618205 -44.28946981719997
  endloop
endfacet
facet normal 1.54875e-16 0.351896 0.936039
  outer loop
    vertex -4.014435257620661 17.9564367446603 -44.33894196497437
    vertex -5.112203848574655 15.91287348932061 -43.57068198104778
    vertex -2.556101924287324 15.78127811084235 -43.52120983327337
  endloop
endfacet
facet normal -2.36184e-15 0.351896 0.936039
  outer loop
    vertex -1.45833333333333 17.82484136618205 -44.28946981719997
    vertex -2.556101924287324 15.78127811084235 -43.52120983327337
    vertex 7.105427357601002e-15 15.6496827323641 -43.47173768549895
  endloop
endfacet
facet normal -1.40317e-15 0.351896 0.936039
  outer loop
    vertex 2.599344548590341 12.76867244649887 -42.38864671186364
    vertex 1.299672274295174 14.20917758943147 -42.9301921986813
    vertex 4.707308270721812e-15 12.91439943561912 -42.44343151680015
  endloop
endfacet
facet normal 0 0.351896 0.936039
  outer loop
    vertex 1.299672274295174 14.20917758943147 -42.9301921986813
    vertex -1.299672274295155 14.20917758943147 -42.9301921986813
    vertex 4.707308270721812e-15 12.91439943561912 -42.44343151680015
  endloop
endfacet
facet normal 0 0.351896 0.936039
  outer loop
    vertex 1.299672274295174 14.20917758943147 -42.9301921986813
    vertex 7.105427357601002e-15 15.6496827323641 -43.47173768549895
    vertex -1.299672274295155 14.20917758943147 -42.9301921986813
  endloop
endfacet
facet normal 1.40317e-15 0.351896 0.936039
  outer loop
    vertex 4.707308270721812e-15 12.91439943561912 -42.44343151680015
    vertex -1.299672274295155 14.20917758943147 -42.9301921986813
    vertex -2.599344548590315 12.76867244649887 -42.38864671186364
  endloop
endfacet
facet normal -2.424e-15 0.351896 0.936039
  outer loop
    vertex 7.105427357601002e-15 15.6496827323641 -43.47173768549895
    vertex -2.556101924287324 15.78127811084235 -43.52120983327337
    vertex -1.299672274295155 14.20917758943147 -42.9301921986813
  endloop
endfacet
facet normal 5.39415e-16 0.351896 0.936039
  outer loop
    vertex -2.556101924287324 15.78127811084235 -43.52120983327337
    vertex -3.855774198582484 14.34077296790973 -42.97966434645571
    vertex -1.299672274295155 14.20917758943147 -42.9301921986813
  endloop
endfacet
facet normal 3.10164e-16 0.351896 0.936039
  outer loop
    vertex -2.556101924287324 15.78127811084235 -43.52120983327337
    vertex -5.112203848574655 15.91287348932061 -43.57068198104778
    vertex -3.855774198582484 14.34077296790973 -42.97966434645571
  endloop
endfacet
facet normal 9.20377e-16 0.351896 0.936039
  outer loop
    vertex -1.299672274295155 14.20917758943147 -42.9301921986813
    vertex -3.855774198582484 14.34077296790973 -42.97966434645571
    vertex -2.599344548590315 12.76867244649887 -42.38864671186364
  endloop
endfacet
facet normal -9.17005e-16 0.351896 0.936039
  outer loop
    vertex 2.599344548590341 12.76867244649887 -42.38864671186364
    vertex 3.855774198582504 14.34077296790973 -42.97966434645571
    vertex 1.299672274295174 14.20917758943147 -42.9301921986813
  endloop
endfacet
facet normal -5.46158e-16 0.351896 0.936039
  outer loop
    vertex 3.855774198582504 14.34077296790973 -42.97966434645571
    vertex 2.556101924287336 15.78127811084235 -43.52120983327337
    vertex 1.299672274295174 14.20917758943147 -42.9301921986813
  endloop
endfacet
facet normal -2.96678e-16 0.351896 0.936039
  outer loop
    vertex 3.855774198582504 14.34077296790973 -42.97966434645571
    vertex 5.112203848574665 15.91287348932061 -43.57068198104778
    vertex 2.556101924287336 15.78127811084235 -43.52120983327337
  endloop
endfacet
facet normal 2.42737e-15 0.351896 0.936039
  outer loop
    vertex 1.299672274295174 14.20917758943147 -42.9301921986813
    vertex 2.556101924287336 15.78127811084235 -43.52120983327337
    vertex 7.105427357601002e-15 15.6496827323641 -43.47173768549895
  endloop
endfacet
facet normal -0 0.351896 0.936039
  outer loop
    vertex -2.916666666666668 20 -45.10720194890098
    vertex -1.45833333333333 17.82484136618205 -44.28946981719997
    vertex 0 20 -45.10720194890098
  endloop
endfacet
facet normal -0 0.351896 0.936039
  outer loop
    vertex -1.45833333333333 17.82484136618205 -44.28946981719997
    vertex 1.458333333333337 17.82484136618205 -44.28946981719997
    vertex 0 20 -45.10720194890098
  endloop
endfacet
facet normal -0 0.351896 0.936039
  outer loop
    vertex -1.45833333333333 17.82484136618205 -44.28946981719997
    vertex 7.105427357601002e-15 15.6496827323641 -43.47173768549895
    vertex 1.458333333333337 17.82484136618205 -44.28946981719997
  endloop
endfacet
facet normal -0 0.351896 0.936039
  outer loop
    vertex 0 20 -45.10720194890098
    vertex 1.458333333333337 17.82484136618205 -44.28946981719997
    vertex 2.916666666666666 20 -45.10720194890098
  endloop
endfacet
facet normal 2.79136e-15 0.351896 0.936039
  outer loop
    vertex -7.657211876190972 11.63845874944719 -41.96375261844044
    vertex -6.384707862382811 13.7756661193839 -42.76721729974411
    vertex -8.203605938095485 13.52944287853034 -42.67465179556104
  endloop
endfacet
facet normal 2.78409e-15 0.351896 0.936039
  outer loop
    vertex -6.384707862382811 13.7756661193839 -42.76721729974411
    vertex -6.931101924287328 15.66665024846706 -43.47811647686471
    vertex -8.203605938095485 13.52944287853034 -42.67465179556104
  endloop
endfacet
facet normal -7.55993e-16 0.351896 0.936039
  outer loop
    vertex -6.384707862382811 13.7756661193839 -42.76721729974411
    vertex -5.112203848574655 15.91287348932061 -43.57068198104778
    vertex -6.931101924287328 15.66665024846706 -43.47811647686471
  endloop
endfacet
facet normal 2.79136e-15 0.351896 0.936039
  outer loop
    vertex -8.203605938095485 13.52944287853034 -42.67465179556104
    vertex -6.931101924287328 15.66665024846706 -43.47811647686471
    vertex -8.75 15.4204270076135 -43.38555097268164
  endloop
endfacet
facet normal -2.82771e-15 0.351896 0.936039
  outer loop
    vertex 8.75 15.4204270076135 -43.38555097268164
    vertex 6.931101924287333 15.66665024846706 -43.47811647686471
    vertex 8.203605938095485 13.52944287853034 -42.67465179556104
  endloop
endfacet
facet normal 1.51199e-15 0.351896 0.936039
  outer loop
    vertex 6.931101924287333 15.66665024846706 -43.47811647686471
    vertex 6.384707862382817 13.7756661193839 -42.7672172997441
    vertex 8.203605938095485 13.52944287853034 -42.67465179556104
  endloop
endfacet
facet normal 1.19214e-15 0.351896 0.936039
  outer loop
    vertex 6.931101924287333 15.66665024846706 -43.47811647686471
    vertex 5.112203848574665 15.91287348932061 -43.57068198104778
    vertex 6.384707862382817 13.7756661193839 -42.7672172997441
  endloop
endfacet
facet normal 1.1558e-15 0.351896 0.936039
  outer loop
    vertex 8.203605938095485 13.52944287853034 -42.67465179556104
    vertex 6.384707862382817 13.7756661193839 -42.7672172997441
    vertex 7.657211876190971 11.63845874944719 -41.96375261844044
  endloop
endfacet
facet normal 6.86428e-15 0.351896 0.936039
  outer loop
    vertex 7.657211876190971 11.63845874944719 -41.96375261844044
    vertex 8.214144651965208 11.25230835944586 -41.81858270914573
    vertex 8.203605938095485 13.52944287853034 -42.67465179556104
  endloop
endfacet
facet normal 6.03409e-15 0.351896 0.936039
  outer loop
    vertex 8.214144651965208 11.25230835944586 -41.81858270914573
    vertex 8.75 13.13064051142026 -42.52472548457198
    vertex 8.203605938095485 13.52944287853034 -42.67465179556104
  endloop
endfacet
facet normal -2.87966e-15 0.351896 0.936039
  outer loop
    vertex 8.214144651965208 11.25230835944586 -41.81858270914573
    vertex 8.75 10.84085401522702 -41.66389999646231
    vertex 8.75 13.13064051142026 -42.52472548457198
  endloop
endfacet
facet normal 5.6067e-15 0.351896 0.936039
  outer loop
    vertex 8.203605938095485 13.52944287853034 -42.67465179556104
    vertex 8.75 13.13064051142026 -42.52472548457198
    vertex 8.75 15.4204270076135 -43.38555097268164
  endloop
endfacet
facet normal -6.8111e-15 0.351896 0.936039
  outer loop
    vertex -8.75 15.4204270076135 -43.38555097268164
    vertex -8.75 13.13064051142026 -42.52472548457198
    vertex -8.203605938095485 13.52944287853034 -42.67465179556104
  endloop
endfacet
facet normal -7.4169e-15 0.351896 0.936039
  outer loop
    vertex -8.75 13.13064051142026 -42.52472548457198
    vertex -8.214144651965205 11.25230835944586 -41.81858270914573
    vertex -8.203605938095485 13.52944287853034 -42.67465179556104
  endloop
endfacet
facet normal 5.08175e-16 0.351896 0.936039
  outer loop
    vertex -8.75 13.13064051142026 -42.52472548457198
    vertex -8.75 10.84085401522702 -41.66389999646231
    vertex -8.214144651965205 11.25230835944586 -41.81858270914573
  endloop
endfacet
facet normal -3.78152e-15 0.351896 0.936039
  outer loop
    vertex -8.203605938095485 13.52944287853034 -42.67465179556104
    vertex -8.214144651965205 11.25230835944586 -41.81858270914573
    vertex -7.657211876190972 11.63845874944719 -41.96375261844044
  endloop
endfacet
facet normal 0.202687 0.384677 -0.900523
  outer loop
    vertex 7.657211876190971 11.63845874944719 -41.96375261844044
    vertex 5.162396944612093 12.33764690480853 -42.22660637625587
    vertex 5.27016752377626 12.8961990544035 -41.96375261844044
  endloop
endfacet
facet normal 0.122913 0.403061 -0.906881
  outer loop
    vertex 5.162396944612093 12.33764690480853 -42.22660637625587
    vertex 2.64239872692771 13.21946167867486 -42.17623016205577
    vertex 5.27016752377626 12.8961990544035 -41.96375261844044
  endloop
endfacet
facet normal 0.126464 0.412926 -0.901942
  outer loop
    vertex 5.162396944612093 12.33764690480853 -42.22660637625587
    vertex 2.599344548590341 12.76867244649887 -42.38864671186364
    vertex 2.64239872692771 13.21946167867486 -42.17623016205577
  endloop
endfacet
facet normal 0.123798 0.413402 -0.902094
  outer loop
    vertex 5.27016752377626 12.8961990544035 -41.96375261844044
    vertex 2.64239872692771 13.21946167867486 -42.17623016205577
    vertex 2.685447266928722 13.6702227032338 -41.96375261844044
  endloop
endfacet
facet normal 0.043139 0.430549 -0.901536
  outer loop
    vertex 2.599344548590341 12.76867244649887 -42.38864671186364
    vertex 4.707308270721812e-15 12.91439943561912 -42.44343151680015
    vertex -0.04320631899490837 13.26702988892172 -42.27709241798134
  endloop
endfacet
facet normal -0.0428644 0.421934 -0.905613
  outer loop
    vertex 4.707308270721812e-15 12.91439943561912 -42.44343151680015
    vertex -2.642398726927682 13.21946167867487 -42.17623016205577
    vertex -0.04320631899490837 13.26702988892172 -42.27709241798134
  endloop
endfacet
facet normal -0.0427692 0.422522 -0.905343
  outer loop
    vertex 4.707308270721812e-15 12.91439943561912 -42.44343151680015
    vertex -2.599344548590315 12.76867244649887 -42.38864671186364
    vertex -2.642398726927682 13.21946167867487 -42.17623016205577
  endloop
endfacet
facet normal -0.0428645 0.422635 -0.905286
  outer loop
    vertex -0.04320631899490837 13.26702988892172 -42.27709241798134
    vertex -2.642398726927682 13.21946167867487 -42.17623016205577
    vertex -2.685447266928693 13.67022270323381 -41.96375261844044
  endloop
endfacet
facet normal -0.123798 0.413402 -0.902094
  outer loop
    vertex -2.685447266928693 13.67022270323381 -41.96375261844044
    vertex -2.642398726927682 13.21946167867487 -42.17623016205577
    vertex -5.270167523776248 12.89619905440351 -41.96375261844044
  endloop
endfacet
facet normal -0.122913 0.403061 -0.906881
  outer loop
    vertex -2.642398726927682 13.21946167867487 -42.17623016205577
    vertex -5.16239694461276 12.33764690480838 -42.22660637625581
    vertex -5.270167523776248 12.89619905440351 -41.96375261844044
  endloop
endfacet
facet normal -0.126464 0.412926 -0.901942
  outer loop
    vertex -2.642398726927682 13.21946167867487 -42.17623016205577
    vertex -2.599344548590315 12.76867244649887 -42.38864671186364
    vertex -5.16239694461276 12.33764690480838 -42.22660637625581
  endloop
endfacet
facet normal -0.202687 0.384677 -0.900523
  outer loop
    vertex -5.270167523776248 12.89619905440351 -41.96375261844044
    vertex -5.16239694461276 12.33764690480838 -42.22660637625581
    vertex -7.657211876190972 11.63845874944719 -41.96375261844044
  endloop
endfacet
facet normal 0.0414877 0.422645 -0.905345
  outer loop
    vertex 2.599344548590341 12.76867244649887 -42.38864671186364
    vertex -0.04320631899490837 13.26702988892172 -42.27709241798134
    vertex 2.64239872692771 13.21946167867486 -42.17623016205577
  endloop
endfacet
facet normal 0.0414879 0.423945 -0.904737
  outer loop
    vertex -0.04320631899490837 13.26702988892172 -42.27709241798134
    vertex 1.322671339249212e-14 13.93149725548061 -41.96375261844044
    vertex 2.64239872692771 13.21946167867486 -42.17623016205577
  endloop
endfacet
facet normal -0.0416769 0.428366 -0.902644
  outer loop
    vertex -0.04320631899490837 13.26702988892172 -42.27709241798134
    vertex -2.685447266928693 13.67022270323381 -41.96375261844044
    vertex 1.322671339249212e-14 13.93149725548061 -41.96375261844044
  endloop
endfacet
facet normal 0.0411355 0.422802 -0.905288
  outer loop
    vertex 2.64239872692771 13.21946167867486 -42.17623016205577
    vertex 1.322671339249212e-14 13.93149725548061 -41.96375261844044
    vertex 2.685447266928722 13.6702227032338 -41.96375261844044
  endloop
endfacet
facet normal 0 1 0
  outer loop
    vertex -3.226005337996298 20 -18.94639902554952
    vertex -0.01050333732638542 20 -22.04668854069113
    vertex -3.406340483202468 20 -22.41686926305156
  endloop
endfacet
facet normal 0 1 0
  outer loop
    vertex -0.01050333732638542 20 -22.04668854069113
    vertex -0.1908384825325555 20 -25.51715877819316
    vertex -3.406340483202468 20 -22.41686926305156
  endloop
endfacet
facet normal 0 1 0
  outer loop
    vertex -0.01050333732638542 20 -22.04668854069113
    vertex 3.204998663343527 20 -25.14697805583273
    vertex -0.1908384825325555 20 -25.51715877819316
  endloop
endfacet
facet normal 0 1 0
  outer loop
    vertex -3.406340483202468 20 -22.41686926305156
    vertex -0.1908384825325555 20 -25.51715877819316
    vertex -3.586675628408639 20 -25.8873395005536
  endloop
endfacet
facet normal 0 1 -0
  outer loop
    vertex 3.226005337996298 20 -18.94639902554949
    vertex 0.01050333732638364 20 -15.84610951040789
    vertex 3.406340483202468 20 -15.47592878804746
  endloop
endfacet
facet normal 0 1 0
  outer loop
    vertex 0.01050333732638364 20 -15.84610951040789
    vertex 0.1908384825325555 20 -12.37563927290586
    vertex 3.406340483202468 20 -15.47592878804746
  endloop
endfacet
facet normal 0 1 -0
  outer loop
    vertex 0.01050333732638364 20 -15.84610951040789
    vertex -3.204998663343529 20 -12.74581999526629
    vertex 0.1908384825325555 20 -12.37563927290586
  endloop
endfacet
facet normal 0 1 -0
  outer loop
    vertex 3.406340483202468 20 -15.47592878804746
    vertex 0.1908384825325555 20 -12.37563927290586
    vertex 3.586675628408639 20 -12.00545855054542
  endloop
endfacet
facet normal 0 1 0
  outer loop
    vertex 3.226005337996298 20 -18.94639902554949
    vertex 3.215502000669913 20 -22.04668854069111
    vertex 0 20 -18.94639902554951
  endloop
endfacet
facet normal 0 1 0
  outer loop
    vertex 3.215502000669913 20 -22.04668854069111
    vertex -0.01050333732638542 20 -22.04668854069113
    vertex 0 20 -18.94639902554951
  endloop
endfacet
facet normal 0 1 0
  outer loop
    vertex 3.215502000669913 20 -22.04668854069111
    vertex 3.204998663343527 20 -25.14697805583273
    vertex -0.01050333732638542 20 -22.04668854069113
  endloop
endfacet
facet normal 0 1 0
  outer loop
    vertex 0 20 -18.94639902554951
    vertex -0.01050333732638542 20 -22.04668854069113
    vertex -3.226005337996298 20 -18.94639902554952
  endloop
endfacet
facet normal 0 1 0
  outer loop
    vertex -3.226005337996298 20 -18.94639902554952
    vertex -3.215502000669914 20 -15.84610951040791
    vertex 0 20 -18.94639902554951
  endloop
endfacet
facet normal -0 1 0
  outer loop
    vertex -3.215502000669914 20 -15.84610951040791
    vertex 0.01050333732638364 20 -15.84610951040789
    vertex 0 20 -18.94639902554951
  endloop
endfacet
facet normal 0 1 0
  outer loop
    vertex -3.215502000669914 20 -15.84610951040791
    vertex -3.204998663343529 20 -12.74581999526629
    vertex 0.01050333732638364 20 -15.84610951040789
  endloop
endfacet
facet normal 0 1 0
  outer loop
    vertex 0 20 -18.94639902554951
    vertex 0.01050333732638364 20 -15.84610951040789
    vertex 3.226005337996298 20 -18.94639902554949
  endloop
endfacet
facet normal 0 1 -0
  outer loop
    vertex 8.75 20 -22.13567883065939
    vertex 5.988002668998149 20 -20.54103892810444
    vertex 8.75 20 -18.9463990255495
  endloop
endfacet
facet normal 0 1 0
  outer loop
    vertex 5.988002668998149 20 -20.54103892810444
    vertex 5.988002668998149 20 -17.35175912299455
    vertex 8.75 20 -18.9463990255495
  endloop
endfacet
facet normal 0 1 -0
  outer loop
    vertex 5.988002668998149 20 -20.54103892810444
    vertex 3.226005337996298 20 -18.94639902554949
    vertex 5.988002668998149 20 -17.35175912299455
  endloop
endfacet
facet normal 0 1 -0
  outer loop
    vertex 8.75 20 -18.9463990255495
    vertex 5.988002668998149 20 -17.35175912299455
    vertex 8.75 20 -15.7571192204396
  endloop
endfacet
facet normal 0 1 0
  outer loop
    vertex -8.75 20 -15.75711922043963
    vertex -5.988002668998149 20 -17.35175912299458
    vertex -8.75 20 -18.94639902554952
  endloop
endfacet
facet normal 0 1 0
  outer loop
    vertex -5.988002668998149 20 -17.35175912299458
    vertex -5.988002668998149 20 -20.54103892810447
    vertex -8.75 20 -18.94639902554952
  endloop
endfacet
facet normal 0 1 0
  outer loop
    vertex -5.988002668998149 20 -17.35175912299458
    vertex -3.226005337996298 20 -18.94639902554952
    vertex -5.988002668998149 20 -20.54103892810447
  endloop
endfacet
facet normal 0 1 0
  outer loop
    vertex -8.75 20 -18.94639902554952
    vertex -5.988002668998149 20 -20.54103892810447
    vertex -8.75 20 -22.13567883065942
  endloop
endfacet
facet normal 0 1 0
  outer loop
    vertex 3.586675628408639 20 -12.00545855054542
    vertex 0.1908384825325555 20 -12.37563927290586
    vertex 1.793337814204321 20 -10.02863670297732
  endloop
endfacet
facet normal 0 1 -0
  outer loop
    vertex 0.1908384825325555 20 -12.37563927290586
    vertex -1.602499331671764 20 -10.39881742533776
    vertex 1.793337814204321 20 -10.02863670297732
  endloop
endfacet
facet normal 0 1 0
  outer loop
    vertex 0.1908384825325555 20 -12.37563927290586
    vertex -3.204998663343529 20 -12.74581999526629
    vertex -1.602499331671764 20 -10.39881742533776
  endloop
endfacet
facet normal 0 1 0
  outer loop
    vertex 1.793337814204321 20 -10.02863670297732
    vertex -1.602499331671764 20 -10.39881742533776
    vertex 1.77635683940025e-15 20 -8.051814855409225
  endloop
endfacet
facet normal -0 1 0
  outer loop
    vertex -3.586675628408639 20 -25.8873395005536
    vertex -0.1908384825325555 20 -25.51715877819316
    vertex -1.793337814204321 20 -27.8641613481217
  endloop
endfacet
facet normal 0 1 0
  outer loop
    vertex -0.1908384825325555 20 -25.51715877819316
    vertex 1.602499331671762 20 -27.49398062576126
    vertex -1.793337814204321 20 -27.8641613481217
  endloop
endfacet
facet normal -0 1 0
  outer loop
    vertex -0.1908384825325555 20 -25.51715877819316
    vertex 3.204998663343527 20 -25.14697805583273
    vertex 1.602499331671762 20 -27.49398062576126
  endloop
endfacet
facet normal -0 1 0
  outer loop
    vertex -1.793337814204321 20 -27.8641613481217
    vertex 1.602499331671762 20 -27.49398062576126
    vertex -1.77635683940025e-15 20 -29.84098319568979
  endloop
endfacet
facet normal 0 1 0
  outer loop
    vertex 2.916666666666668 20 -3
    vertex 1.458333333333336 20 -5.525907427704613
    vertex 0 20 -3
  endloop
endfacet
facet normal 0 1 0
  outer loop
    vertex 1.458333333333336 20 -5.525907427704613
    vertex -1.458333333333332 20 -5.525907427704613
    vertex 0 20 -3
  endloop
endfacet
facet normal 0 1 0
  outer loop
    vertex 1.458333333333336 20 -5.525907427704613
    vertex 1.77635683940025e-15 20 -8.051814855409225
    vertex -1.458333333333332 20 -5.525907427704613
  endloop
endfacet
facet normal 0 1 0
  outer loop
    vertex 0 20 -3
    vertex -1.458333333333332 20 -5.525907427704613
    vertex -2.916666666666666 20 -3
  endloop
endfacet
facet normal 0 1 0
  outer loop
    vertex -2.916666666666668 20 -34.89279805109902
    vertex -1.458333333333335 20 -32.36689062339441
    vertex 0 20 -34.89279805109902
  endloop
endfacet
facet normal -0 1 0
  outer loop
    vertex -1.458333333333335 20 -32.36689062339441
    vertex 1.458333333333332 20 -32.36689062339441
    vertex 0 20 -34.89279805109902
  endloop
endfacet
facet normal 0 1 0
  outer loop
    vertex -1.458333333333335 20 -32.36689062339441
    vertex -1.77635683940025e-15 20 -29.84098319568979
    vertex 1.458333333333332 20 -32.36689062339441
  endloop
endfacet
facet normal 0 1 0
  outer loop
    vertex 0 20 -34.89279805109902
    vertex 1.458333333333332 20 -32.36689062339441
    vertex 2.916666666666666 20 -34.89279805109902
  endloop
endfacet
facet normal 0 1 -0
  outer loop
    vertex 8.75 20 -28.51423844087921
    vertex 5.977499331671764 20 -26.83060824835597
    vertex 8.75 20 -25.3249586357693
  endloop
endfacet
facet normal 0 1 0
  outer loop
    vertex 5.977499331671764 20 -26.83060824835597
    vertex 5.977499331671764 20 -23.64132844324606
    vertex 8.75 20 -25.3249586357693
  endloop
endfacet
facet normal 0 1 -0
  outer loop
    vertex 5.977499331671764 20 -26.83060824835597
    vertex 3.204998663343527 20 -25.14697805583273
    vertex 5.977499331671764 20 -23.64132844324606
  endloop
endfacet
facet normal 0 1 -0
  outer loop
    vertex 8.75 20 -25.3249586357693
    vertex 5.977499331671764 20 -23.64132844324606
    vertex 8.75 20 -22.13567883065939
  endloop
endfacet
facet normal 0 1 0
  outer loop
    vertex -8.75 20 -9.378559610219813
    vertex -5.977499331671765 20 -11.06218980274305
    vertex -8.75 20 -12.56783941532972
  endloop
endfacet
facet normal 0 1 0
  outer loop
    vertex -5.977499331671765 20 -11.06218980274305
    vertex -5.977499331671765 20 -14.25146960785296
    vertex -8.75 20 -12.56783941532972
  endloop
endfacet
facet normal 0 1 0
  outer loop
    vertex -5.977499331671765 20 -11.06218980274305
    vertex -3.204998663343529 20 -12.74581999526629
    vertex -5.977499331671765 20 -14.25146960785296
  endloop
endfacet
facet normal 0 1 0
  outer loop
    vertex -8.75 20 -12.56783941532972
    vertex -5.977499331671765 20 -14.25146960785296
    vertex -8.75 20 -15.75711922043963
  endloop
endfacet
facet normal 0 1 0
  outer loop
    vertex -8.75 20 -22.13567883065942
    vertex -6.168337814204319 20 -24.01150916560651
    vertex -8.75 20 -25.32495863576931
  endloop
endfacet
facet normal 0 1 0
  outer loop
    vertex -6.168337814204319 20 -24.01150916560651
    vertex -6.168337814204319 20 -27.2007889707164
    vertex -8.75 20 -25.32495863576931
  endloop
endfacet
facet normal 0 1 0
  outer loop
    vertex -6.168337814204319 20 -24.01150916560651
    vertex -3.586675628408639 20 -25.8873395005536
    vertex -6.168337814204319 20 -27.2007889707164
  endloop
endfacet
facet normal 0 1 0
  outer loop
    vertex -8.75 20 -25.32495863576931
    vertex -6.168337814204319 20 -27.2007889707164
    vertex -8.75 20 -28.5142384408792
  endloop
endfacet
facet normal 0 1 -0
  outer loop
    vertex 8.75 20 -15.7571192204396
    vertex 6.168337814204319 20 -13.88128888549251
    vertex 8.75 20 -12.56783941532971
  endloop
endfacet
facet normal 0 1 0
  outer loop
    vertex 6.168337814204319 20 -13.88128888549251
    vertex 6.168337814204319 20 -10.69200908038262
    vertex 8.75 20 -12.56783941532971
  endloop
endfacet
facet normal 0 1 -0
  outer loop
    vertex 6.168337814204319 20 -13.88128888549251
    vertex 3.586675628408639 20 -12.00545855054542
    vertex 6.168337814204319 20 -10.69200908038262
  endloop
endfacet
facet normal 0 1 -0
  outer loop
    vertex 8.75 20 -12.56783941532971
    vertex 6.168337814204319 20 -10.69200908038262
    vertex 8.75 20 -9.378559610219817
  endloop
endfacet
facet normal 0 1 0
  outer loop
    vertex 8.75 20 -22.13567883065939
    vertex 5.977499331671764 20 -23.64132844324606
    vertex 5.988002668998149 20 -20.54103892810444
  endloop
endfacet
facet normal 0 1 -0
  outer loop
    vertex 5.977499331671764 20 -23.64132844324606
    vertex 3.215502000669913 20 -22.04668854069111
    vertex 5.988002668998149 20 -20.54103892810444
  endloop
endfacet
facet normal 0 1 0
  outer loop
    vertex 5.977499331671764 20 -23.64132844324606
    vertex 3.204998663343527 20 -25.14697805583273
    vertex 3.215502000669913 20 -22.04668854069111
  endloop
endfacet
facet normal 0 1 0
  outer loop
    vertex 5.988002668998149 20 -20.54103892810444
    vertex 3.215502000669913 20 -22.04668854069111
    vertex 3.226005337996298 20 -18.94639902554949
  endloop
endfacet
facet normal -0 1 0
  outer loop
    vertex -8.75 20 -15.75711922043963
    vertex -5.977499331671765 20 -14.25146960785296
    vertex -5.988002668998149 20 -17.35175912299458
  endloop
endfacet
facet normal 0 1 0
  outer loop
    vertex -5.977499331671765 20 -14.25146960785296
    vertex -3.215502000669914 20 -15.84610951040791
    vertex -5.988002668998149 20 -17.35175912299458
  endloop
endfacet
facet normal -0 1 0
  outer loop
    vertex -5.977499331671765 20 -14.25146960785296
    vertex -3.204998663343529 20 -12.74581999526629
    vertex -3.215502000669914 20 -15.84610951040791
  endloop
endfacet
facet normal -0 1 0
  outer loop
    vertex -5.988002668998149 20 -17.35175912299458
    vertex -3.215502000669914 20 -15.84610951040791
    vertex -3.226005337996298 20 -18.94639902554952
  endloop
endfacet
facet normal 0 1 0
  outer loop
    vertex -3.226005337996298 20 -18.94639902554952
    vertex -3.406340483202468 20 -22.41686926305156
    vertex -5.988002668998149 20 -20.54103892810447
  endloop
endfacet
facet normal 0 1 0
  outer loop
    vertex -3.406340483202468 20 -22.41686926305156
    vertex -6.168337814204319 20 -24.01150916560651
    vertex -5.988002668998149 20 -20.54103892810447
  endloop
endfacet
facet normal 0 1 0
  outer loop
    vertex -3.406340483202468 20 -22.41686926305156
    vertex -3.586675628408639 20 -25.8873395005536
    vertex -6.168337814204319 20 -24.01150916560651
  endloop
endfacet
facet normal 0 1 0
  outer loop
    vertex -5.988002668998149 20 -20.54103892810447
    vertex -6.168337814204319 20 -24.01150916560651
    vertex -8.75 20 -22.13567883065942
  endloop
endfacet
facet normal 0 1 0
  outer loop
    vertex 3.226005337996298 20 -18.94639902554949
    vertex 3.406340483202468 20 -15.47592878804746
    vertex 5.988002668998149 20 -17.35175912299455
  endloop
endfacet
facet normal -0 1 0
  outer loop
    vertex 3.406340483202468 20 -15.47592878804746
    vertex 6.168337814204319 20 -13.88128888549251
    vertex 5.988002668998149 20 -17.35175912299455
  endloop
endfacet
facet normal 0 1 0
  outer loop
    vertex 3.406340483202468 20 -15.47592878804746
    vertex 3.586675628408639 20 -12.00545855054542
    vertex 6.168337814204319 20 -13.88128888549251
  endloop
endfacet
facet normal 0 1 0
  outer loop
    vertex 5.988002668998149 20 -17.35175912299455
    vertex 6.168337814204319 20 -13.88128888549251
    vertex 8.75 20 -15.7571192204396
  endloop
endfacet
facet normal 0 1 -0
  outer loop
    vertex 8.75 20 -9.378559610219817
    vertex 6.775334229507532 20 -8.232863106727354
    vertex 8.75 20 -6.189279805109908
  endloop
endfacet
facet normal 0 1 0
  outer loop
    vertex 6.775334229507532 20 -8.232863106727354
    vertex 6.775334229507532 20 -5.043583301617446
    vertex 8.75 20 -6.189279805109908
  endloop
endfacet
facet normal 0 1 -0
  outer loop
    vertex 6.775334229507532 20 -8.232863106727354
    vertex 4.800668459015064 20 -7.087166603234893
    vertex 6.775334229507532 20 -5.043583301617446
  endloop
endfacet
facet normal 0 1 -0
  outer loop
    vertex 8.75 20 -6.189279805109908
    vertex 6.775334229507532 20 -5.043583301617446
    vertex 8.75 20 -3
  endloop
endfacet
facet normal 0 1 0
  outer loop
    vertex -8.75 20 -28.5142384408792
    vertex -6.775334229507531 20 -29.65993494437167
    vertex -8.75 20 -31.70351824598911
  endloop
endfacet
facet normal 0 1 0
  outer loop
    vertex -6.775334229507531 20 -29.65993494437167
    vertex -6.775334229507531 20 -32.84921474948158
    vertex -8.75 20 -31.70351824598911
  endloop
endfacet
facet normal 0 1 0
  outer loop
    vertex -6.775334229507531 20 -29.65993494437167
    vertex -4.800668459015062 20 -30.80563144786413
    vertex -6.775334229507531 20 -32.84921474948158
  endloop
endfacet
facet normal 0 1 0
  outer loop
    vertex -8.75 20 -31.70351824598911
    vertex -6.775334229507531 20 -32.84921474948158
    vertex -8.75 20 -34.89279805109902
  endloop
endfacet
facet normal 0 1 -0
  outer loop
    vertex 8.75 20 -34.89279805109902
    vertex 6.667439297641387 20 -32.72728846293668
    vertex 8.75 20 -31.70351824598912
  endloop
endfacet
facet normal 0 1 0
  outer loop
    vertex 6.667439297641387 20 -32.72728846293668
    vertex 6.667439297641387 20 -29.53800865782678
    vertex 8.75 20 -31.70351824598912
  endloop
endfacet
facet normal 0 1 -0
  outer loop
    vertex 6.667439297641387 20 -32.72728846293668
    vertex 4.584878595282776 20 -30.56177887477435
    vertex 6.667439297641387 20 -29.53800865782678
  endloop
endfacet
facet normal 0 1 -0
  outer loop
    vertex 8.75 20 -31.70351824598912
    vertex 6.667439297641387 20 -29.53800865782678
    vertex 8.75 20 -28.51423844087921
  endloop
endfacet
facet normal 0 1 0
  outer loop
    vertex -8.75 20 -3
    vertex -6.667439297641387 20 -5.165509588162335
    vertex -8.75 20 -6.189279805109907
  endloop
endfacet
facet normal 0 1 0
  outer loop
    vertex -6.667439297641387 20 -5.165509588162335
    vertex -6.667439297641387 20 -8.354789393272242
    vertex -8.75 20 -6.189279805109907
  endloop
endfacet
facet normal 0 1 0
  outer loop
    vertex -6.667439297641387 20 -5.165509588162335
    vertex -4.584878595282774 20 -7.33101917632467
    vertex -6.667439297641387 20 -8.354789393272242
  endloop
endfacet
facet normal 0 1 0
  outer loop
    vertex -8.75 20 -6.189279805109907
    vertex -6.667439297641387 20 -8.354789393272242
    vertex -8.75 20 -9.378559610219813
  endloop
endfacet
facet normal 0 1 0
  outer loop
    vertex 2.916666666666666 20 -34.89279805109902
    vertex 3.750772630974721 20 -32.72728846293668
    vertex 5.833333333333333 20 -34.89279805109902
  endloop
endfacet
facet normal -0 1 0
  outer loop
    vertex 3.750772630974721 20 -32.72728846293668
    vertex 6.667439297641387 20 -32.72728846293668
    vertex 5.833333333333333 20 -34.89279805109902
  endloop
endfacet
facet normal 0 1 0
  outer loop
    vertex 3.750772630974721 20 -32.72728846293668
    vertex 4.584878595282776 20 -30.56177887477435
    vertex 6.667439297641387 20 -32.72728846293668
  endloop
endfacet
facet normal 0 1 0
  outer loop
    vertex 5.833333333333333 20 -34.89279805109902
    vertex 6.667439297641387 20 -32.72728846293668
    vertex 8.75 20 -34.89279805109902
  endloop
endfacet
facet normal 0 1 0
  outer loop
    vertex -2.916666666666666 20 -3
    vertex -3.75077263097472 20 -5.165509588162335
    vertex -5.833333333333333 20 -3
  endloop
endfacet
facet normal 0 1 0
  outer loop
    vertex -3.75077263097472 20 -5.165509588162335
    vertex -6.667439297641387 20 -5.165509588162335
    vertex -5.833333333333333 20 -3
  endloop
endfacet
facet normal 0 1 0
  outer loop
    vertex -3.75077263097472 20 -5.165509588162335
    vertex -4.584878595282774 20 -7.33101917632467
    vertex -6.667439297641387 20 -5.165509588162335
  endloop
endfacet
facet normal 0 1 0
  outer loop
    vertex -5.833333333333333 20 -3
    vertex -6.667439297641387 20 -5.165509588162335
    vertex -8.75 20 -3
  endloop
endfacet
facet normal 0 1 0
  outer loop
    vertex -8.75 20 -34.89279805109902
    vertex -6.775334229507531 20 -32.84921474948158
    vertex -5.833333333333334 20 -34.89279805109902
  endloop
endfacet
facet normal -0 1 0
  outer loop
    vertex -6.775334229507531 20 -32.84921474948158
    vertex -3.858667562840865 20 -32.84921474948158
    vertex -5.833333333333334 20 -34.89279805109902
  endloop
endfacet
facet normal 0 1 0
  outer loop
    vertex -6.775334229507531 20 -32.84921474948158
    vertex -4.800668459015062 20 -30.80563144786413
    vertex -3.858667562840865 20 -32.84921474948158
  endloop
endfacet
facet normal 0 1 0
  outer loop
    vertex -5.833333333333334 20 -34.89279805109902
    vertex -3.858667562840865 20 -32.84921474948158
    vertex -2.916666666666668 20 -34.89279805109902
  endloop
endfacet
facet normal 0 1 0
  outer loop
    vertex 8.75 20 -3
    vertex 6.775334229507532 20 -5.043583301617446
    vertex 5.833333333333336 20 -3
  endloop
endfacet
facet normal 0 1 0
  outer loop
    vertex 6.775334229507532 20 -5.043583301617446
    vertex 3.858667562840866 20 -5.043583301617446
    vertex 5.833333333333336 20 -3
  endloop
endfacet
facet normal 0 1 0
  outer loop
    vertex 6.775334229507532 20 -5.043583301617446
    vertex 4.800668459015064 20 -7.087166603234893
    vertex 3.858667562840866 20 -5.043583301617446
  endloop
endfacet
facet normal 0 1 0
  outer loop
    vertex 5.833333333333336 20 -3
    vertex 3.858667562840866 20 -5.043583301617446
    vertex 2.916666666666668 20 -3
  endloop
endfacet
facet normal 0 1 0
  outer loop
    vertex -3.586675628408639 20 -25.8873395005536
    vertex -4.19367204371185 20 -28.34648547420887
    vertex -6.168337814204319 20 -27.2007889707164
  endloop
endfacet
facet normal 0 1 0
  outer loop
    vertex -4.19367204371185 20 -28.34648547420887
    vertex -6.775334229507531 20 -29.65993494437167
    vertex -6.168337814204319 20 -27.2007889707164
  endloop
endfacet
facet normal 0 1 0
  outer loop
    vertex -4.19367204371185 20 -28.34648547420887
    vertex -4.800668459015062 20 -30.80563144786413
    vertex -6.775334229507531 20 -29.65993494437167
  endloop
endfacet
facet normal 0 1 0
  outer loop
    vertex -6.168337814204319 20 -27.2007889707164
    vertex -6.775334229507531 20 -29.65993494437167
    vertex -8.75 20 -28.5142384408792
  endloop
endfacet
facet normal -0 1 0
  outer loop
    vertex -8.75 20 -9.378559610219813
    vertex -6.667439297641387 20 -8.354789393272242
    vertex -5.977499331671765 20 -11.06218980274305
  endloop
endfacet
facet normal 0 1 0
  outer loop
    vertex -6.667439297641387 20 -8.354789393272242
    vertex -3.894938629313152 20 -10.03841958579548
    vertex -5.977499331671765 20 -11.06218980274305
  endloop
endfacet
facet normal -0 1 0
  outer loop
    vertex -6.667439297641387 20 -8.354789393272242
    vertex -4.584878595282774 20 -7.33101917632467
    vertex -3.894938629313152 20 -10.03841958579548
  endloop
endfacet
facet normal -0 1 0
  outer loop
    vertex -5.977499331671765 20 -11.06218980274305
    vertex -3.894938629313152 20 -10.03841958579548
    vertex -3.204998663343529 20 -12.74581999526629
  endloop
endfacet
facet normal 0 1 0
  outer loop
    vertex 3.586675628408639 20 -12.00545855054542
    vertex 4.193672043711851 20 -9.546312576890157
    vertex 6.168337814204319 20 -10.69200908038262
  endloop
endfacet
facet normal -0 1 0
  outer loop
    vertex 4.193672043711851 20 -9.546312576890157
    vertex 6.775334229507532 20 -8.232863106727354
    vertex 6.168337814204319 20 -10.69200908038262
  endloop
endfacet
facet normal 0 1 0
  outer loop
    vertex 4.193672043711851 20 -9.546312576890157
    vertex 4.800668459015064 20 -7.087166603234893
    vertex 6.775334229507532 20 -8.232863106727354
  endloop
endfacet
facet normal 0 1 0
  outer loop
    vertex 6.168337814204319 20 -10.69200908038262
    vertex 6.775334229507532 20 -8.232863106727354
    vertex 8.75 20 -9.378559610219817
  endloop
endfacet
facet normal 0 1 0
  outer loop
    vertex 8.75 20 -28.51423844087921
    vertex 6.667439297641387 20 -29.53800865782678
    vertex 5.977499331671764 20 -26.83060824835597
  endloop
endfacet
facet normal 0 1 0
  outer loop
    vertex 6.667439297641387 20 -29.53800865782678
    vertex 3.894938629313152 20 -27.85437846530354
    vertex 5.977499331671764 20 -26.83060824835597
  endloop
endfacet
facet normal 0 1 0
  outer loop
    vertex 6.667439297641387 20 -29.53800865782678
    vertex 4.584878595282776 20 -30.56177887477435
    vertex 3.894938629313152 20 -27.85437846530354
  endloop
endfacet
facet normal 0 1 0
  outer loop
    vertex 5.977499331671764 20 -26.83060824835597
    vertex 3.894938629313152 20 -27.85437846530354
    vertex 3.204998663343527 20 -25.14697805583273
  endloop
endfacet
facet normal 0 1 -0
  outer loop
    vertex -2.916666666666668 20 -34.89279805109902
    vertex -3.858667562840865 20 -32.84921474948158
    vertex -1.458333333333335 20 -32.36689062339441
  endloop
endfacet
facet normal 0 1 0
  outer loop
    vertex -3.858667562840865 20 -32.84921474948158
    vertex -2.400334229507532 20 -30.32330732177696
    vertex -1.458333333333335 20 -32.36689062339441
  endloop
endfacet
facet normal 0 1 -0
  outer loop
    vertex -3.858667562840865 20 -32.84921474948158
    vertex -4.800668459015062 20 -30.80563144786413
    vertex -2.400334229507532 20 -30.32330732177696
  endloop
endfacet
facet normal 0 1 -0
  outer loop
    vertex -1.458333333333335 20 -32.36689062339441
    vertex -2.400334229507532 20 -30.32330732177696
    vertex -1.77635683940025e-15 20 -29.84098319568979
  endloop
endfacet
facet normal 0 1 0
  outer loop
    vertex 1.77635683940025e-15 20 -8.051814855409225
    vertex -2.292439297641386 20 -7.691417015866946
    vertex -1.458333333333332 20 -5.525907427704613
  endloop
endfacet
facet normal 0 1 -0
  outer loop
    vertex -2.292439297641386 20 -7.691417015866946
    vertex -3.75077263097472 20 -5.165509588162335
    vertex -1.458333333333332 20 -5.525907427704613
  endloop
endfacet
facet normal 0 1 0
  outer loop
    vertex -2.292439297641386 20 -7.691417015866946
    vertex -4.584878595282774 20 -7.33101917632467
    vertex -3.75077263097472 20 -5.165509588162335
  endloop
endfacet
facet normal 0 1 0
  outer loop
    vertex -1.458333333333332 20 -5.525907427704613
    vertex -3.75077263097472 20 -5.165509588162335
    vertex -2.916666666666666 20 -3
  endloop
endfacet
facet normal 0 1 0
  outer loop
    vertex 2.916666666666668 20 -3
    vertex 3.858667562840866 20 -5.043583301617446
    vertex 1.458333333333336 20 -5.525907427704613
  endloop
endfacet
facet normal 0 1 0
  outer loop
    vertex 3.858667562840866 20 -5.043583301617446
    vertex 2.400334229507532 20 -7.569490729322059
    vertex 1.458333333333336 20 -5.525907427704613
  endloop
endfacet
facet normal 0 1 0
  outer loop
    vertex 3.858667562840866 20 -5.043583301617446
    vertex 4.800668459015064 20 -7.087166603234893
    vertex 2.400334229507532 20 -7.569490729322059
  endloop
endfacet
facet normal 0 1 0
  outer loop
    vertex 1.458333333333336 20 -5.525907427704613
    vertex 2.400334229507532 20 -7.569490729322059
    vertex 1.77635683940025e-15 20 -8.051814855409225
  endloop
endfacet
facet normal 0 1 0
  outer loop
    vertex -1.77635683940025e-15 20 -29.84098319568979
    vertex 2.292439297641387 20 -30.20138103523207
    vertex 1.458333333333332 20 -32.36689062339441
  endloop
endfacet
facet normal 0 1 0
  outer loop
    vertex 2.292439297641387 20 -30.20138103523207
    vertex 3.750772630974721 20 -32.72728846293668
    vertex 1.458333333333332 20 -32.36689062339441
  endloop
endfacet
facet normal 0 1 0
  outer loop
    vertex 2.292439297641387 20 -30.20138103523207
    vertex 4.584878595282776 20 -30.56177887477435
    vertex 3.750772630974721 20 -32.72728846293668
  endloop
endfacet
facet normal 0 1 0
  outer loop
    vertex 1.458333333333332 20 -32.36689062339441
    vertex 3.750772630974721 20 -32.72728846293668
    vertex 2.916666666666666 20 -34.89279805109902
  endloop
endfacet
facet normal 0 1 0
  outer loop
    vertex 3.204998663343527 20 -25.14697805583273
    vertex 3.894938629313152 20 -27.85437846530354
    vertex 1.602499331671762 20 -27.49398062576126
  endloop
endfacet
facet normal 0 1 0
  outer loop
    vertex 3.894938629313152 20 -27.85437846530354
    vertex 2.292439297641387 20 -30.20138103523207
    vertex 1.602499331671762 20 -27.49398062576126
  endloop
endfacet
facet normal 0 1 0
  outer loop
    vertex 3.894938629313152 20 -27.85437846530354
    vertex 4.584878595282776 20 -30.56177887477435
    vertex 2.292439297641387 20 -30.20138103523207
  endloop
endfacet
facet normal 0 1 0
  outer loop
    vertex 1.602499331671762 20 -27.49398062576126
    vertex 2.292439297641387 20 -30.20138103523207
    vertex -1.77635683940025e-15 20 -29.84098319568979
  endloop
endfacet
facet normal 0 1 -0
  outer loop
    vertex -3.204998663343529 20 -12.74581999526629
    vertex -3.894938629313152 20 -10.03841958579548
    vertex -1.602499331671764 20 -10.39881742533776
  endloop
endfacet
facet normal -0 1 0
  outer loop
    vertex -3.894938629313152 20 -10.03841958579548
    vertex -2.292439297641386 20 -7.691417015866946
    vertex -1.602499331671764 20 -10.39881742533776
  endloop
endfacet
facet normal 0 1 -0
  outer loop
    vertex -3.894938629313152 20 -10.03841958579548
    vertex -4.584878595282774 20 -7.33101917632467
    vertex -2.292439297641386 20 -7.691417015866946
  endloop
endfacet
facet normal 0 1 -0
  outer loop
    vertex -1.602499331671764 20 -10.39881742533776
    vertex -2.292439297641386 20 -7.691417015866946
    vertex 1.77635683940025e-15 20 -8.051814855409225
  endloop
endfacet
facet normal -0 1 0
  outer loop
    vertex 1.77635683940025e-15 20 -8.051814855409225
    vertex 2.400334229507532 20 -7.569490729322059
    vertex 1.793337814204321 20 -10.02863670297732
  endloop
endfacet
facet normal 0 1 0
  outer loop
    vertex 2.400334229507532 20 -7.569490729322059
    vertex 4.193672043711851 20 -9.546312576890157
    vertex 1.793337814204321 20 -10.02863670297732
  endloop
endfacet
facet normal -0 1 0
  outer loop
    vertex 2.400334229507532 20 -7.569490729322059
    vertex 4.800668459015064 20 -7.087166603234893
    vertex 4.193672043711851 20 -9.546312576890157
  endloop
endfacet
facet normal -0 1 0
  outer loop
    vertex 1.793337814204321 20 -10.02863670297732
    vertex 4.193672043711851 20 -9.546312576890157
    vertex 3.586675628408639 20 -12.00545855054542
  endloop
endfacet
facet normal 0 1 0
  outer loop
    vertex -1.77635683940025e-15 20 -29.84098319568979
    vertex -2.400334229507532 20 -30.32330732177696
    vertex -1.793337814204321 20 -27.8641613481217
  endloop
endfacet
facet normal 0 1 -0
  outer loop
    vertex -2.400334229507532 20 -30.32330732177696
    vertex -4.19367204371185 20 -28.34648547420887
    vertex -1.793337814204321 20 -27.8641613481217
  endloop
endfacet
facet normal 0 1 0
  outer loop
    vertex -2.400334229507532 20 -30.32330732177696
    vertex -4.800668459015062 20 -30.80563144786413
    vertex -4.19367204371185 20 -28.34648547420887
  endloop
endfacet
facet normal 0 1 0
  outer loop
    vertex -1.793337814204321 20 -27.8641613481217
    vertex -4.19367204371185 20 -28.34648547420887
    vertex -3.586675628408639 20 -25.8873395005536
  endloop
endfacet
facet normal 0 1 0
  outer loop
    vertex 5.874999999999972 23 0
    vertex 7.343749999999979 23 -0.75
    vertex 5.874999999999972 23 -1.5
  endloop
endfacet
facet normal 0 1 0
  outer loop
    vertex 7.343749999999979 23 -0.75
    vertex 7.343749999999979 23 -2.25
    vertex 5.874999999999972 23 -1.5
  endloop
endfacet
facet normal 0 1 0
  outer loop
    vertex 7.343749999999979 23 -0.75
    vertex 8.812499999999986 23 -1.5
    vertex 7.343749999999979 23 -2.25
  endloop
endfacet
facet normal 0 1 0
  outer loop
    vertex 5.874999999999972 23 -1.5
    vertex 7.343749999999979 23 -2.25
    vertex 5.874999999999972 23 -3
  endloop
endfacet
facet normal 0 1 -0
  outer loop
    vertex 5.874999999999972 23 -3
    vertex 4.406249999999968 23 -2.25
    vertex 5.874999999999972 23 -1.5
  endloop
endfacet
facet normal 0 1 0
  outer loop
    vertex 4.406249999999968 23 -2.25
    vertex 4.406249999999968 23 -0.75
    vertex 5.874999999999972 23 -1.5
  endloop
endfacet
facet normal 0 1 -0
  outer loop
    vertex 4.406249999999968 23 -2.25
    vertex 2.937499999999966 23 -1.5
    vertex 4.406249999999968 23 -0.75
  endloop
endfacet
facet normal 0 1 -0
  outer loop
    vertex 5.874999999999972 23 -1.5
    vertex 4.406249999999968 23 -0.75
    vertex 5.874999999999972 23 0
  endloop
endfacet
facet normal 0 1 0
  outer loop
    vertex -3.730349362740526e-14 23 0
    vertex 1.468749999999964 23 -0.75
    vertex -3.730349362740526e-14 23 -1.5
  endloop
endfacet
facet normal 0 1 0
  outer loop
    vertex 1.468749999999964 23 -0.75
    vertex 1.468749999999964 23 -2.25
    vertex -3.730349362740526e-14 23 -1.5
  endloop
endfacet
facet normal 0 1 0
  outer loop
    vertex 1.468749999999964 23 -0.75
    vertex 2.937499999999966 23 -1.5
    vertex 1.468749999999964 23 -2.25
  endloop
endfacet
facet normal 0 1 0
  outer loop
    vertex -3.730349362740526e-14 23 -1.5
    vertex 1.468749999999964 23 -2.25
    vertex -3.730349362740526e-14 23 -3
  endloop
endfacet
facet normal 0 1 0
  outer loop
    vertex -11.75 23 0
    vertex -10.28125 23 -0.75
    vertex -11.75 23 -1.5
  endloop
endfacet
facet normal 0 1 0
  outer loop
    vertex -10.28125 23 -0.75
    vertex -10.28125 23 -2.25
    vertex -11.75 23 -1.5
  endloop
endfacet
facet normal 0 1 0
  outer loop
    vertex -10.28125 23 -0.75
    vertex -8.812500000000007 23 -1.5
    vertex -10.28125 23 -2.25
  endloop
endfacet
facet normal 0 1 0
  outer loop
    vertex -11.75 23 -1.5
    vertex -10.28125 23 -2.25
    vertex -11.75 23 -3
  endloop
endfacet
facet normal 0 1 -0
  outer loop
    vertex -5.875000000000016 23 -3
    vertex -7.343750000000012 23 -2.25
    vertex -5.875000000000016 23 -1.5
  endloop
endfacet
facet normal 0 1 0
  outer loop
    vertex -7.343750000000012 23 -2.25
    vertex -7.343750000000012 23 -0.75
    vertex -5.875000000000016 23 -1.5
  endloop
endfacet
facet normal 0 1 -0
  outer loop
    vertex -7.343750000000012 23 -2.25
    vertex -8.812500000000007 23 -1.5
    vertex -7.343750000000012 23 -0.75
  endloop
endfacet
facet normal 0 1 -0
  outer loop
    vertex -5.875000000000016 23 -1.5
    vertex -7.343750000000012 23 -0.75
    vertex -5.875000000000016 23 0
  endloop
endfacet
facet normal 0 1 -0
  outer loop
    vertex -3.730349362740526e-14 23 -3
    vertex -1.468750000000032 23 -2.25
    vertex -3.730349362740526e-14 23 -1.5
  endloop
endfacet
facet normal 0 1 0
  outer loop
    vertex -1.468750000000032 23 -2.25
    vertex -1.468750000000032 23 -0.7499999999999996
    vertex -3.730349362740526e-14 23 -1.5
  endloop
endfacet
facet normal 0 1 -0
  outer loop
    vertex -1.468750000000032 23 -2.25
    vertex -2.937500000000027 23 -1.499999999999999
    vertex -1.468750000000032 23 -0.7499999999999996
  endloop
endfacet
facet normal 0 1 -0
  outer loop
    vertex -3.730349362740526e-14 23 -1.5
    vertex -1.468750000000032 23 -0.7499999999999996
    vertex -3.730349362740526e-14 23 0
  endloop
endfacet
facet normal 0 1 0
  outer loop
    vertex -5.875000000000016 23 0
    vertex -4.406250000000021 23 -0.7499999999999996
    vertex -5.875000000000016 23 -1.5
  endloop
endfacet
facet normal 0 1 0
  outer loop
    vertex -4.406250000000021 23 -0.7499999999999996
    vertex -4.406250000000021 23 -2.25
    vertex -5.875000000000016 23 -1.5
  endloop
endfacet
facet normal 0 1 0
  outer loop
    vertex -4.406250000000021 23 -0.7499999999999996
    vertex -2.937500000000027 23 -1.499999999999999
    vertex -4.406250000000021 23 -2.25
  endloop
endfacet
facet normal 0 1 0
  outer loop
    vertex -5.875000000000016 23 -1.5
    vertex -4.406250000000021 23 -2.25
    vertex -5.875000000000016 23 -3
  endloop
endfacet
facet normal 0 1 -0
  outer loop
    vertex 11.75 23 -3
    vertex 10.28124999999999 23 -2.25
    vertex 11.75 23 -1.5
  endloop
endfacet
facet normal 0 1 0
  outer loop
    vertex 10.28124999999999 23 -2.25
    vertex 10.28124999999999 23 -0.75
    vertex 11.75 23 -1.5
  endloop
endfacet
facet normal 0 1 -0
  outer loop
    vertex 10.28124999999999 23 -2.25
    vertex 8.812499999999986 23 -1.5
    vertex 10.28124999999999 23 -0.75
  endloop
endfacet
facet normal 0 1 -0
  outer loop
    vertex 11.75 23 -1.5
    vertex 10.28124999999999 23 -0.75
    vertex 11.75 23 0
  endloop
endfacet
facet normal 0 1 0
  outer loop
    vertex 5.874999999999972 23 -3
    vertex 7.343749999999979 23 -2.25
    vertex 8.812499999999986 23 -3
  endloop
endfacet
facet normal -0 1 0
  outer loop
    vertex 7.343749999999979 23 -2.25
    vertex 10.28124999999999 23 -2.25
    vertex 8.812499999999986 23 -3
  endloop
endfacet
facet normal 0 1 0
  outer loop
    vertex 7.343749999999979 23 -2.25
    vertex 8.812499999999986 23 -1.5
    vertex 10.28124999999999 23 -2.25
  endloop
endfacet
facet normal 0 1 0
  outer loop
    vertex 8.812499999999986 23 -3
    vertex 10.28124999999999 23 -2.25
    vertex 11.75 23 -3
  endloop
endfacet
facet normal 0 1 0
  outer loop
    vertex -11.75 23 -3
    vertex -10.28125 23 -2.25
    vertex -8.812500000000007 23 -3
  endloop
endfacet
facet normal -0 1 0
  outer loop
    vertex -10.28125 23 -2.25
    vertex -7.343750000000012 23 -2.25
    vertex -8.812500000000007 23 -3
  endloop
endfacet
facet normal 0 1 0
  outer loop
    vertex -10.28125 23 -2.25
    vertex -8.812500000000007 23 -1.5
    vertex -7.343750000000012 23 -2.25
  endloop
endfacet
facet normal 0 1 0
  outer loop
    vertex -8.812500000000007 23 -3
    vertex -7.343750000000012 23 -2.25
    vertex -5.875000000000016 23 -3
  endloop
endfacet
facet normal 0 1 0
  outer loop
    vertex 11.75 23 0
    vertex 10.28124999999999 23 -0.75
    vertex 8.812499999999986 23 0
  endloop
endfacet
facet normal 0 1 0
  outer loop
    vertex 10.28124999999999 23 -0.75
    vertex 7.343749999999979 23 -0.75
    vertex 8.812499999999986 23 0
  endloop
endfacet
facet normal 0 1 0
  outer loop
    vertex 10.28124999999999 23 -0.75
    vertex 8.812499999999986 23 -1.5
    vertex 7.343749999999979 23 -0.75
  endloop
endfacet
facet normal 0 1 0
  outer loop
    vertex 8.812499999999986 23 0
    vertex 7.343749999999979 23 -0.75
    vertex 5.874999999999972 23 0
  endloop
endfacet
facet normal 0 1 0
  outer loop
    vertex -5.875000000000016 23 0
    vertex -7.343750000000012 23 -0.75
    vertex -8.812500000000007 23 0
  endloop
endfacet
facet normal 0 1 0
  outer loop
    vertex -7.343750000000012 23 -0.75
    vertex -10.28125 23 -0.75
    vertex -8.812500000000007 23 0
  endloop
endfacet
facet normal 0 1 0
  outer loop
    vertex -7.343750000000012 23 -0.75
    vertex -8.812500000000007 23 -1.5
    vertex -10.28125 23 -0.75
  endloop
endfacet
facet normal 0 1 0
  outer loop
    vertex -8.812500000000007 23 0
    vertex -10.28125 23 -0.75
    vertex -11.75 23 0
  endloop
endfacet
facet normal 0 1 0
  outer loop
    vertex -5.875000000000016 23 -3
    vertex -4.406250000000021 23 -2.25
    vertex -2.937500000000027 23 -3
  endloop
endfacet
facet normal -0 1 0
  outer loop
    vertex -4.406250000000021 23 -2.25
    vertex -1.468750000000032 23 -2.25
    vertex -2.937500000000027 23 -3
  endloop
endfacet
facet normal 0 1 0
  outer loop
    vertex -4.406250000000021 23 -2.25
    vertex -2.937500000000027 23 -1.499999999999999
    vertex -1.468750000000032 23 -2.25
  endloop
endfacet
facet normal 0 1 0
  outer loop
    vertex -2.937500000000027 23 -3
    vertex -1.468750000000032 23 -2.25
    vertex -3.730349362740526e-14 23 -3
  endloop
endfacet
facet normal 0 1 0
  outer loop
    vertex -3.730349362740526e-14 23 -3
    vertex 1.468749999999964 23 -2.25
    vertex 2.937499999999966 23 -3
  endloop
endfacet
facet normal -0 1 0
  outer loop
    vertex 1.468749999999964 23 -2.25
    vertex 4.406249999999968 23 -2.25
    vertex 2.937499999999966 23 -3
  endloop
endfacet
facet normal 0 1 0
  outer loop
    vertex 1.468749999999964 23 -2.25
    vertex 2.937499999999966 23 -1.5
    vertex 4.406249999999968 23 -2.25
  endloop
endfacet
facet normal 0 1 0
  outer loop
    vertex 2.937499999999966 23 -3
    vertex 4.406249999999968 23 -2.25
    vertex 5.874999999999972 23 -3
  endloop
endfacet
facet normal 0 1 0
  outer loop
    vertex -3.730349362740526e-14 23 0
    vertex -1.468750000000032 23 -0.7499999999999996
    vertex -2.937500000000027 23 0
  endloop
endfacet
facet normal 0 1 0
  outer loop
    vertex -1.468750000000032 23 -0.7499999999999996
    vertex -4.406250000000021 23 -0.7499999999999996
    vertex -2.937500000000027 23 0
  endloop
endfacet
facet normal 0 1 0
  outer loop
    vertex -1.468750000000032 23 -0.7499999999999996
    vertex -2.937500000000027 23 -1.499999999999999
    vertex -4.406250000000021 23 -0.7499999999999996
  endloop
endfacet
facet normal 0 1 0
  outer loop
    vertex -2.937500000000027 23 0
    vertex -4.406250000000021 23 -0.7499999999999996
    vertex -5.875000000000016 23 0
  endloop
endfacet
facet normal 0 1 0
  outer loop
    vertex 5.874999999999972 23 0
    vertex 4.406249999999968 23 -0.75
    vertex 2.937499999999966 23 0
  endloop
endfacet
facet normal 0 1 0
  outer loop
    vertex 4.406249999999968 23 -0.75
    vertex 1.468749999999964 23 -0.75
    vertex 2.937499999999966 23 0
  endloop
endfacet
facet normal 0 1 0
  outer loop
    vertex 4.406249999999968 23 -0.75
    vertex 2.937499999999966 23 -1.5
    vertex 1.468749999999964 23 -0.75
  endloop
endfacet
facet normal 0 1 0
  outer loop
    vertex 2.937499999999966 23 0
    vertex 1.468749999999964 23 -0.75
    vertex -3.730349362740526e-14 23 0
  endloop
endfacet
facet normal 0 1 0
  outer loop
    vertex 3.760903597001042 20 -66.15301643736376
    vertex 0.1394978440678614 20 -65.96264908895722
    vertex 2.816894552731904 20 -63.07650821868188
  endloop
endfacet
facet normal 0 1 -0
  outer loop
    vertex 0.1394978440678614 20 -65.96264908895722
    vertex -0.8045112002012758 20 -62.88614087027534
    vertex 2.816894552731904 20 -63.07650821868188
  endloop
endfacet
facet normal 0 1 0
  outer loop
    vertex 0.1394978440678614 20 -65.96264908895722
    vertex -3.48190790886532 20 -65.77228174055068
    vertex -0.8045112002012758 20 -62.88614087027534
  endloop
endfacet
facet normal 0 1 0
  outer loop
    vertex 2.816894552731904 20 -63.07650821868188
    vertex -0.8045112002012758 20 -62.88614087027534
    vertex 1.872885508462767 20 -60
  endloop
endfacet
facet normal 0 1 0
  outer loop
    vertex 1.872885508462767 20 -60
    vertex -0.8045112002012758 20 -62.88614087027534
    vertex -1.258457966148931 20 -60
  endloop
endfacet
facet normal 0 1 0
  outer loop
    vertex -0.8045112002012758 20 -62.88614087027534
    vertex -3.935854674812974 20 -62.88614087027534
    vertex -1.258457966148931 20 -60
  endloop
endfacet
facet normal 0 1 0
  outer loop
    vertex -0.8045112002012758 20 -62.88614087027534
    vertex -3.48190790886532 20 -65.77228174055068
    vertex -3.935854674812974 20 -62.88614087027534
  endloop
endfacet
facet normal 0 1 0
  outer loop
    vertex -1.258457966148931 20 -60
    vertex -3.935854674812974 20 -62.88614087027534
    vertex -4.389801440760628 20 -60
  endloop
endfacet
facet normal 0 1 -0
  outer loop
    vertex 1.872885508462767 20 -60
    vertex -0.8045112002012758 20 -57.11385912972466
    vertex 2.816894552731904 20 -56.92349178131812
  endloop
endfacet
facet normal 0 1 0
  outer loop
    vertex -0.8045112002012758 20 -57.11385912972466
    vertex 0.1394978440678614 20 -54.03735091104278
    vertex 2.816894552731904 20 -56.92349178131812
  endloop
endfacet
facet normal 0 1 -0
  outer loop
    vertex -0.8045112002012758 20 -57.11385912972466
    vertex -3.48190790886532 20 -54.22771825944932
    vertex 0.1394978440678614 20 -54.03735091104278
  endloop
endfacet
facet normal 0 1 -0
  outer loop
    vertex 2.816894552731904 20 -56.92349178131812
    vertex 0.1394978440678614 20 -54.03735091104278
    vertex 3.760903597001041 20 -53.84698356263624
  endloop
endfacet
facet normal 0 1 0
  outer loop
    vertex -4.389801440760628 20 -60
    vertex -3.935854674812974 20 -57.11385912972466
    vertex -1.258457966148931 20 -60
  endloop
endfacet
facet normal -0 1 0
  outer loop
    vertex -3.935854674812974 20 -57.11385912972466
    vertex -0.8045112002012758 20 -57.11385912972466
    vertex -1.258457966148931 20 -60
  endloop
endfacet
facet normal 0 1 0
  outer loop
    vertex -3.935854674812974 20 -57.11385912972466
    vertex -3.48190790886532 20 -54.22771825944932
    vertex -0.8045112002012758 20 -57.11385912972466
  endloop
endfacet
facet normal 0 1 0
  outer loop
    vertex -1.258457966148931 20 -60
    vertex -0.8045112002012758 20 -57.11385912972466
    vertex 1.872885508462767 20 -60
  endloop
endfacet
facet normal 0 1 -0
  outer loop
    vertex 0 20 -70.4866316780742
    vertex -1.74095395443266 20 -68.12945670931244
    vertex 1.880451798500522 20 -68.31982405771899
  endloop
endfacet
facet normal -0 1 0
  outer loop
    vertex -1.74095395443266 20 -68.12945670931244
    vertex 0.1394978440678614 20 -65.96264908895722
    vertex 1.880451798500522 20 -68.31982405771899
  endloop
endfacet
facet normal 0 1 -0
  outer loop
    vertex -1.74095395443266 20 -68.12945670931244
    vertex -3.48190790886532 20 -65.77228174055068
    vertex 0.1394978440678614 20 -65.96264908895722
  endloop
endfacet
facet normal 0 1 -0
  outer loop
    vertex 1.880451798500522 20 -68.31982405771899
    vertex 0.1394978440678614 20 -65.96264908895722
    vertex 3.760903597001042 20 -66.15301643736376
  endloop
endfacet
facet normal 0 1 0
  outer loop
    vertex 3.760903597001041 20 -53.84698356263624
    vertex 0.1394978440678614 20 -54.03735091104278
    vertex 1.880451798500521 20 -51.68017594228102
  endloop
endfacet
facet normal 0 1 -0
  outer loop
    vertex 0.1394978440678614 20 -54.03735091104278
    vertex -1.74095395443266 20 -51.87054329068756
    vertex 1.880451798500521 20 -51.68017594228102
  endloop
endfacet
facet normal 0 1 0
  outer loop
    vertex 0.1394978440678614 20 -54.03735091104278
    vertex -3.48190790886532 20 -54.22771825944932
    vertex -1.74095395443266 20 -51.87054329068756
  endloop
endfacet
facet normal 0 1 0
  outer loop
    vertex 1.880451798500521 20 -51.68017594228102
    vertex -1.74095395443266 20 -51.87054329068756
    vertex 0 20 -49.5133683219258
  endloop
endfacet
facet normal 0 1 -0
  outer loop
    vertex 8.75 20 -62.9785596102198
    vertex 5.311442754231384 20 -61.4892798051099
    vertex 8.75 20 -60
  endloop
endfacet
facet normal 0 1 0
  outer loop
    vertex 5.311442754231384 20 -61.4892798051099
    vertex 5.311442754231384 20 -58.5107201948901
    vertex 8.75 20 -60
  endloop
endfacet
facet normal 0 1 -0
  outer loop
    vertex 5.311442754231384 20 -61.4892798051099
    vertex 1.872885508462767 20 -60
    vertex 5.311442754231384 20 -58.5107201948901
  endloop
endfacet
facet normal 0 1 -0
  outer loop
    vertex 8.75 20 -60
    vertex 5.311442754231384 20 -58.5107201948901
    vertex 8.75 20 -57.0214403897802
  endloop
endfacet
facet normal 0 1 0
  outer loop
    vertex -8.75 20 -57.0214403897802
    vertex -6.569900720380314 20 -58.5107201948901
    vertex -8.75 20 -60
  endloop
endfacet
facet normal 0 1 0
  outer loop
    vertex -6.569900720380314 20 -58.5107201948901
    vertex -6.569900720380314 20 -61.4892798051099
    vertex -8.75 20 -60
  endloop
endfacet
facet normal 0 1 0
  outer loop
    vertex -6.569900720380314 20 -58.5107201948901
    vertex -4.389801440760628 20 -60
    vertex -6.569900720380314 20 -61.4892798051099
  endloop
endfacet
facet normal 0 1 0
  outer loop
    vertex -8.75 20 -60
    vertex -6.569900720380314 20 -61.4892798051099
    vertex -8.75 20 -62.9785596102198
  endloop
endfacet
facet normal 0 1 0
  outer loop
    vertex 2.916666666666666 20 -45.10720194890098
    vertex 1.458333333333333 20 -47.31028513541339
    vertex 0 20 -45.10720194890098
  endloop
endfacet
facet normal 0 1 0
  outer loop
    vertex 1.458333333333333 20 -47.31028513541339
    vertex -1.458333333333334 20 -47.31028513541339
    vertex 0 20 -45.10720194890098
  endloop
endfacet
facet normal 0 1 0
  outer loop
    vertex 1.458333333333333 20 -47.31028513541339
    vertex 0 20 -49.5133683219258
    vertex -1.458333333333334 20 -47.31028513541339
  endloop
endfacet
facet normal 0 1 0
  outer loop
    vertex 0 20 -45.10720194890098
    vertex -1.458333333333334 20 -47.31028513541339
    vertex -2.916666666666668 20 -45.10720194890098
  endloop
endfacet
facet normal 0 1 0
  outer loop
    vertex -2.916666666666668 20 -74.89279805109902
    vertex -1.458333333333334 20 -72.68971486458661
    vertex 0 20 -74.89279805109902
  endloop
endfacet
facet normal -0 1 0
  outer loop
    vertex -1.458333333333334 20 -72.68971486458661
    vertex 1.458333333333333 20 -72.68971486458661
    vertex 0 20 -74.89279805109902
  endloop
endfacet
facet normal 0 1 0
  outer loop
    vertex -1.458333333333334 20 -72.68971486458661
    vertex 0 20 -70.4866316780742
    vertex 1.458333333333333 20 -72.68971486458661
  endloop
endfacet
facet normal 0 1 0
  outer loop
    vertex 0 20 -74.89279805109902
    vertex 1.458333333333333 20 -72.68971486458661
    vertex 2.916666666666666 20 -74.89279805109902
  endloop
endfacet
facet normal 0 1 0
  outer loop
    vertex -8.75 20 -62.9785596102198
    vertex -6.11595395443266 20 -64.37542067538524
    vertex -8.75 20 -65.95711922043961
  endloop
endfacet
facet normal 0 1 0
  outer loop
    vertex -6.11595395443266 20 -64.37542067538524
    vertex -6.11595395443266 20 -67.35398028560505
    vertex -8.75 20 -65.95711922043961
  endloop
endfacet
facet normal 0 1 0
  outer loop
    vertex -6.11595395443266 20 -64.37542067538524
    vertex -3.48190790886532 20 -65.77228174055068
    vertex -6.11595395443266 20 -67.35398028560505
  endloop
endfacet
facet normal 0 1 0
  outer loop
    vertex -8.75 20 -65.95711922043961
    vertex -6.11595395443266 20 -67.35398028560505
    vertex -8.75 20 -68.9356788306594
  endloop
endfacet
facet normal 0 1 -0
  outer loop
    vertex 8.75 20 -57.0214403897802
    vertex 6.255451798500521 20 -55.43421197620822
    vertex 8.75 20 -54.04288077956039
  endloop
endfacet
facet normal 0 1 0
  outer loop
    vertex 6.255451798500521 20 -55.43421197620822
    vertex 6.255451798500521 20 -52.45565236598841
    vertex 8.75 20 -54.04288077956039
  endloop
endfacet
facet normal 0 1 -0
  outer loop
    vertex 6.255451798500521 20 -55.43421197620822
    vertex 3.760903597001041 20 -53.84698356263624
    vertex 6.255451798500521 20 -52.45565236598841
  endloop
endfacet
facet normal 0 1 -0
  outer loop
    vertex 8.75 20 -54.04288077956039
    vertex 6.255451798500521 20 -52.45565236598841
    vertex 8.75 20 -51.06432116934059
  endloop
endfacet
facet normal 0 1 0
  outer loop
    vertex -8.75 20 -51.06432116934059
    vertex -6.11595395443266 20 -52.64601971439496
    vertex -8.75 20 -54.04288077956039
  endloop
endfacet
facet normal 0 1 0
  outer loop
    vertex -6.11595395443266 20 -52.64601971439496
    vertex -6.11595395443266 20 -55.62457932461476
    vertex -8.75 20 -54.04288077956039
  endloop
endfacet
facet normal 0 1 0
  outer loop
    vertex -6.11595395443266 20 -52.64601971439496
    vertex -3.48190790886532 20 -54.22771825944932
    vertex -6.11595395443266 20 -55.62457932461476
  endloop
endfacet
facet normal 0 1 0
  outer loop
    vertex -8.75 20 -54.04288077956039
    vertex -6.11595395443266 20 -55.62457932461476
    vertex -8.75 20 -57.0214403897802
  endloop
endfacet
facet normal 0 1 -0
  outer loop
    vertex 8.75 20 -68.9356788306594
    vertex 6.255451798500522 20 -67.54434763401159
    vertex 8.75 20 -65.95711922043961
  endloop
endfacet
facet normal 0 1 0
  outer loop
    vertex 6.255451798500522 20 -67.54434763401159
    vertex 6.255451798500522 20 -64.56578802379178
    vertex 8.75 20 -65.95711922043961
  endloop
endfacet
facet normal 0 1 -0
  outer loop
    vertex 6.255451798500522 20 -67.54434763401159
    vertex 3.760903597001042 20 -66.15301643736376
    vertex 6.255451798500522 20 -64.56578802379178
  endloop
endfacet
facet normal 0 1 -0
  outer loop
    vertex 8.75 20 -65.95711922043961
    vertex 6.255451798500522 20 -64.56578802379178
    vertex 8.75 20 -62.9785596102198
  endloop
endfacet
facet normal 0 1 0
  outer loop
    vertex -8.75 20 -68.9356788306594
    vertex -6.676411983972718 20 -69.84317448974977
    vertex -8.75 20 -71.91423844087922
  endloop
endfacet
facet normal 0 1 0
  outer loop
    vertex -6.676411983972718 20 -69.84317448974977
    vertex -6.676411983972718 20 -72.82173409996958
    vertex -8.75 20 -71.91423844087922
  endloop
endfacet
facet normal 0 1 0
  outer loop
    vertex -6.676411983972718 20 -69.84317448974977
    vertex -4.602823967945437 20 -70.75067014884013
    vertex -6.676411983972718 20 -72.82173409996958
  endloop
endfacet
facet normal 0 1 0
  outer loop
    vertex -8.75 20 -71.91423844087922
    vertex -6.676411983972718 20 -72.82173409996958
    vertex -8.75 20 -74.89279805109902
  endloop
endfacet
facet normal 0 1 0
  outer loop
    vertex -8.75 20 -45.10720194890098
    vertex -6.676411983972717 20 -47.17826590003042
    vertex -8.75 20 -48.08576155912078
  endloop
endfacet
facet normal 0 1 0
  outer loop
    vertex -6.676411983972717 20 -47.17826590003042
    vertex -6.676411983972717 20 -50.15682551025023
    vertex -8.75 20 -48.08576155912078
  endloop
endfacet
facet normal 0 1 0
  outer loop
    vertex -6.676411983972717 20 -47.17826590003042
    vertex -4.602823967945433 20 -49.24932985115987
    vertex -6.676411983972717 20 -50.15682551025023
  endloop
endfacet
facet normal 0 1 0
  outer loop
    vertex -8.75 20 -48.08576155912078
    vertex -6.676411983972717 20 -50.15682551025023
    vertex -8.75 20 -51.06432116934059
  endloop
endfacet
facet normal 0 1 -0
  outer loop
    vertex 8.75 20 -51.06432116934059
    vertex 6.669184714164119 20 -50.16701358601064
    vertex 8.75 20 -48.08576155912078
  endloop
endfacet
facet normal 0 1 0
  outer loop
    vertex 6.669184714164119 20 -50.16701358601064
    vertex 6.669184714164119 20 -47.18845397579084
    vertex 8.75 20 -48.08576155912078
  endloop
endfacet
facet normal 0 1 -0
  outer loop
    vertex 6.669184714164119 20 -50.16701358601064
    vertex 4.588369428328237 20 -49.26970600268069
    vertex 6.669184714164119 20 -47.18845397579084
  endloop
endfacet
facet normal 0 1 -0
  outer loop
    vertex 8.75 20 -48.08576155912078
    vertex 6.669184714164119 20 -47.18845397579084
    vertex 8.75 20 -45.10720194890098
  endloop
endfacet
facet normal 0 1 -0
  outer loop
    vertex 8.75 20 -74.89279805109902
    vertex 6.669184714164119 20 -72.81154602420916
    vertex 8.75 20 -71.91423844087922
  endloop
endfacet
facet normal 0 1 0
  outer loop
    vertex 6.669184714164119 20 -72.81154602420916
    vertex 6.669184714164119 20 -69.83298641398936
    vertex 8.75 20 -71.91423844087922
  endloop
endfacet
facet normal 0 1 -0
  outer loop
    vertex 6.669184714164119 20 -72.81154602420916
    vertex 4.588369428328237 20 -70.73029399731931
    vertex 6.669184714164119 20 -69.83298641398936
  endloop
endfacet
facet normal 0 1 -0
  outer loop
    vertex 8.75 20 -71.91423844087922
    vertex 6.669184714164119 20 -69.83298641398936
    vertex 8.75 20 -68.9356788306594
  endloop
endfacet
facet normal 0 1 0
  outer loop
    vertex 8.75 20 -45.10720194890098
    vertex 6.669184714164119 20 -47.18845397579084
    vertex 5.833333333333333 20 -45.10720194890098
  endloop
endfacet
facet normal 0 1 0
  outer loop
    vertex 6.669184714164119 20 -47.18845397579084
    vertex 3.752518047497452 20 -47.18845397579084
    vertex 5.833333333333333 20 -45.10720194890098
  endloop
endfacet
facet normal 0 1 0
  outer loop
    vertex 6.669184714164119 20 -47.18845397579084
    vertex 4.588369428328237 20 -49.26970600268069
    vertex 3.752518047497452 20 -47.18845397579084
  endloop
endfacet
facet normal 0 1 0
  outer loop
    vertex 5.833333333333333 20 -45.10720194890098
    vertex 3.752518047497452 20 -47.18845397579084
    vertex 2.916666666666666 20 -45.10720194890098
  endloop
endfacet
facet normal 0 1 0
  outer loop
    vertex 2.916666666666666 20 -74.89279805109902
    vertex 3.752518047497452 20 -72.81154602420916
    vertex 5.833333333333333 20 -74.89279805109902
  endloop
endfacet
facet normal -0 1 0
  outer loop
    vertex 3.752518047497452 20 -72.81154602420916
    vertex 6.669184714164119 20 -72.81154602420916
    vertex 5.833333333333333 20 -74.89279805109902
  endloop
endfacet
facet normal 0 1 0
  outer loop
    vertex 3.752518047497452 20 -72.81154602420916
    vertex 4.588369428328237 20 -70.73029399731931
    vertex 6.669184714164119 20 -72.81154602420916
  endloop
endfacet
facet normal 0 1 0
  outer loop
    vertex 5.833333333333333 20 -74.89279805109902
    vertex 6.669184714164119 20 -72.81154602420916
    vertex 8.75 20 -74.89279805109902
  endloop
endfacet
facet normal 0 1 0
  outer loop
    vertex -2.916666666666668 20 -45.10720194890098
    vertex -3.75974531730605 20 -47.17826590003042
    vertex -5.833333333333334 20 -45.10720194890098
  endloop
endfacet
facet normal 0 1 0
  outer loop
    vertex -3.75974531730605 20 -47.17826590003042
    vertex -6.676411983972717 20 -47.17826590003042
    vertex -5.833333333333334 20 -45.10720194890098
  endloop
endfacet
facet normal 0 1 0
  outer loop
    vertex -3.75974531730605 20 -47.17826590003042
    vertex -4.602823967945433 20 -49.24932985115987
    vertex -6.676411983972717 20 -47.17826590003042
  endloop
endfacet
facet normal 0 1 0
  outer loop
    vertex -5.833333333333334 20 -45.10720194890098
    vertex -6.676411983972717 20 -47.17826590003042
    vertex -8.75 20 -45.10720194890098
  endloop
endfacet
facet normal 0 1 0
  outer loop
    vertex -8.75 20 -74.89279805109902
    vertex -6.676411983972718 20 -72.82173409996958
    vertex -5.833333333333334 20 -74.89279805109902
  endloop
endfacet
facet normal -0 1 0
  outer loop
    vertex -6.676411983972718 20 -72.82173409996958
    vertex -3.759745317306052 20 -72.82173409996958
    vertex -5.833333333333334 20 -74.89279805109902
  endloop
endfacet
facet normal 0 1 0
  outer loop
    vertex -6.676411983972718 20 -72.82173409996958
    vertex -4.602823967945437 20 -70.75067014884013
    vertex -3.759745317306052 20 -72.82173409996958
  endloop
endfacet
facet normal 0 1 0
  outer loop
    vertex -5.833333333333334 20 -74.89279805109902
    vertex -3.759745317306052 20 -72.82173409996958
    vertex -2.916666666666668 20 -74.89279805109902
  endloop
endfacet
facet normal 0 1 0
  outer loop
    vertex 8.75 20 -62.9785596102198
    vertex 6.255451798500522 20 -64.56578802379178
    vertex 5.311442754231384 20 -61.4892798051099
  endloop
endfacet
facet normal 0 1 0
  outer loop
    vertex 6.255451798500522 20 -64.56578802379178
    vertex 2.816894552731904 20 -63.07650821868188
    vertex 5.311442754231384 20 -61.4892798051099
  endloop
endfacet
facet normal 0 1 0
  outer loop
    vertex 6.255451798500522 20 -64.56578802379178
    vertex 3.760903597001042 20 -66.15301643736376
    vertex 2.816894552731904 20 -63.07650821868188
  endloop
endfacet
facet normal 0 1 0
  outer loop
    vertex 5.311442754231384 20 -61.4892798051099
    vertex 2.816894552731904 20 -63.07650821868188
    vertex 1.872885508462767 20 -60
  endloop
endfacet
facet normal 0 1 0
  outer loop
    vertex -4.389801440760628 20 -60
    vertex -3.935854674812974 20 -62.88614087027534
    vertex -6.569900720380314 20 -61.4892798051099
  endloop
endfacet
facet normal 0 1 0
  outer loop
    vertex -3.935854674812974 20 -62.88614087027534
    vertex -6.11595395443266 20 -64.37542067538524
    vertex -6.569900720380314 20 -61.4892798051099
  endloop
endfacet
facet normal 0 1 0
  outer loop
    vertex -3.935854674812974 20 -62.88614087027534
    vertex -3.48190790886532 20 -65.77228174055068
    vertex -6.11595395443266 20 -64.37542067538524
  endloop
endfacet
facet normal 0 1 0
  outer loop
    vertex -6.569900720380314 20 -61.4892798051099
    vertex -6.11595395443266 20 -64.37542067538524
    vertex -8.75 20 -62.9785596102198
  endloop
endfacet
facet normal -0 1 0
  outer loop
    vertex -8.75 20 -57.0214403897802
    vertex -6.11595395443266 20 -55.62457932461476
    vertex -6.569900720380314 20 -58.5107201948901
  endloop
endfacet
facet normal 0 1 0
  outer loop
    vertex -6.11595395443266 20 -55.62457932461476
    vertex -3.935854674812974 20 -57.11385912972466
    vertex -6.569900720380314 20 -58.5107201948901
  endloop
endfacet
facet normal -0 1 0
  outer loop
    vertex -6.11595395443266 20 -55.62457932461476
    vertex -3.48190790886532 20 -54.22771825944932
    vertex -3.935854674812974 20 -57.11385912972466
  endloop
endfacet
facet normal -0 1 0
  outer loop
    vertex -6.569900720380314 20 -58.5107201948901
    vertex -3.935854674812974 20 -57.11385912972466
    vertex -4.389801440760628 20 -60
  endloop
endfacet
facet normal 0 1 0
  outer loop
    vertex 1.872885508462767 20 -60
    vertex 2.816894552731904 20 -56.92349178131812
    vertex 5.311442754231384 20 -58.5107201948901
  endloop
endfacet
facet normal -0 1 0
  outer loop
    vertex 2.816894552731904 20 -56.92349178131812
    vertex 6.255451798500521 20 -55.43421197620822
    vertex 5.311442754231384 20 -58.5107201948901
  endloop
endfacet
facet normal 0 1 0
  outer loop
    vertex 2.816894552731904 20 -56.92349178131812
    vertex 3.760903597001041 20 -53.84698356263624
    vertex 6.255451798500521 20 -55.43421197620822
  endloop
endfacet
facet normal 0 1 0
  outer loop
    vertex 5.311442754231384 20 -58.5107201948901
    vertex 6.255451798500521 20 -55.43421197620822
    vertex 8.75 20 -57.0214403897802
  endloop
endfacet
facet normal 0 1 0
  outer loop
    vertex 0 20 -49.5133683219258
    vertex -2.301411983972717 20 -49.38134908654283
    vertex -1.458333333333334 20 -47.31028513541339
  endloop
endfacet
facet normal 0 1 -0
  outer loop
    vertex -2.301411983972717 20 -49.38134908654283
    vertex -3.75974531730605 20 -47.17826590003042
    vertex -1.458333333333334 20 -47.31028513541339
  endloop
endfacet
facet normal 0 1 0
  outer loop
    vertex -2.301411983972717 20 -49.38134908654283
    vertex -4.602823967945433 20 -49.24932985115987
    vertex -3.75974531730605 20 -47.17826590003042
  endloop
endfacet
facet normal 0 1 0
  outer loop
    vertex -1.458333333333334 20 -47.31028513541339
    vertex -3.75974531730605 20 -47.17826590003042
    vertex -2.916666666666668 20 -45.10720194890098
  endloop
endfacet
facet normal 0 1 0
  outer loop
    vertex 2.916666666666666 20 -45.10720194890098
    vertex 3.752518047497452 20 -47.18845397579084
    vertex 1.458333333333333 20 -47.31028513541339
  endloop
endfacet
facet normal 0 1 0
  outer loop
    vertex 3.752518047497452 20 -47.18845397579084
    vertex 2.294184714164119 20 -49.39153716230324
    vertex 1.458333333333333 20 -47.31028513541339
  endloop
endfacet
facet normal 0 1 0
  outer loop
    vertex 3.752518047497452 20 -47.18845397579084
    vertex 4.588369428328237 20 -49.26970600268069
    vertex 2.294184714164119 20 -49.39153716230324
  endloop
endfacet
facet normal 0 1 0
  outer loop
    vertex 1.458333333333333 20 -47.31028513541339
    vertex 2.294184714164119 20 -49.39153716230324
    vertex 0 20 -49.5133683219258
  endloop
endfacet
facet normal 0 1 0
  outer loop
    vertex 0 20 -70.4866316780742
    vertex 2.294184714164119 20 -70.60846283769676
    vertex 1.458333333333333 20 -72.68971486458661
  endloop
endfacet
facet normal 0 1 0
  outer loop
    vertex 2.294184714164119 20 -70.60846283769676
    vertex 3.752518047497452 20 -72.81154602420916
    vertex 1.458333333333333 20 -72.68971486458661
  endloop
endfacet
facet normal 0 1 0
  outer loop
    vertex 2.294184714164119 20 -70.60846283769676
    vertex 4.588369428328237 20 -70.73029399731931
    vertex 3.752518047497452 20 -72.81154602420916
  endloop
endfacet
facet normal 0 1 0
  outer loop
    vertex 1.458333333333333 20 -72.68971486458661
    vertex 3.752518047497452 20 -72.81154602420916
    vertex 2.916666666666666 20 -74.89279805109902
  endloop
endfacet
facet normal 0 1 -0
  outer loop
    vertex -2.916666666666668 20 -74.89279805109902
    vertex -3.759745317306052 20 -72.82173409996958
    vertex -1.458333333333334 20 -72.68971486458661
  endloop
endfacet
facet normal 0 1 0
  outer loop
    vertex -3.759745317306052 20 -72.82173409996958
    vertex -2.301411983972718 20 -70.61865091345717
    vertex -1.458333333333334 20 -72.68971486458661
  endloop
endfacet
facet normal 0 1 -0
  outer loop
    vertex -3.759745317306052 20 -72.82173409996958
    vertex -4.602823967945437 20 -70.75067014884013
    vertex -2.301411983972718 20 -70.61865091345717
  endloop
endfacet
facet normal 0 1 -0
  outer loop
    vertex -1.458333333333334 20 -72.68971486458661
    vertex -2.301411983972718 20 -70.61865091345717
    vertex 0 20 -70.4866316780742
  endloop
endfacet
facet normal 0 1 0
  outer loop
    vertex -3.48190790886532 20 -65.77228174055068
    vertex -4.042365938405379 20 -68.26147594469541
    vertex -6.11595395443266 20 -67.35398028560505
  endloop
endfacet
facet normal 0 1 0
  outer loop
    vertex -4.042365938405379 20 -68.26147594469541
    vertex -6.676411983972718 20 -69.84317448974977
    vertex -6.11595395443266 20 -67.35398028560505
  endloop
endfacet
facet normal 0 1 0
  outer loop
    vertex -4.042365938405379 20 -68.26147594469541
    vertex -4.602823967945437 20 -70.75067014884013
    vertex -6.676411983972718 20 -69.84317448974977
  endloop
endfacet
facet normal 0 1 0
  outer loop
    vertex -6.11595395443266 20 -67.35398028560505
    vertex -6.676411983972718 20 -69.84317448974977
    vertex -8.75 20 -68.9356788306594
  endloop
endfacet
facet normal 0 1 0
  outer loop
    vertex 3.760903597001041 20 -53.84698356263624
    vertex 4.174636512664639 20 -51.55834478265847
    vertex 6.255451798500521 20 -52.45565236598841
  endloop
endfacet
facet normal -0 1 0
  outer loop
    vertex 4.174636512664639 20 -51.55834478265847
    vertex 6.669184714164119 20 -50.16701358601064
    vertex 6.255451798500521 20 -52.45565236598841
  endloop
endfacet
facet normal 0 1 0
  outer loop
    vertex 4.174636512664639 20 -51.55834478265847
    vertex 4.588369428328237 20 -49.26970600268069
    vertex 6.669184714164119 20 -50.16701358601064
  endloop
endfacet
facet normal 0 1 0
  outer loop
    vertex 6.255451798500521 20 -52.45565236598841
    vertex 6.669184714164119 20 -50.16701358601064
    vertex 8.75 20 -51.06432116934059
  endloop
endfacet
facet normal -0 1 0
  outer loop
    vertex -8.75 20 -51.06432116934059
    vertex -6.676411983972717 20 -50.15682551025023
    vertex -6.11595395443266 20 -52.64601971439496
  endloop
endfacet
facet normal 0 1 0
  outer loop
    vertex -6.676411983972717 20 -50.15682551025023
    vertex -4.042365938405377 20 -51.73852405530459
    vertex -6.11595395443266 20 -52.64601971439496
  endloop
endfacet
facet normal -0 1 0
  outer loop
    vertex -6.676411983972717 20 -50.15682551025023
    vertex -4.602823967945433 20 -49.24932985115987
    vertex -4.042365938405377 20 -51.73852405530459
  endloop
endfacet
facet normal -0 1 0
  outer loop
    vertex -6.11595395443266 20 -52.64601971439496
    vertex -4.042365938405377 20 -51.73852405530459
    vertex -3.48190790886532 20 -54.22771825944932
  endloop
endfacet
facet normal 0 1 0
  outer loop
    vertex 8.75 20 -68.9356788306594
    vertex 6.669184714164119 20 -69.83298641398936
    vertex 6.255451798500522 20 -67.54434763401159
  endloop
endfacet
facet normal 0 1 0
  outer loop
    vertex 6.669184714164119 20 -69.83298641398936
    vertex 4.174636512664639 20 -68.44165521734153
    vertex 6.255451798500522 20 -67.54434763401159
  endloop
endfacet
facet normal 0 1 0
  outer loop
    vertex 6.669184714164119 20 -69.83298641398936
    vertex 4.588369428328237 20 -70.73029399731931
    vertex 4.174636512664639 20 -68.44165521734153
  endloop
endfacet
facet normal 0 1 0
  outer loop
    vertex 6.255451798500522 20 -67.54434763401159
    vertex 4.174636512664639 20 -68.44165521734153
    vertex 3.760903597001042 20 -66.15301643736376
  endloop
endfacet
facet normal 0 1 0
  outer loop
    vertex 3.760903597001042 20 -66.15301643736376
    vertex 4.174636512664639 20 -68.44165521734153
    vertex 1.880451798500522 20 -68.31982405771899
  endloop
endfacet
facet normal 0 1 0
  outer loop
    vertex 4.174636512664639 20 -68.44165521734153
    vertex 2.294184714164119 20 -70.60846283769676
    vertex 1.880451798500522 20 -68.31982405771899
  endloop
endfacet
facet normal 0 1 0
  outer loop
    vertex 4.174636512664639 20 -68.44165521734153
    vertex 4.588369428328237 20 -70.73029399731931
    vertex 2.294184714164119 20 -70.60846283769676
  endloop
endfacet
facet normal 0 1 0
  outer loop
    vertex 1.880451798500522 20 -68.31982405771899
    vertex 2.294184714164119 20 -70.60846283769676
    vertex 0 20 -70.4866316780742
  endloop
endfacet
facet normal 0 1 0
  outer loop
    vertex 0 20 -70.4866316780742
    vertex -2.301411983972718 20 -70.61865091345717
    vertex -1.74095395443266 20 -68.12945670931244
  endloop
endfacet
facet normal 0 1 -0
  outer loop
    vertex -2.301411983972718 20 -70.61865091345717
    vertex -4.042365938405379 20 -68.26147594469541
    vertex -1.74095395443266 20 -68.12945670931244
  endloop
endfacet
facet normal 0 1 0
  outer loop
    vertex -2.301411983972718 20 -70.61865091345717
    vertex -4.602823967945437 20 -70.75067014884013
    vertex -4.042365938405379 20 -68.26147594469541
  endloop
endfacet
facet normal 0 1 0
  outer loop
    vertex -1.74095395443266 20 -68.12945670931244
    vertex -4.042365938405379 20 -68.26147594469541
    vertex -3.48190790886532 20 -65.77228174055068
  endloop
endfacet
facet normal -0 1 0
  outer loop
    vertex 0 20 -49.5133683219258
    vertex 2.294184714164119 20 -49.39153716230324
    vertex 1.880451798500521 20 -51.68017594228102
  endloop
endfacet
facet normal 0 1 0
  outer loop
    vertex 2.294184714164119 20 -49.39153716230324
    vertex 4.174636512664639 20 -51.55834478265847
    vertex 1.880451798500521 20 -51.68017594228102
  endloop
endfacet
facet normal -0 1 0
  outer loop
    vertex 2.294184714164119 20 -49.39153716230324
    vertex 4.588369428328237 20 -49.26970600268069
    vertex 4.174636512664639 20 -51.55834478265847
  endloop
endfacet
facet normal -0 1 0
  outer loop
    vertex 1.880451798500521 20 -51.68017594228102
    vertex 4.174636512664639 20 -51.55834478265847
    vertex 3.760903597001041 20 -53.84698356263624
  endloop
endfacet
facet normal 0 1 -0
  outer loop
    vertex -3.48190790886532 20 -54.22771825944932
    vertex -4.042365938405377 20 -51.73852405530459
    vertex -1.74095395443266 20 -51.87054329068756
  endloop
endfacet
facet normal -0 1 0
  outer loop
    vertex -4.042365938405377 20 -51.73852405530459
    vertex -2.301411983972717 20 -49.38134908654283
    vertex -1.74095395443266 20 -51.87054329068756
  endloop
endfacet
facet normal 0 1 -0
  outer loop
    vertex -4.042365938405377 20 -51.73852405530459
    vertex -4.602823967945433 20 -49.24932985115987
    vertex -2.301411983972717 20 -49.38134908654283
  endloop
endfacet
facet normal 0 1 -0
  outer loop
    vertex -1.74095395443266 20 -51.87054329068756
    vertex -2.301411983972717 20 -49.38134908654283
    vertex 0 20 -49.5133683219258
  endloop
endfacet
facet normal 4.44141e-15 0.351896 -0.936039
  outer loop
    vertex -8.75 20 -74.89279805109902
    vertex -6.931101924287333 17.9564367446603 -75.66105803502562
    vertex -8.75 17.71021350380676 -75.75362353920869
  endloop
endfacet
facet normal 4.40398e-15 0.351896 -0.936039
  outer loop
    vertex -6.931101924287333 17.9564367446603 -75.66105803502562
    vertex -6.931101924287333 15.66665024846706 -76.52188352313529
    vertex -8.75 17.71021350380676 -75.75362353920869
  endloop
endfacet
facet normal -3.24373e-15 0.351896 -0.936039
  outer loop
    vertex -6.931101924287333 17.9564367446603 -75.66105803502562
    vertex -5.112203848574666 15.91287348932061 -76.42931801895223
    vertex -6.931101924287333 15.66665024846706 -76.52188352313529
  endloop
endfacet
facet normal 3.79266e-15 0.351896 -0.936039
  outer loop
    vertex -8.75 17.71021350380676 -75.75362353920869
    vertex -6.931101924287333 15.66665024846706 -76.52188352313529
    vertex -8.75 15.42042700761352 -76.61444902731836
  endloop
endfacet
facet normal -3.79266e-15 0.351896 -0.936039
  outer loop
    vertex 8.75 15.42042700761352 -76.61444902731836
    vertex 6.931101924287329 15.66665024846706 -76.52188352313529
    vertex 8.75 17.71021350380676 -75.75362353920869
  endloop
endfacet
facet normal -4.39151e-15 0.351896 -0.936039
  outer loop
    vertex 6.931101924287329 15.66665024846706 -76.52188352313529
    vertex 6.931101924287329 17.9564367446603 -75.66105803502562
    vertex 8.75 17.71021350380676 -75.75362353920869
  endloop
endfacet
facet normal 3.24996e-15 0.351896 -0.936039
  outer loop
    vertex 6.931101924287329 15.66665024846706 -76.52188352313529
    vertex 5.112203848574658 15.91287348932061 -76.42931801895223
    vertex 6.931101924287329 17.9564367446603 -75.66105803502562
  endloop
endfacet
facet normal -4.44141e-15 0.351896 -0.936039
  outer loop
    vertex 8.75 17.71021350380676 -75.75362353920869
    vertex 6.931101924287329 17.9564367446603 -75.66105803502562
    vertex 8.75 20 -74.89279805109902
  endloop
endfacet
facet normal 0 0.351896 -0.936039
  outer loop
    vertex -2.916666666666668 20 -74.89279805109902
    vertex -4.014435257620667 17.9564367446603 -75.66105803502562
    vertex -5.833333333333334 20 -74.89279805109902
  endloop
endfacet
facet normal 0 0.351896 -0.936039
  outer loop
    vertex -4.014435257620667 17.9564367446603 -75.66105803502562
    vertex -6.931101924287333 17.9564367446603 -75.66105803502562
    vertex -5.833333333333334 20 -74.89279805109902
  endloop
endfacet
facet normal 0 0.351896 -0.936039
  outer loop
    vertex -4.014435257620667 17.9564367446603 -75.66105803502562
    vertex -5.112203848574666 15.91287348932061 -76.42931801895223
    vertex -6.931101924287333 17.9564367446603 -75.66105803502562
  endloop
endfacet
facet normal 0 0.351896 -0.936039
  outer loop
    vertex -5.833333333333334 20 -74.89279805109902
    vertex -6.931101924287333 17.9564367446603 -75.66105803502562
    vertex -8.75 20 -74.89279805109902
  endloop
endfacet
facet normal 0 0.351896 -0.936039
  outer loop
    vertex 8.75 20 -74.89279805109902
    vertex 6.931101924287329 17.9564367446603 -75.66105803502562
    vertex 5.833333333333333 20 -74.89279805109902
  endloop
endfacet
facet normal 0 0.351896 -0.936039
  outer loop
    vertex 6.931101924287329 17.9564367446603 -75.66105803502562
    vertex 4.014435257620661 17.9564367446603 -75.66105803502562
    vertex 5.833333333333333 20 -74.89279805109902
  endloop
endfacet
facet normal 0 0.351896 -0.936039
  outer loop
    vertex 6.931101924287329 17.9564367446603 -75.66105803502562
    vertex 5.112203848574658 15.91287348932061 -76.42931801895223
    vertex 4.014435257620661 17.9564367446603 -75.66105803502562
  endloop
endfacet
facet normal 0 0.351896 -0.936039
  outer loop
    vertex 5.833333333333333 20 -74.89279805109902
    vertex 4.014435257620661 17.9564367446603 -75.66105803502562
    vertex 2.916666666666666 20 -74.89279805109902
  endloop
endfacet
facet normal -2.3531e-15 0.351896 -0.936039
  outer loop
    vertex 2.599344548590315 12.76867244649885 -77.61135328813634
    vertex 3.855774198582486 14.34077296790973 -77.02033565354429
    vertex 5.16239694461276 12.33764690480837 -77.77339362374418
  endloop
endfacet
facet normal -7.08435e-16 0.351896 -0.936039
  outer loop
    vertex 3.855774198582486 14.34077296790973 -77.02033565354429
    vertex 6.384707862382814 13.7756661193839 -77.2327827002559
    vertex 5.16239694461276 12.33764690480837 -77.77339362374418
  endloop
endfacet
facet normal 2.88316e-16 0.351896 -0.936039
  outer loop
    vertex 3.855774198582486 14.34077296790973 -77.02033565354429
    vertex 5.112203848574658 15.91287348932061 -76.42931801895223
    vertex 6.384707862382814 13.7756661193839 -77.2327827002559
  endloop
endfacet
facet normal -3.61437e-15 0.351896 -0.936039
  outer loop
    vertex 5.16239694461276 12.33764690480837 -77.77339362374418
    vertex 6.384707862382814 13.7756661193839 -77.2327827002559
    vertex 7.65721187619097 11.63845874944719 -78.03624738155956
  endloop
endfacet
facet normal 4.14074e-15 0.351896 -0.936039
  outer loop
    vertex -7.657211876190968 11.63845874944719 -78.03624738155956
    vertex -6.384707862382818 13.7756661193839 -77.2327827002559
    vertex -5.162396944612093 12.33764690480852 -77.77339362374413
  endloop
endfacet
facet normal 8.04494e-16 0.351896 -0.936039
  outer loop
    vertex -6.384707862382818 13.7756661193839 -77.2327827002559
    vertex -3.855774198582504 14.34077296790973 -77.02033565354429
    vertex -5.162396944612093 12.33764690480852 -77.77339362374413
  endloop
endfacet
facet normal -2.99405e-16 0.351896 -0.936039
  outer loop
    vertex -6.384707862382818 13.7756661193839 -77.2327827002559
    vertex -5.112203848574666 15.91287348932061 -76.42931801895223
    vertex -3.855774198582504 14.34077296790973 -77.02033565354429
  endloop
endfacet
facet normal 2.10301e-15 0.351896 -0.936039
  outer loop
    vertex -5.162396944612093 12.33764690480852 -77.77339362374413
    vertex -3.855774198582504 14.34077296790973 -77.02033565354429
    vertex -2.599344548590341 12.76867244649885 -77.61135328813634
  endloop
endfacet
facet normal 3.48468e-16 0.351896 -0.936039
  outer loop
    vertex 2.916666666666666 20 -74.89279805109902
    vertex 4.014435257620661 17.9564367446603 -75.66105803502562
    vertex 1.458333333333329 17.82484136618205 -75.71053018280003
  endloop
endfacet
facet normal 2.17792e-17 0.351896 -0.936039
  outer loop
    vertex 4.014435257620661 17.9564367446603 -75.66105803502562
    vertex 2.556101924287326 15.78127811084235 -76.47879016672664
    vertex 1.458333333333329 17.82484136618205 -75.71053018280003
  endloop
endfacet
facet normal -4.64624e-16 0.351896 -0.936039
  outer loop
    vertex 4.014435257620661 17.9564367446603 -75.66105803502562
    vertex 5.112203848574658 15.91287348932061 -76.42931801895223
    vertex 2.556101924287326 15.78127811084235 -76.47879016672664
  endloop
endfacet
facet normal -6.96936e-16 0.351896 -0.936039
  outer loop
    vertex 1.458333333333329 17.82484136618205 -75.71053018280003
    vertex 2.556101924287326 15.78127811084235 -76.47879016672664
    vertex -7.105427357601002e-15 15.64968273236409 -76.52826231450105
  endloop
endfacet
facet normal 6.92096e-16 0.351896 -0.936039
  outer loop
    vertex -7.105427357601002e-15 15.64968273236409 -76.52826231450105
    vertex -2.556101924287336 15.78127811084235 -76.47879016672664
    vertex -1.458333333333337 17.82484136618205 -75.71053018280003
  endloop
endfacet
facet normal -3.87187e-17 0.351896 -0.936039
  outer loop
    vertex -2.556101924287336 15.78127811084235 -76.47879016672664
    vertex -4.014435257620667 17.9564367446603 -75.66105803502562
    vertex -1.458333333333337 17.82484136618205 -75.71053018280003
  endloop
endfacet
facet normal 4.83983e-16 0.351896 -0.936039
  outer loop
    vertex -2.556101924287336 15.78127811084235 -76.47879016672664
    vertex -5.112203848574666 15.91287348932061 -76.42931801895223
    vertex -4.014435257620667 17.9564367446603 -75.66105803502562
  endloop
endfacet
facet normal -3.48468e-16 0.351896 -0.936039
  outer loop
    vertex -1.458333333333337 17.82484136618205 -75.71053018280003
    vertex -4.014435257620667 17.9564367446603 -75.66105803502562
    vertex -2.916666666666668 20 -74.89279805109902
  endloop
endfacet
facet normal -3.17905e-16 0.351896 -0.936039
  outer loop
    vertex -2.599344548590341 12.76867244649885 -77.61135328813634
    vertex -1.299672274295174 14.20917758943147 -77.0698078013187
    vertex -4.707308270721812e-15 12.9143994356191 -77.55656848319984
  endloop
endfacet
facet normal 0 0.351896 -0.936039
  outer loop
    vertex -1.299672274295174 14.20917758943147 -77.0698078013187
    vertex 1.299672274295154 14.20917758943147 -77.0698078013187
    vertex -4.707308270721812e-15 12.9143994356191 -77.55656848319984
  endloop
endfacet
facet normal 0 0.351896 -0.936039
  outer loop
    vertex -1.299672274295174 14.20917758943147 -77.0698078013187
    vertex -7.105427357601002e-15 15.64968273236409 -76.52826231450105
    vertex 1.299672274295154 14.20917758943147 -77.0698078013187
  endloop
endfacet
facet normal 3.17905e-16 0.351896 -0.936039
  outer loop
    vertex -4.707308270721812e-15 12.9143994356191 -77.55656848319984
    vertex 1.299672274295154 14.20917758943147 -77.0698078013187
    vertex 2.599344548590315 12.76867244649885 -77.61135328813634
  endloop
endfacet
facet normal -5.0233e-16 0.351896 -0.936039
  outer loop
    vertex -7.105427357601002e-15 15.64968273236409 -76.52826231450105
    vertex 2.556101924287326 15.78127811084235 -76.47879016672664
    vertex 1.299672274295154 14.20917758943147 -77.0698078013187
  endloop
endfacet
facet normal -4.85473e-16 0.351896 -0.936039
  outer loop
    vertex 2.556101924287326 15.78127811084235 -76.47879016672664
    vertex 3.855774198582486 14.34077296790973 -77.02033565354429
    vertex 1.299672274295154 14.20917758943147 -77.0698078013187
  endloop
endfacet
facet normal -2.66336e-16 0.351896 -0.936039
  outer loop
    vertex 2.556101924287326 15.78127811084235 -76.47879016672664
    vertex 5.112203848574658 15.91287348932061 -76.42931801895223
    vertex 3.855774198582486 14.34077296790973 -77.02033565354429
  endloop
endfacet
facet normal -1.11254e-16 0.351896 -0.936039
  outer loop
    vertex 1.299672274295154 14.20917758943147 -77.0698078013187
    vertex 3.855774198582486 14.34077296790973 -77.02033565354429
    vertex 2.599344548590315 12.76867244649885 -77.61135328813634
  endloop
endfacet
facet normal 1.07883e-16 0.351896 -0.936039
  outer loop
    vertex -2.599344548590341 12.76867244649885 -77.61135328813634
    vertex -3.855774198582504 14.34077296790973 -77.02033565354429
    vertex -1.299672274295174 14.20917758943147 -77.0698078013187
  endloop
endfacet
facet normal 5.0233e-16 0.351896 -0.936039
  outer loop
    vertex -3.855774198582504 14.34077296790973 -77.02033565354429
    vertex -2.556101924287336 15.78127811084235 -76.47879016672664
    vertex -1.299672274295174 14.20917758943147 -77.0698078013187
  endloop
endfacet
facet normal 2.42737e-16 0.351896 -0.936039
  outer loop
    vertex -3.855774198582504 14.34077296790973 -77.02033565354429
    vertex -5.112203848574666 15.91287348932061 -76.42931801895223
    vertex -2.556101924287336 15.78127811084235 -76.47879016672664
  endloop
endfacet
facet normal 4.85473e-16 0.351896 -0.936039
  outer loop
    vertex -1.299672274295174 14.20917758943147 -77.0698078013187
    vertex -2.556101924287336 15.78127811084235 -76.47879016672664
    vertex -7.105427357601002e-15 15.64968273236409 -76.52826231450105
  endloop
endfacet
facet normal 0 0.351896 -0.936039
  outer loop
    vertex 2.916666666666666 20 -74.89279805109902
    vertex 1.458333333333329 17.82484136618205 -75.71053018280003
    vertex 0 20 -74.89279805109902
  endloop
endfacet
facet normal 0 0.351896 -0.936039
  outer loop
    vertex 1.458333333333329 17.82484136618205 -75.71053018280003
    vertex -1.458333333333337 17.82484136618205 -75.71053018280003
    vertex 0 20 -74.89279805109902
  endloop
endfacet
facet normal 0 0.351896 -0.936039
  outer loop
    vertex 1.458333333333329 17.82484136618205 -75.71053018280003
    vertex -7.105427357601002e-15 15.64968273236409 -76.52826231450105
    vertex -1.458333333333337 17.82484136618205 -75.71053018280003
  endloop
endfacet
facet normal 0 0.351896 -0.936039
  outer loop
    vertex 0 20 -74.89279805109902
    vertex -1.458333333333337 17.82484136618205 -75.71053018280003
    vertex -2.916666666666668 20 -74.89279805109902
  endloop
endfacet
facet normal 3.25659e-15 0.351896 -0.936039
  outer loop
    vertex 7.65721187619097 11.63845874944719 -78.03624738155956
    vertex 6.384707862382814 13.7756661193839 -77.2327827002559
    vertex 8.203605938095485 13.52944287853035 -77.32534820443895
  endloop
endfacet
facet normal 3.22024e-15 0.351896 -0.936039
  outer loop
    vertex 6.384707862382814 13.7756661193839 -77.2327827002559
    vertex 6.931101924287329 15.66665024846706 -76.52188352313529
    vertex 8.203605938095485 13.52944287853035 -77.32534820443895
  endloop
endfacet
facet normal 3.25659e-15 0.351896 -0.936039
  outer loop
    vertex 6.384707862382814 13.7756661193839 -77.2327827002559
    vertex 5.112203848574658 15.91287348932061 -76.42931801895223
    vertex 6.931101924287329 15.66665024846706 -76.52188352313529
  endloop
endfacet
facet normal -4.3615e-15 0.351896 -0.936039
  outer loop
    vertex 8.203605938095485 13.52944287853035 -77.32534820443895
    vertex 6.931101924287329 15.66665024846706 -76.52188352313529
    vertex 8.75 15.42042700761352 -76.61444902731836
  endloop
endfacet
facet normal 4.40511e-15 0.351896 -0.936039
  outer loop
    vertex -8.75 15.42042700761352 -76.61444902731836
    vertex -6.931101924287333 15.66665024846706 -76.52188352313529
    vertex -8.203605938095485 13.52944287853035 -77.32534820443895
  endloop
endfacet
facet normal -3.54735e-15 0.351896 -0.936039
  outer loop
    vertex -6.931101924287333 15.66665024846706 -76.52188352313529
    vertex -6.384707862382818 13.7756661193839 -77.2327827002559
    vertex -8.203605938095485 13.52944287853035 -77.32534820443895
  endloop
endfacet
facet normal -3.22024e-15 0.351896 -0.936039
  outer loop
    vertex -6.931101924287333 15.66665024846706 -76.52188352313529
    vertex -5.112203848574666 15.91287348932061 -76.42931801895223
    vertex -6.384707862382818 13.7756661193839 -77.2327827002559
  endloop
endfacet
facet normal -3.6782e-15 0.351896 -0.936039
  outer loop
    vertex -8.203605938095485 13.52944287853035 -77.32534820443895
    vertex -6.384707862382818 13.7756661193839 -77.2327827002559
    vertex -7.657211876190968 11.63845874944719 -78.03624738155956
  endloop
endfacet
facet normal -1.99349e-15 0.351896 -0.936039
  outer loop
    vertex -8.75 15.42042700761352 -76.61444902731836
    vertex -8.203605938095485 13.52944287853035 -77.32534820443895
    vertex -8.75 13.13064051142027 -77.47527451542801
  endloop
endfacet
facet normal -5.86647e-15 0.351896 -0.936039
  outer loop
    vertex -8.203605938095485 13.52944287853035 -77.32534820443895
    vertex -8.214144651965215 11.25230835944586 -78.18141729085427
    vertex -8.75 13.13064051142027 -77.47527451542801
  endloop
endfacet
facet normal -1.10157e-14 0.351896 -0.936039
  outer loop
    vertex -8.203605938095485 13.52944287853035 -77.32534820443895
    vertex -7.657211876190968 11.63845874944719 -78.03624738155956
    vertex -8.214144651965215 11.25230835944586 -78.18141729085427
  endloop
endfacet
facet normal -7.11444e-15 0.351896 -0.936039
  outer loop
    vertex -8.75 13.13064051142027 -77.47527451542801
    vertex -8.214144651965215 11.25230835944586 -78.18141729085427
    vertex -8.75 10.84085401522702 -78.33610000353768
  endloop
endfacet
facet normal 3.15636e-15 0.351896 -0.936039
  outer loop
    vertex 8.75 15.42042700761352 -76.61444902731836
    vertex 8.75 13.13064051142027 -77.47527451542801
    vertex 8.203605938095485 13.52944287853035 -77.32534820443895
  endloop
endfacet
facet normal 6.99787e-15 0.351896 -0.936039
  outer loop
    vertex 8.75 13.13064051142027 -77.47527451542801
    vertex 8.214144651965212 11.25230835944586 -78.18141729085427
    vertex 8.203605938095485 13.52944287853035 -77.32534820443895
  endloop
endfacet
facet normal 8.30018e-15 0.351896 -0.936039
  outer loop
    vertex 8.75 13.13064051142027 -77.47527451542801
    vertex 8.75 10.84085401522702 -78.33610000353768
    vertex 8.214144651965212 11.25230835944586 -78.18141729085427
  endloop
endfacet
facet normal 8.87835e-15 0.351896 -0.936039
  outer loop
    vertex 8.203605938095485 13.52944287853035 -77.32534820443895
    vertex 8.214144651965212 11.25230835944586 -78.18141729085427
    vertex 7.65721187619097 11.63845874944719 -78.03624738155956
  endloop
endfacet
facet normal 0.0428645 0.422635 0.905286
  outer loop
    vertex 2.685447266928722 13.6702227032338 -78.03624738155956
    vertex 0.04320631899492469 13.26702988892171 -77.72290758201866
    vertex 2.642398726927697 13.21946167867486 -77.82376983794423
  endloop
endfacet
facet normal 0.0428644 0.421934 0.905613
  outer loop
    vertex 0.04320631899492469 13.26702988892171 -77.72290758201866
    vertex -4.707308270721812e-15 12.9143994356191 -77.55656848319984
    vertex 2.642398726927697 13.21946167867486 -77.82376983794423
  endloop
endfacet
facet normal -0.043139 0.430549 0.901536
  outer loop
    vertex 0.04320631899492469 13.26702988892171 -77.72290758201866
    vertex -2.599344548590341 12.76867244649885 -77.61135328813634
    vertex -4.707308270721812e-15 12.9143994356191 -77.55656848319984
  endloop
endfacet
facet normal 0.0427692 0.422522 0.905343
  outer loop
    vertex 2.642398726927697 13.21946167867486 -77.82376983794423
    vertex -4.707308270721812e-15 12.9143994356191 -77.55656848319984
    vertex 2.599344548590315 12.76867244649885 -77.61135328813634
  endloop
endfacet
facet normal 0.202687 0.384677 0.900523
  outer loop
    vertex 7.65721187619097 11.63845874944719 -78.03624738155956
    vertex 5.27016752377626 12.8961990544035 -78.03624738155956
    vertex 5.16239694461276 12.33764690480837 -77.77339362374418
  endloop
endfacet
facet normal 0.122913 0.403061 0.906881
  outer loop
    vertex 5.27016752377626 12.8961990544035 -78.03624738155956
    vertex 2.642398726927697 13.21946167867486 -77.82376983794423
    vertex 5.16239694461276 12.33764690480837 -77.77339362374418
  endloop
endfacet
facet normal 0.123798 0.413402 0.902094
  outer loop
    vertex 5.27016752377626 12.8961990544035 -78.03624738155956
    vertex 2.685447266928722 13.6702227032338 -78.03624738155956
    vertex 2.642398726927697 13.21946167867486 -77.82376983794423
  endloop
endfacet
facet normal 0.126464 0.412926 0.901942
  outer loop
    vertex 5.16239694461276 12.33764690480837 -77.77339362374418
    vertex 2.642398726927697 13.21946167867486 -77.82376983794423
    vertex 2.599344548590315 12.76867244649885 -77.61135328813634
  endloop
endfacet
facet normal -0.123798 0.413402 0.902094
  outer loop
    vertex -2.68544726692869 13.67022270323381 -78.03624738155956
    vertex -5.270167523776245 12.89619905440351 -78.03624738155956
    vertex -2.642398726927695 13.21946167867486 -77.82376983794423
  endloop
endfacet
facet normal -0.122913 0.403061 0.906881
  outer loop
    vertex -5.270167523776245 12.89619905440351 -78.03624738155956
    vertex -5.162396944612093 12.33764690480852 -77.77339362374413
    vertex -2.642398726927695 13.21946167867486 -77.82376983794423
  endloop
endfacet
facet normal -0.202687 0.384677 0.900523
  outer loop
    vertex -5.270167523776245 12.89619905440351 -78.03624738155956
    vertex -7.657211876190968 11.63845874944719 -78.03624738155956
    vertex -5.162396944612093 12.33764690480852 -77.77339362374413
  endloop
endfacet
facet normal -0.126464 0.412926 0.901942
  outer loop
    vertex -2.642398726927695 13.21946167867486 -77.82376983794423
    vertex -5.162396944612093 12.33764690480852 -77.77339362374413
    vertex -2.599344548590341 12.76867244649885 -77.61135328813634
  endloop
endfacet
facet normal -0.0411355 0.422802 0.905288
  outer loop
    vertex -2.68544726692869 13.67022270323381 -78.03624738155956
    vertex -2.642398726927695 13.21946167867486 -77.82376983794423
    vertex 1.632012719659947e-14 13.93149725548061 -78.03624738155956
  endloop
endfacet
facet normal -0.0414879 0.423945 0.904737
  outer loop
    vertex -2.642398726927695 13.21946167867486 -77.82376983794423
    vertex 0.04320631899492469 13.26702988892171 -77.72290758201866
    vertex 1.632012719659947e-14 13.93149725548061 -78.03624738155956
  endloop
endfacet
facet normal -0.0414877 0.422645 0.905345
  outer loop
    vertex -2.642398726927695 13.21946167867486 -77.82376983794423
    vertex -2.599344548590341 12.76867244649885 -77.61135328813634
    vertex 0.04320631899492469 13.26702988892171 -77.72290758201866
  endloop
endfacet
facet normal 0.0416769 0.428366 0.902644
  outer loop
    vertex 1.632012719659947e-14 13.93149725548061 -78.03624738155956
    vertex 0.04320631899492469 13.26702988892171 -77.72290758201866
    vertex 2.685447266928722 13.6702227032338 -78.03624738155956
  endloop
endfacet
facet normal 2.45775e-15 0.351896 0.936039
  outer loop
    vertex -8.75 15.42042700761351 -83.38555097268164
    vertex -6.931101924287326 15.66665024846706 -83.47811647686471
    vertex -8.75 17.71021350380675 -84.24637646079131
  endloop
endfacet
facet normal 1.84643e-15 0.351896 0.936039
  outer loop
    vertex -6.931101924287326 15.66665024846706 -83.47811647686471
    vertex -6.931101924287326 17.95643674466031 -84.33894196497438
    vertex -8.75 17.71021350380675 -84.24637646079131
  endloop
endfacet
facet normal 2.5326e-15 0.351896 0.936039
  outer loop
    vertex -6.931101924287326 15.66665024846706 -83.47811647686471
    vertex -5.112203848574651 15.91287348932061 -83.57068198104778
    vertex -6.931101924287326 17.95643674466031 -84.33894196497438
  endloop
endfacet
facet normal 1.84019e-15 0.351896 0.936039
  outer loop
    vertex -8.75 17.71021350380675 -84.24637646079131
    vertex -6.931101924287326 17.95643674466031 -84.33894196497438
    vertex -8.75 20 -85.10720194890098
  endloop
endfacet
facet normal -1.84643e-15 0.351896 0.936039
  outer loop
    vertex 8.75 20 -85.10720194890098
    vertex 6.931101924287327 17.95643674466031 -84.33894196497438
    vertex 8.75 17.71021350380675 -84.24637646079131
  endloop
endfacet
facet normal -1.84019e-15 0.351896 0.936039
  outer loop
    vertex 6.931101924287327 17.95643674466031 -84.33894196497438
    vertex 6.931101924287327 15.66665024846706 -83.47811647686471
    vertex 8.75 17.71021350380675 -84.24637646079131
  endloop
endfacet
facet normal -2.54508e-15 0.351896 0.936039
  outer loop
    vertex 6.931101924287327 17.95643674466031 -84.33894196497438
    vertex 5.112203848574653 15.91287348932061 -83.57068198104778
    vertex 6.931101924287327 15.66665024846706 -83.47811647686471
  endloop
endfacet
facet normal -2.44527e-15 0.351896 0.936039
  outer loop
    vertex 8.75 17.71021350380675 -84.24637646079131
    vertex 6.931101924287327 15.66665024846706 -83.47811647686471
    vertex 8.75 15.42042700761351 -83.38555097268164
  endloop
endfacet
facet normal -0 0.351896 0.936039
  outer loop
    vertex -8.75 20 -85.10720194890098
    vertex -6.931101924287326 17.95643674466031 -84.33894196497438
    vertex -5.833333333333334 20 -85.10720194890098
  endloop
endfacet
facet normal -0 0.351896 0.936039
  outer loop
    vertex -6.931101924287326 17.95643674466031 -84.33894196497438
    vertex -4.01443525762066 17.95643674466031 -84.33894196497438
    vertex -5.833333333333334 20 -85.10720194890098
  endloop
endfacet
facet normal -0 0.351896 0.936039
  outer loop
    vertex -6.931101924287326 17.95643674466031 -84.33894196497438
    vertex -5.112203848574651 15.91287348932061 -83.57068198104778
    vertex -4.01443525762066 17.95643674466031 -84.33894196497438
  endloop
endfacet
facet normal -0 0.351896 0.936039
  outer loop
    vertex -5.833333333333334 20 -85.10720194890098
    vertex -4.01443525762066 17.95643674466031 -84.33894196497438
    vertex -2.916666666666668 20 -85.10720194890098
  endloop
endfacet
facet normal -0 0.351896 0.936039
  outer loop
    vertex 2.916666666666666 20 -85.10720194890098
    vertex 4.01443525762066 17.95643674466031 -84.33894196497438
    vertex 5.833333333333333 20 -85.10720194890098
  endloop
endfacet
facet normal -0 0.351896 0.936039
  outer loop
    vertex 4.01443525762066 17.95643674466031 -84.33894196497438
    vertex 6.931101924287327 17.95643674466031 -84.33894196497438
    vertex 5.833333333333333 20 -85.10720194890098
  endloop
endfacet
facet normal -0 0.351896 0.936039
  outer loop
    vertex 4.01443525762066 17.95643674466031 -84.33894196497438
    vertex 5.112203848574653 15.91287348932061 -83.57068198104778
    vertex 6.931101924287327 17.95643674466031 -84.33894196497438
  endloop
endfacet
facet normal -0 0.351896 0.936039
  outer loop
    vertex 5.833333333333333 20 -85.10720194890098
    vertex 6.931101924287327 17.95643674466031 -84.33894196497438
    vertex 8.75 20 -85.10720194890098
  endloop
endfacet
facet normal -3.25114e-15 0.351896 0.936039
  outer loop
    vertex -2.599344548590313 12.76867244649885 -82.38864671186366
    vertex -3.855774198582482 14.34077296790974 -82.97966434645572
    vertex -5.162396944612739 12.33764690480837 -82.22660637625583
  endloop
endfacet
facet normal 2.7737e-15 0.351896 0.936039
  outer loop
    vertex -3.855774198582482 14.34077296790974 -82.97966434645572
    vertex -6.384707862382792 13.77566611938391 -82.76721729974412
    vertex -5.162396944612739 12.33764690480837 -82.22660637625583
  endloop
endfacet
facet normal 9.64748e-16 0.351896 0.936039
  outer loop
    vertex -3.855774198582482 14.34077296790974 -82.97966434645572
    vertex -5.112203848574651 15.91287348932061 -83.57068198104778
    vertex -6.384707862382792 13.77566611938391 -82.76721729974412
  endloop
endfacet
facet normal 7.42759e-15 0.351896 0.936039
  outer loop
    vertex -5.162396944612739 12.33764690480837 -82.22660637625583
    vertex -6.384707862382792 13.77566611938391 -82.76721729974412
    vertex -7.657211876190932 11.63845874944721 -81.96375261844045
  endloop
endfacet
facet normal -2.76049e-15 0.351896 0.936039
  outer loop
    vertex 7.657211876190929 11.63845874944721 -81.96375261844045
    vertex 6.384707862382791 13.77566611938391 -82.76721729974412
    vertex 5.162396944612055 12.33764690480851 -82.22660637625587
  endloop
endfacet
facet normal -1.45289e-15 0.351896 0.936039
  outer loop
    vertex 6.384707862382791 13.77566611938391 -82.76721729974412
    vertex 3.855774198582488 14.34077296790974 -82.97966434645572
    vertex 5.162396944612055 12.33764690480851 -82.22660637625587
  endloop
endfacet
facet normal -9.64748e-16 0.351896 0.936039
  outer loop
    vertex 6.384707862382791 13.77566611938391 -82.76721729974412
    vertex 5.112203848574653 15.91287348932061 -83.57068198104778
    vertex 3.855774198582488 14.34077296790974 -82.97966434645572
  endloop
endfacet
facet normal -2.27353e-16 0.351896 0.936039
  outer loop
    vertex 5.162396944612055 12.33764690480851 -82.22660637625587
    vertex 3.855774198582488 14.34077296790974 -82.97966434645572
    vertex 2.599344548590322 12.76867244649885 -82.38864671186366
  endloop
endfacet
facet normal -3.09749e-16 0.351896 0.936039
  outer loop
    vertex -2.916666666666668 20 -85.10720194890098
    vertex -4.01443525762066 17.95643674466031 -84.33894196497438
    vertex -1.458333333333332 17.82484136618206 -84.28946981719997
  endloop
endfacet
facet normal -3.19429e-16 0.351896 0.936039
  outer loop
    vertex -4.01443525762066 17.95643674466031 -84.33894196497438
    vertex -2.556101924287326 15.78127811084236 -83.52120983327337
    vertex -1.458333333333332 17.82484136618206 -84.28946981719997
  endloop
endfacet
facet normal -3.09749e-16 0.351896 0.936039
  outer loop
    vertex -4.01443525762066 17.95643674466031 -84.33894196497438
    vertex -5.112203848574651 15.91287348932061 -83.57068198104778
    vertex -2.556101924287326 15.78127811084236 -83.52120983327337
  endloop
endfacet
facet normal -5.8078e-16 0.351896 0.936039
  outer loop
    vertex -1.458333333333332 17.82484136618206 -84.28946981719997
    vertex -2.556101924287326 15.78127811084236 -83.52120983327337
    vertex 1.77635683940025e-15 15.64968273236411 -83.47173768549897
  endloop
endfacet
facet normal 5.56581e-16 0.351896 0.936039
  outer loop
    vertex 1.77635683940025e-15 15.64968273236411 -83.47173768549897
    vertex 2.556101924287328 15.78127811084236 -83.52120983327337
    vertex 1.458333333333334 17.82484136618206 -84.28946981719997
  endloop
endfacet
facet normal 3.09749e-16 0.351896 0.936039
  outer loop
    vertex 2.556101924287328 15.78127811084236 -83.52120983327337
    vertex 4.01443525762066 17.95643674466031 -84.33894196497438
    vertex 1.458333333333334 17.82484136618206 -84.28946981719997
  endloop
endfacet
facet normal 3.19429e-16 0.351896 0.936039
  outer loop
    vertex 2.556101924287328 15.78127811084236 -83.52120983327337
    vertex 5.112203848574653 15.91287348932061 -83.57068198104778
    vertex 4.01443525762066 17.95643674466031 -84.33894196497438
  endloop
endfacet
facet normal 2.8797e-16 0.351896 0.936039
  outer loop
    vertex 1.458333333333334 17.82484136618206 -84.28946981719997
    vertex 4.01443525762066 17.95643674466031 -84.33894196497438
    vertex 2.916666666666666 20 -85.10720194890098
  endloop
endfacet
facet normal 6.83313e-16 0.351896 0.936039
  outer loop
    vertex 2.599344548590322 12.76867244649885 -82.38864671186366
    vertex 1.299672274295162 14.20917758943148 -82.93019219868131
    vertex 4.707308270721809e-15 12.9143994356191 -82.44343151680016
  endloop
endfacet
facet normal 0 0.351896 0.936039
  outer loop
    vertex 1.299672274295162 14.20917758943148 -82.93019219868131
    vertex -1.299672274295155 14.20917758943148 -82.93019219868131
    vertex 4.707308270721809e-15 12.9143994356191 -82.44343151680016
  endloop
endfacet
facet normal 0 0.351896 0.936039
  outer loop
    vertex 1.299672274295162 14.20917758943148 -82.93019219868131
    vertex 1.77635683940025e-15 15.64968273236411 -83.47173768549897
    vertex -1.299672274295155 14.20917758943148 -82.93019219868131
  endloop
endfacet
facet normal -6.86967e-16 0.351896 0.936039
  outer loop
    vertex 4.707308270721809e-15 12.9143994356191 -82.44343151680016
    vertex -1.299672274295155 14.20917758943148 -82.93019219868131
    vertex -2.599344548590313 12.76867244649885 -82.38864671186366
  endloop
endfacet
facet normal -4.98959e-16 0.351896 0.936039
  outer loop
    vertex 1.77635683940025e-15 15.64968273236411 -83.47173768549897
    vertex -2.556101924287326 15.78127811084236 -83.52120983327337
    vertex -1.299672274295155 14.20917758943148 -82.93019219868131
  endloop
endfacet
facet normal -2.42737e-16 0.351896 0.936039
  outer loop
    vertex -2.556101924287326 15.78127811084236 -83.52120983327337
    vertex -3.855774198582482 14.34077296790974 -82.97966434645572
    vertex -1.299672274295155 14.20917758943148 -82.93019219868131
  endloop
endfacet
facet normal -2.39365e-16 0.351896 0.936039
  outer loop
    vertex -2.556101924287326 15.78127811084236 -83.52120983327337
    vertex -5.112203848574651 15.91287348932061 -83.57068198104778
    vertex -3.855774198582482 14.34077296790974 -82.97966434645572
  endloop
endfacet
facet normal -2.83193e-16 0.351896 0.936039
  outer loop
    vertex -1.299672274295155 14.20917758943148 -82.93019219868131
    vertex -3.855774198582482 14.34077296790974 -82.97966434645572
    vertex -2.599344548590313 12.76867244649885 -82.38864671186366
  endloop
endfacet
facet normal 2.69707e-16 0.351896 0.936039
  outer loop
    vertex 2.599344548590322 12.76867244649885 -82.38864671186366
    vertex 3.855774198582488 14.34077296790974 -82.97966434645572
    vertex 1.299672274295162 14.20917758943148 -82.93019219868131
  endloop
endfacet
facet normal 2.39365e-16 0.351896 0.936039
  outer loop
    vertex 3.855774198582488 14.34077296790974 -82.97966434645572
    vertex 2.556101924287328 15.78127811084236 -83.52120983327337
    vertex 1.299672274295162 14.20917758943148 -82.93019219868131
  endloop
endfacet
facet normal 2.42737e-16 0.351896 0.936039
  outer loop
    vertex 3.855774198582488 14.34077296790974 -82.97966434645572
    vertex 5.112203848574653 15.91287348932061 -83.57068198104778
    vertex 2.556101924287328 15.78127811084236 -83.52120983327337
  endloop
endfacet
facet normal 5.12444e-16 0.351896 0.936039
  outer loop
    vertex 1.299672274295162 14.20917758943148 -82.93019219868131
    vertex 2.556101924287328 15.78127811084236 -83.52120983327337
    vertex 1.77635683940025e-15 15.64968273236411 -83.47173768549897
  endloop
endfacet
facet normal -0 0.351896 0.936039
  outer loop
    vertex -2.916666666666668 20 -85.10720194890098
    vertex -1.458333333333332 17.82484136618206 -84.28946981719997
    vertex 0 20 -85.10720194890098
  endloop
endfacet
facet normal -0 0.351896 0.936039
  outer loop
    vertex -1.458333333333332 17.82484136618206 -84.28946981719997
    vertex 1.458333333333334 17.82484136618206 -84.28946981719997
    vertex 0 20 -85.10720194890098
  endloop
endfacet
facet normal -0 0.351896 0.936039
  outer loop
    vertex -1.458333333333332 17.82484136618206 -84.28946981719997
    vertex 1.77635683940025e-15 15.64968273236411 -83.47173768549897
    vertex 1.458333333333334 17.82484136618206 -84.28946981719997
  endloop
endfacet
facet normal -0 0.351896 0.936039
  outer loop
    vertex 0 20 -85.10720194890098
    vertex 1.458333333333334 17.82484136618206 -84.28946981719997
    vertex 2.916666666666666 20 -85.10720194890098
  endloop
endfacet
facet normal -2.60236e-15 0.351896 0.936039
  outer loop
    vertex 8.75 15.42042700761351 -83.38555097268164
    vertex 6.931101924287327 15.66665024846706 -83.47811647686471
    vertex 8.203605938095464 13.52944287853036 -82.67465179556105
  endloop
endfacet
facet normal -2.55875e-15 0.351896 0.936039
  outer loop
    vertex 6.931101924287327 15.66665024846706 -83.47811647686471
    vertex 6.384707862382791 13.77566611938391 -82.76721729974412
    vertex 8.203605938095464 13.52944287853036 -82.67465179556105
  endloop
endfacet
facet normal -2.60236e-15 0.351896 0.936039
  outer loop
    vertex 6.931101924287327 15.66665024846706 -83.47811647686471
    vertex 5.112203848574653 15.91287348932061 -83.57068198104778
    vertex 6.384707862382791 13.77566611938391 -82.76721729974412
  endloop
endfacet
facet normal -2.60236e-15 0.351896 0.936039
  outer loop
    vertex 8.203605938095464 13.52944287853036 -82.67465179556105
    vertex 6.384707862382791 13.77566611938391 -82.76721729974412
    vertex 7.657211876190929 11.63845874944721 -81.96375261844045
  endloop
endfacet
facet normal 2.67505e-15 0.351896 0.936039
  outer loop
    vertex -7.657211876190932 11.63845874944721 -81.96375261844045
    vertex -6.384707862382792 13.77566611938391 -82.76721729974412
    vertex -8.203605938095464 13.52944287853036 -82.67465179556105
  endloop
endfacet
facet normal 2.60236e-15 0.351896 0.936039
  outer loop
    vertex -6.384707862382792 13.77566611938391 -82.76721729974412
    vertex -6.931101924287326 15.66665024846706 -83.47811647686471
    vertex -8.203605938095464 13.52944287853036 -82.67465179556105
  endloop
endfacet
facet normal 2.55875e-15 0.351896 0.936039
  outer loop
    vertex -6.384707862382792 13.77566611938391 -82.76721729974412
    vertex -5.112203848574651 15.91287348932061 -83.57068198104778
    vertex -6.931101924287326 15.66665024846706 -83.47811647686471
  endloop
endfacet
facet normal 2.55875e-15 0.351896 0.936039
  outer loop
    vertex -8.203605938095464 13.52944287853036 -82.67465179556105
    vertex -6.931101924287326 15.66665024846706 -83.47811647686471
    vertex -8.75 15.42042700761351 -83.38555097268164
  endloop
endfacet
facet normal -1.11801e-14 0.351896 0.936039
  outer loop
    vertex -7.657211876190932 11.63845874944721 -81.96375261844045
    vertex -8.203605938095464 13.52944287853036 -82.67465179556105
    vertex -8.214144651965192 11.25230835944587 -81.81858270914574
  endloop
endfacet
facet normal 1.05597e-14 0.351896 0.936039
  outer loop
    vertex -8.203605938095464 13.52944287853036 -82.67465179556105
    vertex -8.75 13.13064051142026 -82.52472548457197
    vertex -8.214144651965192 11.25230835944587 -81.81858270914574
  endloop
endfacet
facet normal 6.52038e-15 0.351896 0.936039
  outer loop
    vertex -8.203605938095464 13.52944287853036 -82.67465179556105
    vertex -8.75 15.42042700761351 -83.38555097268164
    vertex -8.75 13.13064051142026 -82.52472548457197
  endloop
endfacet
facet normal 1.06293e-14 0.351896 0.936039
  outer loop
    vertex -8.214144651965192 11.25230835944587 -81.81858270914574
    vertex -8.75 13.13064051142026 -82.52472548457197
    vertex -8.75 10.84085401522702 -81.66389999646232
  endloop
endfacet
facet normal 1.13857e-14 0.351896 0.936039
  outer loop
    vertex 7.657211876190929 11.63845874944721 -81.96375261844045
    vertex 8.214144651965189 11.25230835944588 -81.81858270914574
    vertex 8.203605938095464 13.52944287853036 -82.67465179556105
  endloop
endfacet
facet normal -1.0392e-14 0.351896 0.936039
  outer loop
    vertex 8.214144651965189 11.25230835944588 -81.81858270914574
    vertex 8.75 13.13064051142026 -82.52472548457197
    vertex 8.203605938095464 13.52944287853036 -82.67465179556105
  endloop
endfacet
facet normal -9.44358e-15 0.351896 0.936039
  outer loop
    vertex 8.214144651965189 11.25230835944588 -81.81858270914574
    vertex 8.75 10.84085401522702 -81.66389999646232
    vertex 8.75 13.13064051142026 -82.52472548457197
  endloop
endfacet
facet normal -6.52038e-15 0.351896 0.936039
  outer loop
    vertex 8.203605938095464 13.52944287853036 -82.67465179556105
    vertex 8.75 13.13064051142026 -82.52472548457197
    vertex 8.75 15.42042700761351 -83.38555097268164
  endloop
endfacet
facet normal 0.202687 0.384677 -0.900523
  outer loop
    vertex 7.657211876190929 11.63845874944721 -81.96375261844045
    vertex 5.162396944612055 12.33764690480851 -82.22660637625587
    vertex 5.270167523776229 12.89619905440352 -81.96375261844045
  endloop
endfacet
facet normal 0.122913 0.403061 -0.906881
  outer loop
    vertex 5.162396944612055 12.33764690480851 -82.22660637625587
    vertex 2.642398726927694 13.21946167867486 -82.17623016205579
    vertex 5.270167523776229 12.89619905440352 -81.96375261844045
  endloop
endfacet
facet normal 0.126464 0.412926 -0.901942
  outer loop
    vertex 5.162396944612055 12.33764690480851 -82.22660637625587
    vertex 2.599344548590322 12.76867244649885 -82.38864671186366
    vertex 2.642398726927694 13.21946167867486 -82.17623016205579
  endloop
endfacet
facet normal 0.123798 0.413402 -0.902094
  outer loop
    vertex 5.270167523776229 12.89619905440352 -81.96375261844045
    vertex 2.642398726927694 13.21946167867486 -82.17623016205579
    vertex 2.685447266928707 13.6702227032338 -81.96375261844045
  endloop
endfacet
facet normal 0.043139 0.430549 -0.901536
  outer loop
    vertex 2.599344548590322 12.76867244649885 -82.38864671186366
    vertex 4.707308270721809e-15 12.9143994356191 -82.44343151680016
    vertex -0.04320631899491129 13.26702988892171 -82.27709241798135
  endloop
endfacet
facet normal -0.0428644 0.421934 -0.905613
  outer loop
    vertex 4.707308270721809e-15 12.9143994356191 -82.44343151680016
    vertex -2.642398726927671 13.21946167867486 -82.17623016205579
    vertex -0.04320631899491129 13.26702988892171 -82.27709241798135
  endloop
endfacet
facet normal -0.0427692 0.422522 -0.905343
  outer loop
    vertex 4.707308270721809e-15 12.9143994356191 -82.44343151680016
    vertex -2.599344548590313 12.76867244649885 -82.38864671186366
    vertex -2.642398726927671 13.21946167867486 -82.17623016205579
  endloop
endfacet
facet normal -0.0428645 0.422635 -0.905286
  outer loop
    vertex -0.04320631899491129 13.26702988892171 -82.27709241798135
    vertex -2.642398726927671 13.21946167867486 -82.17623016205579
    vertex -2.685447266928675 13.67022270323381 -81.96375261844045
  endloop
endfacet
facet normal -0.123798 0.413402 -0.902094
  outer loop
    vertex -2.685447266928675 13.67022270323381 -81.96375261844045
    vertex -2.642398726927671 13.21946167867486 -82.17623016205579
    vertex -5.270167523776217 12.89619905440352 -81.96375261844045
  endloop
endfacet
facet normal -0.122913 0.403061 -0.906881
  outer loop
    vertex -2.642398726927671 13.21946167867486 -82.17623016205579
    vertex -5.162396944612739 12.33764690480837 -82.22660637625583
    vertex -5.270167523776217 12.89619905440352 -81.96375261844045
  endloop
endfacet
facet normal -0.126464 0.412926 -0.901942
  outer loop
    vertex -2.642398726927671 13.21946167867486 -82.17623016205579
    vertex -2.599344548590313 12.76867244649885 -82.38864671186366
    vertex -5.162396944612739 12.33764690480837 -82.22660637625583
  endloop
endfacet
facet normal -0.202687 0.384677 -0.900523
  outer loop
    vertex -5.270167523776217 12.89619905440352 -81.96375261844045
    vertex -5.162396944612739 12.33764690480837 -82.22660637625583
    vertex -7.657211876190932 11.63845874944721 -81.96375261844045
  endloop
endfacet
facet normal 0.0414877 0.422645 -0.905345
  outer loop
    vertex 2.599344548590322 12.76867244649885 -82.38864671186366
    vertex -0.04320631899491129 13.26702988892171 -82.27709241798135
    vertex 2.642398726927694 13.21946167867486 -82.17623016205579
  endloop
endfacet
facet normal 0.0414879 0.423945 -0.904737
  outer loop
    vertex -0.04320631899491129 13.26702988892171 -82.27709241798135
    vertex 1.632012719659947e-14 13.93149725548061 -81.96375261844045
    vertex 2.642398726927694 13.21946167867486 -82.17623016205579
  endloop
endfacet
facet normal -0.0416769 0.428366 -0.902644
  outer loop
    vertex -0.04320631899491129 13.26702988892171 -82.27709241798135
    vertex -2.685447266928675 13.67022270323381 -81.96375261844045
    vertex 1.632012719659947e-14 13.93149725548061 -81.96375261844045
  endloop
endfacet
facet normal 0.0411355 0.422802 -0.905288
  outer loop
    vertex 2.642398726927694 13.21946167867486 -82.17623016205579
    vertex 1.632012719659947e-14 13.93149725548061 -81.96375261844045
    vertex 2.685447266928707 13.6702227032338 -81.96375261844045
  endloop
endfacet
facet normal 0 1 0
  outer loop
    vertex 3.590983421726754 20 -100
    vertex 3.287195141247656 20 -102.839178618332
    vertex 0 20 -100
  endloop
endfacet
facet normal 0 1 0
  outer loop
    vertex 3.287195141247656 20 -102.839178618332
    vertex -0.3037882804790986 20 -102.839178618332
    vertex 0 20 -100
  endloop
endfacet
facet normal 0 1 0
  outer loop
    vertex 3.287195141247656 20 -102.839178618332
    vertex 2.983406860768558 20 -105.6783572366641
    vertex -0.3037882804790986 20 -102.839178618332
  endloop
endfacet
facet normal 0 1 0
  outer loop
    vertex 0 20 -100
    vertex -0.3037882804790986 20 -102.839178618332
    vertex -3.590983421726754 20 -100
  endloop
endfacet
facet normal 0 1 0
  outer loop
    vertex -3.590983421726754 20 -100
    vertex -3.287195141247656 20 -97.16082138166797
    vertex 0 20 -100
  endloop
endfacet
facet normal -0 1 0
  outer loop
    vertex -3.287195141247656 20 -97.16082138166797
    vertex 0.3037882804790986 20 -97.16082138166797
    vertex 0 20 -100
  endloop
endfacet
facet normal 0 1 0
  outer loop
    vertex -3.287195141247656 20 -97.16082138166797
    vertex -2.983406860768557 20 -94.32164276333593
    vertex 0.3037882804790986 20 -97.16082138166797
  endloop
endfacet
facet normal 0 1 0
  outer loop
    vertex 0 20 -100
    vertex 0.3037882804790986 20 -97.16082138166797
    vertex 3.590983421726754 20 -100
  endloop
endfacet
facet normal -0 1 0
  outer loop
    vertex -2.983406860768557 20 -94.32164276333593
    vertex 0.3923775890751529 20 -93.93672095514285
    vertex 0.3037882804790986 20 -97.16082138166797
  endloop
endfacet
facet normal 0 1 0
  outer loop
    vertex 0.3923775890751529 20 -93.93672095514285
    vertex 3.679572730322809 20 -96.77589957347487
    vertex 0.3037882804790986 20 -97.16082138166797
  endloop
endfacet
facet normal -0 1 0
  outer loop
    vertex 0.3923775890751529 20 -93.93672095514285
    vertex 3.768162038918863 20 -93.55179914694976
    vertex 3.679572730322809 20 -96.77589957347487
  endloop
endfacet
facet normal -0 1 0
  outer loop
    vertex 0.3037882804790986 20 -97.16082138166797
    vertex 3.679572730322809 20 -96.77589957347487
    vertex 3.590983421726754 20 -100
  endloop
endfacet
facet normal 0 1 0
  outer loop
    vertex 2.983406860768558 20 -105.6783572366641
    vertex -0.3923775890751511 20 -106.0632790448572
    vertex -0.3037882804790986 20 -102.839178618332
  endloop
endfacet
facet normal 0 1 -0
  outer loop
    vertex -0.3923775890751511 20 -106.0632790448572
    vertex -3.679572730322807 20 -103.2241004265251
    vertex -0.3037882804790986 20 -102.839178618332
  endloop
endfacet
facet normal 0 1 0
  outer loop
    vertex -0.3923775890751511 20 -106.0632790448572
    vertex -3.768162038918861 20 -106.4482008530502
    vertex -3.679572730322807 20 -103.2241004265251
  endloop
endfacet
facet normal 0 1 0
  outer loop
    vertex -0.3037882804790986 20 -102.839178618332
    vertex -3.679572730322807 20 -103.2241004265251
    vertex -3.590983421726754 20 -100
  endloop
endfacet
facet normal 0 1 0
  outer loop
    vertex 1.77635683940025e-15 20 -89.5133683219258
    vertex 1.884081019459432 20 -91.53258373443778
    vertex -1.491703430384277 20 -91.91750554263086
  endloop
endfacet
facet normal 0 1 0
  outer loop
    vertex 1.884081019459432 20 -91.53258373443778
    vertex 0.3923775890751529 20 -93.93672095514285
    vertex -1.491703430384277 20 -91.91750554263086
  endloop
endfacet
facet normal 0 1 0
  outer loop
    vertex 1.884081019459432 20 -91.53258373443778
    vertex 3.768162038918863 20 -93.55179914694976
    vertex 0.3923775890751529 20 -93.93672095514285
  endloop
endfacet
facet normal 0 1 0
  outer loop
    vertex -1.491703430384277 20 -91.91750554263086
    vertex 0.3923775890751529 20 -93.93672095514285
    vertex -2.983406860768557 20 -94.32164276333593
  endloop
endfacet
facet normal 0 1 -0
  outer loop
    vertex 0 20 -110.4866316780742
    vertex -1.88408101945943 20 -108.4674162655622
    vertex 1.491703430384279 20 -108.0824944573691
  endloop
endfacet
facet normal 0 1 0
  outer loop
    vertex -1.88408101945943 20 -108.4674162655622
    vertex -0.3923775890751511 20 -106.0632790448572
    vertex 1.491703430384279 20 -108.0824944573691
  endloop
endfacet
facet normal 0 1 -0
  outer loop
    vertex -1.88408101945943 20 -108.4674162655622
    vertex -3.768162038918861 20 -106.4482008530502
    vertex -0.3923775890751511 20 -106.0632790448572
  endloop
endfacet
facet normal 0 1 -0
  outer loop
    vertex 1.491703430384279 20 -108.0824944573691
    vertex -0.3923775890751511 20 -106.0632790448572
    vertex 2.983406860768558 20 -105.6783572366641
  endloop
endfacet
facet normal 0 1 0
  outer loop
    vertex -8.75 20 -97.0214403897802
    vertex -6.170491710863377 20 -98.5107201948901
    vertex -8.75 20 -100
  endloop
endfacet
facet normal 0 1 0
  outer loop
    vertex -6.170491710863377 20 -98.5107201948901
    vertex -6.170491710863377 20 -101.4892798051099
    vertex -8.75 20 -100
  endloop
endfacet
facet normal 0 1 0
  outer loop
    vertex -6.170491710863377 20 -98.5107201948901
    vertex -3.590983421726754 20 -100
    vertex -6.170491710863377 20 -101.4892798051099
  endloop
endfacet
facet normal 0 1 0
  outer loop
    vertex -8.75 20 -100
    vertex -6.170491710863377 20 -101.4892798051099
    vertex -8.75 20 -102.9785596102198
  endloop
endfacet
facet normal 0 1 -0
  outer loop
    vertex 8.75 20 -102.9785596102198
    vertex 6.170491710863377 20 -101.4892798051099
    vertex 8.75 20 -100
  endloop
endfacet
facet normal 0 1 0
  outer loop
    vertex 6.170491710863377 20 -101.4892798051099
    vertex 6.170491710863377 20 -98.5107201948901
    vertex 8.75 20 -100
  endloop
endfacet
facet normal 0 1 -0
  outer loop
    vertex 6.170491710863377 20 -101.4892798051099
    vertex 3.590983421726754 20 -100
    vertex 6.170491710863377 20 -98.5107201948901
  endloop
endfacet
facet normal 0 1 -0
  outer loop
    vertex 8.75 20 -100
    vertex 6.170491710863377 20 -98.5107201948901
    vertex 8.75 20 -97.0214403897802
  endloop
endfacet
facet normal 0 1 0
  outer loop
    vertex 2.916666666666666 20 -85.10720194890098
    vertex 1.458333333333334 20 -87.31028513541338
    vertex 0 20 -85.10720194890098
  endloop
endfacet
facet normal 0 1 0
  outer loop
    vertex 1.458333333333334 20 -87.31028513541338
    vertex -1.458333333333332 20 -87.31028513541338
    vertex 0 20 -85.10720194890098
  endloop
endfacet
facet normal 0 1 0
  outer loop
    vertex 1.458333333333334 20 -87.31028513541338
    vertex 1.77635683940025e-15 20 -89.5133683219258
    vertex -1.458333333333332 20 -87.31028513541338
  endloop
endfacet
facet normal 0 1 0
  outer loop
    vertex 0 20 -85.10720194890098
    vertex -1.458333333333332 20 -87.31028513541338
    vertex -2.916666666666668 20 -85.10720194890098
  endloop
endfacet
facet normal 0 1 0
  outer loop
    vertex -2.916666666666668 20 -114.892798051099
    vertex -1.458333333333334 20 -112.6897148645866
    vertex 0 20 -114.892798051099
  endloop
endfacet
facet normal -0 1 0
  outer loop
    vertex -1.458333333333334 20 -112.6897148645866
    vertex 1.458333333333333 20 -112.6897148645866
    vertex 0 20 -114.892798051099
  endloop
endfacet
facet normal 0 1 0
  outer loop
    vertex -1.458333333333334 20 -112.6897148645866
    vertex 0 20 -110.4866316780742
    vertex 1.458333333333333 20 -112.6897148645866
  endloop
endfacet
facet normal 0 1 0
  outer loop
    vertex 0 20 -114.892798051099
    vertex 1.458333333333333 20 -112.6897148645866
    vertex 2.916666666666666 20 -114.892798051099
  endloop
endfacet
facet normal 0 1 0
  outer loop
    vertex -8.75 20 -102.9785596102198
    vertex -6.25908101945943 20 -104.713380231635
    vertex -8.75 20 -105.9571192204396
  endloop
endfacet
facet normal 0 1 0
  outer loop
    vertex -6.25908101945943 20 -104.713380231635
    vertex -6.25908101945943 20 -107.6919398418548
    vertex -8.75 20 -105.9571192204396
  endloop
endfacet
facet normal 0 1 0
  outer loop
    vertex -6.25908101945943 20 -104.713380231635
    vertex -3.768162038918861 20 -106.4482008530502
    vertex -6.25908101945943 20 -107.6919398418548
  endloop
endfacet
facet normal 0 1 0
  outer loop
    vertex -8.75 20 -105.9571192204396
    vertex -6.25908101945943 20 -107.6919398418548
    vertex -8.75 20 -108.9356788306594
  endloop
endfacet
facet normal 0 1 0
  outer loop
    vertex -8.75 20 -91.06432116934059
    vertex -5.866703430384279 20 -92.69298196633827
    vertex -8.75 20 -94.04288077956039
  endloop
endfacet
facet normal 0 1 0
  outer loop
    vertex -5.866703430384279 20 -92.69298196633827
    vertex -5.866703430384279 20 -95.67154157655807
    vertex -8.75 20 -94.04288077956039
  endloop
endfacet
facet normal 0 1 0
  outer loop
    vertex -5.866703430384279 20 -92.69298196633827
    vertex -2.983406860768557 20 -94.32164276333593
    vertex -5.866703430384279 20 -95.67154157655807
  endloop
endfacet
facet normal 0 1 0
  outer loop
    vertex -8.75 20 -94.04288077956039
    vertex -5.866703430384279 20 -95.67154157655807
    vertex -8.75 20 -97.0214403897802
  endloop
endfacet
facet normal 0 1 -0
  outer loop
    vertex 8.75 20 -97.0214403897802
    vertex 6.259081019459432 20 -95.28661976836497
    vertex 8.75 20 -94.04288077956039
  endloop
endfacet
facet normal 0 1 0
  outer loop
    vertex 6.259081019459432 20 -95.28661976836497
    vertex 6.259081019459432 20 -92.30806015814517
    vertex 8.75 20 -94.04288077956039
  endloop
endfacet
facet normal 0 1 -0
  outer loop
    vertex 6.259081019459432 20 -95.28661976836497
    vertex 3.768162038918863 20 -93.55179914694976
    vertex 6.259081019459432 20 -92.30806015814517
  endloop
endfacet
facet normal 0 1 -0
  outer loop
    vertex 8.75 20 -94.04288077956039
    vertex 6.259081019459432 20 -92.30806015814517
    vertex 8.75 20 -91.06432116934059
  endloop
endfacet
facet normal 0 1 -0
  outer loop
    vertex 8.75 20 -108.9356788306594
    vertex 5.866703430384279 20 -107.3070180336617
    vertex 8.75 20 -105.9571192204396
  endloop
endfacet
facet normal 0 1 0
  outer loop
    vertex 5.866703430384279 20 -107.3070180336617
    vertex 5.866703430384279 20 -104.3284584234419
    vertex 8.75 20 -105.9571192204396
  endloop
endfacet
facet normal 0 1 -0
  outer loop
    vertex 5.866703430384279 20 -107.3070180336617
    vertex 2.983406860768558 20 -105.6783572366641
    vertex 5.866703430384279 20 -104.3284584234419
  endloop
endfacet
facet normal 0 1 -0
  outer loop
    vertex 8.75 20 -105.9571192204396
    vertex 5.866703430384279 20 -104.3284584234419
    vertex 8.75 20 -102.9785596102198
  endloop
endfacet
facet normal 0 1 0
  outer loop
    vertex -8.75 20 -108.9356788306594
    vertex -6.66937365736273 20 -109.840670306526
    vertex -8.75 20 -111.9142384408792
  endloop
endfacet
facet normal 0 1 0
  outer loop
    vertex -6.66937365736273 20 -109.840670306526
    vertex -6.66937365736273 20 -112.8192299167458
    vertex -8.75 20 -111.9142384408792
  endloop
endfacet
facet normal 0 1 0
  outer loop
    vertex -6.66937365736273 20 -109.840670306526
    vertex -4.588747314725461 20 -110.7456617823925
    vertex -6.66937365736273 20 -112.8192299167458
  endloop
endfacet
facet normal 0 1 0
  outer loop
    vertex -8.75 20 -111.9142384408792
    vertex -6.66937365736273 20 -112.8192299167458
    vertex -8.75 20 -114.892798051099
  endloop
endfacet
facet normal 0 1 0
  outer loop
    vertex -8.75 20 -85.10720194890098
    vertex -6.625697836277485 20 -87.24861209310851
    vertex -8.75 20 -88.08576155912078
  endloop
endfacet
facet normal 0 1 0
  outer loop
    vertex -6.625697836277485 20 -87.24861209310851
    vertex -6.625697836277485 20 -90.22717170332831
    vertex -8.75 20 -88.08576155912078
  endloop
endfacet
facet normal 0 1 0
  outer loop
    vertex -6.625697836277485 20 -87.24861209310851
    vertex -4.50139567255497 20 -89.39002223731602
    vertex -6.625697836277485 20 -90.22717170332831
  endloop
endfacet
facet normal 0 1 0
  outer loop
    vertex -8.75 20 -88.08576155912078
    vertex -6.625697836277485 20 -90.22717170332831
    vertex -8.75 20 -91.06432116934059
  endloop
endfacet
facet normal 0 1 -0
  outer loop
    vertex 8.75 20 -91.06432116934059
    vertex 6.66937365736273 20 -90.15932969347404
    vertex 8.75 20 -88.08576155912078
  endloop
endfacet
facet normal 0 1 0
  outer loop
    vertex 6.66937365736273 20 -90.15932969347404
    vertex 6.66937365736273 20 -87.18077008325422
    vertex 8.75 20 -88.08576155912078
  endloop
endfacet
facet normal 0 1 -0
  outer loop
    vertex 6.66937365736273 20 -90.15932969347404
    vertex 4.588747314725459 20 -89.25433821760745
    vertex 6.66937365736273 20 -87.18077008325422
  endloop
endfacet
facet normal 0 1 -0
  outer loop
    vertex 8.75 20 -88.08576155912078
    vertex 6.66937365736273 20 -87.18077008325422
    vertex 8.75 20 -85.10720194890098
  endloop
endfacet
facet normal 0 1 -0
  outer loop
    vertex 8.75 20 -114.892798051099
    vertex 6.625697836277487 20 -112.7513879068915
    vertex 8.75 20 -111.9142384408792
  endloop
endfacet
facet normal 0 1 0
  outer loop
    vertex 6.625697836277487 20 -112.7513879068915
    vertex 6.625697836277487 20 -109.7728282966717
    vertex 8.75 20 -111.9142384408792
  endloop
endfacet
facet normal 0 1 -0
  outer loop
    vertex 6.625697836277487 20 -112.7513879068915
    vertex 4.501395672554974 20 -110.609977762684
    vertex 6.625697836277487 20 -109.7728282966717
  endloop
endfacet
facet normal 0 1 -0
  outer loop
    vertex 8.75 20 -111.9142384408792
    vertex 6.625697836277487 20 -109.7728282966717
    vertex 8.75 20 -108.9356788306594
  endloop
endfacet
facet normal 0 1 0
  outer loop
    vertex 8.75 20 -85.10720194890098
    vertex 6.66937365736273 20 -87.18077008325422
    vertex 5.833333333333333 20 -85.10720194890098
  endloop
endfacet
facet normal 0 1 0
  outer loop
    vertex 6.66937365736273 20 -87.18077008325422
    vertex 3.752706990696062 20 -87.18077008325422
    vertex 5.833333333333333 20 -85.10720194890098
  endloop
endfacet
facet normal 0 1 0
  outer loop
    vertex 6.66937365736273 20 -87.18077008325422
    vertex 4.588747314725459 20 -89.25433821760745
    vertex 3.752706990696062 20 -87.18077008325422
  endloop
endfacet
facet normal 0 1 0
  outer loop
    vertex 5.833333333333333 20 -85.10720194890098
    vertex 3.752706990696062 20 -87.18077008325422
    vertex 2.916666666666666 20 -85.10720194890098
  endloop
endfacet
facet normal 0 1 0
  outer loop
    vertex 2.916666666666666 20 -114.892798051099
    vertex 3.70903116961082 20 -112.7513879068915
    vertex 5.833333333333333 20 -114.892798051099
  endloop
endfacet
facet normal -0 1 0
  outer loop
    vertex 3.70903116961082 20 -112.7513879068915
    vertex 6.625697836277487 20 -112.7513879068915
    vertex 5.833333333333333 20 -114.892798051099
  endloop
endfacet
facet normal 0 1 0
  outer loop
    vertex 3.70903116961082 20 -112.7513879068915
    vertex 4.501395672554974 20 -110.609977762684
    vertex 6.625697836277487 20 -112.7513879068915
  endloop
endfacet
facet normal 0 1 0
  outer loop
    vertex 5.833333333333333 20 -114.892798051099
    vertex 6.625697836277487 20 -112.7513879068915
    vertex 8.75 20 -114.892798051099
  endloop
endfacet
facet normal 0 1 0
  outer loop
    vertex -2.916666666666668 20 -85.10720194890098
    vertex -3.709031169610819 20 -87.24861209310851
    vertex -5.833333333333334 20 -85.10720194890098
  endloop
endfacet
facet normal 0 1 0
  outer loop
    vertex -3.709031169610819 20 -87.24861209310851
    vertex -6.625697836277485 20 -87.24861209310851
    vertex -5.833333333333334 20 -85.10720194890098
  endloop
endfacet
facet normal 0 1 0
  outer loop
    vertex -3.709031169610819 20 -87.24861209310851
    vertex -4.50139567255497 20 -89.39002223731602
    vertex -6.625697836277485 20 -87.24861209310851
  endloop
endfacet
facet normal 0 1 0
  outer loop
    vertex -5.833333333333334 20 -85.10720194890098
    vertex -6.625697836277485 20 -87.24861209310851
    vertex -8.75 20 -85.10720194890098
  endloop
endfacet
facet normal 0 1 0
  outer loop
    vertex -8.75 20 -114.892798051099
    vertex -6.66937365736273 20 -112.8192299167458
    vertex -5.833333333333334 20 -114.892798051099
  endloop
endfacet
facet normal -0 1 0
  outer loop
    vertex -6.66937365736273 20 -112.8192299167458
    vertex -3.752706990696066 20 -112.8192299167458
    vertex -5.833333333333334 20 -114.892798051099
  endloop
endfacet
facet normal 0 1 0
  outer loop
    vertex -6.66937365736273 20 -112.8192299167458
    vertex -4.588747314725461 20 -110.7456617823925
    vertex -3.752706990696066 20 -112.8192299167458
  endloop
endfacet
facet normal 0 1 0
  outer loop
    vertex -5.833333333333334 20 -114.892798051099
    vertex -3.752706990696066 20 -112.8192299167458
    vertex -2.916666666666668 20 -114.892798051099
  endloop
endfacet
facet normal 0 1 0
  outer loop
    vertex -3.590983421726754 20 -100
    vertex -3.679572730322807 20 -103.2241004265251
    vertex -6.170491710863377 20 -101.4892798051099
  endloop
endfacet
facet normal 0 1 0
  outer loop
    vertex -3.679572730322807 20 -103.2241004265251
    vertex -6.25908101945943 20 -104.713380231635
    vertex -6.170491710863377 20 -101.4892798051099
  endloop
endfacet
facet normal 0 1 0
  outer loop
    vertex -3.679572730322807 20 -103.2241004265251
    vertex -3.768162038918861 20 -106.4482008530502
    vertex -6.25908101945943 20 -104.713380231635
  endloop
endfacet
facet normal 0 1 0
  outer loop
    vertex -6.170491710863377 20 -101.4892798051099
    vertex -6.25908101945943 20 -104.713380231635
    vertex -8.75 20 -102.9785596102198
  endloop
endfacet
facet normal 0 1 0
  outer loop
    vertex 8.75 20 -102.9785596102198
    vertex 5.866703430384279 20 -104.3284584234419
    vertex 6.170491710863377 20 -101.4892798051099
  endloop
endfacet
facet normal 0 1 -0
  outer loop
    vertex 5.866703430384279 20 -104.3284584234419
    vertex 3.287195141247656 20 -102.839178618332
    vertex 6.170491710863377 20 -101.4892798051099
  endloop
endfacet
facet normal 0 1 0
  outer loop
    vertex 5.866703430384279 20 -104.3284584234419
    vertex 2.983406860768558 20 -105.6783572366641
    vertex 3.287195141247656 20 -102.839178618332
  endloop
endfacet
facet normal 0 1 0
  outer loop
    vertex 6.170491710863377 20 -101.4892798051099
    vertex 3.287195141247656 20 -102.839178618332
    vertex 3.590983421726754 20 -100
  endloop
endfacet
facet normal 0 1 0
  outer loop
    vertex 3.590983421726754 20 -100
    vertex 3.679572730322809 20 -96.77589957347487
    vertex 6.170491710863377 20 -98.5107201948901
  endloop
endfacet
facet normal -0 1 0
  outer loop
    vertex 3.679572730322809 20 -96.77589957347487
    vertex 6.259081019459432 20 -95.28661976836497
    vertex 6.170491710863377 20 -98.5107201948901
  endloop
endfacet
facet normal 0 1 0
  outer loop
    vertex 3.679572730322809 20 -96.77589957347487
    vertex 3.768162038918863 20 -93.55179914694976
    vertex 6.259081019459432 20 -95.28661976836497
  endloop
endfacet
facet normal 0 1 0
  outer loop
    vertex 6.170491710863377 20 -98.5107201948901
    vertex 6.259081019459432 20 -95.28661976836497
    vertex 8.75 20 -97.0214403897802
  endloop
endfacet
facet normal -0 1 0
  outer loop
    vertex -8.75 20 -97.0214403897802
    vertex -5.866703430384279 20 -95.67154157655807
    vertex -6.170491710863377 20 -98.5107201948901
  endloop
endfacet
facet normal 0 1 0
  outer loop
    vertex -5.866703430384279 20 -95.67154157655807
    vertex -3.287195141247656 20 -97.16082138166797
    vertex -6.170491710863377 20 -98.5107201948901
  endloop
endfacet
facet normal -0 1 0
  outer loop
    vertex -5.866703430384279 20 -95.67154157655807
    vertex -2.983406860768557 20 -94.32164276333593
    vertex -3.287195141247656 20 -97.16082138166797
  endloop
endfacet
facet normal -0 1 0
  outer loop
    vertex -6.170491710863377 20 -98.5107201948901
    vertex -3.287195141247656 20 -97.16082138166797
    vertex -3.590983421726754 20 -100
  endloop
endfacet
facet normal 0 1 0
  outer loop
    vertex 0 20 -110.4866316780742
    vertex 2.250697836277487 20 -110.5483047203791
    vertex 1.458333333333333 20 -112.6897148645866
  endloop
endfacet
facet normal 0 1 0
  outer loop
    vertex 2.250697836277487 20 -110.5483047203791
    vertex 3.70903116961082 20 -112.7513879068915
    vertex 1.458333333333333 20 -112.6897148645866
  endloop
endfacet
facet normal 0 1 0
  outer loop
    vertex 2.250697836277487 20 -110.5483047203791
    vertex 4.501395672554974 20 -110.609977762684
    vertex 3.70903116961082 20 -112.7513879068915
  endloop
endfacet
facet normal 0 1 0
  outer loop
    vertex 1.458333333333333 20 -112.6897148645866
    vertex 3.70903116961082 20 -112.7513879068915
    vertex 2.916666666666666 20 -114.892798051099
  endloop
endfacet
facet normal 0 1 -0
  outer loop
    vertex -2.916666666666668 20 -114.892798051099
    vertex -3.752706990696066 20 -112.8192299167458
    vertex -1.458333333333334 20 -112.6897148645866
  endloop
endfacet
facet normal 0 1 0
  outer loop
    vertex -3.752706990696066 20 -112.8192299167458
    vertex -2.29437365736273 20 -110.6161467302334
    vertex -1.458333333333334 20 -112.6897148645866
  endloop
endfacet
facet normal 0 1 -0
  outer loop
    vertex -3.752706990696066 20 -112.8192299167458
    vertex -4.588747314725461 20 -110.7456617823925
    vertex -2.29437365736273 20 -110.6161467302334
  endloop
endfacet
facet normal 0 1 -0
  outer loop
    vertex -1.458333333333334 20 -112.6897148645866
    vertex -2.29437365736273 20 -110.6161467302334
    vertex 0 20 -110.4866316780742
  endloop
endfacet
facet normal 0 1 0
  outer loop
    vertex 2.916666666666666 20 -85.10720194890098
    vertex 3.752706990696062 20 -87.18077008325422
    vertex 1.458333333333334 20 -87.31028513541338
  endloop
endfacet
facet normal 0 1 0
  outer loop
    vertex 3.752706990696062 20 -87.18077008325422
    vertex 2.29437365736273 20 -89.38385326976663
    vertex 1.458333333333334 20 -87.31028513541338
  endloop
endfacet
facet normal 0 1 0
  outer loop
    vertex 3.752706990696062 20 -87.18077008325422
    vertex 4.588747314725459 20 -89.25433821760745
    vertex 2.29437365736273 20 -89.38385326976663
  endloop
endfacet
facet normal 0 1 0
  outer loop
    vertex 1.458333333333334 20 -87.31028513541338
    vertex 2.29437365736273 20 -89.38385326976663
    vertex 1.77635683940025e-15 20 -89.5133683219258
  endloop
endfacet
facet normal 0 1 0
  outer loop
    vertex 1.77635683940025e-15 20 -89.5133683219258
    vertex -2.250697836277485 20 -89.45169527962091
    vertex -1.458333333333332 20 -87.31028513541338
  endloop
endfacet
facet normal 0 1 -0
  outer loop
    vertex -2.250697836277485 20 -89.45169527962091
    vertex -3.709031169610819 20 -87.24861209310851
    vertex -1.458333333333332 20 -87.31028513541338
  endloop
endfacet
facet normal 0 1 0
  outer loop
    vertex -2.250697836277485 20 -89.45169527962091
    vertex -4.50139567255497 20 -89.39002223731602
    vertex -3.709031169610819 20 -87.24861209310851
  endloop
endfacet
facet normal 0 1 0
  outer loop
    vertex -1.458333333333332 20 -87.31028513541338
    vertex -3.709031169610819 20 -87.24861209310851
    vertex -2.916666666666668 20 -85.10720194890098
  endloop
endfacet
facet normal -0 1 0
  outer loop
    vertex -8.75 20 -91.06432116934059
    vertex -6.625697836277485 20 -90.22717170332831
    vertex -5.866703430384279 20 -92.69298196633827
  endloop
endfacet
facet normal 0 1 0
  outer loop
    vertex -6.625697836277485 20 -90.22717170332831
    vertex -3.742401266661764 20 -91.85583250032597
    vertex -5.866703430384279 20 -92.69298196633827
  endloop
endfacet
facet normal -0 1 0
  outer loop
    vertex -6.625697836277485 20 -90.22717170332831
    vertex -4.50139567255497 20 -89.39002223731602
    vertex -3.742401266661764 20 -91.85583250032597
  endloop
endfacet
facet normal -0 1 0
  outer loop
    vertex -5.866703430384279 20 -92.69298196633827
    vertex -3.742401266661764 20 -91.85583250032597
    vertex -2.983406860768557 20 -94.32164276333593
  endloop
endfacet
facet normal 0 1 0
  outer loop
    vertex -3.768162038918861 20 -106.4482008530502
    vertex -4.178454676822161 20 -108.5969313177214
    vertex -6.25908101945943 20 -107.6919398418548
  endloop
endfacet
facet normal 0 1 0
  outer loop
    vertex -4.178454676822161 20 -108.5969313177214
    vertex -6.66937365736273 20 -109.840670306526
    vertex -6.25908101945943 20 -107.6919398418548
  endloop
endfacet
facet normal 0 1 0
  outer loop
    vertex -4.178454676822161 20 -108.5969313177214
    vertex -4.588747314725461 20 -110.7456617823925
    vertex -6.66937365736273 20 -109.840670306526
  endloop
endfacet
facet normal 0 1 0
  outer loop
    vertex -6.25908101945943 20 -107.6919398418548
    vertex -6.66937365736273 20 -109.840670306526
    vertex -8.75 20 -108.9356788306594
  endloop
endfacet
facet normal 0 1 0
  outer loop
    vertex 3.768162038918863 20 -93.55179914694976
    vertex 4.178454676822161 20 -91.40306868227862
    vertex 6.259081019459432 20 -92.30806015814517
  endloop
endfacet
facet normal -0 1 0
  outer loop
    vertex 4.178454676822161 20 -91.40306868227862
    vertex 6.66937365736273 20 -90.15932969347404
    vertex 6.259081019459432 20 -92.30806015814517
  endloop
endfacet
facet normal 0 1 0
  outer loop
    vertex 4.178454676822161 20 -91.40306868227862
    vertex 4.588747314725459 20 -89.25433821760745
    vertex 6.66937365736273 20 -90.15932969347404
  endloop
endfacet
facet normal 0 1 0
  outer loop
    vertex 6.259081019459432 20 -92.30806015814517
    vertex 6.66937365736273 20 -90.15932969347404
    vertex 8.75 20 -91.06432116934059
  endloop
endfacet
facet normal 0 1 0
  outer loop
    vertex 8.75 20 -108.9356788306594
    vertex 6.625697836277487 20 -109.7728282966717
    vertex 5.866703430384279 20 -107.3070180336617
  endloop
endfacet
facet normal 0 1 0
  outer loop
    vertex 6.625697836277487 20 -109.7728282966717
    vertex 3.742401266661766 20 -108.144167499674
    vertex 5.866703430384279 20 -107.3070180336617
  endloop
endfacet
facet normal 0 1 0
  outer loop
    vertex 6.625697836277487 20 -109.7728282966717
    vertex 4.501395672554974 20 -110.609977762684
    vertex 3.742401266661766 20 -108.144167499674
  endloop
endfacet
facet normal 0 1 0
  outer loop
    vertex 5.866703430384279 20 -107.3070180336617
    vertex 3.742401266661766 20 -108.144167499674
    vertex 2.983406860768558 20 -105.6783572366641
  endloop
endfacet
facet normal 0 1 -0
  outer loop
    vertex -2.983406860768557 20 -94.32164276333593
    vertex -3.742401266661764 20 -91.85583250032597
    vertex -1.491703430384277 20 -91.91750554263086
  endloop
endfacet
facet normal -0 1 0
  outer loop
    vertex -3.742401266661764 20 -91.85583250032597
    vertex -2.250697836277485 20 -89.45169527962091
    vertex -1.491703430384277 20 -91.91750554263086
  endloop
endfacet
facet normal 0 1 -0
  outer loop
    vertex -3.742401266661764 20 -91.85583250032597
    vertex -4.50139567255497 20 -89.39002223731602
    vertex -2.250697836277485 20 -89.45169527962091
  endloop
endfacet
facet normal 0 1 -0
  outer loop
    vertex -1.491703430384277 20 -91.91750554263086
    vertex -2.250697836277485 20 -89.45169527962091
    vertex 1.77635683940025e-15 20 -89.5133683219258
  endloop
endfacet
facet normal 0 1 0
  outer loop
    vertex 2.983406860768558 20 -105.6783572366641
    vertex 3.742401266661766 20 -108.144167499674
    vertex 1.491703430384279 20 -108.0824944573691
  endloop
endfacet
facet normal 0 1 0
  outer loop
    vertex 3.742401266661766 20 -108.144167499674
    vertex 2.250697836277487 20 -110.5483047203791
    vertex 1.491703430384279 20 -108.0824944573691
  endloop
endfacet
facet normal 0 1 0
  outer loop
    vertex 3.742401266661766 20 -108.144167499674
    vertex 4.501395672554974 20 -110.609977762684
    vertex 2.250697836277487 20 -110.5483047203791
  endloop
endfacet
facet normal 0 1 0
  outer loop
    vertex 1.491703430384279 20 -108.0824944573691
    vertex 2.250697836277487 20 -110.5483047203791
    vertex 0 20 -110.4866316780742
  endloop
endfacet
facet normal -0 1 0
  outer loop
    vertex 1.77635683940025e-15 20 -89.5133683219258
    vertex 2.29437365736273 20 -89.38385326976663
    vertex 1.884081019459432 20 -91.53258373443778
  endloop
endfacet
facet normal 0 1 0
  outer loop
    vertex 2.29437365736273 20 -89.38385326976663
    vertex 4.178454676822161 20 -91.40306868227862
    vertex 1.884081019459432 20 -91.53258373443778
  endloop
endfacet
facet normal -0 1 0
  outer loop
    vertex 2.29437365736273 20 -89.38385326976663
    vertex 4.588747314725459 20 -89.25433821760745
    vertex 4.178454676822161 20 -91.40306868227862
  endloop
endfacet
facet normal -0 1 0
  outer loop
    vertex 1.884081019459432 20 -91.53258373443778
    vertex 4.178454676822161 20 -91.40306868227862
    vertex 3.768162038918863 20 -93.55179914694976
  endloop
endfacet
facet normal 0 1 0
  outer loop
    vertex 0 20 -110.4866316780742
    vertex -2.29437365736273 20 -110.6161467302334
    vertex -1.88408101945943 20 -108.4674162655622
  endloop
endfacet
facet normal 0 1 -0
  outer loop
    vertex -2.29437365736273 20 -110.6161467302334
    vertex -4.178454676822161 20 -108.5969313177214
    vertex -1.88408101945943 20 -108.4674162655622
  endloop
endfacet
facet normal 0 1 0
  outer loop
    vertex -2.29437365736273 20 -110.6161467302334
    vertex -4.588747314725461 20 -110.7456617823925
    vertex -4.178454676822161 20 -108.5969313177214
  endloop
endfacet
facet normal 0 1 0
  outer loop
    vertex -1.88408101945943 20 -108.4674162655622
    vertex -4.178454676822161 20 -108.5969313177214
    vertex -3.768162038918861 20 -106.4482008530502
  endloop
endfacet
facet normal 0 0.351896 -0.936039
  outer loop
    vertex -2.916666666666668 6.414898004930523 -120
    vertex -1.458333333333334 8.379874198072843 -119.2612841444398
    vertex 0 6.414898004930523 -120
  endloop
endfacet
facet normal 0 0.351896 -0.936039
  outer loop
    vertex -1.458333333333334 8.379874198072843 -119.2612841444398
    vertex 1.458333333333333 8.379874198072843 -119.2612841444398
    vertex 0 6.414898004930523 -120
  endloop
endfacet
facet normal 0 0.351896 -0.936039
  outer loop
    vertex -1.458333333333334 8.379874198072843 -119.2612841444398
    vertex 0 10.34485039121516 -118.5225682888796
    vertex 1.458333333333333 8.379874198072843 -119.2612841444398
  endloop
endfacet
facet normal 0 0.351896 -0.936039
  outer loop
    vertex 0 6.414898004930523 -120
    vertex 1.458333333333333 8.379874198072843 -119.2612841444398
    vertex 2.916666666666666 6.414898004930523 -120
  endloop
endfacet
facet normal 0 0.351896 -0.936039
  outer loop
    vertex 2.916666666666666 20 -114.892798051099
    vertex 1.458333333333333 18.01652721888971 -115.6384675394072
    vertex 0 20 -114.892798051099
  endloop
endfacet
facet normal 0 0.351896 -0.936039
  outer loop
    vertex 1.458333333333333 18.01652721888971 -115.6384675394072
    vertex -1.458333333333334 18.01652721888971 -115.6384675394072
    vertex 0 20 -114.892798051099
  endloop
endfacet
facet normal 0 0.351896 -0.936039
  outer loop
    vertex 1.458333333333333 18.01652721888971 -115.6384675394072
    vertex 0 16.03305443777941 -116.3841370277155
    vertex -1.458333333333334 18.01652721888971 -115.6384675394072
  endloop
endfacet
facet normal 0 0.351896 -0.936039
  outer loop
    vertex 0 20 -114.892798051099
    vertex -1.458333333333334 18.01652721888971 -115.6384675394072
    vertex -2.916666666666668 20 -114.892798051099
  endloop
endfacet
facet normal 0 0.351896 -0.936039
  outer loop
    vertex -2.916666666666668 20 -114.892798051099
    vertex -3.986111111111111 18.47121361085549 -115.4675321111691
    vertex -5.833333333333334 20 -114.892798051099
  endloop
endfacet
facet normal 0 0.351896 -0.936039
  outer loop
    vertex -3.986111111111111 18.47121361085549 -115.4675321111691
    vertex -6.902777777777779 18.47121361085549 -115.4675321111691
    vertex -5.833333333333334 20 -114.892798051099
  endloop
endfacet
facet normal 0 0.351896 -0.936039
  outer loop
    vertex -3.986111111111111 18.47121361085549 -115.4675321111691
    vertex -5.055555555555555 16.94242722171097 -116.0422661712391
    vertex -6.902777777777779 18.47121361085549 -115.4675321111691
  endloop
endfacet
facet normal 0 0.351896 -0.936039
  outer loop
    vertex -5.833333333333334 20 -114.892798051099
    vertex -6.902777777777779 18.47121361085549 -115.4675321111691
    vertex -8.75 20 -114.892798051099
  endloop
endfacet
facet normal 0 0.351896 -0.936039
  outer loop
    vertex 8.75 20 -114.892798051099
    vertex 6.902777777777778 18.47121361085549 -115.4675321111691
    vertex 5.833333333333333 20 -114.892798051099
  endloop
endfacet
facet normal 0 0.351896 -0.936039
  outer loop
    vertex 6.902777777777778 18.47121361085549 -115.4675321111691
    vertex 3.986111111111111 18.47121361085549 -115.4675321111691
    vertex 5.833333333333333 20 -114.892798051099
  endloop
endfacet
facet normal 0 0.351896 -0.936039
  outer loop
    vertex 6.902777777777778 18.47121361085549 -115.4675321111691
    vertex 5.055555555555555 16.94242722171097 -116.0422661712391
    vertex 3.986111111111111 18.47121361085549 -115.4675321111691
  endloop
endfacet
facet normal 0 0.351896 -0.936039
  outer loop
    vertex 5.833333333333333 20 -114.892798051099
    vertex 3.986111111111111 18.47121361085549 -115.4675321111691
    vertex 2.916666666666666 20 -114.892798051099
  endloop
endfacet
facet normal 0 0.351896 -0.936039
  outer loop
    vertex 2.916666666666666 6.414898004930523 -120
    vertex 3.986111111111111 7.939985076481443 -119.4266566664795
    vertex 5.833333333333333 6.414898004930523 -120
  endloop
endfacet
facet normal 0 0.351896 -0.936039
  outer loop
    vertex 3.986111111111111 7.939985076481443 -119.4266566664795
    vertex 6.902777777777778 7.939985076481443 -119.4266566664795
    vertex 5.833333333333333 6.414898004930523 -120
  endloop
endfacet
facet normal 0 0.351896 -0.936039
  outer loop
    vertex 3.986111111111111 7.939985076481443 -119.4266566664795
    vertex 5.055555555555555 9.465072148032363 -118.8533133329591
    vertex 6.902777777777778 7.939985076481443 -119.4266566664795
  endloop
endfacet
facet normal 0 0.351896 -0.936039
  outer loop
    vertex 5.833333333333333 6.414898004930523 -120
    vertex 6.902777777777778 7.939985076481443 -119.4266566664795
    vertex 8.75 6.414898004930523 -120
  endloop
endfacet
facet normal 0 0.351896 -0.936039
  outer loop
    vertex -8.75 6.414898004930523 -120
    vertex -6.902777777777779 7.939985076481443 -119.4266566664795
    vertex -5.833333333333334 6.414898004930523 -120
  endloop
endfacet
facet normal 0 0.351896 -0.936039
  outer loop
    vertex -6.902777777777779 7.939985076481443 -119.4266566664795
    vertex -3.986111111111111 7.939985076481443 -119.4266566664795
    vertex -5.833333333333334 6.414898004930523 -120
  endloop
endfacet
facet normal 0 0.351896 -0.936039
  outer loop
    vertex -6.902777777777779 7.939985076481443 -119.4266566664795
    vertex -5.055555555555555 9.465072148032363 -118.8533133329591
    vertex -3.986111111111111 7.939985076481443 -119.4266566664795
  endloop
endfacet
facet normal 0 0.351896 -0.936039
  outer loop
    vertex -5.833333333333334 6.414898004930523 -120
    vertex -3.986111111111111 7.939985076481443 -119.4266566664795
    vertex -2.916666666666668 6.414898004930523 -120
  endloop
endfacet
facet normal -1.65232e-16 0.351896 -0.936039
  outer loop
    vertex 8.75 10.94326533662035 -118.2975993503663
    vertex 6.805555555555555 12.07535716954281 -117.8719991879579
    vertex 8.75 13.20744900246526 -117.4463990255495
  endloop
endfacet
facet normal 0 0.351896 -0.936039
  outer loop
    vertex 6.805555555555555 12.07535716954281 -117.8719991879579
    vertex 6.805555555555555 14.33954083538772 -117.0207988631411
    vertex 8.75 13.20744900246526 -117.4463990255495
  endloop
endfacet
facet normal -3.30465e-16 0.351896 -0.936039
  outer loop
    vertex 6.805555555555555 12.07535716954281 -117.8719991879579
    vertex 4.861111111111111 13.20744900246526 -117.4463990255495
    vertex 6.805555555555555 14.33954083538772 -117.0207988631411
  endloop
endfacet
facet normal 0 0.351896 -0.936039
  outer loop
    vertex 8.75 13.20744900246526 -117.4463990255495
    vertex 6.805555555555555 14.33954083538772 -117.0207988631411
    vertex 8.75 15.47163266831018 -116.5951987007327
  endloop
endfacet
facet normal 0 0.351896 -0.936039
  outer loop
    vertex -8.75 15.47163266831018 -116.5951987007327
    vertex -6.805555555555554 14.33954083538772 -117.0207988631411
    vertex -8.75 13.20744900246526 -117.4463990255495
  endloop
endfacet
facet normal 0 0.351896 -0.936039
  outer loop
    vertex -6.805555555555554 14.33954083538772 -117.0207988631411
    vertex -6.805555555555554 12.07535716954281 -117.8719991879579
    vertex -8.75 13.20744900246526 -117.4463990255495
  endloop
endfacet
facet normal 3.30465e-16 0.351896 -0.936039
  outer loop
    vertex -6.805555555555554 14.33954083538772 -117.0207988631411
    vertex -4.861111111111109 13.20744900246526 -117.4463990255495
    vertex -6.805555555555554 12.07535716954281 -117.8719991879579
  endloop
endfacet
facet normal 1.65232e-16 0.351896 -0.936039
  outer loop
    vertex -8.75 13.20744900246526 -117.4463990255495
    vertex -6.805555555555554 12.07535716954281 -117.8719991879579
    vertex -8.75 10.94326533662035 -118.2975993503663
  endloop
endfacet
facet normal 2.3905e-15 0.351896 -0.936039
  outer loop
    vertex 0 10.34485039121516 -118.5225682888796
    vertex 2.527777777777778 9.904961269623763 -118.6879408109193
    vertex 1.458333333333333 8.379874198072843 -119.2612841444398
  endloop
endfacet
facet normal -2.30641e-15 0.351896 -0.936039
  outer loop
    vertex 2.527777777777778 9.904961269623763 -118.6879408109193
    vertex 3.986111111111111 7.939985076481443 -119.4266566664795
    vertex 1.458333333333333 8.379874198072843 -119.2612841444398
  endloop
endfacet
facet normal -2.01811e-15 0.351896 -0.936039
  outer loop
    vertex 2.527777777777778 9.904961269623763 -118.6879408109193
    vertex 5.055555555555555 9.465072148032363 -118.8533133329591
    vertex 3.986111111111111 7.939985076481443 -119.4266566664795
  endloop
endfacet
facet normal -2.30641e-15 0.351896 -0.936039
  outer loop
    vertex 1.458333333333333 8.379874198072843 -119.2612841444398
    vertex 3.986111111111111 7.939985076481443 -119.4266566664795
    vertex 2.916666666666666 6.414898004930523 -120
  endloop
endfacet
facet normal 1.73174e-15 0.351896 -0.936039
  outer loop
    vertex 0 16.03305443777941 -116.3841370277155
    vertex -2.527777777777779 16.48774082974519 -116.2132015994773
    vertex -1.458333333333334 18.01652721888971 -115.6384675394072
  endloop
endfacet
facet normal 1.28985e-15 0.351896 -0.936039
  outer loop
    vertex -2.527777777777779 16.48774082974519 -116.2132015994773
    vertex -3.986111111111111 18.47121361085549 -115.4675321111691
    vertex -1.458333333333334 18.01652721888971 -115.6384675394072
  endloop
endfacet
facet normal -4.77722e-15 0.351896 -0.936039
  outer loop
    vertex -2.527777777777779 16.48774082974519 -116.2132015994773
    vertex -5.055555555555555 16.94242722171097 -116.0422661712391
    vertex -3.986111111111111 18.47121361085549 -115.4675321111691
  endloop
endfacet
facet normal -9.55445e-17 0.351896 -0.936039
  outer loop
    vertex -1.458333333333334 18.01652721888971 -115.6384675394072
    vertex -3.986111111111111 18.47121361085549 -115.4675321111691
    vertex -2.916666666666668 20 -114.892798051099
  endloop
endfacet
facet normal 2.30641e-15 0.351896 -0.936039
  outer loop
    vertex -2.916666666666668 6.414898004930523 -120
    vertex -3.986111111111111 7.939985076481443 -119.4266566664795
    vertex -1.458333333333334 8.379874198072843 -119.2612841444398
  endloop
endfacet
facet normal 2.30641e-15 0.351896 -0.936039
  outer loop
    vertex -3.986111111111111 7.939985076481443 -119.4266566664795
    vertex -2.527777777777779 9.904961269623763 -118.6879408109193
    vertex -1.458333333333334 8.379874198072843 -119.2612841444398
  endloop
endfacet
facet normal 2.01811e-15 0.351896 -0.936039
  outer loop
    vertex -3.986111111111111 7.939985076481443 -119.4266566664795
    vertex -5.055555555555555 9.465072148032363 -118.8533133329591
    vertex -2.527777777777779 9.904961269623763 -118.6879408109193
  endloop
endfacet
facet normal -2.40251e-15 0.351896 -0.936039
  outer loop
    vertex -1.458333333333334 8.379874198072843 -119.2612841444398
    vertex -2.527777777777779 9.904961269623763 -118.6879408109193
    vertex 0 10.34485039121516 -118.5225682888796
  endloop
endfacet
facet normal 9.55445e-17 0.351896 -0.936039
  outer loop
    vertex 2.916666666666666 20 -114.892798051099
    vertex 3.986111111111111 18.47121361085549 -115.4675321111691
    vertex 1.458333333333333 18.01652721888971 -115.6384675394072
  endloop
endfacet
facet normal -1.15848e-15 0.351896 -0.936039
  outer loop
    vertex 3.986111111111111 18.47121361085549 -115.4675321111691
    vertex 2.527777777777778 16.48774082974519 -116.2132015994773
    vertex 1.458333333333333 18.01652721888971 -115.6384675394072
  endloop
endfacet
facet normal -1.7198e-15 0.351896 -0.936039
  outer loop
    vertex 3.986111111111111 18.47121361085549 -115.4675321111691
    vertex 5.055555555555555 16.94242722171097 -116.0422661712391
    vertex 2.527777777777778 16.48774082974519 -116.2132015994773
  endloop
endfacet
facet normal -1.14653e-15 0.351896 -0.936039
  outer loop
    vertex 1.458333333333333 18.01652721888971 -115.6384675394072
    vertex 2.527777777777778 16.48774082974519 -116.2132015994773
    vertex 0 16.03305443777941 -116.3841370277155
  endloop
endfacet
facet normal -2.21714e-15 0.351896 -0.936039
  outer loop
    vertex 4.861111111111111 13.20744900246526 -117.4463990255495
    vertex 4.958333333333333 11.33626057524881 -118.1498561792543
    vertex 2.430555555555555 11.77614969684021 -117.9844836572145
  endloop
endfacet
facet normal -2.14508e-15 0.351896 -0.936039
  outer loop
    vertex 4.958333333333333 11.33626057524881 -118.1498561792543
    vertex 2.527777777777778 9.904961269623763 -118.6879408109193
    vertex 2.430555555555555 11.77614969684021 -117.9844836572145
  endloop
endfacet
facet normal -1.95108e-15 0.351896 -0.936039
  outer loop
    vertex 4.958333333333333 11.33626057524881 -118.1498561792543
    vertex 5.055555555555555 9.465072148032363 -118.8533133329591
    vertex 2.527777777777778 9.904961269623763 -118.6879408109193
  endloop
endfacet
facet normal 3.14833e-15 0.351896 -0.936039
  outer loop
    vertex 2.430555555555555 11.77614969684021 -117.9844836572145
    vertex 2.527777777777778 9.904961269623763 -118.6879408109193
    vertex 0 10.34485039121516 -118.5225682888796
  endloop
endfacet
facet normal 7.11121e-16 0.351896 -0.936039
  outer loop
    vertex 0 16.03305443777941 -116.3841370277155
    vertex 2.527777777777778 16.48774082974519 -116.2132015994773
    vertex 2.430555555555555 14.62025172012233 -116.9152680266325
  endloop
endfacet
facet normal 4.66673e-16 0.351896 -0.936039
  outer loop
    vertex 2.527777777777778 16.48774082974519 -116.2132015994773
    vertex 4.958333333333333 15.07493811208812 -116.7443325983943
    vertex 2.430555555555555 14.62025172012233 -116.9152680266325
  endloop
endfacet
facet normal 2.72226e-16 0.351896 -0.936039
  outer loop
    vertex 2.527777777777778 16.48774082974519 -116.2132015994773
    vertex 5.055555555555555 16.94242722171097 -116.0422661712391
    vertex 4.958333333333333 15.07493811208812 -116.7443325983943
  endloop
endfacet
facet normal -7.72233e-16 0.351896 -0.936039
  outer loop
    vertex 2.430555555555555 14.62025172012233 -116.9152680266325
    vertex 4.958333333333333 15.07493811208812 -116.7443325983943
    vertex 4.861111111111111 13.20744900246526 -117.4463990255495
  endloop
endfacet
facet normal -3.16496e-15 0.351896 -0.936039
  outer loop
    vertex 0 10.34485039121516 -118.5225682888796
    vertex -2.527777777777779 9.904961269623763 -118.6879408109193
    vertex -2.430555555555554 11.77614969684021 -117.9844836572145
  endloop
endfacet
facet normal 2.12845e-15 0.351896 -0.936039
  outer loop
    vertex -2.527777777777779 9.904961269623763 -118.6879408109193
    vertex -4.958333333333332 11.33626057524881 -118.1498561792543
    vertex -2.430555555555554 11.77614969684021 -117.9844836572145
  endloop
endfacet
facet normal 1.95662e-15 0.351896 -0.936039
  outer loop
    vertex -2.527777777777779 9.904961269623763 -118.6879408109193
    vertex -5.055555555555555 9.465072148032363 -118.8533133329591
    vertex -4.958333333333332 11.33626057524881 -118.1498561792543
  endloop
endfacet
facet normal 2.20605e-15 0.351896 -0.936039
  outer loop
    vertex -2.430555555555554 11.77614969684021 -117.9844836572145
    vertex -4.958333333333332 11.33626057524881 -118.1498561792543
    vertex -4.861111111111109 13.20744900246526 -117.4463990255495
  endloop
endfacet
facet normal 7.55566e-16 0.351896 -0.936039
  outer loop
    vertex -4.861111111111109 13.20744900246526 -117.4463990255495
    vertex -4.958333333333332 15.07493811208812 -116.7443325983943
    vertex -2.430555555555554 14.62025172012233 -116.9152680266325
  endloop
endfacet
facet normal -5.83341e-16 0.351896 -0.936039
  outer loop
    vertex -4.958333333333332 15.07493811208812 -116.7443325983943
    vertex -2.527777777777779 16.48774082974519 -116.2132015994773
    vertex -2.430555555555554 14.62025172012233 -116.9152680266325
  endloop
endfacet
facet normal -4.80006e-15 0.351896 -0.936039
  outer loop
    vertex -4.958333333333332 15.07493811208812 -116.7443325983943
    vertex -5.055555555555555 16.94242722171097 -116.0422661712391
    vertex -2.527777777777779 16.48774082974519 -116.2132015994773
  endloop
endfacet
facet normal -3.33338e-16 0.351896 -0.936039
  outer loop
    vertex -2.430555555555554 14.62025172012233 -116.9152680266325
    vertex -2.527777777777779 16.48774082974519 -116.2132015994773
    vertex 0 16.03305443777941 -116.3841370277155
  endloop
endfacet
facet normal 1.68373e-15 0.351896 -0.936039
  outer loop
    vertex -4.861111111111109 13.20744900246526 -117.4463990255495
    vertex -2.430555555555554 14.62025172012233 -116.9152680266325
    vertex -2.430555555555554 11.77614969684021 -117.9844836572145
  endloop
endfacet
facet normal -4.02892e-15 0.351896 -0.936039
  outer loop
    vertex -2.430555555555554 14.62025172012233 -116.9152680266325
    vertex 0 13.18895241449729 -117.4533526582975
    vertex -2.430555555555554 11.77614969684021 -117.9844836572145
  endloop
endfacet
facet normal -3.90865e-15 0.351896 -0.936039
  outer loop
    vertex -2.430555555555554 14.62025172012233 -116.9152680266325
    vertex 0 16.03305443777941 -116.3841370277155
    vertex 0 13.18895241449729 -117.4533526582975
  endloop
endfacet
facet normal -4.04395e-15 0.351896 -0.936039
  outer loop
    vertex -2.430555555555554 11.77614969684021 -117.9844836572145
    vertex 0 13.18895241449729 -117.4533526582975
    vertex 0 10.34485039121516 -118.5225682888796
  endloop
endfacet
facet normal 4.02892e-15 0.351896 -0.936039
  outer loop
    vertex 0 10.34485039121516 -118.5225682888796
    vertex 0 13.18895241449729 -117.4533526582975
    vertex 2.430555555555555 11.77614969684021 -117.9844836572145
  endloop
endfacet
facet normal 4.04395e-15 0.351896 -0.936039
  outer loop
    vertex 0 13.18895241449729 -117.4533526582975
    vertex 2.430555555555555 14.62025172012233 -116.9152680266325
    vertex 2.430555555555555 11.77614969684021 -117.9844836572145
  endloop
endfacet
facet normal 3.90865e-15 0.351896 -0.936039
  outer loop
    vertex 0 13.18895241449729 -117.4533526582975
    vertex 0 16.03305443777941 -116.3841370277155
    vertex 2.430555555555555 14.62025172012233 -116.9152680266325
  endloop
endfacet
facet normal -1.68373e-15 0.351896 -0.936039
  outer loop
    vertex 2.430555555555555 11.77614969684021 -117.9844836572145
    vertex 2.430555555555555 14.62025172012233 -116.9152680266325
    vertex 4.861111111111111 13.20744900246526 -117.4463990255495
  endloop
endfacet
facet normal -8.94491e-16 0.351896 -0.936039
  outer loop
    vertex -8.75 10.94326533662035 -118.2975993503663
    vertex -6.902777777777779 10.20416874232636 -118.5754563416627
    vertex -8.75 8.679081670775435 -119.1487996751832
  endloop
endfacet
facet normal -1.14296e-15 0.351896 -0.936039
  outer loop
    vertex -6.902777777777779 10.20416874232636 -118.5754563416627
    vertex -6.902777777777779 7.939985076481443 -119.4266566664795
    vertex -8.75 8.679081670775435 -119.1487996751832
  endloop
endfacet
facet normal -7.70256e-16 0.351896 -0.936039
  outer loop
    vertex -6.902777777777779 10.20416874232636 -118.5754563416627
    vertex -5.055555555555555 9.465072148032363 -118.8533133329591
    vertex -6.902777777777779 7.939985076481443 -119.4266566664795
  endloop
endfacet
facet normal -1.11811e-15 0.351896 -0.936039
  outer loop
    vertex -8.75 8.679081670775435 -119.1487996751832
    vertex -6.902777777777779 7.939985076481443 -119.4266566664795
    vertex -8.75 6.414898004930523 -120
  endloop
endfacet
facet normal -2.36046e-15 0.351896 -0.936039
  outer loop
    vertex 8.75 15.47163266831018 -116.5951987007327
    vertex 6.902777777777778 16.20702994501057 -116.3187324359859
    vertex 8.75 17.73581633415509 -115.7439983759159
  endloop
endfacet
facet normal -2.13684e-15 0.351896 -0.936039
  outer loop
    vertex 6.902777777777778 16.20702994501057 -116.3187324359859
    vertex 6.902777777777778 18.47121361085549 -115.4675321111691
    vertex 8.75 17.73581633415509 -115.7439983759159
  endloop
endfacet
facet normal 5.7645e-15 0.351896 -0.936039
  outer loop
    vertex 6.902777777777778 16.20702994501057 -116.3187324359859
    vertex 5.055555555555555 16.94242722171097 -116.0422661712391
    vertex 6.902777777777778 18.47121361085549 -115.4675321111691
  endloop
endfacet
facet normal -1.88837e-15 0.351896 -0.936039
  outer loop
    vertex 8.75 17.73581633415509 -115.7439983759159
    vertex 6.902777777777778 18.47121361085549 -115.4675321111691
    vertex 8.75 20 -114.892798051099
  endloop
endfacet
facet normal 1.88837e-15 0.351896 -0.936039
  outer loop
    vertex -8.75 20 -114.892798051099
    vertex -6.902777777777779 18.47121361085549 -115.4675321111691
    vertex -8.75 17.73581633415509 -115.7439983759159
  endloop
endfacet
facet normal 1.88837e-15 0.351896 -0.936039
  outer loop
    vertex -6.902777777777779 18.47121361085549 -115.4675321111691
    vertex -6.902777777777779 16.20702994501058 -116.3187324359859
    vertex -8.75 17.73581633415509 -115.7439983759159
  endloop
endfacet
facet normal 1.88837e-15 0.351896 -0.936039
  outer loop
    vertex -6.902777777777779 18.47121361085549 -115.4675321111691
    vertex -5.055555555555555 16.94242722171097 -116.0422661712391
    vertex -6.902777777777779 16.20702994501058 -116.3187324359859
  endloop
endfacet
facet normal 1.68959e-15 0.351896 -0.936039
  outer loop
    vertex -8.75 17.73581633415509 -115.7439983759159
    vertex -6.902777777777779 16.20702994501058 -116.3187324359859
    vertex -8.75 15.47163266831018 -116.5951987007327
  endloop
endfacet
facet normal 1.14296e-15 0.351896 -0.936039
  outer loop
    vertex 8.75 6.414898004930523 -120
    vertex 6.902777777777778 7.939985076481443 -119.4266566664795
    vertex 8.75 8.679081670775435 -119.1487996751832
  endloop
endfacet
facet normal 1.11811e-15 0.351896 -0.936039
  outer loop
    vertex 6.902777777777778 7.939985076481443 -119.4266566664795
    vertex 6.902777777777778 10.20416874232636 -118.5754563416627
    vertex 8.75 8.679081670775435 -119.1487996751832
  endloop
endfacet
facet normal 7.95103e-16 0.351896 -0.936039
  outer loop
    vertex 6.902777777777778 7.939985076481443 -119.4266566664795
    vertex 5.055555555555555 9.465072148032363 -118.8533133329591
    vertex 6.902777777777778 10.20416874232636 -118.5754563416627
  endloop
endfacet
facet normal 8.94491e-16 0.351896 -0.936039
  outer loop
    vertex 8.75 8.679081670775435 -119.1487996751832
    vertex 6.902777777777778 10.20416874232636 -118.5754563416627
    vertex 8.75 10.94326533662035 -118.2975993503663
  endloop
endfacet
facet normal -1.38713e-15 0.351896 -0.936039
  outer loop
    vertex 4.861111111111111 13.20744900246526 -117.4463990255495
    vertex 4.958333333333333 15.07493811208812 -116.7443325983943
    vertex 6.805555555555555 14.33954083538772 -117.0207988631411
  endloop
endfacet
facet normal -1.12151e-15 0.351896 -0.936039
  outer loop
    vertex 4.958333333333333 15.07493811208812 -116.7443325983943
    vertex 6.902777777777778 16.20702994501057 -116.3187324359859
    vertex 6.805555555555555 14.33954083538772 -117.0207988631411
  endloop
endfacet
facet normal 3.57111e-15 0.351896 -0.936039
  outer loop
    vertex 4.958333333333333 15.07493811208812 -116.7443325983943
    vertex 5.055555555555555 16.94242722171097 -116.0422661712391
    vertex 6.902777777777778 16.20702994501057 -116.3187324359859
  endloop
endfacet
facet normal -1.47567e-15 0.351896 -0.936039
  outer loop
    vertex 6.805555555555555 14.33954083538772 -117.0207988631411
    vertex 6.902777777777778 16.20702994501057 -116.3187324359859
    vertex 8.75 15.47163266831018 -116.5951987007327
  endloop
endfacet
facet normal -4.12344e-16 0.351896 -0.936039
  outer loop
    vertex -4.861111111111109 13.20744900246526 -117.4463990255495
    vertex -4.958333333333332 11.33626057524881 -118.1498561792543
    vertex -6.805555555555554 12.07535716954281 -117.8719991879579
  endloop
endfacet
facet normal -3.97617e-16 0.351896 -0.936039
  outer loop
    vertex -4.958333333333332 11.33626057524881 -118.1498561792543
    vertex -6.902777777777779 10.20416874232636 -118.5754563416627
    vertex -6.805555555555554 12.07535716954281 -117.8719991879579
  endloop
endfacet
facet normal -4.12344e-16 0.351896 -0.936039
  outer loop
    vertex -4.958333333333332 11.33626057524881 -118.1498561792543
    vertex -5.055555555555555 9.465072148032363 -118.8533133329591
    vertex -6.902777777777779 10.20416874232636 -118.5754563416627
  endloop
endfacet
facet normal -4.12344e-16 0.351896 -0.936039
  outer loop
    vertex -6.805555555555554 12.07535716954281 -117.8719991879579
    vertex -6.902777777777779 10.20416874232636 -118.5754563416627
    vertex -8.75 10.94326533662035 -118.2975993503663
  endloop
endfacet
facet normal 1.06248e-15 0.351896 -0.936039
  outer loop
    vertex -8.75 15.47163266831018 -116.5951987007327
    vertex -6.902777777777779 16.20702994501058 -116.3187324359859
    vertex -6.805555555555554 14.33954083538772 -117.0207988631411
  endloop
endfacet
facet normal 1.38713e-15 0.351896 -0.936039
  outer loop
    vertex -6.902777777777779 16.20702994501058 -116.3187324359859
    vertex -4.958333333333332 15.07493811208812 -116.7443325983943
    vertex -6.805555555555554 14.33954083538772 -117.0207988631411
  endloop
endfacet
facet normal 1.38713e-15 0.351896 -0.936039
  outer loop
    vertex -6.902777777777779 16.20702994501058 -116.3187324359859
    vertex -5.055555555555555 16.94242722171097 -116.0422661712391
    vertex -4.958333333333332 15.07493811208812 -116.7443325983943
  endloop
endfacet
facet normal 1.38713e-15 0.351896 -0.936039
  outer loop
    vertex -6.805555555555554 14.33954083538772 -117.0207988631411
    vertex -4.958333333333332 15.07493811208812 -116.7443325983943
    vertex -4.861111111111109 13.20744900246526 -117.4463990255495
  endloop
endfacet
facet normal 3.97617e-16 0.351896 -0.936039
  outer loop
    vertex 8.75 10.94326533662035 -118.2975993503663
    vertex 6.902777777777778 10.20416874232636 -118.5754563416627
    vertex 6.805555555555555 12.07535716954281 -117.8719991879579
  endloop
endfacet
facet normal 4.12344e-16 0.351896 -0.936039
  outer loop
    vertex 6.902777777777778 10.20416874232636 -118.5754563416627
    vertex 4.958333333333333 11.33626057524881 -118.1498561792543
    vertex 6.805555555555555 12.07535716954281 -117.8719991879579
  endloop
endfacet
facet normal 3.97617e-16 0.351896 -0.936039
  outer loop
    vertex 6.902777777777778 10.20416874232636 -118.5754563416627
    vertex 5.055555555555555 9.465072148032363 -118.8533133329591
    vertex 4.958333333333333 11.33626057524881 -118.1498561792543
  endloop
endfacet
facet normal 3.97617e-16 0.351896 -0.936039
  outer loop
    vertex 6.805555555555555 12.07535716954281 -117.8719991879579
    vertex 4.958333333333333 11.33626057524881 -118.1498561792543
    vertex 4.861111111111111 13.20744900246526 -117.4463990255495
  endloop
endfacet
facet normal 0 0 1
  outer loop
    vertex -9.219817753644943e-16 5.733280204404109 -84.40742602607935
    vertex 2.203544371418128e-15 4.510574248267718 -84.40742602607935
    vertex 2.647662337633668 5.085310811355413 -84.40742602607935
  endloop
endfacet
facet normal -0 0 1
  outer loop
    vertex 2.203544371418128e-15 4.510574248267718 -84.40742602607935
    vertex 2.348426281353618 3.287868292131325 -84.40742602607935
    vertex 2.647662337633668 5.085310811355413 -84.40742602607935
  endloop
endfacet
facet normal 0 0 1
  outer loop
    vertex 2.203544371418128e-15 4.510574248267718 -84.40742602607935
    vertex 5.329070518200751e-15 3.287868292131325 -84.40742602607935
    vertex 2.348426281353618 3.287868292131325 -84.40742602607935
  endloop
endfacet
facet normal 0 0 1
  outer loop
    vertex 2.647662337633668 5.085310811355413 -84.40742602607935
    vertex 2.348426281353618 3.287868292131325 -84.40742602607935
    vertex 4.69685256270723 3.287868292131325 -84.40742602607935
  endloop
endfacet
facet normal 0 0 1
  outer loop
    vertex 5.329070518200751e-15 3.287868292131325 -84.40742602607935
    vertex 2.203544371418128e-15 4.510574248267718 -84.40742602607935
    vertex -2.348426281353611 3.287868292131325 -84.40742602607935
  endloop
endfacet
facet normal 0 0 1
  outer loop
    vertex 2.203544371418128e-15 4.510574248267718 -84.40742602607935
    vertex -2.647662337633667 5.085310811355414 -84.40742602607935
    vertex -2.348426281353611 3.287868292131325 -84.40742602607935
  endloop
endfacet
facet normal 0 0 1
  outer loop
    vertex 2.203544371418128e-15 4.510574248267718 -84.40742602607935
    vertex -9.219817753644943e-16 5.733280204404109 -84.40742602607935
    vertex -2.647662337633667 5.085310811355414 -84.40742602607935
  endloop
endfacet
facet normal 0 0 1
  outer loop
    vertex -2.348426281353611 3.287868292131325 -84.40742602607935
    vertex -2.647662337633667 5.085310811355414 -84.40742602607935
    vertex -4.696852562707229 3.287868292131326 -84.40742602607935
  endloop
endfacet
facet normal 0.379046 -0.245605 0.89219
  outer loop
    vertex -7.567072419372819 3.287868292131325 -83.22026914121416
    vertex -6.137622647878792 3.287868292131325 -83.82756886197613
    vertex -5.695246417978735 4.778456225340369 -83.60517814861274
  endloop
endfacet
facet normal 0.313562 -0.230494 0.921168
  outer loop
    vertex -6.137622647878792 3.287868292131325 -83.82756886197613
    vertex -4.225957762127923 4.75459382289572 -84.11128884759796
    vertex -5.695246417978735 4.778456225340369 -83.60517814861274
  endloop
endfacet
facet normal 0.356902 -0.293631 0.886793
  outer loop
    vertex -6.137622647878792 3.287868292131325 -83.82756886197613
    vertex -4.696852562707229 3.287868292131326 -84.40742602607935
    vertex -4.225957762127923 4.75459382289572 -84.11128884759796
  endloop
endfacet
facet normal 0.299207 -0.355729 0.885399
  outer loop
    vertex -5.695246417978735 4.778456225340369 -83.60517814861274
    vertex -4.225957762127923 4.75459382289572 -84.11128884759796
    vertex -3.721403622651544 6.183449480412212 -83.70772016024056
  endloop
endfacet
facet normal -0.356902 -0.293631 0.886793
  outer loop
    vertex 4.69685256270723 3.287868292131325 -84.40742602607935
    vertex 6.137622647879186 3.287868292131325 -83.82756886197598
    vertex 4.225957762127948 4.754593822895707 -84.11128884759795
  endloop
endfacet
facet normal -0.313562 -0.230494 0.921168
  outer loop
    vertex 6.137622647879186 3.287868292131325 -83.82756886197598
    vertex 5.695246417978759 4.778456225340354 -83.60517814861274
    vertex 4.225957762127948 4.754593822895707 -84.11128884759795
  endloop
endfacet
facet normal -0.379046 -0.245605 0.89219
  outer loop
    vertex 6.137622647879186 3.287868292131325 -83.82756886197598
    vertex 7.567072419372816 3.287868292131325 -83.22026914121416
    vertex 5.695246417978759 4.778456225340354 -83.60517814861274
  endloop
endfacet
facet normal -0.299207 -0.355729 0.885399
  outer loop
    vertex 4.225957762127948 4.754593822895707 -84.11128884759795
    vertex 5.695246417978759 4.778456225340354 -83.60517814861274
    vertex 3.721403622651595 6.183449480412185 -83.70772016024056
  endloop
endfacet
facet normal 0.280965 -0.313776 0.906975
  outer loop
    vertex -6.451589582141082 8.803939962449553 -81.96375261844045
    vertex -7.054259059023913 6.084656860308479 -82.71781713631484
    vertex -5.087408237121694 7.495037789727882 -82.83917826382765
  endloop
endfacet
facet normal 0.284243 -0.31858 0.904275
  outer loop
    vertex -7.054259059023913 6.084656860308479 -82.71781713631484
    vertex -5.695246417978735 4.778456225340369 -83.60517814861274
    vertex -5.087408237121694 7.495037789727882 -82.83917826382765
  endloop
endfacet
facet normal 0.367941 -0.229354 0.90112
  outer loop
    vertex -7.054259059023913 6.084656860308479 -82.71781713631484
    vertex -7.567072419372819 3.287868292131325 -83.22026914121416
    vertex -5.695246417978735 4.778456225340369 -83.60517814861274
  endloop
endfacet
facet normal 0.272948 -0.317171 0.908241
  outer loop
    vertex -5.087408237121694 7.495037789727882 -82.83917826382765
    vertex -5.695246417978735 4.778456225340369 -83.60517814861274
    vertex -3.721403622651544 6.183449480412212 -83.70772016024056
  endloop
endfacet
facet normal -0.367941 -0.229354 0.90112
  outer loop
    vertex 7.567072419372816 3.287868292131325 -83.22026914121416
    vertex 7.05425905902392 6.084656860308471 -82.71781713631484
    vertex 5.695246417978759 4.778456225340354 -83.60517814861274
  endloop
endfacet
facet normal -0.284243 -0.31858 0.904275
  outer loop
    vertex 7.05425905902392 6.084656860308471 -82.71781713631484
    vertex 5.087408237121729 7.495037789727863 -82.83917826382765
    vertex 5.695246417978759 4.778456225340354 -83.60517814861274
  endloop
endfacet
facet normal -0.280965 -0.313776 0.906975
  outer loop
    vertex 7.05425905902392 6.084656860308471 -82.71781713631484
    vertex 6.451589582141098 8.80393996244954 -81.96375261844045
    vertex 5.087408237121729 7.495037789727863 -82.83917826382765
  endloop
endfacet
facet normal -0.272948 -0.317171 0.908241
  outer loop
    vertex 5.695246417978759 4.778456225340354 -83.60517814861274
    vertex 5.087408237121729 7.495037789727863 -82.83917826382765
    vertex 3.721403622651595 6.183449480412185 -83.70772016024056
  endloop
endfacet
facet normal 0.0704835 -0.442091 0.894197
  outer loop
    vertex 1.763330950645585e-14 10.91477745988472 -81.96375261844045
    vertex -3.394062575917298 10.37365442983162 -81.96375261844045
    vertex -1.872952309536658 8.605399167638152 -82.95787709032783
  endloop
endfacet
facet normal 0.162727 -0.373459 0.913262
  outer loop
    vertex -3.394062575917298 10.37365442983162 -81.96375261844045
    vertex -5.087408237121694 7.495037789727882 -82.83917826382765
    vertex -1.872952309536658 8.605399167638152 -82.95787709032783
  endloop
endfacet
facet normal 0.200884 -0.391287 0.898076
  outer loop
    vertex -3.394062575917298 10.37365442983162 -81.96375261844045
    vertex -6.451589582141082 8.803939962449553 -81.96375261844045
    vertex -5.087408237121694 7.495037789727882 -82.83917826382765
  endloop
endfacet
facet normal 0.174852 -0.410521 0.89493
  outer loop
    vertex -1.872952309536658 8.605399167638152 -82.95787709032783
    vertex -5.087408237121694 7.495037789727882 -82.83917826382765
    vertex -3.721403622651544 6.183449480412212 -83.70772016024056
  endloop
endfacet
facet normal -0.200884 -0.391287 0.898076
  outer loop
    vertex 6.451589582141098 8.80393996244954 -81.96375261844045
    vertex 3.394062575917326 10.37365442983161 -81.96375261844045
    vertex 5.087408237121729 7.495037789727863 -82.83917826382765
  endloop
endfacet
facet normal -0.162727 -0.373459 0.913262
  outer loop
    vertex 3.394062575917326 10.37365442983161 -81.96375261844045
    vertex 1.872952309536702 8.60539916763814 -82.95787709032783
    vertex 5.087408237121729 7.495037789727863 -82.83917826382765
  endloop
endfacet
facet normal -0.0704835 -0.442091 0.894197
  outer loop
    vertex 3.394062575917326 10.37365442983161 -81.96375261844045
    vertex 1.763330950645585e-14 10.91477745988472 -81.96375261844045
    vertex 1.872952309536702 8.60539916763814 -82.95787709032783
  endloop
endfacet
facet normal -0.174852 -0.410521 0.89493
  outer loop
    vertex 5.087408237121729 7.495037789727863 -82.83917826382765
    vertex 1.872952309536702 8.60539916763814 -82.95787709032783
    vertex 3.721403622651595 6.183449480412185 -83.70772016024056
  endloop
endfacet
facet normal -0.0824263 -0.336802 0.937961
  outer loop
    vertex -9.219817753644943e-16 5.733280204404109 -84.40742602607935
    vertex 2.647662337633668 5.085310811355413 -84.40742602607935
    vertex 1.873336815441678 5.998824825759322 -84.14744920653638
  endloop
endfacet
facet normal -0.255815 -0.458973 0.850825
  outer loop
    vertex 2.647662337633668 5.085310811355413 -84.40742602607935
    vertex 4.225957762127948 4.754593822895707 -84.11128884759795
    vertex 1.873336815441678 5.998824825759322 -84.14744920653638
  endloop
endfacet
facet normal -0.230913 -0.263255 0.936683
  outer loop
    vertex 2.647662337633668 5.085310811355413 -84.40742602607935
    vertex 4.69685256270723 3.287868292131325 -84.40742602607935
    vertex 4.225957762127948 4.754593822895707 -84.11128884759795
  endloop
endfacet
facet normal -0.187577 -0.327764 0.925951
  outer loop
    vertex 1.873336815441678 5.998824825759322 -84.14744920653638
    vertex 4.225957762127948 4.754593822895707 -84.11128884759795
    vertex 3.721403622651595 6.183449480412185 -83.70772016024056
  endloop
endfacet
facet normal 0.230913 -0.263255 0.936683
  outer loop
    vertex -4.696852562707229 3.287868292131326 -84.40742602607935
    vertex -2.647662337633667 5.085310811355414 -84.40742602607935
    vertex -4.225957762127923 4.75459382289572 -84.11128884759796
  endloop
endfacet
facet normal 0.255815 -0.458973 0.850825
  outer loop
    vertex -2.647662337633667 5.085310811355414 -84.40742602607935
    vertex -1.873336815441651 5.998824825759335 -84.14744920653638
    vertex -4.225957762127923 4.75459382289572 -84.11128884759796
  endloop
endfacet
facet normal 0.0824263 -0.336802 0.937961
  outer loop
    vertex -2.647662337633667 5.085310811355414 -84.40742602607935
    vertex -9.219817753644943e-16 5.733280204404109 -84.40742602607935
    vertex -1.873336815441651 5.998824825759335 -84.14744920653638
  endloop
endfacet
facet normal 0.187577 -0.327764 0.925951
  outer loop
    vertex -4.225957762127923 4.75459382289572 -84.11128884759796
    vertex -1.873336815441651 5.998824825759335 -84.14744920653638
    vertex -3.721403622651544 6.183449480412212 -83.70772016024056
  endloop
endfacet
facet normal 0.0649171 -0.425658 0.902553
  outer loop
    vertex -9.219817753644943e-16 5.733280204404109 -84.40742602607935
    vertex 7.902922536937101e-15 8.324028832144414 -83.1855893222599
    vertex -1.873336815441651 5.998824825759335 -84.14744920653638
  endloop
endfacet
facet normal 0.0481763 -0.414705 0.90868
  outer loop
    vertex 7.902922536937101e-15 8.324028832144414 -83.1855893222599
    vertex -1.872952309536658 8.605399167638152 -82.95787709032783
    vertex -1.873336815441651 5.998824825759335 -84.14744920653638
  endloop
endfacet
facet normal 0.0458345 -0.426109 0.90351
  outer loop
    vertex 7.902922536937101e-15 8.324028832144414 -83.1855893222599
    vertex 1.763330950645585e-14 10.91477745988472 -81.96375261844045
    vertex -1.872952309536658 8.605399167638152 -82.95787709032783
  endloop
endfacet
facet normal 0.172363 -0.408988 0.896114
  outer loop
    vertex -1.873336815441651 5.998824825759335 -84.14744920653638
    vertex -1.872952309536658 8.605399167638152 -82.95787709032783
    vertex -3.721403622651544 6.183449480412212 -83.70772016024056
  endloop
endfacet
facet normal -0.0458345 -0.426109 0.90351
  outer loop
    vertex 1.763330950645585e-14 10.91477745988472 -81.96375261844045
    vertex 7.902922536937101e-15 8.324028832144414 -83.1855893222599
    vertex 1.872952309536702 8.60539916763814 -82.95787709032783
  endloop
endfacet
facet normal -0.0481763 -0.414705 0.90868
  outer loop
    vertex 7.902922536937101e-15 8.324028832144414 -83.1855893222599
    vertex 1.873336815441678 5.998824825759322 -84.14744920653638
    vertex 1.872952309536702 8.60539916763814 -82.95787709032783
  endloop
endfacet
facet normal -0.0649171 -0.425658 0.902553
  outer loop
    vertex 7.902922536937101e-15 8.324028832144414 -83.1855893222599
    vertex -9.219817753644943e-16 5.733280204404109 -84.40742602607935
    vertex 1.873336815441678 5.998824825759322 -84.14744920653638
  endloop
endfacet
facet normal -0.172363 -0.408988 0.896114
  outer loop
    vertex 1.872952309536702 8.60539916763814 -82.95787709032783
    vertex 1.873336815441678 5.998824825759322 -84.14744920653638
    vertex 3.721403622651595 6.183449480412185 -83.70772016024056
  endloop
endfacet
facet normal -0.399499 -0.199968 0.894658
  outer loop
    vertex 10.40779943563504 3.287868292131326 -81.96375261844045
    vertex 8.86941436517651 6.361277844710773 -81.96375261844045
    vertex 8.989646238670231 3.287868292131325 -82.59701141556111
  endloop
endfacet
facet normal -0.349281 -0.202183 0.914945
  outer loop
    vertex 8.86941436517651 6.361277844710773 -81.96375261844045
    vertex 7.05425905902392 6.084656860308471 -82.71781713631484
    vertex 8.989646238670231 3.287868292131325 -82.59701141556111
  endloop
endfacet
facet normal -0.321842 -0.318569 0.891589
  outer loop
    vertex 8.86941436517651 6.361277844710773 -81.96375261844045
    vertex 6.451589582141098 8.80393996244954 -81.96375261844045
    vertex 7.05425905902392 6.084656860308471 -82.71781713631484
  endloop
endfacet
facet normal -0.390379 -0.231656 0.891033
  outer loop
    vertex 8.989646238670231 3.287868292131325 -82.59701141556111
    vertex 7.05425905902392 6.084656860308471 -82.71781713631484
    vertex 7.567072419372816 3.287868292131325 -83.22026914121416
  endloop
endfacet
facet normal 0.321842 -0.318569 0.891589
  outer loop
    vertex -6.451589582141082 8.803939962449553 -81.96375261844045
    vertex -8.869414365176505 6.361277844710781 -81.96375261844045
    vertex -7.054259059023913 6.084656860308479 -82.71781713631484
  endloop
endfacet
facet normal 0.349281 -0.202183 0.914945
  outer loop
    vertex -8.869414365176505 6.361277844710781 -81.96375261844045
    vertex -8.989646238670192 3.287868292131325 -82.59701141556113
    vertex -7.054259059023913 6.084656860308479 -82.71781713631484
  endloop
endfacet
facet normal 0.399499 -0.199968 0.894658
  outer loop
    vertex -8.869414365176505 6.361277844710781 -81.96375261844045
    vertex -10.40779943563504 3.287868292131327 -81.96375261844045
    vertex -8.989646238670192 3.287868292131325 -82.59701141556113
  endloop
endfacet
facet normal 0.390379 -0.231656 0.891033
  outer loop
    vertex -7.054259059023913 6.084656860308479 -82.71781713631484
    vertex -8.989646238670192 3.287868292131325 -82.59701141556113
    vertex -7.567072419372819 3.287868292131325 -83.22026914121416
  endloop
endfacet
facet normal -0 1 0
  outer loop
    vertex -7.567072419372819 3.287868292131325 -83.22026914121416
    vertex -6.558756537987721 3.287868292131325 -81.61013457060707
    vertex -6.137622647878792 3.287868292131325 -83.82756886197613
  endloop
endfacet
facet normal 0 1 0
  outer loop
    vertex -6.558756537987721 3.287868292131325 -81.61013457060707
    vertex -5.123646609654926 3.287868292131325 -82.20371301303967
    vertex -6.137622647878792 3.287868292131325 -83.82756886197613
  endloop
endfacet
facet normal -0 1 0
  outer loop
    vertex -6.558756537987721 3.287868292131325 -81.61013457060707
    vertex -5.550440656602623 3.287868292131325 -80
    vertex -5.123646609654926 3.287868292131325 -82.20371301303967
  endloop
endfacet
facet normal -2.46327e-16 1 1.53812e-16
  outer loop
    vertex -6.137622647878792 3.287868292131325 -83.82756886197613
    vertex -5.123646609654926 3.287868292131325 -82.20371301303967
    vertex -4.696852562707229 3.287868292131326 -84.40742602607935
  endloop
endfacet
facet normal 0 1 0
  outer loop
    vertex 7.56707241937282 3.287868292131325 -76.77973085878584
    vertex 5.857654348956753 3.287868292131325 -78.49544462961595
    vertex 6.137622647878794 3.287868292131325 -76.17243113802387
  endloop
endfacet
facet normal 0 1 -0
  outer loop
    vertex 5.857654348956753 3.287868292131325 -78.49544462961595
    vertex 4.422544420623961 3.287868292131325 -77.90186618718334
    vertex 6.137622647878794 3.287868292131325 -76.17243113802387
  endloop
endfacet
facet normal 0 1 0
  outer loop
    vertex 5.857654348956753 3.287868292131325 -78.49544462961595
    vertex 4.148236278540686 3.287868292131325 -80.21115840044604
    vertex 4.422544420623961 3.287868292131325 -77.90186618718334
  endloop
endfacet
facet normal -2.20303e-16 1 2.18474e-16
  outer loop
    vertex 6.137622647878794 3.287868292131325 -76.17243113802387
    vertex 4.422544420623961 3.287868292131325 -77.90186618718334
    vertex 4.69685256270723 3.287868292131325 -75.59257397392065
  endloop
endfacet
facet normal 0 1 0
  outer loop
    vertex 5.329070518200751e-15 3.287868292131325 -84.40742602607935
    vertex 2.074118139270347 3.287868292131325 -82.30929221326269
    vertex 2.348426281353618 3.287868292131325 -84.40742602607935
  endloop
endfacet
facet normal -0 1 0
  outer loop
    vertex 2.074118139270347 3.287868292131325 -82.30929221326269
    vertex 4.422544420623961 3.287868292131325 -82.30929221326269
    vertex 2.348426281353618 3.287868292131325 -84.40742602607935
  endloop
endfacet
facet normal 0 1 0
  outer loop
    vertex 2.074118139270347 3.287868292131325 -82.30929221326269
    vertex 4.148236278540686 3.287868292131325 -80.21115840044604
    vertex 4.422544420623961 3.287868292131325 -82.30929221326269
  endloop
endfacet
facet normal 1.89101e-16 1 -1.86936e-16
  outer loop
    vertex 2.348426281353618 3.287868292131325 -84.40742602607935
    vertex 4.422544420623961 3.287868292131325 -82.30929221326269
    vertex 4.69685256270723 3.287868292131325 -84.40742602607935
  endloop
endfacet
facet normal 0 1 0
  outer loop
    vertex 5.329070518200751e-15 3.287868292131325 -75.59257397392065
    vertex -0.6620864204526704 3.287868292131325 -77.6172155282414
    vertex -2.348426281353612 3.287868292131325 -75.59257397392065
  endloop
endfacet
facet normal 0 1 0
  outer loop
    vertex -0.6620864204526704 3.287868292131325 -77.6172155282414
    vertex -3.010512701806286 3.287868292131325 -77.6172155282414
    vertex -2.348426281353612 3.287868292131325 -75.59257397392065
  endloop
endfacet
facet normal 0 1 0
  outer loop
    vertex -0.6620864204526704 3.287868292131325 -77.6172155282414
    vertex -1.324172840905344 3.287868292131325 -79.64185708256215
    vertex -3.010512701806286 3.287868292131325 -77.6172155282414
  endloop
endfacet
facet normal 1.89101e-16 1 -6.18386e-17
  outer loop
    vertex -2.348426281353612 3.287868292131325 -75.59257397392065
    vertex -3.010512701806286 3.287868292131325 -77.6172155282414
    vertex -4.696852562707229 3.287868292131326 -75.59257397392065
  endloop
endfacet
facet normal 1.89101e-16 1 5.2544e-17
  outer loop
    vertex -4.696852562707229 3.287868292131326 -84.40742602607935
    vertex -3.010512701806286 3.287868292131325 -82.02464155432074
    vertex -2.348426281353611 3.287868292131325 -84.40742602607935
  endloop
endfacet
facet normal -0 1 0
  outer loop
    vertex -3.010512701806286 3.287868292131325 -82.02464155432074
    vertex -0.6620864204526704 3.287868292131325 -82.02464155432074
    vertex -2.348426281353611 3.287868292131325 -84.40742602607935
  endloop
endfacet
facet normal 0 1 0
  outer loop
    vertex -3.010512701806286 3.287868292131325 -82.02464155432074
    vertex -1.324172840905344 3.287868292131325 -79.64185708256215
    vertex -0.6620864204526704 3.287868292131325 -82.02464155432074
  endloop
endfacet
facet normal 0 1 0
  outer loop
    vertex -2.348426281353611 3.287868292131325 -84.40742602607935
    vertex -0.6620864204526704 3.287868292131325 -82.02464155432074
    vertex 5.329070518200751e-15 3.287868292131325 -84.40742602607935
  endloop
endfacet
facet normal -0 1 0
  outer loop
    vertex -5.550440656602623 3.287868292131325 -80
    vertex -3.437306748753983 3.287868292131325 -79.82092854128108
    vertex -5.123646609654926 3.287868292131325 -82.20371301303967
  endloop
endfacet
facet normal 0 1 0
  outer loop
    vertex -3.437306748753983 3.287868292131325 -79.82092854128108
    vertex -3.010512701806286 3.287868292131325 -82.02464155432074
    vertex -5.123646609654926 3.287868292131325 -82.20371301303967
  endloop
endfacet
facet normal -0 1 0
  outer loop
    vertex -3.437306748753983 3.287868292131325 -79.82092854128108
    vertex -1.324172840905344 3.287868292131325 -79.64185708256215
    vertex -3.010512701806286 3.287868292131325 -82.02464155432074
  endloop
endfacet
facet normal -1.68014e-17 1 1.98265e-16
  outer loop
    vertex -5.123646609654926 3.287868292131325 -82.20371301303967
    vertex -3.010512701806286 3.287868292131325 -82.02464155432074
    vertex -4.696852562707229 3.287868292131326 -84.40742602607935
  endloop
endfacet
facet normal 1.73621e-17 1 -2.04881e-16
  outer loop
    vertex -4.696852562707229 3.287868292131326 -75.59257397392065
    vertex -3.010512701806286 3.287868292131325 -77.6172155282414
    vertex -5.123646609654926 3.287868292131325 -77.79628698696033
  endloop
endfacet
facet normal 0 1 0
  outer loop
    vertex -3.010512701806286 3.287868292131325 -77.6172155282414
    vertex -3.437306748753983 3.287868292131325 -79.82092854128108
    vertex -5.123646609654926 3.287868292131325 -77.79628698696033
  endloop
endfacet
facet normal 0 1 0
  outer loop
    vertex -3.010512701806286 3.287868292131325 -77.6172155282414
    vertex -1.324172840905344 3.287868292131325 -79.64185708256215
    vertex -3.437306748753983 3.287868292131325 -79.82092854128108
  endloop
endfacet
facet normal 0 1 0
  outer loop
    vertex -5.123646609654926 3.287868292131325 -77.79628698696033
    vertex -3.437306748753983 3.287868292131325 -79.82092854128108
    vertex -5.550440656602623 3.287868292131325 -80
  endloop
endfacet
facet normal 0 1 -0
  outer loop
    vertex 5.329070518200751e-15 3.287868292131325 -84.40742602607935
    vertex -0.6620864204526704 3.287868292131325 -82.02464155432074
    vertex 2.074118139270347 3.287868292131325 -82.30929221326269
  endloop
endfacet
facet normal -0 1 0
  outer loop
    vertex -0.6620864204526704 3.287868292131325 -82.02464155432074
    vertex 1.412031718817671 3.287868292131325 -79.9265077415041
    vertex 2.074118139270347 3.287868292131325 -82.30929221326269
  endloop
endfacet
facet normal 0 1 -0
  outer loop
    vertex -0.6620864204526704 3.287868292131325 -82.02464155432074
    vertex -1.324172840905344 3.287868292131325 -79.64185708256215
    vertex 1.412031718817671 3.287868292131325 -79.9265077415041
  endloop
endfacet
facet normal 0 1 -0
  outer loop
    vertex 2.074118139270347 3.287868292131325 -82.30929221326269
    vertex 1.412031718817671 3.287868292131325 -79.9265077415041
    vertex 4.148236278540686 3.287868292131325 -80.21115840044604
  endloop
endfacet
facet normal 0 1 -0
  outer loop
    vertex 4.148236278540686 3.287868292131325 -80.21115840044604
    vertex 3.014232639313164 3.287868292131325 -78.98534962907921
    vertex 4.422544420623961 3.287868292131325 -77.90186618718334
  endloop
endfacet
facet normal 0 1 0
  outer loop
    vertex 3.014232639313164 3.287868292131325 -78.98534962907921
    vertex 3.288540781396438 3.287868292131325 -76.67605741581652
    vertex 4.422544420623961 3.287868292131325 -77.90186618718334
  endloop
endfacet
facet normal 0 1 -0
  outer loop
    vertex 3.014232639313164 3.287868292131325 -78.98534962907921
    vertex 1.880229000085643 3.287868292131325 -77.75954085771238
    vertex 3.288540781396438 3.287868292131325 -76.67605741581652
  endloop
endfacet
facet normal 1.8422e-16 1 1.70423e-16
  outer loop
    vertex 4.422544420623961 3.287868292131325 -77.90186618718334
    vertex 3.288540781396438 3.287868292131325 -76.67605741581652
    vertex 4.69685256270723 3.287868292131325 -75.59257397392065
  endloop
endfacet
facet normal 1.89101e-16 1 1.64079e-16
  outer loop
    vertex 4.69685256270723 3.287868292131325 -75.59257397392065
    vertex 3.288540781396438 3.287868292131325 -76.67605741581652
    vertex 2.348426281353618 3.287868292131325 -75.59257397392065
  endloop
endfacet
facet normal 0 1 0
  outer loop
    vertex 3.288540781396438 3.287868292131325 -76.67605741581652
    vertex 0.9401145000428244 3.287868292131325 -76.67605741581652
    vertex 2.348426281353618 3.287868292131325 -75.59257397392065
  endloop
endfacet
facet normal 0 1 0
  outer loop
    vertex 3.288540781396438 3.287868292131325 -76.67605741581652
    vertex 1.880229000085643 3.287868292131325 -77.75954085771238
    vertex 0.9401145000428244 3.287868292131325 -76.67605741581652
  endloop
endfacet
facet normal 0 1 0
  outer loop
    vertex 2.348426281353618 3.287868292131325 -75.59257397392065
    vertex 0.9401145000428244 3.287868292131325 -76.67605741581652
    vertex 5.329070518200751e-15 3.287868292131325 -75.59257397392065
  endloop
endfacet
facet normal 0 1 -0
  outer loop
    vertex -7.567072419372819 3.287868292131325 -83.22026914121416
    vertex -7.933554646348242 3.287868292131325 -81.61013457060707
    vertex -6.558756537987721 3.287868292131325 -81.61013457060707
  endloop
endfacet
facet normal 0 1 0
  outer loop
    vertex -7.933554646348242 3.287868292131325 -81.61013457060707
    vertex -6.925238764963145 3.287868292131325 -80
    vertex -6.558756537987721 3.287868292131325 -81.61013457060707
  endloop
endfacet
facet normal 0 1 -0
  outer loop
    vertex -7.933554646348242 3.287868292131325 -81.61013457060707
    vertex -8.300036873323666 3.287868292131325 -80
    vertex -6.925238764963145 3.287868292131325 -80
  endloop
endfacet
facet normal 0 1 -0
  outer loop
    vertex -6.558756537987721 3.287868292131325 -81.61013457060707
    vertex -6.925238764963145 3.287868292131325 -80
    vertex -5.550440656602623 3.287868292131325 -80
  endloop
endfacet
facet normal 0 1 0
  outer loop
    vertex 7.56707241937282 3.287868292131325 -76.77973085878584
    vertex 7.793334208542053 3.287868292131325 -78.41098126943753
    vertex 5.857654348956753 3.287868292131325 -78.49544462961595
  endloop
endfacet
facet normal 0 1 0
  outer loop
    vertex 7.793334208542053 3.287868292131325 -78.41098126943753
    vertex 6.083916138125982 3.287868292131325 -80.12669504026762
    vertex 5.857654348956753 3.287868292131325 -78.49544462961595
  endloop
endfacet
facet normal 0 1 0
  outer loop
    vertex 7.793334208542053 3.287868292131325 -78.41098126943753
    vertex 8.019595997711281 3.287868292131325 -80.0422316800892
    vertex 6.083916138125982 3.287868292131325 -80.12669504026762
  endloop
endfacet
facet normal 0 1 0
  outer loop
    vertex 5.857654348956753 3.287868292131325 -78.49544462961595
    vertex 6.083916138125982 3.287868292131325 -80.12669504026762
    vertex 4.148236278540686 3.287868292131325 -80.21115840044604
  endloop
endfacet
facet normal 6.32077e-16 1 -6.78429e-16
  outer loop
    vertex -10.40779943563504 3.287868292131327 -78.03624738155955
    vertex -9.353918154479352 3.287868292131325 -79.01812369077977
    vertex -10.40779943563504 3.287868292131325 -80
  endloop
endfacet
facet normal 0 1 0
  outer loop
    vertex -9.353918154479352 3.287868292131325 -79.01812369077977
    vertex -9.353918154479352 3.287868292131325 -80.98187630922021
    vertex -10.40779943563504 3.287868292131325 -80
  endloop
endfacet
facet normal 0 1 0
  outer loop
    vertex -9.353918154479352 3.287868292131325 -79.01812369077977
    vertex -8.300036873323666 3.287868292131325 -80
    vertex -9.353918154479352 3.287868292131325 -80.98187630922021
  endloop
endfacet
facet normal 6.32077e-16 1 6.78429e-16
  outer loop
    vertex -10.40779943563504 3.287868292131325 -80
    vertex -9.353918154479352 3.287868292131325 -80.98187630922021
    vertex -10.40779943563504 3.287868292131327 -81.96375261844045
  endloop
endfacet
facet normal -1.8995e-16 1 2.26143e-16
  outer loop
    vertex 10.40779943563504 3.287868292131326 -81.96375261844045
    vertex 9.21369771667316 3.287868292131325 -81.00299214926483
    vertex 10.40779943563504 3.287868292131325 -80
  endloop
endfacet
facet normal 0 1 0
  outer loop
    vertex 9.21369771667316 3.287868292131325 -81.00299214926483
    vertex 9.21369771667316 3.287868292131325 -79.03923953082437
    vertex 10.40779943563504 3.287868292131325 -80
  endloop
endfacet
facet normal 0 1 -0
  outer loop
    vertex 9.21369771667316 3.287868292131325 -81.00299214926483
    vertex 8.019595997711281 3.287868292131325 -80.0422316800892
    vertex 9.21369771667316 3.287868292131325 -79.03923953082437
  endloop
endfacet
facet normal -1.81952e-16 1 -2.26143e-16
  outer loop
    vertex 10.40779943563504 3.287868292131325 -80
    vertex 9.21369771667316 3.287868292131325 -79.03923953082437
    vertex 10.40779943563504 3.287868292131326 -78.03624738155955
  endloop
endfacet
facet normal -0 1 0
  outer loop
    vertex -1.324172840905344 3.287868292131325 -79.64185708256215
    vertex 0.2780280795901504 3.287868292131325 -78.70069897013727
    vertex 1.412031718817671 3.287868292131325 -79.9265077415041
  endloop
endfacet
facet normal 0 1 0
  outer loop
    vertex 0.2780280795901504 3.287868292131325 -78.70069897013727
    vertex 3.014232639313164 3.287868292131325 -78.98534962907921
    vertex 1.412031718817671 3.287868292131325 -79.9265077415041
  endloop
endfacet
facet normal -0 1 0
  outer loop
    vertex 0.2780280795901504 3.287868292131325 -78.70069897013727
    vertex 1.880229000085643 3.287868292131325 -77.75954085771238
    vertex 3.014232639313164 3.287868292131325 -78.98534962907921
  endloop
endfacet
facet normal -0 1 0
  outer loop
    vertex 1.412031718817671 3.287868292131325 -79.9265077415041
    vertex 3.014232639313164 3.287868292131325 -78.98534962907921
    vertex 4.148236278540686 3.287868292131325 -80.21115840044604
  endloop
endfacet
facet normal 1.04465e-15 1 2.35606e-16
  outer loop
    vertex -10.40779943563504 3.287868292131327 -81.96375261844045
    vertex -9.353918154479352 3.287868292131325 -80.98187630922021
    vertex -8.989646238670192 3.287868292131325 -82.59701141556113
  endloop
endfacet
facet normal 0 1 0
  outer loop
    vertex -9.353918154479352 3.287868292131325 -80.98187630922021
    vertex -7.933554646348242 3.287868292131325 -81.61013457060707
    vertex -8.989646238670192 3.287868292131325 -82.59701141556113
  endloop
endfacet
facet normal -0 1 0
  outer loop
    vertex -9.353918154479352 3.287868292131325 -80.98187630922021
    vertex -8.300036873323666 3.287868292131325 -80
    vertex -7.933554646348242 3.287868292131325 -81.61013457060707
  endloop
endfacet
facet normal -0 1 0
  outer loop
    vertex -8.989646238670192 3.287868292131325 -82.59701141556113
    vertex -7.933554646348242 3.287868292131325 -81.61013457060707
    vertex -7.567072419372819 3.287868292131325 -83.22026914121416
  endloop
endfacet
facet normal -3.3354e-16 1 -4.56716e-17
  outer loop
    vertex 10.40779943563504 3.287868292131326 -78.03624738155955
    vertex 9.21369771667316 3.287868292131325 -79.03923953082437
    vertex 8.989646238670192 3.287868292131325 -77.40298858443887
  endloop
endfacet
facet normal 0 1 0
  outer loop
    vertex 9.21369771667316 3.287868292131325 -79.03923953082437
    vertex 7.793334208542053 3.287868292131325 -78.41098126943753
    vertex 8.989646238670192 3.287868292131325 -77.40298858443887
  endloop
endfacet
facet normal 0 1 0
  outer loop
    vertex 9.21369771667316 3.287868292131325 -79.03923953082437
    vertex 8.019595997711281 3.287868292131325 -80.0422316800892
    vertex 7.793334208542053 3.287868292131325 -78.41098126943753
  endloop
endfacet
facet normal 0 1 0
  outer loop
    vertex 8.989646238670192 3.287868292131325 -77.40298858443887
    vertex 7.793334208542053 3.287868292131325 -78.41098126943753
    vertex 7.56707241937282 3.287868292131325 -76.77973085878584
  endloop
endfacet
facet normal 0 1 0
  outer loop
    vertex 7.567072419372816 3.287868292131325 -83.22026914121416
    vertex 7.793334208542049 3.287868292131325 -81.63125041065169
    vertex 8.989646238670231 3.287868292131325 -82.59701141556111
  endloop
endfacet
facet normal -0 1 0
  outer loop
    vertex 7.793334208542049 3.287868292131325 -81.63125041065169
    vertex 9.21369771667316 3.287868292131325 -81.00299214926483
    vertex 8.989646238670231 3.287868292131325 -82.59701141556111
  endloop
endfacet
facet normal 0 1 0
  outer loop
    vertex 7.793334208542049 3.287868292131325 -81.63125041065169
    vertex 8.019595997711281 3.287868292131325 -80.0422316800892
    vertex 9.21369771667316 3.287868292131325 -81.00299214926483
  endloop
endfacet
facet normal -3.34117e-16 1 4.69626e-17
  outer loop
    vertex 8.989646238670231 3.287868292131325 -82.59701141556111
    vertex 9.21369771667316 3.287868292131325 -81.00299214926483
    vertex 10.40779943563504 3.287868292131326 -81.96375261844045
  endloop
endfacet
facet normal 0 1 0
  outer loop
    vertex -7.567072419372816 3.287868292131325 -76.77973085878584
    vertex -7.933554646348242 3.287868292131325 -78.38986542939291
    vertex -8.989646238670231 3.287868292131325 -77.40298858443889
  endloop
endfacet
facet normal 0 1 0
  outer loop
    vertex -7.933554646348242 3.287868292131325 -78.38986542939291
    vertex -9.353918154479352 3.287868292131325 -79.01812369077977
    vertex -8.989646238670231 3.287868292131325 -77.40298858443889
  endloop
endfacet
facet normal 0 1 0
  outer loop
    vertex -7.933554646348242 3.287868292131325 -78.38986542939291
    vertex -8.300036873323666 3.287868292131325 -80
    vertex -9.353918154479352 3.287868292131325 -79.01812369077977
  endloop
endfacet
facet normal 1.04465e-15 1 -2.35606e-16
  outer loop
    vertex -8.989646238670231 3.287868292131325 -77.40298858443889
    vertex -9.353918154479352 3.287868292131325 -79.01812369077977
    vertex -10.40779943563504 3.287868292131327 -78.03624738155955
  endloop
endfacet
facet normal -2.46327e-16 1 -1.53812e-16
  outer loop
    vertex -4.696852562707229 3.287868292131326 -75.59257397392065
    vertex -5.123646609654926 3.287868292131325 -77.79628698696033
    vertex -6.137622647879186 3.287868292131325 -76.17243113802402
  endloop
endfacet
facet normal 0 1 0
  outer loop
    vertex -5.123646609654926 3.287868292131325 -77.79628698696033
    vertex -6.558756537987719 3.287868292131325 -78.38986542939291
    vertex -6.137622647879186 3.287868292131325 -76.17243113802402
  endloop
endfacet
facet normal 0 1 0
  outer loop
    vertex -5.123646609654926 3.287868292131325 -77.79628698696033
    vertex -5.550440656602623 3.287868292131325 -80
    vertex -6.558756537987719 3.287868292131325 -78.38986542939291
  endloop
endfacet
facet normal 0 1 0
  outer loop
    vertex -6.137622647879186 3.287868292131325 -76.17243113802402
    vertex -6.558756537987719 3.287868292131325 -78.38986542939291
    vertex -7.567072419372816 3.287868292131325 -76.77973085878584
  endloop
endfacet
facet normal -2.11896e-16 1 -2.39362e-16
  outer loop
    vertex 4.69685256270723 3.287868292131325 -84.40742602607935
    vertex 4.422544420623961 3.287868292131325 -82.30929221326269
    vertex 6.137622647879186 3.287868292131325 -83.82756886197598
  endloop
endfacet
facet normal -0 1 0
  outer loop
    vertex 4.422544420623961 3.287868292131325 -82.30929221326269
    vertex 5.857654348956753 3.287868292131325 -81.71571377083011
    vertex 6.137622647879186 3.287868292131325 -83.82756886197598
  endloop
endfacet
facet normal 0 1 -0
  outer loop
    vertex 4.422544420623961 3.287868292131325 -82.30929221326269
    vertex 4.148236278540686 3.287868292131325 -80.21115840044604
    vertex 5.857654348956753 3.287868292131325 -81.71571377083011
  endloop
endfacet
facet normal 0 1 -0
  outer loop
    vertex 6.137622647879186 3.287868292131325 -83.82756886197598
    vertex 5.857654348956753 3.287868292131325 -81.71571377083011
    vertex 7.567072419372816 3.287868292131325 -83.22026914121416
  endloop
endfacet
facet normal 0 1 0
  outer loop
    vertex 5.329070518200751e-15 3.287868292131325 -75.59257397392065
    vertex 0.9401145000428244 3.287868292131325 -76.67605741581652
    vertex -0.6620864204526704 3.287868292131325 -77.6172155282414
  endloop
endfacet
facet normal 0 1 0
  outer loop
    vertex 0.9401145000428244 3.287868292131325 -76.67605741581652
    vertex 0.2780280795901504 3.287868292131325 -78.70069897013727
    vertex -0.6620864204526704 3.287868292131325 -77.6172155282414
  endloop
endfacet
facet normal 0 1 0
  outer loop
    vertex 0.9401145000428244 3.287868292131325 -76.67605741581652
    vertex 1.880229000085643 3.287868292131325 -77.75954085771238
    vertex 0.2780280795901504 3.287868292131325 -78.70069897013727
  endloop
endfacet
facet normal 0 1 0
  outer loop
    vertex -0.6620864204526704 3.287868292131325 -77.6172155282414
    vertex 0.2780280795901504 3.287868292131325 -78.70069897013727
    vertex -1.324172840905344 3.287868292131325 -79.64185708256215
  endloop
endfacet
facet normal -0 1 0
  outer loop
    vertex 4.148236278540686 3.287868292131325 -80.21115840044604
    vertex 6.083916138125982 3.287868292131325 -80.12669504026762
    vertex 5.857654348956753 3.287868292131325 -81.71571377083011
  endloop
endfacet
facet normal 0 1 0
  outer loop
    vertex 6.083916138125982 3.287868292131325 -80.12669504026762
    vertex 7.793334208542049 3.287868292131325 -81.63125041065169
    vertex 5.857654348956753 3.287868292131325 -81.71571377083011
  endloop
endfacet
facet normal -0 1 0
  outer loop
    vertex 6.083916138125982 3.287868292131325 -80.12669504026762
    vertex 8.019595997711281 3.287868292131325 -80.0422316800892
    vertex 7.793334208542049 3.287868292131325 -81.63125041065169
  endloop
endfacet
facet normal -0 1 0
  outer loop
    vertex 5.857654348956753 3.287868292131325 -81.71571377083011
    vertex 7.793334208542049 3.287868292131325 -81.63125041065169
    vertex 7.567072419372816 3.287868292131325 -83.22026914121416
  endloop
endfacet
facet normal 0 1 0
  outer loop
    vertex -5.550440656602623 3.287868292131325 -80
    vertex -6.925238764963145 3.287868292131325 -80
    vertex -6.558756537987719 3.287868292131325 -78.38986542939291
  endloop
endfacet
facet normal 0 1 -0
  outer loop
    vertex -6.925238764963145 3.287868292131325 -80
    vertex -7.933554646348242 3.287868292131325 -78.38986542939291
    vertex -6.558756537987719 3.287868292131325 -78.38986542939291
  endloop
endfacet
facet normal 0 1 0
  outer loop
    vertex -6.925238764963145 3.287868292131325 -80
    vertex -8.300036873323666 3.287868292131325 -80
    vertex -7.933554646348242 3.287868292131325 -78.38986542939291
  endloop
endfacet
facet normal 0 1 0
  outer loop
    vertex -6.558756537987719 3.287868292131325 -78.38986542939291
    vertex -7.933554646348242 3.287868292131325 -78.38986542939291
    vertex -7.567072419372816 3.287868292131325 -76.77973085878584
  endloop
endfacet
facet normal -0.885266 -0.443117 -0.141247
  outer loop
    vertex 10.40779943563504 3.287868292131326 -78.03624738155955
    vertex 8.86941436517651 6.361277844710773 -78.03624738155956
    vertex 9.760338341984946 4.885505342212424 -78.99035696105338
  endloop
endfacet
facet normal -0.804459 -0.57697 0.141247
  outer loop
    vertex 8.86941436517651 6.361277844710773 -78.03624738155956
    vertex 7.757250804491848 7.678373978585449 -78.99035696105338
    vertex 9.760338341984946 4.885505342212424 -78.99035696105338
  endloop
endfacet
facet normal -0.703586 -0.696431 -0.141247
  outer loop
    vertex 8.86941436517651 6.361277844710773 -78.03624738155956
    vertex 6.451589582141098 8.80393996244954 -78.03624738155956
    vertex 7.757250804491848 7.678373978585449 -78.99035696105338
  endloop
endfacet
facet normal -0.804459 -0.57697 -0.141247
  outer loop
    vertex 9.760338341984946 4.885505342212424 -78.99035696105338
    vertex 7.757250804491848 7.678373978585449 -78.99035696105338
    vertex 8.869414365176508 6.361277844710775 -79.94446654054721
  endloop
endfacet
facet normal -0.155865 -0.977627 0.141247
  outer loop
    vertex 1.763330950645585e-14 10.91477745988472 -81.96375261844045
    vertex 3.394062575917326 10.37365442983161 -81.96375261844045
    vertex 1.718464060061813 10.77864779427751 -81.00964303894662
  endloop
endfacet
facet normal -0.307843 -0.940894 -0.141247
  outer loop
    vertex 3.394062575917326 10.37365442983161 -81.96375261844045
    vertex 4.984999245902378 9.709899562671094 -81.00964303894662
    vertex 1.718464060061813 10.77864779427751 -81.00964303894662
  endloop
endfacet
facet normal -0.452141 -0.880692 0.141247
  outer loop
    vertex 3.394062575917326 10.37365442983161 -81.96375261844045
    vertex 6.451589582141098 8.80393996244954 -81.96375261844045
    vertex 4.984999245902378 9.709899562671094 -81.00964303894662
  endloop
endfacet
facet normal -0.307843 -0.940894 0.141247
  outer loop
    vertex 1.718464060061813 10.77864779427751 -81.00964303894662
    vertex 4.984999245902378 9.709899562671094 -81.00964303894662
    vertex 3.394062575917326 10.37365442983161 -80.05553345945279
  endloop
endfacet
facet normal 0.155865 -0.977627 -0.141247
  outer loop
    vertex 1.763330950645585e-14 10.91477745988472 -78.03624738155956
    vertex -3.394062575917298 10.37365442983162 -78.03624738155956
    vertex -1.71846406006178 10.77864779427752 -78.99035696105339
  endloop
endfacet
facet normal 0.307843 -0.940894 0.141247
  outer loop
    vertex -3.394062575917298 10.37365442983162 -78.03624738155956
    vertex -4.984999245902356 9.709899562671106 -78.99035696105339
    vertex -1.71846406006178 10.77864779427752 -78.99035696105339
  endloop
endfacet
facet normal 0.452141 -0.880692 -0.141247
  outer loop
    vertex -3.394062575917298 10.37365442983162 -78.03624738155956
    vertex -6.451589582141082 8.803939962449553 -78.03624738155956
    vertex -4.984999245902356 9.709899562671106 -78.99035696105339
  endloop
endfacet
facet normal 0.307843 -0.940894 -0.141247
  outer loop
    vertex -1.71846406006178 10.77864779427752 -78.99035696105339
    vertex -4.984999245902356 9.709899562671106 -78.99035696105339
    vertex -3.394062575917298 10.37365442983162 -79.94446654054723
  endloop
endfacet
facet normal 0.885266 -0.443117 0.141247
  outer loop
    vertex -10.40779943563504 3.287868292131327 -81.96375261844045
    vertex -8.869414365176505 6.361277844710781 -81.96375261844045
    vertex -9.760338341984943 4.885505342212432 -81.00964303894662
  endloop
endfacet
facet normal 0.804459 -0.57697 -0.141247
  outer loop
    vertex -8.869414365176505 6.361277844710781 -81.96375261844045
    vertex -7.757250804491835 7.678373978585462 -81.00964303894662
    vertex -9.760338341984943 4.885505342212432 -81.00964303894662
  endloop
endfacet
facet normal 0.703586 -0.696431 0.141247
  outer loop
    vertex -8.869414365176505 6.361277844710781 -81.96375261844045
    vertex -6.451589582141082 8.803939962449553 -81.96375261844045
    vertex -7.757250804491835 7.678373978585462 -81.00964303894662
  endloop
endfacet
facet normal 0.804459 -0.57697 0.141247
  outer loop
    vertex -9.760338341984943 4.885505342212432 -81.00964303894662
    vertex -7.757250804491835 7.678373978585462 -81.00964303894662
    vertex -8.869414365176501 6.361277844710784 -80.05553345945279
  endloop
endfacet
facet normal 0.452625 -0.881633 0.13362
  outer loop
    vertex -6.451589582141082 8.803939962449553 -81.96375261844045
    vertex -3.394062575917298 10.37365442983162 -81.96375261844045
    vertex -4.984999245902356 9.709899562671106 -80.95410957949383
  endloop
endfacet
facet normal 0.308172 -0.9419 -0.13362
  outer loop
    vertex -3.394062575917298 10.37365442983162 -81.96375261844045
    vertex -1.71846406006178 10.77864779427752 -80.95410957949383
    vertex -4.984999245902356 9.709899562671106 -80.95410957949383
  endloop
endfacet
facet normal 0.156032 -0.978672 0.13362
  outer loop
    vertex -3.394062575917298 10.37365442983162 -81.96375261844045
    vertex 1.763330950645585e-14 10.91477745988472 -81.96375261844045
    vertex -1.71846406006178 10.77864779427752 -80.95410957949383
  endloop
endfacet
facet normal 0.308172 -0.9419 0.13362
  outer loop
    vertex -4.984999245902356 9.709899562671106 -80.95410957949383
    vertex -1.71846406006178 10.77864779427752 -80.95410957949383
    vertex -3.394062575917298 10.37365442983162 -79.94446654054723
  endloop
endfacet
facet normal 0.704338 -0.697176 -0.13362
  outer loop
    vertex -6.451589582141082 8.803939962449553 -78.03624738155956
    vertex -8.869414365176505 6.361277844710781 -78.03624738155956
    vertex -7.757250804491835 7.678373978585462 -79.04589042050617
  endloop
endfacet
facet normal 0.805319 -0.577587 0.13362
  outer loop
    vertex -8.869414365176505 6.361277844710781 -78.03624738155956
    vertex -9.760338341984943 4.885505342212432 -79.04589042050617
    vertex -7.757250804491835 7.678373978585462 -79.04589042050617
  endloop
endfacet
facet normal 0.886213 -0.443591 -0.13362
  outer loop
    vertex -8.869414365176505 6.361277844710781 -78.03624738155956
    vertex -10.40779943563504 3.287868292131327 -78.03624738155955
    vertex -9.760338341984943 4.885505342212432 -79.04589042050617
  endloop
endfacet
facet normal 0.805319 -0.577587 -0.13362
  outer loop
    vertex -7.757250804491835 7.678373978585462 -79.04589042050617
    vertex -9.760338341984943 4.885505342212432 -79.04589042050617
    vertex -8.869414365176501 6.361277844710784 -80.05553345945279
  endloop
endfacet
facet normal -0.452625 -0.881633 -0.13362
  outer loop
    vertex 6.451589582141098 8.80393996244954 -78.03624738155956
    vertex 3.394062575917326 10.37365442983161 -78.03624738155956
    vertex 4.984999245902378 9.709899562671094 -79.04589042050617
  endloop
endfacet
facet normal -0.308172 -0.9419 0.13362
  outer loop
    vertex 3.394062575917326 10.37365442983161 -78.03624738155956
    vertex 1.718464060061813 10.77864779427751 -79.04589042050617
    vertex 4.984999245902378 9.709899562671094 -79.04589042050617
  endloop
endfacet
facet normal -0.156032 -0.978672 -0.13362
  outer loop
    vertex 3.394062575917326 10.37365442983161 -78.03624738155956
    vertex 1.763330950645585e-14 10.91477745988472 -78.03624738155956
    vertex 1.718464060061813 10.77864779427751 -79.04589042050617
  endloop
endfacet
facet normal -0.308172 -0.9419 -0.13362
  outer loop
    vertex 4.984999245902378 9.709899562671094 -79.04589042050617
    vertex 1.718464060061813 10.77864779427751 -79.04589042050617
    vertex 3.394062575917326 10.37365442983161 -80.05553345945279
  endloop
endfacet
facet normal -0.704338 -0.697176 0.13362
  outer loop
    vertex 6.451589582141098 8.80393996244954 -81.96375261844045
    vertex 8.86941436517651 6.361277844710773 -81.96375261844045
    vertex 7.757250804491848 7.678373978585449 -80.95410957949383
  endloop
endfacet
facet normal -0.805319 -0.577587 -0.13362
  outer loop
    vertex 8.86941436517651 6.361277844710773 -81.96375261844045
    vertex 9.760338341984946 4.885505342212424 -80.95410957949383
    vertex 7.757250804491848 7.678373978585449 -80.95410957949383
  endloop
endfacet
facet normal -0.886213 -0.443591 0.13362
  outer loop
    vertex 8.86941436517651 6.361277844710773 -81.96375261844045
    vertex 10.40779943563504 3.287868292131326 -81.96375261844045
    vertex 9.760338341984946 4.885505342212424 -80.95410957949383
  endloop
endfacet
facet normal -0.805319 -0.577587 0.13362
  outer loop
    vertex 7.757250804491848 7.678373978585449 -80.95410957949383
    vertex 9.760338341984946 4.885505342212424 -80.95410957949383
    vertex 8.869414365176508 6.361277844710775 -79.94446654054721
  endloop
endfacet
facet normal 0.0789685 -0.996877 0
  outer loop
    vertex 1.763330950645585e-14 10.91477745988472 -81.96375261844045
    vertex 1.763330950645585e-14 10.91477745988472 -80
    vertex -1.71846406006178 10.77864779427752 -80.95410957949383
  endloop
endfacet
facet normal 0.0789685 -0.996877 0
  outer loop
    vertex 1.763330950645585e-14 10.91477745988472 -80
    vertex -1.71846406006178 10.77864779427752 -78.99035696105339
    vertex -1.71846406006178 10.77864779427752 -80.95410957949383
  endloop
endfacet
facet normal 0.0789685 -0.996877 0
  outer loop
    vertex 1.763330950645585e-14 10.91477745988472 -80
    vertex 1.763330950645585e-14 10.91477745988472 -78.03624738155956
    vertex -1.71846406006178 10.77864779427752 -78.99035696105339
  endloop
endfacet
facet normal 0.234936 -0.972011 0
  outer loop
    vertex -1.71846406006178 10.77864779427752 -80.95410957949383
    vertex -1.71846406006178 10.77864779427752 -78.99035696105339
    vertex -3.394062575917298 10.37365442983162 -79.94446654054723
  endloop
endfacet
facet normal 0.652938 -0.757411 0
  outer loop
    vertex -6.451589582141082 8.803939962449553 -81.96375261844045
    vertex -6.451589582141082 8.803939962449553 -80
    vertex -7.757250804491835 7.678373978585462 -81.00964303894662
  endloop
endfacet
facet normal 0.652938 -0.757411 0
  outer loop
    vertex -6.451589582141082 8.803939962449553 -80
    vertex -7.757250804491835 7.678373978585462 -79.04589042050617
    vertex -7.757250804491835 7.678373978585462 -81.00964303894662
  endloop
endfacet
facet normal 0.652938 -0.757411 0
  outer loop
    vertex -6.451589582141082 8.803939962449553 -80
    vertex -6.451589582141082 8.803939962449553 -78.03624738155956
    vertex -7.757250804491835 7.678373978585462 -79.04589042050617
  endloop
endfacet
facet normal 0.764044 -0.645164 0
  outer loop
    vertex -7.757250804491835 7.678373978585462 -81.00964303894662
    vertex -7.757250804491835 7.678373978585462 -79.04589042050617
    vertex -8.869414365176501 6.361277844710784 -80.05553345945279
  endloop
endfacet
facet normal -0.525545 -0.850766 0
  outer loop
    vertex 6.451589582141098 8.80393996244954 -81.96375261844045
    vertex 6.451589582141098 8.80393996244954 -80
    vertex 4.984999245902378 9.709899562671094 -81.00964303894662
  endloop
endfacet
facet normal -0.525545 -0.850766 0
  outer loop
    vertex 6.451589582141098 8.80393996244954 -80
    vertex 4.984999245902378 9.709899562671094 -79.04589042050617
    vertex 4.984999245902378 9.709899562671094 -81.00964303894662
  endloop
endfacet
facet normal -0.525545 -0.850766 0
  outer loop
    vertex 6.451589582141098 8.80393996244954 -80
    vertex 6.451589582141098 8.80393996244954 -78.03624738155956
    vertex 4.984999245902378 9.709899562671094 -79.04589042050617
  endloop
endfacet
facet normal -0.385043 -0.922899 0
  outer loop
    vertex 4.984999245902378 9.709899562671094 -81.00964303894662
    vertex 4.984999245902378 9.709899562671094 -79.04589042050617
    vertex 3.394062575917326 10.37365442983161 -80.05553345945279
  endloop
endfacet
facet normal 0.926786 -0.375591 2.54812e-16
  outer loop
    vertex -10.40779943563504 3.287868292131327 -78.03624738155955
    vertex -10.40779943563504 3.287868292131325 -80
    vertex -9.760338341984943 4.885505342212432 -79.04589042050617
  endloop
endfacet
facet normal 0.926786 -0.375591 0
  outer loop
    vertex -10.40779943563504 3.287868292131325 -80
    vertex -9.760338341984943 4.885505342212432 -81.00964303894662
    vertex -9.760338341984943 4.885505342212432 -79.04589042050617
  endloop
endfacet
facet normal 0.926786 -0.375591 -2.54812e-16
  outer loop
    vertex -10.40779943563504 3.287868292131325 -80
    vertex -10.40779943563504 3.287868292131327 -81.96375261844045
    vertex -9.760338341984943 4.885505342212432 -81.00964303894662
  endloop
endfacet
facet normal 0.856092 -0.516823 0
  outer loop
    vertex -9.760338341984943 4.885505342212432 -79.04589042050617
    vertex -9.760338341984943 4.885505342212432 -81.00964303894662
    vertex -8.869414365176501 6.361277844710784 -80.05553345945279
  endloop
endfacet
facet normal -0.926786 -0.375591 -8.49373e-17
  outer loop
    vertex 10.40779943563504 3.287868292131326 -81.96375261844045
    vertex 10.40779943563504 3.287868292131325 -80
    vertex 9.760338341984946 4.885505342212424 -80.95410957949383
  endloop
endfacet
facet normal -0.926786 -0.375591 0
  outer loop
    vertex 10.40779943563504 3.287868292131325 -80
    vertex 9.760338341984946 4.885505342212424 -78.99035696105338
    vertex 9.760338341984946 4.885505342212424 -80.95410957949383
  endloop
endfacet
facet normal -0.926786 -0.375591 8.49373e-17
  outer loop
    vertex 10.40779943563504 3.287868292131325 -80
    vertex 10.40779943563504 3.287868292131326 -78.03624738155955
    vertex 9.760338341984946 4.885505342212424 -78.99035696105338
  endloop
endfacet
facet normal -0.856092 -0.516823 0
  outer loop
    vertex 9.760338341984946 4.885505342212424 -80.95410957949383
    vertex 9.760338341984946 4.885505342212424 -78.99035696105338
    vertex 8.869414365176508 6.361277844710775 -79.94446654054721
  endloop
endfacet
facet normal -0.652938 -0.757411 -0
  outer loop
    vertex 6.451589582141098 8.80393996244954 -78.03624738155956
    vertex 6.451589582141098 8.80393996244954 -80
    vertex 7.757250804491848 7.678373978585449 -78.99035696105338
  endloop
endfacet
facet normal -0.652938 -0.757411 0
  outer loop
    vertex 6.451589582141098 8.80393996244954 -80
    vertex 7.757250804491848 7.678373978585449 -80.95410957949383
    vertex 7.757250804491848 7.678373978585449 -78.99035696105338
  endloop
endfacet
facet normal -0.652938 -0.757411 -0
  outer loop
    vertex 6.451589582141098 8.80393996244954 -80
    vertex 6.451589582141098 8.80393996244954 -81.96375261844045
    vertex 7.757250804491848 7.678373978585449 -80.95410957949383
  endloop
endfacet
facet normal -0.764044 -0.645164 -0
  outer loop
    vertex 7.757250804491848 7.678373978585449 -78.99035696105338
    vertex 7.757250804491848 7.678373978585449 -80.95410957949383
    vertex 8.869414365176508 6.361277844710775 -79.94446654054721
  endloop
endfacet
facet normal 0.525545 -0.850766 0
  outer loop
    vertex -6.451589582141082 8.803939962449553 -78.03624738155956
    vertex -6.451589582141082 8.803939962449553 -80
    vertex -4.984999245902356 9.709899562671106 -78.99035696105339
  endloop
endfacet
facet normal 0.525545 -0.850766 0
  outer loop
    vertex -6.451589582141082 8.803939962449553 -80
    vertex -4.984999245902356 9.709899562671106 -80.95410957949383
    vertex -4.984999245902356 9.709899562671106 -78.99035696105339
  endloop
endfacet
facet normal 0.525545 -0.850766 0
  outer loop
    vertex -6.451589582141082 8.803939962449553 -80
    vertex -6.451589582141082 8.803939962449553 -81.96375261844045
    vertex -4.984999245902356 9.709899562671106 -80.95410957949383
  endloop
endfacet
facet normal 0.385043 -0.922899 0
  outer loop
    vertex -4.984999245902356 9.709899562671106 -78.99035696105339
    vertex -4.984999245902356 9.709899562671106 -80.95410957949383
    vertex -3.394062575917298 10.37365442983162 -79.94446654054723
  endloop
endfacet
facet normal -0.0789685 -0.996877 -0
  outer loop
    vertex 1.763330950645585e-14 10.91477745988472 -78.03624738155956
    vertex 1.763330950645585e-14 10.91477745988472 -80
    vertex 1.718464060061813 10.77864779427751 -79.04589042050617
  endloop
endfacet
facet normal -0.0789685 -0.996877 0
  outer loop
    vertex 1.763330950645585e-14 10.91477745988472 -80
    vertex 1.718464060061813 10.77864779427751 -81.00964303894662
    vertex 1.718464060061813 10.77864779427751 -79.04589042050617
  endloop
endfacet
facet normal -0.0789685 -0.996877 -0
  outer loop
    vertex 1.763330950645585e-14 10.91477745988472 -80
    vertex 1.763330950645585e-14 10.91477745988472 -81.96375261844045
    vertex 1.718464060061813 10.77864779427751 -81.00964303894662
  endloop
endfacet
facet normal -0.234936 -0.972011 -0
  outer loop
    vertex 1.718464060061813 10.77864779427751 -79.04589042050617
    vertex 1.718464060061813 10.77864779427751 -81.00964303894662
    vertex 3.394062575917326 10.37365442983161 -80.05553345945279
  endloop
endfacet
facet normal 0.356902 -0.293631 -0.886793
  outer loop
    vertex -4.696852562707229 3.287868292131326 -75.59257397392065
    vertex -6.137622647879186 3.287868292131325 -76.17243113802402
    vertex -4.225957762127933 4.754593822895718 -75.88871115240205
  endloop
endfacet
facet normal 0.313562 -0.230494 -0.921168
  outer loop
    vertex -6.137622647879186 3.287868292131325 -76.17243113802402
    vertex -5.695246417978739 4.778456225340364 -76.39482185138726
    vertex -4.225957762127933 4.754593822895718 -75.88871115240205
  endloop
endfacet
facet normal 0.379046 -0.245605 -0.89219
  outer loop
    vertex -6.137622647879186 3.287868292131325 -76.17243113802402
    vertex -7.567072419372816 3.287868292131325 -76.77973085878584
    vertex -5.695246417978739 4.778456225340364 -76.39482185138726
  endloop
endfacet
facet normal 0.299207 -0.355729 -0.885399
  outer loop
    vertex -4.225957762127933 4.754593822895718 -75.88871115240205
    vertex -5.695246417978739 4.778456225340364 -76.39482185138726
    vertex -3.721403622651563 6.183449480412205 -76.29227983975946
  endloop
endfacet
facet normal 0.367941 -0.229354 -0.90112
  outer loop
    vertex -7.567072419372816 3.287868292131325 -76.77973085878584
    vertex -7.054259059023912 6.084656860308478 -77.28218286368518
    vertex -5.695246417978739 4.778456225340364 -76.39482185138726
  endloop
endfacet
facet normal 0.284243 -0.31858 -0.904275
  outer loop
    vertex -7.054259059023912 6.084656860308478 -77.28218286368518
    vertex -5.087408237121704 7.495037789727873 -77.16082173617237
    vertex -5.695246417978739 4.778456225340364 -76.39482185138726
  endloop
endfacet
facet normal 0.280965 -0.313776 -0.906975
  outer loop
    vertex -7.054259059023912 6.084656860308478 -77.28218286368518
    vertex -6.451589582141082 8.803939962449553 -78.03624738155956
    vertex -5.087408237121704 7.495037789727873 -77.16082173617237
  endloop
endfacet
facet normal 0.272948 -0.317171 -0.908241
  outer loop
    vertex -5.695246417978739 4.778456225340364 -76.39482185138726
    vertex -5.087408237121704 7.495037789727873 -77.16082173617237
    vertex -3.721403622651563 6.183449480412205 -76.29227983975946
  endloop
endfacet
facet normal -0.0700609 -0.43944 -0.895536
  outer loop
    vertex 1.763330950645585e-14 10.91477745988472 -78.03624738155956
    vertex 3.394062575917326 10.37365442983161 -78.03624738155956
    vertex 2.125457811265055 8.597852310786166 -77.06561325053454
  endloop
endfacet
facet normal -0.174401 -0.37342 -0.911121
  outer loop
    vertex 3.394062575917326 10.37365442983161 -78.03624738155956
    vertex 5.334012258009019 7.472401379547024 -77.21851253120369
    vertex 2.125457811265055 8.597852310786166 -77.06561325053454
  endloop
endfacet
facet normal -0.198455 -0.386555 -0.900661
  outer loop
    vertex 3.394062575917326 10.37365442983161 -78.03624738155956
    vertex 6.451589582141098 8.80393996244954 -78.03624738155956
    vertex 5.334012258009019 7.472401379547024 -77.21851253120369
  endloop
endfacet
facet normal -0.182518 -0.398214 -0.898951
  outer loop
    vertex 2.125457811265055 8.597852310786166 -77.06561325053454
    vertex 5.334012258009019 7.472401379547024 -77.21851253120369
    vertex 4.216214121990779 6.140553461951791 -76.40158355018384
  endloop
endfacet
facet normal 0.200884 -0.391287 -0.898076
  outer loop
    vertex -6.451589582141082 8.803939962449553 -78.03624738155956
    vertex -3.394062575917298 10.37365442983162 -78.03624738155956
    vertex -5.087408237121704 7.495037789727873 -77.16082173617237
  endloop
endfacet
facet normal 0.162727 -0.373459 -0.913262
  outer loop
    vertex -3.394062575917298 10.37365442983162 -78.03624738155956
    vertex -1.872952309536666 8.605399167638144 -77.04212290967217
    vertex -5.087408237121704 7.495037789727873 -77.16082173617237
  endloop
endfacet
facet normal 0.0704835 -0.442091 -0.894197
  outer loop
    vertex -3.394062575917298 10.37365442983162 -78.03624738155956
    vertex 1.763330950645585e-14 10.91477745988472 -78.03624738155956
    vertex -1.872952309536666 8.605399167638144 -77.04212290967217
  endloop
endfacet
facet normal 0.174852 -0.410521 -0.89493
  outer loop
    vertex -5.087408237121704 7.495037789727873 -77.16082173617237
    vertex -1.872952309536666 8.605399167638144 -77.04212290967217
    vertex -3.721403622651563 6.183449480412205 -76.29227983975946
  endloop
endfacet
facet normal -0.0732868 -0.42541 -0.902028
  outer loop
    vertex -9.219817753644943e-16 5.733280204404109 -75.59257397392066
    vertex 7.902922536937101e-15 8.324028832144414 -76.81441067774011
    vertex 2.125817758709798 5.986794252277505 -75.8848506472491
  endloop
endfacet
facet normal -0.0545222 -0.411437 -0.909806
  outer loop
    vertex 7.902922536937101e-15 8.324028832144414 -76.81441067774011
    vertex 2.125457811265055 8.597852310786166 -77.06561325053454
    vertex 2.125817758709798 5.986794252277505 -75.8848506472491
  endloop
endfacet
facet normal -0.0518725 -0.425983 -0.903243
  outer loop
    vertex 7.902922536937101e-15 8.324028832144414 -76.81441067774011
    vertex 1.763330950645585e-14 10.91477745988472 -78.03624738155956
    vertex 2.125457811265055 8.597852310786166 -77.06561325053454
  endloop
endfacet
facet normal -0.191321 -0.404454 -0.894323
  outer loop
    vertex 2.125817758709798 5.986794252277505 -75.8848506472491
    vertex 2.125457811265055 8.597852310786166 -77.06561325053454
    vertex 4.216214121990779 6.140553461951791 -76.40158355018384
  endloop
endfacet
facet normal 0.0824263 -0.336802 -0.937961
  outer loop
    vertex -9.219817753644943e-16 5.733280204404109 -75.59257397392066
    vertex -2.647662337633667 5.085310811355414 -75.59257397392066
    vertex -1.873336815441664 5.998824825759336 -75.85255079346364
  endloop
endfacet
facet normal 0.255815 -0.458973 -0.850825
  outer loop
    vertex -2.647662337633667 5.085310811355414 -75.59257397392066
    vertex -4.225957762127933 4.754593822895718 -75.88871115240205
    vertex -1.873336815441664 5.998824825759336 -75.85255079346364
  endloop
endfacet
facet normal 0.230913 -0.263255 -0.936683
  outer loop
    vertex -2.647662337633667 5.085310811355414 -75.59257397392066
    vertex -4.696852562707229 3.287868292131326 -75.59257397392065
    vertex -4.225957762127933 4.754593822895718 -75.88871115240205
  endloop
endfacet
facet normal 0.187577 -0.327764 -0.925951
  outer loop
    vertex -1.873336815441664 5.998824825759336 -75.85255079346364
    vertex -4.225957762127933 4.754593822895718 -75.88871115240205
    vertex -3.721403622651563 6.183449480412205 -76.29227983975946
  endloop
endfacet
facet normal -0.287235 -0.314547 -0.904741
  outer loop
    vertex 6.451589582141098 8.80393996244954 -78.03624738155956
    vertex 7.054259059023923 6.08465686030847 -77.28218286368518
    vertex 5.334012258009019 7.472401379547024 -77.21851253120369
  endloop
endfacet
facet normal -0.284335 -0.310851 -0.906932
  outer loop
    vertex 7.054259059023923 6.08465686030847 -77.28218286368518
    vertex 5.934838575178683 4.748773691682704 -76.47335591081853
    vertex 5.334012258009019 7.472401379547024 -77.21851253120369
  endloop
endfacet
facet normal -0.374495 -0.230038 -0.898241
  outer loop
    vertex 7.054259059023923 6.08465686030847 -77.28218286368518
    vertex 7.56707241937282 3.287868292131325 -76.77973085878584
    vertex 5.934838575178683 4.748773691682704 -76.47335591081853
  endloop
endfacet
facet normal -0.290093 -0.311555 -0.904864
  outer loop
    vertex 5.334012258009019 7.472401379547024 -77.21851253120369
    vertex 5.934838575178683 4.748773691682704 -76.47335591081853
    vertex 4.216214121990779 6.140553461951791 -76.40158355018384
  endloop
endfacet
facet normal -0.240021 -0.273638 -0.931404
  outer loop
    vertex 4.69685256270723 3.287868292131325 -75.59257397392065
    vertex 2.647662337633668 5.085310811355413 -75.59257397392066
    vertex 4.469498558106665 4.72792574383435 -75.95706073737577
  endloop
endfacet
facet normal -0.257443 -0.429644 -0.865522
  outer loop
    vertex 2.647662337633668 5.085310811355413 -75.59257397392066
    vertex 2.125817758709798 5.986794252277505 -75.8848506472491
    vertex 4.469498558106665 4.72792574383435 -75.95706073737577
  endloop
endfacet
facet normal -0.0861575 -0.352048 -0.932008
  outer loop
    vertex 2.647662337633668 5.085310811355413 -75.59257397392066
    vertex -9.219817753644943e-16 5.733280204404109 -75.59257397392066
    vertex 2.125817758709798 5.986794252277505 -75.8848506472491
  endloop
endfacet
facet normal -0.204049 -0.326955 -0.922749
  outer loop
    vertex 4.469498558106665 4.72792574383435 -75.95706073737577
    vertex 2.125817758709798 5.986794252277505 -75.8848506472491
    vertex 4.216214121990779 6.140553461951791 -76.40158355018384
  endloop
endfacet
facet normal 0.0458345 -0.426109 -0.90351
  outer loop
    vertex 1.763330950645585e-14 10.91477745988472 -78.03624738155956
    vertex 7.902922536937101e-15 8.324028832144414 -76.81441067774011
    vertex -1.872952309536666 8.605399167638144 -77.04212290967217
  endloop
endfacet
facet normal 0.0481763 -0.414705 -0.90868
  outer loop
    vertex 7.902922536937101e-15 8.324028832144414 -76.81441067774011
    vertex -1.873336815441664 5.998824825759336 -75.85255079346364
    vertex -1.872952309536666 8.605399167638144 -77.04212290967217
  endloop
endfacet
facet normal 0.0649171 -0.425658 -0.902553
  outer loop
    vertex 7.902922536937101e-15 8.324028832144414 -76.81441067774011
    vertex -9.219817753644943e-16 5.733280204404109 -75.59257397392066
    vertex -1.873336815441664 5.998824825759336 -75.85255079346364
  endloop
endfacet
facet normal 0.172363 -0.408988 -0.896114
  outer loop
    vertex -1.872952309536666 8.605399167638144 -77.04212290967217
    vertex -1.873336815441664 5.998824825759336 -75.85255079346364
    vertex -3.721403622651563 6.183449480412205 -76.29227983975946
  endloop
endfacet
facet normal -0.37989 -0.236919 -0.894177
  outer loop
    vertex 7.56707241937282 3.287868292131325 -76.77973085878584
    vertex 6.137622647878794 3.287868292131325 -76.17243113802387
    vertex 5.934838575178683 4.748773691682704 -76.47335591081853
  endloop
endfacet
facet normal -0.320166 -0.23356 -0.91812
  outer loop
    vertex 6.137622647878794 3.287868292131325 -76.17243113802387
    vertex 4.469498558106665 4.72792574383435 -75.95706073737577
    vertex 5.934838575178683 4.748773691682704 -76.47335591081853
  endloop
endfacet
facet normal -0.358224 -0.28184 -0.890079
  outer loop
    vertex 6.137622647878794 3.287868292131325 -76.17243113802387
    vertex 4.69685256270723 3.287868292131325 -75.59257397392065
    vertex 4.469498558106665 4.72792574383435 -75.95706073737577
  endloop
endfacet
facet normal -0.308812 -0.335437 -0.89001
  outer loop
    vertex 5.934838575178683 4.748773691682704 -76.47335591081853
    vertex 4.469498558106665 4.72792574383435 -75.95706073737577
    vertex 4.216214121990779 6.140553461951791 -76.40158355018384
  endloop
endfacet
facet normal -0.399499 -0.199968 -0.894658
  outer loop
    vertex 10.40779943563504 3.287868292131326 -78.03624738155955
    vertex 8.989646238670192 3.287868292131325 -77.40298858443887
    vertex 8.86941436517651 6.361277844710773 -78.03624738155956
  endloop
endfacet
facet normal -0.349281 -0.202183 -0.914945
  outer loop
    vertex 8.989646238670192 3.287868292131325 -77.40298858443887
    vertex 7.054259059023923 6.08465686030847 -77.28218286368518
    vertex 8.86941436517651 6.361277844710773 -78.03624738155956
  endloop
endfacet
facet normal -0.390379 -0.231656 -0.891033
  outer loop
    vertex 8.989646238670192 3.287868292131325 -77.40298858443887
    vertex 7.56707241937282 3.287868292131325 -76.77973085878584
    vertex 7.054259059023923 6.08465686030847 -77.28218286368518
  endloop
endfacet
facet normal -0.321842 -0.318569 -0.891589
  outer loop
    vertex 8.86941436517651 6.361277844710773 -78.03624738155956
    vertex 7.054259059023923 6.08465686030847 -77.28218286368518
    vertex 6.451589582141098 8.80393996244954 -78.03624738155956
  endloop
endfacet
facet normal 0.321842 -0.318569 -0.891589
  outer loop
    vertex -6.451589582141082 8.803939962449553 -78.03624738155956
    vertex -7.054259059023912 6.084656860308478 -77.28218286368518
    vertex -8.869414365176505 6.361277844710781 -78.03624738155956
  endloop
endfacet
facet normal 0.349281 -0.202183 -0.914945
  outer loop
    vertex -7.054259059023912 6.084656860308478 -77.28218286368518
    vertex -8.989646238670231 3.287868292131325 -77.40298858443889
    vertex -8.869414365176505 6.361277844710781 -78.03624738155956
  endloop
endfacet
facet normal 0.390379 -0.231656 -0.891033
  outer loop
    vertex -7.054259059023912 6.084656860308478 -77.28218286368518
    vertex -7.567072419372816 3.287868292131325 -76.77973085878584
    vertex -8.989646238670231 3.287868292131325 -77.40298858443889
  endloop
endfacet
facet normal 0.399499 -0.199968 -0.894658
  outer loop
    vertex -8.869414365176505 6.361277844710781 -78.03624738155956
    vertex -8.989646238670231 3.287868292131325 -77.40298858443889
    vertex -10.40779943563504 3.287868292131327 -78.03624738155955
  endloop
endfacet
facet normal 0 -1.16225e-14 -1
  outer loop
    vertex 5.329070518200751e-15 3.287868292131325 -75.59257397392065
    vertex 2.203544371418128e-15 4.510574248267718 -75.59257397392066
    vertex 2.348426281353618 3.287868292131325 -75.59257397392065
  endloop
endfacet
facet normal 1.78056e-15 -8.20258e-15 -1
  outer loop
    vertex 2.203544371418128e-15 4.510574248267718 -75.59257397392066
    vertex 2.647662337633668 5.085310811355413 -75.59257397392066
    vertex 2.348426281353618 3.287868292131325 -75.59257397392065
  endloop
endfacet
facet normal 0 0 -1
  outer loop
    vertex 2.203544371418128e-15 4.510574248267718 -75.59257397392066
    vertex -9.219817753644943e-16 5.733280204404109 -75.59257397392066
    vertex 2.647662337633668 5.085310811355413 -75.59257397392066
  endloop
endfacet
facet normal -1.49506e-30 -7.90615e-15 -1
  outer loop
    vertex 2.348426281353618 3.287868292131325 -75.59257397392065
    vertex 2.647662337633668 5.085310811355413 -75.59257397392066
    vertex 4.69685256270723 3.287868292131325 -75.59257397392065
  endloop
endfacet
facet normal 0 -0 -1
  outer loop
    vertex -9.219817753644943e-16 5.733280204404109 -75.59257397392066
    vertex 2.203544371418128e-15 4.510574248267718 -75.59257397392066
    vertex -2.647662337633667 5.085310811355414 -75.59257397392066
  endloop
endfacet
facet normal -1.78056e-15 -8.20258e-15 -1
  outer loop
    vertex 2.203544371418128e-15 4.510574248267718 -75.59257397392066
    vertex -2.348426281353612 3.287868292131325 -75.59257397392065
    vertex -2.647662337633667 5.085310811355414 -75.59257397392066
  endloop
endfacet
facet normal 0 -1.16225e-14 -1
  outer loop
    vertex 2.203544371418128e-15 4.510574248267718 -75.59257397392066
    vertex 5.329070518200751e-15 3.287868292131325 -75.59257397392065
    vertex -2.348426281353612 3.287868292131325 -75.59257397392065
  endloop
endfacet
facet normal -1.49506e-30 -7.90615e-15 -1
  outer loop
    vertex -2.647662337633667 5.085310811355414 -75.59257397392066
    vertex -2.348426281353612 3.287868292131325 -75.59257397392065
    vertex -4.696852562707229 3.287868292131326 -75.59257397392065
  endloop
endfacet
facet normal 0 0 1
  outer loop
    vertex -9.219817753644943e-16 5.733280204404109 -44.40742602607934
    vertex 2.203544371418128e-15 4.510574248267718 -44.40742602607934
    vertex 2.647662337633668 5.085310811355413 -44.40742602607934
  endloop
endfacet
facet normal -0 0 1
  outer loop
    vertex 2.203544371418128e-15 4.510574248267718 -44.40742602607934
    vertex 2.348426281353618 3.287868292131325 -44.40742602607934
    vertex 2.647662337633668 5.085310811355413 -44.40742602607934
  endloop
endfacet
facet normal 0 0 1
  outer loop
    vertex 2.203544371418128e-15 4.510574248267718 -44.40742602607934
    vertex 5.329070518200751e-15 3.287868292131325 -44.40742602607934
    vertex 2.348426281353618 3.287868292131325 -44.40742602607934
  endloop
endfacet
facet normal 0 0 1
  outer loop
    vertex 2.647662337633668 5.085310811355413 -44.40742602607934
    vertex 2.348426281353618 3.287868292131325 -44.40742602607934
    vertex 4.69685256270723 3.287868292131325 -44.40742602607934
  endloop
endfacet
facet normal 0 0 1
  outer loop
    vertex 5.329070518200751e-15 3.287868292131325 -44.40742602607934
    vertex 2.203544371418128e-15 4.510574248267718 -44.40742602607934
    vertex -2.348426281353611 3.287868292131325 -44.40742602607934
  endloop
endfacet
facet normal 0 0 1
  outer loop
    vertex 2.203544371418128e-15 4.510574248267718 -44.40742602607934
    vertex -2.647662337633667 5.085310811355414 -44.40742602607934
    vertex -2.348426281353611 3.287868292131325 -44.40742602607934
  endloop
endfacet
facet normal 0 0 1
  outer loop
    vertex 2.203544371418128e-15 4.510574248267718 -44.40742602607934
    vertex -9.219817753644943e-16 5.733280204404109 -44.40742602607934
    vertex -2.647662337633667 5.085310811355414 -44.40742602607934
  endloop
endfacet
facet normal 0 0 1
  outer loop
    vertex -2.348426281353611 3.287868292131325 -44.40742602607934
    vertex -2.647662337633667 5.085310811355414 -44.40742602607934
    vertex -4.696852562707229 3.287868292131326 -44.40742602607934
  endloop
endfacet
facet normal 0.379046 -0.245605 0.89219
  outer loop
    vertex -7.567072419372819 3.287868292131325 -43.22026914121416
    vertex -6.137622647878792 3.287868292131325 -43.82756886197614
    vertex -5.695246417978734 4.778456225340368 -43.60517814861274
  endloop
endfacet
facet normal 0.313562 -0.230494 0.921168
  outer loop
    vertex -6.137622647878792 3.287868292131325 -43.82756886197614
    vertex -4.225957762127925 4.754593822895724 -44.11128884759795
    vertex -5.695246417978734 4.778456225340368 -43.60517814861274
  endloop
endfacet
facet normal 0.356902 -0.293631 0.886793
  outer loop
    vertex -6.137622647878792 3.287868292131325 -43.82756886197614
    vertex -4.696852562707229 3.287868292131326 -44.40742602607934
    vertex -4.225957762127925 4.754593822895724 -44.11128884759795
  endloop
endfacet
facet normal 0.299207 -0.355729 0.885399
  outer loop
    vertex -5.695246417978734 4.778456225340368 -43.60517814861274
    vertex -4.225957762127925 4.754593822895724 -44.11128884759795
    vertex -3.721403622651545 6.183449480412213 -43.70772016024055
  endloop
endfacet
facet normal -0.356902 -0.293631 0.886793
  outer loop
    vertex 4.69685256270723 3.287868292131325 -44.40742602607934
    vertex 6.137622647879186 3.287868292131325 -43.82756886197598
    vertex 4.225957762127948 4.754593822895707 -44.11128884759795
  endloop
endfacet
facet normal -0.313562 -0.230494 0.921168
  outer loop
    vertex 6.137622647879186 3.287868292131325 -43.82756886197598
    vertex 5.695246417978756 4.778456225340352 -43.60517814861274
    vertex 4.225957762127948 4.754593822895707 -44.11128884759795
  endloop
endfacet
facet normal -0.379046 -0.245605 0.89219
  outer loop
    vertex 6.137622647879186 3.287868292131325 -43.82756886197598
    vertex 7.567072419372816 3.287868292131325 -43.22026914121416
    vertex 5.695246417978756 4.778456225340352 -43.60517814861274
  endloop
endfacet
facet normal -0.299207 -0.355729 0.885399
  outer loop
    vertex 4.225957762127948 4.754593822895707 -44.11128884759795
    vertex 5.695246417978756 4.778456225340352 -43.60517814861274
    vertex 3.721403622651592 6.183449480412183 -43.70772016024055
  endloop
endfacet
facet normal 0.280965 -0.313776 0.906975
  outer loop
    vertex -6.451589582141082 8.803939962449553 -41.96375261844044
    vertex -7.054259059023915 6.08465686030848 -42.71781713631482
    vertex -5.087408237121697 7.495037789727879 -42.83917826382764
  endloop
endfacet
facet normal 0.284243 -0.31858 0.904275
  outer loop
    vertex -7.054259059023915 6.08465686030848 -42.71781713631482
    vertex -5.695246417978734 4.778456225340368 -43.60517814861274
    vertex -5.087408237121697 7.495037789727879 -42.83917826382764
  endloop
endfacet
facet normal 0.367941 -0.229354 0.90112
  outer loop
    vertex -7.054259059023915 6.08465686030848 -42.71781713631482
    vertex -7.567072419372819 3.287868292131325 -43.22026914121416
    vertex -5.695246417978734 4.778456225340368 -43.60517814861274
  endloop
endfacet
facet normal 0.272948 -0.317171 0.908241
  outer loop
    vertex -5.087408237121697 7.495037789727879 -42.83917826382764
    vertex -5.695246417978734 4.778456225340368 -43.60517814861274
    vertex -3.721403622651545 6.183449480412213 -43.70772016024055
  endloop
endfacet
facet normal -0.367941 -0.229354 0.90112
  outer loop
    vertex 7.567072419372816 3.287868292131325 -43.22026914121416
    vertex 7.054259059023922 6.084656860308471 -42.71781713631482
    vertex 5.695246417978756 4.778456225340352 -43.60517814861274
  endloop
endfacet
facet normal -0.284243 -0.31858 0.904275
  outer loop
    vertex 7.054259059023922 6.084656860308471 -42.71781713631482
    vertex 5.087408237121727 7.495037789727858 -42.83917826382764
    vertex 5.695246417978756 4.778456225340352 -43.60517814861274
  endloop
endfacet
facet normal -0.280965 -0.313776 0.906975
  outer loop
    vertex 7.054259059023922 6.084656860308471 -42.71781713631482
    vertex 6.451589582141098 8.80393996244954 -41.96375261844044
    vertex 5.087408237121727 7.495037789727858 -42.83917826382764
  endloop
endfacet
facet normal -0.272948 -0.317171 0.908241
  outer loop
    vertex 5.695246417978756 4.778456225340352 -43.60517814861274
    vertex 5.087408237121727 7.495037789727858 -42.83917826382764
    vertex 3.721403622651592 6.183449480412183 -43.70772016024055
  endloop
endfacet
facet normal 0.0704835 -0.442091 0.894197
  outer loop
    vertex 1.763330950645585e-14 10.91477745988472 -41.96375261844044
    vertex -3.394062575917298 10.37365442983162 -41.96375261844044
    vertex -1.872952309536659 8.605399167638149 -42.95787709032782
  endloop
endfacet
facet normal 0.162727 -0.373459 0.913262
  outer loop
    vertex -3.394062575917298 10.37365442983162 -41.96375261844044
    vertex -5.087408237121697 7.495037789727879 -42.83917826382764
    vertex -1.872952309536659 8.605399167638149 -42.95787709032782
  endloop
endfacet
facet normal 0.200884 -0.391287 0.898076
  outer loop
    vertex -3.394062575917298 10.37365442983162 -41.96375261844044
    vertex -6.451589582141082 8.803939962449553 -41.96375261844044
    vertex -5.087408237121697 7.495037789727879 -42.83917826382764
  endloop
endfacet
facet normal 0.174852 -0.410521 0.89493
  outer loop
    vertex -1.872952309536659 8.605399167638149 -42.95787709032782
    vertex -5.087408237121697 7.495037789727879 -42.83917826382764
    vertex -3.721403622651545 6.183449480412213 -43.70772016024055
  endloop
endfacet
facet normal -0.200884 -0.391287 0.898076
  outer loop
    vertex 6.451589582141098 8.80393996244954 -41.96375261844044
    vertex 3.394062575917326 10.37365442983161 -41.96375261844044
    vertex 5.087408237121727 7.495037789727858 -42.83917826382764
  endloop
endfacet
facet normal -0.162727 -0.373459 0.913262
  outer loop
    vertex 3.394062575917326 10.37365442983161 -41.96375261844044
    vertex 1.8729523095367 8.605399167638137 -42.95787709032783
    vertex 5.087408237121727 7.495037789727858 -42.83917826382764
  endloop
endfacet
facet normal -0.0704835 -0.442091 0.894197
  outer loop
    vertex 3.394062575917326 10.37365442983161 -41.96375261844044
    vertex 1.763330950645585e-14 10.91477745988472 -41.96375261844044
    vertex 1.8729523095367 8.605399167638137 -42.95787709032783
  endloop
endfacet
facet normal -0.174852 -0.410521 0.89493
  outer loop
    vertex 5.087408237121727 7.495037789727858 -42.83917826382764
    vertex 1.8729523095367 8.605399167638137 -42.95787709032783
    vertex 3.721403622651592 6.183449480412183 -43.70772016024055
  endloop
endfacet
facet normal -0.0824263 -0.336802 0.937961
  outer loop
    vertex -9.219817753644943e-16 5.733280204404109 -44.40742602607934
    vertex 2.647662337633668 5.085310811355413 -44.40742602607934
    vertex 1.873336815441676 5.998824825759323 -44.14744920653638
  endloop
endfacet
facet normal -0.255815 -0.458973 0.850825
  outer loop
    vertex 2.647662337633668 5.085310811355413 -44.40742602607934
    vertex 4.225957762127948 4.754593822895707 -44.11128884759795
    vertex 1.873336815441676 5.998824825759323 -44.14744920653638
  endloop
endfacet
facet normal -0.230913 -0.263255 0.936683
  outer loop
    vertex 2.647662337633668 5.085310811355413 -44.40742602607934
    vertex 4.69685256270723 3.287868292131325 -44.40742602607934
    vertex 4.225957762127948 4.754593822895707 -44.11128884759795
  endloop
endfacet
facet normal -0.187577 -0.327764 0.925951
  outer loop
    vertex 1.873336815441676 5.998824825759323 -44.14744920653638
    vertex 4.225957762127948 4.754593822895707 -44.11128884759795
    vertex 3.721403622651592 6.183449480412183 -43.70772016024055
  endloop
endfacet
facet normal 0.230913 -0.263255 0.936683
  outer loop
    vertex -4.696852562707229 3.287868292131326 -44.40742602607934
    vertex -2.647662337633667 5.085310811355414 -44.40742602607934
    vertex -4.225957762127925 4.754593822895724 -44.11128884759795
  endloop
endfacet
facet normal 0.255815 -0.458973 0.850825
  outer loop
    vertex -2.647662337633667 5.085310811355414 -44.40742602607934
    vertex -1.873336815441653 5.998824825759336 -44.14744920653637
    vertex -4.225957762127925 4.754593822895724 -44.11128884759795
  endloop
endfacet
facet normal 0.0824263 -0.336802 0.937961
  outer loop
    vertex -2.647662337633667 5.085310811355414 -44.40742602607934
    vertex -9.219817753644943e-16 5.733280204404109 -44.40742602607934
    vertex -1.873336815441653 5.998824825759336 -44.14744920653637
  endloop
endfacet
facet normal 0.187577 -0.327764 0.925951
  outer loop
    vertex -4.225957762127925 4.754593822895724 -44.11128884759795
    vertex -1.873336815441653 5.998824825759336 -44.14744920653637
    vertex -3.721403622651545 6.183449480412213 -43.70772016024055
  endloop
endfacet
facet normal 0.0649171 -0.425658 0.902553
  outer loop
    vertex -9.219817753644943e-16 5.733280204404109 -44.40742602607934
    vertex 7.902922536937105e-15 8.324028832144418 -43.18558932225989
    vertex -1.873336815441653 5.998824825759336 -44.14744920653637
  endloop
endfacet
facet normal 0.0481763 -0.414705 0.90868
  outer loop
    vertex 7.902922536937105e-15 8.324028832144418 -43.18558932225989
    vertex -1.872952309536659 8.605399167638149 -42.95787709032782
    vertex -1.873336815441653 5.998824825759336 -44.14744920653637
  endloop
endfacet
facet normal 0.0458345 -0.426109 0.90351
  outer loop
    vertex 7.902922536937105e-15 8.324028832144418 -43.18558932225989
    vertex 1.763330950645585e-14 10.91477745988472 -41.96375261844044
    vertex -1.872952309536659 8.605399167638149 -42.95787709032782
  endloop
endfacet
facet normal 0.172363 -0.408988 0.896114
  outer loop
    vertex -1.873336815441653 5.998824825759336 -44.14744920653637
    vertex -1.872952309536659 8.605399167638149 -42.95787709032782
    vertex -3.721403622651545 6.183449480412213 -43.70772016024055
  endloop
endfacet
facet normal -0.0458345 -0.426109 0.90351
  outer loop
    vertex 1.763330950645585e-14 10.91477745988472 -41.96375261844044
    vertex 7.902922536937105e-15 8.324028832144418 -43.18558932225989
    vertex 1.8729523095367 8.605399167638137 -42.95787709032783
  endloop
endfacet
facet normal -0.0481763 -0.414705 0.90868
  outer loop
    vertex 7.902922536937105e-15 8.324028832144418 -43.18558932225989
    vertex 1.873336815441676 5.998824825759323 -44.14744920653638
    vertex 1.8729523095367 8.605399167638137 -42.95787709032783
  endloop
endfacet
facet normal -0.0649171 -0.425658 0.902553
  outer loop
    vertex 7.902922536937105e-15 8.324028832144418 -43.18558932225989
    vertex -9.219817753644943e-16 5.733280204404109 -44.40742602607934
    vertex 1.873336815441676 5.998824825759323 -44.14744920653638
  endloop
endfacet
facet normal -0.172363 -0.408988 0.896114
  outer loop
    vertex 1.8729523095367 8.605399167638137 -42.95787709032783
    vertex 1.873336815441676 5.998824825759323 -44.14744920653638
    vertex 3.721403622651592 6.183449480412183 -43.70772016024055
  endloop
endfacet
facet normal -0.399499 -0.199968 0.894658
  outer loop
    vertex 10.40779943563504 3.287868292131326 -41.96375261844045
    vertex 8.86941436517651 6.361277844710773 -41.96375261844044
    vertex 8.989646238670231 3.287868292131325 -42.59701141556112
  endloop
endfacet
facet normal -0.349281 -0.202183 0.914945
  outer loop
    vertex 8.86941436517651 6.361277844710773 -41.96375261844044
    vertex 7.054259059023922 6.084656860308471 -42.71781713631482
    vertex 8.989646238670231 3.287868292131325 -42.59701141556112
  endloop
endfacet
facet normal -0.321842 -0.318569 0.891589
  outer loop
    vertex 8.86941436517651 6.361277844710773 -41.96375261844044
    vertex 6.451589582141098 8.80393996244954 -41.96375261844044
    vertex 7.054259059023922 6.084656860308471 -42.71781713631482
  endloop
endfacet
facet normal -0.390379 -0.231656 0.891033
  outer loop
    vertex 8.989646238670231 3.287868292131325 -42.59701141556112
    vertex 7.054259059023922 6.084656860308471 -42.71781713631482
    vertex 7.567072419372816 3.287868292131325 -43.22026914121416
  endloop
endfacet
facet normal 0.321842 -0.318569 0.891589
  outer loop
    vertex -6.451589582141082 8.803939962449553 -41.96375261844044
    vertex -8.869414365176505 6.361277844710781 -41.96375261844044
    vertex -7.054259059023915 6.08465686030848 -42.71781713631482
  endloop
endfacet
facet normal 0.349281 -0.202183 0.914945
  outer loop
    vertex -8.869414365176505 6.361277844710781 -41.96375261844044
    vertex -8.989646238670192 3.287868292131325 -42.59701141556113
    vertex -7.054259059023915 6.08465686030848 -42.71781713631482
  endloop
endfacet
facet normal 0.399499 -0.199968 0.894658
  outer loop
    vertex -8.869414365176505 6.361277844710781 -41.96375261844044
    vertex -10.40779943563504 3.287868292131327 -41.96375261844045
    vertex -8.989646238670192 3.287868292131325 -42.59701141556113
  endloop
endfacet
facet normal 0.390379 -0.231656 0.891033
  outer loop
    vertex -7.054259059023915 6.08465686030848 -42.71781713631482
    vertex -8.989646238670192 3.287868292131325 -42.59701141556113
    vertex -7.567072419372819 3.287868292131325 -43.22026914121416
  endloop
endfacet
facet normal -0 1 0
  outer loop
    vertex -7.567072419372819 3.287868292131325 -43.22026914121416
    vertex -6.558756537987722 3.287868292131325 -41.61013457060707
    vertex -6.137622647878792 3.287868292131325 -43.82756886197614
  endloop
endfacet
facet normal 0 1 0
  outer loop
    vertex -6.558756537987722 3.287868292131325 -41.61013457060707
    vertex -5.123646609654926 3.287868292131325 -42.20371301303967
    vertex -6.137622647878792 3.287868292131325 -43.82756886197614
  endloop
endfacet
facet normal -0 1 0
  outer loop
    vertex -6.558756537987722 3.287868292131325 -41.61013457060707
    vertex -5.550440656602625 3.287868292131325 -40
    vertex -5.123646609654926 3.287868292131325 -42.20371301303967
  endloop
endfacet
facet normal -2.46327e-16 1 1.53812e-16
  outer loop
    vertex -6.137622647878792 3.287868292131325 -43.82756886197614
    vertex -5.123646609654926 3.287868292131325 -42.20371301303967
    vertex -4.696852562707229 3.287868292131326 -44.40742602607934
  endloop
endfacet
facet normal 0 1 0
  outer loop
    vertex 7.56707241937282 3.287868292131325 -36.77973085878584
    vertex 5.857654348956753 3.287868292131325 -38.49544462961595
    vertex 6.137622647878794 3.287868292131325 -36.17243113802386
  endloop
endfacet
facet normal 0 1 -0
  outer loop
    vertex 5.857654348956753 3.287868292131325 -38.49544462961595
    vertex 4.422544420623961 3.287868292131325 -37.90186618718334
    vertex 6.137622647878794 3.287868292131325 -36.17243113802386
  endloop
endfacet
facet normal 0 1 0
  outer loop
    vertex 5.857654348956753 3.287868292131325 -38.49544462961595
    vertex 4.148236278540686 3.287868292131325 -40.21115840044605
    vertex 4.422544420623961 3.287868292131325 -37.90186618718334
  endloop
endfacet
facet normal -2.20303e-16 1 2.18474e-16
  outer loop
    vertex 6.137622647878794 3.287868292131325 -36.17243113802386
    vertex 4.422544420623961 3.287868292131325 -37.90186618718334
    vertex 4.69685256270723 3.287868292131325 -35.59257397392066
  endloop
endfacet
facet normal 0 1 0
  outer loop
    vertex 5.329070518200751e-15 3.287868292131325 -44.40742602607934
    vertex 2.074118139270347 3.287868292131325 -42.30929221326269
    vertex 2.348426281353618 3.287868292131325 -44.40742602607934
  endloop
endfacet
facet normal -0 1 0
  outer loop
    vertex 2.074118139270347 3.287868292131325 -42.30929221326269
    vertex 4.422544420623961 3.287868292131325 -42.30929221326269
    vertex 2.348426281353618 3.287868292131325 -44.40742602607934
  endloop
endfacet
facet normal 0 1 0
  outer loop
    vertex 2.074118139270347 3.287868292131325 -42.30929221326269
    vertex 4.148236278540686 3.287868292131325 -40.21115840044605
    vertex 4.422544420623961 3.287868292131325 -42.30929221326269
  endloop
endfacet
facet normal 1.89101e-16 1 -1.86936e-16
  outer loop
    vertex 2.348426281353618 3.287868292131325 -44.40742602607934
    vertex 4.422544420623961 3.287868292131325 -42.30929221326269
    vertex 4.69685256270723 3.287868292131325 -44.40742602607934
  endloop
endfacet
facet normal 0 1 0
  outer loop
    vertex 5.329070518200751e-15 3.287868292131325 -35.59257397392066
    vertex -0.6620864204526686 3.287868292131325 -37.6172155282414
    vertex -2.348426281353612 3.287868292131325 -35.59257397392066
  endloop
endfacet
facet normal 0 1 0
  outer loop
    vertex -0.6620864204526686 3.287868292131325 -37.6172155282414
    vertex -3.010512701806284 3.287868292131325 -37.6172155282414
    vertex -2.348426281353612 3.287868292131325 -35.59257397392066
  endloop
endfacet
facet normal 0 1 0
  outer loop
    vertex -0.6620864204526686 3.287868292131325 -37.6172155282414
    vertex -1.324172840905343 3.287868292131325 -39.64185708256215
    vertex -3.010512701806284 3.287868292131325 -37.6172155282414
  endloop
endfacet
facet normal 1.89101e-16 1 -6.18386e-17
  outer loop
    vertex -2.348426281353612 3.287868292131325 -35.59257397392066
    vertex -3.010512701806284 3.287868292131325 -37.6172155282414
    vertex -4.696852562707229 3.287868292131326 -35.59257397392066
  endloop
endfacet
facet normal 1.89101e-16 1 5.2544e-17
  outer loop
    vertex -4.696852562707229 3.287868292131326 -44.40742602607934
    vertex -3.010512701806284 3.287868292131325 -42.02464155432074
    vertex -2.348426281353611 3.287868292131325 -44.40742602607934
  endloop
endfacet
facet normal -0 1 0
  outer loop
    vertex -3.010512701806284 3.287868292131325 -42.02464155432074
    vertex -0.6620864204526686 3.287868292131325 -42.02464155432074
    vertex -2.348426281353611 3.287868292131325 -44.40742602607934
  endloop
endfacet
facet normal 0 1 0
  outer loop
    vertex -3.010512701806284 3.287868292131325 -42.02464155432074
    vertex -1.324172840905343 3.287868292131325 -39.64185708256215
    vertex -0.6620864204526686 3.287868292131325 -42.02464155432074
  endloop
endfacet
facet normal 0 1 0
  outer loop
    vertex -2.348426281353611 3.287868292131325 -44.40742602607934
    vertex -0.6620864204526686 3.287868292131325 -42.02464155432074
    vertex 5.329070518200751e-15 3.287868292131325 -44.40742602607934
  endloop
endfacet
facet normal -0 1 0
  outer loop
    vertex -5.550440656602625 3.287868292131325 -40
    vertex -3.437306748753983 3.287868292131325 -39.82092854128108
    vertex -5.123646609654926 3.287868292131325 -42.20371301303967
  endloop
endfacet
facet normal 0 1 0
  outer loop
    vertex -3.437306748753983 3.287868292131325 -39.82092854128108
    vertex -3.010512701806284 3.287868292131325 -42.02464155432074
    vertex -5.123646609654926 3.287868292131325 -42.20371301303967
  endloop
endfacet
facet normal -0 1 0
  outer loop
    vertex -3.437306748753983 3.287868292131325 -39.82092854128108
    vertex -1.324172840905343 3.287868292131325 -39.64185708256215
    vertex -3.010512701806284 3.287868292131325 -42.02464155432074
  endloop
endfacet
facet normal -1.68014e-17 1 1.98265e-16
  outer loop
    vertex -5.123646609654926 3.287868292131325 -42.20371301303967
    vertex -3.010512701806284 3.287868292131325 -42.02464155432074
    vertex -4.696852562707229 3.287868292131326 -44.40742602607934
  endloop
endfacet
facet normal 1.73621e-17 1 -2.04881e-16
  outer loop
    vertex -4.696852562707229 3.287868292131326 -35.59257397392066
    vertex -3.010512701806284 3.287868292131325 -37.6172155282414
    vertex -5.123646609654926 3.287868292131325 -37.79628698696033
  endloop
endfacet
facet normal 0 1 0
  outer loop
    vertex -3.010512701806284 3.287868292131325 -37.6172155282414
    vertex -3.437306748753983 3.287868292131325 -39.82092854128108
    vertex -5.123646609654926 3.287868292131325 -37.79628698696033
  endloop
endfacet
facet normal 0 1 0
  outer loop
    vertex -3.010512701806284 3.287868292131325 -37.6172155282414
    vertex -1.324172840905343 3.287868292131325 -39.64185708256215
    vertex -3.437306748753983 3.287868292131325 -39.82092854128108
  endloop
endfacet
facet normal 0 1 0
  outer loop
    vertex -5.123646609654926 3.287868292131325 -37.79628698696033
    vertex -3.437306748753983 3.287868292131325 -39.82092854128108
    vertex -5.550440656602625 3.287868292131325 -40
  endloop
endfacet
facet normal 0 1 -0
  outer loop
    vertex 5.329070518200751e-15 3.287868292131325 -44.40742602607934
    vertex -0.6620864204526686 3.287868292131325 -42.02464155432074
    vertex 2.074118139270347 3.287868292131325 -42.30929221326269
  endloop
endfacet
facet normal -0 1 0
  outer loop
    vertex -0.6620864204526686 3.287868292131325 -42.02464155432074
    vertex 1.412031718817673 3.287868292131325 -39.9265077415041
    vertex 2.074118139270347 3.287868292131325 -42.30929221326269
  endloop
endfacet
facet normal 0 1 -0
  outer loop
    vertex -0.6620864204526686 3.287868292131325 -42.02464155432074
    vertex -1.324172840905343 3.287868292131325 -39.64185708256215
    vertex 1.412031718817673 3.287868292131325 -39.9265077415041
  endloop
endfacet
facet normal 0 1 -0
  outer loop
    vertex 2.074118139270347 3.287868292131325 -42.30929221326269
    vertex 1.412031718817673 3.287868292131325 -39.9265077415041
    vertex 4.148236278540686 3.287868292131325 -40.21115840044605
  endloop
endfacet
facet normal 0 1 -0
  outer loop
    vertex 4.148236278540686 3.287868292131325 -40.21115840044605
    vertex 3.014232639313164 3.287868292131325 -38.98534962907921
    vertex 4.422544420623961 3.287868292131325 -37.90186618718334
  endloop
endfacet
facet normal 0 1 0
  outer loop
    vertex 3.014232639313164 3.287868292131325 -38.98534962907921
    vertex 3.288540781396438 3.287868292131325 -36.67605741581652
    vertex 4.422544420623961 3.287868292131325 -37.90186618718334
  endloop
endfacet
facet normal 0 1 -0
  outer loop
    vertex 3.014232639313164 3.287868292131325 -38.98534962907921
    vertex 1.880229000085643 3.287868292131325 -37.75954085771238
    vertex 3.288540781396438 3.287868292131325 -36.67605741581652
  endloop
endfacet
facet normal 1.8422e-16 1 1.70423e-16
  outer loop
    vertex 4.422544420623961 3.287868292131325 -37.90186618718334
    vertex 3.288540781396438 3.287868292131325 -36.67605741581652
    vertex 4.69685256270723 3.287868292131325 -35.59257397392066
  endloop
endfacet
facet normal 1.89101e-16 1 1.64079e-16
  outer loop
    vertex 4.69685256270723 3.287868292131325 -35.59257397392066
    vertex 3.288540781396438 3.287868292131325 -36.67605741581652
    vertex 2.348426281353618 3.287868292131325 -35.59257397392066
  endloop
endfacet
facet normal 0 1 0
  outer loop
    vertex 3.288540781396438 3.287868292131325 -36.67605741581652
    vertex 0.9401145000428244 3.287868292131325 -36.67605741581652
    vertex 2.348426281353618 3.287868292131325 -35.59257397392066
  endloop
endfacet
facet normal 0 1 0
  outer loop
    vertex 3.288540781396438 3.287868292131325 -36.67605741581652
    vertex 1.880229000085643 3.287868292131325 -37.75954085771238
    vertex 0.9401145000428244 3.287868292131325 -36.67605741581652
  endloop
endfacet
facet normal 0 1 0
  outer loop
    vertex 2.348426281353618 3.287868292131325 -35.59257397392066
    vertex 0.9401145000428244 3.287868292131325 -36.67605741581652
    vertex 5.329070518200751e-15 3.287868292131325 -35.59257397392066
  endloop
endfacet
facet normal 0 1 -0
  outer loop
    vertex -7.567072419372819 3.287868292131325 -43.22026914121416
    vertex -7.933554646348242 3.287868292131325 -41.61013457060707
    vertex -6.558756537987722 3.287868292131325 -41.61013457060707
  endloop
endfacet
facet normal 0 1 0
  outer loop
    vertex -7.933554646348242 3.287868292131325 -41.61013457060707
    vertex -6.925238764963145 3.287868292131325 -40
    vertex -6.558756537987722 3.287868292131325 -41.61013457060707
  endloop
endfacet
facet normal 0 1 -0
  outer loop
    vertex -7.933554646348242 3.287868292131325 -41.61013457060707
    vertex -8.300036873323666 3.287868292131325 -40
    vertex -6.925238764963145 3.287868292131325 -40
  endloop
endfacet
facet normal 0 1 -0
  outer loop
    vertex -6.558756537987722 3.287868292131325 -41.61013457060707
    vertex -6.925238764963145 3.287868292131325 -40
    vertex -5.550440656602625 3.287868292131325 -40
  endloop
endfacet
facet normal 0 1 0
  outer loop
    vertex 7.56707241937282 3.287868292131325 -36.77973085878584
    vertex 7.793334208542053 3.287868292131325 -38.41098126943753
    vertex 5.857654348956753 3.287868292131325 -38.49544462961595
  endloop
endfacet
facet normal 0 1 0
  outer loop
    vertex 7.793334208542053 3.287868292131325 -38.41098126943753
    vertex 6.083916138125982 3.287868292131325 -40.12669504026763
    vertex 5.857654348956753 3.287868292131325 -38.49544462961595
  endloop
endfacet
facet normal 0 1 0
  outer loop
    vertex 7.793334208542053 3.287868292131325 -38.41098126943753
    vertex 8.019595997711281 3.287868292131325 -40.04223168008921
    vertex 6.083916138125982 3.287868292131325 -40.12669504026763
  endloop
endfacet
facet normal 0 1 0
  outer loop
    vertex 5.857654348956753 3.287868292131325 -38.49544462961595
    vertex 6.083916138125982 3.287868292131325 -40.12669504026763
    vertex 4.148236278540686 3.287868292131325 -40.21115840044605
  endloop
endfacet
facet normal 6.32077e-16 1 -6.78429e-16
  outer loop
    vertex -10.40779943563504 3.287868292131327 -38.03624738155955
    vertex -9.353918154479352 3.287868292131325 -39.01812369077977
    vertex -10.40779943563504 3.287868292131325 -40
  endloop
endfacet
facet normal 0 1 0
  outer loop
    vertex -9.353918154479352 3.287868292131325 -39.01812369077977
    vertex -9.353918154479352 3.287868292131325 -40.98187630922022
    vertex -10.40779943563504 3.287868292131325 -40
  endloop
endfacet
facet normal 0 1 0
  outer loop
    vertex -9.353918154479352 3.287868292131325 -39.01812369077977
    vertex -8.300036873323666 3.287868292131325 -40
    vertex -9.353918154479352 3.287868292131325 -40.98187630922022
  endloop
endfacet
facet normal 6.32077e-16 1 6.78429e-16
  outer loop
    vertex -10.40779943563504 3.287868292131325 -40
    vertex -9.353918154479352 3.287868292131325 -40.98187630922022
    vertex -10.40779943563504 3.287868292131327 -41.96375261844045
  endloop
endfacet
facet normal -1.8995e-16 1 2.26143e-16
  outer loop
    vertex 10.40779943563504 3.287868292131326 -41.96375261844045
    vertex 9.21369771667316 3.287868292131325 -41.00299214926483
    vertex 10.40779943563504 3.287868292131325 -40
  endloop
endfacet
facet normal 0 1 0
  outer loop
    vertex 9.21369771667316 3.287868292131325 -41.00299214926483
    vertex 9.21369771667316 3.287868292131325 -39.03923953082438
    vertex 10.40779943563504 3.287868292131325 -40
  endloop
endfacet
facet normal 0 1 -0
  outer loop
    vertex 9.21369771667316 3.287868292131325 -41.00299214926483
    vertex 8.019595997711281 3.287868292131325 -40.04223168008921
    vertex 9.21369771667316 3.287868292131325 -39.03923953082438
  endloop
endfacet
facet normal -1.81952e-16 1 -2.26143e-16
  outer loop
    vertex 10.40779943563504 3.287868292131325 -40
    vertex 9.21369771667316 3.287868292131325 -39.03923953082438
    vertex 10.40779943563504 3.287868292131326 -38.03624738155955
  endloop
endfacet
facet normal -0 1 0
  outer loop
    vertex -1.324172840905343 3.287868292131325 -39.64185708256215
    vertex 0.2780280795901504 3.287868292131325 -38.70069897013727
    vertex 1.412031718817673 3.287868292131325 -39.9265077415041
  endloop
endfacet
facet normal 0 1 0
  outer loop
    vertex 0.2780280795901504 3.287868292131325 -38.70069897013727
    vertex 3.014232639313164 3.287868292131325 -38.98534962907921
    vertex 1.412031718817673 3.287868292131325 -39.9265077415041
  endloop
endfacet
facet normal -0 1 0
  outer loop
    vertex 0.2780280795901504 3.287868292131325 -38.70069897013727
    vertex 1.880229000085643 3.287868292131325 -37.75954085771238
    vertex 3.014232639313164 3.287868292131325 -38.98534962907921
  endloop
endfacet
facet normal -0 1 0
  outer loop
    vertex 1.412031718817673 3.287868292131325 -39.9265077415041
    vertex 3.014232639313164 3.287868292131325 -38.98534962907921
    vertex 4.148236278540686 3.287868292131325 -40.21115840044605
  endloop
endfacet
facet normal 0 1 0
  outer loop
    vertex 7.567072419372816 3.287868292131325 -43.22026914121416
    vertex 7.793334208542049 3.287868292131325 -41.63125041065168
    vertex 8.989646238670231 3.287868292131325 -42.59701141556112
  endloop
endfacet
facet normal -0 1 0
  outer loop
    vertex 7.793334208542049 3.287868292131325 -41.63125041065168
    vertex 9.21369771667316 3.287868292131325 -41.00299214926483
    vertex 8.989646238670231 3.287868292131325 -42.59701141556112
  endloop
endfacet
facet normal 0 1 0
  outer loop
    vertex 7.793334208542049 3.287868292131325 -41.63125041065168
    vertex 8.019595997711281 3.287868292131325 -40.04223168008921
    vertex 9.21369771667316 3.287868292131325 -41.00299214926483
  endloop
endfacet
facet normal -3.34117e-16 1 4.69626e-17
  outer loop
    vertex 8.989646238670231 3.287868292131325 -42.59701141556112
    vertex 9.21369771667316 3.287868292131325 -41.00299214926483
    vertex 10.40779943563504 3.287868292131326 -41.96375261844045
  endloop
endfacet
facet normal -3.3354e-16 1 -4.56716e-17
  outer loop
    vertex 10.40779943563504 3.287868292131326 -38.03624738155955
    vertex 9.21369771667316 3.287868292131325 -39.03923953082438
    vertex 8.989646238670192 3.287868292131325 -37.40298858443887
  endloop
endfacet
facet normal 0 1 0
  outer loop
    vertex 9.21369771667316 3.287868292131325 -39.03923953082438
    vertex 7.793334208542053 3.287868292131325 -38.41098126943753
    vertex 8.989646238670192 3.287868292131325 -37.40298858443887
  endloop
endfacet
facet normal 0 1 0
  outer loop
    vertex 9.21369771667316 3.287868292131325 -39.03923953082438
    vertex 8.019595997711281 3.287868292131325 -40.04223168008921
    vertex 7.793334208542053 3.287868292131325 -38.41098126943753
  endloop
endfacet
facet normal 0 1 0
  outer loop
    vertex 8.989646238670192 3.287868292131325 -37.40298858443887
    vertex 7.793334208542053 3.287868292131325 -38.41098126943753
    vertex 7.56707241937282 3.287868292131325 -36.77973085878584
  endloop
endfacet
facet normal 1.04465e-15 1 2.35606e-16
  outer loop
    vertex -10.40779943563504 3.287868292131327 -41.96375261844045
    vertex -9.353918154479352 3.287868292131325 -40.98187630922022
    vertex -8.989646238670192 3.287868292131325 -42.59701141556113
  endloop
endfacet
facet normal 0 1 0
  outer loop
    vertex -9.353918154479352 3.287868292131325 -40.98187630922022
    vertex -7.933554646348242 3.287868292131325 -41.61013457060707
    vertex -8.989646238670192 3.287868292131325 -42.59701141556113
  endloop
endfacet
facet normal -0 1 0
  outer loop
    vertex -9.353918154479352 3.287868292131325 -40.98187630922022
    vertex -8.300036873323666 3.287868292131325 -40
    vertex -7.933554646348242 3.287868292131325 -41.61013457060707
  endloop
endfacet
facet normal -0 1 0
  outer loop
    vertex -8.989646238670192 3.287868292131325 -42.59701141556113
    vertex -7.933554646348242 3.287868292131325 -41.61013457060707
    vertex -7.567072419372819 3.287868292131325 -43.22026914121416
  endloop
endfacet
facet normal 0 1 0
  outer loop
    vertex -7.567072419372816 3.287868292131325 -36.77973085878584
    vertex -7.933554646348242 3.287868292131325 -38.38986542939291
    vertex -8.989646238670231 3.287868292131325 -37.40298858443888
  endloop
endfacet
facet normal 0 1 0
  outer loop
    vertex -7.933554646348242 3.287868292131325 -38.38986542939291
    vertex -9.353918154479352 3.287868292131325 -39.01812369077977
    vertex -8.989646238670231 3.287868292131325 -37.40298858443888
  endloop
endfacet
facet normal 0 1 0
  outer loop
    vertex -7.933554646348242 3.287868292131325 -38.38986542939291
    vertex -8.300036873323666 3.287868292131325 -40
    vertex -9.353918154479352 3.287868292131325 -39.01812369077977
  endloop
endfacet
facet normal 1.04465e-15 1 -2.35606e-16
  outer loop
    vertex -8.989646238670231 3.287868292131325 -37.40298858443888
    vertex -9.353918154479352 3.287868292131325 -39.01812369077977
    vertex -10.40779943563504 3.287868292131327 -38.03624738155955
  endloop
endfacet
facet normal -2.46327e-16 1 -1.53812e-16
  outer loop
    vertex -4.696852562707229 3.287868292131326 -35.59257397392066
    vertex -5.123646609654926 3.287868292131325 -37.79628698696033
    vertex -6.137622647879186 3.287868292131325 -36.17243113802402
  endloop
endfacet
facet normal 0 1 0
  outer loop
    vertex -5.123646609654926 3.287868292131325 -37.79628698696033
    vertex -6.558756537987721 3.287868292131325 -38.38986542939291
    vertex -6.137622647879186 3.287868292131325 -36.17243113802402
  endloop
endfacet
facet normal 0 1 0
  outer loop
    vertex -5.123646609654926 3.287868292131325 -37.79628698696033
    vertex -5.550440656602625 3.287868292131325 -40
    vertex -6.558756537987721 3.287868292131325 -38.38986542939291
  endloop
endfacet
facet normal 0 1 0
  outer loop
    vertex -6.137622647879186 3.287868292131325 -36.17243113802402
    vertex -6.558756537987721 3.287868292131325 -38.38986542939291
    vertex -7.567072419372816 3.287868292131325 -36.77973085878584
  endloop
endfacet
facet normal -2.11896e-16 1 -2.39362e-16
  outer loop
    vertex 4.69685256270723 3.287868292131325 -44.40742602607934
    vertex 4.422544420623961 3.287868292131325 -42.30929221326269
    vertex 6.137622647879186 3.287868292131325 -43.82756886197598
  endloop
endfacet
facet normal -0 1 0
  outer loop
    vertex 4.422544420623961 3.287868292131325 -42.30929221326269
    vertex 5.857654348956753 3.287868292131325 -41.7157137708301
    vertex 6.137622647879186 3.287868292131325 -43.82756886197598
  endloop
endfacet
facet normal 0 1 -0
  outer loop
    vertex 4.422544420623961 3.287868292131325 -42.30929221326269
    vertex 4.148236278540686 3.287868292131325 -40.21115840044605
    vertex 5.857654348956753 3.287868292131325 -41.7157137708301
  endloop
endfacet
facet normal 0 1 -0
  outer loop
    vertex 6.137622647879186 3.287868292131325 -43.82756886197598
    vertex 5.857654348956753 3.287868292131325 -41.7157137708301
    vertex 7.567072419372816 3.287868292131325 -43.22026914121416
  endloop
endfacet
facet normal 0 1 0
  outer loop
    vertex 5.329070518200751e-15 3.287868292131325 -35.59257397392066
    vertex 0.9401145000428244 3.287868292131325 -36.67605741581652
    vertex -0.6620864204526686 3.287868292131325 -37.6172155282414
  endloop
endfacet
facet normal 0 1 0
  outer loop
    vertex 0.9401145000428244 3.287868292131325 -36.67605741581652
    vertex 0.2780280795901504 3.287868292131325 -38.70069897013727
    vertex -0.6620864204526686 3.287868292131325 -37.6172155282414
  endloop
endfacet
facet normal 0 1 0
  outer loop
    vertex 0.9401145000428244 3.287868292131325 -36.67605741581652
    vertex 1.880229000085643 3.287868292131325 -37.75954085771238
    vertex 0.2780280795901504 3.287868292131325 -38.70069897013727
  endloop
endfacet
facet normal 0 1 0
  outer loop
    vertex -0.6620864204526686 3.287868292131325 -37.6172155282414
    vertex 0.2780280795901504 3.287868292131325 -38.70069897013727
    vertex -1.324172840905343 3.287868292131325 -39.64185708256215
  endloop
endfacet
facet normal -0 1 0
  outer loop
    vertex 4.148236278540686 3.287868292131325 -40.21115840044605
    vertex 6.083916138125982 3.287868292131325 -40.12669504026763
    vertex 5.857654348956753 3.287868292131325 -41.7157137708301
  endloop
endfacet
facet normal 0 1 0
  outer loop
    vertex 6.083916138125982 3.287868292131325 -40.12669504026763
    vertex 7.793334208542049 3.287868292131325 -41.63125041065168
    vertex 5.857654348956753 3.287868292131325 -41.7157137708301
  endloop
endfacet
facet normal -0 1 0
  outer loop
    vertex 6.083916138125982 3.287868292131325 -40.12669504026763
    vertex 8.019595997711281 3.287868292131325 -40.04223168008921
    vertex 7.793334208542049 3.287868292131325 -41.63125041065168
  endloop
endfacet
facet normal -0 1 0
  outer loop
    vertex 5.857654348956753 3.287868292131325 -41.7157137708301
    vertex 7.793334208542049 3.287868292131325 -41.63125041065168
    vertex 7.567072419372816 3.287868292131325 -43.22026914121416
  endloop
endfacet
facet normal 0 1 0
  outer loop
    vertex -5.550440656602625 3.287868292131325 -40
    vertex -6.925238764963145 3.287868292131325 -40
    vertex -6.558756537987721 3.287868292131325 -38.38986542939291
  endloop
endfacet
facet normal 0 1 -0
  outer loop
    vertex -6.925238764963145 3.287868292131325 -40
    vertex -7.933554646348242 3.287868292131325 -38.38986542939291
    vertex -6.558756537987721 3.287868292131325 -38.38986542939291
  endloop
endfacet
facet normal 0 1 0
  outer loop
    vertex -6.925238764963145 3.287868292131325 -40
    vertex -8.300036873323666 3.287868292131325 -40
    vertex -7.933554646348242 3.287868292131325 -38.38986542939291
  endloop
endfacet
facet normal 0 1 0
  outer loop
    vertex -6.558756537987721 3.287868292131325 -38.38986542939291
    vertex -7.933554646348242 3.287868292131325 -38.38986542939291
    vertex -7.567072419372816 3.287868292131325 -36.77973085878584
  endloop
endfacet
facet normal 0.452141 -0.880692 0.141247
  outer loop
    vertex -6.451589582141082 8.803939962449553 -41.96375261844044
    vertex -3.394062575917298 10.37365442983162 -41.96375261844044
    vertex -4.984999245902356 9.709899562671106 -41.00964303894661
  endloop
endfacet
facet normal 0.307843 -0.940894 -0.141247
  outer loop
    vertex -3.394062575917298 10.37365442983162 -41.96375261844044
    vertex -1.718464060061783 10.77864779427752 -41.00964303894661
    vertex -4.984999245902356 9.709899562671106 -41.00964303894661
  endloop
endfacet
facet normal 0.155865 -0.977627 0.141247
  outer loop
    vertex -3.394062575917298 10.37365442983162 -41.96375261844044
    vertex 1.763330950645585e-14 10.91477745988472 -41.96375261844044
    vertex -1.718464060061783 10.77864779427752 -41.00964303894661
  endloop
endfacet
facet normal 0.307843 -0.940894 0.141247
  outer loop
    vertex -4.984999245902356 9.709899562671106 -41.00964303894661
    vertex -1.718464060061783 10.77864779427752 -41.00964303894661
    vertex -3.3940625759173 10.37365442983162 -40.05553345945277
  endloop
endfacet
facet normal 0.885266 -0.443117 0.141247
  outer loop
    vertex -10.40779943563504 3.287868292131327 -41.96375261844045
    vertex -8.869414365176505 6.361277844710781 -41.96375261844044
    vertex -9.760338341984943 4.885505342212432 -41.00964303894661
  endloop
endfacet
facet normal 0.804459 -0.57697 -0.141247
  outer loop
    vertex -8.869414365176505 6.361277844710781 -41.96375261844044
    vertex -7.757250804491835 7.678373978585462 -41.00964303894661
    vertex -9.760338341984943 4.885505342212432 -41.00964303894661
  endloop
endfacet
facet normal 0.703586 -0.696431 0.141247
  outer loop
    vertex -8.869414365176505 6.361277844710781 -41.96375261844044
    vertex -6.451589582141082 8.803939962449553 -41.96375261844044
    vertex -7.757250804491835 7.678373978585462 -41.00964303894661
  endloop
endfacet
facet normal 0.804459 -0.57697 0.141247
  outer loop
    vertex -9.760338341984943 4.885505342212432 -41.00964303894661
    vertex -7.757250804491835 7.678373978585462 -41.00964303894661
    vertex -8.869414365176501 6.361277844710784 -40.05553345945277
  endloop
endfacet
facet normal -0.452141 -0.880692 -0.141247
  outer loop
    vertex 6.451589582141098 8.80393996244954 -38.03624738155955
    vertex 3.394062575917326 10.37365442983161 -38.03624738155955
    vertex 4.984999245902378 9.709899562671094 -38.99035696105338
  endloop
endfacet
facet normal -0.307843 -0.940894 0.141247
  outer loop
    vertex 3.394062575917326 10.37365442983161 -38.03624738155955
    vertex 1.718464060061813 10.77864779427751 -38.99035696105338
    vertex 4.984999245902378 9.709899562671094 -38.99035696105338
  endloop
endfacet
facet normal -0.155865 -0.977627 -0.141247
  outer loop
    vertex 3.394062575917326 10.37365442983161 -38.03624738155955
    vertex 1.763330950645585e-14 10.91477745988472 -38.03624738155955
    vertex 1.718464060061813 10.77864779427751 -38.99035696105338
  endloop
endfacet
facet normal -0.307843 -0.940894 -0.141247
  outer loop
    vertex 4.984999245902378 9.709899562671094 -38.99035696105338
    vertex 1.718464060061813 10.77864779427751 -38.99035696105338
    vertex 3.394062575917326 10.37365442983161 -39.94446654054721
  endloop
endfacet
facet normal -0.703586 -0.696431 0.141247
  outer loop
    vertex 6.451589582141098 8.80393996244954 -41.96375261844044
    vertex 8.86941436517651 6.361277844710773 -41.96375261844044
    vertex 7.75725080449185 7.678373978585447 -41.00964303894661
  endloop
endfacet
facet normal -0.804459 -0.57697 -0.141247
  outer loop
    vertex 8.86941436517651 6.361277844710773 -41.96375261844044
    vertex 9.760338341984946 4.885505342212423 -41.00964303894661
    vertex 7.75725080449185 7.678373978585447 -41.00964303894661
  endloop
endfacet
facet normal -0.885266 -0.443117 0.141247
  outer loop
    vertex 8.86941436517651 6.361277844710773 -41.96375261844044
    vertex 10.40779943563504 3.287868292131326 -41.96375261844045
    vertex 9.760338341984946 4.885505342212423 -41.00964303894661
  endloop
endfacet
facet normal -0.804459 -0.57697 0.141247
  outer loop
    vertex 7.75725080449185 7.678373978585447 -41.00964303894661
    vertex 9.760338341984946 4.885505342212423 -41.00964303894661
    vertex 8.86941436517651 6.361277844710773 -40.05553345945277
  endloop
endfacet
facet normal 0.704338 -0.697176 -0.13362
  outer loop
    vertex -6.451589582141082 8.803939962449553 -38.03624738155955
    vertex -8.869414365176505 6.361277844710781 -38.03624738155955
    vertex -7.757250804491835 7.678373978585462 -39.04589042050617
  endloop
endfacet
facet normal 0.805319 -0.577587 0.13362
  outer loop
    vertex -8.869414365176505 6.361277844710781 -38.03624738155955
    vertex -9.760338341984943 4.885505342212432 -39.04589042050617
    vertex -7.757250804491835 7.678373978585462 -39.04589042050617
  endloop
endfacet
facet normal 0.886213 -0.443591 -0.13362
  outer loop
    vertex -8.869414365176505 6.361277844710781 -38.03624738155955
    vertex -10.40779943563504 3.287868292131327 -38.03624738155955
    vertex -9.760338341984943 4.885505342212432 -39.04589042050617
  endloop
endfacet
facet normal 0.805319 -0.577587 -0.13362
  outer loop
    vertex -7.757250804491835 7.678373978585462 -39.04589042050617
    vertex -9.760338341984943 4.885505342212432 -39.04589042050617
    vertex -8.869414365176501 6.361277844710784 -40.05553345945277
  endloop
endfacet
facet normal 0.156032 -0.978672 -0.13362
  outer loop
    vertex 1.763330950645585e-14 10.91477745988472 -38.03624738155955
    vertex -3.394062575917298 10.37365442983162 -38.03624738155955
    vertex -1.718464060061783 10.77864779427752 -39.04589042050617
  endloop
endfacet
facet normal 0.308172 -0.9419 0.13362
  outer loop
    vertex -3.394062575917298 10.37365442983162 -38.03624738155955
    vertex -4.984999245902356 9.709899562671106 -39.04589042050617
    vertex -1.718464060061783 10.77864779427752 -39.04589042050617
  endloop
endfacet
facet normal 0.452625 -0.881633 -0.13362
  outer loop
    vertex -3.394062575917298 10.37365442983162 -38.03624738155955
    vertex -6.451589582141082 8.803939962449553 -38.03624738155955
    vertex -4.984999245902356 9.709899562671106 -39.04589042050617
  endloop
endfacet
facet normal 0.308172 -0.9419 -0.13362
  outer loop
    vertex -1.718464060061783 10.77864779427752 -39.04589042050617
    vertex -4.984999245902356 9.709899562671106 -39.04589042050617
    vertex -3.3940625759173 10.37365442983162 -40.05553345945277
  endloop
endfacet
facet normal -0.886213 -0.443591 -0.13362
  outer loop
    vertex 10.40779943563504 3.287868292131326 -38.03624738155955
    vertex 8.86941436517651 6.361277844710773 -38.03624738155955
    vertex 9.760338341984946 4.885505342212423 -39.04589042050617
  endloop
endfacet
facet normal -0.805319 -0.577587 0.13362
  outer loop
    vertex 8.86941436517651 6.361277844710773 -38.03624738155955
    vertex 7.75725080449185 7.678373978585447 -39.04589042050617
    vertex 9.760338341984946 4.885505342212423 -39.04589042050617
  endloop
endfacet
facet normal -0.704338 -0.697176 -0.13362
  outer loop
    vertex 8.86941436517651 6.361277844710773 -38.03624738155955
    vertex 6.451589582141098 8.80393996244954 -38.03624738155955
    vertex 7.75725080449185 7.678373978585447 -39.04589042050617
  endloop
endfacet
facet normal -0.805319 -0.577587 -0.13362
  outer loop
    vertex 9.760338341984946 4.885505342212423 -39.04589042050617
    vertex 7.75725080449185 7.678373978585447 -39.04589042050617
    vertex 8.86941436517651 6.361277844710773 -40.05553345945277
  endloop
endfacet
facet normal -0.156032 -0.978672 0.13362
  outer loop
    vertex 1.763330950645585e-14 10.91477745988472 -41.96375261844044
    vertex 3.394062575917326 10.37365442983161 -41.96375261844044
    vertex 1.718464060061813 10.77864779427751 -40.95410957949382
  endloop
endfacet
facet normal -0.308172 -0.9419 -0.13362
  outer loop
    vertex 3.394062575917326 10.37365442983161 -41.96375261844044
    vertex 4.984999245902378 9.709899562671094 -40.95410957949382
    vertex 1.718464060061813 10.77864779427751 -40.95410957949382
  endloop
endfacet
facet normal -0.452625 -0.881633 0.13362
  outer loop
    vertex 3.394062575917326 10.37365442983161 -41.96375261844044
    vertex 6.451589582141098 8.80393996244954 -41.96375261844044
    vertex 4.984999245902378 9.709899562671094 -40.95410957949382
  endloop
endfacet
facet normal -0.308172 -0.9419 0.13362
  outer loop
    vertex 1.718464060061813 10.77864779427751 -40.95410957949382
    vertex 4.984999245902378 9.709899562671094 -40.95410957949382
    vertex 3.394062575917326 10.37365442983161 -39.94446654054721
  endloop
endfacet
facet normal 0.525545 -0.850766 0
  outer loop
    vertex -6.451589582141082 8.803939962449553 -38.03624738155955
    vertex -6.451589582141082 8.803939962449553 -40
    vertex -4.984999245902356 9.709899562671106 -39.04589042050617
  endloop
endfacet
facet normal 0.525545 -0.850766 0
  outer loop
    vertex -6.451589582141082 8.803939962449553 -40
    vertex -4.984999245902356 9.709899562671106 -41.00964303894661
    vertex -4.984999245902356 9.709899562671106 -39.04589042050617
  endloop
endfacet
facet normal 0.525545 -0.850766 0
  outer loop
    vertex -6.451589582141082 8.803939962449553 -40
    vertex -6.451589582141082 8.803939962449553 -41.96375261844044
    vertex -4.984999245902356 9.709899562671106 -41.00964303894661
  endloop
endfacet
facet normal 0.385043 -0.922899 0
  outer loop
    vertex -4.984999245902356 9.709899562671106 -39.04589042050617
    vertex -4.984999245902356 9.709899562671106 -41.00964303894661
    vertex -3.3940625759173 10.37365442983162 -40.05553345945277
  endloop
endfacet
facet normal -0.525545 -0.850766 0
  outer loop
    vertex 6.451589582141098 8.80393996244954 -41.96375261844044
    vertex 6.451589582141098 8.80393996244954 -40
    vertex 4.984999245902378 9.709899562671094 -40.95410957949382
  endloop
endfacet
facet normal -0.525545 -0.850766 0
  outer loop
    vertex 6.451589582141098 8.80393996244954 -40
    vertex 4.984999245902378 9.709899562671094 -38.99035696105338
    vertex 4.984999245902378 9.709899562671094 -40.95410957949382
  endloop
endfacet
facet normal -0.525545 -0.850766 0
  outer loop
    vertex 6.451589582141098 8.80393996244954 -40
    vertex 6.451589582141098 8.80393996244954 -38.03624738155955
    vertex 4.984999245902378 9.709899562671094 -38.99035696105338
  endloop
endfacet
facet normal -0.385043 -0.922899 0
  outer loop
    vertex 4.984999245902378 9.709899562671094 -40.95410957949382
    vertex 4.984999245902378 9.709899562671094 -38.99035696105338
    vertex 3.394062575917326 10.37365442983161 -39.94446654054721
  endloop
endfacet
facet normal -0.652938 -0.757411 -0
  outer loop
    vertex 6.451589582141098 8.80393996244954 -38.03624738155955
    vertex 6.451589582141098 8.80393996244954 -40
    vertex 7.75725080449185 7.678373978585447 -39.04589042050617
  endloop
endfacet
facet normal -0.652938 -0.757411 0
  outer loop
    vertex 6.451589582141098 8.80393996244954 -40
    vertex 7.75725080449185 7.678373978585447 -41.00964303894661
    vertex 7.75725080449185 7.678373978585447 -39.04589042050617
  endloop
endfacet
facet normal -0.652938 -0.757411 -0
  outer loop
    vertex 6.451589582141098 8.80393996244954 -40
    vertex 6.451589582141098 8.80393996244954 -41.96375261844044
    vertex 7.75725080449185 7.678373978585447 -41.00964303894661
  endloop
endfacet
facet normal -0.764044 -0.645164 -0
  outer loop
    vertex 7.75725080449185 7.678373978585447 -39.04589042050617
    vertex 7.75725080449185 7.678373978585447 -41.00964303894661
    vertex 8.86941436517651 6.361277844710773 -40.05553345945277
  endloop
endfacet
facet normal -0.0789685 -0.996877 -0
  outer loop
    vertex 1.763330950645585e-14 10.91477745988472 -38.03624738155955
    vertex 1.763330950645585e-14 10.91477745988472 -40
    vertex 1.718464060061813 10.77864779427751 -38.99035696105338
  endloop
endfacet
facet normal -0.0789685 -0.996877 0
  outer loop
    vertex 1.763330950645585e-14 10.91477745988472 -40
    vertex 1.718464060061813 10.77864779427751 -40.95410957949382
    vertex 1.718464060061813 10.77864779427751 -38.99035696105338
  endloop
endfacet
facet normal -0.0789685 -0.996877 -0
  outer loop
    vertex 1.763330950645585e-14 10.91477745988472 -40
    vertex 1.763330950645585e-14 10.91477745988472 -41.96375261844044
    vertex 1.718464060061813 10.77864779427751 -40.95410957949382
  endloop
endfacet
facet normal -0.234936 -0.972011 -0
  outer loop
    vertex 1.718464060061813 10.77864779427751 -38.99035696105338
    vertex 1.718464060061813 10.77864779427751 -40.95410957949382
    vertex 3.394062575917326 10.37365442983161 -39.94446654054721
  endloop
endfacet
facet normal 0.926786 -0.375591 2.54812e-16
  outer loop
    vertex -10.40779943563504 3.287868292131327 -38.03624738155955
    vertex -10.40779943563504 3.287868292131325 -40
    vertex -9.760338341984943 4.885505342212432 -39.04589042050617
  endloop
endfacet
facet normal 0.926786 -0.375591 0
  outer loop
    vertex -10.40779943563504 3.287868292131325 -40
    vertex -9.760338341984943 4.885505342212432 -41.00964303894661
    vertex -9.760338341984943 4.885505342212432 -39.04589042050617
  endloop
endfacet
facet normal 0.926786 -0.375591 -2.54812e-16
  outer loop
    vertex -10.40779943563504 3.287868292131325 -40
    vertex -10.40779943563504 3.287868292131327 -41.96375261844045
    vertex -9.760338341984943 4.885505342212432 -41.00964303894661
  endloop
endfacet
facet normal 0.856092 -0.516823 0
  outer loop
    vertex -9.760338341984943 4.885505342212432 -39.04589042050617
    vertex -9.760338341984943 4.885505342212432 -41.00964303894661
    vertex -8.869414365176501 6.361277844710784 -40.05553345945277
  endloop
endfacet
facet normal 0.652938 -0.757411 0
  outer loop
    vertex -6.451589582141082 8.803939962449553 -41.96375261844044
    vertex -6.451589582141082 8.803939962449553 -40
    vertex -7.757250804491835 7.678373978585462 -41.00964303894661
  endloop
endfacet
facet normal 0.652938 -0.757411 0
  outer loop
    vertex -6.451589582141082 8.803939962449553 -40
    vertex -7.757250804491835 7.678373978585462 -39.04589042050617
    vertex -7.757250804491835 7.678373978585462 -41.00964303894661
  endloop
endfacet
facet normal 0.652938 -0.757411 0
  outer loop
    vertex -6.451589582141082 8.803939962449553 -40
    vertex -6.451589582141082 8.803939962449553 -38.03624738155955
    vertex -7.757250804491835 7.678373978585462 -39.04589042050617
  endloop
endfacet
facet normal 0.764044 -0.645164 0
  outer loop
    vertex -7.757250804491835 7.678373978585462 -41.00964303894661
    vertex -7.757250804491835 7.678373978585462 -39.04589042050617
    vertex -8.869414365176501 6.361277844710784 -40.05553345945277
  endloop
endfacet
facet normal 0.0789685 -0.996877 0
  outer loop
    vertex 1.763330950645585e-14 10.91477745988472 -41.96375261844044
    vertex 1.763330950645585e-14 10.91477745988472 -40
    vertex -1.718464060061783 10.77864779427752 -41.00964303894661
  endloop
endfacet
facet normal 0.0789685 -0.996877 0
  outer loop
    vertex 1.763330950645585e-14 10.91477745988472 -40
    vertex -1.718464060061783 10.77864779427752 -39.04589042050617
    vertex -1.718464060061783 10.77864779427752 -41.00964303894661
  endloop
endfacet
facet normal 0.0789685 -0.996877 0
  outer loop
    vertex 1.763330950645585e-14 10.91477745988472 -40
    vertex 1.763330950645585e-14 10.91477745988472 -38.03624738155955
    vertex -1.718464060061783 10.77864779427752 -39.04589042050617
  endloop
endfacet
facet normal 0.234936 -0.972011 0
  outer loop
    vertex -1.718464060061783 10.77864779427752 -41.00964303894661
    vertex -1.718464060061783 10.77864779427752 -39.04589042050617
    vertex -3.3940625759173 10.37365442983162 -40.05553345945277
  endloop
endfacet
facet normal -0.926786 -0.375591 -8.49373e-17
  outer loop
    vertex 10.40779943563504 3.287868292131326 -41.96375261844045
    vertex 10.40779943563504 3.287868292131325 -40
    vertex 9.760338341984946 4.885505342212423 -41.00964303894661
  endloop
endfacet
facet normal -0.926786 -0.375591 0
  outer loop
    vertex 10.40779943563504 3.287868292131325 -40
    vertex 9.760338341984946 4.885505342212423 -39.04589042050617
    vertex 9.760338341984946 4.885505342212423 -41.00964303894661
  endloop
endfacet
facet normal -0.926786 -0.375591 8.49373e-17
  outer loop
    vertex 10.40779943563504 3.287868292131325 -40
    vertex 10.40779943563504 3.287868292131326 -38.03624738155955
    vertex 9.760338341984946 4.885505342212423 -39.04589042050617
  endloop
endfacet
facet normal -0.856092 -0.516823 0
  outer loop
    vertex 9.760338341984946 4.885505342212423 -41.00964303894661
    vertex 9.760338341984946 4.885505342212423 -39.04589042050617
    vertex 8.86941436517651 6.361277844710773 -40.05553345945277
  endloop
endfacet
facet normal 0.356902 -0.293631 -0.886793
  outer loop
    vertex -4.696852562707229 3.287868292131326 -35.59257397392066
    vertex -6.137622647879186 3.287868292131325 -36.17243113802402
    vertex -4.225957762127933 4.754593822895719 -35.88871115240205
  endloop
endfacet
facet normal 0.313562 -0.230494 -0.921168
  outer loop
    vertex -6.137622647879186 3.287868292131325 -36.17243113802402
    vertex -5.695246417978741 4.778456225340365 -36.39482185138726
    vertex -4.225957762127933 4.754593822895719 -35.88871115240205
  endloop
endfacet
facet normal 0.379046 -0.245605 -0.89219
  outer loop
    vertex -6.137622647879186 3.287868292131325 -36.17243113802402
    vertex -7.567072419372816 3.287868292131325 -36.77973085878584
    vertex -5.695246417978741 4.778456225340365 -36.39482185138726
  endloop
endfacet
facet normal 0.299207 -0.355729 -0.885399
  outer loop
    vertex -4.225957762127933 4.754593822895719 -35.88871115240205
    vertex -5.695246417978741 4.778456225340365 -36.39482185138726
    vertex -3.721403622651564 6.183449480412206 -36.29227983975945
  endloop
endfacet
facet normal 0.367941 -0.229354 -0.90112
  outer loop
    vertex -7.567072419372816 3.287868292131325 -36.77973085878584
    vertex -7.054259059023915 6.08465686030848 -37.28218286368517
    vertex -5.695246417978741 4.778456225340365 -36.39482185138726
  endloop
endfacet
facet normal 0.284243 -0.31858 -0.904275
  outer loop
    vertex -7.054259059023915 6.08465686030848 -37.28218286368517
    vertex -5.087408237121704 7.495037789727875 -37.16082173617235
    vertex -5.695246417978741 4.778456225340365 -36.39482185138726
  endloop
endfacet
facet normal 0.280965 -0.313776 -0.906975
  outer loop
    vertex -7.054259059023915 6.08465686030848 -37.28218286368517
    vertex -6.451589582141082 8.803939962449553 -38.03624738155955
    vertex -5.087408237121704 7.495037789727875 -37.16082173617235
  endloop
endfacet
facet normal 0.272948 -0.317171 -0.908241
  outer loop
    vertex -5.695246417978741 4.778456225340365 -36.39482185138726
    vertex -5.087408237121704 7.495037789727875 -37.16082173617235
    vertex -3.721403622651564 6.183449480412206 -36.29227983975945
  endloop
endfacet
facet normal -0.0700609 -0.43944 -0.895536
  outer loop
    vertex 1.763330950645585e-14 10.91477745988472 -38.03624738155955
    vertex 3.394062575917326 10.37365442983161 -38.03624738155955
    vertex 2.125457811265054 8.597852310786164 -37.06561325053453
  endloop
endfacet
facet normal -0.174401 -0.37342 -0.911121
  outer loop
    vertex 3.394062575917326 10.37365442983161 -38.03624738155955
    vertex 5.334012258009017 7.472401379547023 -37.21851253120369
    vertex 2.125457811265054 8.597852310786164 -37.06561325053453
  endloop
endfacet
facet normal -0.198455 -0.386555 -0.900661
  outer loop
    vertex 3.394062575917326 10.37365442983161 -38.03624738155955
    vertex 6.451589582141098 8.80393996244954 -38.03624738155955
    vertex 5.334012258009017 7.472401379547023 -37.21851253120369
  endloop
endfacet
facet normal -0.182518 -0.398214 -0.898951
  outer loop
    vertex 2.125457811265054 8.597852310786164 -37.06561325053453
    vertex 5.334012258009017 7.472401379547023 -37.21851253120369
    vertex 4.216214121990776 6.140553461951788 -36.40158355018384
  endloop
endfacet
facet normal 0.200884 -0.391287 -0.898076
  outer loop
    vertex -6.451589582141082 8.803939962449553 -38.03624738155955
    vertex -3.394062575917298 10.37365442983162 -38.03624738155955
    vertex -5.087408237121704 7.495037789727875 -37.16082173617235
  endloop
endfacet
facet normal 0.162727 -0.373459 -0.913262
  outer loop
    vertex -3.394062575917298 10.37365442983162 -38.03624738155955
    vertex -1.872952309536667 8.605399167638147 -37.04212290967217
    vertex -5.087408237121704 7.495037789727875 -37.16082173617235
  endloop
endfacet
facet normal 0.0704835 -0.442091 -0.894197
  outer loop
    vertex -3.394062575917298 10.37365442983162 -38.03624738155955
    vertex 1.763330950645585e-14 10.91477745988472 -38.03624738155955
    vertex -1.872952309536667 8.605399167638147 -37.04212290967217
  endloop
endfacet
facet normal 0.174852 -0.410521 -0.89493
  outer loop
    vertex -5.087408237121704 7.495037789727875 -37.16082173617235
    vertex -1.872952309536667 8.605399167638147 -37.04212290967217
    vertex -3.721403622651564 6.183449480412206 -36.29227983975945
  endloop
endfacet
facet normal -0.0732868 -0.42541 -0.902028
  outer loop
    vertex -9.219817753644943e-16 5.733280204404109 -35.59257397392065
    vertex 7.902922536937101e-15 8.324028832144414 -36.81441067774011
    vertex 2.125817758709796 5.986794252277502 -35.88485064724909
  endloop
endfacet
facet normal -0.0545222 -0.411437 -0.909806
  outer loop
    vertex 7.902922536937101e-15 8.324028832144414 -36.81441067774011
    vertex 2.125457811265054 8.597852310786164 -37.06561325053453
    vertex 2.125817758709796 5.986794252277502 -35.88485064724909
  endloop
endfacet
facet normal -0.0518725 -0.425983 -0.903243
  outer loop
    vertex 7.902922536937101e-15 8.324028832144414 -36.81441067774011
    vertex 1.763330950645585e-14 10.91477745988472 -38.03624738155955
    vertex 2.125457811265054 8.597852310786164 -37.06561325053453
  endloop
endfacet
facet normal -0.191321 -0.404454 -0.894323
  outer loop
    vertex 2.125817758709796 5.986794252277502 -35.88485064724909
    vertex 2.125457811265054 8.597852310786164 -37.06561325053453
    vertex 4.216214121990776 6.140553461951788 -36.40158355018384
  endloop
endfacet
facet normal 0.0824263 -0.336802 -0.937961
  outer loop
    vertex -9.219817753644943e-16 5.733280204404109 -35.59257397392065
    vertex -2.647662337633667 5.085310811355414 -35.59257397392065
    vertex -1.873336815441663 5.998824825759335 -35.85255079346362
  endloop
endfacet
facet normal 0.255815 -0.458973 -0.850825
  outer loop
    vertex -2.647662337633667 5.085310811355414 -35.59257397392065
    vertex -4.225957762127933 4.754593822895719 -35.88871115240205
    vertex -1.873336815441663 5.998824825759335 -35.85255079346362
  endloop
endfacet
facet normal 0.230913 -0.263255 -0.936683
  outer loop
    vertex -2.647662337633667 5.085310811355414 -35.59257397392065
    vertex -4.696852562707229 3.287868292131326 -35.59257397392066
    vertex -4.225957762127933 4.754593822895719 -35.88871115240205
  endloop
endfacet
facet normal 0.187577 -0.327764 -0.925951
  outer loop
    vertex -1.873336815441663 5.998824825759335 -35.85255079346362
    vertex -4.225957762127933 4.754593822895719 -35.88871115240205
    vertex -3.721403622651564 6.183449480412206 -36.29227983975945
  endloop
endfacet
facet normal -0.287235 -0.314547 -0.904741
  outer loop
    vertex 6.451589582141098 8.80393996244954 -38.03624738155955
    vertex 7.054259059023924 6.084656860308471 -37.28218286368517
    vertex 5.334012258009017 7.472401379547023 -37.21851253120369
  endloop
endfacet
facet normal -0.284335 -0.310851 -0.906932
  outer loop
    vertex 7.054259059023924 6.084656860308471 -37.28218286368517
    vertex 5.934838575178687 4.748773691682705 -36.47335591081852
    vertex 5.334012258009017 7.472401379547023 -37.21851253120369
  endloop
endfacet
facet normal -0.374495 -0.230038 -0.898241
  outer loop
    vertex 7.054259059023924 6.084656860308471 -37.28218286368517
    vertex 7.56707241937282 3.287868292131325 -36.77973085878584
    vertex 5.934838575178687 4.748773691682705 -36.47335591081852
  endloop
endfacet
facet normal -0.290093 -0.311555 -0.904864
  outer loop
    vertex 5.334012258009017 7.472401379547023 -37.21851253120369
    vertex 5.934838575178687 4.748773691682705 -36.47335591081852
    vertex 4.216214121990776 6.140553461951788 -36.40158355018384
  endloop
endfacet
facet normal -0.240021 -0.273638 -0.931404
  outer loop
    vertex 4.69685256270723 3.287868292131325 -35.59257397392066
    vertex 2.647662337633668 5.085310811355413 -35.59257397392065
    vertex 4.469498558106668 4.727925743834352 -35.95706073737577
  endloop
endfacet
facet normal -0.257443 -0.429644 -0.865522
  outer loop
    vertex 2.647662337633668 5.085310811355413 -35.59257397392065
    vertex 2.125817758709796 5.986794252277502 -35.88485064724909
    vertex 4.469498558106668 4.727925743834352 -35.95706073737577
  endloop
endfacet
facet normal -0.0861575 -0.352048 -0.932008
  outer loop
    vertex 2.647662337633668 5.085310811355413 -35.59257397392065
    vertex -9.219817753644943e-16 5.733280204404109 -35.59257397392065
    vertex 2.125817758709796 5.986794252277502 -35.88485064724909
  endloop
endfacet
facet normal -0.204049 -0.326955 -0.922749
  outer loop
    vertex 4.469498558106668 4.727925743834352 -35.95706073737577
    vertex 2.125817758709796 5.986794252277502 -35.88485064724909
    vertex 4.216214121990776 6.140553461951788 -36.40158355018384
  endloop
endfacet
facet normal 0.0458345 -0.426109 -0.90351
  outer loop
    vertex 1.763330950645585e-14 10.91477745988472 -38.03624738155955
    vertex 7.902922536937101e-15 8.324028832144414 -36.81441067774011
    vertex -1.872952309536667 8.605399167638147 -37.04212290967217
  endloop
endfacet
facet normal 0.0481763 -0.414705 -0.90868
  outer loop
    vertex 7.902922536937101e-15 8.324028832144414 -36.81441067774011
    vertex -1.873336815441663 5.998824825759335 -35.85255079346362
    vertex -1.872952309536667 8.605399167638147 -37.04212290967217
  endloop
endfacet
facet normal 0.0649171 -0.425658 -0.902553
  outer loop
    vertex 7.902922536937101e-15 8.324028832144414 -36.81441067774011
    vertex -9.219817753644943e-16 5.733280204404109 -35.59257397392065
    vertex -1.873336815441663 5.998824825759335 -35.85255079346362
  endloop
endfacet
facet normal 0.172363 -0.408988 -0.896114
  outer loop
    vertex -1.872952309536667 8.605399167638147 -37.04212290967217
    vertex -1.873336815441663 5.998824825759335 -35.85255079346362
    vertex -3.721403622651564 6.183449480412206 -36.29227983975945
  endloop
endfacet
facet normal -0.37989 -0.236919 -0.894177
  outer loop
    vertex 7.56707241937282 3.287868292131325 -36.77973085878584
    vertex 6.137622647878794 3.287868292131325 -36.17243113802386
    vertex 5.934838575178687 4.748773691682705 -36.47335591081852
  endloop
endfacet
facet normal -0.320166 -0.23356 -0.91812
  outer loop
    vertex 6.137622647878794 3.287868292131325 -36.17243113802386
    vertex 4.469498558106668 4.727925743834352 -35.95706073737577
    vertex 5.934838575178687 4.748773691682705 -36.47335591081852
  endloop
endfacet
facet normal -0.358224 -0.28184 -0.890079
  outer loop
    vertex 6.137622647878794 3.287868292131325 -36.17243113802386
    vertex 4.69685256270723 3.287868292131325 -35.59257397392066
    vertex 4.469498558106668 4.727925743834352 -35.95706073737577
  endloop
endfacet
facet normal -0.308812 -0.335437 -0.89001
  outer loop
    vertex 5.934838575178687 4.748773691682705 -36.47335591081852
    vertex 4.469498558106668 4.727925743834352 -35.95706073737577
    vertex 4.216214121990776 6.140553461951788 -36.40158355018384
  endloop
endfacet
facet normal -0.399499 -0.199968 -0.894658
  outer loop
    vertex 10.40779943563504 3.287868292131326 -38.03624738155955
    vertex 8.989646238670192 3.287868292131325 -37.40298858443887
    vertex 8.86941436517651 6.361277844710773 -38.03624738155955
  endloop
endfacet
facet normal -0.349281 -0.202183 -0.914945
  outer loop
    vertex 8.989646238670192 3.287868292131325 -37.40298858443887
    vertex 7.054259059023924 6.084656860308471 -37.28218286368517
    vertex 8.86941436517651 6.361277844710773 -38.03624738155955
  endloop
endfacet
facet normal -0.390379 -0.231656 -0.891033
  outer loop
    vertex 8.989646238670192 3.287868292131325 -37.40298858443887
    vertex 7.56707241937282 3.287868292131325 -36.77973085878584
    vertex 7.054259059023924 6.084656860308471 -37.28218286368517
  endloop
endfacet
facet normal -0.321842 -0.318569 -0.891589
  outer loop
    vertex 8.86941436517651 6.361277844710773 -38.03624738155955
    vertex 7.054259059023924 6.084656860308471 -37.28218286368517
    vertex 6.451589582141098 8.80393996244954 -38.03624738155955
  endloop
endfacet
facet normal 0.321842 -0.318569 -0.891589
  outer loop
    vertex -6.451589582141082 8.803939962449553 -38.03624738155955
    vertex -7.054259059023915 6.08465686030848 -37.28218286368517
    vertex -8.869414365176505 6.361277844710781 -38.03624738155955
  endloop
endfacet
facet normal 0.349281 -0.202183 -0.914945
  outer loop
    vertex -7.054259059023915 6.08465686030848 -37.28218286368517
    vertex -8.989646238670231 3.287868292131325 -37.40298858443888
    vertex -8.869414365176505 6.361277844710781 -38.03624738155955
  endloop
endfacet
facet normal 0.390379 -0.231656 -0.891033
  outer loop
    vertex -7.054259059023915 6.08465686030848 -37.28218286368517
    vertex -7.567072419372816 3.287868292131325 -36.77973085878584
    vertex -8.989646238670231 3.287868292131325 -37.40298858443888
  endloop
endfacet
facet normal 0.399499 -0.199968 -0.894658
  outer loop
    vertex -8.869414365176505 6.361277844710781 -38.03624738155955
    vertex -8.989646238670231 3.287868292131325 -37.40298858443888
    vertex -10.40779943563504 3.287868292131327 -38.03624738155955
  endloop
endfacet
facet normal 0 5.81123e-15 -1
  outer loop
    vertex 5.329070518200751e-15 3.287868292131325 -35.59257397392066
    vertex 2.203544371418128e-15 4.510574248267718 -35.59257397392065
    vertex 2.348426281353618 3.287868292131325 -35.59257397392066
  endloop
endfacet
facet normal -8.9028e-16 4.10129e-15 -1
  outer loop
    vertex 2.203544371418128e-15 4.510574248267718 -35.59257397392065
    vertex 2.647662337633668 5.085310811355413 -35.59257397392065
    vertex 2.348426281353618 3.287868292131325 -35.59257397392066
  endloop
endfacet
facet normal 0 0 -1
  outer loop
    vertex 2.203544371418128e-15 4.510574248267718 -35.59257397392065
    vertex -9.219817753644943e-16 5.733280204404109 -35.59257397392065
    vertex 2.647662337633668 5.085310811355413 -35.59257397392065
  endloop
endfacet
facet normal 7.4753e-31 3.95308e-15 -1
  outer loop
    vertex 2.348426281353618 3.287868292131325 -35.59257397392066
    vertex 2.647662337633668 5.085310811355413 -35.59257397392065
    vertex 4.69685256270723 3.287868292131325 -35.59257397392066
  endloop
endfacet
facet normal 0 -0 -1
  outer loop
    vertex -9.219817753644943e-16 5.733280204404109 -35.59257397392065
    vertex 2.203544371418128e-15 4.510574248267718 -35.59257397392065
    vertex -2.647662337633667 5.085310811355414 -35.59257397392065
  endloop
endfacet
facet normal 8.9028e-16 4.10129e-15 -1
  outer loop
    vertex 2.203544371418128e-15 4.510574248267718 -35.59257397392065
    vertex -2.348426281353612 3.287868292131325 -35.59257397392066
    vertex -2.647662337633667 5.085310811355414 -35.59257397392065
  endloop
endfacet
facet normal 0 5.81123e-15 -1
  outer loop
    vertex 2.203544371418128e-15 4.510574248267718 -35.59257397392065
    vertex 5.329070518200751e-15 3.287868292131325 -35.59257397392066
    vertex -2.348426281353612 3.287868292131325 -35.59257397392066
  endloop
endfacet
facet normal 7.4753e-31 3.95308e-15 -1
  outer loop
    vertex -2.647662337633667 5.085310811355414 -35.59257397392065
    vertex -2.348426281353612 3.287868292131325 -35.59257397392066
    vertex -4.696852562707229 3.287868292131326 -35.59257397392066
  endloop
endfacet
endsolid Created by Gmsh
