solid Created by Gmsh
facet normal 0 -1 0
  outer loop
    vertex 3.730349362740526e-14 0 0
    vertex 1.855153473174576 0 -2.839939529666282
    vertex 2.937500000000027 0 0
  endloop
endfacet
facet normal 0 -1 0
  outer loop
    vertex 1.855153473174576 0 -2.839939529666282
    vertex 4.792653473174566 0 -2.839939529666282
    vertex 2.937500000000027 0 0
  endloop
endfacet
facet normal 0 -1 0
  outer loop
    vertex 1.855153473174576 0 -2.839939529666282
    vertex 3.710306946349115 0 -5.679879059332563
    vertex 4.792653473174566 0 -2.839939529666282
  endloop
endfacet
facet normal 0 -1 0
  outer loop
    vertex 2.937500000000027 0 0
    vertex 4.792653473174566 0 -2.839939529666282
    vertex 5.875000000000016 0 0
  endloop
endfacet
facet normal 0 -1 0
  outer loop
    vertex -3.595442862799644 0 -105.1200752464203
    vertex -0.2921158815991447 0 -107.9707756111016
    vertex -0.07908067266166974 0 -104.9909630296913
  endloop
endfacet
facet normal 0 -1 0
  outer loop
    vertex -0.2921158815991447 0 -107.9707756111016
    vertex 3.224246308538828 0 -107.8416633943727
    vertex -0.07908067266166974 0 -104.9909630296913
  endloop
endfacet
facet normal 0 -1 0
  outer loop
    vertex -0.2921158815991447 0 -107.9707756111016
    vertex 3.011211099601353 0 -110.821475975783
    vertex 3.224246308538828 0 -107.8416633943727
  endloop
endfacet
facet normal 0 -1 0
  outer loop
    vertex -0.07908067266166974 0 -104.9909630296913
    vertex 3.224246308538828 0 -107.8416633943727
    vertex 3.437281517476303 0 -104.8618508129623
  endloop
endfacet
facet normal 0 -1 0
  outer loop
    vertex -3.595560933074445 0 -111.6084189262253
    vertex -0.2921749167365455 0 -111.2149474510041
    vertex -3.595501897937044 0 -108.3642470863228
  endloop
endfacet
facet normal 0 -1 0
  outer loop
    vertex -0.2921749167365455 0 -111.2149474510041
    vertex -0.2921158815991447 0 -107.9707756111016
    vertex -3.595501897937044 0 -108.3642470863228
  endloop
endfacet
facet normal 0 -1 0
  outer loop
    vertex -0.2921749167365455 0 -111.2149474510041
    vertex 3.011211099601353 0 -110.821475975783
    vertex -0.2921158815991447 0 -107.9707756111016
  endloop
endfacet
facet normal 0 -1 0
  outer loop
    vertex -3.595501897937044 0 -108.3642470863228
    vertex -0.2921158815991447 0 -107.9707756111016
    vertex -3.595442862799644 0 -105.1200752464203
  endloop
endfacet
facet normal 0 -1 0
  outer loop
    vertex -3.851797826778359 0 -41.06908709206738
    vertex -0.7345047470014539 0 -44.13563516614875
    vertex 0.04529405508856499 0 -40.03839307747838
  endloop
endfacet
facet normal 0 -1 0
  outer loop
    vertex -0.7345047470014539 0 -44.13563516614875
    vertex 3.16258713486547 0 -43.10494115155976
    vertex 0.04529405508856499 0 -40.03839307747838
  endloop
endfacet
facet normal 0 -1 0
  outer loop
    vertex -0.7345047470014539 0 -44.13563516614875
    vertex 2.382788332775451 0 -47.20218324023012
    vertex 3.16258713486547 0 -43.10494115155976
  endloop
endfacet
facet normal 0 -1 0
  outer loop
    vertex 0.04529405508856499 0 -40.03839307747838
    vertex 3.16258713486547 0 -43.10494115155976
    vertex 3.942385936955488 0 -39.00769906288939
  endloop
endfacet
facet normal 0 -1 0
  outer loop
    vertex -11.75 0 -3
    vertex -10.25 0 -3
    vertex -11.75 0 -1.5
  endloop
endfacet
facet normal 0 -1 0
  outer loop
    vertex -10.25 0 -3
    vertex -10.25 0 -1.5
    vertex -11.75 0 -1.5
  endloop
endfacet
facet normal 0 -1 0
  outer loop
    vertex -10.25 0 -3
    vertex -8.75 0 -3
    vertex -10.25 0 -1.5
  endloop
endfacet
facet normal 0 -1 0
  outer loop
    vertex -11.75 0 -1.5
    vertex -10.25 0 -1.5
    vertex -11.75 0 0
  endloop
endfacet
facet normal 0 -1 -0
  outer loop
    vertex 11.75 0 0
    vertex 10.25 0 -1.5
    vertex 11.75 0 -1.5
  endloop
endfacet
facet normal 0 -1 0
  outer loop
    vertex 10.25 0 -1.5
    vertex 10.25 0 -3
    vertex 11.75 0 -1.5
  endloop
endfacet
facet normal 0 -1 -0
  outer loop
    vertex 10.25 0 -1.5
    vertex 8.75 0 -3
    vertex 10.25 0 -3
  endloop
endfacet
facet normal 0 -1 -0
  outer loop
    vertex 11.75 0 -1.5
    vertex 10.25 0 -3
    vertex 11.75 0 -3
  endloop
endfacet
facet normal 0 -1 -0
  outer loop
    vertex -2.935307939959054 0 -33.43184392932039
    vertex -3.393552883368706 0 -37.25046551069388
    vertex 0.5035389984982164 0 -36.21977149610489
  endloop
endfacet
facet normal 0 -1 0
  outer loop
    vertex -3.393552883368706 0 -37.25046551069388
    vertex 0.04529405508856499 0 -40.03839307747838
    vertex 0.5035389984982164 0 -36.21977149610489
  endloop
endfacet
facet normal 0 -1 -0
  outer loop
    vertex -3.393552883368706 0 -37.25046551069388
    vertex -3.851797826778359 0 -41.06908709206738
    vertex 0.04529405508856499 0 -40.03839307747838
  endloop
endfacet
facet normal 0 -1 -0
  outer loop
    vertex 0.5035389984982164 0 -36.21977149610489
    vertex 0.04529405508856499 0 -40.03839307747838
    vertex 3.942385936955488 0 -39.00769906288939
  endloop
endfacet
facet normal 0 -1 -0
  outer loop
    vertex 5.875000000000016 0 0
    vertex 4.792653473174566 0 -2.839939529666282
    vertex 7.312500000000008 0 -1.5
  endloop
endfacet
facet normal 0 -1 0
  outer loop
    vertex 4.792653473174566 0 -2.839939529666282
    vertex 6.230153473174557 0 -4.339939529666282
    vertex 7.312500000000008 0 -1.5
  endloop
endfacet
facet normal 0 -1 -0
  outer loop
    vertex 4.792653473174566 0 -2.839939529666282
    vertex 3.710306946349115 0 -5.679879059332563
    vertex 6.230153473174557 0 -4.339939529666282
  endloop
endfacet
facet normal 0 -1 -0
  outer loop
    vertex 7.312500000000008 0 -1.5
    vertex 6.230153473174557 0 -4.339939529666282
    vertex 8.75 0 -3
  endloop
endfacet
facet normal -3.86771e-16 -1 4.64136e-17
  outer loop
    vertex -8.75 1.071565949253934e-15 -35.71181940859125
    vertex -6.30089891338918 0 -38.39045325032932
    vertex -5.842653969979526 0 -34.57183166895582
  endloop
endfacet
facet normal 0 -1 0
  outer loop
    vertex -6.30089891338918 0 -38.39045325032932
    vertex -3.393552883368706 0 -37.25046551069388
    vertex -5.842653969979526 0 -34.57183166895582
  endloop
endfacet
facet normal 0 -1 0
  outer loop
    vertex -6.30089891338918 0 -38.39045325032932
    vertex -3.851797826778359 0 -41.06908709206738
    vertex -3.393552883368706 0 -37.25046551069388
  endloop
endfacet
facet normal 0 -1 0
  outer loop
    vertex -5.842653969979526 0 -34.57183166895582
    vertex -3.393552883368706 0 -37.25046551069388
    vertex -2.935307939959054 0 -33.43184392932039
  endloop
endfacet
facet normal 0 -1 -0
  outer loop
    vertex 3.942385936955488 0 -39.00769906288939
    vertex 3.16258713486547 0 -43.10494115155976
    vertex 6.346192968477745 0 -41.64793982714907
  endloop
endfacet
facet normal 0 -1 0
  outer loop
    vertex 3.16258713486547 0 -43.10494115155976
    vertex 5.566394166387726 0 -45.74518191581943
    vertex 6.346192968477745 0 -41.64793982714907
  endloop
endfacet
facet normal 0 -1 -0
  outer loop
    vertex 3.16258713486547 0 -43.10494115155976
    vertex 2.382788332775451 0 -47.20218324023012
    vertex 5.566394166387726 0 -45.74518191581943
  endloop
endfacet
facet normal 0 -1 -0
  outer loop
    vertex 6.346192968477745 0 -41.64793982714907
    vertex 5.566394166387726 0 -45.74518191581943
    vertex 8.75 0 -44.28818059140875
  endloop
endfacet
facet normal 0 -1 0
  outer loop
    vertex -3.595442862799644 0 -99.16810534498842
    vertex -0.09220269177222651 0 -98.82362311603366
    vertex -2.63982542480667 0 -96.27631937500554
  endloop
endfacet
facet normal 0 -1 0
  outer loop
    vertex -0.09220269177222651 0 -98.82362311603366
    vertex 0.8634147462207471 0 -95.93183714605078
    vertex -2.63982542480667 0 -96.27631937500554
  endloop
endfacet
facet normal 0 -1 0
  outer loop
    vertex -0.09220269177222651 0 -98.82362311603366
    vertex 3.411037479255191 0 -98.47914088707891
    vertex 0.8634147462207471 0 -95.93183714605078
  endloop
endfacet
facet normal 0 -1 0
  outer loop
    vertex -2.63982542480667 0 -96.27631937500554
    vertex 0.8634147462207471 0 -95.93183714605078
    vertex -1.684207986813696 0 -93.38453340502267
  endloop
endfacet
facet normal 0 -1 0
  outer loop
    vertex -1.684207986813696 0 -93.38453340502267
    vertex 0.8634147462207471 0 -95.93183714605078
    vertex 1.340906650173898 0 -93.42758188778157
  endloop
endfacet
facet normal 0 -1 0
  outer loop
    vertex 0.8634147462207471 0 -95.93183714605078
    vertex 3.888529383208342 0 -95.97488562880969
    vertex 1.340906650173898 0 -93.42758188778157
  endloop
endfacet
facet normal 0 -1 0
  outer loop
    vertex 0.8634147462207471 0 -95.93183714605078
    vertex 3.411037479255191 0 -98.47914088707891
    vertex 3.888529383208342 0 -95.97488562880969
  endloop
endfacet
facet normal 0 -1 0
  outer loop
    vertex 1.340906650173898 0 -93.42758188778157
    vertex 3.888529383208342 0 -95.97488562880969
    vertex 4.366021287161493 0 -93.47063037054048
  endloop
endfacet
facet normal 0 -1 0
  outer loop
    vertex 3.437281517476303 0 -104.8618508129623
    vertex 3.424159498365746 0 -101.6704958500206
    vertex -0.07908067266167063 0 -102.0149780789754
  endloop
endfacet
facet normal -0 -1 0
  outer loop
    vertex 3.424159498365746 0 -101.6704958500206
    vertex -0.09220269177222651 0 -98.82362311603366
    vertex -0.07908067266167063 0 -102.0149780789754
  endloop
endfacet
facet normal 0 -1 0
  outer loop
    vertex 3.424159498365746 0 -101.6704958500206
    vertex 3.411037479255191 0 -98.47914088707891
    vertex -0.09220269177222651 0 -98.82362311603366
  endloop
endfacet
facet normal 0 -1 0
  outer loop
    vertex -0.07908067266167063 0 -102.0149780789754
    vertex -0.09220269177222651 0 -98.82362311603366
    vertex -3.595442862799644 0 -99.16810534498842
  endloop
endfacet
facet normal 0 -1 0
  outer loop
    vertex -3.595442862799644 0 -99.16810534498842
    vertex -3.595442862799644 0 -102.1440902957043
    vertex -0.07908067266167063 0 -102.0149780789754
  endloop
endfacet
facet normal 0 -1 0
  outer loop
    vertex -3.595442862799644 0 -102.1440902957043
    vertex -0.07908067266166974 0 -104.9909630296913
    vertex -0.07908067266167063 0 -102.0149780789754
  endloop
endfacet
facet normal 0 -1 0
  outer loop
    vertex -3.595442862799644 0 -102.1440902957043
    vertex -3.595442862799644 0 -105.1200752464203
    vertex -0.07908067266166974 0 -104.9909630296913
  endloop
endfacet
facet normal 0 -1 0
  outer loop
    vertex -0.07908067266167063 0 -102.0149780789754
    vertex -0.07908067266166974 0 -104.9909630296913
    vertex 3.437281517476303 0 -104.8618508129623
  endloop
endfacet
facet normal 0 -1 0
  outer loop
    vertex -1.684207986813696 0 -93.38453340502267
    vertex 0.7809158597360257 0 -90.98445605875334
    vertex -2.334895808739272 0 -90.15025755775333
  endloop
endfacet
facet normal 0 -1 0
  outer loop
    vertex 0.7809158597360257 0 -90.98445605875334
    vertex 0.1302280378104497 0 -87.75018021148401
    vertex -2.334895808739272 0 -90.15025755775333
  endloop
endfacet
facet normal 0 -1 0
  outer loop
    vertex 0.7809158597360257 0 -90.98445605875334
    vertex 3.246039706285748 0 -88.58437871248401
    vertex 0.1302280378104497 0 -87.75018021148401
  endloop
endfacet
facet normal 0 -1 0
  outer loop
    vertex -2.334895808739272 0 -90.15025755775333
    vertex 0.1302280378104497 0 -87.75018021148401
    vertex -2.985583630664848 0 -86.915981710484
  endloop
endfacet
facet normal 0 -1 0
  outer loop
    vertex 4.366021287161493 0 -93.47063037054048
    vertex 3.80603049672362 0 -91.02750454151224
    vertex 1.340906650173898 0 -93.42758188778157
  endloop
endfacet
facet normal -0 -1 0
  outer loop
    vertex 3.80603049672362 0 -91.02750454151224
    vertex 0.7809158597360257 0 -90.98445605875334
    vertex 1.340906650173898 0 -93.42758188778157
  endloop
endfacet
facet normal 0 -1 0
  outer loop
    vertex 3.80603049672362 0 -91.02750454151224
    vertex 3.246039706285748 0 -88.58437871248401
    vertex 0.7809158597360257 0 -90.98445605875334
  endloop
endfacet
facet normal 0 -1 0
  outer loop
    vertex 1.340906650173898 0 -93.42758188778157
    vertex 0.7809158597360257 0 -90.98445605875334
    vertex -1.684207986813696 0 -93.38453340502267
  endloop
endfacet
facet normal 0 -1 0
  outer loop
    vertex -4.1195245969488 0 -47.40745165516187
    vertex -0.8683681320866743 0 -47.304817447696
    vertex -3.985661211863579 0 -44.23826937361463
  endloop
endfacet
facet normal 0 -1 0
  outer loop
    vertex -0.8683681320866743 0 -47.304817447696
    vertex -0.7345047470014539 0 -44.13563516614875
    vertex -3.985661211863579 0 -44.23826937361463
  endloop
endfacet
facet normal 0 -1 0
  outer loop
    vertex -0.8683681320866743 0 -47.304817447696
    vertex 2.382788332775451 0 -47.20218324023012
    vertex -0.7345047470014539 0 -44.13563516614875
  endloop
endfacet
facet normal 0 -1 0
  outer loop
    vertex -3.985661211863579 0 -44.23826937361463
    vertex -0.7345047470014539 0 -44.13563516614875
    vertex -3.851797826778359 0 -41.06908709206738
  endloop
endfacet
facet normal 0 -1 -0
  outer loop
    vertex 2.382788332775451 0 -47.20218324023012
    vertex -0.1907009238796444 0 -50.44956396103303
    vertex 2.959831759348008 0 -50.4587277383968
  endloop
endfacet
facet normal 0 -1 0
  outer loop
    vertex -0.1907009238796444 0 -50.44956396103303
    vertex 0.3863425026929121 0 -53.70610845919971
    vertex 2.959831759348008 0 -50.4587277383968
  endloop
endfacet
facet normal 0 -1 -0
  outer loop
    vertex -0.1907009238796444 0 -50.44956396103303
    vertex -2.76419018053474 0 -53.69694468183594
    vertex 0.3863425026929121 0 -53.70610845919971
  endloop
endfacet
facet normal 0 -1 -0
  outer loop
    vertex 2.959831759348008 0 -50.4587277383968
    vertex 0.3863425026929121 0 -53.70610845919971
    vertex 3.536875185920565 0 -53.71527223656349
  endloop
endfacet
facet normal 0 -1 0
  outer loop
    vertex -4.1195245969488 0 -47.40745165516187
    vertex -3.44185738874177 0 -50.5521981684989
    vertex -0.8683681320866743 0 -47.304817447696
  endloop
endfacet
facet normal 0 -1 0
  outer loop
    vertex -3.44185738874177 0 -50.5521981684989
    vertex -0.1907009238796444 0 -50.44956396103303
    vertex -0.8683681320866743 0 -47.304817447696
  endloop
endfacet
facet normal 0 -1 0
  outer loop
    vertex -3.44185738874177 0 -50.5521981684989
    vertex -2.76419018053474 0 -53.69694468183594
    vertex -0.1907009238796444 0 -50.44956396103303
  endloop
endfacet
facet normal 0 -1 0
  outer loop
    vertex -0.8683681320866743 0 -47.304817447696
    vertex -0.1907009238796444 0 -50.44956396103303
    vertex 2.382788332775451 0 -47.20218324023012
  endloop
endfacet
facet normal 0 -1 0
  outer loop
    vertex -3.084146677630239 0 -25.89827358601387
    vertex -3.009727308794647 0 -29.66505875766713
    vertex 0.07114554554196673 0 -29.02531623275781
  endloop
endfacet
facet normal 0 -1 0
  outer loop
    vertex -3.009727308794647 0 -29.66505875766713
    vertex 0.1455649143775588 0 -32.79210140441107
    vertex 0.07114554554196673 0 -29.02531623275781
  endloop
endfacet
facet normal 0 -1 0
  outer loop
    vertex -3.009727308794647 0 -29.66505875766713
    vertex -2.935307939959054 0 -33.43184392932039
    vertex 0.1455649143775588 0 -32.79210140441107
  endloop
endfacet
facet normal 0 -1 0
  outer loop
    vertex 0.07114554554196673 0 -29.02531623275781
    vertex 0.1455649143775588 0 -32.79210140441107
    vertex 3.226437768714173 0 -32.15235887950176
  endloop
endfacet
facet normal 0 -1 0
  outer loop
    vertex 3.226437768714173 0 -32.15235887950176
    vertex 3.685862661228504 0 -28.99648837393478
    vertex 0.07114554554196673 0 -29.02531623275781
  endloop
endfacet
facet normal -0 -1 0
  outer loop
    vertex 3.685862661228504 0 -28.99648837393478
    vertex 0.5305704380562979 0 -25.86944572719084
    vertex 0.07114554554196673 0 -29.02531623275781
  endloop
endfacet
facet normal 0 -1 0
  outer loop
    vertex 3.685862661228504 0 -28.99648837393478
    vertex 4.145287553742834 0 -25.84061786836781
    vertex 0.5305704380562979 0 -25.86944572719084
  endloop
endfacet
facet normal 0 -1 0
  outer loop
    vertex 0.07114554554196673 0 -29.02531623275781
    vertex 0.5305704380562979 0 -25.86944572719084
    vertex -3.084146677630239 0 -25.89827358601387
  endloop
endfacet
facet normal 0 -1 -0
  outer loop
    vertex 3.226437768714173 0 -32.15235887950176
    vertex 0.1455649143775588 0 -32.79210140441107
    vertex 3.584411852834831 0 -35.58002897119557
  endloop
endfacet
facet normal 0 -1 0
  outer loop
    vertex 0.1455649143775588 0 -32.79210140441107
    vertex 0.5035389984982164 0 -36.21977149610489
    vertex 3.584411852834831 0 -35.58002897119557
  endloop
endfacet
facet normal 0 -1 -0
  outer loop
    vertex 0.1455649143775588 0 -32.79210140441107
    vertex -2.935307939959054 0 -33.43184392932039
    vertex 0.5035389984982164 0 -36.21977149610489
  endloop
endfacet
facet normal 0 -1 -0
  outer loop
    vertex 3.584411852834831 0 -35.58002897119557
    vertex 0.5035389984982164 0 -36.21977149610489
    vertex 3.942385936955488 0 -39.00769906288939
  endloop
endfacet
facet normal 0 -1 0
  outer loop
    vertex -3.307266100994633 0 -60
    vertex -3.130027564841832 0 -63.4767842369958
    vertex -0.07682316675798262 0 -62.83563145542939
  endloop
endfacet
facet normal 0 -1 0
  outer loop
    vertex -3.130027564841832 0 -63.4767842369958
    vertex 0.1004153693948187 0 -66.31241569242519
    vertex -0.07682316675798262 0 -62.83563145542939
  endloop
endfacet
facet normal 0 -1 0
  outer loop
    vertex -3.130027564841832 0 -63.4767842369958
    vertex -2.952789028689031 0 -66.9535684739916
    vertex 0.1004153693948187 0 -66.31241569242519
  endloop
endfacet
facet normal 0 -1 0
  outer loop
    vertex -0.07682316675798262 0 -62.83563145542939
    vertex 0.1004153693948187 0 -66.31241569242519
    vertex 3.153619767478669 0 -65.67126291085877
  endloop
endfacet
facet normal 0 -1 0
  outer loop
    vertex -2.76419018053474 0 -53.69694468183594
    vertex 0.2191643592187118 0 -56.63842253009612
    vertex 0.3863425026929121 0 -53.70610845919971
  endloop
endfacet
facet normal 0 -1 0
  outer loop
    vertex 0.2191643592187118 0 -56.63842253009612
    vertex 3.369697042446365 0 -56.6475863074599
    vertex 0.3863425026929121 0 -53.70610845919971
  endloop
endfacet
facet normal 0 -1 0
  outer loop
    vertex 0.2191643592187118 0 -56.63842253009612
    vertex 3.202518898972164 0 -59.5799003783563
    vertex 3.369697042446365 0 -56.6475863074599
  endloop
endfacet
facet normal 0 -1 0
  outer loop
    vertex 0.3863425026929121 0 -53.70610845919971
    vertex 3.369697042446365 0 -56.6475863074599
    vertex 3.536875185920565 0 -53.71527223656349
  endloop
endfacet
facet normal 0 -1 0
  outer loop
    vertex 3.153619767478669 0 -65.67126291085877
    vertex 3.178069333225416 0 -62.62558164460754
    vertex -0.07682316675798262 0 -62.83563145542939
  endloop
endfacet
facet normal -0 -1 0
  outer loop
    vertex 3.178069333225416 0 -62.62558164460754
    vertex -0.05237360101123478 0 -59.78995018917815
    vertex -0.07682316675798262 0 -62.83563145542939
  endloop
endfacet
facet normal 0 -1 0
  outer loop
    vertex 3.178069333225416 0 -62.62558164460754
    vertex 3.202518898972164 0 -59.5799003783563
    vertex -0.05237360101123478 0 -59.78995018917815
  endloop
endfacet
facet normal 0 -1 0
  outer loop
    vertex -0.07682316675798262 0 -62.83563145542939
    vertex -0.05237360101123478 0 -59.78995018917815
    vertex -3.307266100994633 0 -60
  endloop
endfacet
facet normal 0 -1 0
  outer loop
    vertex -3.307266100994633 0 -60
    vertex -0.05237360101123478 0 -59.78995018917815
    vertex -3.035728140764686 0 -56.84847234091797
  endloop
endfacet
facet normal 0 -1 0
  outer loop
    vertex -0.05237360101123478 0 -59.78995018917815
    vertex 0.2191643592187118 0 -56.63842253009612
    vertex -3.035728140764686 0 -56.84847234091797
  endloop
endfacet
facet normal 0 -1 0
  outer loop
    vertex -0.05237360101123478 0 -59.78995018917815
    vertex 3.202518898972164 0 -59.5799003783563
    vertex 0.2191643592187118 0 -56.63842253009612
  endloop
endfacet
facet normal 0 -1 0
  outer loop
    vertex -3.035728140764686 0 -56.84847234091797
    vertex 0.2191643592187118 0 -56.63842253009612
    vertex -2.76419018053474 0 -53.69694468183594
  endloop
endfacet
facet normal -4.03353e-16 -1 6.77177e-17
  outer loop
    vertex -8.75 1.071565949253934e-15 -75.71181940859125
    vertex -6.469527495006849 0 -77.95244081378011
    vertex -5.903162344949724 0 -74.57894644807294
  endloop
endfacet
facet normal 0 -1 0
  outer loop
    vertex -6.469527495006849 0 -77.95244081378011
    vertex -3.622689839956571 0 -76.8195678532618
    vertex -5.903162344949724 0 -74.57894644807294
  endloop
endfacet
facet normal 0 -1 0
  outer loop
    vertex -6.469527495006849 0 -77.95244081378011
    vertex -4.189054990013698 0 -80.19306221896898
    vertex -3.622689839956571 0 -76.8195678532618
  endloop
endfacet
facet normal 0 -1 0
  outer loop
    vertex -5.903162344949724 0 -74.57894644807294
    vertex -3.622689839956571 0 -76.8195678532618
    vertex -3.056324689899446 0 -73.44607348755463
  endloop
endfacet
facet normal 0 -1 0
  outer loop
    vertex -3.056324689899446 0 -73.44607348755463
    vertex 0.2544441297073448 0 -72.50097118864934
    vertex -3.004556859294238 0 -70.19982098077311
  endloop
endfacet
facet normal 0 -1 0
  outer loop
    vertex 0.2544441297073448 0 -72.50097118864934
    vertex 0.3062119603125524 0 -69.25471868186784
    vertex -3.004556859294238 0 -70.19982098077311
  endloop
endfacet
facet normal 0 -1 0
  outer loop
    vertex 0.2544441297073448 0 -72.50097118864934
    vertex 3.565212949314136 0 -71.55586888974408
    vertex 0.3062119603125524 0 -69.25471868186784
  endloop
endfacet
facet normal 0 -1 0
  outer loop
    vertex -3.004556859294238 0 -70.19982098077311
    vertex 0.3062119603125524 0 -69.25471868186784
    vertex -2.952789028689031 0 -66.9535684739916
  endloop
endfacet
facet normal 0 -1 0
  outer loop
    vertex 3.084146677630239 0 -19.35590970429564
    vertex 3.302973916337163 0 -15.68675063445642
    vertex 5.329070518200751e-15 0 -16.08472776343651
  endloop
endfacet
facet normal -0 -1 0
  outer loop
    vertex 3.302973916337163 0 -15.68675063445642
    vertex 0.2188272387069299 0 -12.41556869359729
    vertex 5.329070518200751e-15 0 -16.08472776343651
  endloop
endfacet
facet normal 0 -1 0
  outer loop
    vertex 3.302973916337163 0 -15.68675063445642
    vertex 3.521801155044088 0 -12.01759156461718
    vertex 0.2188272387069299 0 -12.41556869359729
  endloop
endfacet
facet normal 0 -1 0
  outer loop
    vertex 5.329070518200751e-15 0 -16.08472776343651
    vertex 0.2188272387069299 0 -12.41556869359729
    vertex -3.084146677630228 0 -12.81354582257739
  endloop
endfacet
facet normal 0 -1 -0
  outer loop
    vertex -3.084146677630228 0 -12.81354582257739
    vertex -3.481660235298985 0 -16.08472776343651
    vertex 5.329070518200751e-15 0 -16.08472776343651
  endloop
endfacet
facet normal 0 -1 0
  outer loop
    vertex -3.481660235298985 0 -16.08472776343651
    vertex -0.3975135576687512 0 -19.35590970429564
    vertex 5.329070518200751e-15 0 -16.08472776343651
  endloop
endfacet
facet normal 0 -1 -0
  outer loop
    vertex -3.481660235298985 0 -16.08472776343651
    vertex -3.879173792967741 0 -19.35590970429563
    vertex -0.3975135576687512 0 -19.35590970429564
  endloop
endfacet
facet normal 0 -1 -0
  outer loop
    vertex 5.329070518200751e-15 0 -16.08472776343651
    vertex -0.3975135576687512 0 -19.35590970429564
    vertex 3.084146677630239 0 -19.35590970429564
  endloop
endfacet
facet normal -0 -1 0
  outer loop
    vertex 3.084146677630239 0 -19.35590970429564
    vertex -0.3975135576687512 0 -19.35590970429564
    vertex 0 0 -22.62709164515476
  endloop
endfacet
facet normal 0 -1 -0
  outer loop
    vertex -0.3975135576687512 0 -19.35590970429564
    vertex -3.481660235298989 0 -22.62709164515475
    vertex 0 0 -22.62709164515476
  endloop
endfacet
facet normal -0 -1 0
  outer loop
    vertex -0.3975135576687512 0 -19.35590970429564
    vertex -3.879173792967741 0 -19.35590970429563
    vertex -3.481660235298989 0 -22.62709164515475
  endloop
endfacet
facet normal -0 -1 0
  outer loop
    vertex 0 0 -22.62709164515476
    vertex -3.481660235298989 0 -22.62709164515475
    vertex -3.084146677630239 0 -25.89827358601387
  endloop
endfacet
facet normal 0 -1 0
  outer loop
    vertex -3.084146677630239 0 -25.89827358601387
    vertex 0.5305704380562979 0 -25.86944572719084
    vertex 0 0 -22.62709164515476
  endloop
endfacet
facet normal 0 -1 0
  outer loop
    vertex 0.5305704380562979 0 -25.86944572719084
    vertex 3.614717115686537 0 -22.59826378633173
    vertex 0 0 -22.62709164515476
  endloop
endfacet
facet normal 0 -1 0
  outer loop
    vertex 0.5305704380562979 0 -25.86944572719084
    vertex 4.145287553742834 0 -25.84061786836781
    vertex 3.614717115686537 0 -22.59826378633173
  endloop
endfacet
facet normal 0 -1 0
  outer loop
    vertex 0 0 -22.62709164515476
    vertex 3.614717115686537 0 -22.59826378633173
    vertex 3.084146677630239 0 -19.35590970429564
  endloop
endfacet
facet normal 0 -1 0
  outer loop
    vertex -2.952789028689031 0 -66.9535684739916
    vertex 0.3062119603125524 0 -69.25471868186784
    vertex 0.1004153693948187 0 -66.31241569242519
  endloop
endfacet
facet normal 0 -1 0
  outer loop
    vertex 0.3062119603125524 0 -69.25471868186784
    vertex 3.359416358396402 0 -68.61356590030142
    vertex 0.1004153693948187 0 -66.31241569242519
  endloop
endfacet
facet normal 0 -1 0
  outer loop
    vertex 0.3062119603125524 0 -69.25471868186784
    vertex 3.565212949314136 0 -71.55586888974408
    vertex 3.359416358396402 0 -68.61356590030142
  endloop
endfacet
facet normal 0 -1 0
  outer loop
    vertex 0.1004153693948187 0 -66.31241569242519
    vertex 3.359416358396402 0 -68.61356590030142
    vertex 3.153619767478669 0 -65.67126291085877
  endloop
endfacet
facet normal 0 -1 0
  outer loop
    vertex -8.75 0 -3
    vertex -5.785617434644795 0 -3.559236243207543
    vertex -7.312499999999986 0 -1.5
  endloop
endfacet
facet normal 0 -1 0
  outer loop
    vertex -5.785617434644795 0 -3.559236243207543
    vertex -4.348117434644781 0 -2.059236243207543
    vertex -7.312499999999986 0 -1.5
  endloop
endfacet
facet normal 0 -1 0
  outer loop
    vertex -5.785617434644795 0 -3.559236243207543
    vertex -2.82123486928959 0 -4.118472486415087
    vertex -4.348117434644781 0 -2.059236243207543
  endloop
endfacet
facet normal 0 -1 0
  outer loop
    vertex -7.312499999999986 0 -1.5
    vertex -4.348117434644781 0 -2.059236243207543
    vertex -5.874999999999972 0 0
  endloop
endfacet
facet normal 0 -1 0
  outer loop
    vertex -9.796799995726555 0 -40.20607052397298
    vertex -6.824298911252457 0 -40.63757880802018
    vertex -9.273399997863278 0 -37.95894496628212
  endloop
endfacet
facet normal 0 -1 0
  outer loop
    vertex -6.824298911252457 0 -40.63757880802018
    vertex -6.30089891338918 0 -38.39045325032932
    vertex -9.273399997863278 0 -37.95894496628212
  endloop
endfacet
facet normal 0 -1 0
  outer loop
    vertex -6.824298911252457 0 -40.63757880802018
    vertex -3.851797826778359 0 -41.06908709206738
    vertex -6.30089891338918 0 -38.39045325032932
  endloop
endfacet
facet normal 6.69602e-17 -1 4.61264e-16
  outer loop
    vertex -9.273399997863278 0 -37.95894496628212
    vertex -6.30089891338918 0 -38.39045325032932
    vertex -8.75 1.071565949253934e-15 -35.71181940859125
  endloop
endfacet
facet normal 0 -1 0
  outer loop
    vertex -8.75 0 -9.542363881718257
    vertex -6.790920388575792 0 -8.549461834022871
    vertex -8.75 0 -6.271181940859129
  endloop
endfacet
facet normal 0 -1 0
  outer loop
    vertex -6.790920388575792 0 -8.549461834022871
    vertex -6.790920388575792 0 -5.278279893163742
    vertex -8.75 0 -6.271181940859129
  endloop
endfacet
facet normal 0 -1 0
  outer loop
    vertex -6.790920388575792 0 -8.549461834022871
    vertex -4.831840777151582 0 -7.556559786327483
    vertex -6.790920388575792 0 -5.278279893163742
  endloop
endfacet
facet normal 0 -1 0
  outer loop
    vertex -8.75 0 -6.271181940859129
    vertex -6.790920388575792 0 -5.278279893163742
    vertex -8.75 0 -3
  endloop
endfacet
facet normal 0 -1 0
  outer loop
    vertex -2.82123486928959 0 -4.118472486415087
    vertex 0.4445360385297628 0 -4.899175772873825
    vertex -1.410617434644776 0 -2.059236243207543
  endloop
endfacet
facet normal 0 -1 0
  outer loop
    vertex 0.4445360385297628 0 -4.899175772873825
    vertex 1.855153473174576 0 -2.839939529666282
    vertex -1.410617434644776 0 -2.059236243207543
  endloop
endfacet
facet normal 0 -1 0
  outer loop
    vertex 0.4445360385297628 0 -4.899175772873825
    vertex 3.710306946349115 0 -5.679879059332563
    vertex 1.855153473174576 0 -2.839939529666282
  endloop
endfacet
facet normal 0 -1 0
  outer loop
    vertex -1.410617434644776 0 -2.059236243207543
    vertex 1.855153473174576 0 -2.839939529666282
    vertex 3.730349362740526e-14 0 0
  endloop
endfacet
facet normal 0 -1 0
  outer loop
    vertex -4.189054990013698 0 -80.19306221896898
    vertex -1.097590581376744 0 -78.44342167469449
    vertex -3.622689839956571 0 -76.8195678532618
  endloop
endfacet
facet normal 0 -1 0
  outer loop
    vertex -1.097590581376744 0 -78.44342167469449
    vertex -0.5312254313196183 0 -75.06992730898733
    vertex -3.622689839956571 0 -76.8195678532618
  endloop
endfacet
facet normal 0 -1 0
  outer loop
    vertex -1.097590581376744 0 -78.44342167469449
    vertex 1.993873827260209 0 -76.69378113042002
    vertex -0.5312254313196183 0 -75.06992730898733
  endloop
endfacet
facet normal 0 -1 0
  outer loop
    vertex -3.622689839956571 0 -76.8195678532618
    vertex -0.5312254313196183 0 -75.06992730898733
    vertex -3.056324689899446 0 -73.44607348755463
  endloop
endfacet
facet normal 0 -1 -0
  outer loop
    vertex 8.75 0 -3
    vertex 6.230153473174557 0 -4.339939529666282
    vertex 8.75 0 -6.271181940859144
  endloop
endfacet
facet normal 0 -1 0
  outer loop
    vertex 6.230153473174557 0 -4.339939529666282
    vertex 6.230153473174557 0 -7.611121470525426
    vertex 8.75 0 -6.271181940859144
  endloop
endfacet
facet normal 0 -1 -0
  outer loop
    vertex 6.230153473174557 0 -4.339939529666282
    vertex 3.710306946349115 0 -5.679879059332563
    vertex 6.230153473174557 0 -7.611121470525426
  endloop
endfacet
facet normal 0 -1 -0
  outer loop
    vertex 8.75 0 -6.271181940859144
    vertex 6.230153473174557 0 -7.611121470525426
    vertex 8.75 0 -9.542363881718291
  endloop
endfacet
facet normal -7.91602e-17 -1 -5.45305e-16
  outer loop
    vertex -8.75 1.071565949253934e-15 -44.28818059140875
    vertex -6.30089891338918 0 -42.67863384173806
    vertex -9.273399997863278 0 -42.24712555769086
  endloop
endfacet
facet normal 0 -1 0
  outer loop
    vertex -6.30089891338918 0 -42.67863384173806
    vertex -6.824298911252457 0 -40.63757880802018
    vertex -9.273399997863278 0 -42.24712555769086
  endloop
endfacet
facet normal 0 -1 0
  outer loop
    vertex -6.30089891338918 0 -42.67863384173806
    vertex -3.851797826778359 0 -41.06908709206738
    vertex -6.824298911252457 0 -40.63757880802018
  endloop
endfacet
facet normal 0 -1 0
  outer loop
    vertex -9.273399997863278 0 -42.24712555769086
    vertex -6.824298911252457 0 -40.63757880802018
    vertex -9.796799995726555 0 -40.20607052397298
  endloop
endfacet
facet normal 0 -1 0
  outer loop
    vertex 8.75 0 -44.28818059140875
    vertex 9.343936722360848 0 -42.04486020199331
    vertex 6.346192968477745 0 -41.64793982714907
  endloop
endfacet
facet normal 0 -1 0
  outer loop
    vertex 9.343936722360848 0 -42.04486020199331
    vertex 6.940129690838591 0 -39.40461943773364
    vertex 6.346192968477745 0 -41.64793982714907
  endloop
endfacet
facet normal 0 -1 0
  outer loop
    vertex 9.343936722360848 0 -42.04486020199331
    vertex 9.937873444721694 0 -39.80153981257788
    vertex 6.940129690838591 0 -39.40461943773364
  endloop
endfacet
facet normal 0 -1 0
  outer loop
    vertex 6.346192968477745 0 -41.64793982714907
    vertex 6.940129690838591 0 -39.40461943773364
    vertex 3.942385936955488 0 -39.00769906288939
  endloop
endfacet
facet normal 0 -1 0
  outer loop
    vertex -4.189054990013698 0 -80.19306221896898
    vertex -0.9545232109910806 0 -81.69992896178829
    vertex -1.097590581376744 0 -78.44342167469449
  endloop
endfacet
facet normal 0 -1 0
  outer loop
    vertex -0.9545232109910806 0 -81.69992896178829
    vertex 2.136941197645873 0 -79.9502884175138
    vertex -1.097590581376744 0 -78.44342167469449
  endloop
endfacet
facet normal 0 -1 0
  outer loop
    vertex -0.9545232109910806 0 -81.69992896178829
    vertex 2.280008568031536 0 -83.2067957046076
    vertex 2.136941197645873 0 -79.9502884175138
  endloop
endfacet
facet normal 0 -1 0
  outer loop
    vertex -1.097590581376744 0 -78.44342167469449
    vertex 2.136941197645873 0 -79.9502884175138
    vertex 1.993873827260209 0 -76.69378113042002
  endloop
endfacet
facet normal 0 -1 0
  outer loop
    vertex 0 0 -115.5965870038067
    vertex 1.505605549800677 0 -113.2090314897949
    vertex -1.797780466537223 0 -113.602502965016
  endloop
endfacet
facet normal -0 -1 0
  outer loop
    vertex 1.505605549800677 0 -113.2090314897949
    vertex -0.2921749167365455 0 -111.2149474510041
    vertex -1.797780466537223 0 -113.602502965016
  endloop
endfacet
facet normal 0 -1 0
  outer loop
    vertex 1.505605549800677 0 -113.2090314897949
    vertex 3.011211099601353 0 -110.821475975783
    vertex -0.2921749167365455 0 -111.2149474510041
  endloop
endfacet
facet normal 0 -1 0
  outer loop
    vertex -1.797780466537223 0 -113.602502965016
    vertex -0.2921749167365455 0 -111.2149474510041
    vertex -3.595560933074445 0 -111.6084189262253
  endloop
endfacet
facet normal 0 -1 0
  outer loop
    vertex -2.985583630664848 0 -86.915981710484
    vertex 0.1302280378104497 0 -87.75018021148401
    vertex -0.3527875313166557 0 -85.0613887075458
  endloop
endfacet
facet normal 0 -1 0
  outer loop
    vertex 0.1302280378104497 0 -87.75018021148401
    vertex 2.763024137158642 0 -85.89558720854581
    vertex -0.3527875313166557 0 -85.0613887075458
  endloop
endfacet
facet normal 0 -1 0
  outer loop
    vertex 0.1302280378104497 0 -87.75018021148401
    vertex 3.246039706285748 0 -88.58437871248401
    vertex 2.763024137158642 0 -85.89558720854581
  endloop
endfacet
facet normal 0 -1 0
  outer loop
    vertex -0.3527875313166557 0 -85.0613887075458
    vertex 2.763024137158642 0 -85.89558720854581
    vertex 2.280008568031536 0 -83.2067957046076
  endloop
endfacet
facet normal 1.30944e-17 -1 4.91572e-16
  outer loop
    vertex -8.75 1.071565949253934e-15 -75.71181940859125
    vertex -9.368603627666667 0 -77.87521592619252
    vertex -6.469527495006849 0 -77.95244081378011
  endloop
endfacet
facet normal 0 -1 0
  outer loop
    vertex -9.368603627666667 0 -77.87521592619252
    vertex -7.088131122673516 0 -80.11583733138139
    vertex -6.469527495006849 0 -77.95244081378011
  endloop
endfacet
facet normal 0 -1 -0
  outer loop
    vertex -9.368603627666667 0 -77.87521592619252
    vertex -9.987207255333335 0 -80.0386124437938
    vertex -7.088131122673516 0 -80.11583733138139
  endloop
endfacet
facet normal 0 -1 -0
  outer loop
    vertex -6.469527495006849 0 -77.95244081378011
    vertex -7.088131122673516 0 -80.11583733138139
    vertex -4.189054990013698 0 -80.19306221896898
  endloop
endfacet
facet normal 0 -1 -0
  outer loop
    vertex 8.75 0 -29.169455526873
    vertex 5.988218884357087 0 -30.66090720318738
    vertex 8.75 0 -32.44063746773213
  endloop
endfacet
facet normal 0 -1 0
  outer loop
    vertex 5.988218884357087 0 -30.66090720318738
    vertex 5.988218884357087 0 -33.9320891440465
    vertex 8.75 0 -32.44063746773213
  endloop
endfacet
facet normal 0 -1 -0
  outer loop
    vertex 5.988218884357087 0 -30.66090720318738
    vertex 3.226437768714173 0 -32.15235887950176
    vertex 5.988218884357087 0 -33.9320891440465
  endloop
endfacet
facet normal 0 -1 -0
  outer loop
    vertex 8.75 0 -32.44063746773213
    vertex 5.988218884357087 0 -33.9320891440465
    vertex 8.75 0 -35.71181940859125
  endloop
endfacet
facet normal -2.40127e-16 -1 -3.27578e-16
  outer loop
    vertex -8.75 1.071565949253934e-15 -35.71181940859125
    vertex -5.842653969979526 0 -34.57183166895582
    vertex -8.75 0 -32.44063746773212
  endloop
endfacet
facet normal 0 -1 0
  outer loop
    vertex -5.842653969979526 0 -34.57183166895582
    vertex -5.842653969979526 0 -31.30064972809669
    vertex -8.75 0 -32.44063746773212
  endloop
endfacet
facet normal 0 -1 0
  outer loop
    vertex -5.842653969979526 0 -34.57183166895582
    vertex -2.935307939959054 0 -33.43184392932039
    vertex -5.842653969979526 0 -31.30064972809669
  endloop
endfacet
facet normal 0 -1 0
  outer loop
    vertex -8.75 0 -32.44063746773212
    vertex -5.842653969979526 0 -31.30064972809669
    vertex -8.75 0 -29.16945552687299
  endloop
endfacet
facet normal 0 -1 0
  outer loop
    vertex -8.75 0 -16.0847277634365
    vertex -5.917073338815115 0 -14.44913679300694
    vertex -8.75 0 -12.81354582257738
  endloop
endfacet
facet normal 0 -1 0
  outer loop
    vertex -5.917073338815115 0 -14.44913679300694
    vertex -5.917073338815115 0 -11.17795485214782
    vertex -8.75 0 -12.81354582257738
  endloop
endfacet
facet normal 0 -1 0
  outer loop
    vertex -5.917073338815115 0 -14.44913679300694
    vertex -3.084146677630228 0 -12.81354582257739
    vertex -5.917073338815115 0 -11.17795485214782
  endloop
endfacet
facet normal 0 -1 0
  outer loop
    vertex -8.75 0 -12.81354582257738
    vertex -5.917073338815115 0 -11.17795485214782
    vertex -8.75 0 -9.542363881718257
  endloop
endfacet
facet normal 0 -1 -0
  outer loop
    vertex 8.75 0 -16.08472776343652
    vertex 5.917073338815119 0 -17.72031873386608
    vertex 8.75 0 -19.35590970429564
  endloop
endfacet
facet normal 0 -1 0
  outer loop
    vertex 5.917073338815119 0 -17.72031873386608
    vertex 5.917073338815119 0 -20.9915006747252
    vertex 8.75 0 -19.35590970429564
  endloop
endfacet
facet normal 0 -1 -0
  outer loop
    vertex 5.917073338815119 0 -17.72031873386608
    vertex 3.084146677630239 0 -19.35590970429564
    vertex 5.917073338815119 0 -20.9915006747252
  endloop
endfacet
facet normal 0 -1 -0
  outer loop
    vertex 8.75 0 -19.35590970429564
    vertex 5.917073338815119 0 -20.9915006747252
    vertex 8.75 0 -22.62709164515476
  endloop
endfacet
facet normal 0 -1 0
  outer loop
    vertex -8.75 0 -29.16945552687299
    vertex -5.917073338815118 0 -27.53386455644343
    vertex -8.75 0 -25.89827358601387
  endloop
endfacet
facet normal 0 -1 0
  outer loop
    vertex -5.917073338815118 0 -27.53386455644343
    vertex -5.917073338815118 0 -24.26268261558431
    vertex -8.75 0 -25.89827358601387
  endloop
endfacet
facet normal 0 -1 0
  outer loop
    vertex -5.917073338815118 0 -27.53386455644343
    vertex -3.084146677630239 0 -25.89827358601387
    vertex -5.917073338815118 0 -24.26268261558431
  endloop
endfacet
facet normal 0 -1 0
  outer loop
    vertex -8.75 0 -25.89827358601387
    vertex -5.917073338815118 0 -24.26268261558431
    vertex -8.75 0 -22.62709164515475
  endloop
endfacet
facet normal -2.40705e-16 -1 -3.41006e-16
  outer loop
    vertex -8.75 1.071565949253934e-15 -75.71181940859125
    vertex -5.903162344949724 0 -74.57894644807294
    vertex -8.75 0 -72.569455526873
  endloop
endfacet
facet normal 0 -1 0
  outer loop
    vertex -5.903162344949724 0 -74.57894644807294
    vertex -5.903162344949724 0 -71.43658256635469
    vertex -8.75 0 -72.569455526873
  endloop
endfacet
facet normal 0 -1 0
  outer loop
    vertex -5.903162344949724 0 -74.57894644807294
    vertex -3.056324689899446 0 -73.44607348755463
    vertex -5.903162344949724 0 -71.43658256635469
  endloop
endfacet
facet normal 0 -1 0
  outer loop
    vertex -8.75 0 -72.569455526873
    vertex -5.903162344949724 0 -71.43658256635469
    vertex -8.75 0 -69.42709164515475
  endloop
endfacet
facet normal 0 -1 -0
  outer loop
    vertex 8.75 0 -44.28818059140875
    vertex 5.566394166387726 0 -45.74518191581943
    vertex 8.75 0 -47.43054447312699
  endloop
endfacet
facet normal 0 -1 0
  outer loop
    vertex 5.566394166387726 0 -45.74518191581943
    vertex 5.566394166387726 0 -48.88754579753768
    vertex 8.75 0 -47.43054447312699
  endloop
endfacet
facet normal 0 -1 -0
  outer loop
    vertex 5.566394166387726 0 -45.74518191581943
    vertex 2.382788332775451 0 -47.20218324023012
    vertex 5.566394166387726 0 -48.88754579753768
  endloop
endfacet
facet normal 0 -1 -0
  outer loop
    vertex 8.75 0 -47.43054447312699
    vertex 5.566394166387726 0 -48.88754579753768
    vertex 8.75 0 -50.57290835484524
  endloop
endfacet
facet normal 0 -1 0
  outer loop
    vertex -8.75 0 -50.57290835484524
    vertex -6.4347622984744 0 -48.99018000500355
    vertex -8.75 0 -47.43054447312699
  endloop
endfacet
facet normal 0 -1 0
  outer loop
    vertex -6.4347622984744 0 -48.99018000500355
    vertex -6.4347622984744 0 -45.84781612328531
    vertex -8.75 0 -47.43054447312699
  endloop
endfacet
facet normal 0 -1 0
  outer loop
    vertex -6.4347622984744 0 -48.99018000500355
    vertex -4.1195245969488 0 -47.40745165516187
    vertex -6.4347622984744 0 -45.84781612328531
  endloop
endfacet
facet normal -2.33117e-16 -1 3.41006e-16
  outer loop
    vertex -8.75 0 -47.43054447312699
    vertex -6.4347622984744 0 -45.84781612328531
    vertex -8.75 1.071565949253934e-15 -44.28818059140875
  endloop
endfacet
facet normal 0 -1 0
  outer loop
    vertex -5.874999999999972 0 0
    vertex -4.348117434644781 0 -2.059236243207543
    vertex -2.937499999999966 0 0
  endloop
endfacet
facet normal 0 -1 0
  outer loop
    vertex -4.348117434644781 0 -2.059236243207543
    vertex -1.410617434644776 0 -2.059236243207543
    vertex -2.937499999999966 0 0
  endloop
endfacet
facet normal 0 -1 0
  outer loop
    vertex -4.348117434644781 0 -2.059236243207543
    vertex -2.82123486928959 0 -4.118472486415087
    vertex -1.410617434644776 0 -2.059236243207543
  endloop
endfacet
facet normal 0 -1 0
  outer loop
    vertex -2.937499999999966 0 0
    vertex -1.410617434644776 0 -2.059236243207543
    vertex 3.730349362740526e-14 0 0
  endloop
endfacet
facet normal 0 -1 0
  outer loop
    vertex -8.75 0 -56.85763611828174
    vertex -5.75709509026737 0 -55.27729040005884
    vertex -8.75 0 -53.71527223656349
  endloop
endfacet
facet normal 0 -1 0
  outer loop
    vertex -5.75709509026737 0 -55.27729040005884
    vertex -5.75709509026737 0 -52.13492651834059
    vertex -8.75 0 -53.71527223656349
  endloop
endfacet
facet normal 0 -1 0
  outer loop
    vertex -5.75709509026737 0 -55.27729040005884
    vertex -2.76419018053474 0 -53.69694468183594
    vertex -5.75709509026737 0 -52.13492651834059
  endloop
endfacet
facet normal 0 -1 0
  outer loop
    vertex -8.75 0 -53.71527223656349
    vertex -5.75709509026737 0 -52.13492651834059
    vertex -8.75 0 -50.57290835484524
  endloop
endfacet
facet normal 0 -1 -0
  outer loop
    vertex 8.75 0 -50.57290835484524
    vertex 6.143437592960282 0 -52.14409029570437
    vertex 8.75 0 -53.71527223656349
  endloop
endfacet
facet normal 0 -1 0
  outer loop
    vertex 6.143437592960282 0 -52.14409029570437
    vertex 6.143437592960282 0 -55.28645417742261
    vertex 8.75 0 -53.71527223656349
  endloop
endfacet
facet normal 0 -1 -0
  outer loop
    vertex 6.143437592960282 0 -52.14409029570437
    vertex 3.536875185920565 0 -53.71527223656349
    vertex 6.143437592960282 0 -55.28645417742261
  endloop
endfacet
facet normal 0 -1 -0
  outer loop
    vertex 8.75 0 -53.71527223656349
    vertex 6.143437592960282 0 -55.28645417742261
    vertex 8.75 0 -56.85763611828174
  endloop
endfacet
facet normal 0 -1 0
  outer loop
    vertex -8.75 0 -63.14236388171825
    vertex -6.028633050497316 0 -61.57118194085912
    vertex -8.75 0 -59.99999999999999
  endloop
endfacet
facet normal 0 -1 0
  outer loop
    vertex -6.028633050497316 0 -61.57118194085912
    vertex -6.028633050497316 0 -58.42881805914087
    vertex -8.75 0 -59.99999999999999
  endloop
endfacet
facet normal 0 -1 0
  outer loop
    vertex -6.028633050497316 0 -61.57118194085912
    vertex -3.307266100994633 0 -60
    vertex -6.028633050497316 0 -58.42881805914087
  endloop
endfacet
facet normal 0 -1 0
  outer loop
    vertex -8.75 0 -59.99999999999999
    vertex -6.028633050497316 0 -58.42881805914087
    vertex -8.75 0 -56.85763611828174
  endloop
endfacet
facet normal 0 -1 -0
  outer loop
    vertex 8.75 0 -56.85763611828174
    vertex 5.976259449486082 0 -58.21876824831902
    vertex 8.75 0 -59.99999999999999
  endloop
endfacet
facet normal 0 -1 0
  outer loop
    vertex 5.976259449486082 0 -58.21876824831902
    vertex 5.976259449486082 0 -61.36113213003728
    vertex 8.75 0 -59.99999999999999
  endloop
endfacet
facet normal 0 -1 -0
  outer loop
    vertex 5.976259449486082 0 -58.21876824831902
    vertex 3.202518898972164 0 -59.5799003783563
    vertex 5.976259449486082 0 -61.36113213003728
  endloop
endfacet
facet normal 0 -1 -0
  outer loop
    vertex 8.75 0 -59.99999999999999
    vertex 5.976259449486082 0 -61.36113213003728
    vertex 8.75 0 -63.14236388171825
  endloop
endfacet
facet normal 0 -1 0
  outer loop
    vertex -8.75 0 -69.42709164515475
    vertex -5.851394514344516 0 -68.19033005957317
    vertex -8.75 0 -66.28472776343651
  endloop
endfacet
facet normal 0 -1 0
  outer loop
    vertex -5.851394514344516 0 -68.19033005957317
    vertex -5.851394514344516 0 -65.04796617785493
    vertex -8.75 0 -66.28472776343651
  endloop
endfacet
facet normal 0 -1 0
  outer loop
    vertex -5.851394514344516 0 -68.19033005957317
    vertex -2.952789028689031 0 -66.9535684739916
    vertex -5.851394514344516 0 -65.04796617785493
  endloop
endfacet
facet normal 0 -1 0
  outer loop
    vertex -8.75 0 -66.28472776343651
    vertex -5.851394514344516 0 -65.04796617785493
    vertex -8.75 0 -63.14236388171825
  endloop
endfacet
facet normal 0 -1 -0
  outer loop
    vertex 8.75 0 -63.14236388171825
    vertex 5.951809883739335 0 -64.40681339628851
    vertex 8.75 0 -66.28472776343651
  endloop
endfacet
facet normal 0 -1 0
  outer loop
    vertex 5.951809883739335 0 -64.40681339628851
    vertex 5.951809883739335 0 -67.54917727800677
    vertex 8.75 0 -66.28472776343651
  endloop
endfacet
facet normal 0 -1 -0
  outer loop
    vertex 5.951809883739335 0 -64.40681339628851
    vertex 3.153619767478669 0 -65.67126291085877
    vertex 5.951809883739335 0 -67.54917727800677
  endloop
endfacet
facet normal 0 -1 -0
  outer loop
    vertex 8.75 0 -66.28472776343651
    vertex 5.951809883739335 0 -67.54917727800677
    vertex 8.75 0 -69.42709164515475
  endloop
endfacet
facet normal 0 -1 0
  outer loop
    vertex 3.226437768714173 0 -32.15235887950176
    vertex 3.584411852834831 0 -35.58002897119557
    vertex 5.988218884357087 0 -33.9320891440465
  endloop
endfacet
facet normal 0 -1 0
  outer loop
    vertex 3.584411852834831 0 -35.58002897119557
    vertex 6.346192968477745 0 -37.35975923574032
    vertex 5.988218884357087 0 -33.9320891440465
  endloop
endfacet
facet normal 0 -1 0
  outer loop
    vertex 3.584411852834831 0 -35.58002897119557
    vertex 3.942385936955488 0 -39.00769906288939
    vertex 6.346192968477745 0 -37.35975923574032
  endloop
endfacet
facet normal 0 -1 0
  outer loop
    vertex 5.988218884357087 0 -33.9320891440465
    vertex 6.346192968477745 0 -37.35975923574032
    vertex 8.75 0 -35.71181940859125
  endloop
endfacet
facet normal 0 -1 0
  outer loop
    vertex -8.75 0 -22.62709164515475
    vertex -6.314586896483871 0 -20.99150067472519
    vertex -8.75 0 -19.35590970429563
  endloop
endfacet
facet normal 0 -1 0
  outer loop
    vertex -6.314586896483871 0 -20.99150067472519
    vertex -6.314586896483871 0 -17.72031873386607
    vertex -8.75 0 -19.35590970429563
  endloop
endfacet
facet normal 0 -1 0
  outer loop
    vertex -6.314586896483871 0 -20.99150067472519
    vertex -3.879173792967741 0 -19.35590970429563
    vertex -6.314586896483871 0 -17.72031873386607
  endloop
endfacet
facet normal 0 -1 0
  outer loop
    vertex -8.75 0 -19.35590970429563
    vertex -6.314586896483871 0 -17.72031873386607
    vertex -8.75 0 -16.0847277634365
  endloop
endfacet
facet normal 0 -1 -0
  outer loop
    vertex 8.75 0 -22.62709164515476
    vertex 6.447643776871417 0 -24.23385475676128
    vertex 8.75 0 -25.89827358601388
  endloop
endfacet
facet normal 0 -1 0
  outer loop
    vertex 6.447643776871417 0 -24.23385475676128
    vertex 6.447643776871418 0 -27.5050366976204
    vertex 8.75 0 -25.89827358601388
  endloop
endfacet
facet normal 0 -1 -0
  outer loop
    vertex 6.447643776871417 0 -24.23385475676128
    vertex 4.145287553742834 0 -25.84061786836781
    vertex 6.447643776871418 0 -27.5050366976204
  endloop
endfacet
facet normal 0 -1 -0
  outer loop
    vertex 8.75 0 -25.89827358601388
    vertex 6.447643776871418 0 -27.5050366976204
    vertex 8.75 0 -29.169455526873
  endloop
endfacet
facet normal 0 -1 -0
  outer loop
    vertex 8.75 0 -9.542363881718291
    vertex 6.135900577522044 0 -10.77997772316774
    vertex 8.75 0 -12.81354582257741
  endloop
endfacet
facet normal 0 -1 0
  outer loop
    vertex 6.135900577522044 0 -10.77997772316774
    vertex 6.135900577522044 0 -14.05115966402686
    vertex 8.75 0 -12.81354582257741
  endloop
endfacet
facet normal 0 -1 -0
  outer loop
    vertex 6.135900577522044 0 -10.77997772316774
    vertex 3.521801155044088 0 -12.01759156461718
    vertex 6.135900577522044 0 -14.05115966402686
  endloop
endfacet
facet normal 0 -1 -0
  outer loop
    vertex 8.75 0 -12.81354582257741
    vertex 6.135900577522044 0 -14.05115966402686
    vertex 8.75 0 -16.08472776343652
  endloop
endfacet
facet normal 0 -1 0
  outer loop
    vertex -2.82123486928959 0 -4.118472486415087
    vertex -1.787528604063837 0 -6.21344461367088
    vertex 0.4445360385297628 0 -4.899175772873825
  endloop
endfacet
facet normal 0 -1 0
  outer loop
    vertex -1.787528604063837 0 -6.21344461367088
    vertex 1.478242303755515 0 -6.994147900129619
    vertex 0.4445360385297628 0 -4.899175772873825
  endloop
endfacet
facet normal 0 -1 0
  outer loop
    vertex -1.787528604063837 0 -6.21344461367088
    vertex -0.7538223388380851 0 -8.308416740926674
    vertex 1.478242303755515 0 -6.994147900129619
  endloop
endfacet
facet normal 0 -1 0
  outer loop
    vertex 0.4445360385297628 0 -4.899175772873825
    vertex 1.478242303755515 0 -6.994147900129619
    vertex 3.710306946349115 0 -5.679879059332563
  endloop
endfacet
facet normal -4.24492e-16 -1 -6.27903e-16
  outer loop
    vertex -8.75 1.071565949253934e-15 -84.28818059140875
    vertex -9.368603627666667 0 -82.16339651760127
    vertex -11.43674532166325 1.400597355083836e-15 -82.99583121744733
  endloop
endfacet
facet normal -3.687e-16 -1 -7.66514e-16
  outer loop
    vertex -9.368603627666667 0 -82.16339651760127
    vertex -12.05534894932991 0 -80.87104714363986
    vertex -11.43674532166325 1.400597355083836e-15 -82.99583121744733
  endloop
endfacet
facet normal 0 -1 0
  outer loop
    vertex -9.368603627666667 0 -82.16339651760127
    vertex -9.987207255333335 0 -80.0386124437938
    vertex -12.05534894932991 0 -80.87104714363986
  endloop
endfacet
facet normal -5.11108e-16 -1 -8.07974e-16
  outer loop
    vertex -11.43674532166325 1.400597355083836e-15 -82.99583121744733
    vertex -12.05534894932991 0 -80.87104714363986
    vertex -14.12349064332649 1.729628760913738e-15 -81.70348184348593
  endloop
endfacet
facet normal -5.03065e-16 -1 7.91254e-16
  outer loop
    vertex -14.12349064332649 1.729628760913738e-15 -78.29651815651407
    vertex -12.05534894932991 0 -79.16756530015394
    vertex -11.43674532166325 1.400597355083836e-15 -77.00416878255265
  endloop
endfacet
facet normal -3.6107e-16 -1 7.50651e-16
  outer loop
    vertex -12.05534894932991 0 -79.16756530015394
    vertex -9.368603627666667 0 -77.87521592619252
    vertex -11.43674532166325 1.400597355083836e-15 -77.00416878255265
  endloop
endfacet
facet normal 0 -1 0
  outer loop
    vertex -12.05534894932991 0 -79.16756530015394
    vertex -9.987207255333335 0 -80.0386124437938
    vertex -9.368603627666667 0 -77.87521592619252
  endloop
endfacet
facet normal -4.18242e-16 -1 6.14909e-16
  outer loop
    vertex -11.43674532166325 1.400597355083836e-15 -77.00416878255265
    vertex -9.368603627666667 0 -77.87521592619252
    vertex -8.75 1.071565949253934e-15 -75.71181940859125
  endloop
endfacet
facet normal -0 -1 0
  outer loop
    vertex 14.12349064332649 0 -41.70348184348592
    vertex 12.03068204402409 0 -40.7525108280319
    vertex 11.43674532166325 0 -42.99583121744734
  endloop
endfacet
facet normal 0 -1 0
  outer loop
    vertex 12.03068204402409 0 -40.7525108280319
    vertex 9.343936722360848 0 -42.04486020199331
    vertex 11.43674532166325 0 -42.99583121744734
  endloop
endfacet
facet normal -0 -1 0
  outer loop
    vertex 12.03068204402409 0 -40.7525108280319
    vertex 9.937873444721694 0 -39.80153981257788
    vertex 9.343936722360848 0 -42.04486020199331
  endloop
endfacet
facet normal -0 -1 0
  outer loop
    vertex 11.43674532166325 0 -42.99583121744734
    vertex 9.343936722360848 0 -42.04486020199331
    vertex 8.75 0 -44.28818059140875
  endloop
endfacet
facet normal 0 -1 0
  outer loop
    vertex 8.75 0 -35.71181940859125
    vertex 9.343936722360848 0 -37.75667961058456
    vertex 11.43674532166325 0 -37.00416878255266
  endloop
endfacet
facet normal 0 -1 0
  outer loop
    vertex 9.343936722360848 0 -37.75667961058456
    vertex 12.03068204402409 0 -39.04902898454597
    vertex 11.43674532166325 0 -37.00416878255266
  endloop
endfacet
facet normal 0 -1 0
  outer loop
    vertex 9.343936722360848 0 -37.75667961058456
    vertex 9.937873444721694 0 -39.80153981257788
    vertex 12.03068204402409 0 -39.04902898454597
  endloop
endfacet
facet normal 0 -1 0
  outer loop
    vertex 11.43674532166325 0 -37.00416878255266
    vertex 12.03068204402409 0 -39.04902898454597
    vertex 14.12349064332649 0 -38.29651815651407
  endloop
endfacet
facet normal 0 -1 0
  outer loop
    vertex 1.993873827260209 0 -76.69378113042002
    vertex 2.779543388287173 0 -74.12482501008205
    vertex -0.5312254313196183 0 -75.06992730898733
  endloop
endfacet
facet normal -0 -1 0
  outer loop
    vertex 2.779543388287173 0 -74.12482501008205
    vertex 0.2544441297073448 0 -72.50097118864934
    vertex -0.5312254313196183 0 -75.06992730898733
  endloop
endfacet
facet normal 0 -1 0
  outer loop
    vertex 2.779543388287173 0 -74.12482501008205
    vertex 3.565212949314136 0 -71.55586888974408
    vertex 0.2544441297073448 0 -72.50097118864934
  endloop
endfacet
facet normal 0 -1 0
  outer loop
    vertex -0.5312254313196183 0 -75.06992730898733
    vertex 0.2544441297073448 0 -72.50097118864934
    vertex -3.056324689899446 0 -73.44607348755463
  endloop
endfacet
facet normal 0 -1 0
  outer loop
    vertex -4.1195245969488 0 -47.40745165516187
    vertex -3.985661211863579 0 -44.23826937361463
    vertex -6.4347622984744 0 -45.84781612328531
  endloop
endfacet
facet normal -0 -1 0
  outer loop
    vertex -3.985661211863579 0 -44.23826937361463
    vertex -6.30089891338918 0 -42.67863384173806
    vertex -6.4347622984744 0 -45.84781612328531
  endloop
endfacet
facet normal 0 -1 0
  outer loop
    vertex -3.985661211863579 0 -44.23826937361463
    vertex -3.851797826778359 0 -41.06908709206738
    vertex -6.30089891338918 0 -42.67863384173806
  endloop
endfacet
facet normal -4.50027e-16 -1 1.90087e-17
  outer loop
    vertex -6.4347622984744 0 -45.84781612328531
    vertex -6.30089891338918 0 -42.67863384173806
    vertex -8.75 1.071565949253934e-15 -44.28818059140875
  endloop
endfacet
facet normal -0 -1 0
  outer loop
    vertex 8.75 0 -16.08472776343652
    vertex 6.135900577522044 0 -14.05115966402686
    vertex 5.917073338815119 0 -17.72031873386608
  endloop
endfacet
facet normal 0 -1 0
  outer loop
    vertex 6.135900577522044 0 -14.05115966402686
    vertex 3.302973916337163 0 -15.68675063445642
    vertex 5.917073338815119 0 -17.72031873386608
  endloop
endfacet
facet normal -0 -1 0
  outer loop
    vertex 6.135900577522044 0 -14.05115966402686
    vertex 3.521801155044088 0 -12.01759156461718
    vertex 3.302973916337163 0 -15.68675063445642
  endloop
endfacet
facet normal -0 -1 0
  outer loop
    vertex 5.917073338815119 0 -17.72031873386608
    vertex 3.302973916337163 0 -15.68675063445642
    vertex 3.084146677630239 0 -19.35590970429564
  endloop
endfacet
facet normal 0 -1 0
  outer loop
    vertex -3.084146677630239 0 -25.89827358601387
    vertex -3.481660235298989 0 -22.62709164515475
    vertex -5.917073338815118 0 -24.26268261558431
  endloop
endfacet
facet normal -0 -1 0
  outer loop
    vertex -3.481660235298989 0 -22.62709164515475
    vertex -6.314586896483871 0 -20.99150067472519
    vertex -5.917073338815118 0 -24.26268261558431
  endloop
endfacet
facet normal 0 -1 0
  outer loop
    vertex -3.481660235298989 0 -22.62709164515475
    vertex -3.879173792967741 0 -19.35590970429563
    vertex -6.314586896483871 0 -20.99150067472519
  endloop
endfacet
facet normal 0 -1 0
  outer loop
    vertex -5.917073338815118 0 -24.26268261558431
    vertex -6.314586896483871 0 -20.99150067472519
    vertex -8.75 0 -22.62709164515475
  endloop
endfacet
facet normal 0 -1 0
  outer loop
    vertex -8.75 0 -16.0847277634365
    vertex -6.314586896483871 0 -17.72031873386607
    vertex -5.917073338815115 0 -14.44913679300694
  endloop
endfacet
facet normal 0 -1 0
  outer loop
    vertex -6.314586896483871 0 -17.72031873386607
    vertex -3.481660235298985 0 -16.08472776343651
    vertex -5.917073338815115 0 -14.44913679300694
  endloop
endfacet
facet normal 0 -1 0
  outer loop
    vertex -6.314586896483871 0 -17.72031873386607
    vertex -3.879173792967741 0 -19.35590970429563
    vertex -3.481660235298985 0 -16.08472776343651
  endloop
endfacet
facet normal 0 -1 0
  outer loop
    vertex -5.917073338815115 0 -14.44913679300694
    vertex -3.481660235298985 0 -16.08472776343651
    vertex -3.084146677630228 0 -12.81354582257739
  endloop
endfacet
facet normal 0 -1 0
  outer loop
    vertex 3.084146677630239 0 -19.35590970429564
    vertex 3.614717115686537 0 -22.59826378633173
    vertex 5.917073338815119 0 -20.9915006747252
  endloop
endfacet
facet normal 0 -1 0
  outer loop
    vertex 3.614717115686537 0 -22.59826378633173
    vertex 6.447643776871417 0 -24.23385475676128
    vertex 5.917073338815119 0 -20.9915006747252
  endloop
endfacet
facet normal 0 -1 0
  outer loop
    vertex 3.614717115686537 0 -22.59826378633173
    vertex 4.145287553742834 0 -25.84061786836781
    vertex 6.447643776871417 0 -24.23385475676128
  endloop
endfacet
facet normal 0 -1 0
  outer loop
    vertex 5.917073338815119 0 -20.9915006747252
    vertex 6.447643776871417 0 -24.23385475676128
    vertex 8.75 0 -22.62709164515476
  endloop
endfacet
facet normal -0 -1 0
  outer loop
    vertex 14.12349064332649 0 -81.70348184348593
    vertex 12.22882712320091 0 -80.85174092174296
    vertex 11.43674532166325 0 -82.99583121744733
  endloop
endfacet
facet normal 0 -1 0
  outer loop
    vertex 12.22882712320091 0 -80.85174092174296
    vertex 9.542081801537666 0 -82.14409029570437
    vertex 11.43674532166325 0 -82.99583121744733
  endloop
endfacet
facet normal -0 -1 0
  outer loop
    vertex 12.22882712320091 0 -80.85174092174296
    vertex 10.33416360307533 0 -80
    vertex 9.542081801537666 0 -82.14409029570437
  endloop
endfacet
facet normal -0 -1 0
  outer loop
    vertex 11.43674532166325 0 -82.99583121744733
    vertex 9.542081801537666 0 -82.14409029570437
    vertex 8.75 0 -84.28818059140875
  endloop
endfacet
facet normal -4.27761e-16 -1 -6.34699e-16
  outer loop
    vertex -8.75 1.071565949253934e-15 -44.28818059140875
    vertex -9.273399997863278 0 -42.24712555769086
    vertex -11.43674532166325 1.400597355083836e-15 -42.99583121744734
  endloop
endfacet
facet normal -3.76517e-16 -1 -7.82765e-16
  outer loop
    vertex -9.273399997863278 0 -42.24712555769086
    vertex -11.96014531952653 0 -40.95477618372945
    vertex -11.43674532166325 1.400597355083836e-15 -42.99583121744734
  endloop
endfacet
facet normal 0 -1 0
  outer loop
    vertex -9.273399997863278 0 -42.24712555769086
    vertex -9.796799995726555 0 -40.20607052397298
    vertex -11.96014531952653 0 -40.95477618372945
  endloop
endfacet
facet normal -5.16213e-16 -1 -8.18588e-16
  outer loop
    vertex -11.43674532166325 1.400597355083836e-15 -42.99583121744734
    vertex -11.96014531952653 0 -40.95477618372945
    vertex -14.12349064332649 1.729628760913738e-15 -41.70348184348592
  endloop
endfacet
facet normal -4.75549e-16 -1 7.34049e-16
  outer loop
    vertex -14.12349064332649 1.729628760913738e-15 -38.29651815651407
    vertex -11.96014531952653 0 -39.25129434024353
    vertex -11.43674532166325 1.400597355083836e-15 -37.00416878255266
  endloop
endfacet
facet normal -3.37633e-16 -1 7.01925e-16
  outer loop
    vertex -11.96014531952653 0 -39.25129434024353
    vertex -9.273399997863278 0 -37.95894496628212
    vertex -11.43674532166325 1.400597355083836e-15 -37.00416878255266
  endloop
endfacet
facet normal 0 -1 0
  outer loop
    vertex -11.96014531952653 0 -39.25129434024353
    vertex -9.796799995726555 0 -40.20607052397298
    vertex -9.273399997863278 0 -37.95894496628212
  endloop
endfacet
facet normal -3.96232e-16 -1 5.69151e-16
  outer loop
    vertex -11.43674532166325 1.400597355083836e-15 -37.00416878255266
    vertex -9.273399997863278 0 -37.95894496628212
    vertex -8.75 1.071565949253934e-15 -35.71181940859125
  endloop
endfacet
facet normal 0 -1 0
  outer loop
    vertex 8.75 0 -75.71181940859125
    vertex 9.542081801537666 0 -77.85590970429563
    vertex 11.43674532166325 0 -77.00416878255265
  endloop
endfacet
facet normal 0 -1 0
  outer loop
    vertex 9.542081801537666 0 -77.85590970429563
    vertex 12.22882712320091 0 -79.14825907825704
    vertex 11.43674532166325 0 -77.00416878255265
  endloop
endfacet
facet normal 0 -1 0
  outer loop
    vertex 9.542081801537666 0 -77.85590970429563
    vertex 10.33416360307533 0 -80
    vertex 12.22882712320091 0 -79.14825907825704
  endloop
endfacet
facet normal 0 -1 0
  outer loop
    vertex 11.43674532166325 0 -77.00416878255265
    vertex 12.22882712320091 0 -79.14825907825704
    vertex 14.12349064332649 0 -78.29651815651407
  endloop
endfacet
facet normal 0 -1 0
  outer loop
    vertex -8.75 0 -29.16945552687299
    vertex -5.842653969979526 0 -31.30064972809669
    vertex -5.917073338815118 0 -27.53386455644343
  endloop
endfacet
facet normal 0 -1 0
  outer loop
    vertex -5.842653969979526 0 -31.30064972809669
    vertex -3.009727308794647 0 -29.66505875766713
    vertex -5.917073338815118 0 -27.53386455644343
  endloop
endfacet
facet normal 0 -1 0
  outer loop
    vertex -5.842653969979526 0 -31.30064972809669
    vertex -2.935307939959054 0 -33.43184392932039
    vertex -3.009727308794647 0 -29.66505875766713
  endloop
endfacet
facet normal 0 -1 0
  outer loop
    vertex -5.917073338815118 0 -27.53386455644343
    vertex -3.009727308794647 0 -29.66505875766713
    vertex -3.084146677630239 0 -25.89827358601387
  endloop
endfacet
facet normal 0 -1 0
  outer loop
    vertex -8.75 0 -102.1440902957044
    vertex -6.172721431399822 0 -100.6560978203464
    vertex -8.75 0 -99.16810534498842
  endloop
endfacet
facet normal 0 -1 0
  outer loop
    vertex -6.172721431399822 0 -100.6560978203464
    vertex -6.172721431399822 0 -97.68011286963045
    vertex -8.75 0 -99.16810534498842
  endloop
endfacet
facet normal 0 -1 0
  outer loop
    vertex -6.172721431399822 0 -100.6560978203464
    vertex -3.595442862799644 0 -99.16810534498842
    vertex -6.172721431399822 0 -97.68011286963045
  endloop
endfacet
facet normal 0 -1 0
  outer loop
    vertex -8.75 0 -99.16810534498842
    vertex -6.172721431399822 0 -97.68011286963045
    vertex -8.75 0 -96.19212039427248
  endloop
endfacet
facet normal 0 -1 -0
  outer loop
    vertex 8.75 0 -96.19212039427248
    vertex 6.080518739627595 0 -97.3356306406757
    vertex 8.75 0 -99.16810534498842
  endloop
endfacet
facet normal 0 -1 0
  outer loop
    vertex 6.080518739627595 0 -97.3356306406757
    vertex 6.080518739627595 0 -100.3116155913916
    vertex 8.75 0 -99.16810534498842
  endloop
endfacet
facet normal 0 -1 -0
  outer loop
    vertex 6.080518739627595 0 -97.3356306406757
    vertex 3.411037479255191 0 -98.47914088707891
    vertex 6.080518739627595 0 -100.3116155913916
  endloop
endfacet
facet normal 0 -1 -0
  outer loop
    vertex 8.75 0 -99.16810534498842
    vertex 6.080518739627595 0 -100.3116155913916
    vertex 8.75 0 -102.1440902957044
  endloop
endfacet
facet normal 0 -1 0
  outer loop
    vertex -8.75 0 -108.0960601971362
    vertex -6.172721431399822 0 -106.6080677217782
    vertex -8.75 0 -105.1200752464203
  endloop
endfacet
facet normal 0 -1 0
  outer loop
    vertex -6.172721431399822 0 -106.6080677217782
    vertex -6.172721431399822 0 -103.6320827710623
    vertex -8.75 0 -105.1200752464203
  endloop
endfacet
facet normal 0 -1 0
  outer loop
    vertex -6.172721431399822 0 -106.6080677217782
    vertex -3.595442862799644 0 -105.1200752464203
    vertex -6.172721431399822 0 -103.6320827710623
  endloop
endfacet
facet normal 0 -1 0
  outer loop
    vertex -8.75 0 -105.1200752464203
    vertex -6.172721431399822 0 -103.6320827710623
    vertex -8.75 0 -102.1440902957044
  endloop
endfacet
facet normal 0 -1 -0
  outer loop
    vertex 8.75 0 -90.24015049284061
    vertex 6.558010643580746 0 -91.85539043169055
    vertex 8.75 0 -93.21613544355655
  endloop
endfacet
facet normal 0 -1 0
  outer loop
    vertex 6.558010643580746 0 -91.85539043169055
    vertex 6.558010643580746 0 -94.83137538240648
    vertex 8.75 0 -93.21613544355655
  endloop
endfacet
facet normal 0 -1 -0
  outer loop
    vertex 6.558010643580746 0 -91.85539043169055
    vertex 4.366021287161493 0 -93.47063037054048
    vertex 6.558010643580746 0 -94.83137538240648
  endloop
endfacet
facet normal 0 -1 -0
  outer loop
    vertex 8.75 0 -93.21613544355655
    vertex 6.558010643580746 0 -94.83137538240648
    vertex 8.75 0 -96.19212039427248
  endloop
endfacet
facet normal 0 -1 -0
  outer loop
    vertex 8.75 0 -102.1440902957044
    vertex 6.093640758738151 0 -103.5029705543333
    vertex 8.75 0 -105.1200752464203
  endloop
endfacet
facet normal 0 -1 0
  outer loop
    vertex 6.093640758738151 0 -103.5029705543333
    vertex 6.093640758738152 0 -106.4789555050493
    vertex 8.75 0 -105.1200752464203
  endloop
endfacet
facet normal 0 -1 -0
  outer loop
    vertex 6.093640758738151 0 -103.5029705543333
    vertex 3.437281517476303 0 -104.8618508129623
    vertex 6.093640758738152 0 -106.4789555050493
  endloop
endfacet
facet normal 0 -1 -0
  outer loop
    vertex 8.75 0 -105.1200752464203
    vertex 6.093640758738152 0 -106.4789555050493
    vertex 8.75 0 -108.0960601971362
  endloop
endfacet
facet normal 0 -1 0
  outer loop
    vertex -8.75 0 -90.24015049284061
    vertex -5.867791815332424 0 -88.5780661016623
    vertex -8.75 0 -87.26416554212469
  endloop
endfacet
facet normal 0 -1 0
  outer loop
    vertex -5.867791815332424 0 -88.5780661016623
    vertex -5.867791815332424 0 -85.60208115094638
    vertex -8.75 0 -87.26416554212469
  endloop
endfacet
facet normal 0 -1 0
  outer loop
    vertex -5.867791815332424 0 -88.5780661016623
    vertex -2.985583630664848 0 -86.915981710484
    vertex -5.867791815332424 0 -85.60208115094638
  endloop
endfacet
facet normal -2.07642e-16 -1 3.60071e-16
  outer loop
    vertex -8.75 0 -87.26416554212469
    vertex -5.867791815332424 0 -85.60208115094638
    vertex -8.75 1.071565949253934e-15 -84.28818059140875
  endloop
endfacet
facet normal 0 -1 0
  outer loop
    vertex -8.75 0 -96.19212039427248
    vertex -5.217103993406848 0 -94.78832689964757
    vertex -8.75 0 -93.21613544355655
  endloop
endfacet
facet normal 0 -1 0
  outer loop
    vertex -5.217103993406848 0 -94.78832689964757
    vertex -5.217103993406848 0 -91.81234194893165
    vertex -8.75 0 -93.21613544355655
  endloop
endfacet
facet normal 0 -1 0
  outer loop
    vertex -5.217103993406848 0 -94.78832689964757
    vertex -1.684207986813696 0 -93.38453340502267
    vertex -5.217103993406848 0 -91.81234194893165
  endloop
endfacet
facet normal 0 -1 0
  outer loop
    vertex -8.75 0 -93.21613544355655
    vertex -5.217103993406848 0 -91.81234194893165
    vertex -8.75 0 -90.24015049284061
  endloop
endfacet
facet normal 0 -1 -0
  outer loop
    vertex 8.75 0 -69.42709164515475
    vertex 6.157606474657068 0 -70.49148026744942
    vertex 8.75 0 -72.569455526873
  endloop
endfacet
facet normal 0 -1 0
  outer loop
    vertex 6.157606474657068 0 -70.49148026744942
    vertex 6.157606474657068 0 -73.63384414916766
    vertex 8.75 0 -72.569455526873
  endloop
endfacet
facet normal 0 -1 -0
  outer loop
    vertex 6.157606474657068 0 -70.49148026744942
    vertex 3.565212949314136 0 -71.55586888974408
    vertex 6.157606474657068 0 -73.63384414916766
  endloop
endfacet
facet normal 0 -1 -0
  outer loop
    vertex 8.75 0 -72.569455526873
    vertex 6.157606474657068 0 -73.63384414916766
    vertex 8.75 0 -75.71181940859125
  endloop
endfacet
facet normal -0 -1 0
  outer loop
    vertex -0.7538223388380851 0 -8.308416740926674
    vertex -2.792831557994834 0 -7.932488263627079
    vertex -1.918984508234157 0 -10.56098128175203
  endloop
endfacet
facet normal 0 -1 -0
  outer loop
    vertex -2.792831557994834 0 -7.932488263627079
    vertex -3.957993727390905 0 -10.18505280445243
    vertex -1.918984508234157 0 -10.56098128175203
  endloop
endfacet
facet normal -0 -1 0
  outer loop
    vertex -2.792831557994834 0 -7.932488263627079
    vertex -4.831840777151582 0 -7.556559786327483
    vertex -3.957993727390905 0 -10.18505280445243
  endloop
endfacet
facet normal -0 -1 0
  outer loop
    vertex -1.918984508234157 0 -10.56098128175203
    vertex -3.957993727390905 0 -10.18505280445243
    vertex -3.084146677630228 0 -12.81354582257739
  endloop
endfacet
facet normal -0 -1 0
  outer loop
    vertex 8.75 0 -75.71181940859125
    vertex 6.157606474657068 0 -73.63384414916766
    vertex 5.371936913630105 0 -76.20280026950563
  endloop
endfacet
facet normal 0 -1 0
  outer loop
    vertex 6.157606474657068 0 -73.63384414916766
    vertex 2.779543388287173 0 -74.12482501008205
    vertex 5.371936913630105 0 -76.20280026950563
  endloop
endfacet
facet normal -0 -1 0
  outer loop
    vertex 6.157606474657068 0 -73.63384414916766
    vertex 3.565212949314136 0 -71.55586888974408
    vertex 2.779543388287173 0 -74.12482501008205
  endloop
endfacet
facet normal -0 -1 0
  outer loop
    vertex 5.371936913630105 0 -76.20280026950563
    vertex 2.779543388287173 0 -74.12482501008205
    vertex 1.993873827260209 0 -76.69378113042002
  endloop
endfacet
facet normal 0 -1 0
  outer loop
    vertex 2.280008568031536 0 -83.2067957046076
    vertex 4.166709777562031 0 -81.60080978574371
    vertex 2.136941197645873 0 -79.9502884175138
  endloop
endfacet
facet normal 0 -1 0
  outer loop
    vertex 4.166709777562031 0 -81.60080978574371
    vertex 4.023642407176367 0 -78.34430249864991
    vertex 2.136941197645873 0 -79.9502884175138
  endloop
endfacet
facet normal 0 -1 0
  outer loop
    vertex 4.166709777562031 0 -81.60080978574371
    vertex 6.053410987092525 0 -79.99482386687981
    vertex 4.023642407176367 0 -78.34430249864991
  endloop
endfacet
facet normal 0 -1 0
  outer loop
    vertex 2.136941197645873 0 -79.9502884175138
    vertex 4.023642407176367 0 -78.34430249864991
    vertex 1.993873827260209 0 -76.69378113042002
  endloop
endfacet
facet normal 0 -1 0
  outer loop
    vertex 2.916666666666666 0 -120
    vertex 1.458333333333333 0 -117.7982935019034
    vertex 0 0 -120
  endloop
endfacet
facet normal -0 -1 0
  outer loop
    vertex 1.458333333333333 0 -117.7982935019034
    vertex -1.458333333333334 0 -117.7982935019034
    vertex 0 0 -120
  endloop
endfacet
facet normal 0 -1 0
  outer loop
    vertex 1.458333333333333 0 -117.7982935019034
    vertex 0 0 -115.5965870038067
    vertex -1.458333333333334 0 -117.7982935019034
  endloop
endfacet
facet normal 0 -1 0
  outer loop
    vertex 0 0 -120
    vertex -1.458333333333334 0 -117.7982935019034
    vertex -2.916666666666668 0 -120
  endloop
endfacet
facet normal -0 -1 0
  outer loop
    vertex 8.75 0 -29.169455526873
    vertex 6.447643776871418 0 -27.5050366976204
    vertex 5.988218884357087 0 -30.66090720318738
  endloop
endfacet
facet normal 0 -1 0
  outer loop
    vertex 6.447643776871418 0 -27.5050366976204
    vertex 3.685862661228504 0 -28.99648837393478
    vertex 5.988218884357087 0 -30.66090720318738
  endloop
endfacet
facet normal -0 -1 0
  outer loop
    vertex 6.447643776871418 0 -27.5050366976204
    vertex 4.145287553742834 0 -25.84061786836781
    vertex 3.685862661228504 0 -28.99648837393478
  endloop
endfacet
facet normal -0 -1 0
  outer loop
    vertex 5.988218884357087 0 -30.66090720318738
    vertex 3.685862661228504 0 -28.99648837393478
    vertex 3.226437768714173 0 -32.15235887950176
  endloop
endfacet
facet normal 0 -1 0
  outer loop
    vertex -2.985583630664848 0 -86.915981710484
    vertex -3.587319310339273 0 -83.55452196472649
    vertex -5.867791815332424 0 -85.60208115094638
  endloop
endfacet
facet normal -0 -1 0
  outer loop
    vertex -3.587319310339273 0 -83.55452196472649
    vertex -6.469527495006849 0 -82.24062140518886
    vertex -5.867791815332424 0 -85.60208115094638
  endloop
endfacet
facet normal 0 -1 0
  outer loop
    vertex -3.587319310339273 0 -83.55452196472649
    vertex -4.189054990013698 0 -80.19306221896898
    vertex -6.469527495006849 0 -82.24062140518886
  endloop
endfacet
facet normal -4.04822e-16 -1 -7.24672e-17
  outer loop
    vertex -5.867791815332424 0 -85.60208115094638
    vertex -6.469527495006849 0 -82.24062140518886
    vertex -8.75 1.071565949253934e-15 -84.28818059140875
  endloop
endfacet
facet normal 0 -1 0
  outer loop
    vertex -3.084146677630228 0 -12.81354582257739
    vertex -3.957993727390905 0 -10.18505280445243
    vertex -5.917073338815115 0 -11.17795485214782
  endloop
endfacet
facet normal -0 -1 0
  outer loop
    vertex -3.957993727390905 0 -10.18505280445243
    vertex -6.790920388575792 0 -8.549461834022871
    vertex -5.917073338815115 0 -11.17795485214782
  endloop
endfacet
facet normal 0 -1 0
  outer loop
    vertex -3.957993727390905 0 -10.18505280445243
    vertex -4.831840777151582 0 -7.556559786327483
    vertex -6.790920388575792 0 -8.549461834022871
  endloop
endfacet
facet normal 0 -1 0
  outer loop
    vertex -5.917073338815115 0 -11.17795485214782
    vertex -6.790920388575792 0 -8.549461834022871
    vertex -8.75 0 -9.542363881718257
  endloop
endfacet
facet normal 0 -1 0
  outer loop
    vertex -3.307266100994633 0 -60
    vertex -3.035728140764686 0 -56.84847234091797
    vertex -6.028633050497316 0 -58.42881805914087
  endloop
endfacet
facet normal -0 -1 0
  outer loop
    vertex -3.035728140764686 0 -56.84847234091797
    vertex -5.75709509026737 0 -55.27729040005884
    vertex -6.028633050497316 0 -58.42881805914087
  endloop
endfacet
facet normal 0 -1 0
  outer loop
    vertex -3.035728140764686 0 -56.84847234091797
    vertex -2.76419018053474 0 -53.69694468183594
    vertex -5.75709509026737 0 -55.27729040005884
  endloop
endfacet
facet normal 0 -1 0
  outer loop
    vertex -6.028633050497316 0 -58.42881805914087
    vertex -5.75709509026737 0 -55.27729040005884
    vertex -8.75 0 -56.85763611828174
  endloop
endfacet
facet normal 0 -1 -0
  outer loop
    vertex 3.536875185920565 0 -53.71527223656349
    vertex 3.369697042446365 0 -56.6475863074599
    vertex 6.143437592960282 0 -55.28645417742261
  endloop
endfacet
facet normal 0 -1 0
  outer loop
    vertex 3.369697042446365 0 -56.6475863074599
    vertex 5.976259449486082 0 -58.21876824831902
    vertex 6.143437592960282 0 -55.28645417742261
  endloop
endfacet
facet normal 0 -1 -0
  outer loop
    vertex 3.369697042446365 0 -56.6475863074599
    vertex 3.202518898972164 0 -59.5799003783563
    vertex 5.976259449486082 0 -58.21876824831902
  endloop
endfacet
facet normal 0 -1 -0
  outer loop
    vertex 6.143437592960282 0 -55.28645417742261
    vertex 5.976259449486082 0 -58.21876824831902
    vertex 8.75 0 -56.85763611828174
  endloop
endfacet
facet normal -0 -1 0
  outer loop
    vertex 8.75 0 -63.14236388171825
    vertex 5.976259449486082 0 -61.36113213003728
    vertex 5.951809883739335 0 -64.40681339628851
  endloop
endfacet
facet normal 0 -1 0
  outer loop
    vertex 5.976259449486082 0 -61.36113213003728
    vertex 3.178069333225416 0 -62.62558164460754
    vertex 5.951809883739335 0 -64.40681339628851
  endloop
endfacet
facet normal -0 -1 0
  outer loop
    vertex 5.976259449486082 0 -61.36113213003728
    vertex 3.202518898972164 0 -59.5799003783563
    vertex 3.178069333225416 0 -62.62558164460754
  endloop
endfacet
facet normal -0 -1 0
  outer loop
    vertex 5.951809883739335 0 -64.40681339628851
    vertex 3.178069333225416 0 -62.62558164460754
    vertex 3.153619767478669 0 -65.67126291085877
  endloop
endfacet
facet normal 0 -1 0
  outer loop
    vertex -8.75 0 -63.14236388171825
    vertex -5.851394514344516 0 -65.04796617785493
    vertex -6.028633050497316 0 -61.57118194085912
  endloop
endfacet
facet normal 0 -1 0
  outer loop
    vertex -5.851394514344516 0 -65.04796617785493
    vertex -3.130027564841832 0 -63.4767842369958
    vertex -6.028633050497316 0 -61.57118194085912
  endloop
endfacet
facet normal 0 -1 0
  outer loop
    vertex -5.851394514344516 0 -65.04796617785493
    vertex -2.952789028689031 0 -66.9535684739916
    vertex -3.130027564841832 0 -63.4767842369958
  endloop
endfacet
facet normal 0 -1 0
  outer loop
    vertex -6.028633050497316 0 -61.57118194085912
    vertex -3.130027564841832 0 -63.4767842369958
    vertex -3.307266100994633 0 -60
  endloop
endfacet
facet normal 0 -1 0
  outer loop
    vertex 3.942385936955488 0 -39.00769906288939
    vertex 6.940129690838591 0 -39.40461943773364
    vertex 6.346192968477745 0 -37.35975923574032
  endloop
endfacet
facet normal 0 -1 0
  outer loop
    vertex 6.940129690838591 0 -39.40461943773364
    vertex 9.343936722360848 0 -37.75667961058456
    vertex 6.346192968477745 0 -37.35975923574032
  endloop
endfacet
facet normal 0 -1 0
  outer loop
    vertex 6.940129690838591 0 -39.40461943773364
    vertex 9.937873444721694 0 -39.80153981257788
    vertex 9.343936722360848 0 -37.75667961058456
  endloop
endfacet
facet normal 0 -1 0
  outer loop
    vertex 6.346192968477745 0 -37.35975923574032
    vertex 9.343936722360848 0 -37.75667961058456
    vertex 8.75 0 -35.71181940859125
  endloop
endfacet
facet normal 0 -1 0
  outer loop
    vertex -2.985583630664848 0 -86.915981710484
    vertex -0.3527875313166557 0 -85.0613887075458
    vertex -3.587319310339273 0 -83.55452196472649
  endloop
endfacet
facet normal 0 -1 0
  outer loop
    vertex -0.3527875313166557 0 -85.0613887075458
    vertex -0.9545232109910806 0 -81.69992896178829
    vertex -3.587319310339273 0 -83.55452196472649
  endloop
endfacet
facet normal 0 -1 0
  outer loop
    vertex -0.3527875313166557 0 -85.0613887075458
    vertex 2.280008568031536 0 -83.2067957046076
    vertex -0.9545232109910806 0 -81.69992896178829
  endloop
endfacet
facet normal 0 -1 0
  outer loop
    vertex -3.587319310339273 0 -83.55452196472649
    vertex -0.9545232109910806 0 -81.69992896178829
    vertex -4.189054990013698 0 -80.19306221896898
  endloop
endfacet
facet normal 0 -1 0
  outer loop
    vertex -8.75 0 -50.57290835484524
    vertex -5.75709509026737 0 -52.13492651834059
    vertex -6.4347622984744 0 -48.99018000500355
  endloop
endfacet
facet normal 0 -1 0
  outer loop
    vertex -5.75709509026737 0 -52.13492651834059
    vertex -3.44185738874177 0 -50.5521981684989
    vertex -6.4347622984744 0 -48.99018000500355
  endloop
endfacet
facet normal 0 -1 0
  outer loop
    vertex -5.75709509026737 0 -52.13492651834059
    vertex -2.76419018053474 0 -53.69694468183594
    vertex -3.44185738874177 0 -50.5521981684989
  endloop
endfacet
facet normal 0 -1 0
  outer loop
    vertex -6.4347622984744 0 -48.99018000500355
    vertex -3.44185738874177 0 -50.5521981684989
    vertex -4.1195245969488 0 -47.40745165516187
  endloop
endfacet
facet normal 0 -1 0
  outer loop
    vertex -3.056324689899446 0 -73.44607348755463
    vertex -3.004556859294238 0 -70.19982098077311
    vertex -5.903162344949724 0 -71.43658256635469
  endloop
endfacet
facet normal -0 -1 0
  outer loop
    vertex -3.004556859294238 0 -70.19982098077311
    vertex -5.851394514344516 0 -68.19033005957317
    vertex -5.903162344949724 0 -71.43658256635469
  endloop
endfacet
facet normal 0 -1 0
  outer loop
    vertex -3.004556859294238 0 -70.19982098077311
    vertex -2.952789028689031 0 -66.9535684739916
    vertex -5.851394514344516 0 -68.19033005957317
  endloop
endfacet
facet normal 0 -1 0
  outer loop
    vertex -5.903162344949724 0 -71.43658256635469
    vertex -5.851394514344516 0 -68.19033005957317
    vertex -8.75 0 -69.42709164515475
  endloop
endfacet
facet normal -0 -1 0
  outer loop
    vertex 8.75 0 -50.57290835484524
    vertex 5.566394166387726 0 -48.88754579753768
    vertex 6.143437592960282 0 -52.14409029570437
  endloop
endfacet
facet normal 0 -1 -0
  outer loop
    vertex 5.566394166387726 0 -48.88754579753768
    vertex 2.959831759348008 0 -50.4587277383968
    vertex 6.143437592960282 0 -52.14409029570437
  endloop
endfacet
facet normal -0 -1 0
  outer loop
    vertex 5.566394166387726 0 -48.88754579753768
    vertex 2.382788332775451 0 -47.20218324023012
    vertex 2.959831759348008 0 -50.4587277383968
  endloop
endfacet
facet normal -0 -1 0
  outer loop
    vertex 6.143437592960282 0 -52.14409029570437
    vertex 2.959831759348008 0 -50.4587277383968
    vertex 3.536875185920565 0 -53.71527223656349
  endloop
endfacet
facet normal 0 -1 -0
  outer loop
    vertex 14.12349064332649 0 -38.29651815651407
    vertex 12.03068204402409 0 -39.04902898454597
    vertex 14.12349064332649 0 -40
  endloop
endfacet
facet normal 0 -1 0
  outer loop
    vertex 12.03068204402409 0 -39.04902898454597
    vertex 12.03068204402409 0 -40.7525108280319
    vertex 14.12349064332649 0 -40
  endloop
endfacet
facet normal 0 -1 -0
  outer loop
    vertex 12.03068204402409 0 -39.04902898454597
    vertex 9.937873444721694 0 -39.80153981257788
    vertex 12.03068204402409 0 -40.7525108280319
  endloop
endfacet
facet normal 0 -1 -0
  outer loop
    vertex 14.12349064332649 0 -40
    vertex 12.03068204402409 0 -40.7525108280319
    vertex 14.12349064332649 0 -41.70348184348592
  endloop
endfacet
facet normal -8.3632e-16 -1 0
  outer loop
    vertex -14.12349064332649 1.729628760913738e-15 -81.70348184348593
    vertex -12.05534894932991 0 -80.87104714363986
    vertex -14.12349064332649 1.729628760913738e-15 -80
  endloop
endfacet
facet normal -8.3632e-16 -1 0
  outer loop
    vertex -12.05534894932991 0 -80.87104714363986
    vertex -12.05534894932991 0 -79.16756530015394
    vertex -14.12349064332649 1.729628760913738e-15 -80
  endloop
endfacet
facet normal 0 -1 0
  outer loop
    vertex -12.05534894932991 0 -80.87104714363986
    vertex -9.987207255333335 0 -80.0386124437938
    vertex -12.05534894932991 0 -79.16756530015394
  endloop
endfacet
facet normal -8.3632e-16 -1 0
  outer loop
    vertex -14.12349064332649 1.729628760913738e-15 -80
    vertex -12.05534894932991 0 -79.16756530015394
    vertex -14.12349064332649 1.729628760913738e-15 -78.29651815651407
  endloop
endfacet
facet normal 0 -1 0
  outer loop
    vertex -8.75 0 -114.0480300985681
    vertex -6.172780466537223 0 -112.8282245123967
    vertex -8.75 0 -111.0720451478522
  endloop
endfacet
facet normal 0 -1 0
  outer loop
    vertex -6.172780466537223 0 -112.8282245123967
    vertex -6.172780466537223 0 -109.8522395616807
    vertex -8.75 0 -111.0720451478522
  endloop
endfacet
facet normal 0 -1 0
  outer loop
    vertex -6.172780466537223 0 -112.8282245123967
    vertex -3.595560933074445 0 -111.6084189262253
    vertex -6.172780466537223 0 -109.8522395616807
  endloop
endfacet
facet normal 0 -1 0
  outer loop
    vertex -8.75 0 -111.0720451478522
    vertex -6.172780466537223 0 -109.8522395616807
    vertex -8.75 0 -108.0960601971362
  endloop
endfacet
facet normal 0 -1 -0
  outer loop
    vertex 8.75 0 -108.0960601971362
    vertex 5.880605549800677 0 -109.4587680864596
    vertex 8.75 0 -111.0720451478522
  endloop
endfacet
facet normal 0 -1 0
  outer loop
    vertex 5.880605549800677 0 -109.4587680864596
    vertex 5.880605549800677 0 -112.4347530371755
    vertex 8.75 0 -111.0720451478522
  endloop
endfacet
facet normal 0 -1 -0
  outer loop
    vertex 5.880605549800677 0 -109.4587680864596
    vertex 3.011211099601353 0 -110.821475975783
    vertex 5.880605549800677 0 -112.4347530371755
  endloop
endfacet
facet normal 0 -1 -0
  outer loop
    vertex 8.75 0 -111.0720451478522
    vertex 5.880605549800677 0 -112.4347530371755
    vertex 8.75 0 -114.0480300985681
  endloop
endfacet
facet normal -0 -1 0
  outer loop
    vertex -4.189054990013698 0 -80.19306221896898
    vertex -7.088131122673516 0 -80.11583733138139
    vertex -6.469527495006849 0 -82.24062140518886
  endloop
endfacet
facet normal 0 -1 -0
  outer loop
    vertex -7.088131122673516 0 -80.11583733138139
    vertex -9.368603627666667 0 -82.16339651760127
    vertex -6.469527495006849 0 -82.24062140518886
  endloop
endfacet
facet normal -0 -1 0
  outer loop
    vertex -7.088131122673516 0 -80.11583733138139
    vertex -9.987207255333335 0 -80.0386124437938
    vertex -9.368603627666667 0 -82.16339651760127
  endloop
endfacet
facet normal -1.35389e-17 -1 -5.08259e-16
  outer loop
    vertex -6.469527495006849 0 -82.24062140518886
    vertex -9.368603627666667 0 -82.16339651760127
    vertex -8.75 1.071565949253934e-15 -84.28818059140875
  endloop
endfacet
facet normal 0 -1 -0
  outer loop
    vertex 3.710306946349115 0 -5.679879059332563
    vertex 3.616054050696602 0 -8.848735311974874
    vertex 6.230153473174557 0 -7.611121470525426
  endloop
endfacet
facet normal 0 -1 0
  outer loop
    vertex 3.616054050696602 0 -8.848735311974874
    vertex 6.135900577522044 0 -10.77997772316774
    vertex 6.230153473174557 0 -7.611121470525426
  endloop
endfacet
facet normal 0 -1 -0
  outer loop
    vertex 3.616054050696602 0 -8.848735311974874
    vertex 3.521801155044088 0 -12.01759156461718
    vertex 6.135900577522044 0 -10.77997772316774
  endloop
endfacet
facet normal 0 -1 -0
  outer loop
    vertex 6.230153473174557 0 -7.611121470525426
    vertex 6.135900577522044 0 -10.77997772316774
    vertex 8.75 0 -9.542363881718291
  endloop
endfacet
facet normal 0 -1 0
  outer loop
    vertex -8.75 0 -3
    vertex -6.790920388575792 0 -5.278279893163742
    vertex -5.785617434644795 0 -3.559236243207543
  endloop
endfacet
facet normal 0 -1 0
  outer loop
    vertex -6.790920388575792 0 -5.278279893163742
    vertex -3.826537823220587 0 -5.837516136371285
    vertex -5.785617434644795 0 -3.559236243207543
  endloop
endfacet
facet normal 0 -1 0
  outer loop
    vertex -6.790920388575792 0 -5.278279893163742
    vertex -4.831840777151582 0 -7.556559786327483
    vertex -3.826537823220587 0 -5.837516136371285
  endloop
endfacet
facet normal 0 -1 0
  outer loop
    vertex -5.785617434644795 0 -3.559236243207543
    vertex -3.826537823220587 0 -5.837516136371285
    vertex -2.82123486928959 0 -4.118472486415087
  endloop
endfacet
facet normal 0 -1 -0
  outer loop
    vertex 8.75 0 -84.28818059140875
    vertex 5.998019853142874 0 -86.43627965194638
    vertex 8.75 0 -87.26416554212469
  endloop
endfacet
facet normal 0 -1 0
  outer loop
    vertex 5.998019853142874 0 -86.43627965194638
    vertex 5.998019853142874 0 -89.4122646026623
    vertex 8.75 0 -87.26416554212469
  endloop
endfacet
facet normal 0 -1 -0
  outer loop
    vertex 5.998019853142874 0 -86.43627965194638
    vertex 3.246039706285748 0 -88.58437871248401
    vertex 5.998019853142874 0 -89.4122646026623
  endloop
endfacet
facet normal 0 -1 -0
  outer loop
    vertex 8.75 0 -87.26416554212469
    vertex 5.998019853142874 0 -89.4122646026623
    vertex 8.75 0 -90.24015049284061
  endloop
endfacet
facet normal 0 -1 0
  outer loop
    vertex -8.75 0 -120
    vertex -6.664537254350089 0 -117.9282159261291
    vertex -8.75 0 -117.024015049284
  endloop
endfacet
facet normal 0 -1 0
  outer loop
    vertex -6.664537254350089 0 -117.9282159261291
    vertex -6.664537254350089 0 -114.9522309754131
    vertex -8.75 0 -117.024015049284
  endloop
endfacet
facet normal 0 -1 0
  outer loop
    vertex -6.664537254350089 0 -117.9282159261291
    vertex -4.579074508700177 0 -115.8564318522582
    vertex -6.664537254350089 0 -114.9522309754131
  endloop
endfacet
facet normal 0 -1 0
  outer loop
    vertex -8.75 0 -117.024015049284
    vertex -6.664537254350089 0 -114.9522309754131
    vertex -8.75 0 -114.0480300985681
  endloop
endfacet
facet normal 0 -1 -0
  outer loop
    vertex 8.75 0 -114.0480300985681
    vertex 6.625233515039833 0 -114.8828729810681
    vertex 8.75 0 -117.024015049284
  endloop
endfacet
facet normal 0 -1 0
  outer loop
    vertex 6.625233515039833 0 -114.8828729810681
    vertex 6.625233515039833 0 -117.858857931784
    vertex 8.75 0 -117.024015049284
  endloop
endfacet
facet normal 0 -1 -0
  outer loop
    vertex 6.625233515039833 0 -114.8828729810681
    vertex 4.500467030079665 0 -115.7177158635681
    vertex 6.625233515039833 0 -117.858857931784
  endloop
endfacet
facet normal 0 -1 -0
  outer loop
    vertex 8.75 0 -117.024015049284
    vertex 6.625233515039833 0 -117.858857931784
    vertex 8.75 0 -120
  endloop
endfacet
facet normal 0 -1 0
  outer loop
    vertex 8.75 0 -120
    vertex 6.625233515039833 0 -117.858857931784
    vertex 5.833333333333333 0 -120
  endloop
endfacet
facet normal -0 -1 0
  outer loop
    vertex 6.625233515039833 0 -117.858857931784
    vertex 3.708566848373166 0 -117.858857931784
    vertex 5.833333333333333 0 -120
  endloop
endfacet
facet normal 0 -1 0
  outer loop
    vertex 6.625233515039833 0 -117.858857931784
    vertex 4.500467030079665 0 -115.7177158635681
    vertex 3.708566848373166 0 -117.858857931784
  endloop
endfacet
facet normal 0 -1 0
  outer loop
    vertex 5.833333333333333 0 -120
    vertex 3.708566848373166 0 -117.858857931784
    vertex 2.916666666666666 0 -120
  endloop
endfacet
facet normal 0 -1 0
  outer loop
    vertex -2.916666666666668 0 -120
    vertex -3.747870587683423 0 -117.9282159261291
    vertex -5.833333333333334 0 -120
  endloop
endfacet
facet normal -0 -1 0
  outer loop
    vertex -3.747870587683423 0 -117.9282159261291
    vertex -6.664537254350089 0 -117.9282159261291
    vertex -5.833333333333334 0 -120
  endloop
endfacet
facet normal 0 -1 0
  outer loop
    vertex -3.747870587683423 0 -117.9282159261291
    vertex -4.579074508700177 0 -115.8564318522582
    vertex -6.664537254350089 0 -117.9282159261291
  endloop
endfacet
facet normal 0 -1 0
  outer loop
    vertex -5.833333333333334 0 -120
    vertex -6.664537254350089 0 -117.9282159261291
    vertex -8.75 0 -120
  endloop
endfacet
facet normal 0 -1 -0
  outer loop
    vertex 4.366021287161493 0 -93.47063037054048
    vertex 3.888529383208342 0 -95.97488562880969
    vertex 6.558010643580746 0 -94.83137538240648
  endloop
endfacet
facet normal 0 -1 0
  outer loop
    vertex 3.888529383208342 0 -95.97488562880969
    vertex 6.080518739627595 0 -97.3356306406757
    vertex 6.558010643580746 0 -94.83137538240648
  endloop
endfacet
facet normal 0 -1 -0
  outer loop
    vertex 3.888529383208342 0 -95.97488562880969
    vertex 3.411037479255191 0 -98.47914088707891
    vertex 6.080518739627595 0 -97.3356306406757
  endloop
endfacet
facet normal 0 -1 -0
  outer loop
    vertex 6.558010643580746 0 -94.83137538240648
    vertex 6.080518739627595 0 -97.3356306406757
    vertex 8.75 0 -96.19212039427248
  endloop
endfacet
facet normal 0 -1 0
  outer loop
    vertex -3.595442862799644 0 -99.16810534498842
    vertex -2.63982542480667 0 -96.27631937500554
    vertex -6.172721431399822 0 -97.68011286963045
  endloop
endfacet
facet normal -0 -1 0
  outer loop
    vertex -2.63982542480667 0 -96.27631937500554
    vertex -5.217103993406848 0 -94.78832689964757
    vertex -6.172721431399822 0 -97.68011286963045
  endloop
endfacet
facet normal 0 -1 0
  outer loop
    vertex -2.63982542480667 0 -96.27631937500554
    vertex -1.684207986813696 0 -93.38453340502267
    vertex -5.217103993406848 0 -94.78832689964757
  endloop
endfacet
facet normal 0 -1 0
  outer loop
    vertex -6.172721431399822 0 -97.68011286963045
    vertex -5.217103993406848 0 -94.78832689964757
    vertex -8.75 0 -96.19212039427248
  endloop
endfacet
facet normal -0 -1 0
  outer loop
    vertex 8.75 0 -102.1440902957044
    vertex 6.080518739627595 0 -100.3116155913916
    vertex 6.093640758738151 0 -103.5029705543333
  endloop
endfacet
facet normal 0 -1 -0
  outer loop
    vertex 6.080518739627595 0 -100.3116155913916
    vertex 3.424159498365746 0 -101.6704958500206
    vertex 6.093640758738151 0 -103.5029705543333
  endloop
endfacet
facet normal -0 -1 0
  outer loop
    vertex 6.080518739627595 0 -100.3116155913916
    vertex 3.411037479255191 0 -98.47914088707891
    vertex 3.424159498365746 0 -101.6704958500206
  endloop
endfacet
facet normal -0 -1 0
  outer loop
    vertex 6.093640758738151 0 -103.5029705543333
    vertex 3.424159498365746 0 -101.6704958500206
    vertex 3.437281517476303 0 -104.8618508129623
  endloop
endfacet
facet normal 0 -1 0
  outer loop
    vertex -8.75 0 -102.1440902957044
    vertex -6.172721431399822 0 -103.6320827710623
    vertex -6.172721431399822 0 -100.6560978203464
  endloop
endfacet
facet normal 0 -1 0
  outer loop
    vertex -6.172721431399822 0 -103.6320827710623
    vertex -3.595442862799644 0 -102.1440902957043
    vertex -6.172721431399822 0 -100.6560978203464
  endloop
endfacet
facet normal 0 -1 0
  outer loop
    vertex -6.172721431399822 0 -103.6320827710623
    vertex -3.595442862799644 0 -105.1200752464203
    vertex -3.595442862799644 0 -102.1440902957043
  endloop
endfacet
facet normal 0 -1 0
  outer loop
    vertex -6.172721431399822 0 -100.6560978203464
    vertex -3.595442862799644 0 -102.1440902957043
    vertex -3.595442862799644 0 -99.16810534498842
  endloop
endfacet
facet normal 0 -1 0
  outer loop
    vertex -8.75 0 -90.24015049284061
    vertex -5.217103993406848 0 -91.81234194893165
    vertex -5.867791815332424 0 -88.5780661016623
  endloop
endfacet
facet normal 0 -1 0
  outer loop
    vertex -5.217103993406848 0 -91.81234194893165
    vertex -2.334895808739272 0 -90.15025755775333
    vertex -5.867791815332424 0 -88.5780661016623
  endloop
endfacet
facet normal 0 -1 0
  outer loop
    vertex -5.217103993406848 0 -91.81234194893165
    vertex -1.684207986813696 0 -93.38453340502267
    vertex -2.334895808739272 0 -90.15025755775333
  endloop
endfacet
facet normal 0 -1 0
  outer loop
    vertex -5.867791815332424 0 -88.5780661016623
    vertex -2.334895808739272 0 -90.15025755775333
    vertex -2.985583630664848 0 -86.915981710484
  endloop
endfacet
facet normal 0 -1 0
  outer loop
    vertex 1.993873827260209 0 -76.69378113042002
    vertex 4.023642407176367 0 -78.34430249864991
    vertex 5.371936913630105 0 -76.20280026950563
  endloop
endfacet
facet normal 0 -1 0
  outer loop
    vertex 4.023642407176367 0 -78.34430249864991
    vertex 7.401705493546262 0 -77.85332163773553
    vertex 5.371936913630105 0 -76.20280026950563
  endloop
endfacet
facet normal 0 -1 0
  outer loop
    vertex 4.023642407176367 0 -78.34430249864991
    vertex 6.053410987092525 0 -79.99482386687981
    vertex 7.401705493546262 0 -77.85332163773553
  endloop
endfacet
facet normal 0 -1 0
  outer loop
    vertex 5.371936913630105 0 -76.20280026950563
    vertex 7.401705493546262 0 -77.85332163773553
    vertex 8.75 0 -75.71181940859125
  endloop
endfacet
facet normal 0 -1 0
  outer loop
    vertex 2.280008568031536 0 -83.2067957046076
    vertex 2.763024137158642 0 -85.89558720854581
    vertex 5.515004284015768 0 -83.74748814800817
  endloop
endfacet
facet normal 0 -1 0
  outer loop
    vertex 2.763024137158642 0 -85.89558720854581
    vertex 5.998019853142874 0 -86.43627965194638
    vertex 5.515004284015768 0 -83.74748814800817
  endloop
endfacet
facet normal 0 -1 0
  outer loop
    vertex 2.763024137158642 0 -85.89558720854581
    vertex 3.246039706285748 0 -88.58437871248401
    vertex 5.998019853142874 0 -86.43627965194638
  endloop
endfacet
facet normal 0 -1 0
  outer loop
    vertex 5.515004284015768 0 -83.74748814800817
    vertex 5.998019853142874 0 -86.43627965194638
    vertex 8.75 0 -84.28818059140875
  endloop
endfacet
facet normal 0 -1 0
  outer loop
    vertex 8.75 0 -84.28818059140875
    vertex 7.401705493546263 0 -82.14150222914428
    vertex 5.515004284015768 0 -83.74748814800817
  endloop
endfacet
facet normal -0 -1 0
  outer loop
    vertex 7.401705493546263 0 -82.14150222914428
    vertex 4.166709777562031 0 -81.60080978574371
    vertex 5.515004284015768 0 -83.74748814800817
  endloop
endfacet
facet normal 0 -1 0
  outer loop
    vertex 7.401705493546263 0 -82.14150222914428
    vertex 6.053410987092525 0 -79.99482386687981
    vertex 4.166709777562031 0 -81.60080978574371
  endloop
endfacet
facet normal 0 -1 0
  outer loop
    vertex 5.515004284015768 0 -83.74748814800817
    vertex 4.166709777562031 0 -81.60080978574371
    vertex 2.280008568031536 0 -83.2067957046076
  endloop
endfacet
facet normal 0 -1 0
  outer loop
    vertex -8.75 0 -108.0960601971362
    vertex -6.172780466537223 0 -109.8522395616807
    vertex -6.172721431399822 0 -106.6080677217782
  endloop
endfacet
facet normal 0 -1 0
  outer loop
    vertex -6.172780466537223 0 -109.8522395616807
    vertex -3.595501897937044 0 -108.3642470863228
    vertex -6.172721431399822 0 -106.6080677217782
  endloop
endfacet
facet normal 0 -1 0
  outer loop
    vertex -6.172780466537223 0 -109.8522395616807
    vertex -3.595560933074445 0 -111.6084189262253
    vertex -3.595501897937044 0 -108.3642470863228
  endloop
endfacet
facet normal 0 -1 0
  outer loop
    vertex -6.172721431399822 0 -106.6080677217782
    vertex -3.595501897937044 0 -108.3642470863228
    vertex -3.595442862799644 0 -105.1200752464203
  endloop
endfacet
facet normal 0 -1 -0
  outer loop
    vertex 3.437281517476303 0 -104.8618508129623
    vertex 3.224246308538828 0 -107.8416633943727
    vertex 6.093640758738152 0 -106.4789555050493
  endloop
endfacet
facet normal 0 -1 0
  outer loop
    vertex 3.224246308538828 0 -107.8416633943727
    vertex 5.880605549800677 0 -109.4587680864596
    vertex 6.093640758738152 0 -106.4789555050493
  endloop
endfacet
facet normal 0 -1 -0
  outer loop
    vertex 3.224246308538828 0 -107.8416633943727
    vertex 3.011211099601353 0 -110.821475975783
    vertex 5.880605549800677 0 -109.4587680864596
  endloop
endfacet
facet normal 0 -1 -0
  outer loop
    vertex 6.093640758738152 0 -106.4789555050493
    vertex 5.880605549800677 0 -109.4587680864596
    vertex 8.75 0 -108.0960601971362
  endloop
endfacet
facet normal 0 -1 0
  outer loop
    vertex 3.153619767478669 0 -65.67126291085877
    vertex 3.359416358396402 0 -68.61356590030142
    vertex 5.951809883739335 0 -67.54917727800677
  endloop
endfacet
facet normal 0 -1 0
  outer loop
    vertex 3.359416358396402 0 -68.61356590030142
    vertex 6.157606474657068 0 -70.49148026744942
    vertex 5.951809883739335 0 -67.54917727800677
  endloop
endfacet
facet normal 0 -1 0
  outer loop
    vertex 3.359416358396402 0 -68.61356590030142
    vertex 3.565212949314136 0 -71.55586888974408
    vertex 6.157606474657068 0 -70.49148026744942
  endloop
endfacet
facet normal 0 -1 0
  outer loop
    vertex 5.951809883739335 0 -67.54917727800677
    vertex 6.157606474657068 0 -70.49148026744942
    vertex 8.75 0 -69.42709164515475
  endloop
endfacet
facet normal 0 -1 -0
  outer loop
    vertex -2.82123486928959 0 -4.118472486415087
    vertex -3.826537823220587 0 -5.837516136371285
    vertex -1.787528604063837 0 -6.21344461367088
  endloop
endfacet
facet normal 0 -1 0
  outer loop
    vertex -3.826537823220587 0 -5.837516136371285
    vertex -2.792831557994834 0 -7.932488263627079
    vertex -1.787528604063837 0 -6.21344461367088
  endloop
endfacet
facet normal 0 -1 -0
  outer loop
    vertex -3.826537823220587 0 -5.837516136371285
    vertex -4.831840777151582 0 -7.556559786327483
    vertex -2.792831557994834 0 -7.932488263627079
  endloop
endfacet
facet normal 0 -1 -0
  outer loop
    vertex -1.787528604063837 0 -6.21344461367088
    vertex -2.792831557994834 0 -7.932488263627079
    vertex -0.7538223388380851 0 -8.308416740926674
  endloop
endfacet
facet normal 0 -1 0
  outer loop
    vertex 3.710306946349115 0 -5.679879059332563
    vertex 1.478242303755515 0 -6.994147900129619
    vertex 3.616054050696602 0 -8.848735311974874
  endloop
endfacet
facet normal 0 -1 -0
  outer loop
    vertex 1.478242303755515 0 -6.994147900129619
    vertex 1.383989408103002 0 -10.16300415277193
    vertex 3.616054050696602 0 -8.848735311974874
  endloop
endfacet
facet normal 0 -1 0
  outer loop
    vertex 1.478242303755515 0 -6.994147900129619
    vertex -0.7538223388380851 0 -8.308416740926674
    vertex 1.383989408103002 0 -10.16300415277193
  endloop
endfacet
facet normal 0 -1 0
  outer loop
    vertex 3.616054050696602 0 -8.848735311974874
    vertex 1.383989408103002 0 -10.16300415277193
    vertex 3.521801155044088 0 -12.01759156461718
  endloop
endfacet
facet normal -0 -1 0
  outer loop
    vertex 3.521801155044088 0 -12.01759156461718
    vertex 1.383989408103002 0 -10.16300415277193
    vertex 0.2188272387069299 0 -12.41556869359729
  endloop
endfacet
facet normal 0 -1 0
  outer loop
    vertex 1.383989408103002 0 -10.16300415277193
    vertex -1.918984508234157 0 -10.56098128175203
    vertex 0.2188272387069299 0 -12.41556869359729
  endloop
endfacet
facet normal -0 -1 0
  outer loop
    vertex 1.383989408103002 0 -10.16300415277193
    vertex -0.7538223388380851 0 -8.308416740926674
    vertex -1.918984508234157 0 -10.56098128175203
  endloop
endfacet
facet normal -0 -1 0
  outer loop
    vertex 0.2188272387069299 0 -12.41556869359729
    vertex -1.918984508234157 0 -10.56098128175203
    vertex -3.084146677630228 0 -12.81354582257739
  endloop
endfacet
facet normal -0 -1 0
  outer loop
    vertex 8.75 0 -90.24015049284061
    vertex 5.998019853142874 0 -89.4122646026623
    vertex 6.558010643580746 0 -91.85539043169055
  endloop
endfacet
facet normal 0 -1 -0
  outer loop
    vertex 5.998019853142874 0 -89.4122646026623
    vertex 3.80603049672362 0 -91.02750454151224
    vertex 6.558010643580746 0 -91.85539043169055
  endloop
endfacet
facet normal -0 -1 0
  outer loop
    vertex 5.998019853142874 0 -89.4122646026623
    vertex 3.246039706285748 0 -88.58437871248401
    vertex 3.80603049672362 0 -91.02750454151224
  endloop
endfacet
facet normal -0 -1 0
  outer loop
    vertex 6.558010643580746 0 -91.85539043169055
    vertex 3.80603049672362 0 -91.02750454151224
    vertex 4.366021287161493 0 -93.47063037054048
  endloop
endfacet
facet normal 0 -1 0
  outer loop
    vertex 0 0 -115.5965870038067
    vertex -2.289537254350089 0 -115.7265094280325
    vertex -1.458333333333334 0 -117.7982935019034
  endloop
endfacet
facet normal 0 -1 -0
  outer loop
    vertex -2.289537254350089 0 -115.7265094280325
    vertex -3.747870587683423 0 -117.9282159261291
    vertex -1.458333333333334 0 -117.7982935019034
  endloop
endfacet
facet normal 0 -1 0
  outer loop
    vertex -2.289537254350089 0 -115.7265094280325
    vertex -4.579074508700177 0 -115.8564318522582
    vertex -3.747870587683423 0 -117.9282159261291
  endloop
endfacet
facet normal 0 -1 0
  outer loop
    vertex -1.458333333333334 0 -117.7982935019034
    vertex -3.747870587683423 0 -117.9282159261291
    vertex -2.916666666666668 0 -120
  endloop
endfacet
facet normal 0 -1 0
  outer loop
    vertex 2.916666666666666 0 -120
    vertex 3.708566848373166 0 -117.858857931784
    vertex 1.458333333333333 0 -117.7982935019034
  endloop
endfacet
facet normal 0 -1 0
  outer loop
    vertex 3.708566848373166 0 -117.858857931784
    vertex 2.250233515039833 0 -115.6571514336874
    vertex 1.458333333333333 0 -117.7982935019034
  endloop
endfacet
facet normal 0 -1 0
  outer loop
    vertex 3.708566848373166 0 -117.858857931784
    vertex 4.500467030079665 0 -115.7177158635681
    vertex 2.250233515039833 0 -115.6571514336874
  endloop
endfacet
facet normal 0 -1 0
  outer loop
    vertex 1.458333333333333 0 -117.7982935019034
    vertex 2.250233515039833 0 -115.6571514336874
    vertex 0 0 -115.5965870038067
  endloop
endfacet
facet normal -0 -1 0
  outer loop
    vertex 10.33416360307533 0 -80
    vertex 8.193787295083929 0 -79.99741193343991
    vertex 9.542081801537666 0 -82.14409029570437
  endloop
endfacet
facet normal 0 -1 -0
  outer loop
    vertex 8.193787295083929 0 -79.99741193343991
    vertex 7.401705493546263 0 -82.14150222914428
    vertex 9.542081801537666 0 -82.14409029570437
  endloop
endfacet
facet normal -0 -1 0
  outer loop
    vertex 8.193787295083929 0 -79.99741193343991
    vertex 6.053410987092525 0 -79.99482386687981
    vertex 7.401705493546263 0 -82.14150222914428
  endloop
endfacet
facet normal -0 -1 0
  outer loop
    vertex 9.542081801537666 0 -82.14409029570437
    vertex 7.401705493546263 0 -82.14150222914428
    vertex 8.75 0 -84.28818059140875
  endloop
endfacet
facet normal 0 -1 -0
  outer loop
    vertex 8.75 0 -75.71181940859125
    vertex 7.401705493546262 0 -77.85332163773553
    vertex 9.542081801537666 0 -77.85590970429563
  endloop
endfacet
facet normal 0 -1 0
  outer loop
    vertex 7.401705493546262 0 -77.85332163773553
    vertex 8.193787295083929 0 -79.99741193343991
    vertex 9.542081801537666 0 -77.85590970429563
  endloop
endfacet
facet normal 0 -1 -0
  outer loop
    vertex 7.401705493546262 0 -77.85332163773553
    vertex 6.053410987092525 0 -79.99482386687981
    vertex 8.193787295083929 0 -79.99741193343991
  endloop
endfacet
facet normal 0 -1 -0
  outer loop
    vertex 9.542081801537666 0 -77.85590970429563
    vertex 8.193787295083929 0 -79.99741193343991
    vertex 10.33416360307533 0 -80
  endloop
endfacet
facet normal 0 -1 0
  outer loop
    vertex -8.75 0 -114.0480300985681
    vertex -6.664537254350089 0 -114.9522309754131
    vertex -6.172780466537223 0 -112.8282245123967
  endloop
endfacet
facet normal 0 -1 0
  outer loop
    vertex -6.664537254350089 0 -114.9522309754131
    vertex -4.087317720887311 0 -113.7324253892417
    vertex -6.172780466537223 0 -112.8282245123967
  endloop
endfacet
facet normal 0 -1 0
  outer loop
    vertex -6.664537254350089 0 -114.9522309754131
    vertex -4.579074508700177 0 -115.8564318522582
    vertex -4.087317720887311 0 -113.7324253892417
  endloop
endfacet
facet normal 0 -1 0
  outer loop
    vertex -6.172780466537223 0 -112.8282245123967
    vertex -4.087317720887311 0 -113.7324253892417
    vertex -3.595560933074445 0 -111.6084189262253
  endloop
endfacet
facet normal 0 -1 0
  outer loop
    vertex 3.011211099601353 0 -110.821475975783
    vertex 3.755839064840509 0 -113.2695959196755
    vertex 5.880605549800677 0 -112.4347530371755
  endloop
endfacet
facet normal 0 -1 0
  outer loop
    vertex 3.755839064840509 0 -113.2695959196755
    vertex 6.625233515039833 0 -114.8828729810681
    vertex 5.880605549800677 0 -112.4347530371755
  endloop
endfacet
facet normal 0 -1 0
  outer loop
    vertex 3.755839064840509 0 -113.2695959196755
    vertex 4.500467030079665 0 -115.7177158635681
    vertex 6.625233515039833 0 -114.8828729810681
  endloop
endfacet
facet normal 0 -1 0
  outer loop
    vertex 5.880605549800677 0 -112.4347530371755
    vertex 6.625233515039833 0 -114.8828729810681
    vertex 8.75 0 -114.0480300985681
  endloop
endfacet
facet normal 0 -1 -0
  outer loop
    vertex 14.12349064332649 0 -78.29651815651407
    vertex 12.22882712320091 0 -79.14825907825704
    vertex 14.12349064332649 0 -80
  endloop
endfacet
facet normal 0 -1 0
  outer loop
    vertex 12.22882712320091 0 -79.14825907825704
    vertex 12.22882712320091 0 -80.85174092174296
    vertex 14.12349064332649 0 -80
  endloop
endfacet
facet normal 0 -1 -0
  outer loop
    vertex 12.22882712320091 0 -79.14825907825704
    vertex 10.33416360307533 0 -80
    vertex 12.22882712320091 0 -80.85174092174296
  endloop
endfacet
facet normal 0 -1 -0
  outer loop
    vertex 14.12349064332649 0 -80
    vertex 12.22882712320091 0 -80.85174092174296
    vertex 14.12349064332649 0 -81.70348184348593
  endloop
endfacet
facet normal -7.99516e-16 -1 0
  outer loop
    vertex -14.12349064332649 1.729628760913738e-15 -41.70348184348592
    vertex -11.96014531952653 0 -40.95477618372945
    vertex -14.12349064332649 1.729628760913738e-15 -40
  endloop
endfacet
facet normal -7.99516e-16 -1 0
  outer loop
    vertex -11.96014531952653 0 -40.95477618372945
    vertex -11.96014531952653 0 -39.25129434024353
    vertex -14.12349064332649 1.729628760913738e-15 -40
  endloop
endfacet
facet normal 0 -1 0
  outer loop
    vertex -11.96014531952653 0 -40.95477618372945
    vertex -9.796799995726555 0 -40.20607052397298
    vertex -11.96014531952653 0 -39.25129434024353
  endloop
endfacet
facet normal -7.99516e-16 -1 0
  outer loop
    vertex -14.12349064332649 1.729628760913738e-15 -40
    vertex -11.96014531952653 0 -39.25129434024353
    vertex -14.12349064332649 1.729628760913738e-15 -38.29651815651407
  endloop
endfacet
facet normal 0 -1 -0
  outer loop
    vertex -3.595560933074445 0 -111.6084189262253
    vertex -4.087317720887311 0 -113.7324253892417
    vertex -1.797780466537223 0 -113.602502965016
  endloop
endfacet
facet normal 0 -1 0
  outer loop
    vertex -4.087317720887311 0 -113.7324253892417
    vertex -2.289537254350089 0 -115.7265094280325
    vertex -1.797780466537223 0 -113.602502965016
  endloop
endfacet
facet normal 0 -1 -0
  outer loop
    vertex -4.087317720887311 0 -113.7324253892417
    vertex -4.579074508700177 0 -115.8564318522582
    vertex -2.289537254350089 0 -115.7265094280325
  endloop
endfacet
facet normal 0 -1 -0
  outer loop
    vertex -1.797780466537223 0 -113.602502965016
    vertex -2.289537254350089 0 -115.7265094280325
    vertex 0 0 -115.5965870038067
  endloop
endfacet
facet normal 0 -1 0
  outer loop
    vertex 0 0 -115.5965870038067
    vertex 2.250233515039833 0 -115.6571514336874
    vertex 1.505605549800677 0 -113.2090314897949
  endloop
endfacet
facet normal 0 -1 0
  outer loop
    vertex 2.250233515039833 0 -115.6571514336874
    vertex 3.755839064840509 0 -113.2695959196755
    vertex 1.505605549800677 0 -113.2090314897949
  endloop
endfacet
facet normal 0 -1 0
  outer loop
    vertex 2.250233515039833 0 -115.6571514336874
    vertex 4.500467030079665 0 -115.7177158635681
    vertex 3.755839064840509 0 -113.2695959196755
  endloop
endfacet
facet normal 0 -1 0
  outer loop
    vertex 1.505605549800677 0 -113.2090314897949
    vertex 3.755839064840509 0 -113.2695959196755
    vertex 3.011211099601353 0 -110.821475975783
  endloop
endfacet
facet normal 0 -1 0
  outer loop
    vertex 5.875000000000016 0 0
    vertex 7.312500000000008 0 -1.5
    vertex 8.812500000000007 0 0
  endloop
endfacet
facet normal 0 -1 0
  outer loop
    vertex 7.312500000000008 0 -1.5
    vertex 10.25 0 -1.5
    vertex 8.812500000000007 0 0
  endloop
endfacet
facet normal 0 -1 0
  outer loop
    vertex 7.312500000000008 0 -1.5
    vertex 8.75 0 -3
    vertex 10.25 0 -1.5
  endloop
endfacet
facet normal 0 -1 0
  outer loop
    vertex 8.812500000000007 0 0
    vertex 10.25 0 -1.5
    vertex 11.75 0 0
  endloop
endfacet
facet normal 0 -1 0
  outer loop
    vertex -11.75 0 0
    vertex -10.25 0 -1.5
    vertex -8.812499999999986 0 0
  endloop
endfacet
facet normal 0 -1 0
  outer loop
    vertex -10.25 0 -1.5
    vertex -7.312499999999986 0 -1.5
    vertex -8.812499999999986 0 0
  endloop
endfacet
facet normal 0 -1 0
  outer loop
    vertex -10.25 0 -1.5
    vertex -8.75 0 -3
    vertex -7.312499999999986 0 -1.5
  endloop
endfacet
facet normal 0 -1 0
  outer loop
    vertex -8.812499999999986 0 0
    vertex -7.312499999999986 0 -1.5
    vertex -5.874999999999972 0 0
  endloop
endfacet
facet normal 0.377229 0.238692 -0.894832
  outer loop
    vertex 12.70931805962141 6.160050520207775 -41.70348184348592
    vertex 10.73333585274395 5.907467259081784 -42.60385962220928
    vertex 11.00877194098829 8.847594492484374 -41.70348184348592
  endloop
endfacet
facet normal 0.337149 0.246653 -0.908566
  outer loop
    vertex 10.73333585274395 5.907467259081784 -42.60385962220928
    vertex 8.75 8.391566285494504 -42.66546347435965
    vertex 11.00877194098829 8.847594492484374 -41.70348184348592
  endloop
endfacet
facet normal 0.362773 0.267505 -0.892657
  outer loop
    vertex 10.73333585274395 5.907467259081784 -42.60385962220928
    vertex 8.75 5.650836661434593 -43.48678686526019
    vertex 8.75 8.391566285494504 -42.66546347435965
  endloop
endfacet
facet normal 0.316136 0.318941 -0.893495
  outer loop
    vertex 11.00877194098829 8.847594492484374 -41.70348184348592
    vertex 8.75 8.391566285494504 -42.66546347435965
    vertex 8.75 11.08650025716551 -41.70348184348592
  endloop
endfacet
facet normal 0.45129 0.0511366 -0.890911
  outer loop
    vertex 14.12349064332649 0 -41.70348184348592
    vertex 12.4601732750212 1.362908132190339 -42.46780592050919
    vertex 13.76540814233734 3.160146614795554 -41.70348184348592
  endloop
endfacet
facet normal 0.400827 0.0963594 -0.911072
  outer loop
    vertex 12.4601732750212 1.362908132190339 -42.46780592050919
    vertex 11.74660480041008 4.445266493167771 -42.45573602520302
    vertex 13.76540814233734 3.160146614795554 -41.70348184348592
  endloop
endfacet
facet normal 0.446246 0.106786 -0.888516
  outer loop
    vertex 12.4601732750212 1.362908132190339 -42.46780592050919
    vertex 10.76127757598169 2.721924665506638 -43.15772283987673
    vertex 11.74660480041008 4.445266493167771 -42.45573602520302
  endloop
endfacet
facet normal 0.427971 0.150663 -0.891146
  outer loop
    vertex 13.76540814233734 3.160146614795554 -41.70348184348592
    vertex 11.74660480041008 4.445266493167771 -42.45573602520302
    vertex 12.70931805962141 6.160050520207775 -41.70348184348592
  endloop
endfacet
facet normal 0.364604 0.190008 -0.911571
  outer loop
    vertex 8.75 5.650836661434593 -43.48678686526019
    vertex 9.780188713033009 4.196915630346663 -43.3777940564662
    vertex 8.75 2.850727277477155 -44.07044184614686
  endloop
endfacet
facet normal 0.44574 0.115617 -0.887664
  outer loop
    vertex 9.780188713033009 4.196915630346663 -43.3777940564662
    vertex 9.769591644629093 1.362908828798492 -43.75224008237632
    vertex 8.75 2.850727277477155 -44.07044184614686
  endloop
endfacet
facet normal 0.384918 0.11948 -0.915185
  outer loop
    vertex 9.780188713033009 4.196915630346663 -43.3777940564662
    vertex 10.76127757598169 2.721924665506638 -43.15772283987673
    vertex 9.769591644629093 1.362908828798492 -43.75224008237632
  endloop
endfacet
facet normal 0.389043 0.0701585 -0.918544
  outer loop
    vertex 8.75 2.850727277477155 -44.07044184614686
    vertex 9.769591644629093 1.362908828798492 -43.75224008237632
    vertex 8.75 0 -44.28818059140875
  endloop
endfacet
facet normal 0.433274 0.0300764 -0.90076
  outer loop
    vertex 8.75 0 -44.28818059140875
    vertex 9.769591644629093 1.362908828798492 -43.75224008237632
    vertex 11.43674532166325 0 -42.99583121744734
  endloop
endfacet
facet normal 0.430663 0.0261191 -0.902135
  outer loop
    vertex 9.769591644629093 1.362908828798492 -43.75224008237632
    vertex 12.4601732750212 1.362908132190339 -42.46780592050919
    vertex 11.43674532166325 0 -42.99583121744734
  endloop
endfacet
facet normal 0.429423 0.0801597 -0.899539
  outer loop
    vertex 9.769591644629093 1.362908828798492 -43.75224008237632
    vertex 10.76127757598169 2.721924665506638 -43.15772283987673
    vertex 12.4601732750212 1.362908132190339 -42.46780592050919
  endloop
endfacet
facet normal 0.433349 0.0236296 -0.900916
  outer loop
    vertex 11.43674532166325 0 -42.99583121744734
    vertex 12.4601732750212 1.362908132190339 -42.46780592050919
    vertex 14.12349064332649 0 -41.70348184348592
  endloop
endfacet
facet normal 0.389079 0.178063 -0.903831
  outer loop
    vertex 12.70931805962141 6.160050520207775 -41.70348184348592
    vertex 11.74660480041008 4.445266493167771 -42.45573602520302
    vertex 10.73333585274395 5.907467259081784 -42.60385962220928
  endloop
endfacet
facet normal 0.398009 0.184783 -0.898579
  outer loop
    vertex 11.74660480041008 4.445266493167771 -42.45573602520302
    vertex 9.780188713033009 4.196915630346663 -43.3777940564662
    vertex 10.73333585274395 5.907467259081784 -42.60385962220928
  endloop
endfacet
facet normal 0.406535 0.1356 -0.903516
  outer loop
    vertex 11.74660480041008 4.445266493167771 -42.45573602520302
    vertex 10.76127757598169 2.721924665506638 -43.15772283987673
    vertex 9.780188713033009 4.196915630346663 -43.3777940564662
  endloop
endfacet
facet normal 0.376907 0.19925 -0.904567
  outer loop
    vertex 10.73333585274395 5.907467259081784 -42.60385962220928
    vertex 9.780188713033009 4.196915630346663 -43.3777940564662
    vertex 8.75 5.650836661434593 -43.48678686526019
  endloop
endfacet
facet normal 0.689643 0.66453 0.287738
  outer loop
    vertex 8.75 11.08650025716551 -41.21743788101038
    vertex 11.99635076495567 7.453895375994919 -40.60871894050519
    vertex 11.00877194098829 8.847594492484374 -41.46045986224816
  endloop
endfacet
facet normal 0.85555 0.430398 -0.287738
  outer loop
    vertex 11.99635076495567 7.453895375994919 -40.60871894050519
    vertex 13.36001640833064 4.580714957434819 -40.85174092174296
    vertex 11.00877194098829 8.847594492484374 -41.46045986224816
  endloop
endfacet
facet normal 0.874404 0.390671 0.287738
  outer loop
    vertex 11.99635076495567 7.453895375994919 -40.60871894050519
    vertex 13.81529660712436 2.934376868997747 -40
    vertex 13.36001640833064 4.580714957434819 -40.85174092174296
  endloop
endfacet
facet normal 0.820847 0.493373 0.287738
  outer loop
    vertex 11.00877194098829 8.847594492484374 -41.46045986224816
    vertex 13.36001640833064 4.580714957434819 -40.85174092174296
    vertex 12.70931805962141 6.160050520207775 -41.70348184348592
  endloop
endfacet
facet normal -0.689643 0.66453 -0.287738
  outer loop
    vertex -8.75 11.08650025716551 -38.78256211898962
    vertex -11.99635076495485 7.453895375996241 -39.39128105949481
    vertex -11.00877194098829 8.847594492484379 -38.53954013775184
  endloop
endfacet
facet normal -0.85555 0.430398 0.287738
  outer loop
    vertex -11.99635076495485 7.453895375996241 -39.39128105949481
    vertex -13.36001640833013 4.580714957436297 -39.14825907825703
    vertex -11.00877194098829 8.847594492484379 -38.53954013775184
  endloop
endfacet
facet normal -0.874404 0.390671 -0.287738
  outer loop
    vertex -11.99635076495485 7.453895375996241 -39.39128105949481
    vertex -13.81529660712372 2.934376869000791 -40
    vertex -13.36001640833013 4.580714957436297 -39.14825907825703
  endloop
endfacet
facet normal -0.820847 0.493373 -0.287738
  outer loop
    vertex -11.00877194098829 8.847594492484379 -38.53954013775184
    vertex -13.36001640833013 4.580714957436297 -39.14825907825703
    vertex -12.70931805962141 6.160050520207779 -38.29651815651407
  endloop
endfacet
facet normal 0.87237 0.455342 -0.177857
  outer loop
    vertex 12.70931805962141 6.160050520207775 -38.29651815651407
    vertex 13.36001640833064 4.580714957434819 -39.14825907825703
    vertex 11.00877194098829 8.847594492484374 -39.75697801876223
  endloop
endfacet
facet normal 0.85092 0.494269 0.177857
  outer loop
    vertex 13.36001640833064 4.580714957434819 -39.14825907825703
    vertex 11.99635076495567 7.453895375994919 -40.60871894050519
    vertex 11.00877194098829 8.847594492484374 -39.75697801876223
  endloop
endfacet
facet normal 0.92096 0.346699 -0.177857
  outer loop
    vertex 13.36001640833064 4.580714957434819 -39.14825907825703
    vertex 13.81529660712436 2.934376868997747 -40
    vertex 11.99635076495567 7.453895375994919 -40.60871894050519
  endloop
endfacet
facet normal 0.748369 0.638992 -0.177857
  outer loop
    vertex 11.00877194098829 8.847594492484374 -39.75697801876223
    vertex 11.99635076495567 7.453895375994919 -40.60871894050519
    vertex 8.75 11.08650025716551 -41.21743788101038
  endloop
endfacet
facet normal -0.87237 0.455342 0.177857
  outer loop
    vertex -12.70931805962141 6.160050520207779 -41.70348184348592
    vertex -13.36001640833013 4.580714957436297 -40.85174092174296
    vertex -11.00877194098829 8.847594492484379 -40.24302198123777
  endloop
endfacet
facet normal -0.85092 0.494269 -0.177857
  outer loop
    vertex -13.36001640833013 4.580714957436297 -40.85174092174296
    vertex -11.99635076495485 7.453895375996241 -39.39128105949481
    vertex -11.00877194098829 8.847594492484379 -40.24302198123777
  endloop
endfacet
facet normal -0.92096 0.346699 0.177857
  outer loop
    vertex -13.36001640833013 4.580714957436297 -40.85174092174296
    vertex -13.81529660712372 2.934376869000791 -40
    vertex -11.99635076495485 7.453895375996241 -39.39128105949481
  endloop
endfacet
facet normal -0.748369 0.638992 0.177857
  outer loop
    vertex -11.00877194098829 8.847594492484379 -40.24302198123777
    vertex -11.99635076495485 7.453895375996241 -39.39128105949481
    vertex -8.75 11.08650025716551 -38.78256211898962
  endloop
endfacet
facet normal 0.703977 0.710223 0
  outer loop
    vertex 8.75 11.08650025716551 -38.78256211898962
    vertex 11.00877194098829 8.847594492484374 -38.53954013775184
    vertex 8.75 11.08650025716551 -40
  endloop
endfacet
facet normal 0.703977 0.710223 0
  outer loop
    vertex 11.00877194098829 8.847594492484374 -38.53954013775184
    vertex 11.00877194098829 8.847594492484374 -39.75697801876223
    vertex 8.75 11.08650025716551 -40
  endloop
endfacet
facet normal 0.845041 0.534701 0
  outer loop
    vertex 11.00877194098829 8.847594492484374 -38.53954013775184
    vertex 12.70931805962141 6.160050520207775 -38.29651815651407
    vertex 11.00877194098829 8.847594492484374 -39.75697801876223
  endloop
endfacet
facet normal 0.703977 0.710223 0
  outer loop
    vertex 8.75 11.08650025716551 -40
    vertex 11.00877194098829 8.847594492484374 -39.75697801876223
    vertex 8.75 11.08650025716551 -41.21743788101038
  endloop
endfacet
facet normal -0.845041 0.534701 0
  outer loop
    vertex -12.70931805962141 6.160050520207779 -41.70348184348592
    vertex -11.00877194098829 8.847594492484379 -40.24302198123777
    vertex -11.00877194098829 8.847594492484379 -41.46045986224816
  endloop
endfacet
facet normal -0.703977 0.710223 0
  outer loop
    vertex -11.00877194098829 8.847594492484379 -40.24302198123777
    vertex -8.749999999999998 11.08650025716551 -40
    vertex -11.00877194098829 8.847594492484379 -41.46045986224816
  endloop
endfacet
facet normal -0.703977 0.710223 -1.14695e-15
  outer loop
    vertex -11.00877194098829 8.847594492484379 -40.24302198123777
    vertex -8.75 11.08650025716551 -38.78256211898962
    vertex -8.749999999999998 11.08650025716551 -40
  endloop
endfacet
facet normal -0.703977 0.710223 1.14695e-15
  outer loop
    vertex -11.00877194098829 8.847594492484379 -41.46045986224816
    vertex -8.749999999999998 11.08650025716551 -40
    vertex -8.75 11.08650025716551 -41.21743788101038
  endloop
endfacet
facet normal -0.121432 0.984462 0.126842
  outer loop
    vertex 1.968108378081571e-14 14.12349064332649 -38.29651815651407
    vertex -1.72900985484564 14.01725768023038 -39.12727533471722
    vertex -3.432009448525522 13.70015690046514 -38.29651815651407
  endloop
endfacet
facet normal -0.241037 0.962191 -0.126842
  outer loop
    vertex -1.72900985484564 14.01725768023038 -39.12727533471722
    vertex -5.083379803754643 13.17695859153053 -39.12727533471722
    vertex -3.432009448525522 13.70015690046514 -38.29651815651407
  endloop
endfacet
facet normal -0.241037 0.962191 0.126842
  outer loop
    vertex -1.72900985484564 14.01725768023038 -39.12727533471722
    vertex -3.432009448525525 13.70015690046514 -39.95803251292037
    vertex -5.083379803754643 13.17695859153053 -39.12727533471722
  endloop
endfacet
facet normal -0.357017 0.925446 0.126842
  outer loop
    vertex -3.432009448525522 13.70015690046514 -38.29651815651407
    vertex -5.083379803754643 13.17695859153053 -39.12727533471722
    vertex -6.658278624752818 12.45553345735503 -38.29651815651407
  endloop
endfacet
facet normal 0.357017 0.925446 0.126842
  outer loop
    vertex 6.658278624752819 12.45553345735503 -38.29651815651407
    vertex 5.083379803754653 13.17695859153053 -39.12727533471722
    vertex 3.432009448525542 13.70015690046513 -38.29651815651407
  endloop
endfacet
facet normal 0.241037 0.962191 -0.126842
  outer loop
    vertex 5.083379803754653 13.17695859153053 -39.12727533471722
    vertex 1.729009854845667 14.01725768023038 -39.12727533471722
    vertex 3.432009448525542 13.70015690046513 -38.29651815651407
  endloop
endfacet
facet normal 0.241037 0.962191 0.126842
  outer loop
    vertex 5.083379803754653 13.17695859153053 -39.12727533471722
    vertex 3.432009448525545 13.70015690046513 -39.95803251292037
    vertex 1.729009854845667 14.01725768023038 -39.12727533471722
  endloop
endfacet
facet normal 0.121432 0.984462 0.126842
  outer loop
    vertex 3.432009448525542 13.70015690046513 -38.29651815651407
    vertex 1.729009854845667 14.01725768023038 -39.12727533471722
    vertex 1.968108378081571e-14 14.12349064332649 -38.29651815651407
  endloop
endfacet
facet normal -0.357287 0.926146 -0.120834
  outer loop
    vertex -6.658278624752828 12.45553345735503 -41.70348184348592
    vertex -5.083379803754651 13.17695859153053 -40.83075717820314
    vertex -3.432009448525528 13.70015690046513 -41.70348184348592
  endloop
endfacet
facet normal -0.24122 0.962919 0.120834
  outer loop
    vertex -5.083379803754651 13.17695859153053 -40.83075717820314
    vertex -1.72900985484564 14.01725768023038 -40.83075717820314
    vertex -3.432009448525528 13.70015690046513 -41.70348184348592
  endloop
endfacet
facet normal -0.24122 0.962919 -0.120834
  outer loop
    vertex -5.083379803754651 13.17695859153053 -40.83075717820314
    vertex -3.432009448525525 13.70015690046514 -39.95803251292037
    vertex -1.72900985484564 14.01725768023038 -40.83075717820314
  endloop
endfacet
facet normal -0.121524 0.985206 -0.120834
  outer loop
    vertex -3.432009448525528 13.70015690046513 -41.70348184348592
    vertex -1.72900985484564 14.01725768023038 -40.83075717820314
    vertex 1.968108378081571e-14 14.12349064332649 -41.70348184348592
  endloop
endfacet
facet normal 0.121524 0.985206 -0.120834
  outer loop
    vertex 1.968108378081571e-14 14.12349064332649 -41.70348184348592
    vertex 1.729009854845667 14.01725768023038 -40.83075717820314
    vertex 3.432009448525545 13.70015690046513 -41.70348184348592
  endloop
endfacet
facet normal 0.24122 0.962919 0.120834
  outer loop
    vertex 1.729009854845667 14.01725768023038 -40.83075717820314
    vertex 5.083379803754658 13.17695859153053 -40.83075717820314
    vertex 3.432009448525545 13.70015690046513 -41.70348184348592
  endloop
endfacet
facet normal 0.24122 0.962919 -0.120834
  outer loop
    vertex 1.729009854845667 14.01725768023038 -40.83075717820314
    vertex 3.432009448525545 13.70015690046513 -39.95803251292037
    vertex 5.083379803754658 13.17695859153053 -40.83075717820314
  endloop
endfacet
facet normal 0.357287 0.926146 -0.120834
  outer loop
    vertex 3.432009448525545 13.70015690046513 -41.70348184348592
    vertex 5.083379803754658 13.17695859153053 -40.83075717820314
    vertex 6.658278624752828 12.45553345735503 -41.70348184348592
  endloop
endfacet
facet normal -0.988221 0.111977 -0.104311
  outer loop
    vertex -14.12349064332649 1.729628760913738e-15 -41.70348184348592
    vertex -14.04623081679962 1.475258551345991 -40.85174092174296
    vertex -13.76540814233734 3.160146614795557 -41.70348184348592
  endloop
endfacet
facet normal -0.971118 0.214589 0.104311
  outer loop
    vertex -14.04623081679962 1.475258551345991 -40.85174092174296
    vertex -13.36001640833013 4.580714957436297 -40.85174092174296
    vertex -13.76540814233734 3.160146614795557 -41.70348184348592
  endloop
endfacet
facet normal -0.971118 0.214589 -0.104311
  outer loop
    vertex -14.04623081679962 1.475258551345991 -40.85174092174296
    vertex -13.81529660712372 2.934376869000791 -40
    vertex -13.36001640833013 4.580714957436297 -40.85174092174296
  endloop
endfacet
facet normal -0.938111 0.330254 -0.104311
  outer loop
    vertex -13.76540814233734 3.160146614795557 -41.70348184348592
    vertex -13.36001640833013 4.580714957436297 -40.85174092174296
    vertex -12.70931805962141 6.160050520207779 -41.70348184348592
  endloop
endfacet
facet normal -0.938111 0.330254 0.104311
  outer loop
    vertex -12.70931805962141 6.160050520207779 -38.29651815651407
    vertex -13.36001640833013 4.580714957436297 -39.14825907825703
    vertex -13.76540814233734 3.160146614795557 -38.29651815651407
  endloop
endfacet
facet normal -0.971118 0.214589 -0.104311
  outer loop
    vertex -13.36001640833013 4.580714957436297 -39.14825907825703
    vertex -14.04623081679962 1.475258551345991 -39.14825907825703
    vertex -13.76540814233734 3.160146614795557 -38.29651815651407
  endloop
endfacet
facet normal -0.971118 0.214589 0.104311
  outer loop
    vertex -13.36001640833013 4.580714957436297 -39.14825907825703
    vertex -13.81529660712372 2.934376869000791 -40
    vertex -14.04623081679962 1.475258551345991 -39.14825907825703
  endloop
endfacet
facet normal -0.988221 0.111977 0.104311
  outer loop
    vertex -13.76540814233734 3.160146614795557 -38.29651815651407
    vertex -14.04623081679962 1.475258551345991 -39.14825907825703
    vertex -14.12349064332649 1.729628760913738e-15 -38.29651815651407
  endloop
endfacet
facet normal 0.938111 0.330254 -0.104311
  outer loop
    vertex 12.70931805962141 6.160050520207775 -41.70348184348592
    vertex 13.36001640833064 4.580714957434819 -40.85174092174296
    vertex 13.76540814233734 3.160146614795554 -41.70348184348592
  endloop
endfacet
facet normal 0.971118 0.214589 0.104311
  outer loop
    vertex 13.36001640833064 4.580714957434819 -40.85174092174296
    vertex 14.04623081679979 1.47525855134444 -40.85174092174296
    vertex 13.76540814233734 3.160146614795554 -41.70348184348592
  endloop
endfacet
facet normal 0.971118 0.214589 -0.104311
  outer loop
    vertex 13.36001640833064 4.580714957434819 -40.85174092174296
    vertex 13.81529660712436 2.934376868997747 -40
    vertex 14.04623081679979 1.47525855134444 -40.85174092174296
  endloop
endfacet
facet normal 0.988221 0.111977 -0.104311
  outer loop
    vertex 13.76540814233734 3.160146614795554 -41.70348184348592
    vertex 14.04623081679979 1.47525855134444 -40.85174092174296
    vertex 14.12349064332649 0 -41.70348184348592
  endloop
endfacet
facet normal 0.988221 0.111977 0.104311
  outer loop
    vertex 14.12349064332649 0 -38.29651815651407
    vertex 14.04623081679979 1.47525855134444 -39.14825907825703
    vertex 13.76540814233734 3.160146614795554 -38.29651815651407
  endloop
endfacet
facet normal 0.971118 0.214589 -0.104311
  outer loop
    vertex 14.04623081679979 1.47525855134444 -39.14825907825703
    vertex 13.36001640833064 4.580714957434819 -39.14825907825703
    vertex 13.76540814233734 3.160146614795554 -38.29651815651407
  endloop
endfacet
facet normal 0.971118 0.214589 0.104311
  outer loop
    vertex 14.04623081679979 1.47525855134444 -39.14825907825703
    vertex 13.81529660712436 2.934376868997747 -40
    vertex 13.36001640833064 4.580714957434819 -39.14825907825703
  endloop
endfacet
facet normal 0.938111 0.330254 0.104311
  outer loop
    vertex 13.76540814233734 3.160146614795554 -38.29651815651407
    vertex 13.36001640833064 4.580714957434819 -39.14825907825703
    vertex 12.70931805962141 6.160050520207775 -38.29651815651407
  endloop
endfacet
facet normal -0.416462 0.909153 3.54789e-16
  outer loop
    vertex -6.658278624752818 12.45553345735503 -38.29651815651407
    vertex -5.083379803754643 13.17695859153053 -39.12727533471722
    vertex -6.658278624752823 12.45553345735503 -40
  endloop
endfacet
facet normal -0.416462 0.909153 5.81599e-17
  outer loop
    vertex -5.083379803754643 13.17695859153053 -39.12727533471722
    vertex -5.083379803754651 13.17695859153053 -40.83075717820314
    vertex -6.658278624752823 12.45553345735503 -40
  endloop
endfacet
facet normal -0.30203 0.953298 -5.7088e-16
  outer loop
    vertex -5.083379803754643 13.17695859153053 -39.12727533471722
    vertex -3.432009448525525 13.70015690046514 -39.95803251292037
    vertex -5.083379803754651 13.17695859153053 -40.83075717820314
  endloop
endfacet
facet normal -0.416462 0.909153 -5.93258e-16
  outer loop
    vertex -6.658278624752823 12.45553345735503 -40
    vertex -5.083379803754651 13.17695859153053 -40.83075717820314
    vertex -6.658278624752828 12.45553345735503 -41.70348184348592
  endloop
endfacet
facet normal -0.0613259 0.998118 0
  outer loop
    vertex 1.968108378081571e-14 14.12349064332649 -41.70348184348592
    vertex -1.72900985484564 14.01725768023038 -40.83075717820314
    vertex 1.968108378081571e-14 14.12349064332649 -40
  endloop
endfacet
facet normal -0.0613259 0.998118 0
  outer loop
    vertex -1.72900985484564 14.01725768023038 -40.83075717820314
    vertex -1.72900985484564 14.01725768023038 -39.12727533471722
    vertex 1.968108378081571e-14 14.12349064332649 -40
  endloop
endfacet
facet normal -0.183055 0.983103 0
  outer loop
    vertex -1.72900985484564 14.01725768023038 -40.83075717820314
    vertex -3.432009448525525 13.70015690046514 -39.95803251292037
    vertex -1.72900985484564 14.01725768023038 -39.12727533471722
  endloop
endfacet
facet normal -0.0613259 0.998118 0
  outer loop
    vertex 1.968108378081571e-14 14.12349064332649 -40
    vertex -1.72900985484564 14.01725768023038 -39.12727533471722
    vertex 1.968108378081571e-14 14.12349064332649 -38.29651815651407
  endloop
endfacet
facet normal 0.416462 0.909153 -7.94897e-17
  outer loop
    vertex 6.658278624752828 12.45553345735503 -41.70348184348592
    vertex 5.083379803754658 13.17695859153053 -40.83075717820314
    vertex 6.658278624752825 12.45553345735503 -40
  endloop
endfacet
facet normal 0.416462 0.909153 -5.93258e-16
  outer loop
    vertex 5.083379803754658 13.17695859153053 -40.83075717820314
    vertex 5.083379803754653 13.17695859153053 -39.12727533471722
    vertex 6.658278624752825 12.45553345735503 -40
  endloop
endfacet
facet normal 0.30203 0.953298 -1.04331e-15
  outer loop
    vertex 5.083379803754658 13.17695859153053 -40.83075717820314
    vertex 3.432009448525545 13.70015690046513 -39.95803251292037
    vertex 5.083379803754653 13.17695859153053 -39.12727533471722
  endloop
endfacet
facet normal 0.416462 0.909153 -5.93258e-16
  outer loop
    vertex 6.658278624752825 12.45553345735503 -40
    vertex 5.083379803754653 13.17695859153053 -39.12727533471722
    vertex 6.658278624752819 12.45553345735503 -38.29651815651407
  endloop
endfacet
facet normal 0.0613259 0.998118 0
  outer loop
    vertex 1.968108378081571e-14 14.12349064332649 -38.29651815651407
    vertex 1.729009854845667 14.01725768023038 -39.12727533471722
    vertex 1.968108378081571e-14 14.12349064332649 -40
  endloop
endfacet
facet normal 0.0613259 0.998118 0
  outer loop
    vertex 1.729009854845667 14.01725768023038 -39.12727533471722
    vertex 1.729009854845667 14.01725768023038 -40.83075717820314
    vertex 1.968108378081571e-14 14.12349064332649 -40
  endloop
endfacet
facet normal 0.183055 0.983103 0
  outer loop
    vertex 1.729009854845667 14.01725768023038 -39.12727533471722
    vertex 3.432009448525545 13.70015690046513 -39.95803251292037
    vertex 1.729009854845667 14.01725768023038 -40.83075717820314
  endloop
endfacet
facet normal 0.0613259 0.998118 0
  outer loop
    vertex 1.968108378081571e-14 14.12349064332649 -40
    vertex 1.729009854845667 14.01725768023038 -40.83075717820314
    vertex 1.968108378081571e-14 14.12349064332649 -41.70348184348592
  endloop
endfacet
facet normal -0.998631 0.0522987 0
  outer loop
    vertex -14.12349064332649 1.729628760913738e-15 -38.29651815651407
    vertex -14.04623081679962 1.475258551345991 -39.14825907825703
    vertex -14.12349064332649 1.729628760913738e-15 -40
  endloop
endfacet
facet normal -0.998631 0.0522987 0
  outer loop
    vertex -14.04623081679962 1.475258551345991 -39.14825907825703
    vertex -14.04623081679962 1.475258551345991 -40.85174092174296
    vertex -14.12349064332649 1.729628760913738e-15 -40
  endloop
endfacet
facet normal -0.987706 0.156324 0
  outer loop
    vertex -14.04623081679962 1.475258551345991 -39.14825907825703
    vertex -13.81529660712372 2.934376869000791 -40
    vertex -14.04623081679962 1.475258551345991 -40.85174092174296
  endloop
endfacet
facet normal -0.998631 0.0522987 0
  outer loop
    vertex -14.12349064332649 1.729628760913738e-15 -40
    vertex -14.04623081679962 1.475258551345991 -40.85174092174296
    vertex -14.12349064332649 1.729628760913738e-15 -41.70348184348592
  endloop
endfacet
facet normal 0.998631 0.0522987 -0
  outer loop
    vertex 14.12349064332649 0 -41.70348184348592
    vertex 14.04623081679979 1.47525855134444 -40.85174092174296
    vertex 14.12349064332649 0 -40
  endloop
endfacet
facet normal 0.998631 0.0522987 -0
  outer loop
    vertex 14.04623081679979 1.47525855134444 -40.85174092174296
    vertex 14.04623081679979 1.47525855134444 -39.14825907825703
    vertex 14.12349064332649 0 -40
  endloop
endfacet
facet normal 0.987706 0.156324 -0
  outer loop
    vertex 14.04623081679979 1.47525855134444 -40.85174092174296
    vertex 13.81529660712436 2.934376868997747 -40
    vertex 14.04623081679979 1.47525855134444 -39.14825907825703
  endloop
endfacet
facet normal 0.998631 0.0522987 -0
  outer loop
    vertex 14.12349064332649 0 -40
    vertex 14.04623081679979 1.47525855134444 -39.14825907825703
    vertex 14.12349064332649 0 -38.29651815651407
  endloop
endfacet
facet normal 0.845041 0.534701 0
  outer loop
    vertex 12.70931805962141 6.160050520207775 -41.70348184348592
    vertex 11.00877194098829 8.847594492484374 -41.70348184348592
    vertex 11.00877194098829 8.847594492484374 -41.46045986224816
  endloop
endfacet
facet normal 0.703977 0.710223 -0
  outer loop
    vertex 11.00877194098829 8.847594492484374 -41.70348184348592
    vertex 8.75 11.08650025716551 -41.46046016224815
    vertex 11.00877194098829 8.847594492484374 -41.46045986224816
  endloop
endfacet
facet normal 0.703977 0.710223 0
  outer loop
    vertex 11.00877194098829 8.847594492484374 -41.70348184348592
    vertex 8.75 11.08650025716551 -41.70348184348592
    vertex 8.75 11.08650025716551 -41.46046016224815
  endloop
endfacet
facet normal 0.703977 0.710223 0
  outer loop
    vertex 11.00877194098829 8.847594492484374 -41.46045986224816
    vertex 8.75 11.08650025716551 -41.46046016224815
    vertex 8.75 11.08650025716551 -41.21743788101038
  endloop
endfacet
facet normal 0.845041 0.534701 0
  outer loop
    vertex 12.70931805962141 6.160050520207775 -38.29651815651407
    vertex 11.00877194098829 8.847594492484374 -38.53954013775184
    vertex 11.00877194098829 8.847594492484374 -38.29651815651407
  endloop
endfacet
facet normal 0.703977 0.710223 -0
  outer loop
    vertex 11.00877194098829 8.847594492484374 -38.53954013775184
    vertex 8.75 11.08650025716551 -38.53954013775184
    vertex 11.00877194098829 8.847594492484374 -38.29651815651407
  endloop
endfacet
facet normal 0.703977 0.710223 0
  outer loop
    vertex 11.00877194098829 8.847594492484374 -38.53954013775184
    vertex 8.75 11.08650025716551 -38.78256211898962
    vertex 8.75 11.08650025716551 -38.53954013775184
  endloop
endfacet
facet normal 0.703977 0.710223 0
  outer loop
    vertex 11.00877194098829 8.847594492484374 -38.29651815651407
    vertex 8.75 11.08650025716551 -38.53954013775184
    vertex 8.75 11.08650025716551 -38.29651815651407
  endloop
endfacet
facet normal 0.510144 0.860089 0.000110493
  outer loop
    vertex 6.658278624752819 12.45553345735503 -38.29651815651407
    vertex 7.737064497874668 11.81570230277737 -38.52367559114982
    vertex 7.734489350972626 11.81738813917111 -39.75697801876223
  endloop
endfacet
facet normal 0.58414 0.811653 -0.000110218
  outer loop
    vertex 7.737064497874668 11.81570230277737 -38.52367559114982
    vertex 8.75 11.08650025716551 -40
    vertex 7.734489350972626 11.81738813917111 -39.75697801876223
  endloop
endfacet
facet normal 0.584246 0.811577 0
  outer loop
    vertex 7.737064497874668 11.81570230277737 -38.52367559114982
    vertex 8.75 11.08650025716551 -38.78256211898962
    vertex 8.75 11.08650025716551 -40
  endloop
endfacet
facet normal 0.584157 0.81164 0
  outer loop
    vertex 7.734489350972626 11.81738813917111 -39.75697801876223
    vertex 8.75 11.08650025716551 -40
    vertex 8.75 11.08650025716551 -41.21743788101038
  endloop
endfacet
facet normal 0.510127 0.860099 1.67007e-16
  outer loop
    vertex 6.658278624752828 12.45553345735503 -41.70348184348592
    vertex 6.658278624752825 12.45553345735503 -40
    vertex 7.737064497874669 11.81570230277737 -41.47632440885017
  endloop
endfacet
facet normal 0.510047 0.860147 -7.9461e-05
  outer loop
    vertex 6.658278624752825 12.45553345735503 -40
    vertex 7.734489350972626 11.81738813917111 -39.75697801876223
    vertex 7.737064497874669 11.81570230277737 -41.47632440885017
  endloop
endfacet
facet normal 0.510034 0.860155 -1.98345e-16
  outer loop
    vertex 6.658278624752825 12.45553345735503 -40
    vertex 6.658278624752819 12.45553345735503 -38.29651815651407
    vertex 7.734489350972626 11.81738813917111 -39.75697801876223
  endloop
endfacet
facet normal 0.584233 0.811586 7.92643e-05
  outer loop
    vertex 7.737064497874669 11.81570230277737 -41.47632440885017
    vertex 7.734489350972626 11.81738813917111 -39.75697801876223
    vertex 8.75 11.08650025716551 -41.21743788101038
  endloop
endfacet
facet normal -0.510127 0.860099 6.98958e-16
  outer loop
    vertex -6.658278624752818 12.45553345735503 -38.29651815651407
    vertex -6.658278624752823 12.45553345735503 -40
    vertex -7.737064497874669 11.81570230277736 -38.52367559114983
  endloop
endfacet
facet normal -0.510047 0.860147 7.9461e-05
  outer loop
    vertex -6.658278624752823 12.45553345735503 -40
    vertex -7.734489350972629 11.81738813917111 -40.24302198123777
    vertex -7.737064497874669 11.81570230277736 -38.52367559114983
  endloop
endfacet
facet normal -0.510034 0.860155 -1.98345e-16
  outer loop
    vertex -6.658278624752823 12.45553345735503 -40
    vertex -6.658278624752828 12.45553345735503 -41.70348184348592
    vertex -7.734489350972629 11.81738813917111 -40.24302198123777
  endloop
endfacet
facet normal -0.584233 0.811586 -7.92643e-05
  outer loop
    vertex -7.737064497874669 11.81570230277736 -38.52367559114983
    vertex -7.734489350972629 11.81738813917111 -40.24302198123777
    vertex -8.75 11.08650025716551 -38.78256211898962
  endloop
endfacet
facet normal -0.703977 0.710223 5.14568e-15
  outer loop
    vertex -8.749999999999998 11.08650025716551 -38.29651815651407
    vertex -8.75 11.08650025716551 -38.53954013775184
    vertex -11.00877194098829 8.847594492484374 -38.29651815651407
  endloop
endfacet
facet normal -0.703977 0.710223 5.74575e-15
  outer loop
    vertex -8.75 11.08650025716551 -38.53954013775184
    vertex -11.00877194098829 8.847594492484379 -38.53954013775184
    vertex -11.00877194098829 8.847594492484374 -38.29651815651407
  endloop
endfacet
facet normal -0.703977 0.710223 0
  outer loop
    vertex -8.75 11.08650025716551 -38.53954013775184
    vertex -8.75 11.08650025716551 -38.78256211898962
    vertex -11.00877194098829 8.847594492484379 -38.53954013775184
  endloop
endfacet
facet normal -0.845041 0.534701 -6.2847e-16
  outer loop
    vertex -11.00877194098829 8.847594492484374 -38.29651815651407
    vertex -11.00877194098829 8.847594492484379 -38.53954013775184
    vertex -12.70931805962141 6.160050520207779 -38.29651815651407
  endloop
endfacet
facet normal -0.584157 0.81164 -8.52341e-16
  outer loop
    vertex -8.75 11.08650025716551 -38.78256211898962
    vertex -7.734489350972629 11.81738813917111 -40.24302198123777
    vertex -8.749999999999998 11.08650025716551 -40
  endloop
endfacet
facet normal -0.58414 0.811653 0.000110218
  outer loop
    vertex -7.734489350972629 11.81738813917111 -40.24302198123777
    vertex -7.737064497874666 11.81570230277737 -41.47632440885017
    vertex -8.749999999999998 11.08650025716551 -40
  endloop
endfacet
facet normal -0.510144 0.860089 -0.000110493
  outer loop
    vertex -7.734489350972629 11.81738813917111 -40.24302198123777
    vertex -6.658278624752828 12.45553345735503 -41.70348184348592
    vertex -7.737064497874666 11.81570230277737 -41.47632440885017
  endloop
endfacet
facet normal -0.584246 0.811577 8.5247e-16
  outer loop
    vertex -8.749999999999998 11.08650025716551 -40
    vertex -7.737064497874666 11.81570230277737 -41.47632440885017
    vertex -8.75 11.08650025716551 -41.21743788101038
  endloop
endfacet
facet normal -0.703977 0.710223 0
  outer loop
    vertex -8.75 11.08650025716551 -41.21743788101038
    vertex -8.75 11.08650025716551 -41.46046016224815
    vertex -11.00877194098829 8.847594492484379 -41.46045986224816
  endloop
endfacet
facet normal -0.703977 0.710223 -5.74575e-15
  outer loop
    vertex -8.75 11.08650025716551 -41.46046016224815
    vertex -11.00877194098829 8.847594492484374 -41.70348184348592
    vertex -11.00877194098829 8.847594492484379 -41.46045986224816
  endloop
endfacet
facet normal -0.703977 0.710223 -5.14569e-15
  outer loop
    vertex -8.75 11.08650025716551 -41.46046016224815
    vertex -8.749999999999998 11.08650025716551 -41.70348184348592
    vertex -11.00877194098829 8.847594492484374 -41.70348184348592
  endloop
endfacet
facet normal -0.845041 0.534701 6.2847e-16
  outer loop
    vertex -11.00877194098829 8.847594492484379 -41.46045986224816
    vertex -11.00877194098829 8.847594492484374 -41.70348184348592
    vertex -12.70931805962141 6.160050520207779 -41.70348184348592
  endloop
endfacet
facet normal 0.377229 0.238692 0.894832
  outer loop
    vertex 12.70931805962141 6.160050520207775 -38.29651815651407
    vertex 11.00877194098829 8.847594492484374 -38.29651815651407
    vertex 10.73333585274395 5.907467259081779 -37.39614037779072
  endloop
endfacet
facet normal 0.337149 0.246653 0.908566
  outer loop
    vertex 11.00877194098829 8.847594492484374 -38.29651815651407
    vertex 8.75 8.391566285494816 -37.33453652564045
    vertex 10.73333585274395 5.907467259081779 -37.39614037779072
  endloop
endfacet
facet normal 0.316136 0.318941 0.893495
  outer loop
    vertex 11.00877194098829 8.847594492484374 -38.29651815651407
    vertex 8.75 11.08650025716551 -38.29651815651407
    vertex 8.75 8.391566285494816 -37.33453652564045
  endloop
endfacet
facet normal 0.362773 0.267505 0.892657
  outer loop
    vertex 10.73333585274395 5.907467259081779 -37.39614037779072
    vertex 8.75 8.391566285494816 -37.33453652564045
    vertex 8.75 5.650836661434587 -36.5132131347398
  endloop
endfacet
facet normal 0.432957 0.152419 0.888435
  outer loop
    vertex 12.70931805962141 6.160050520207775 -38.29651815651407
    vertex 12.06058777997258 4.375758239541072 -37.67426478193892
    vertex 13.76540814233734 3.160146614795554 -38.29651815651407
  endloop
endfacet
facet normal 0.397959 0.0908151 0.912897
  outer loop
    vertex 12.06058777997258 4.375758239541072 -37.67426478193892
    vertex 12.7678068504695 1.291900749220341 -37.67578040288898
    vertex 13.76540814233734 3.160146614795554 -38.29651815651407
  endloop
endfacet
facet normal 0.453393 0.103541 0.885276
  outer loop
    vertex 12.06058777997258 4.375758239541072 -37.67426478193892
    vertex 11.38245981024624 2.580800045493781 -37.11702630140353
    vertex 12.7678068504695 1.291900749220341 -37.67578040288898
  endloop
endfacet
facet normal 0.456048 0.0516757 0.888454
  outer loop
    vertex 13.76540814233734 3.160146614795554 -38.29651815651407
    vertex 12.7678068504695 1.291900749220341 -37.67578040288898
    vertex 14.12349064332649 0 -38.29651815651407
  endloop
endfacet
facet normal 0.399126 0.0698292 0.914233
  outer loop
    vertex 8.75 0 -35.71181940859125
    vertex 10.07780061620619 1.291883283708097 -36.39017094333423
    vertex 8.75 2.850727277477161 -35.92955815385314
  endloop
endfacet
facet normal 0.438734 0.110184 0.891836
  outer loop
    vertex 10.07780061620619 1.291883283708097 -36.39017094333423
    vertex 10.09554706887772 4.127805375595607 -36.74927256026527
    vertex 8.75 2.850727277477161 -35.92955815385314
  endloop
endfacet
facet normal 0.396122 0.112907 0.911229
  outer loop
    vertex 10.07780061620619 1.291883283708097 -36.39017094333423
    vertex 11.38245981024624 2.580800045493781 -37.11702630140353
    vertex 10.09554706887772 4.127805375595607 -36.74927256026527
  endloop
endfacet
facet normal 0.373562 0.189282 0.908088
  outer loop
    vertex 8.75 2.850727277477161 -35.92955815385314
    vertex 10.09554706887772 4.127805375595607 -36.74927256026527
    vertex 8.75 5.650836661434587 -36.5132131347398
  endloop
endfacet
facet normal 0.433366 0.0218691 0.900952
  outer loop
    vertex 14.12349064332649 0 -38.29651815651407
    vertex 12.7678068504695 1.291900749220341 -37.67578040288898
    vertex 11.43674532166325 0 -37.00416878255266
  endloop
endfacet
facet normal 0.431073 0.0247645 0.901977
  outer loop
    vertex 12.7678068504695 1.291900749220341 -37.67578040288898
    vertex 10.07780061620619 1.291883283708097 -36.39017094333423
    vertex 11.43674532166325 0 -37.00416878255266
  endloop
endfacet
facet normal 0.430082 0.0721452 0.899903
  outer loop
    vertex 12.7678068504695 1.291900749220341 -37.67578040288898
    vertex 11.38245981024624 2.580800045493781 -37.11702630140353
    vertex 10.07780061620619 1.291883283708097 -36.39017094333423
  endloop
endfacet
facet normal 0.433304 0.0276597 0.900823
  outer loop
    vertex 11.43674532166325 0 -37.00416878255266
    vertex 10.07780061620619 1.291883283708097 -36.39017094333423
    vertex 8.75 0 -35.71181940859125
  endloop
endfacet
facet normal 0.377982 0.193612 0.905342
  outer loop
    vertex 8.75 5.650836661434587 -36.5132131347398
    vertex 10.09554706887772 4.127805375595607 -36.74927256026527
    vertex 10.73333585274395 5.907467259081779 -37.39614037779072
  endloop
endfacet
facet normal 0.399666 0.183231 0.898161
  outer loop
    vertex 10.09554706887772 4.127805375595607 -36.74927256026527
    vertex 12.06058777997258 4.375758239541072 -37.67426478193892
    vertex 10.73333585274395 5.907467259081779 -37.39614037779072
  endloop
endfacet
facet normal 0.409472 0.125824 0.903605
  outer loop
    vertex 10.09554706887772 4.127805375595607 -36.74927256026527
    vertex 11.38245981024624 2.580800045493781 -37.11702630140353
    vertex 12.06058777997258 4.375758239541072 -37.67426478193892
  endloop
endfacet
facet normal 0.389882 0.173629 0.904348
  outer loop
    vertex 10.73333585274395 5.907467259081779 -37.39614037779072
    vertex 12.06058777997258 4.375758239541072 -37.67426478193892
    vertex 12.70931805962141 6.160050520207775 -38.29651815651407
  endloop
endfacet
facet normal 1 0 0
  outer loop
    vertex 8.75 20 -35.61802766216836
    vertex 8.75 17.30054725842572 -33.95445288691384
    vertex 8.75 17.77162506429138 -36.40916127637367
  endloop
endfacet
facet normal 1 0 0
  outer loop
    vertex 8.75 17.30054725842572 -33.95445288691384
    vertex 8.75 15.0721723227171 -34.74558650111916
    vertex 8.75 17.77162506429138 -36.40916127637367
  endloop
endfacet
facet normal 1 0 0
  outer loop
    vertex 8.75 17.30054725842572 -33.95445288691384
    vertex 8.75 14.60109451685144 -32.29087811165932
    vertex 8.75 15.0721723227171 -34.74558650111916
  endloop
endfacet
facet normal 1 0 0
  outer loop
    vertex 8.75 17.77162506429138 -36.40916127637367
    vertex 8.75 15.0721723227171 -34.74558650111916
    vertex 8.75 15.54325012858275 -37.20029489057899
  endloop
endfacet
facet normal 1 0 0
  outer loop
    vertex 8.75 20 -29.09442212973468
    vertex 8.75 17.30054725842572 -30.692650120697
    vertex 8.75 20 -32.35622489595152
  endloop
endfacet
facet normal 1 0 0
  outer loop
    vertex 8.75 17.30054725842572 -30.692650120697
    vertex 8.75 17.30054725842572 -33.95445288691384
    vertex 8.75 20 -32.35622489595152
  endloop
endfacet
facet normal 1 0 0
  outer loop
    vertex 8.75 17.30054725842572 -30.692650120697
    vertex 8.75 14.60109451685144 -32.29087811165932
    vertex 8.75 17.30054725842572 -33.95445288691384
  endloop
endfacet
facet normal 1 0 0
  outer loop
    vertex 8.75 20 -32.35622489595152
    vertex 8.75 17.30054725842572 -33.95445288691384
    vertex 8.75 20 -35.61802766216836
  endloop
endfacet
facet normal 1 0 0
  outer loop
    vertex 8.75 11.08650025716551 -38.29651815651407
    vertex 8.75 10.30582945390401 -36.08815224712906
    vertex 8.75 8.391566285494816 -37.33453652564045
  endloop
endfacet
facet normal 1 0 0
  outer loop
    vertex 8.75 10.30582945390401 -36.08815224712906
    vertex 8.75 7.587997656038548 -35.19649973624193
    vertex 8.75 8.391566285494816 -37.33453652564045
  endloop
endfacet
facet normal 1 0 0
  outer loop
    vertex 8.75 10.30582945390401 -36.08815224712906
    vertex 8.75 9.525158650642508 -33.87978633774406
    vertex 8.75 7.587997656038548 -35.19649973624193
  endloop
endfacet
facet normal 1 0 0
  outer loop
    vertex 8.75 8.391566285494816 -37.33453652564045
    vertex 8.75 7.587997656038548 -35.19649973624193
    vertex 8.75 5.650836661434587 -36.5132131347398
  endloop
endfacet
facet normal 1 -0 0
  outer loop
    vertex 8.75 6.666666666666651 -3
    vertex 8.75 8.333333333333313 -5.886751345948118
    vertex 8.75 9.999999999999973 -3
  endloop
endfacet
facet normal 1 0 0
  outer loop
    vertex 8.75 8.333333333333313 -5.886751345948118
    vertex 8.75 11.66666666666663 -5.886751345948118
    vertex 8.75 9.999999999999973 -3
  endloop
endfacet
facet normal 1 -0 0
  outer loop
    vertex 8.75 8.333333333333313 -5.886751345948118
    vertex 8.75 9.999999999999973 -8.773502691896237
    vertex 8.75 11.66666666666663 -5.886751345948118
  endloop
endfacet
facet normal 1 -0 0
  outer loop
    vertex 8.75 9.999999999999973 -3
    vertex 8.75 11.66666666666663 -5.886751345948118
    vertex 8.75 13.33333333333329 -3
  endloop
endfacet
facet normal 1 0 0
  outer loop
    vertex 8.75 0 -29.169455526873
    vertex 8.75 2.548376828055662 -27.39602186735264
    vertex 8.75 0 -25.89827358601388
  endloop
endfacet
facet normal 1 0 -0
  outer loop
    vertex 8.75 2.548376828055662 -27.39602186735264
    vertex 8.75 2.548376828055662 -24.12483992649353
    vertex 8.75 0 -25.89827358601388
  endloop
endfacet
facet normal 1 0 0
  outer loop
    vertex 8.75 2.548376828055662 -27.39602186735264
    vertex 8.75 5.096753656111324 -25.62258820783229
    vertex 8.75 2.548376828055662 -24.12483992649353
  endloop
endfacet
facet normal 1 0 0
  outer loop
    vertex 8.75 0 -25.89827358601388
    vertex 8.75 2.548376828055662 -24.12483992649353
    vertex 8.75 0 -22.62709164515476
  endloop
endfacet
facet normal 1 0 0
  outer loop
    vertex 8.75 0 -22.62709164515476
    vertex 8.75 2.6174128646198 -20.95729754221121
    vertex 8.75 0 -19.35590970429564
  endloop
endfacet
facet normal 1 0 -0
  outer loop
    vertex 8.75 2.6174128646198 -20.95729754221121
    vertex 8.75 2.6174128646198 -17.68611560135209
    vertex 8.75 0 -19.35590970429564
  endloop
endfacet
facet normal 1 0 0
  outer loop
    vertex 8.75 2.6174128646198 -20.95729754221121
    vertex 8.75 5.234825729239601 -19.28750343926766
    vertex 8.75 2.6174128646198 -17.68611560135209
  endloop
endfacet
facet normal 1 0 0
  outer loop
    vertex 8.75 0 -19.35590970429564
    vertex 8.75 2.6174128646198 -17.68611560135209
    vertex 8.75 0 -16.08472776343652
  endloop
endfacet
facet normal 1 0 0
  outer loop
    vertex 8.75 20 -22.570816597301
    vertex 8.75 17.36983101407044 -24.13232159191135
    vertex 8.75 20 -25.83261936351784
  endloop
endfacet
facet normal 1 0 0
  outer loop
    vertex 8.75 17.36983101407044 -24.13232159191135
    vertex 8.75 17.36983101407044 -27.39412435812819
    vertex 8.75 20 -25.83261936351784
  endloop
endfacet
facet normal 1 0 0
  outer loop
    vertex 8.75 17.36983101407044 -24.13232159191135
    vertex 8.75 14.73966202814087 -25.69382658652169
    vertex 8.75 17.36983101407044 -27.39412435812819
  endloop
endfacet
facet normal 1 0 0
  outer loop
    vertex 8.75 20 -25.83261936351784
    vertex 8.75 17.36983101407044 -27.39412435812819
    vertex 8.75 20 -29.09442212973468
  endloop
endfacet
facet normal 1 0 0
  outer loop
    vertex 8.75 20 -16.04721106486733
    vertex 8.75 17.26545067223643 -17.67188262831981
    vertex 8.75 20 -19.30901383108417
  endloop
endfacet
facet normal 1 0 0
  outer loop
    vertex 8.75 17.26545067223643 -17.67188262831981
    vertex 8.75 17.26545067223643 -20.93368539453665
    vertex 8.75 20 -19.30901383108417
  endloop
endfacet
facet normal 1 0 0
  outer loop
    vertex 8.75 17.26545067223643 -17.67188262831981
    vertex 8.75 14.53090134447286 -19.2965541917723
    vertex 8.75 17.26545067223643 -20.93368539453665
  endloop
endfacet
facet normal 1 0 0
  outer loop
    vertex 8.75 20 -19.30901383108417
    vertex 8.75 17.26545067223643 -20.93368539453665
    vertex 8.75 20 -22.570816597301
  endloop
endfacet
facet normal 1 0 0
  outer loop
    vertex 8.75 5.650836661434587 -36.5132131347398
    vertex 8.75 5.303263455855933 -33.94372388263509
    vertex 8.75 2.850727277477161 -35.92955815385314
  endloop
endfacet
facet normal 1 0 0
  outer loop
    vertex 8.75 5.303263455855933 -33.94372388263509
    vertex 8.75 2.477845125138639 -33.54302701956082
    vertex 8.75 2.850727277477161 -35.92955815385314
  endloop
endfacet
facet normal 1 0 0
  outer loop
    vertex 8.75 5.303263455855933 -33.94372388263509
    vertex 8.75 4.955690250277279 -31.37423463053038
    vertex 8.75 2.477845125138639 -33.54302701956082
  endloop
endfacet
facet normal 1 0 0
  outer loop
    vertex 8.75 2.850727277477161 -35.92955815385314
    vertex 8.75 2.477845125138639 -33.54302701956082
    vertex 8.75 0 -35.71181940859125
  endloop
endfacet
facet normal 1 0 0
  outer loop
    vertex 8.75 0 -35.71181940859125
    vertex 8.75 2.477845125138639 -33.54302701956082
    vertex 8.75 0 -32.44063746773213
  endloop
endfacet
facet normal 1 0 -0
  outer loop
    vertex 8.75 2.477845125138639 -33.54302701956082
    vertex 8.75 2.477845125138639 -30.27184507870169
    vertex 8.75 0 -32.44063746773213
  endloop
endfacet
facet normal 1 0 0
  outer loop
    vertex 8.75 2.477845125138639 -33.54302701956082
    vertex 8.75 4.955690250277279 -31.37423463053038
    vertex 8.75 2.477845125138639 -30.27184507870169
  endloop
endfacet
facet normal 1 0 0
  outer loop
    vertex 8.75 0 -32.44063746773213
    vertex 8.75 2.477845125138639 -30.27184507870169
    vertex 8.75 0 -29.169455526873
  endloop
endfacet
facet normal 1 0 -0
  outer loop
    vertex 8.75 5.096753656111324 -25.62258820783229
    vertex 8.75 5.165789692675462 -22.45504582354997
    vertex 8.75 2.548376828055662 -24.12483992649353
  endloop
endfacet
facet normal 1 0 0
  outer loop
    vertex 8.75 5.165789692675462 -22.45504582354997
    vertex 8.75 2.6174128646198 -20.95729754221121
    vertex 8.75 2.548376828055662 -24.12483992649353
  endloop
endfacet
facet normal 1 0 -0
  outer loop
    vertex 8.75 5.165789692675462 -22.45504582354997
    vertex 8.75 5.234825729239601 -19.28750343926766
    vertex 8.75 2.6174128646198 -20.95729754221121
  endloop
endfacet
facet normal 1 0 -0
  outer loop
    vertex 8.75 2.548376828055662 -24.12483992649353
    vertex 8.75 2.6174128646198 -20.95729754221121
    vertex 8.75 0 -22.62709164515476
  endloop
endfacet
facet normal 1 0 0
  outer loop
    vertex 8.75 14.53090134447286 -19.2965541917723
    vertex 8.75 14.63528168630687 -22.495190389147
    vertex 8.75 17.26545067223643 -20.93368539453665
  endloop
endfacet
facet normal 1 -0 0
  outer loop
    vertex 8.75 14.63528168630687 -22.495190389147
    vertex 8.75 17.36983101407044 -24.13232159191135
    vertex 8.75 17.26545067223643 -20.93368539453665
  endloop
endfacet
facet normal 1 0 0
  outer loop
    vertex 8.75 14.63528168630687 -22.495190389147
    vertex 8.75 14.73966202814087 -25.69382658652169
    vertex 8.75 17.36983101407044 -24.13232159191135
  endloop
endfacet
facet normal 1 0 0
  outer loop
    vertex 8.75 17.26545067223643 -20.93368539453665
    vertex 8.75 17.36983101407044 -24.13232159191135
    vertex 8.75 20 -22.570816597301
  endloop
endfacet
facet normal 1 0 0
  outer loop
    vertex 8.75 0 -16.08472776343652
    vertex 8.75 2.501644518347854 -14.47661052018029
    vertex 8.75 0 -12.81354582257741
  endloop
endfacet
facet normal 1 0 -0
  outer loop
    vertex 8.75 2.501644518347854 -14.47661052018029
    vertex 8.75 2.501644518347854 -11.20542857932117
    vertex 8.75 0 -12.81354582257741
  endloop
endfacet
facet normal 1 0 0
  outer loop
    vertex 8.75 2.501644518347854 -14.47661052018029
    vertex 8.75 5.003289036695707 -12.86849327692406
    vertex 8.75 2.501644518347854 -11.20542857932117
  endloop
endfacet
facet normal 1 0 0
  outer loop
    vertex 8.75 0 -12.81354582257741
    vertex 8.75 2.501644518347854 -11.20542857932117
    vertex 8.75 0 -9.542363881718291
  endloop
endfacet
facet normal 1 0 0
  outer loop
    vertex 8.75 20 -9.523605532433645
    vertex 8.75 17.4819344070968 -11.1907329095632
    vertex 8.75 20 -12.78540829865049
  endloop
endfacet
facet normal 1 0 0
  outer loop
    vertex 8.75 17.4819344070968 -11.1907329095632
    vertex 8.75 17.4819344070968 -14.45253567578004
    vertex 8.75 20 -12.78540829865049
  endloop
endfacet
facet normal 1 0 0
  outer loop
    vertex 8.75 17.4819344070968 -11.1907329095632
    vertex 8.75 14.9638688141936 -12.85786028669276
    vertex 8.75 17.4819344070968 -14.45253567578004
  endloop
endfacet
facet normal 1 0 0
  outer loop
    vertex 8.75 20 -12.78540829865049
    vertex 8.75 17.4819344070968 -14.45253567578004
    vertex 8.75 20 -16.04721106486733
  endloop
endfacet
facet normal 1 0 0
  outer loop
    vertex 8.75 5.234825729239601 -19.28750343926766
    vertex 8.75 5.119057382967654 -16.07799835809586
    vertex 8.75 2.6174128646198 -17.68611560135209
  endloop
endfacet
facet normal 1 0 0
  outer loop
    vertex 8.75 5.119057382967654 -16.07799835809586
    vertex 8.75 2.501644518347854 -14.47661052018029
    vertex 8.75 2.6174128646198 -17.68611560135209
  endloop
endfacet
facet normal 1 0 0
  outer loop
    vertex 8.75 5.119057382967654 -16.07799835809586
    vertex 8.75 5.003289036695707 -12.86849327692406
    vertex 8.75 2.501644518347854 -14.47661052018029
  endloop
endfacet
facet normal 1 0 0
  outer loop
    vertex 8.75 2.6174128646198 -17.68611560135209
    vertex 8.75 2.501644518347854 -14.47661052018029
    vertex 8.75 0 -16.08472776343652
  endloop
endfacet
facet normal 1 0 0
  outer loop
    vertex 8.75 20 -16.04721106486733
    vertex 8.75 17.4819344070968 -14.45253567578004
    vertex 8.75 17.26545067223643 -17.67188262831981
  endloop
endfacet
facet normal 1 0 0
  outer loop
    vertex 8.75 17.4819344070968 -14.45253567578004
    vertex 8.75 14.74738507933323 -16.07720723923253
    vertex 8.75 17.26545067223643 -17.67188262831981
  endloop
endfacet
facet normal 1 0 0
  outer loop
    vertex 8.75 17.4819344070968 -14.45253567578004
    vertex 8.75 14.9638688141936 -12.85786028669276
    vertex 8.75 14.74738507933323 -16.07720723923253
  endloop
endfacet
facet normal 1 0 0
  outer loop
    vertex 8.75 17.26545067223643 -17.67188262831981
    vertex 8.75 14.74738507933323 -16.07720723923253
    vertex 8.75 14.53090134447286 -19.2965541917723
  endloop
endfacet
facet normal 1 -0 0
  outer loop
    vertex 8.75 0 -3
    vertex 8.75 2.328947274771892 -5.329459803031593
    vertex 8.75 3.333333333333325 -3
  endloop
endfacet
facet normal 1 0 0
  outer loop
    vertex 8.75 2.328947274771892 -5.329459803031593
    vertex 8.75 5.662280608105217 -5.329459803031593
    vertex 8.75 3.333333333333325 -3
  endloop
endfacet
facet normal 1 -0 0
  outer loop
    vertex 8.75 2.328947274771892 -5.329459803031593
    vertex 8.75 4.657894549543784 -7.658919606063186
    vertex 8.75 5.662280608105217 -5.329459803031593
  endloop
endfacet
facet normal 1 -0 0
  outer loop
    vertex 8.75 3.333333333333325 -3
    vertex 8.75 5.662280608105217 -5.329459803031593
    vertex 8.75 6.666666666666651 -3
  endloop
endfacet
facet normal 1 -0 0
  outer loop
    vertex 8.75 13.33333333333329 -3
    vertex 8.75 14.34099370442977 -5.322565027353949
    vertex 8.75 16.66666666666665 -3
  endloop
endfacet
facet normal 1 0 0
  outer loop
    vertex 8.75 14.34099370442977 -5.322565027353949
    vertex 8.75 17.67432703776312 -5.322565027353949
    vertex 8.75 16.66666666666665 -3
  endloop
endfacet
facet normal 1 -0 0
  outer loop
    vertex 8.75 14.34099370442977 -5.322565027353949
    vertex 8.75 15.34865407552624 -7.645130054707899
    vertex 8.75 17.67432703776312 -5.322565027353949
  endloop
endfacet
facet normal 1 -0 0
  outer loop
    vertex 8.75 16.66666666666665 -3
    vertex 8.75 17.67432703776312 -5.322565027353949
    vertex 8.75 20 -3
  endloop
endfacet
facet normal 1 0 0
  outer loop
    vertex 8.75 0 -9.542363881718291
    vertex 8.75 2.328947274771892 -8.600641743890739
    vertex 8.75 0 -6.271181940859144
  endloop
endfacet
facet normal 1 0 -0
  outer loop
    vertex 8.75 2.328947274771892 -8.600641743890739
    vertex 8.75 2.328947274771892 -5.329459803031593
    vertex 8.75 0 -6.271181940859144
  endloop
endfacet
facet normal 1 0 0
  outer loop
    vertex 8.75 2.328947274771892 -8.600641743890739
    vertex 8.75 4.657894549543784 -7.658919606063186
    vertex 8.75 2.328947274771892 -5.329459803031593
  endloop
endfacet
facet normal 1 0 0
  outer loop
    vertex 8.75 0 -6.271181940859144
    vertex 8.75 2.328947274771892 -5.329459803031593
    vertex 8.75 0 -3
  endloop
endfacet
facet normal 1 0 0
  outer loop
    vertex 8.75 20 -3
    vertex 8.75 17.67432703776312 -5.322565027353949
    vertex 8.75 20 -6.261802766216821
  endloop
endfacet
facet normal 1 0 0
  outer loop
    vertex 8.75 17.67432703776312 -5.322565027353949
    vertex 8.75 17.67432703776312 -8.584367793570772
    vertex 8.75 20 -6.261802766216821
  endloop
endfacet
facet normal 1 0 0
  outer loop
    vertex 8.75 17.67432703776312 -5.322565027353949
    vertex 8.75 15.34865407552624 -7.645130054707899
    vertex 8.75 17.67432703776312 -8.584367793570772
  endloop
endfacet
facet normal 1 0 0
  outer loop
    vertex 8.75 20 -6.261802766216821
    vertex 8.75 17.67432703776312 -8.584367793570772
    vertex 8.75 20 -9.523605532433645
  endloop
endfacet
facet normal 1 -0 0
  outer loop
    vertex 8.75 5.003289036695707 -12.86849327692406
    vertex 8.75 7.497175597126326 -14.35740085750588
    vertex 8.75 7.50164451834784 -10.82099798441015
  endloop
endfacet
facet normal 1 0 0
  outer loop
    vertex 8.75 7.497175597126326 -14.35740085750588
    vertex 8.75 9.995531078778459 -12.30990556499197
    vertex 8.75 7.50164451834784 -10.82099798441015
  endloop
endfacet
facet normal 1 -0 0
  outer loop
    vertex 8.75 7.497175597126326 -14.35740085750588
    vertex 8.75 9.991062157556945 -15.84630843808771
    vertex 8.75 9.995531078778459 -12.30990556499197
  endloop
endfacet
facet normal 1 -0 0
  outer loop
    vertex 8.75 7.50164451834784 -10.82099798441015
    vertex 8.75 9.995531078778459 -12.30990556499197
    vertex 8.75 9.999999999999973 -8.773502691896237
  endloop
endfacet
facet normal 1 0 0
  outer loop
    vertex 8.75 9.999999999999973 -8.773502691896237
    vertex 8.75 9.995531078778459 -12.30990556499197
    vertex 8.75 12.48193440709679 -10.8156814892945
  endloop
endfacet
facet normal 1 -0 0
  outer loop
    vertex 8.75 9.995531078778459 -12.30990556499197
    vertex 8.75 12.47746548587527 -14.35208436239023
    vertex 8.75 12.48193440709679 -10.8156814892945
  endloop
endfacet
facet normal 1 0 0
  outer loop
    vertex 8.75 9.995531078778459 -12.30990556499197
    vertex 8.75 9.991062157556945 -15.84630843808771
    vertex 8.75 12.47746548587527 -14.35208436239023
  endloop
endfacet
facet normal 1 0 0
  outer loop
    vertex 8.75 12.48193440709679 -10.8156814892945
    vertex 8.75 12.47746548587527 -14.35208436239023
    vertex 8.75 14.9638688141936 -12.85786028669276
  endloop
endfacet
facet normal 1 0 0
  outer loop
    vertex 8.75 14.73966202814087 -25.69382658652169
    vertex 8.75 14.67037827249616 -28.99235234909051
    vertex 8.75 17.36983101407044 -27.39412435812819
  endloop
endfacet
facet normal 1 -0 0
  outer loop
    vertex 8.75 14.67037827249616 -28.99235234909051
    vertex 8.75 17.30054725842572 -30.692650120697
    vertex 8.75 17.36983101407044 -27.39412435812819
  endloop
endfacet
facet normal 1 0 0
  outer loop
    vertex 8.75 14.67037827249616 -28.99235234909051
    vertex 8.75 14.60109451685144 -32.29087811165932
    vertex 8.75 17.30054725842572 -30.692650120697
  endloop
endfacet
facet normal 1 0 0
  outer loop
    vertex 8.75 17.36983101407044 -27.39412435812819
    vertex 8.75 17.30054725842572 -30.692650120697
    vertex 8.75 20 -29.09442212973468
  endloop
endfacet
facet normal 1 0 0
  outer loop
    vertex 8.75 9.991062157556945 -15.84630843808771
    vertex 8.75 9.964101708285433 -19.12805683300653
    vertex 8.75 12.2609817510149 -17.57143131493001
  endloop
endfacet
facet normal 1 -0 0
  outer loop
    vertex 8.75 9.964101708285433 -19.12805683300653
    vertex 8.75 12.23402130174339 -20.85317970984883
    vertex 8.75 12.2609817510149 -17.57143131493001
  endloop
endfacet
facet normal 1 0 0
  outer loop
    vertex 8.75 9.964101708285433 -19.12805683300653
    vertex 8.75 9.93714125901392 -22.40980522792536
    vertex 8.75 12.23402130174339 -20.85317970984883
  endloop
endfacet
facet normal 1 0 0
  outer loop
    vertex 8.75 12.2609817510149 -17.57143131493001
    vertex 8.75 12.23402130174339 -20.85317970984883
    vertex 8.75 14.53090134447286 -19.2965541917723
  endloop
endfacet
facet normal 1 -0 0
  outer loop
    vertex 8.75 5.234825729239601 -19.28750343926766
    vertex 8.75 7.585983494126761 -20.84865433359651
    vertex 8.75 7.612943943398273 -17.56690593867769
  endloop
endfacet
facet normal 1 0 0
  outer loop
    vertex 8.75 7.585983494126761 -20.84865433359651
    vertex 8.75 9.964101708285433 -19.12805683300653
    vertex 8.75 7.612943943398273 -17.56690593867769
  endloop
endfacet
facet normal 1 -0 0
  outer loop
    vertex 8.75 7.585983494126761 -20.84865433359651
    vertex 8.75 9.93714125901392 -22.40980522792536
    vertex 8.75 9.964101708285433 -19.12805683300653
  endloop
endfacet
facet normal 1 -0 0
  outer loop
    vertex 8.75 7.612943943398273 -17.56690593867769
    vertex 8.75 9.964101708285433 -19.12805683300653
    vertex 8.75 9.991062157556945 -15.84630843808771
  endloop
endfacet
facet normal 1 -0 0
  outer loop
    vertex 8.75 0 -29.169455526873
    vertex 8.75 2.477845125138639 -30.27184507870169
    vertex 8.75 2.548376828055662 -27.39602186735264
  endloop
endfacet
facet normal 1 0 0
  outer loop
    vertex 8.75 2.477845125138639 -30.27184507870169
    vertex 8.75 5.026221953194302 -28.49841141918134
    vertex 8.75 2.548376828055662 -27.39602186735264
  endloop
endfacet
facet normal 1 -0 0
  outer loop
    vertex 8.75 2.477845125138639 -30.27184507870169
    vertex 8.75 4.955690250277279 -31.37423463053038
    vertex 8.75 5.026221953194302 -28.49841141918134
  endloop
endfacet
facet normal 1 -0 0
  outer loop
    vertex 8.75 2.548376828055662 -27.39602186735264
    vertex 8.75 5.026221953194302 -28.49841141918134
    vertex 8.75 5.096753656111324 -25.62258820783229
  endloop
endfacet
facet normal 1 0 -0
  outer loop
    vertex 8.75 5.234825729239601 -19.28750343926766
    vertex 8.75 7.612943943398273 -17.56690593867769
    vertex 8.75 5.119057382967654 -16.07799835809586
  endloop
endfacet
facet normal 1 0 0
  outer loop
    vertex 8.75 7.612943943398273 -17.56690593867769
    vertex 8.75 7.497175597126326 -14.35740085750588
    vertex 8.75 5.119057382967654 -16.07799835809586
  endloop
endfacet
facet normal 1 0 -0
  outer loop
    vertex 8.75 7.612943943398273 -17.56690593867769
    vertex 8.75 9.991062157556945 -15.84630843808771
    vertex 8.75 7.497175597126326 -14.35740085750588
  endloop
endfacet
facet normal 1 0 -0
  outer loop
    vertex 8.75 5.119057382967654 -16.07799835809586
    vertex 8.75 7.497175597126326 -14.35740085750588
    vertex 8.75 5.003289036695707 -12.86849327692406
  endloop
endfacet
facet normal 1 0 0
  outer loop
    vertex 8.75 9.999999999999973 -8.773502691896237
    vertex 8.75 12.67432703776311 -8.209316373302068
    vertex 8.75 11.66666666666663 -5.886751345948118
  endloop
endfacet
facet normal 1 0 -0
  outer loop
    vertex 8.75 12.67432703776311 -8.209316373302068
    vertex 8.75 14.34099370442977 -5.322565027353949
    vertex 8.75 11.66666666666663 -5.886751345948118
  endloop
endfacet
facet normal 1 0 0
  outer loop
    vertex 8.75 12.67432703776311 -8.209316373302068
    vertex 8.75 15.34865407552624 -7.645130054707899
    vertex 8.75 14.34099370442977 -5.322565027353949
  endloop
endfacet
facet normal 1 0 0
  outer loop
    vertex 8.75 11.66666666666663 -5.886751345948118
    vertex 8.75 14.34099370442977 -5.322565027353949
    vertex 8.75 13.33333333333329 -3
  endloop
endfacet
facet normal 1 0 0
  outer loop
    vertex 8.75 6.666666666666651 -3
    vertex 8.75 5.662280608105217 -5.329459803031593
    vertex 8.75 8.333333333333313 -5.886751345948118
  endloop
endfacet
facet normal 1 0 0
  outer loop
    vertex 8.75 5.662280608105217 -5.329459803031593
    vertex 8.75 7.328947274771878 -8.216211148979712
    vertex 8.75 8.333333333333313 -5.886751345948118
  endloop
endfacet
facet normal 1 0 0
  outer loop
    vertex 8.75 5.662280608105217 -5.329459803031593
    vertex 8.75 4.657894549543784 -7.658919606063186
    vertex 8.75 7.328947274771878 -8.216211148979712
  endloop
endfacet
facet normal 1 0 0
  outer loop
    vertex 8.75 8.333333333333313 -5.886751345948118
    vertex 8.75 7.328947274771878 -8.216211148979712
    vertex 8.75 9.999999999999973 -8.773502691896237
  endloop
endfacet
facet normal 1 0 0
  outer loop
    vertex 8.75 14.9638688141936 -12.85786028669276
    vertex 8.75 12.47746548587527 -14.35208436239023
    vertex 8.75 14.74738507933323 -16.07720723923253
  endloop
endfacet
facet normal 1 0 0
  outer loop
    vertex 8.75 12.47746548587527 -14.35208436239023
    vertex 8.75 12.2609817510149 -17.57143131493001
    vertex 8.75 14.74738507933323 -16.07720723923253
  endloop
endfacet
facet normal 1 0 0
  outer loop
    vertex 8.75 12.47746548587527 -14.35208436239023
    vertex 8.75 9.991062157556945 -15.84630843808771
    vertex 8.75 12.2609817510149 -17.57143131493001
  endloop
endfacet
facet normal 1 0 0
  outer loop
    vertex 8.75 14.74738507933323 -16.07720723923253
    vertex 8.75 12.2609817510149 -17.57143131493001
    vertex 8.75 14.53090134447286 -19.2965541917723
  endloop
endfacet
facet normal 1 0 0
  outer loop
    vertex 8.75 14.53090134447286 -19.2965541917723
    vertex 8.75 12.23402130174339 -20.85317970984883
    vertex 8.75 14.63528168630687 -22.495190389147
  endloop
endfacet
facet normal 1 0 0
  outer loop
    vertex 8.75 12.23402130174339 -20.85317970984883
    vertex 8.75 12.3384016435774 -24.05181590722352
    vertex 8.75 14.63528168630687 -22.495190389147
  endloop
endfacet
facet normal 1 0 0
  outer loop
    vertex 8.75 12.23402130174339 -20.85317970984883
    vertex 8.75 9.93714125901392 -22.40980522792536
    vertex 8.75 12.3384016435774 -24.05181590722352
  endloop
endfacet
facet normal 1 0 0
  outer loop
    vertex 8.75 14.63528168630687 -22.495190389147
    vertex 8.75 12.3384016435774 -24.05181590722352
    vertex 8.75 14.73966202814087 -25.69382658652169
  endloop
endfacet
facet normal 1 0 0
  outer loop
    vertex 8.75 5.096753656111324 -25.62258820783229
    vertex 8.75 7.516947457562623 -24.01619671787882
    vertex 8.75 5.165789692675462 -22.45504582354997
  endloop
endfacet
facet normal 1 0 -0
  outer loop
    vertex 8.75 7.516947457562623 -24.01619671787882
    vertex 8.75 7.585983494126761 -20.84865433359651
    vertex 8.75 5.165789692675462 -22.45504582354997
  endloop
endfacet
facet normal 1 0 0
  outer loop
    vertex 8.75 7.516947457562623 -24.01619671787882
    vertex 8.75 9.93714125901392 -22.40980522792536
    vertex 8.75 7.585983494126761 -20.84865433359651
  endloop
endfacet
facet normal 1 0 0
  outer loop
    vertex 8.75 5.165789692675462 -22.45504582354997
    vertex 8.75 7.585983494126761 -20.84865433359651
    vertex 8.75 5.234825729239601 -19.28750343926766
  endloop
endfacet
facet normal 1 0 0
  outer loop
    vertex 8.75 15.54325012858275 -37.20029489057899
    vertex 8.75 14.11612550844665 -36.30858213235155
    vertex 8.75 13.31487519287413 -37.74840652354653
  endloop
endfacet
facet normal 1 0 0
  outer loop
    vertex 8.75 14.11612550844665 -36.30858213235155
    vertex 8.75 11.88775057273803 -36.85669376531909
    vertex 8.75 13.31487519287413 -37.74840652354653
  endloop
endfacet
facet normal 1 0 0
  outer loop
    vertex 8.75 14.11612550844665 -36.30858213235155
    vertex 8.75 12.68900088831055 -35.4168693741241
    vertex 8.75 11.88775057273803 -36.85669376531909
  endloop
endfacet
facet normal 1 0 0
  outer loop
    vertex 8.75 13.31487519287413 -37.74840652354653
    vertex 8.75 11.88775057273803 -36.85669376531909
    vertex 8.75 11.08650025716551 -38.29651815651407
  endloop
endfacet
facet normal 1 0 0
  outer loop
    vertex 8.75 5.003289036695707 -12.86849327692406
    vertex 8.75 4.830591793119746 -10.26370644149362
    vertex 8.75 2.501644518347854 -11.20542857932117
  endloop
endfacet
facet normal 1 0 0
  outer loop
    vertex 8.75 4.830591793119746 -10.26370644149362
    vertex 8.75 2.328947274771892 -8.600641743890739
    vertex 8.75 2.501644518347854 -11.20542857932117
  endloop
endfacet
facet normal 1 0 0
  outer loop
    vertex 8.75 4.830591793119746 -10.26370644149362
    vertex 8.75 4.657894549543784 -7.658919606063186
    vertex 8.75 2.328947274771892 -8.600641743890739
  endloop
endfacet
facet normal 1 0 0
  outer loop
    vertex 8.75 2.501644518347854 -11.20542857932117
    vertex 8.75 2.328947274771892 -8.600641743890739
    vertex 8.75 0 -9.542363881718291
  endloop
endfacet
facet normal 1 0 0
  outer loop
    vertex 8.75 20 -9.523605532433645
    vertex 8.75 17.67432703776312 -8.584367793570772
    vertex 8.75 17.4819344070968 -11.1907329095632
  endloop
endfacet
facet normal 1 0 0
  outer loop
    vertex 8.75 17.67432703776312 -8.584367793570772
    vertex 8.75 15.15626144485992 -10.25149517070033
    vertex 8.75 17.4819344070968 -11.1907329095632
  endloop
endfacet
facet normal 1 0 0
  outer loop
    vertex 8.75 17.67432703776312 -8.584367793570772
    vertex 8.75 15.34865407552624 -7.645130054707899
    vertex 8.75 15.15626144485992 -10.25149517070033
  endloop
endfacet
facet normal 1 0 0
  outer loop
    vertex 8.75 17.4819344070968 -11.1907329095632
    vertex 8.75 15.15626144485992 -10.25149517070033
    vertex 8.75 14.9638688141936 -12.85786028669276
  endloop
endfacet
facet normal 1 0 0
  outer loop
    vertex 8.75 14.60109451685144 -32.29087811165932
    vertex 8.75 13.645047702581 -33.85387374289171
    vertex 8.75 15.0721723227171 -34.74558650111916
  endloop
endfacet
facet normal 1 0 0
  outer loop
    vertex 8.75 13.645047702581 -33.85387374289171
    vertex 8.75 14.11612550844665 -36.30858213235155
    vertex 8.75 15.0721723227171 -34.74558650111916
  endloop
endfacet
facet normal 1 0 0
  outer loop
    vertex 8.75 13.645047702581 -33.85387374289171
    vertex 8.75 12.68900088831055 -35.4168693741241
    vertex 8.75 14.11612550844665 -36.30858213235155
  endloop
endfacet
facet normal 1 0 0
  outer loop
    vertex 8.75 15.0721723227171 -34.74558650111916
    vertex 8.75 14.11612550844665 -36.30858213235155
    vertex 8.75 15.54325012858275 -37.20029489057899
  endloop
endfacet
facet normal 1 0 0
  outer loop
    vertex 8.75 9.999999999999973 -8.773502691896237
    vertex 8.75 7.328947274771878 -8.216211148979712
    vertex 8.75 7.50164451834784 -10.82099798441015
  endloop
endfacet
facet normal 1 0 0
  outer loop
    vertex 8.75 7.328947274771878 -8.216211148979712
    vertex 8.75 4.830591793119746 -10.26370644149362
    vertex 8.75 7.50164451834784 -10.82099798441015
  endloop
endfacet
facet normal 1 0 0
  outer loop
    vertex 8.75 7.328947274771878 -8.216211148979712
    vertex 8.75 4.657894549543784 -7.658919606063186
    vertex 8.75 4.830591793119746 -10.26370644149362
  endloop
endfacet
facet normal 1 0 0
  outer loop
    vertex 8.75 7.50164451834784 -10.82099798441015
    vertex 8.75 4.830591793119746 -10.26370644149362
    vertex 8.75 5.003289036695707 -12.86849327692406
  endloop
endfacet
facet normal 1 0 -0
  outer loop
    vertex 8.75 14.9638688141936 -12.85786028669276
    vertex 8.75 15.15626144485992 -10.25149517070033
    vertex 8.75 12.48193440709679 -10.8156814892945
  endloop
endfacet
facet normal 1 0 0
  outer loop
    vertex 8.75 15.15626144485992 -10.25149517070033
    vertex 8.75 12.67432703776311 -8.209316373302068
    vertex 8.75 12.48193440709679 -10.8156814892945
  endloop
endfacet
facet normal 1 0 -0
  outer loop
    vertex 8.75 15.15626144485992 -10.25149517070033
    vertex 8.75 15.34865407552624 -7.645130054707899
    vertex 8.75 12.67432703776311 -8.209316373302068
  endloop
endfacet
facet normal 1 0 -0
  outer loop
    vertex 8.75 12.48193440709679 -10.8156814892945
    vertex 8.75 12.67432703776311 -8.209316373302068
    vertex 8.75 9.999999999999973 -8.773502691896237
  endloop
endfacet
facet normal 1 -0 0
  outer loop
    vertex 8.75 5.096753656111324 -25.62258820783229
    vertex 8.75 7.453001858142107 -27.08388736243391
    vertex 8.75 7.516947457562623 -24.01619671787882
  endloop
endfacet
facet normal 1 0 0
  outer loop
    vertex 8.75 7.453001858142107 -27.08388736243391
    vertex 8.75 9.873195659593407 -25.47749587248044
    vertex 8.75 7.516947457562623 -24.01619671787882
  endloop
endfacet
facet normal 1 -0 0
  outer loop
    vertex 8.75 7.453001858142107 -27.08388736243391
    vertex 8.75 9.809250060172891 -28.54518651703552
    vertex 8.75 9.873195659593407 -25.47749587248044
  endloop
endfacet
facet normal 1 -0 0
  outer loop
    vertex 8.75 7.516947457562623 -24.01619671787882
    vertex 8.75 9.873195659593407 -25.47749587248044
    vertex 8.75 9.93714125901392 -22.40980522792536
  endloop
endfacet
facet normal 1 0 0
  outer loop
    vertex 8.75 9.93714125901392 -22.40980522792536
    vertex 8.75 9.873195659593407 -25.47749587248044
    vertex 8.75 12.3384016435774 -24.05181590722352
  endloop
endfacet
facet normal 1 -0 0
  outer loop
    vertex 8.75 9.873195659593407 -25.47749587248044
    vertex 8.75 12.27445604415688 -27.11950655177861
    vertex 8.75 12.3384016435774 -24.05181590722352
  endloop
endfacet
facet normal 1 0 0
  outer loop
    vertex 8.75 9.873195659593407 -25.47749587248044
    vertex 8.75 9.809250060172891 -28.54518651703552
    vertex 8.75 12.27445604415688 -27.11950655177861
  endloop
endfacet
facet normal 1 0 0
  outer loop
    vertex 8.75 12.3384016435774 -24.05181590722352
    vertex 8.75 12.27445604415688 -27.11950655177861
    vertex 8.75 14.73966202814087 -25.69382658652169
  endloop
endfacet
facet normal 1 0 0
  outer loop
    vertex 8.75 14.60109451685144 -32.29087811165932
    vertex 8.75 12.20517228851217 -30.41803231434742
    vertex 8.75 12.06312658374697 -33.08533222470169
  endloop
endfacet
facet normal 1 0 0
  outer loop
    vertex 8.75 12.20517228851217 -30.41803231434742
    vertex 8.75 9.6672043554077 -31.21248642738979
    vertex 8.75 12.06312658374697 -33.08533222470169
  endloop
endfacet
facet normal 1 0 0
  outer loop
    vertex 8.75 12.20517228851217 -30.41803231434742
    vertex 8.75 9.809250060172891 -28.54518651703552
    vertex 8.75 9.6672043554077 -31.21248642738979
  endloop
endfacet
facet normal 1 0 0
  outer loop
    vertex 8.75 12.06312658374697 -33.08533222470169
    vertex 8.75 9.6672043554077 -31.21248642738979
    vertex 8.75 9.525158650642508 -33.87978633774406
  endloop
endfacet
facet normal 1 0 0
  outer loop
    vertex 8.75 14.73966202814087 -25.69382658652169
    vertex 8.75 12.27445604415688 -27.11950655177861
    vertex 8.75 14.67037827249616 -28.99235234909051
  endloop
endfacet
facet normal 1 0 0
  outer loop
    vertex 8.75 12.27445604415688 -27.11950655177861
    vertex 8.75 12.20517228851217 -30.41803231434742
    vertex 8.75 14.67037827249616 -28.99235234909051
  endloop
endfacet
facet normal 1 0 0
  outer loop
    vertex 8.75 12.27445604415688 -27.11950655177861
    vertex 8.75 9.809250060172891 -28.54518651703552
    vertex 8.75 12.20517228851217 -30.41803231434742
  endloop
endfacet
facet normal 1 0 0
  outer loop
    vertex 8.75 14.67037827249616 -28.99235234909051
    vertex 8.75 12.20517228851217 -30.41803231434742
    vertex 8.75 14.60109451685144 -32.29087811165932
  endloop
endfacet
facet normal 1 0 0
  outer loop
    vertex 8.75 9.525158650642508 -33.87978633774406
    vertex 8.75 7.240424450459893 -32.62701048413722
    vertex 8.75 7.587997656038548 -35.19649973624193
  endloop
endfacet
facet normal 1 0 0
  outer loop
    vertex 8.75 7.240424450459893 -32.62701048413722
    vertex 8.75 5.303263455855933 -33.94372388263509
    vertex 8.75 7.587997656038548 -35.19649973624193
  endloop
endfacet
facet normal 1 0 0
  outer loop
    vertex 8.75 7.240424450459893 -32.62701048413722
    vertex 8.75 4.955690250277279 -31.37423463053038
    vertex 8.75 5.303263455855933 -33.94372388263509
  endloop
endfacet
facet normal 1 0 0
  outer loop
    vertex 8.75 7.587997656038548 -35.19649973624193
    vertex 8.75 5.303263455855933 -33.94372388263509
    vertex 8.75 5.650836661434587 -36.5132131347398
  endloop
endfacet
facet normal 1 0 0
  outer loop
    vertex 8.75 4.955690250277279 -31.37423463053038
    vertex 8.75 7.382470155225085 -29.95971057378295
    vertex 8.75 5.026221953194302 -28.49841141918134
  endloop
endfacet
facet normal 1 0 -0
  outer loop
    vertex 8.75 7.382470155225085 -29.95971057378295
    vertex 8.75 7.453001858142107 -27.08388736243391
    vertex 8.75 5.026221953194302 -28.49841141918134
  endloop
endfacet
facet normal 1 0 0
  outer loop
    vertex 8.75 7.382470155225085 -29.95971057378295
    vertex 8.75 9.809250060172891 -28.54518651703552
    vertex 8.75 7.453001858142107 -27.08388736243391
  endloop
endfacet
facet normal 1 0 0
  outer loop
    vertex 8.75 5.026221953194302 -28.49841141918134
    vertex 8.75 7.453001858142107 -27.08388736243391
    vertex 8.75 5.096753656111324 -25.62258820783229
  endloop
endfacet
facet normal 1 0 -0
  outer loop
    vertex 8.75 9.525158650642508 -33.87978633774406
    vertex 8.75 9.6672043554077 -31.21248642738979
    vertex 8.75 7.240424450459893 -32.62701048413722
  endloop
endfacet
facet normal 1 0 0
  outer loop
    vertex 8.75 9.6672043554077 -31.21248642738979
    vertex 8.75 7.382470155225085 -29.95971057378295
    vertex 8.75 7.240424450459893 -32.62701048413722
  endloop
endfacet
facet normal 1 0 -0
  outer loop
    vertex 8.75 9.6672043554077 -31.21248642738979
    vertex 8.75 9.809250060172891 -28.54518651703552
    vertex 8.75 7.382470155225085 -29.95971057378295
  endloop
endfacet
facet normal 1 0 -0
  outer loop
    vertex 8.75 7.240424450459893 -32.62701048413722
    vertex 8.75 7.382470155225085 -29.95971057378295
    vertex 8.75 4.955690250277279 -31.37423463053038
  endloop
endfacet
facet normal 1 0 -0
  outer loop
    vertex 8.75 11.08650025716551 -38.29651815651407
    vertex 8.75 11.88775057273803 -36.85669376531909
    vertex 8.75 10.30582945390401 -36.08815224712906
  endloop
endfacet
facet normal 1 0 0
  outer loop
    vertex 8.75 11.88775057273803 -36.85669376531909
    vertex 8.75 11.10707976947653 -34.64832785593408
    vertex 8.75 10.30582945390401 -36.08815224712906
  endloop
endfacet
facet normal 1 0 -0
  outer loop
    vertex 8.75 11.88775057273803 -36.85669376531909
    vertex 8.75 12.68900088831055 -35.4168693741241
    vertex 8.75 11.10707976947653 -34.64832785593408
  endloop
endfacet
facet normal 1 0 -0
  outer loop
    vertex 8.75 10.30582945390401 -36.08815224712906
    vertex 8.75 11.10707976947653 -34.64832785593408
    vertex 8.75 9.525158650642508 -33.87978633774406
  endloop
endfacet
facet normal 1 -0 0
  outer loop
    vertex 8.75 9.525158650642508 -33.87978633774406
    vertex 8.75 11.10707976947653 -34.64832785593408
    vertex 8.75 12.06312658374697 -33.08533222470169
  endloop
endfacet
facet normal 1 0 0
  outer loop
    vertex 8.75 11.10707976947653 -34.64832785593408
    vertex 8.75 13.645047702581 -33.85387374289171
    vertex 8.75 12.06312658374697 -33.08533222470169
  endloop
endfacet
facet normal 1 -0 0
  outer loop
    vertex 8.75 11.10707976947653 -34.64832785593408
    vertex 8.75 12.68900088831055 -35.4168693741241
    vertex 8.75 13.645047702581 -33.85387374289171
  endloop
endfacet
facet normal 1 -0 0
  outer loop
    vertex 8.75 12.06312658374697 -33.08533222470169
    vertex 8.75 13.645047702581 -33.85387374289171
    vertex 8.75 14.60109451685144 -32.29087811165932
  endloop
endfacet
facet normal 1 0 0
  outer loop
    vertex 8.75 11.08650025716551 -38.78256211898962
    vertex 8.75 13.31487519287413 -37.9914285047843
    vertex 8.75 11.08650025716551 -38.53954013775184
  endloop
endfacet
facet normal 1 0 -0
  outer loop
    vertex 8.75 13.31487519287413 -37.9914285047843
    vertex 8.75 13.31487519287413 -37.74840652354653
    vertex 8.75 11.08650025716551 -38.53954013775184
  endloop
endfacet
facet normal 1 0 0
  outer loop
    vertex 8.75 13.31487519287413 -37.9914285047843
    vertex 8.75 15.54325012858275 -37.20029489057899
    vertex 8.75 13.31487519287413 -37.74840652354653
  endloop
endfacet
facet normal 1 0 0
  outer loop
    vertex 8.75 11.08650025716551 -38.53954013775184
    vertex 8.75 13.31487519287413 -37.74840652354653
    vertex 8.75 11.08650025716551 -38.29651815651407
  endloop
endfacet
facet normal 0 0 -1
  outer loop
    vertex 8.75 20 -3
    vertex 7.312499999999986 21.5 -3
    vertex 10.25 21.5 -3
  endloop
endfacet
facet normal 0 0 -1
  outer loop
    vertex 7.312499999999986 21.5 -3
    vertex 8.812499999999986 23 -3
    vertex 10.25 21.5 -3
  endloop
endfacet
facet normal 0 0 -1
  outer loop
    vertex 7.312499999999986 21.5 -3
    vertex 5.874999999999972 23 -3
    vertex 8.812499999999986 23 -3
  endloop
endfacet
facet normal 0 0 -1
  outer loop
    vertex 10.25 21.5 -3
    vertex 8.812499999999986 23 -3
    vertex 11.75 23 -3
  endloop
endfacet
facet normal 0 0 -1
  outer loop
    vertex -11.75 23 -3
    vertex -8.812500000000007 23 -3
    vertex -10.25 21.5 -3
  endloop
endfacet
facet normal 0 -0 -1
  outer loop
    vertex -8.812500000000007 23 -3
    vertex -7.312500000000008 21.5 -3
    vertex -10.25 21.5 -3
  endloop
endfacet
facet normal 0 0 -1
  outer loop
    vertex -8.812500000000007 23 -3
    vertex -5.875000000000016 23 -3
    vertex -7.312500000000008 21.5 -3
  endloop
endfacet
facet normal 0 0 -1
  outer loop
    vertex -10.25 21.5 -3
    vertex -7.312500000000008 21.5 -3
    vertex -8.75 20 -3
  endloop
endfacet
facet normal 0 -0 -1
  outer loop
    vertex -5.875000000000016 23 -3
    vertex -4.395833333333341 21.5 -3
    vertex -7.312500000000008 21.5 -3
  endloop
endfacet
facet normal -0 0 -1
  outer loop
    vertex -4.395833333333341 21.5 -3
    vertex -5.833333333333333 20 -3
    vertex -7.312500000000008 21.5 -3
  endloop
endfacet
facet normal 0 -0 -1
  outer loop
    vertex -4.395833333333341 21.5 -3
    vertex -2.916666666666666 20 -3
    vertex -5.833333333333333 20 -3
  endloop
endfacet
facet normal 0 -0 -1
  outer loop
    vertex -7.312500000000008 21.5 -3
    vertex -5.833333333333333 20 -3
    vertex -8.75 20 -3
  endloop
endfacet
facet normal 0 0 -1
  outer loop
    vertex 8.75 20 -3
    vertex 5.833333333333336 20 -3
    vertex 7.312499999999986 21.5 -3
  endloop
endfacet
facet normal 0 0 -1
  outer loop
    vertex 5.833333333333336 20 -3
    vertex 4.395833333333321 21.5 -3
    vertex 7.312499999999986 21.5 -3
  endloop
endfacet
facet normal 0 0 -1
  outer loop
    vertex 5.833333333333336 20 -3
    vertex 2.916666666666668 20 -3
    vertex 4.395833333333321 21.5 -3
  endloop
endfacet
facet normal 0 0 -1
  outer loop
    vertex 7.312499999999986 21.5 -3
    vertex 4.395833333333321 21.5 -3
    vertex 5.874999999999972 23 -3
  endloop
endfacet
facet normal -0 0 -1
  outer loop
    vertex -3.730349362740526e-14 23 -3
    vertex -1.458333333333352 21.5 -3
    vertex -2.937500000000027 23 -3
  endloop
endfacet
facet normal 0 0 -1
  outer loop
    vertex -1.458333333333352 21.5 -3
    vertex -4.395833333333341 21.5 -3
    vertex -2.937500000000027 23 -3
  endloop
endfacet
facet normal -0 0 -1
  outer loop
    vertex -1.458333333333352 21.5 -3
    vertex -2.916666666666666 20 -3
    vertex -4.395833333333341 21.5 -3
  endloop
endfacet
facet normal -0 0 -1
  outer loop
    vertex -2.937500000000027 23 -3
    vertex -4.395833333333341 21.5 -3
    vertex -5.875000000000016 23 -3
  endloop
endfacet
facet normal 0 0 -1
  outer loop
    vertex 2.916666666666668 20 -3
    vertex 1.458333333333314 21.5 -3
    vertex 4.395833333333321 21.5 -3
  endloop
endfacet
facet normal 0 0 -1
  outer loop
    vertex 1.458333333333314 21.5 -3
    vertex 2.937499999999966 23 -3
    vertex 4.395833333333321 21.5 -3
  endloop
endfacet
facet normal 0 0 -1
  outer loop
    vertex 1.458333333333314 21.5 -3
    vertex -3.730349362740526e-14 23 -3
    vertex 2.937499999999966 23 -3
  endloop
endfacet
facet normal 0 0 -1
  outer loop
    vertex 4.395833333333321 21.5 -3
    vertex 2.937499999999966 23 -3
    vertex 5.874999999999972 23 -3
  endloop
endfacet
facet normal 0 0 -1
  outer loop
    vertex 2.916666666666668 20 -3
    vertex 0 20 -3
    vertex 1.458333333333314 21.5 -3
  endloop
endfacet
facet normal 0 0 -1
  outer loop
    vertex 0 20 -3
    vertex -1.458333333333352 21.5 -3
    vertex 1.458333333333314 21.5 -3
  endloop
endfacet
facet normal 0 0 -1
  outer loop
    vertex 0 20 -3
    vertex -2.916666666666666 20 -3
    vertex -1.458333333333352 21.5 -3
  endloop
endfacet
facet normal 0 0 -1
  outer loop
    vertex 1.458333333333314 21.5 -3
    vertex -1.458333333333352 21.5 -3
    vertex -3.730349362740526e-14 23 -3
  endloop
endfacet
facet normal 0 0 -1
  outer loop
    vertex 11.75 17.24999999999999 -3
    vertex 10.25 18.625 -3
    vertex 11.75 20.125 -3
  endloop
endfacet
facet normal 0 0 -1
  outer loop
    vertex 10.25 18.625 -3
    vertex 10.25 21.5 -3
    vertex 11.75 20.125 -3
  endloop
endfacet
facet normal 0 0 -1
  outer loop
    vertex 10.25 18.625 -3
    vertex 8.75 20 -3
    vertex 10.25 21.5 -3
  endloop
endfacet
facet normal 0 0 -1
  outer loop
    vertex 11.75 20.125 -3
    vertex 10.25 21.5 -3
    vertex 11.75 23 -3
  endloop
endfacet
facet normal 0 0 -1
  outer loop
    vertex -11.75 23 -3
    vertex -10.25 21.5 -3
    vertex -11.75 20.125 -3
  endloop
endfacet
facet normal 0 -0 -1
  outer loop
    vertex -10.25 21.5 -3
    vertex -10.25 18.625 -3
    vertex -11.75 20.125 -3
  endloop
endfacet
facet normal 0 0 -1
  outer loop
    vertex -10.25 21.5 -3
    vertex -8.75 20 -3
    vertex -10.25 18.625 -3
  endloop
endfacet
facet normal 0 0 -1
  outer loop
    vertex -11.75 20.125 -3
    vertex -10.25 18.625 -3
    vertex -11.75 17.24999999999999 -3
  endloop
endfacet
facet normal 0 0 -1
  outer loop
    vertex -11.75 5.749999999999988 -3
    vertex -10.25 6.208333333333346 -3
    vertex -11 4.427083333333331 -3
  endloop
endfacet
facet normal 0 -0 -1
  outer loop
    vertex -10.25 6.208333333333346 -3
    vertex -9.5 4.885416666666689 -3
    vertex -11 4.427083333333331 -3
  endloop
endfacet
facet normal 0 0 -1
  outer loop
    vertex -10.25 6.208333333333346 -3
    vertex -8.75 6.666666666666705 -3
    vertex -9.5 4.885416666666689 -3
  endloop
endfacet
facet normal 0 0 -1
  outer loop
    vertex -11 4.427083333333331 -3
    vertex -9.5 4.885416666666689 -3
    vertex -10.25 3.104166666666674 -3
  endloop
endfacet
facet normal 0 0 -1
  outer loop
    vertex 8.75 6.666666666666651 -3
    vertex 10.25 6.20833333333332 -3
    vertex 9.5 4.885416666666655 -3
  endloop
endfacet
facet normal 0 -0 -1
  outer loop
    vertex 10.25 6.20833333333332 -3
    vertex 11 4.427083333333324 -3
    vertex 9.5 4.885416666666655 -3
  endloop
endfacet
facet normal 0 0 -1
  outer loop
    vertex 10.25 6.20833333333332 -3
    vertex 11.75 5.749999999999988 -3
    vertex 11 4.427083333333324 -3
  endloop
endfacet
facet normal 0 0 -1
  outer loop
    vertex 9.5 4.885416666666655 -3
    vertex 11 4.427083333333324 -3
    vertex 10.25 3.10416666666666 -3
  endloop
endfacet
facet normal 0 0 -1
  outer loop
    vertex 11.75 0 -3
    vertex 10.25 0 -3
    vertex 11 1.55208333333333 -3
  endloop
endfacet
facet normal 0 0 -1
  outer loop
    vertex 10.25 0 -3
    vertex 9.5 1.55208333333333 -3
    vertex 11 1.55208333333333 -3
  endloop
endfacet
facet normal 0 0 -1
  outer loop
    vertex 10.25 0 -3
    vertex 8.75 0 -3
    vertex 9.5 1.55208333333333 -3
  endloop
endfacet
facet normal 0 0 -1
  outer loop
    vertex 11 1.55208333333333 -3
    vertex 9.5 1.55208333333333 -3
    vertex 10.25 3.10416666666666 -3
  endloop
endfacet
facet normal 0 0 -1
  outer loop
    vertex -8.75 0 -3
    vertex -10.25 0 -3
    vertex -9.5 1.552083333333337 -3
  endloop
endfacet
facet normal 0 0 -1
  outer loop
    vertex -10.25 0 -3
    vertex -11 1.552083333333337 -3
    vertex -9.5 1.552083333333337 -3
  endloop
endfacet
facet normal 0 0 -1
  outer loop
    vertex -10.25 0 -3
    vertex -11.75 0 -3
    vertex -11 1.552083333333337 -3
  endloop
endfacet
facet normal 0 0 -1
  outer loop
    vertex -9.5 1.552083333333337 -3
    vertex -11 1.552083333333337 -3
    vertex -10.25 3.104166666666674 -3
  endloop
endfacet
facet normal 0 0 -1
  outer loop
    vertex 8.75 0 -3
    vertex 8.75 3.333333333333325 -3
    vertex 9.5 1.55208333333333 -3
  endloop
endfacet
facet normal 0 0 -1
  outer loop
    vertex 8.75 3.333333333333325 -3
    vertex 9.5 4.885416666666655 -3
    vertex 9.5 1.55208333333333 -3
  endloop
endfacet
facet normal 0 0 -1
  outer loop
    vertex 8.75 3.333333333333325 -3
    vertex 8.75 6.666666666666651 -3
    vertex 9.5 4.885416666666655 -3
  endloop
endfacet
facet normal 0 0 -1
  outer loop
    vertex 9.5 1.55208333333333 -3
    vertex 9.5 4.885416666666655 -3
    vertex 10.25 3.10416666666666 -3
  endloop
endfacet
facet normal 0 -0 -1
  outer loop
    vertex 11.75 5.749999999999988 -3
    vertex 11.75 2.874999999999994 -3
    vertex 11 4.427083333333324 -3
  endloop
endfacet
facet normal -0 0 -1
  outer loop
    vertex 11.75 2.874999999999994 -3
    vertex 11 1.55208333333333 -3
    vertex 11 4.427083333333324 -3
  endloop
endfacet
facet normal 0 -0 -1
  outer loop
    vertex 11.75 2.874999999999994 -3
    vertex 11.75 0 -3
    vertex 11 1.55208333333333 -3
  endloop
endfacet
facet normal 0 -0 -1
  outer loop
    vertex 11 4.427083333333324 -3
    vertex 11 1.55208333333333 -3
    vertex 10.25 3.10416666666666 -3
  endloop
endfacet
facet normal 0 0 -1
  outer loop
    vertex -11.75 0 -3
    vertex -11.75 2.874999999999994 -3
    vertex -11 1.552083333333337 -3
  endloop
endfacet
facet normal 0 0 -1
  outer loop
    vertex -11.75 2.874999999999994 -3
    vertex -11 4.427083333333331 -3
    vertex -11 1.552083333333337 -3
  endloop
endfacet
facet normal 0 0 -1
  outer loop
    vertex -11.75 2.874999999999994 -3
    vertex -11.75 5.749999999999988 -3
    vertex -11 4.427083333333331 -3
  endloop
endfacet
facet normal 0 0 -1
  outer loop
    vertex -11 1.552083333333337 -3
    vertex -11 4.427083333333331 -3
    vertex -10.25 3.104166666666674 -3
  endloop
endfacet
facet normal 0 -0 -1
  outer loop
    vertex -8.75 6.666666666666705 -3
    vertex -8.75 3.333333333333353 -3
    vertex -9.5 4.885416666666689 -3
  endloop
endfacet
facet normal -0 0 -1
  outer loop
    vertex -8.75 3.333333333333353 -3
    vertex -9.5 1.552083333333337 -3
    vertex -9.5 4.885416666666689 -3
  endloop
endfacet
facet normal 0 -0 -1
  outer loop
    vertex -8.75 3.333333333333353 -3
    vertex -8.75 0 -3
    vertex -9.5 1.552083333333337 -3
  endloop
endfacet
facet normal 0 -0 -1
  outer loop
    vertex -9.5 4.885416666666689 -3
    vertex -9.5 1.552083333333337 -3
    vertex -10.25 3.104166666666674 -3
  endloop
endfacet
facet normal -0 0 -1
  outer loop
    vertex 11.75 17.24999999999999 -3
    vertex 10.25 15.29166666666664 -3
    vertex 10.25 18.625 -3
  endloop
endfacet
facet normal 0 0 -1
  outer loop
    vertex 10.25 15.29166666666664 -3
    vertex 8.75 16.66666666666665 -3
    vertex 10.25 18.625 -3
  endloop
endfacet
facet normal -0 0 -1
  outer loop
    vertex 10.25 15.29166666666664 -3
    vertex 8.75 13.33333333333329 -3
    vertex 8.75 16.66666666666665 -3
  endloop
endfacet
facet normal -0 0 -1
  outer loop
    vertex 10.25 18.625 -3
    vertex 8.75 16.66666666666665 -3
    vertex 8.75 20 -3
  endloop
endfacet
facet normal 0 0 -1
  outer loop
    vertex -11.75 17.24999999999999 -3
    vertex -10.25 18.625 -3
    vertex -10.25 15.29166666666667 -3
  endloop
endfacet
facet normal 0 0 -1
  outer loop
    vertex -10.25 18.625 -3
    vertex -8.75 16.66666666666667 -3
    vertex -10.25 15.29166666666667 -3
  endloop
endfacet
facet normal 0 0 -1
  outer loop
    vertex -10.25 18.625 -3
    vertex -8.75 20 -3
    vertex -8.75 16.66666666666667 -3
  endloop
endfacet
facet normal 0 0 -1
  outer loop
    vertex -10.25 15.29166666666667 -3
    vertex -8.75 16.66666666666667 -3
    vertex -8.75 13.33333333333335 -3
  endloop
endfacet
facet normal 0 0 -1
  outer loop
    vertex 8.75 13.33333333333329 -3
    vertex 10.25 12.41666666666664 -3
    vertex 8.75 9.999999999999973 -3
  endloop
endfacet
facet normal 0 -0 -1
  outer loop
    vertex 10.25 12.41666666666664 -3
    vertex 10.25 9.08333333333332 -3
    vertex 8.75 9.999999999999973 -3
  endloop
endfacet
facet normal 0 0 -1
  outer loop
    vertex 10.25 12.41666666666664 -3
    vertex 11.75 11.49999999999999 -3
    vertex 10.25 9.08333333333332 -3
  endloop
endfacet
facet normal 0 0 -1
  outer loop
    vertex 8.75 9.999999999999973 -3
    vertex 10.25 9.08333333333332 -3
    vertex 8.75 6.666666666666651 -3
  endloop
endfacet
facet normal 0 -0 -1
  outer loop
    vertex 11.75 11.49999999999999 -3
    vertex 11.75 8.624999999999989 -3
    vertex 10.25 9.08333333333332 -3
  endloop
endfacet
facet normal -0 0 -1
  outer loop
    vertex 11.75 8.624999999999989 -3
    vertex 10.25 6.20833333333332 -3
    vertex 10.25 9.08333333333332 -3
  endloop
endfacet
facet normal 0 -0 -1
  outer loop
    vertex 11.75 8.624999999999989 -3
    vertex 11.75 5.749999999999988 -3
    vertex 10.25 6.20833333333332 -3
  endloop
endfacet
facet normal 0 -0 -1
  outer loop
    vertex 10.25 9.08333333333332 -3
    vertex 10.25 6.20833333333332 -3
    vertex 8.75 6.666666666666651 -3
  endloop
endfacet
facet normal 0 -0 -1
  outer loop
    vertex 11.75 17.24999999999999 -3
    vertex 11.75 14.37499999999999 -3
    vertex 10.25 15.29166666666664 -3
  endloop
endfacet
facet normal -0 0 -1
  outer loop
    vertex 11.75 14.37499999999999 -3
    vertex 10.25 12.41666666666664 -3
    vertex 10.25 15.29166666666664 -3
  endloop
endfacet
facet normal 0 -0 -1
  outer loop
    vertex 11.75 14.37499999999999 -3
    vertex 11.75 11.49999999999999 -3
    vertex 10.25 12.41666666666664 -3
  endloop
endfacet
facet normal 0 -0 -1
  outer loop
    vertex 10.25 15.29166666666664 -3
    vertex 10.25 12.41666666666664 -3
    vertex 8.75 13.33333333333329 -3
  endloop
endfacet
facet normal 0 0 -1
  outer loop
    vertex -11.75 5.749999999999988 -3
    vertex -11.75 8.624999999999989 -3
    vertex -10.25 6.208333333333346 -3
  endloop
endfacet
facet normal 0 0 -1
  outer loop
    vertex -11.75 8.624999999999989 -3
    vertex -10.25 9.083333333333346 -3
    vertex -10.25 6.208333333333346 -3
  endloop
endfacet
facet normal 0 0 -1
  outer loop
    vertex -11.75 8.624999999999989 -3
    vertex -11.75 11.49999999999999 -3
    vertex -10.25 9.083333333333346 -3
  endloop
endfacet
facet normal 0 0 -1
  outer loop
    vertex -10.25 6.208333333333346 -3
    vertex -10.25 9.083333333333346 -3
    vertex -8.75 6.666666666666705 -3
  endloop
endfacet
facet normal 0 0 -1
  outer loop
    vertex -11.75 11.49999999999999 -3
    vertex -11.75 14.37499999999999 -3
    vertex -10.25 12.41666666666667 -3
  endloop
endfacet
facet normal 0 0 -1
  outer loop
    vertex -11.75 14.37499999999999 -3
    vertex -10.25 15.29166666666667 -3
    vertex -10.25 12.41666666666667 -3
  endloop
endfacet
facet normal 0 0 -1
  outer loop
    vertex -11.75 14.37499999999999 -3
    vertex -11.75 17.24999999999999 -3
    vertex -10.25 15.29166666666667 -3
  endloop
endfacet
facet normal 0 0 -1
  outer loop
    vertex -10.25 12.41666666666667 -3
    vertex -10.25 15.29166666666667 -3
    vertex -8.75 13.33333333333335 -3
  endloop
endfacet
facet normal 0 0 -1
  outer loop
    vertex -11.75 11.49999999999999 -3
    vertex -10.25 12.41666666666667 -3
    vertex -10.25 9.083333333333346 -3
  endloop
endfacet
facet normal 0 0 -1
  outer loop
    vertex -10.25 12.41666666666667 -3
    vertex -8.75 10.00000000000003 -3
    vertex -10.25 9.083333333333346 -3
  endloop
endfacet
facet normal 0 0 -1
  outer loop
    vertex -10.25 12.41666666666667 -3
    vertex -8.75 13.33333333333335 -3
    vertex -8.75 10.00000000000003 -3
  endloop
endfacet
facet normal 0 0 -1
  outer loop
    vertex -10.25 9.083333333333346 -3
    vertex -8.75 10.00000000000003 -3
    vertex -8.75 6.666666666666705 -3
  endloop
endfacet
facet normal 1 0 0
  outer loop
    vertex 11.75 11.49999999999999 -3
    vertex 11.75 12.93749999999999 -2.25
    vertex 11.75 11.49999999999999 -1.5
  endloop
endfacet
facet normal 1 0 -0
  outer loop
    vertex 11.75 12.93749999999999 -2.25
    vertex 11.75 12.93749999999999 -0.75
    vertex 11.75 11.49999999999999 -1.5
  endloop
endfacet
facet normal 1 0 0
  outer loop
    vertex 11.75 12.93749999999999 -2.25
    vertex 11.75 14.37499999999999 -1.5
    vertex 11.75 12.93749999999999 -0.75
  endloop
endfacet
facet normal 1 0 0
  outer loop
    vertex 11.75 11.49999999999999 -1.5
    vertex 11.75 12.93749999999999 -0.75
    vertex 11.75 11.49999999999999 0
  endloop
endfacet
facet normal 1 0 0
  outer loop
    vertex 11.75 5.749999999999988 -3
    vertex 11.75 7.187499999999989 -2.25
    vertex 11.75 5.749999999999988 -1.5
  endloop
endfacet
facet normal 1 0 -0
  outer loop
    vertex 11.75 7.187499999999989 -2.25
    vertex 11.75 7.187499999999989 -0.75
    vertex 11.75 5.749999999999988 -1.5
  endloop
endfacet
facet normal 1 0 0
  outer loop
    vertex 11.75 7.187499999999989 -2.25
    vertex 11.75 8.624999999999989 -1.5
    vertex 11.75 7.187499999999989 -0.75
  endloop
endfacet
facet normal 1 0 0
  outer loop
    vertex 11.75 5.749999999999988 -1.5
    vertex 11.75 7.187499999999989 -0.75
    vertex 11.75 5.749999999999988 0
  endloop
endfacet
facet normal 1 0 0
  outer loop
    vertex 11.75 23 0
    vertex 11.75 21.5625 -0.75
    vertex 11.75 23 -1.5
  endloop
endfacet
facet normal 1 0 0
  outer loop
    vertex 11.75 21.5625 -0.75
    vertex 11.75 21.5625 -2.25
    vertex 11.75 23 -1.5
  endloop
endfacet
facet normal 1 0 0
  outer loop
    vertex 11.75 21.5625 -0.75
    vertex 11.75 20.125 -1.5
    vertex 11.75 21.5625 -2.25
  endloop
endfacet
facet normal 1 0 0
  outer loop
    vertex 11.75 23 -1.5
    vertex 11.75 21.5625 -2.25
    vertex 11.75 23 -3
  endloop
endfacet
facet normal 1 0 0
  outer loop
    vertex 11.75 17.24999999999999 -3
    vertex 11.75 18.68749999999999 -2.25
    vertex 11.75 17.24999999999999 -1.5
  endloop
endfacet
facet normal 1 0 -0
  outer loop
    vertex 11.75 18.68749999999999 -2.25
    vertex 11.75 18.68749999999999 -0.75
    vertex 11.75 17.24999999999999 -1.5
  endloop
endfacet
facet normal 1 0 0
  outer loop
    vertex 11.75 18.68749999999999 -2.25
    vertex 11.75 20.125 -1.5
    vertex 11.75 18.68749999999999 -0.75
  endloop
endfacet
facet normal 1 0 0
  outer loop
    vertex 11.75 17.24999999999999 -1.5
    vertex 11.75 18.68749999999999 -0.75
    vertex 11.75 17.24999999999999 0
  endloop
endfacet
facet normal 1 0 0
  outer loop
    vertex 11.75 0 -3
    vertex 11.75 1.437499999999997 -2.25
    vertex 11.75 0 -1.5
  endloop
endfacet
facet normal 1 0 -0
  outer loop
    vertex 11.75 1.437499999999997 -2.25
    vertex 11.75 1.437499999999997 -0.75
    vertex 11.75 0 -1.5
  endloop
endfacet
facet normal 1 0 0
  outer loop
    vertex 11.75 1.437499999999997 -2.25
    vertex 11.75 2.874999999999994 -1.5
    vertex 11.75 1.437499999999997 -0.75
  endloop
endfacet
facet normal 1 0 0
  outer loop
    vertex 11.75 0 -1.5
    vertex 11.75 1.437499999999997 -0.75
    vertex 11.75 0 0
  endloop
endfacet
facet normal 1 0 0
  outer loop
    vertex 11.75 5.749999999999988 0
    vertex 11.75 4.312499999999991 -0.75
    vertex 11.75 5.749999999999988 -1.5
  endloop
endfacet
facet normal 1 0 0
  outer loop
    vertex 11.75 4.312499999999991 -0.75
    vertex 11.75 4.312499999999991 -2.25
    vertex 11.75 5.749999999999988 -1.5
  endloop
endfacet
facet normal 1 0 0
  outer loop
    vertex 11.75 4.312499999999991 -0.75
    vertex 11.75 2.874999999999994 -1.5
    vertex 11.75 4.312499999999991 -2.25
  endloop
endfacet
facet normal 1 0 0
  outer loop
    vertex 11.75 5.749999999999988 -1.5
    vertex 11.75 4.312499999999991 -2.25
    vertex 11.75 5.749999999999988 -3
  endloop
endfacet
facet normal 1 0 0
  outer loop
    vertex 11.75 11.49999999999999 0
    vertex 11.75 10.06249999999999 -0.75
    vertex 11.75 11.49999999999999 -1.5
  endloop
endfacet
facet normal 1 0 0
  outer loop
    vertex 11.75 10.06249999999999 -0.75
    vertex 11.75 10.06249999999999 -2.25
    vertex 11.75 11.49999999999999 -1.5
  endloop
endfacet
facet normal 1 0 0
  outer loop
    vertex 11.75 10.06249999999999 -0.75
    vertex 11.75 8.624999999999989 -1.5
    vertex 11.75 10.06249999999999 -2.25
  endloop
endfacet
facet normal 1 0 0
  outer loop
    vertex 11.75 11.49999999999999 -1.5
    vertex 11.75 10.06249999999999 -2.25
    vertex 11.75 11.49999999999999 -3
  endloop
endfacet
facet normal 1 0 0
  outer loop
    vertex 11.75 17.24999999999999 0
    vertex 11.75 15.81249999999999 -0.75
    vertex 11.75 17.24999999999999 -1.5
  endloop
endfacet
facet normal 1 0 0
  outer loop
    vertex 11.75 15.81249999999999 -0.75
    vertex 11.75 15.81249999999999 -2.25
    vertex 11.75 17.24999999999999 -1.5
  endloop
endfacet
facet normal 1 0 0
  outer loop
    vertex 11.75 15.81249999999999 -0.75
    vertex 11.75 14.37499999999999 -1.5
    vertex 11.75 15.81249999999999 -2.25
  endloop
endfacet
facet normal 1 0 0
  outer loop
    vertex 11.75 17.24999999999999 -1.5
    vertex 11.75 15.81249999999999 -2.25
    vertex 11.75 17.24999999999999 -3
  endloop
endfacet
facet normal 1 0 0
  outer loop
    vertex 11.75 5.749999999999988 -3
    vertex 11.75 4.312499999999991 -2.25
    vertex 11.75 2.874999999999994 -3
  endloop
endfacet
facet normal 1 0 0
  outer loop
    vertex 11.75 4.312499999999991 -2.25
    vertex 11.75 1.437499999999997 -2.25
    vertex 11.75 2.874999999999994 -3
  endloop
endfacet
facet normal 1 0 0
  outer loop
    vertex 11.75 4.312499999999991 -2.25
    vertex 11.75 2.874999999999994 -1.5
    vertex 11.75 1.437499999999997 -2.25
  endloop
endfacet
facet normal 1 0 0
  outer loop
    vertex 11.75 2.874999999999994 -3
    vertex 11.75 1.437499999999997 -2.25
    vertex 11.75 0 -3
  endloop
endfacet
facet normal 1 -0 0
  outer loop
    vertex 11.75 0 0
    vertex 11.75 1.437499999999997 -0.75
    vertex 11.75 2.874999999999994 0
  endloop
endfacet
facet normal 1 0 0
  outer loop
    vertex 11.75 1.437499999999997 -0.75
    vertex 11.75 4.312499999999991 -0.75
    vertex 11.75 2.874999999999994 0
  endloop
endfacet
facet normal 1 -0 0
  outer loop
    vertex 11.75 1.437499999999997 -0.75
    vertex 11.75 2.874999999999994 -1.5
    vertex 11.75 4.312499999999991 -0.75
  endloop
endfacet
facet normal 1 -0 0
  outer loop
    vertex 11.75 2.874999999999994 0
    vertex 11.75 4.312499999999991 -0.75
    vertex 11.75 5.749999999999988 0
  endloop
endfacet
facet normal 1 0 0
  outer loop
    vertex 11.75 23 -3
    vertex 11.75 21.5625 -2.25
    vertex 11.75 20.125 -3
  endloop
endfacet
facet normal 1 0 0
  outer loop
    vertex 11.75 21.5625 -2.25
    vertex 11.75 18.68749999999999 -2.25
    vertex 11.75 20.125 -3
  endloop
endfacet
facet normal 1 0 0
  outer loop
    vertex 11.75 21.5625 -2.25
    vertex 11.75 20.125 -1.5
    vertex 11.75 18.68749999999999 -2.25
  endloop
endfacet
facet normal 1 0 0
  outer loop
    vertex 11.75 20.125 -3
    vertex 11.75 18.68749999999999 -2.25
    vertex 11.75 17.24999999999999 -3
  endloop
endfacet
facet normal 1 -0 0
  outer loop
    vertex 11.75 17.24999999999999 0
    vertex 11.75 18.68749999999999 -0.75
    vertex 11.75 20.125 0
  endloop
endfacet
facet normal 1 0 0
  outer loop
    vertex 11.75 18.68749999999999 -0.75
    vertex 11.75 21.5625 -0.75
    vertex 11.75 20.125 0
  endloop
endfacet
facet normal 1 -0 0
  outer loop
    vertex 11.75 18.68749999999999 -0.75
    vertex 11.75 20.125 -1.5
    vertex 11.75 21.5625 -0.75
  endloop
endfacet
facet normal 1 -0 0
  outer loop
    vertex 11.75 20.125 0
    vertex 11.75 21.5625 -0.75
    vertex 11.75 23 0
  endloop
endfacet
facet normal 1 0 0
  outer loop
    vertex 11.75 11.49999999999999 -3
    vertex 11.75 10.06249999999999 -2.25
    vertex 11.75 8.624999999999989 -3
  endloop
endfacet
facet normal 1 0 0
  outer loop
    vertex 11.75 10.06249999999999 -2.25
    vertex 11.75 7.187499999999989 -2.25
    vertex 11.75 8.624999999999989 -3
  endloop
endfacet
facet normal 1 0 0
  outer loop
    vertex 11.75 10.06249999999999 -2.25
    vertex 11.75 8.624999999999989 -1.5
    vertex 11.75 7.187499999999989 -2.25
  endloop
endfacet
facet normal 1 0 0
  outer loop
    vertex 11.75 8.624999999999989 -3
    vertex 11.75 7.187499999999989 -2.25
    vertex 11.75 5.749999999999988 -3
  endloop
endfacet
facet normal 1 0 0
  outer loop
    vertex 11.75 17.24999999999999 -3
    vertex 11.75 15.81249999999999 -2.25
    vertex 11.75 14.37499999999999 -3
  endloop
endfacet
facet normal 1 0 0
  outer loop
    vertex 11.75 15.81249999999999 -2.25
    vertex 11.75 12.93749999999999 -2.25
    vertex 11.75 14.37499999999999 -3
  endloop
endfacet
facet normal 1 0 0
  outer loop
    vertex 11.75 15.81249999999999 -2.25
    vertex 11.75 14.37499999999999 -1.5
    vertex 11.75 12.93749999999999 -2.25
  endloop
endfacet
facet normal 1 0 0
  outer loop
    vertex 11.75 14.37499999999999 -3
    vertex 11.75 12.93749999999999 -2.25
    vertex 11.75 11.49999999999999 -3
  endloop
endfacet
facet normal 1 -0 0
  outer loop
    vertex 11.75 5.749999999999988 0
    vertex 11.75 7.187499999999989 -0.75
    vertex 11.75 8.624999999999989 0
  endloop
endfacet
facet normal 1 0 0
  outer loop
    vertex 11.75 7.187499999999989 -0.75
    vertex 11.75 10.06249999999999 -0.75
    vertex 11.75 8.624999999999989 0
  endloop
endfacet
facet normal 1 -0 0
  outer loop
    vertex 11.75 7.187499999999989 -0.75
    vertex 11.75 8.624999999999989 -1.5
    vertex 11.75 10.06249999999999 -0.75
  endloop
endfacet
facet normal 1 -0 0
  outer loop
    vertex 11.75 8.624999999999989 0
    vertex 11.75 10.06249999999999 -0.75
    vertex 11.75 11.49999999999999 0
  endloop
endfacet
facet normal 1 -0 0
  outer loop
    vertex 11.75 11.49999999999999 0
    vertex 11.75 12.93749999999999 -0.75
    vertex 11.75 14.37499999999999 0
  endloop
endfacet
facet normal 1 0 0
  outer loop
    vertex 11.75 12.93749999999999 -0.75
    vertex 11.75 15.81249999999999 -0.75
    vertex 11.75 14.37499999999999 0
  endloop
endfacet
facet normal 1 -0 0
  outer loop
    vertex 11.75 12.93749999999999 -0.75
    vertex 11.75 14.37499999999999 -1.5
    vertex 11.75 15.81249999999999 -0.75
  endloop
endfacet
facet normal 1 -0 0
  outer loop
    vertex 11.75 14.37499999999999 0
    vertex 11.75 15.81249999999999 -0.75
    vertex 11.75 17.24999999999999 0
  endloop
endfacet
facet normal 0 0 1
  outer loop
    vertex -6.619519168154191 14.39111856499582 0
    vertex -6.810237011878229 11.51798809600798 0
    vertex -3.253455011912536 12.95901739945239 0
  endloop
endfacet
facet normal -0 0 1
  outer loop
    vertex -6.810237011878229 11.51798809600798 0
    vertex -3.444172855636575 10.08588693046454 0
    vertex -3.253455011912536 12.95901739945239 0
  endloop
endfacet
facet normal 0 0 1
  outer loop
    vertex -6.810237011878229 11.51798809600798 0
    vertex -7.000954855602268 8.644857627020135 0
    vertex -3.444172855636575 10.08588693046454 0
  endloop
endfacet
facet normal 0 0 1
  outer loop
    vertex -3.253455011912536 12.95901739945239 0
    vertex -3.444172855636575 10.08588693046454 0
    vertex 0.1126091443291184 11.52691623390895 0
  endloop
endfacet
facet normal 0 0 1
  outer loop
    vertex 0.1126091443291184 11.52691623390895 0
    vertex -3.444172855636575 10.08588693046454 0
    vertex -1.297282458419485 8.202856882292732 0
  endloop
endfacet
facet normal 0 0 1
  outer loop
    vertex -3.444172855636575 10.08588693046454 0
    vertex -4.854064458385178 6.761827578848322 0
    vertex -1.297282458419485 8.202856882292732 0
  endloop
endfacet
facet normal 0 0 1
  outer loop
    vertex -3.444172855636575 10.08588693046454 0
    vertex -7.000954855602268 8.644857627020135 0
    vertex -4.854064458385178 6.761827578848322 0
  endloop
endfacet
facet normal 0 0 1
  outer loop
    vertex -1.297282458419485 8.202856882292732 0
    vertex -4.854064458385178 6.761827578848322 0
    vertex -2.707174061168086 4.878797530676509 0
  endloop
endfacet
facet normal 0 0 1
  outer loop
    vertex 0.1126091443291184 11.52691623390895 0
    vertex -1.339724686510438 14.84341904477955 0
    vertex -3.253455011912536 12.95901739945239 0
  endloop
endfacet
facet normal 0 0 1
  outer loop
    vertex -1.339724686510438 14.84341904477955 0
    vertex -4.705788842752092 16.27552021032299 0
    vertex -3.253455011912536 12.95901739945239 0
  endloop
endfacet
facet normal 0 0 1
  outer loop
    vertex -1.339724686510438 14.84341904477955 0
    vertex -2.792058517349995 18.15992185565015 0
    vertex -4.705788842752092 16.27552021032299 0
  endloop
endfacet
facet normal 0 0 1
  outer loop
    vertex -3.253455011912536 12.95901739945239 0
    vertex -4.705788842752092 16.27552021032299 0
    vertex -6.619519168154191 14.39111856499582 0
  endloop
endfacet
facet normal -0 0 1
  outer loop
    vertex -2.707174061168086 4.878797530676509 0
    vertex 0.1206607339626657 4.800122403841235 0
    vertex -1.297282458419485 8.202856882292732 0
  endloop
endfacet
facet normal 0 -0 1
  outer loop
    vertex 0.1206607339626657 4.800122403841235 0
    vertex 1.530552336711268 8.124181755457458 0
    vertex -1.297282458419485 8.202856882292732 0
  endloop
endfacet
facet normal -0 0 1
  outer loop
    vertex 0.1206607339626657 4.800122403841235 0
    vertex 2.948495529093417 4.721447277005963 0
    vertex 1.530552336711268 8.124181755457458 0
  endloop
endfacet
facet normal -0 0 1
  outer loop
    vertex -1.297282458419485 8.202856882292732 0
    vertex 1.530552336711268 8.124181755457458 0
    vertex 0.1126091443291184 11.52691623390895 0
  endloop
endfacet
facet normal 0 0 1
  outer loop
    vertex 3.157610638484556 18.22886740495932 0
    vertex 0.1827760605672815 18.19439463030474 0
    vertex 1.635109891406837 14.87789181943414 0
  endloop
endfacet
facet normal 0 0 1
  outer loop
    vertex 0.1827760605672815 18.19439463030474 0
    vertex -1.339724686510438 14.84341904477955 0
    vertex 1.635109891406837 14.87789181943414 0
  endloop
endfacet
facet normal 0 0 1
  outer loop
    vertex 0.1827760605672815 18.19439463030474 0
    vertex -2.792058517349995 18.15992185565015 0
    vertex -1.339724686510438 14.84341904477955 0
  endloop
endfacet
facet normal 0 0 1
  outer loop
    vertex 1.635109891406837 14.87789181943414 0
    vertex -1.339724686510438 14.84341904477955 0
    vertex 0.1126091443291184 11.52691623390895 0
  endloop
endfacet
facet normal 0 0 1
  outer loop
    vertex 3.730349362740526e-14 0 0
    vertex -1.353587030584023 2.439398765338254 0
    vertex -2.937499999999966 0 0
  endloop
endfacet
facet normal 0 0 1
  outer loop
    vertex -1.353587030584023 2.439398765338254 0
    vertex -4.291087030584029 2.439398765338254 0
    vertex -2.937499999999966 0 0
  endloop
endfacet
facet normal 0 0 1
  outer loop
    vertex -1.353587030584023 2.439398765338254 0
    vertex -2.707174061168086 4.878797530676509 0
    vertex -4.291087030584029 2.439398765338254 0
  endloop
endfacet
facet normal 0 0 1
  outer loop
    vertex -2.937499999999966 0 0
    vertex -4.291087030584029 2.439398765338254 0
    vertex -5.874999999999972 0 0
  endloop
endfacet
facet normal -0 0 1
  outer loop
    vertex -3.730349362740526e-14 23 0
    vertex 1.578805319242259 20.61443370247966 0
    vertex 2.937499999999966 23 0
  endloop
endfacet
facet normal 0 0 1
  outer loop
    vertex 1.578805319242259 20.61443370247966 0
    vertex 4.516305319242264 20.61443370247966 0
    vertex 2.937499999999966 23 0
  endloop
endfacet
facet normal -0 0 1
  outer loop
    vertex 1.578805319242259 20.61443370247966 0
    vertex 3.157610638484556 18.22886740495932 0
    vertex 4.516305319242264 20.61443370247966 0
  endloop
endfacet
facet normal -0 0 1
  outer loop
    vertex 2.937499999999966 23 0
    vertex 4.516305319242264 20.61443370247966 0
    vertex 5.874999999999972 23 0
  endloop
endfacet
facet normal 0 0 1
  outer loop
    vertex 0.1126091443291184 11.52691623390895 0
    vertex 1.530552336711268 8.124181755457458 0
    vertex 3.591282444899891 10.12173130227448 0
  endloop
endfacet
facet normal -0 0 1
  outer loop
    vertex 1.530552336711268 8.124181755457458 0
    vertex 5.009225637282039 6.718996823822981 0
    vertex 3.591282444899891 10.12173130227448 0
  endloop
endfacet
facet normal 0 0 1
  outer loop
    vertex 1.530552336711268 8.124181755457458 0
    vertex 2.948495529093417 4.721447277005963 0
    vertex 5.009225637282039 6.718996823822981 0
  endloop
endfacet
facet normal 0 0 1
  outer loop
    vertex 3.591282444899891 10.12173130227448 0
    vertex 5.009225637282039 6.718996823822981 0
    vertex 7.069955745470661 8.71654637064 0
  endloop
endfacet
facet normal 0 0 1
  outer loop
    vertex 11.75 11.49999999999999 0
    vertex 9.409977872735331 10.10827318531999 0
    vertex 11.75 8.624999999999989 0
  endloop
endfacet
facet normal 0 0 1
  outer loop
    vertex 9.409977872735331 10.10827318531999 0
    vertex 9.409977872735331 7.233273185319995 0
    vertex 11.75 8.624999999999989 0
  endloop
endfacet
facet normal 0 0 1
  outer loop
    vertex 9.409977872735331 10.10827318531999 0
    vertex 7.069955745470661 8.71654637064 0
    vertex 9.409977872735331 7.233273185319995 0
  endloop
endfacet
facet normal 0 0 1
  outer loop
    vertex 11.75 8.624999999999989 0
    vertex 9.409977872735331 7.233273185319995 0
    vertex 11.75 5.749999999999988 0
  endloop
endfacet
facet normal 0 0 1
  outer loop
    vertex -11.75 11.49999999999999 0
    vertex -9.184759584077096 12.94555928249791 0
    vertex -11.75 14.37499999999999 0
  endloop
endfacet
facet normal 0 -0 1
  outer loop
    vertex -9.184759584077096 12.94555928249791 0
    vertex -9.184759584077096 15.82055928249791 0
    vertex -11.75 14.37499999999999 0
  endloop
endfacet
facet normal 0 0 1
  outer loop
    vertex -9.184759584077096 12.94555928249791 0
    vertex -6.619519168154191 14.39111856499582 0
    vertex -9.184759584077096 15.82055928249791 0
  endloop
endfacet
facet normal 0 0 1
  outer loop
    vertex -11.75 14.37499999999999 0
    vertex -9.184759584077096 15.82055928249791 0
    vertex -11.75 17.24999999999999 0
  endloop
endfacet
facet normal -0 0 1
  outer loop
    vertex -5.875000000000016 23 0
    vertex -4.333529258675005 20.57996092782508 0
    vertex -2.937500000000027 23 0
  endloop
endfacet
facet normal 0 0 1
  outer loop
    vertex -4.333529258675005 20.57996092782508 0
    vertex -1.396029258675016 20.57996092782508 0
    vertex -2.937500000000027 23 0
  endloop
endfacet
facet normal -0 0 1
  outer loop
    vertex -4.333529258675005 20.57996092782508 0
    vertex -2.792058517349995 18.15992185565015 0
    vertex -1.396029258675016 20.57996092782508 0
  endloop
endfacet
facet normal -0 0 1
  outer loop
    vertex -2.937500000000027 23 0
    vertex -1.396029258675016 20.57996092782508 0
    vertex -3.730349362740526e-14 23 0
  endloop
endfacet
facet normal 0 0 1
  outer loop
    vertex 5.875000000000016 0 0
    vertex 4.411747764546717 2.360723638502981 0
    vertex 2.937500000000027 0 0
  endloop
endfacet
facet normal 0 0 1
  outer loop
    vertex 4.411747764546717 2.360723638502981 0
    vertex 1.474247764546727 2.36072363850298 0
    vertex 2.937500000000027 0 0
  endloop
endfacet
facet normal 0 0 1
  outer loop
    vertex 4.411747764546717 2.360723638502981 0
    vertex 2.948495529093417 4.721447277005963 0
    vertex 1.474247764546727 2.36072363850298 0
  endloop
endfacet
facet normal 0 0 1
  outer loop
    vertex 2.937500000000027 0 0
    vertex 1.474247764546727 2.36072363850298 0
    vertex 3.730349362740526e-14 0 0
  endloop
endfacet
facet normal 0 0 1
  outer loop
    vertex 11.75 17.24999999999999 0
    vertex 9.426436511057556 15.81249999999999 0
    vertex 11.75 14.37499999999999 0
  endloop
endfacet
facet normal 0 0 1
  outer loop
    vertex 9.426436511057556 15.81249999999999 0
    vertex 9.426436511057556 12.93749999999999 0
    vertex 11.75 14.37499999999999 0
  endloop
endfacet
facet normal 0 0 1
  outer loop
    vertex 9.426436511057556 15.81249999999999 0
    vertex 7.102873022115111 14.37499999999999 0
    vertex 9.426436511057556 12.93749999999999 0
  endloop
endfacet
facet normal 0 0 1
  outer loop
    vertex 11.75 14.37499999999999 0
    vertex 9.426436511057556 12.93749999999999 0
    vertex 11.75 11.49999999999999 0
  endloop
endfacet
facet normal 0 0 1
  outer loop
    vertex -11.75 5.749999999999988 0
    vertex -9.375477427801133 7.197428813510061 0
    vertex -11.75 8.624999999999989 0
  endloop
endfacet
facet normal 0 -0 1
  outer loop
    vertex -9.375477427801133 7.197428813510061 0
    vertex -9.375477427801133 10.07242881351006 0
    vertex -11.75 8.624999999999989 0
  endloop
endfacet
facet normal 0 0 1
  outer loop
    vertex -9.375477427801133 7.197428813510061 0
    vertex -7.000954855602268 8.644857627020135 0
    vertex -9.375477427801133 10.07242881351006 0
  endloop
endfacet
facet normal 0 0 1
  outer loop
    vertex -11.75 8.624999999999989 0
    vertex -9.375477427801133 10.07242881351006 0
    vertex -11.75 11.49999999999999 0
  endloop
endfacet
facet normal 0 0 1
  outer loop
    vertex 11.75 0 0
    vertex 9.639025859379709 2.093685534981602 0
    vertex 8.812500000000007 0 0
  endloop
endfacet
facet normal 0 0 1
  outer loop
    vertex 9.639025859379709 2.093685534981602 0
    vertex 6.701525859379717 2.093685534981602 0
    vertex 8.812500000000007 0 0
  endloop
endfacet
facet normal 0 0 1
  outer loop
    vertex 9.639025859379709 2.093685534981602 0
    vertex 7.528051718759418 4.187371069963204 0
    vertex 6.701525859379717 2.093685534981602 0
  endloop
endfacet
facet normal 0 0 1
  outer loop
    vertex 8.812500000000007 0 0
    vertex 6.701525859379717 2.093685534981602 0
    vertex 5.875000000000016 0 0
  endloop
endfacet
facet normal -0 0 1
  outer loop
    vertex -11.75 23 0
    vertex -9.639025859379707 20.90631446501839 0
    vertex -8.812500000000007 23 0
  endloop
endfacet
facet normal 0 0 1
  outer loop
    vertex -9.639025859379707 20.90631446501839 0
    vertex -6.701525859379714 20.90631446501839 0
    vertex -8.812500000000007 23 0
  endloop
endfacet
facet normal -0 0 1
  outer loop
    vertex -9.639025859379707 20.90631446501839 0
    vertex -7.528051718759411 18.81262893003678 0
    vertex -6.701525859379714 20.90631446501839 0
  endloop
endfacet
facet normal -0 0 1
  outer loop
    vertex -8.812500000000007 23 0
    vertex -6.701525859379714 20.90631446501839 0
    vertex -5.875000000000016 23 0
  endloop
endfacet
facet normal 0 0 1
  outer loop
    vertex -11.75 17.24999999999999 0
    vertex -9.639025859379707 18.03131446501839 0
    vertex -11.75 20.125 0
  endloop
endfacet
facet normal 0 -0 1
  outer loop
    vertex -9.639025859379707 18.03131446501839 0
    vertex -9.639025859379707 20.90631446501839 0
    vertex -11.75 20.125 0
  endloop
endfacet
facet normal 0 0 1
  outer loop
    vertex -9.639025859379707 18.03131446501839 0
    vertex -7.528051718759411 18.81262893003678 0
    vertex -9.639025859379707 20.90631446501839 0
  endloop
endfacet
facet normal 0 0 1
  outer loop
    vertex -11.75 20.125 0
    vertex -9.639025859379707 20.90631446501839 0
    vertex -11.75 23 0
  endloop
endfacet
facet normal 0 0 1
  outer loop
    vertex 11.75 5.749999999999988 0
    vertex 9.639025859379709 4.968685534981596 0
    vertex 11.75 2.874999999999994 0
  endloop
endfacet
facet normal 0 0 1
  outer loop
    vertex 9.639025859379709 4.968685534981596 0
    vertex 9.639025859379709 2.093685534981602 0
    vertex 11.75 2.874999999999994 0
  endloop
endfacet
facet normal 0 0 1
  outer loop
    vertex 9.639025859379709 4.968685534981596 0
    vertex 7.528051718759418 4.187371069963204 0
    vertex 9.639025859379709 2.093685534981602 0
  endloop
endfacet
facet normal 0 0 1
  outer loop
    vertex 11.75 2.874999999999994 0
    vertex 9.639025859379709 2.093685534981602 0
    vertex 11.75 0 0
  endloop
endfacet
facet normal -0 0 1
  outer loop
    vertex 5.874999999999972 23 0
    vertex 6.847746129591803 21.03800795318534 0
    vertex 8.812499999999986 23 0
  endloop
endfacet
facet normal 0 0 1
  outer loop
    vertex 6.847746129591803 21.03800795318534 0
    vertex 9.785246129591817 21.03800795318534 0
    vertex 8.812499999999986 23 0
  endloop
endfacet
facet normal -0 0 1
  outer loop
    vertex 6.847746129591803 21.03800795318534 0
    vertex 7.820492259183634 19.07601590637069 0
    vertex 9.785246129591817 21.03800795318534 0
  endloop
endfacet
facet normal -0 0 1
  outer loop
    vertex 8.812499999999986 23 0
    vertex 9.785246129591817 21.03800795318534 0
    vertex 11.75 23 0
  endloop
endfacet
facet normal 0 0 1
  outer loop
    vertex -5.874999999999972 0 0
    vertex -6.71449053842144 2.080439015091116 0
    vertex -8.812499999999986 0 0
  endloop
endfacet
facet normal 0 0 1
  outer loop
    vertex -6.71449053842144 2.080439015091116 0
    vertex -9.651990538421455 2.080439015091116 0
    vertex -8.812499999999986 0 0
  endloop
endfacet
facet normal 0 0 1
  outer loop
    vertex -6.71449053842144 2.080439015091116 0
    vertex -7.553981076842909 4.160878030182232 0
    vertex -9.651990538421455 2.080439015091116 0
  endloop
endfacet
facet normal 0 0 1
  outer loop
    vertex -8.812499999999986 0 0
    vertex -9.651990538421455 2.080439015091116 0
    vertex -11.75 0 0
  endloop
endfacet
facet normal 0 0 1
  outer loop
    vertex 11.75 23 0
    vertex 9.785246129591817 21.03800795318534 0
    vertex 11.75 20.125 0
  endloop
endfacet
facet normal 0 0 1
  outer loop
    vertex 9.785246129591817 21.03800795318534 0
    vertex 9.785246129591817 18.16300795318534 0
    vertex 11.75 20.125 0
  endloop
endfacet
facet normal 0 0 1
  outer loop
    vertex 9.785246129591817 21.03800795318534 0
    vertex 7.820492259183634 19.07601590637069 0
    vertex 9.785246129591817 18.16300795318534 0
  endloop
endfacet
facet normal 0 0 1
  outer loop
    vertex 11.75 20.125 0
    vertex 9.785246129591817 18.16300795318534 0
    vertex 11.75 17.24999999999999 0
  endloop
endfacet
facet normal 0 0 1
  outer loop
    vertex -11.75 0 0
    vertex -9.651990538421455 2.080439015091116 0
    vertex -11.75 2.874999999999994 0
  endloop
endfacet
facet normal 0 -0 1
  outer loop
    vertex -9.651990538421455 2.080439015091116 0
    vertex -9.651990538421455 4.955439015091111 0
    vertex -11.75 2.874999999999994 0
  endloop
endfacet
facet normal 0 0 1
  outer loop
    vertex -9.651990538421455 2.080439015091116 0
    vertex -7.553981076842909 4.160878030182232 0
    vertex -9.651990538421455 4.955439015091111 0
  endloop
endfacet
facet normal 0 0 1
  outer loop
    vertex -11.75 2.874999999999994 0
    vertex -9.651990538421455 4.955439015091111 0
    vertex -11.75 5.749999999999988 0
  endloop
endfacet
facet normal 0 0 1
  outer loop
    vertex 7.102873022115111 14.37499999999999 0
    vertex 3.607741083222114 12.95095811695447 0
    vertex 7.086414383792887 11.54577318532 0
  endloop
endfacet
facet normal 0 0 1
  outer loop
    vertex 3.607741083222114 12.95095811695447 0
    vertex 3.591282444899891 10.12173130227448 0
    vertex 7.086414383792887 11.54577318532 0
  endloop
endfacet
facet normal 0 0 1
  outer loop
    vertex 3.607741083222114 12.95095811695447 0
    vertex 0.1126091443291184 11.52691623390895 0
    vertex 3.591282444899891 10.12173130227448 0
  endloop
endfacet
facet normal 0 0 1
  outer loop
    vertex 7.086414383792887 11.54577318532 0
    vertex 3.591282444899891 10.12173130227448 0
    vertex 7.069955745470661 8.71654637064 0
  endloop
endfacet
facet normal 0 0 1
  outer loop
    vertex -3.730349362740526e-14 23 0
    vertex -1.396029258675016 20.57996092782508 0
    vertex 1.578805319242259 20.61443370247966 0
  endloop
endfacet
facet normal -0 0 1
  outer loop
    vertex -1.396029258675016 20.57996092782508 0
    vertex 0.1827760605672815 18.19439463030474 0
    vertex 1.578805319242259 20.61443370247966 0
  endloop
endfacet
facet normal 0 0 1
  outer loop
    vertex -1.396029258675016 20.57996092782508 0
    vertex -2.792058517349995 18.15992185565015 0
    vertex 0.1827760605672815 18.19439463030474 0
  endloop
endfacet
facet normal 0 0 1
  outer loop
    vertex 1.578805319242259 20.61443370247966 0
    vertex 0.1827760605672815 18.19439463030474 0
    vertex 3.157610638484556 18.22886740495932 0
  endloop
endfacet
facet normal 0 -0 1
  outer loop
    vertex 3.730349362740526e-14 0 0
    vertex 1.474247764546727 2.36072363850298 0
    vertex -1.353587030584023 2.439398765338254 0
  endloop
endfacet
facet normal 0 0 1
  outer loop
    vertex 1.474247764546727 2.36072363850298 0
    vertex 0.1206607339626657 4.800122403841235 0
    vertex -1.353587030584023 2.439398765338254 0
  endloop
endfacet
facet normal 0 -0 1
  outer loop
    vertex 1.474247764546727 2.36072363850298 0
    vertex 2.948495529093417 4.721447277005963 0
    vertex 0.1206607339626657 4.800122403841235 0
  endloop
endfacet
facet normal 0 -0 1
  outer loop
    vertex -1.353587030584023 2.439398765338254 0
    vertex 0.1206607339626657 4.800122403841235 0
    vertex -2.707174061168086 4.878797530676509 0
  endloop
endfacet
facet normal 0 0 1
  outer loop
    vertex 3.157610638484556 18.22886740495932 0
    vertex 1.635109891406837 14.87789181943414 0
    vertex 5.130241830299834 16.30193370247966 0
  endloop
endfacet
facet normal -0 0 1
  outer loop
    vertex 1.635109891406837 14.87789181943414 0
    vertex 3.607741083222114 12.95095811695447 0
    vertex 5.130241830299834 16.30193370247966 0
  endloop
endfacet
facet normal 0 0 1
  outer loop
    vertex 1.635109891406837 14.87789181943414 0
    vertex 0.1126091443291184 11.52691623390895 0
    vertex 3.607741083222114 12.95095811695447 0
  endloop
endfacet
facet normal 0 0 1
  outer loop
    vertex 5.130241830299834 16.30193370247966 0
    vertex 3.607741083222114 12.95095811695447 0
    vertex 7.102873022115111 14.37499999999999 0
  endloop
endfacet
facet normal -0 0 1
  outer loop
    vertex -11.75 11.49999999999999 0
    vertex -9.375477427801133 10.07242881351006 0
    vertex -9.184759584077096 12.94555928249791 0
  endloop
endfacet
facet normal 0 0 1
  outer loop
    vertex -9.375477427801133 10.07242881351006 0
    vertex -6.810237011878229 11.51798809600798 0
    vertex -9.184759584077096 12.94555928249791 0
  endloop
endfacet
facet normal -0 0 1
  outer loop
    vertex -9.375477427801133 10.07242881351006 0
    vertex -7.000954855602268 8.644857627020135 0
    vertex -6.810237011878229 11.51798809600798 0
  endloop
endfacet
facet normal -0 0 1
  outer loop
    vertex -9.184759584077096 12.94555928249791 0
    vertex -6.810237011878229 11.51798809600798 0
    vertex -6.619519168154191 14.39111856499582 0
  endloop
endfacet
facet normal 0 0 1
  outer loop
    vertex 11.75 11.49999999999999 0
    vertex 9.426436511057556 12.93749999999999 0
    vertex 9.409977872735331 10.10827318531999 0
  endloop
endfacet
facet normal 0 0 1
  outer loop
    vertex 9.426436511057556 12.93749999999999 0
    vertex 7.086414383792887 11.54577318532 0
    vertex 9.409977872735331 10.10827318531999 0
  endloop
endfacet
facet normal 0 0 1
  outer loop
    vertex 9.426436511057556 12.93749999999999 0
    vertex 7.102873022115111 14.37499999999999 0
    vertex 7.086414383792887 11.54577318532 0
  endloop
endfacet
facet normal 0 0 1
  outer loop
    vertex 9.409977872735331 10.10827318531999 0
    vertex 7.086414383792887 11.54577318532 0
    vertex 7.069955745470661 8.71654637064 0
  endloop
endfacet
facet normal 0 0 1
  outer loop
    vertex -2.707174061168086 4.878797530676509 0
    vertex -5.130577569005498 4.51983778042937 0
    vertex -4.291087030584029 2.439398765338254 0
  endloop
endfacet
facet normal 0 0 1
  outer loop
    vertex -5.130577569005498 4.51983778042937 0
    vertex -6.71449053842144 2.080439015091116 0
    vertex -4.291087030584029 2.439398765338254 0
  endloop
endfacet
facet normal 0 0 1
  outer loop
    vertex -5.130577569005498 4.51983778042937 0
    vertex -7.553981076842909 4.160878030182232 0
    vertex -6.71449053842144 2.080439015091116 0
  endloop
endfacet
facet normal 0 0 1
  outer loop
    vertex -4.291087030584029 2.439398765338254 0
    vertex -6.71449053842144 2.080439015091116 0
    vertex -5.874999999999972 0 0
  endloop
endfacet
facet normal 0 0 1
  outer loop
    vertex 3.157610638484556 18.22886740495932 0
    vertex 5.489051448834095 18.652441655665 0
    vertex 4.516305319242264 20.61443370247966 0
  endloop
endfacet
facet normal 0 -0 1
  outer loop
    vertex 5.489051448834095 18.652441655665 0
    vertex 6.847746129591803 21.03800795318534 0
    vertex 4.516305319242264 20.61443370247966 0
  endloop
endfacet
facet normal 0 0 1
  outer loop
    vertex 5.489051448834095 18.652441655665 0
    vertex 7.820492259183634 19.07601590637069 0
    vertex 6.847746129591803 21.03800795318534 0
  endloop
endfacet
facet normal 0 0 1
  outer loop
    vertex 4.516305319242264 20.61443370247966 0
    vertex 6.847746129591803 21.03800795318534 0
    vertex 5.874999999999972 23 0
  endloop
endfacet
facet normal 0 0 1
  outer loop
    vertex -6.619519168154191 14.39111856499582 0
    vertex -7.073785443456801 16.6018737475163 0
    vertex -9.184759584077096 15.82055928249791 0
  endloop
endfacet
facet normal 0 0 1
  outer loop
    vertex -7.073785443456801 16.6018737475163 0
    vertex -9.639025859379707 18.03131446501839 0
    vertex -9.184759584077096 15.82055928249791 0
  endloop
endfacet
facet normal 0 0 1
  outer loop
    vertex -7.073785443456801 16.6018737475163 0
    vertex -7.528051718759411 18.81262893003678 0
    vertex -9.639025859379707 18.03131446501839 0
  endloop
endfacet
facet normal 0 0 1
  outer loop
    vertex -9.184759584077096 15.82055928249791 0
    vertex -9.639025859379707 18.03131446501839 0
    vertex -11.75 17.24999999999999 0
  endloop
endfacet
facet normal 0 0 1
  outer loop
    vertex 7.069955745470661 8.71654637064 0
    vertex 7.29900373211504 6.451958720301603 0
    vertex 9.409977872735331 7.233273185319995 0
  endloop
endfacet
facet normal -0 0 1
  outer loop
    vertex 7.29900373211504 6.451958720301603 0
    vertex 9.639025859379709 4.968685534981596 0
    vertex 9.409977872735331 7.233273185319995 0
  endloop
endfacet
facet normal 0 0 1
  outer loop
    vertex 7.29900373211504 6.451958720301603 0
    vertex 7.528051718759418 4.187371069963204 0
    vertex 9.639025859379709 4.968685534981596 0
  endloop
endfacet
facet normal 0 0 1
  outer loop
    vertex 9.409977872735331 7.233273185319995 0
    vertex 9.639025859379709 4.968685534981596 0
    vertex 11.75 5.749999999999988 0
  endloop
endfacet
facet normal 0 0 1
  outer loop
    vertex -5.875000000000016 23 0
    vertex -6.701525859379714 20.90631446501839 0
    vertex -4.333529258675005 20.57996092782508 0
  endloop
endfacet
facet normal 0 0 1
  outer loop
    vertex -6.701525859379714 20.90631446501839 0
    vertex -5.160055118054704 18.48627539284347 0
    vertex -4.333529258675005 20.57996092782508 0
  endloop
endfacet
facet normal 0 0 1
  outer loop
    vertex -6.701525859379714 20.90631446501839 0
    vertex -7.528051718759411 18.81262893003678 0
    vertex -5.160055118054704 18.48627539284347 0
  endloop
endfacet
facet normal 0 0 1
  outer loop
    vertex -4.333529258675005 20.57996092782508 0
    vertex -5.160055118054704 18.48627539284347 0
    vertex -2.792058517349995 18.15992185565015 0
  endloop
endfacet
facet normal 0 -0 1
  outer loop
    vertex 5.875000000000016 0 0
    vertex 6.701525859379717 2.093685534981602 0
    vertex 4.411747764546717 2.360723638502981 0
  endloop
endfacet
facet normal 0 0 1
  outer loop
    vertex 6.701525859379717 2.093685534981602 0
    vertex 5.238273623926418 4.454409173484583 0
    vertex 4.411747764546717 2.360723638502981 0
  endloop
endfacet
facet normal 0 -0 1
  outer loop
    vertex 6.701525859379717 2.093685534981602 0
    vertex 7.528051718759418 4.187371069963204 0
    vertex 5.238273623926418 4.454409173484583 0
  endloop
endfacet
facet normal 0 -0 1
  outer loop
    vertex 4.411747764546717 2.360723638502981 0
    vertex 5.238273623926418 4.454409173484583 0
    vertex 2.948495529093417 4.721447277005963 0
  endloop
endfacet
facet normal 0 0 1
  outer loop
    vertex 11.75 17.24999999999999 0
    vertex 9.785246129591817 18.16300795318534 0
    vertex 9.426436511057556 15.81249999999999 0
  endloop
endfacet
facet normal 0 0 1
  outer loop
    vertex 9.785246129591817 18.16300795318534 0
    vertex 7.461682640649373 16.72550795318534 0
    vertex 9.426436511057556 15.81249999999999 0
  endloop
endfacet
facet normal 0 0 1
  outer loop
    vertex 9.785246129591817 18.16300795318534 0
    vertex 7.820492259183634 19.07601590637069 0
    vertex 7.461682640649373 16.72550795318534 0
  endloop
endfacet
facet normal 0 0 1
  outer loop
    vertex 9.426436511057556 15.81249999999999 0
    vertex 7.461682640649373 16.72550795318534 0
    vertex 7.102873022115111 14.37499999999999 0
  endloop
endfacet
facet normal -0 0 1
  outer loop
    vertex -11.75 5.749999999999988 0
    vertex -9.651990538421455 4.955439015091111 0
    vertex -9.375477427801133 7.197428813510061 0
  endloop
endfacet
facet normal 0 0 1
  outer loop
    vertex -9.651990538421455 4.955439015091111 0
    vertex -7.277467966222588 6.402867828601184 0
    vertex -9.375477427801133 7.197428813510061 0
  endloop
endfacet
facet normal -0 0 1
  outer loop
    vertex -9.651990538421455 4.955439015091111 0
    vertex -7.553981076842909 4.160878030182232 0
    vertex -7.277467966222588 6.402867828601184 0
  endloop
endfacet
facet normal -0 0 1
  outer loop
    vertex -9.375477427801133 7.197428813510061 0
    vertex -7.277467966222588 6.402867828601184 0
    vertex -7.000954855602268 8.644857627020135 0
  endloop
endfacet
facet normal 0 0 1
  outer loop
    vertex -2.792058517349995 18.15992185565015 0
    vertex -5.160055118054704 18.48627539284347 0
    vertex -4.705788842752092 16.27552021032299 0
  endloop
endfacet
facet normal 0 0 1
  outer loop
    vertex -5.160055118054704 18.48627539284347 0
    vertex -7.073785443456801 16.6018737475163 0
    vertex -4.705788842752092 16.27552021032299 0
  endloop
endfacet
facet normal 0 0 1
  outer loop
    vertex -5.160055118054704 18.48627539284347 0
    vertex -7.528051718759411 18.81262893003678 0
    vertex -7.073785443456801 16.6018737475163 0
  endloop
endfacet
facet normal 0 0 1
  outer loop
    vertex -4.705788842752092 16.27552021032299 0
    vertex -7.073785443456801 16.6018737475163 0
    vertex -6.619519168154191 14.39111856499582 0
  endloop
endfacet
facet normal -0 0 1
  outer loop
    vertex 2.948495529093417 4.721447277005963 0
    vertex 5.238273623926418 4.454409173484583 0
    vertex 5.009225637282039 6.718996823822981 0
  endloop
endfacet
facet normal 0 -0 1
  outer loop
    vertex 5.238273623926418 4.454409173484583 0
    vertex 7.29900373211504 6.451958720301603 0
    vertex 5.009225637282039 6.718996823822981 0
  endloop
endfacet
facet normal -0 0 1
  outer loop
    vertex 5.238273623926418 4.454409173484583 0
    vertex 7.528051718759418 4.187371069963204 0
    vertex 7.29900373211504 6.451958720301603 0
  endloop
endfacet
facet normal -0 0 1
  outer loop
    vertex 5.009225637282039 6.718996823822981 0
    vertex 7.29900373211504 6.451958720301603 0
    vertex 7.069955745470661 8.71654637064 0
  endloop
endfacet
facet normal 0 -0 1
  outer loop
    vertex 7.102873022115111 14.37499999999999 0
    vertex 7.461682640649373 16.72550795318534 0
    vertex 5.130241830299834 16.30193370247966 0
  endloop
endfacet
facet normal 0 0 1
  outer loop
    vertex 7.461682640649373 16.72550795318534 0
    vertex 5.489051448834095 18.652441655665 0
    vertex 5.130241830299834 16.30193370247966 0
  endloop
endfacet
facet normal 0 -0 1
  outer loop
    vertex 7.461682640649373 16.72550795318534 0
    vertex 7.820492259183634 19.07601590637069 0
    vertex 5.489051448834095 18.652441655665 0
  endloop
endfacet
facet normal 0 -0 1
  outer loop
    vertex 5.130241830299834 16.30193370247966 0
    vertex 5.489051448834095 18.652441655665 0
    vertex 3.157610638484556 18.22886740495932 0
  endloop
endfacet
facet normal 0 0 1
  outer loop
    vertex -7.000954855602268 8.644857627020135 0
    vertex -7.277467966222588 6.402867828601184 0
    vertex -4.854064458385178 6.761827578848322 0
  endloop
endfacet
facet normal -0 0 1
  outer loop
    vertex -7.277467966222588 6.402867828601184 0
    vertex -5.130577569005498 4.51983778042937 0
    vertex -4.854064458385178 6.761827578848322 0
  endloop
endfacet
facet normal 0 0 1
  outer loop
    vertex -7.277467966222588 6.402867828601184 0
    vertex -7.553981076842909 4.160878030182232 0
    vertex -5.130577569005498 4.51983778042937 0
  endloop
endfacet
facet normal 0 0 1
  outer loop
    vertex -4.854064458385178 6.761827578848322 0
    vertex -5.130577569005498 4.51983778042937 0
    vertex -2.707174061168086 4.878797530676509 0
  endloop
endfacet
facet normal -1 0 0
  outer loop
    vertex -11.75 0 -3
    vertex -11.75 0 -1.5
    vertex -11.75 1.437499999999997 -2.25
  endloop
endfacet
facet normal -1 0 0
  outer loop
    vertex -11.75 0 -1.5
    vertex -11.75 1.437499999999997 -0.75
    vertex -11.75 1.437499999999997 -2.25
  endloop
endfacet
facet normal -1 0 0
  outer loop
    vertex -11.75 0 -1.5
    vertex -11.75 0 0
    vertex -11.75 1.437499999999997 -0.75
  endloop
endfacet
facet normal -1 0 0
  outer loop
    vertex -11.75 1.437499999999997 -2.25
    vertex -11.75 1.437499999999997 -0.75
    vertex -11.75 2.874999999999994 -1.5
  endloop
endfacet
facet normal -1 0 0
  outer loop
    vertex -11.75 11.49999999999999 -3
    vertex -11.75 11.49999999999999 -1.5
    vertex -11.75 12.93749999999999 -2.25
  endloop
endfacet
facet normal -1 0 0
  outer loop
    vertex -11.75 11.49999999999999 -1.5
    vertex -11.75 12.93749999999999 -0.75
    vertex -11.75 12.93749999999999 -2.25
  endloop
endfacet
facet normal -1 0 0
  outer loop
    vertex -11.75 11.49999999999999 -1.5
    vertex -11.75 11.49999999999999 0
    vertex -11.75 12.93749999999999 -0.75
  endloop
endfacet
facet normal -1 0 0
  outer loop
    vertex -11.75 12.93749999999999 -2.25
    vertex -11.75 12.93749999999999 -0.75
    vertex -11.75 14.37499999999999 -1.5
  endloop
endfacet
facet normal -1 0 -0
  outer loop
    vertex -11.75 23 0
    vertex -11.75 23 -1.5
    vertex -11.75 21.5625 -0.75
  endloop
endfacet
facet normal -1 -0 0
  outer loop
    vertex -11.75 23 -1.5
    vertex -11.75 21.5625 -2.25
    vertex -11.75 21.5625 -0.75
  endloop
endfacet
facet normal -1 0 -0
  outer loop
    vertex -11.75 23 -1.5
    vertex -11.75 23 -3
    vertex -11.75 21.5625 -2.25
  endloop
endfacet
facet normal -1 0 -0
  outer loop
    vertex -11.75 21.5625 -0.75
    vertex -11.75 21.5625 -2.25
    vertex -11.75 20.125 -1.5
  endloop
endfacet
facet normal -1 0 -0
  outer loop
    vertex -11.75 11.49999999999999 0
    vertex -11.75 11.49999999999999 -1.5
    vertex -11.75 10.06249999999999 -0.75
  endloop
endfacet
facet normal -1 -0 0
  outer loop
    vertex -11.75 11.49999999999999 -1.5
    vertex -11.75 10.06249999999999 -2.25
    vertex -11.75 10.06249999999999 -0.75
  endloop
endfacet
facet normal -1 0 -0
  outer loop
    vertex -11.75 11.49999999999999 -1.5
    vertex -11.75 11.49999999999999 -3
    vertex -11.75 10.06249999999999 -2.25
  endloop
endfacet
facet normal -1 0 -0
  outer loop
    vertex -11.75 10.06249999999999 -0.75
    vertex -11.75 10.06249999999999 -2.25
    vertex -11.75 8.624999999999988 -1.5
  endloop
endfacet
facet normal -1 0 0
  outer loop
    vertex -11.75 17.24999999999999 -3
    vertex -11.75 17.24999999999999 -1.5
    vertex -11.75 18.68749999999999 -2.25
  endloop
endfacet
facet normal -1 0 0
  outer loop
    vertex -11.75 17.24999999999999 -1.5
    vertex -11.75 18.68749999999999 -0.75
    vertex -11.75 18.68749999999999 -2.25
  endloop
endfacet
facet normal -1 0 0
  outer loop
    vertex -11.75 17.24999999999999 -1.5
    vertex -11.75 17.24999999999999 0
    vertex -11.75 18.68749999999999 -0.75
  endloop
endfacet
facet normal -1 0 0
  outer loop
    vertex -11.75 18.68749999999999 -2.25
    vertex -11.75 18.68749999999999 -0.75
    vertex -11.75 20.125 -1.5
  endloop
endfacet
facet normal -1 0 0
  outer loop
    vertex -11.75 5.749999999999988 -3
    vertex -11.75 5.749999999999988 -1.5
    vertex -11.75 7.187499999999988 -2.25
  endloop
endfacet
facet normal -1 0 0
  outer loop
    vertex -11.75 5.749999999999988 -1.5
    vertex -11.75 7.187499999999988 -0.75
    vertex -11.75 7.187499999999988 -2.25
  endloop
endfacet
facet normal -1 0 0
  outer loop
    vertex -11.75 5.749999999999988 -1.5
    vertex -11.75 5.749999999999988 0
    vertex -11.75 7.187499999999988 -0.75
  endloop
endfacet
facet normal -1 0 0
  outer loop
    vertex -11.75 7.187499999999988 -2.25
    vertex -11.75 7.187499999999988 -0.75
    vertex -11.75 8.624999999999988 -1.5
  endloop
endfacet
facet normal -1 0 -0
  outer loop
    vertex -11.75 17.24999999999999 0
    vertex -11.75 17.24999999999999 -1.5
    vertex -11.75 15.81249999999999 -0.75
  endloop
endfacet
facet normal -1 -0 0
  outer loop
    vertex -11.75 17.24999999999999 -1.5
    vertex -11.75 15.81249999999999 -2.25
    vertex -11.75 15.81249999999999 -0.75
  endloop
endfacet
facet normal -1 0 -0
  outer loop
    vertex -11.75 17.24999999999999 -1.5
    vertex -11.75 17.24999999999999 -3
    vertex -11.75 15.81249999999999 -2.25
  endloop
endfacet
facet normal -1 0 -0
  outer loop
    vertex -11.75 15.81249999999999 -0.75
    vertex -11.75 15.81249999999999 -2.25
    vertex -11.75 14.37499999999999 -1.5
  endloop
endfacet
facet normal -1 0 -0
  outer loop
    vertex -11.75 5.749999999999988 0
    vertex -11.75 5.749999999999988 -1.5
    vertex -11.75 4.312499999999991 -0.75
  endloop
endfacet
facet normal -1 -0 0
  outer loop
    vertex -11.75 5.749999999999988 -1.5
    vertex -11.75 4.312499999999991 -2.25
    vertex -11.75 4.312499999999991 -0.75
  endloop
endfacet
facet normal -1 0 -0
  outer loop
    vertex -11.75 5.749999999999988 -1.5
    vertex -11.75 5.749999999999988 -3
    vertex -11.75 4.312499999999991 -2.25
  endloop
endfacet
facet normal -1 0 -0
  outer loop
    vertex -11.75 4.312499999999991 -0.75
    vertex -11.75 4.312499999999991 -2.25
    vertex -11.75 2.874999999999994 -1.5
  endloop
endfacet
facet normal -1 0 0
  outer loop
    vertex -11.75 0 0
    vertex -11.75 2.874999999999994 0
    vertex -11.75 1.437499999999997 -0.75
  endloop
endfacet
facet normal -1 0 -0
  outer loop
    vertex -11.75 2.874999999999994 0
    vertex -11.75 4.312499999999991 -0.75
    vertex -11.75 1.437499999999997 -0.75
  endloop
endfacet
facet normal -1 0 0
  outer loop
    vertex -11.75 2.874999999999994 0
    vertex -11.75 5.749999999999988 0
    vertex -11.75 4.312499999999991 -0.75
  endloop
endfacet
facet normal -1 0 0
  outer loop
    vertex -11.75 1.437499999999997 -0.75
    vertex -11.75 4.312499999999991 -0.75
    vertex -11.75 2.874999999999994 -1.5
  endloop
endfacet
facet normal -1 0 0
  outer loop
    vertex -11.75 5.749999999999988 -3
    vertex -11.75 2.874999999999994 -3
    vertex -11.75 4.312499999999991 -2.25
  endloop
endfacet
facet normal -1 0 0
  outer loop
    vertex -11.75 2.874999999999994 -3
    vertex -11.75 1.437499999999997 -2.25
    vertex -11.75 4.312499999999991 -2.25
  endloop
endfacet
facet normal -1 0 0
  outer loop
    vertex -11.75 2.874999999999994 -3
    vertex -11.75 0 -3
    vertex -11.75 1.437499999999997 -2.25
  endloop
endfacet
facet normal -1 0 0
  outer loop
    vertex -11.75 4.312499999999991 -2.25
    vertex -11.75 1.437499999999997 -2.25
    vertex -11.75 2.874999999999994 -1.5
  endloop
endfacet
facet normal -1 0 0
  outer loop
    vertex -11.75 23 -3
    vertex -11.75 20.125 -3
    vertex -11.75 21.5625 -2.25
  endloop
endfacet
facet normal -1 0 0
  outer loop
    vertex -11.75 20.125 -3
    vertex -11.75 18.68749999999999 -2.25
    vertex -11.75 21.5625 -2.25
  endloop
endfacet
facet normal -1 0 0
  outer loop
    vertex -11.75 20.125 -3
    vertex -11.75 17.24999999999999 -3
    vertex -11.75 18.68749999999999 -2.25
  endloop
endfacet
facet normal -1 0 0
  outer loop
    vertex -11.75 21.5625 -2.25
    vertex -11.75 18.68749999999999 -2.25
    vertex -11.75 20.125 -1.5
  endloop
endfacet
facet normal -1 0 0
  outer loop
    vertex -11.75 17.24999999999999 0
    vertex -11.75 20.125 0
    vertex -11.75 18.68749999999999 -0.75
  endloop
endfacet
facet normal -1 0 -0
  outer loop
    vertex -11.75 20.125 0
    vertex -11.75 21.5625 -0.75
    vertex -11.75 18.68749999999999 -0.75
  endloop
endfacet
facet normal -1 0 0
  outer loop
    vertex -11.75 20.125 0
    vertex -11.75 23 0
    vertex -11.75 21.5625 -0.75
  endloop
endfacet
facet normal -1 0 0
  outer loop
    vertex -11.75 18.68749999999999 -0.75
    vertex -11.75 21.5625 -0.75
    vertex -11.75 20.125 -1.5
  endloop
endfacet
facet normal -1 0 0
  outer loop
    vertex -11.75 11.49999999999999 -3
    vertex -11.75 8.624999999999989 -3
    vertex -11.75 10.06249999999999 -2.25
  endloop
endfacet
facet normal -1 0 0
  outer loop
    vertex -11.75 8.624999999999989 -3
    vertex -11.75 7.187499999999988 -2.25
    vertex -11.75 10.06249999999999 -2.25
  endloop
endfacet
facet normal -1 0 0
  outer loop
    vertex -11.75 8.624999999999989 -3
    vertex -11.75 5.749999999999988 -3
    vertex -11.75 7.187499999999988 -2.25
  endloop
endfacet
facet normal -1 0 0
  outer loop
    vertex -11.75 10.06249999999999 -2.25
    vertex -11.75 7.187499999999988 -2.25
    vertex -11.75 8.624999999999988 -1.5
  endloop
endfacet
facet normal -1 0 0
  outer loop
    vertex -11.75 17.24999999999999 -3
    vertex -11.75 14.37499999999999 -3
    vertex -11.75 15.81249999999999 -2.25
  endloop
endfacet
facet normal -1 0 0
  outer loop
    vertex -11.75 14.37499999999999 -3
    vertex -11.75 12.93749999999999 -2.25
    vertex -11.75 15.81249999999999 -2.25
  endloop
endfacet
facet normal -1 0 0
  outer loop
    vertex -11.75 14.37499999999999 -3
    vertex -11.75 11.49999999999999 -3
    vertex -11.75 12.93749999999999 -2.25
  endloop
endfacet
facet normal -1 0 0
  outer loop
    vertex -11.75 15.81249999999999 -2.25
    vertex -11.75 12.93749999999999 -2.25
    vertex -11.75 14.37499999999999 -1.5
  endloop
endfacet
facet normal -1 0 0
  outer loop
    vertex -11.75 5.749999999999988 0
    vertex -11.75 8.624999999999989 0
    vertex -11.75 7.187499999999988 -0.75
  endloop
endfacet
facet normal -1 0 -0
  outer loop
    vertex -11.75 8.624999999999989 0
    vertex -11.75 10.06249999999999 -0.75
    vertex -11.75 7.187499999999988 -0.75
  endloop
endfacet
facet normal -1 0 0
  outer loop
    vertex -11.75 8.624999999999989 0
    vertex -11.75 11.49999999999999 0
    vertex -11.75 10.06249999999999 -0.75
  endloop
endfacet
facet normal -1 0 0
  outer loop
    vertex -11.75 7.187499999999988 -0.75
    vertex -11.75 10.06249999999999 -0.75
    vertex -11.75 8.624999999999988 -1.5
  endloop
endfacet
facet normal -1 0 0
  outer loop
    vertex -11.75 11.49999999999999 0
    vertex -11.75 14.37499999999999 0
    vertex -11.75 12.93749999999999 -0.75
  endloop
endfacet
facet normal -1 0 -0
  outer loop
    vertex -11.75 14.37499999999999 0
    vertex -11.75 15.81249999999999 -0.75
    vertex -11.75 12.93749999999999 -0.75
  endloop
endfacet
facet normal -1 0 0
  outer loop
    vertex -11.75 14.37499999999999 0
    vertex -11.75 17.24999999999999 0
    vertex -11.75 15.81249999999999 -0.75
  endloop
endfacet
facet normal -1 0 0
  outer loop
    vertex -11.75 12.93749999999999 -0.75
    vertex -11.75 15.81249999999999 -0.75
    vertex -11.75 14.37499999999999 -1.5
  endloop
endfacet
facet normal -1 -0 0
  outer loop
    vertex -8.75 20 -35.61802766216836
    vertex -8.75 17.77162506429138 -36.40916127637367
    vertex -8.75 17.30054725842572 -33.95445288691384
  endloop
endfacet
facet normal -1 0 0
  outer loop
    vertex -8.75 17.77162506429138 -36.40916127637367
    vertex -8.75 15.07217232271709 -34.74558650111916
    vertex -8.75 17.30054725842572 -33.95445288691384
  endloop
endfacet
facet normal -1 -0 0
  outer loop
    vertex -8.75 17.77162506429138 -36.40916127637367
    vertex -8.75 15.54325012858275 -37.20029489057899
    vertex -8.75 15.07217232271709 -34.74558650111916
  endloop
endfacet
facet normal -1 -0 0
  outer loop
    vertex -8.75 17.30054725842572 -33.95445288691384
    vertex -8.75 15.07217232271709 -34.74558650111916
    vertex -8.75 14.60109451685144 -32.29087811165933
  endloop
endfacet
facet normal -1 0 -0
  outer loop
    vertex -8.75 20 -29.09442212973471
    vertex -8.75 20 -32.35622489595154
    vertex -8.75 17.30054725842572 -30.69265012069702
  endloop
endfacet
facet normal -1 -0 0
  outer loop
    vertex -8.75 20 -32.35622489595154
    vertex -8.75 17.30054725842572 -33.95445288691384
    vertex -8.75 17.30054725842572 -30.69265012069702
  endloop
endfacet
facet normal -1 0 -0
  outer loop
    vertex -8.75 20 -32.35622489595154
    vertex -8.75 20 -35.61802766216836
    vertex -8.75 17.30054725842572 -33.95445288691384
  endloop
endfacet
facet normal -1 0 -0
  outer loop
    vertex -8.75 17.30054725842572 -30.69265012069702
    vertex -8.75 17.30054725842572 -33.95445288691384
    vertex -8.75 14.60109451685144 -32.29087811165933
  endloop
endfacet
facet normal -1 4.2574e-16 -6.53874e-16
  outer loop
    vertex -8.749999999999998 11.08650025716551 -38.29651815651407
    vertex -8.75 8.391566285494816 -37.33453652564045
    vertex -8.75 10.30582945390401 -36.08815224712907
  endloop
endfacet
facet normal -1 0 0
  outer loop
    vertex -8.75 8.391566285494816 -37.33453652564045
    vertex -8.75 7.587997656038548 -35.19649973624193
    vertex -8.75 10.30582945390401 -36.08815224712907
  endloop
endfacet
facet normal -1 0 0
  outer loop
    vertex -8.75 8.391566285494816 -37.33453652564045
    vertex -8.75 5.650836661434588 -36.5132131347398
    vertex -8.75 7.587997656038548 -35.19649973624193
  endloop
endfacet
facet normal -1 0 0
  outer loop
    vertex -8.75 10.30582945390401 -36.08815224712907
    vertex -8.75 7.587997656038548 -35.19649973624193
    vertex -8.75 9.525158650642506 -33.87978633774406
  endloop
endfacet
facet normal -1 0 0
  outer loop
    vertex -8.75 6.666666666666705 -3
    vertex -8.75 10.00000000000003 -3
    vertex -8.75 8.333333333333366 -5.88675134594812
  endloop
endfacet
facet normal -1 0 -0
  outer loop
    vertex -8.75 10.00000000000003 -3
    vertex -8.75 11.66666666666669 -5.88675134594812
    vertex -8.75 8.333333333333366 -5.88675134594812
  endloop
endfacet
facet normal -1 0 0
  outer loop
    vertex -8.75 10.00000000000003 -3
    vertex -8.75 13.33333333333335 -3
    vertex -8.75 11.66666666666669 -5.88675134594812
  endloop
endfacet
facet normal -1 0 0
  outer loop
    vertex -8.75 8.333333333333366 -5.88675134594812
    vertex -8.75 11.66666666666669 -5.88675134594812
    vertex -8.75 10.00000000000003 -8.773502691896239
  endloop
endfacet
facet normal -1 0 0
  outer loop
    vertex -8.75 0 -22.62709164515475
    vertex -8.75 0 -19.35590970429563
    vertex -8.75 2.617412864619801 -20.9572975422112
  endloop
endfacet
facet normal -1 0 0
  outer loop
    vertex -8.75 0 -19.35590970429563
    vertex -8.75 2.617412864619801 -17.68611560135207
    vertex -8.75 2.617412864619801 -20.9572975422112
  endloop
endfacet
facet normal -1 0 0
  outer loop
    vertex -8.75 0 -19.35590970429563
    vertex -8.75 0 -16.0847277634365
    vertex -8.75 2.617412864619801 -17.68611560135207
  endloop
endfacet
facet normal -1 0 0
  outer loop
    vertex -8.75 2.617412864619801 -20.9572975422112
    vertex -8.75 2.617412864619801 -17.68611560135207
    vertex -8.75 5.234825729239603 -19.28750343926765
  endloop
endfacet
facet normal -1 0 0
  outer loop
    vertex -8.75 0 -29.16945552687299
    vertex -8.75 0 -25.89827358601387
    vertex -8.75 2.548376828055661 -27.39602186735264
  endloop
endfacet
facet normal -1 0 0
  outer loop
    vertex -8.75 0 -25.89827358601387
    vertex -8.75 2.548376828055661 -24.12483992649352
    vertex -8.75 2.548376828055661 -27.39602186735264
  endloop
endfacet
facet normal -1 0 0
  outer loop
    vertex -8.75 0 -25.89827358601387
    vertex -8.75 0 -22.62709164515475
    vertex -8.75 2.548376828055661 -24.12483992649352
  endloop
endfacet
facet normal -1 0 0
  outer loop
    vertex -8.75 2.548376828055661 -27.39602186735264
    vertex -8.75 2.548376828055661 -24.12483992649352
    vertex -8.75 5.096753656111322 -25.62258820783228
  endloop
endfacet
facet normal -1 0 -0
  outer loop
    vertex -8.75 20 -22.57081659730103
    vertex -8.75 20 -25.83261936351787
    vertex -8.75 17.36983101407044 -24.13232159191137
  endloop
endfacet
facet normal -1 -0 0
  outer loop
    vertex -8.75 20 -25.83261936351787
    vertex -8.75 17.36983101407044 -27.39412435812821
    vertex -8.75 17.36983101407044 -24.13232159191137
  endloop
endfacet
facet normal -1 0 -0
  outer loop
    vertex -8.75 20 -25.83261936351787
    vertex -8.75 20 -29.09442212973471
    vertex -8.75 17.36983101407044 -27.39412435812821
  endloop
endfacet
facet normal -1 0 -0
  outer loop
    vertex -8.75 17.36983101407044 -24.13232159191137
    vertex -8.75 17.36983101407044 -27.39412435812821
    vertex -8.75 14.73966202814087 -25.69382658652172
  endloop
endfacet
facet normal -1 0 -0
  outer loop
    vertex -8.75 20 -16.04721106486735
    vertex -8.75 20 -19.30901383108419
    vertex -8.75 17.26545067223643 -17.67188262831984
  endloop
endfacet
facet normal -1 -0 0
  outer loop
    vertex -8.75 20 -19.30901383108419
    vertex -8.75 17.26545067223643 -20.93368539453668
    vertex -8.75 17.26545067223643 -17.67188262831984
  endloop
endfacet
facet normal -1 0 -0
  outer loop
    vertex -8.75 20 -19.30901383108419
    vertex -8.75 20 -22.57081659730103
    vertex -8.75 17.26545067223643 -20.93368539453668
  endloop
endfacet
facet normal -1 0 -0
  outer loop
    vertex -8.75 17.26545067223643 -17.67188262831984
    vertex -8.75 17.26545067223643 -20.93368539453668
    vertex -8.75 14.53090134447286 -19.29655419177233
  endloop
endfacet
facet normal -1 0 0
  outer loop
    vertex -8.75 5.650836661434588 -36.5132131347398
    vertex -8.75 2.850727277477162 -35.92955815385314
    vertex -8.75 5.30326345585593 -33.9437238826351
  endloop
endfacet
facet normal -1 0 0
  outer loop
    vertex -8.75 2.850727277477162 -35.92955815385314
    vertex -8.75 2.477845125138637 -33.54302701956082
    vertex -8.75 5.30326345585593 -33.9437238826351
  endloop
endfacet
facet normal -1 0 0
  outer loop
    vertex -8.75 2.850727277477162 -35.92955815385314
    vertex -8.75 1.071565949253934e-15 -35.71181940859125
    vertex -8.75 2.477845125138637 -33.54302701956082
  endloop
endfacet
facet normal -1 0 0
  outer loop
    vertex -8.75 5.30326345585593 -33.9437238826351
    vertex -8.75 2.477845125138637 -33.54302701956082
    vertex -8.75 4.955690250277273 -31.37423463053039
  endloop
endfacet
facet normal -1 0 0
  outer loop
    vertex -8.75 1.071565949253934e-15 -35.71181940859125
    vertex -8.75 0 -32.44063746773212
    vertex -8.75 2.477845125138637 -33.54302701956082
  endloop
endfacet
facet normal -1 0 0
  outer loop
    vertex -8.75 0 -32.44063746773212
    vertex -8.75 2.477845125138637 -30.27184507870169
    vertex -8.75 2.477845125138637 -33.54302701956082
  endloop
endfacet
facet normal -1 0 0
  outer loop
    vertex -8.75 0 -32.44063746773212
    vertex -8.75 0 -29.16945552687299
    vertex -8.75 2.477845125138637 -30.27184507870169
  endloop
endfacet
facet normal -1 0 0
  outer loop
    vertex -8.75 2.477845125138637 -33.54302701956082
    vertex -8.75 2.477845125138637 -30.27184507870169
    vertex -8.75 4.955690250277273 -31.37423463053039
  endloop
endfacet
facet normal -1 0 0
  outer loop
    vertex -8.75 5.096753656111322 -25.62258820783228
    vertex -8.75 2.548376828055661 -24.12483992649352
    vertex -8.75 5.165789692675462 -22.45504582354997
  endloop
endfacet
facet normal -1 0 0
  outer loop
    vertex -8.75 2.548376828055661 -24.12483992649352
    vertex -8.75 2.617412864619801 -20.9572975422112
    vertex -8.75 5.165789692675462 -22.45504582354997
  endloop
endfacet
facet normal -1 0 0
  outer loop
    vertex -8.75 2.548376828055661 -24.12483992649352
    vertex -8.75 0 -22.62709164515475
    vertex -8.75 2.617412864619801 -20.9572975422112
  endloop
endfacet
facet normal -1 0 0
  outer loop
    vertex -8.75 5.165789692675462 -22.45504582354997
    vertex -8.75 2.617412864619801 -20.9572975422112
    vertex -8.75 5.234825729239603 -19.28750343926765
  endloop
endfacet
facet normal -1 0 0
  outer loop
    vertex -8.75 14.53090134447286 -19.29655419177233
    vertex -8.75 17.26545067223643 -20.93368539453668
    vertex -8.75 14.63528168630687 -22.49519038914702
  endloop
endfacet
facet normal -1 0 -0
  outer loop
    vertex -8.75 17.26545067223643 -20.93368539453668
    vertex -8.75 17.36983101407044 -24.13232159191137
    vertex -8.75 14.63528168630687 -22.49519038914702
  endloop
endfacet
facet normal -1 0 0
  outer loop
    vertex -8.75 17.26545067223643 -20.93368539453668
    vertex -8.75 20 -22.57081659730103
    vertex -8.75 17.36983101407044 -24.13232159191137
  endloop
endfacet
facet normal -1 0 0
  outer loop
    vertex -8.75 14.63528168630687 -22.49519038914702
    vertex -8.75 17.36983101407044 -24.13232159191137
    vertex -8.75 14.73966202814087 -25.69382658652172
  endloop
endfacet
facet normal -1 0 0
  outer loop
    vertex -8.75 0 -16.0847277634365
    vertex -8.75 0 -12.81354582257738
    vertex -8.75 2.501644518347859 -14.47661052018027
  endloop
endfacet
facet normal -1 0 0
  outer loop
    vertex -8.75 0 -12.81354582257738
    vertex -8.75 2.501644518347859 -11.20542857932115
    vertex -8.75 2.501644518347859 -14.47661052018027
  endloop
endfacet
facet normal -1 0 0
  outer loop
    vertex -8.75 0 -12.81354582257738
    vertex -8.75 0 -9.542363881718257
    vertex -8.75 2.501644518347859 -11.20542857932115
  endloop
endfacet
facet normal -1 0 0
  outer loop
    vertex -8.75 2.501644518347859 -14.47661052018027
    vertex -8.75 2.501644518347859 -11.20542857932115
    vertex -8.75 5.003289036695717 -12.86849327692405
  endloop
endfacet
facet normal -1 0 -0
  outer loop
    vertex -8.75 20 -9.523605532433677
    vertex -8.75 20 -12.78540829865052
    vertex -8.75 17.48193440709681 -11.19073290956323
  endloop
endfacet
facet normal -1 -0 0
  outer loop
    vertex -8.75 20 -12.78540829865052
    vertex -8.75 17.48193440709681 -14.45253567578007
    vertex -8.75 17.48193440709681 -11.19073290956323
  endloop
endfacet
facet normal -1 0 -0
  outer loop
    vertex -8.75 20 -12.78540829865052
    vertex -8.75 20 -16.04721106486735
    vertex -8.75 17.48193440709681 -14.45253567578007
  endloop
endfacet
facet normal -1 0 -0
  outer loop
    vertex -8.75 17.48193440709681 -11.19073290956323
    vertex -8.75 17.48193440709681 -14.45253567578007
    vertex -8.75 14.96386881419361 -12.85786028669278
  endloop
endfacet
facet normal -1 0 0
  outer loop
    vertex -8.75 5.234825729239603 -19.28750343926765
    vertex -8.75 2.617412864619801 -17.68611560135207
    vertex -8.75 5.11905738296766 -16.07799835809585
  endloop
endfacet
facet normal -1 0 0
  outer loop
    vertex -8.75 2.617412864619801 -17.68611560135207
    vertex -8.75 2.501644518347859 -14.47661052018027
    vertex -8.75 5.11905738296766 -16.07799835809585
  endloop
endfacet
facet normal -1 0 0
  outer loop
    vertex -8.75 2.617412864619801 -17.68611560135207
    vertex -8.75 0 -16.0847277634365
    vertex -8.75 2.501644518347859 -14.47661052018027
  endloop
endfacet
facet normal -1 0 0
  outer loop
    vertex -8.75 5.11905738296766 -16.07799835809585
    vertex -8.75 2.501644518347859 -14.47661052018027
    vertex -8.75 5.003289036695717 -12.86849327692405
  endloop
endfacet
facet normal -1 -0 0
  outer loop
    vertex -8.75 20 -16.04721106486735
    vertex -8.75 17.26545067223643 -17.67188262831984
    vertex -8.75 17.48193440709681 -14.45253567578007
  endloop
endfacet
facet normal -1 0 0
  outer loop
    vertex -8.75 17.26545067223643 -17.67188262831984
    vertex -8.75 14.74738507933324 -16.07720723923255
    vertex -8.75 17.48193440709681 -14.45253567578007
  endloop
endfacet
facet normal -1 -0 0
  outer loop
    vertex -8.75 17.26545067223643 -17.67188262831984
    vertex -8.75 14.53090134447286 -19.29655419177233
    vertex -8.75 14.74738507933324 -16.07720723923255
  endloop
endfacet
facet normal -1 -0 0
  outer loop
    vertex -8.75 17.48193440709681 -14.45253567578007
    vertex -8.75 14.74738507933324 -16.07720723923255
    vertex -8.75 14.96386881419361 -12.85786028669278
  endloop
endfacet
facet normal -1 0 0
  outer loop
    vertex -8.75 0 -3
    vertex -8.75 3.333333333333353 -3
    vertex -8.75 2.328947274771895 -5.329459803031583
  endloop
endfacet
facet normal -1 0 -0
  outer loop
    vertex -8.75 3.333333333333353 -3
    vertex -8.75 5.662280608105249 -5.329459803031583
    vertex -8.75 2.328947274771895 -5.329459803031583
  endloop
endfacet
facet normal -1 0 0
  outer loop
    vertex -8.75 3.333333333333353 -3
    vertex -8.75 6.666666666666705 -3
    vertex -8.75 5.662280608105249 -5.329459803031583
  endloop
endfacet
facet normal -1 0 0
  outer loop
    vertex -8.75 2.328947274771895 -5.329459803031583
    vertex -8.75 5.662280608105249 -5.329459803031583
    vertex -8.75 4.657894549543792 -7.658919606063167
  endloop
endfacet
facet normal -1 0 0
  outer loop
    vertex -8.75 13.33333333333335 -3
    vertex -8.75 16.66666666666667 -3
    vertex -8.75 14.3409937044298 -5.32256502735396
  endloop
endfacet
facet normal -1 0 -0
  outer loop
    vertex -8.75 16.66666666666667 -3
    vertex -8.75 17.67432703776312 -5.32256502735396
    vertex -8.75 14.3409937044298 -5.32256502735396
  endloop
endfacet
facet normal -1 0 0
  outer loop
    vertex -8.75 16.66666666666667 -3
    vertex -8.75 20 -3
    vertex -8.75 17.67432703776312 -5.32256502735396
  endloop
endfacet
facet normal -1 0 0
  outer loop
    vertex -8.75 14.3409937044298 -5.32256502735396
    vertex -8.75 17.67432703776312 -5.32256502735396
    vertex -8.75 15.34865407552624 -7.645130054707918
  endloop
endfacet
facet normal -1 0 0
  outer loop
    vertex -8.75 0 -9.542363881718257
    vertex -8.75 0 -6.271181940859129
    vertex -8.75 2.328947274771895 -8.600641743890712
  endloop
endfacet
facet normal -1 0 0
  outer loop
    vertex -8.75 0 -6.271181940859129
    vertex -8.75 2.328947274771895 -5.329459803031583
    vertex -8.75 2.328947274771895 -8.600641743890712
  endloop
endfacet
facet normal -1 0 0
  outer loop
    vertex -8.75 0 -6.271181940859129
    vertex -8.75 0 -3
    vertex -8.75 2.328947274771895 -5.329459803031583
  endloop
endfacet
facet normal -1 0 0
  outer loop
    vertex -8.75 2.328947274771895 -8.600641743890712
    vertex -8.75 2.328947274771895 -5.329459803031583
    vertex -8.75 4.657894549543792 -7.658919606063167
  endloop
endfacet
facet normal -1 0 -0
  outer loop
    vertex -8.75 20 -3
    vertex -8.75 20 -6.261802766216839
    vertex -8.75 17.67432703776312 -5.32256502735396
  endloop
endfacet
facet normal -1 -0 0
  outer loop
    vertex -8.75 20 -6.261802766216839
    vertex -8.75 17.67432703776312 -8.584367793570799
    vertex -8.75 17.67432703776312 -5.32256502735396
  endloop
endfacet
facet normal -1 0 -0
  outer loop
    vertex -8.75 20 -6.261802766216839
    vertex -8.75 20 -9.523605532433677
    vertex -8.75 17.67432703776312 -8.584367793570799
  endloop
endfacet
facet normal -1 0 -0
  outer loop
    vertex -8.75 17.67432703776312 -5.32256502735396
    vertex -8.75 17.67432703776312 -8.584367793570799
    vertex -8.75 15.34865407552624 -7.645130054707918
  endloop
endfacet
facet normal -1 0 0
  outer loop
    vertex -8.75 5.003289036695717 -12.86849327692405
    vertex -8.75 7.501644518347872 -10.82099798441014
    vertex -8.75 7.497175597126333 -14.35740085750589
  endloop
endfacet
facet normal -1 0 -0
  outer loop
    vertex -8.75 7.501644518347872 -10.82099798441014
    vertex -8.75 9.995531078778487 -12.30990556499198
    vertex -8.75 7.497175597126333 -14.35740085750589
  endloop
endfacet
facet normal -1 0 0
  outer loop
    vertex -8.75 7.501644518347872 -10.82099798441014
    vertex -8.75 10.00000000000003 -8.773502691896239
    vertex -8.75 9.995531078778487 -12.30990556499198
  endloop
endfacet
facet normal -1 0 0
  outer loop
    vertex -8.75 7.497175597126333 -14.35740085750589
    vertex -8.75 9.995531078778487 -12.30990556499198
    vertex -8.75 9.991062157556948 -15.84630843808772
  endloop
endfacet
facet normal -1 0 -0
  outer loop
    vertex -8.75 10.00000000000003 -8.773502691896239
    vertex -8.75 12.48193440709682 -10.81568148929451
    vertex -8.75 9.995531078778487 -12.30990556499198
  endloop
endfacet
facet normal -1 0 0
  outer loop
    vertex -8.75 12.48193440709682 -10.81568148929451
    vertex -8.75 12.47746548587528 -14.35208436239025
    vertex -8.75 9.995531078778487 -12.30990556499198
  endloop
endfacet
facet normal -1 0 -0
  outer loop
    vertex -8.75 12.48193440709682 -10.81568148929451
    vertex -8.75 14.96386881419361 -12.85786028669278
    vertex -8.75 12.47746548587528 -14.35208436239025
  endloop
endfacet
facet normal -1 0 -0
  outer loop
    vertex -8.75 9.995531078778487 -12.30990556499198
    vertex -8.75 12.47746548587528 -14.35208436239025
    vertex -8.75 9.991062157556948 -15.84630843808772
  endloop
endfacet
facet normal -1 0 -0
  outer loop
    vertex -8.75 14.73966202814087 -25.69382658652172
    vertex -8.75 17.36983101407044 -27.39412435812821
    vertex -8.75 14.67037827249616 -28.99235234909052
  endloop
endfacet
facet normal -1 0 0
  outer loop
    vertex -8.75 17.36983101407044 -27.39412435812821
    vertex -8.75 17.30054725842572 -30.69265012069702
    vertex -8.75 14.67037827249616 -28.99235234909052
  endloop
endfacet
facet normal -1 0 -0
  outer loop
    vertex -8.75 17.36983101407044 -27.39412435812821
    vertex -8.75 20 -29.09442212973471
    vertex -8.75 17.30054725842572 -30.69265012069702
  endloop
endfacet
facet normal -1 0 -0
  outer loop
    vertex -8.75 14.67037827249616 -28.99235234909052
    vertex -8.75 17.30054725842572 -30.69265012069702
    vertex -8.75 14.60109451685144 -32.29087811165933
  endloop
endfacet
facet normal -1 0 -0
  outer loop
    vertex -8.75 9.991062157556948 -15.84630843808772
    vertex -8.75 12.26098175101491 -17.57143131493003
    vertex -8.75 9.964101708285433 -19.12805683300655
  endloop
endfacet
facet normal -1 0 0
  outer loop
    vertex -8.75 12.26098175101491 -17.57143131493003
    vertex -8.75 12.23402130174339 -20.85317970984885
    vertex -8.75 9.964101708285433 -19.12805683300655
  endloop
endfacet
facet normal -1 0 -0
  outer loop
    vertex -8.75 12.26098175101491 -17.57143131493003
    vertex -8.75 14.53090134447286 -19.29655419177233
    vertex -8.75 12.23402130174339 -20.85317970984885
  endloop
endfacet
facet normal -1 0 -0
  outer loop
    vertex -8.75 9.964101708285433 -19.12805683300655
    vertex -8.75 12.23402130174339 -20.85317970984885
    vertex -8.75 9.937141259013918 -22.40980522792537
  endloop
endfacet
facet normal -1 0 0
  outer loop
    vertex -8.75 5.234825729239603 -19.28750343926765
    vertex -8.75 7.612943943398276 -17.56690593867769
    vertex -8.75 7.58598349412676 -20.84865433359651
  endloop
endfacet
facet normal -1 0 -0
  outer loop
    vertex -8.75 7.612943943398276 -17.56690593867769
    vertex -8.75 9.964101708285433 -19.12805683300655
    vertex -8.75 7.58598349412676 -20.84865433359651
  endloop
endfacet
facet normal -1 0 0
  outer loop
    vertex -8.75 7.612943943398276 -17.56690593867769
    vertex -8.75 9.991062157556948 -15.84630843808772
    vertex -8.75 9.964101708285433 -19.12805683300655
  endloop
endfacet
facet normal -1 0 0
  outer loop
    vertex -8.75 7.58598349412676 -20.84865433359651
    vertex -8.75 9.964101708285433 -19.12805683300655
    vertex -8.75 9.937141259013918 -22.40980522792537
  endloop
endfacet
facet normal -1 0 0
  outer loop
    vertex -8.75 0 -29.16945552687299
    vertex -8.75 2.548376828055661 -27.39602186735264
    vertex -8.75 2.477845125138637 -30.27184507870169
  endloop
endfacet
facet normal -1 0 -0
  outer loop
    vertex -8.75 2.548376828055661 -27.39602186735264
    vertex -8.75 5.026221953194298 -28.49841141918134
    vertex -8.75 2.477845125138637 -30.27184507870169
  endloop
endfacet
facet normal -1 0 0
  outer loop
    vertex -8.75 2.548376828055661 -27.39602186735264
    vertex -8.75 5.096753656111322 -25.62258820783228
    vertex -8.75 5.026221953194298 -28.49841141918134
  endloop
endfacet
facet normal -1 0 0
  outer loop
    vertex -8.75 2.477845125138637 -30.27184507870169
    vertex -8.75 5.026221953194298 -28.49841141918134
    vertex -8.75 4.955690250277273 -31.37423463053039
  endloop
endfacet
facet normal -1 0 0
  outer loop
    vertex -8.75 5.234825729239603 -19.28750343926765
    vertex -8.75 5.11905738296766 -16.07799835809585
    vertex -8.75 7.612943943398276 -17.56690593867769
  endloop
endfacet
facet normal -1 0 0
  outer loop
    vertex -8.75 5.11905738296766 -16.07799835809585
    vertex -8.75 7.497175597126333 -14.35740085750589
    vertex -8.75 7.612943943398276 -17.56690593867769
  endloop
endfacet
facet normal -1 0 0
  outer loop
    vertex -8.75 5.11905738296766 -16.07799835809585
    vertex -8.75 5.003289036695717 -12.86849327692405
    vertex -8.75 7.497175597126333 -14.35740085750589
  endloop
endfacet
facet normal -1 0 0
  outer loop
    vertex -8.75 7.612943943398276 -17.56690593867769
    vertex -8.75 7.497175597126333 -14.35740085750589
    vertex -8.75 9.991062157556948 -15.84630843808772
  endloop
endfacet
facet normal -1 0 0
  outer loop
    vertex -8.75 10.00000000000003 -8.773502691896239
    vertex -8.75 11.66666666666669 -5.88675134594812
    vertex -8.75 12.67432703776313 -8.209316373302078
  endloop
endfacet
facet normal -1 0 0
  outer loop
    vertex -8.75 11.66666666666669 -5.88675134594812
    vertex -8.75 14.3409937044298 -5.32256502735396
    vertex -8.75 12.67432703776313 -8.209316373302078
  endloop
endfacet
facet normal -1 0 0
  outer loop
    vertex -8.75 11.66666666666669 -5.88675134594812
    vertex -8.75 13.33333333333335 -3
    vertex -8.75 14.3409937044298 -5.32256502735396
  endloop
endfacet
facet normal -1 0 0
  outer loop
    vertex -8.75 12.67432703776313 -8.209316373302078
    vertex -8.75 14.3409937044298 -5.32256502735396
    vertex -8.75 15.34865407552624 -7.645130054707918
  endloop
endfacet
facet normal -1 0 -0
  outer loop
    vertex -8.75 6.666666666666705 -3
    vertex -8.75 8.333333333333366 -5.88675134594812
    vertex -8.75 5.662280608105249 -5.329459803031583
  endloop
endfacet
facet normal -1 -0 0
  outer loop
    vertex -8.75 8.333333333333366 -5.88675134594812
    vertex -8.75 7.32894727477191 -8.216211148979703
    vertex -8.75 5.662280608105249 -5.329459803031583
  endloop
endfacet
facet normal -1 0 -0
  outer loop
    vertex -8.75 8.333333333333366 -5.88675134594812
    vertex -8.75 10.00000000000003 -8.773502691896239
    vertex -8.75 7.32894727477191 -8.216211148979703
  endloop
endfacet
facet normal -1 0 -0
  outer loop
    vertex -8.75 5.662280608105249 -5.329459803031583
    vertex -8.75 7.32894727477191 -8.216211148979703
    vertex -8.75 4.657894549543792 -7.658919606063167
  endloop
endfacet
facet normal -1 0 0
  outer loop
    vertex -8.75 14.96386881419361 -12.85786028669278
    vertex -8.75 14.74738507933324 -16.07720723923255
    vertex -8.75 12.47746548587528 -14.35208436239025
  endloop
endfacet
facet normal -1 -0 0
  outer loop
    vertex -8.75 14.74738507933324 -16.07720723923255
    vertex -8.75 12.26098175101491 -17.57143131493003
    vertex -8.75 12.47746548587528 -14.35208436239025
  endloop
endfacet
facet normal -1 0 0
  outer loop
    vertex -8.75 14.74738507933324 -16.07720723923255
    vertex -8.75 14.53090134447286 -19.29655419177233
    vertex -8.75 12.26098175101491 -17.57143131493003
  endloop
endfacet
facet normal -1 0 0
  outer loop
    vertex -8.75 12.47746548587528 -14.35208436239025
    vertex -8.75 12.26098175101491 -17.57143131493003
    vertex -8.75 9.991062157556948 -15.84630843808772
  endloop
endfacet
facet normal -1 0 -0
  outer loop
    vertex -8.75 14.53090134447286 -19.29655419177233
    vertex -8.75 14.63528168630687 -22.49519038914702
    vertex -8.75 12.23402130174339 -20.85317970984885
  endloop
endfacet
facet normal -1 -0 0
  outer loop
    vertex -8.75 14.63528168630687 -22.49519038914702
    vertex -8.75 12.3384016435774 -24.05181590722354
    vertex -8.75 12.23402130174339 -20.85317970984885
  endloop
endfacet
facet normal -1 0 -0
  outer loop
    vertex -8.75 14.63528168630687 -22.49519038914702
    vertex -8.75 14.73966202814087 -25.69382658652172
    vertex -8.75 12.3384016435774 -24.05181590722354
  endloop
endfacet
facet normal -1 0 -0
  outer loop
    vertex -8.75 12.23402130174339 -20.85317970984885
    vertex -8.75 12.3384016435774 -24.05181590722354
    vertex -8.75 9.937141259013918 -22.40980522792537
  endloop
endfacet
facet normal -1 0 0
  outer loop
    vertex -8.75 5.096753656111322 -25.62258820783228
    vertex -8.75 5.165789692675462 -22.45504582354997
    vertex -8.75 7.51694745756262 -24.01619671787883
  endloop
endfacet
facet normal -1 0 0
  outer loop
    vertex -8.75 5.165789692675462 -22.45504582354997
    vertex -8.75 7.58598349412676 -20.84865433359651
    vertex -8.75 7.51694745756262 -24.01619671787883
  endloop
endfacet
facet normal -1 0 0
  outer loop
    vertex -8.75 5.165789692675462 -22.45504582354997
    vertex -8.75 5.234825729239603 -19.28750343926765
    vertex -8.75 7.58598349412676 -20.84865433359651
  endloop
endfacet
facet normal -1 0 0
  outer loop
    vertex -8.75 7.51694745756262 -24.01619671787883
    vertex -8.75 7.58598349412676 -20.84865433359651
    vertex -8.75 9.937141259013918 -22.40980522792537
  endloop
endfacet
facet normal -1 -0 0
  outer loop
    vertex -8.75 15.54325012858275 -37.20029489057899
    vertex -8.75 13.31487519287413 -37.74840652354653
    vertex -8.75 14.11612550844665 -36.30858213235155
  endloop
endfacet
facet normal -1 0 0
  outer loop
    vertex -8.75 13.31487519287413 -37.74840652354653
    vertex -8.75 11.88775057273803 -36.85669376531909
    vertex -8.75 14.11612550844665 -36.30858213235155
  endloop
endfacet
facet normal -1 -5.71987e-16 -9.15426e-16
  outer loop
    vertex -8.75 13.31487519287413 -37.74840652354653
    vertex -8.749999999999998 11.08650025716551 -38.29651815651407
    vertex -8.75 11.88775057273803 -36.85669376531909
  endloop
endfacet
facet normal -1 -0 0
  outer loop
    vertex -8.75 14.11612550844665 -36.30858213235155
    vertex -8.75 11.88775057273803 -36.85669376531909
    vertex -8.75 12.68900088831055 -35.41686937412411
  endloop
endfacet
facet normal -1 0 0
  outer loop
    vertex -8.75 5.003289036695717 -12.86849327692405
    vertex -8.75 2.501644518347859 -11.20542857932115
    vertex -8.75 4.830591793119755 -10.26370644149361
  endloop
endfacet
facet normal -1 0 0
  outer loop
    vertex -8.75 2.501644518347859 -11.20542857932115
    vertex -8.75 2.328947274771895 -8.600641743890712
    vertex -8.75 4.830591793119755 -10.26370644149361
  endloop
endfacet
facet normal -1 0 0
  outer loop
    vertex -8.75 2.501644518347859 -11.20542857932115
    vertex -8.75 0 -9.542363881718257
    vertex -8.75 2.328947274771895 -8.600641743890712
  endloop
endfacet
facet normal -1 0 0
  outer loop
    vertex -8.75 4.830591793119755 -10.26370644149361
    vertex -8.75 2.328947274771895 -8.600641743890712
    vertex -8.75 4.657894549543792 -7.658919606063167
  endloop
endfacet
facet normal -1 -0 0
  outer loop
    vertex -8.75 20 -9.523605532433677
    vertex -8.75 17.48193440709681 -11.19073290956323
    vertex -8.75 17.67432703776312 -8.584367793570799
  endloop
endfacet
facet normal -1 0 0
  outer loop
    vertex -8.75 17.48193440709681 -11.19073290956323
    vertex -8.75 15.15626144485993 -10.25149517070035
    vertex -8.75 17.67432703776312 -8.584367793570799
  endloop
endfacet
facet normal -1 -0 0
  outer loop
    vertex -8.75 17.48193440709681 -11.19073290956323
    vertex -8.75 14.96386881419361 -12.85786028669278
    vertex -8.75 15.15626144485993 -10.25149517070035
  endloop
endfacet
facet normal -1 -0 0
  outer loop
    vertex -8.75 17.67432703776312 -8.584367793570799
    vertex -8.75 15.15626144485993 -10.25149517070035
    vertex -8.75 15.34865407552624 -7.645130054707918
  endloop
endfacet
facet normal -1 0 -0
  outer loop
    vertex -8.75 14.60109451685144 -32.29087811165933
    vertex -8.75 15.07217232271709 -34.74558650111916
    vertex -8.75 13.645047702581 -33.85387374289172
  endloop
endfacet
facet normal -1 -0 0
  outer loop
    vertex -8.75 15.07217232271709 -34.74558650111916
    vertex -8.75 14.11612550844665 -36.30858213235155
    vertex -8.75 13.645047702581 -33.85387374289172
  endloop
endfacet
facet normal -1 0 -0
  outer loop
    vertex -8.75 15.07217232271709 -34.74558650111916
    vertex -8.75 15.54325012858275 -37.20029489057899
    vertex -8.75 14.11612550844665 -36.30858213235155
  endloop
endfacet
facet normal -1 0 -0
  outer loop
    vertex -8.75 13.645047702581 -33.85387374289172
    vertex -8.75 14.11612550844665 -36.30858213235155
    vertex -8.75 12.68900088831055 -35.41686937412411
  endloop
endfacet
facet normal -1 -0 0
  outer loop
    vertex -8.75 10.00000000000003 -8.773502691896239
    vertex -8.75 7.501644518347872 -10.82099798441014
    vertex -8.75 7.32894727477191 -8.216211148979703
  endloop
endfacet
facet normal -1 0 0
  outer loop
    vertex -8.75 7.501644518347872 -10.82099798441014
    vertex -8.75 4.830591793119755 -10.26370644149361
    vertex -8.75 7.32894727477191 -8.216211148979703
  endloop
endfacet
facet normal -1 -0 0
  outer loop
    vertex -8.75 7.501644518347872 -10.82099798441014
    vertex -8.75 5.003289036695717 -12.86849327692405
    vertex -8.75 4.830591793119755 -10.26370644149361
  endloop
endfacet
facet normal -1 -0 0
  outer loop
    vertex -8.75 7.32894727477191 -8.216211148979703
    vertex -8.75 4.830591793119755 -10.26370644149361
    vertex -8.75 4.657894549543792 -7.658919606063167
  endloop
endfacet
facet normal -1 0 0
  outer loop
    vertex -8.75 14.96386881419361 -12.85786028669278
    vertex -8.75 12.48193440709682 -10.81568148929451
    vertex -8.75 15.15626144485993 -10.25149517070035
  endloop
endfacet
facet normal -1 0 0
  outer loop
    vertex -8.75 12.48193440709682 -10.81568148929451
    vertex -8.75 12.67432703776313 -8.209316373302078
    vertex -8.75 15.15626144485993 -10.25149517070035
  endloop
endfacet
facet normal -1 0 0
  outer loop
    vertex -8.75 12.48193440709682 -10.81568148929451
    vertex -8.75 10.00000000000003 -8.773502691896239
    vertex -8.75 12.67432703776313 -8.209316373302078
  endloop
endfacet
facet normal -1 0 0
  outer loop
    vertex -8.75 15.15626144485993 -10.25149517070035
    vertex -8.75 12.67432703776313 -8.209316373302078
    vertex -8.75 15.34865407552624 -7.645130054707918
  endloop
endfacet
facet normal -1 0 -0
  outer loop
    vertex -8.75 9.937141259013918 -22.40980522792537
    vertex -8.75 12.3384016435774 -24.05181590722354
    vertex -8.75 9.873195659593403 -25.47749587248045
  endloop
endfacet
facet normal -1 0 0
  outer loop
    vertex -8.75 12.3384016435774 -24.05181590722354
    vertex -8.75 12.27445604415688 -27.11950655177862
    vertex -8.75 9.873195659593403 -25.47749587248045
  endloop
endfacet
facet normal -1 0 -0
  outer loop
    vertex -8.75 12.3384016435774 -24.05181590722354
    vertex -8.75 14.73966202814087 -25.69382658652172
    vertex -8.75 12.27445604415688 -27.11950655177862
  endloop
endfacet
facet normal -1 0 -0
  outer loop
    vertex -8.75 9.873195659593403 -25.47749587248045
    vertex -8.75 12.27445604415688 -27.11950655177862
    vertex -8.75 9.809250060172889 -28.54518651703552
  endloop
endfacet
facet normal -1 0 0
  outer loop
    vertex -8.75 5.096753656111322 -25.62258820783228
    vertex -8.75 7.51694745756262 -24.01619671787883
    vertex -8.75 7.453001858142105 -27.08388736243391
  endloop
endfacet
facet normal -1 0 -0
  outer loop
    vertex -8.75 7.51694745756262 -24.01619671787883
    vertex -8.75 9.873195659593403 -25.47749587248045
    vertex -8.75 7.453001858142105 -27.08388736243391
  endloop
endfacet
facet normal -1 0 0
  outer loop
    vertex -8.75 7.51694745756262 -24.01619671787883
    vertex -8.75 9.937141259013918 -22.40980522792537
    vertex -8.75 9.873195659593403 -25.47749587248045
  endloop
endfacet
facet normal -1 0 0
  outer loop
    vertex -8.75 7.453001858142105 -27.08388736243391
    vertex -8.75 9.873195659593403 -25.47749587248045
    vertex -8.75 9.809250060172889 -28.54518651703552
  endloop
endfacet
facet normal -1 -0 0
  outer loop
    vertex -8.75 14.60109451685144 -32.29087811165933
    vertex -8.75 12.06312658374697 -33.0853322247017
    vertex -8.75 12.20517228851216 -30.41803231434743
  endloop
endfacet
facet normal -1 0 0
  outer loop
    vertex -8.75 12.06312658374697 -33.0853322247017
    vertex -8.75 9.667204355407698 -31.21248642738979
    vertex -8.75 12.20517228851216 -30.41803231434743
  endloop
endfacet
facet normal -1 -0 0
  outer loop
    vertex -8.75 12.06312658374697 -33.0853322247017
    vertex -8.75 9.525158650642506 -33.87978633774406
    vertex -8.75 9.667204355407698 -31.21248642738979
  endloop
endfacet
facet normal -1 -0 0
  outer loop
    vertex -8.75 12.20517228851216 -30.41803231434743
    vertex -8.75 9.667204355407698 -31.21248642738979
    vertex -8.75 9.809250060172889 -28.54518651703552
  endloop
endfacet
facet normal -1 0 0
  outer loop
    vertex -8.75 14.73966202814087 -25.69382658652172
    vertex -8.75 14.67037827249616 -28.99235234909052
    vertex -8.75 12.27445604415688 -27.11950655177862
  endloop
endfacet
facet normal -1 -0 0
  outer loop
    vertex -8.75 14.67037827249616 -28.99235234909052
    vertex -8.75 12.20517228851216 -30.41803231434743
    vertex -8.75 12.27445604415688 -27.11950655177862
  endloop
endfacet
facet normal -1 0 0
  outer loop
    vertex -8.75 14.67037827249616 -28.99235234909052
    vertex -8.75 14.60109451685144 -32.29087811165933
    vertex -8.75 12.20517228851216 -30.41803231434743
  endloop
endfacet
facet normal -1 0 0
  outer loop
    vertex -8.75 12.27445604415688 -27.11950655177862
    vertex -8.75 12.20517228851216 -30.41803231434743
    vertex -8.75 9.809250060172889 -28.54518651703552
  endloop
endfacet
facet normal -1 -0 0
  outer loop
    vertex -8.75 9.525158650642506 -33.87978633774406
    vertex -8.75 7.587997656038548 -35.19649973624193
    vertex -8.75 7.24042445045989 -32.62701048413723
  endloop
endfacet
facet normal -1 0 0
  outer loop
    vertex -8.75 7.587997656038548 -35.19649973624193
    vertex -8.75 5.30326345585593 -33.9437238826351
    vertex -8.75 7.24042445045989 -32.62701048413723
  endloop
endfacet
facet normal -1 -0 0
  outer loop
    vertex -8.75 7.587997656038548 -35.19649973624193
    vertex -8.75 5.650836661434588 -36.5132131347398
    vertex -8.75 5.30326345585593 -33.9437238826351
  endloop
endfacet
facet normal -1 -0 0
  outer loop
    vertex -8.75 7.24042445045989 -32.62701048413723
    vertex -8.75 5.30326345585593 -33.9437238826351
    vertex -8.75 4.955690250277273 -31.37423463053039
  endloop
endfacet
facet normal -1 0 0
  outer loop
    vertex -8.75 4.955690250277273 -31.37423463053039
    vertex -8.75 5.026221953194298 -28.49841141918134
    vertex -8.75 7.38247015522508 -29.95971057378296
  endloop
endfacet
facet normal -1 0 0
  outer loop
    vertex -8.75 5.026221953194298 -28.49841141918134
    vertex -8.75 7.453001858142105 -27.08388736243391
    vertex -8.75 7.38247015522508 -29.95971057378296
  endloop
endfacet
facet normal -1 0 0
  outer loop
    vertex -8.75 5.026221953194298 -28.49841141918134
    vertex -8.75 5.096753656111322 -25.62258820783228
    vertex -8.75 7.453001858142105 -27.08388736243391
  endloop
endfacet
facet normal -1 0 0
  outer loop
    vertex -8.75 7.38247015522508 -29.95971057378296
    vertex -8.75 7.453001858142105 -27.08388736243391
    vertex -8.75 9.809250060172889 -28.54518651703552
  endloop
endfacet
facet normal -1 0 0
  outer loop
    vertex -8.75 9.525158650642506 -33.87978633774406
    vertex -8.75 7.24042445045989 -32.62701048413723
    vertex -8.75 9.667204355407698 -31.21248642738979
  endloop
endfacet
facet normal -1 0 0
  outer loop
    vertex -8.75 7.24042445045989 -32.62701048413723
    vertex -8.75 7.38247015522508 -29.95971057378296
    vertex -8.75 9.667204355407698 -31.21248642738979
  endloop
endfacet
facet normal -1 0 0
  outer loop
    vertex -8.75 7.24042445045989 -32.62701048413723
    vertex -8.75 4.955690250277273 -31.37423463053039
    vertex -8.75 7.38247015522508 -29.95971057378296
  endloop
endfacet
facet normal -1 0 0
  outer loop
    vertex -8.75 9.667204355407698 -31.21248642738979
    vertex -8.75 7.38247015522508 -29.95971057378296
    vertex -8.75 9.809250060172889 -28.54518651703552
  endloop
endfacet
facet normal -1 -4.7182e-16 -9.71167e-16
  outer loop
    vertex -8.749999999999998 11.08650025716551 -38.29651815651407
    vertex -8.75 10.30582945390401 -36.08815224712907
    vertex -8.75 11.88775057273803 -36.85669376531909
  endloop
endfacet
facet normal -1 0 0
  outer loop
    vertex -8.75 10.30582945390401 -36.08815224712907
    vertex -8.75 11.10707976947653 -34.64832785593408
    vertex -8.75 11.88775057273803 -36.85669376531909
  endloop
endfacet
facet normal -1 0 0
  outer loop
    vertex -8.75 10.30582945390401 -36.08815224712907
    vertex -8.75 9.525158650642506 -33.87978633774406
    vertex -8.75 11.10707976947653 -34.64832785593408
  endloop
endfacet
facet normal -1 0 0
  outer loop
    vertex -8.75 11.88775057273803 -36.85669376531909
    vertex -8.75 11.10707976947653 -34.64832785593408
    vertex -8.75 12.68900088831055 -35.41686937412411
  endloop
endfacet
facet normal -1 0 0
  outer loop
    vertex -8.75 9.525158650642506 -33.87978633774406
    vertex -8.75 12.06312658374697 -33.0853322247017
    vertex -8.75 11.10707976947653 -34.64832785593408
  endloop
endfacet
facet normal -1 0 -0
  outer loop
    vertex -8.75 12.06312658374697 -33.0853322247017
    vertex -8.75 13.645047702581 -33.85387374289172
    vertex -8.75 11.10707976947653 -34.64832785593408
  endloop
endfacet
facet normal -1 0 0
  outer loop
    vertex -8.75 12.06312658374697 -33.0853322247017
    vertex -8.75 14.60109451685144 -32.29087811165933
    vertex -8.75 13.645047702581 -33.85387374289172
  endloop
endfacet
facet normal -1 0 0
  outer loop
    vertex -8.75 11.10707976947653 -34.64832785593408
    vertex -8.75 13.645047702581 -33.85387374289172
    vertex -8.75 12.68900088831055 -35.41686937412411
  endloop
endfacet
facet normal -1 -2.59505e-15 7.30945e-15
  outer loop
    vertex -8.749999999999998 11.08650025716551 -38.29651815651407
    vertex -8.75 13.31487519287413 -37.74840652354653
    vertex -8.75 11.08650025716551 -38.53954013775184
  endloop
endfacet
facet normal -1 0 -0
  outer loop
    vertex -8.75 13.31487519287413 -37.74840652354653
    vertex -8.75 13.31487519287413 -37.9914285047843
    vertex -8.75 11.08650025716551 -38.53954013775184
  endloop
endfacet
facet normal -1 0 0
  outer loop
    vertex -8.75 13.31487519287413 -37.74840652354653
    vertex -8.75 15.54325012858275 -37.20029489057899
    vertex -8.75 13.31487519287413 -37.9914285047843
  endloop
endfacet
facet normal -1 0 0
  outer loop
    vertex -8.75 11.08650025716551 -38.53954013775184
    vertex -8.75 13.31487519287413 -37.9914285047843
    vertex -8.75 11.08650025716551 -38.78256211898962
  endloop
endfacet
facet normal -0.316136 0.318941 0.893495
  outer loop
    vertex -8.749999999999998 11.08650025716551 -38.29651815651407
    vertex -11.00877194098829 8.847594492484374 -38.29651815651407
    vertex -8.75 8.391566285494816 -37.33453652564045
  endloop
endfacet
facet normal -0.337149 0.246653 0.908566
  outer loop
    vertex -11.00877194098829 8.847594492484374 -38.29651815651407
    vertex -10.73333585274394 5.907467259081783 -37.39614037779072
    vertex -8.75 8.391566285494816 -37.33453652564045
  endloop
endfacet
facet normal -0.377229 0.238692 0.894832
  outer loop
    vertex -11.00877194098829 8.847594492484374 -38.29651815651407
    vertex -12.70931805962141 6.160050520207779 -38.29651815651407
    vertex -10.73333585274394 5.907467259081783 -37.39614037779072
  endloop
endfacet
facet normal -0.362773 0.267505 0.892657
  outer loop
    vertex -8.75 8.391566285494816 -37.33453652564045
    vertex -10.73333585274394 5.907467259081783 -37.39614037779072
    vertex -8.75 5.650836661434588 -36.5132131347398
  endloop
endfacet
facet normal -0.45129 0.0511366 0.890911
  outer loop
    vertex -14.12349064332649 1.729628760913738e-15 -38.29651815651407
    vertex -12.46017327501775 1.362908132190568 -37.53219407948917
    vertex -13.76540814233734 3.160146614795557 -38.29651815651407
  endloop
endfacet
facet normal -0.400827 0.0963594 0.911072
  outer loop
    vertex -12.46017327501775 1.362908132190568 -37.53219407948917
    vertex -11.74660480040659 4.445266493167992 -37.54426397479544
    vertex -13.76540814233734 3.160146614795557 -38.29651815651407
  endloop
endfacet
facet normal -0.446246 0.106786 0.888516
  outer loop
    vertex -12.46017327501775 1.362908132190568 -37.53219407948917
    vertex -10.76127757597476 2.721924665507088 -36.84227716012008
    vertex -11.74660480040659 4.445266493167992 -37.54426397479544
  endloop
endfacet
facet normal -0.427971 0.150663 0.891146
  outer loop
    vertex -13.76540814233734 3.160146614795557 -38.29651815651407
    vertex -11.74660480040659 4.445266493167992 -37.54426397479544
    vertex -12.70931805962141 6.160050520207779 -38.29651815651407
  endloop
endfacet
facet normal -0.364604 0.190008 0.911571
  outer loop
    vertex -8.75 5.650836661434588 -36.5132131347398
    vertex -9.780188713029508 4.196915630346878 -36.62220594353229
    vertex -8.75 2.850727277477162 -35.92955815385314
  endloop
endfacet
facet normal -0.44574 0.115617 0.887664
  outer loop
    vertex -9.780188713029508 4.196915630346878 -36.62220594353229
    vertex -9.769591644625649 1.362908828798723 -36.24775991762205
    vertex -8.75 2.850727277477162 -35.92955815385314
  endloop
endfacet
facet normal -0.384918 0.11948 0.915185
  outer loop
    vertex -9.780188713029508 4.196915630346878 -36.62220594353229
    vertex -10.76127757597476 2.721924665507088 -36.84227716012008
    vertex -9.769591644625649 1.362908828798723 -36.24775991762205
  endloop
endfacet
facet normal -0.389043 0.0701585 0.918544
  outer loop
    vertex -8.75 2.850727277477162 -35.92955815385314
    vertex -9.769591644625649 1.362908828798723 -36.24775991762205
    vertex -8.75 1.071565949253934e-15 -35.71181940859125
  endloop
endfacet
facet normal -0.433274 0.0300764 0.90076
  outer loop
    vertex -8.75 1.071565949253934e-15 -35.71181940859125
    vertex -9.769591644625649 1.362908828798723 -36.24775991762205
    vertex -11.43674532166325 1.400597355083836e-15 -37.00416878255266
  endloop
endfacet
facet normal -0.430663 0.0261191 0.902135
  outer loop
    vertex -9.769591644625649 1.362908828798723 -36.24775991762205
    vertex -12.46017327501775 1.362908132190568 -37.53219407948917
    vertex -11.43674532166325 1.400597355083836e-15 -37.00416878255266
  endloop
endfacet
facet normal -0.429423 0.0801597 0.899539
  outer loop
    vertex -9.769591644625649 1.362908828798723 -36.24775991762205
    vertex -10.76127757597476 2.721924665507088 -36.84227716012008
    vertex -12.46017327501775 1.362908132190568 -37.53219407948917
  endloop
endfacet
facet normal -0.433349 0.0236296 0.900916
  outer loop
    vertex -11.43674532166325 1.400597355083836e-15 -37.00416878255266
    vertex -12.46017327501775 1.362908132190568 -37.53219407948917
    vertex -14.12349064332649 1.729628760913738e-15 -38.29651815651407
  endloop
endfacet
facet normal -0.389079 0.178063 0.903831
  outer loop
    vertex -12.70931805962141 6.160050520207779 -38.29651815651407
    vertex -11.74660480040659 4.445266493167992 -37.54426397479544
    vertex -10.73333585274394 5.907467259081783 -37.39614037779072
  endloop
endfacet
facet normal -0.398009 0.184783 0.898579
  outer loop
    vertex -11.74660480040659 4.445266493167992 -37.54426397479544
    vertex -9.780188713029508 4.196915630346878 -36.62220594353229
    vertex -10.73333585274394 5.907467259081783 -37.39614037779072
  endloop
endfacet
facet normal -0.406535 0.1356 0.903516
  outer loop
    vertex -11.74660480040659 4.445266493167992 -37.54426397479544
    vertex -10.76127757597476 2.721924665507088 -36.84227716012008
    vertex -9.780188713029508 4.196915630346878 -36.62220594353229
  endloop
endfacet
facet normal -0.376907 0.19925 0.904567
  outer loop
    vertex -10.73333585274394 5.907467259081783 -37.39614037779072
    vertex -9.780188713029508 4.196915630346878 -36.62220594353229
    vertex -8.75 5.650836661434588 -36.5132131347398
  endloop
endfacet
facet normal -0.316136 0.318941 -0.893495
  outer loop
    vertex -8.749999999999998 11.08650025716551 -41.70348184348592
    vertex -8.75 8.391566285494504 -42.66546347435965
    vertex -11.00877194098829 8.847594492484374 -41.70348184348592
  endloop
endfacet
facet normal -0.337149 0.246653 -0.908566
  outer loop
    vertex -8.75 8.391566285494504 -42.66546347435965
    vertex -10.73333585274394 5.907467259081789 -42.60385962220928
    vertex -11.00877194098829 8.847594492484374 -41.70348184348592
  endloop
endfacet
facet normal -0.362773 0.267505 -0.892657
  outer loop
    vertex -8.75 8.391566285494504 -42.66546347435965
    vertex -8.75 5.650836661434593 -43.48678686526019
    vertex -10.73333585274394 5.907467259081789 -42.60385962220928
  endloop
endfacet
facet normal -0.377229 0.238692 -0.894832
  outer loop
    vertex -11.00877194098829 8.847594492484374 -41.70348184348592
    vertex -10.73333585274394 5.907467259081789 -42.60385962220928
    vertex -12.70931805962141 6.160050520207779 -41.70348184348592
  endloop
endfacet
facet normal -0.427971 0.150663 -0.891146
  outer loop
    vertex -12.70931805962141 6.160050520207779 -41.70348184348592
    vertex -11.74660480040957 4.445266493167809 -42.45573602520324
    vertex -13.76540814233734 3.160146614795557 -41.70348184348592
  endloop
endfacet
facet normal -0.400827 0.0963594 -0.911072
  outer loop
    vertex -11.74660480040957 4.445266493167809 -42.45573602520324
    vertex -12.4601732750207 1.362908132190375 -42.46780592050943
    vertex -13.76540814233734 3.160146614795557 -41.70348184348592
  endloop
endfacet
facet normal -0.446246 0.106786 -0.888516
  outer loop
    vertex -11.74660480040957 4.445266493167809 -42.45573602520324
    vertex -10.76127757598069 2.721924665506706 -43.1577228398772
    vertex -12.4601732750207 1.362908132190375 -42.46780592050943
  endloop
endfacet
facet normal -0.45129 0.0511366 -0.890911
  outer loop
    vertex -13.76540814233734 3.160146614795557 -41.70348184348592
    vertex -12.4601732750207 1.362908132190375 -42.46780592050943
    vertex -14.12349064332649 1.729628760913738e-15 -41.70348184348592
  endloop
endfacet
facet normal -0.389043 0.0701585 -0.918544
  outer loop
    vertex -8.75 1.071565949253934e-15 -44.28818059140875
    vertex -9.769591644628592 1.362908828798527 -43.75224008237655
    vertex -8.75 2.850727277477155 -44.07044184614686
  endloop
endfacet
facet normal -0.44574 0.115617 -0.887664
  outer loop
    vertex -9.769591644628592 1.362908828798527 -43.75224008237655
    vertex -9.780188713032505 4.196915630346697 -43.37779405646642
    vertex -8.75 2.850727277477155 -44.07044184614686
  endloop
endfacet
facet normal -0.384918 0.11948 -0.915185
  outer loop
    vertex -9.769591644628592 1.362908828798527 -43.75224008237655
    vertex -10.76127757598069 2.721924665506706 -43.1577228398772
    vertex -9.780188713032505 4.196915630346697 -43.37779405646642
  endloop
endfacet
facet normal -0.364604 0.190008 -0.911571
  outer loop
    vertex -8.75 2.850727277477155 -44.07044184614686
    vertex -9.780188713032505 4.196915630346697 -43.37779405646642
    vertex -8.75 5.650836661434593 -43.48678686526019
  endloop
endfacet
facet normal -0.433349 0.0236296 -0.900916
  outer loop
    vertex -14.12349064332649 1.729628760913738e-15 -41.70348184348592
    vertex -12.4601732750207 1.362908132190375 -42.46780592050943
    vertex -11.43674532166325 1.400597355083836e-15 -42.99583121744734
  endloop
endfacet
facet normal -0.430663 0.0261191 -0.902135
  outer loop
    vertex -12.4601732750207 1.362908132190375 -42.46780592050943
    vertex -9.769591644628592 1.362908828798527 -43.75224008237655
    vertex -11.43674532166325 1.400597355083836e-15 -42.99583121744734
  endloop
endfacet
facet normal -0.429423 0.0801597 -0.899539
  outer loop
    vertex -12.4601732750207 1.362908132190375 -42.46780592050943
    vertex -10.76127757598069 2.721924665506706 -43.1577228398772
    vertex -9.769591644628592 1.362908828798527 -43.75224008237655
  endloop
endfacet
facet normal -0.433274 0.0300764 -0.90076
  outer loop
    vertex -11.43674532166325 1.400597355083836e-15 -42.99583121744734
    vertex -9.769591644628592 1.362908828798527 -43.75224008237655
    vertex -8.75 1.071565949253934e-15 -44.28818059140875
  endloop
endfacet
facet normal -0.376907 0.19925 -0.904567
  outer loop
    vertex -8.75 5.650836661434593 -43.48678686526019
    vertex -9.780188713032505 4.196915630346697 -43.37779405646642
    vertex -10.73333585274394 5.907467259081789 -42.60385962220928
  endloop
endfacet
facet normal -0.398009 0.184783 -0.898579
  outer loop
    vertex -9.780188713032505 4.196915630346697 -43.37779405646642
    vertex -11.74660480040957 4.445266493167809 -42.45573602520324
    vertex -10.73333585274394 5.907467259081789 -42.60385962220928
  endloop
endfacet
facet normal -0.406535 0.1356 -0.903516
  outer loop
    vertex -9.780188713032505 4.196915630346697 -43.37779405646642
    vertex -10.76127757598069 2.721924665506706 -43.1577228398772
    vertex -11.74660480040957 4.445266493167809 -42.45573602520324
  endloop
endfacet
facet normal -0.389079 0.178063 -0.903831
  outer loop
    vertex -10.73333585274394 5.907467259081789 -42.60385962220928
    vertex -11.74660480040957 4.445266493167809 -42.45573602520324
    vertex -12.70931805962141 6.160050520207779 -41.70348184348592
  endloop
endfacet
facet normal -1 0 -0
  outer loop
    vertex -8.75 15.54325012858276 -42.79970510942101
    vertex -8.75 17.77162506429138 -43.59083872362633
    vertex -8.75 15.12790667425933 -45.26565427063732
  endloop
endfacet
facet normal -1 0 0
  outer loop
    vertex -8.75 17.77162506429138 -43.59083872362633
    vertex -8.75 17.35628160996795 -46.05678788484263
    vertex -8.75 15.12790667425933 -45.26565427063732
  endloop
endfacet
facet normal -1 0 -0
  outer loop
    vertex -8.75 17.77162506429138 -43.59083872362633
    vertex -8.75 20 -44.38197233783164
    vertex -8.75 17.35628160996795 -46.05678788484263
  endloop
endfacet
facet normal -1 0 -0
  outer loop
    vertex -8.75 15.12790667425933 -45.26565427063732
    vertex -8.75 17.35628160996795 -46.05678788484263
    vertex -8.75 14.71256321993589 -47.73160343185363
  endloop
endfacet
facet normal -1 -0 0
  outer loop
    vertex -8.75 20 -75.61802766216836
    vertex -8.75 17.77162506429138 -76.40916127637368
    vertex -8.75 17.31312850507455 -73.99964604925827
  endloop
endfacet
facet normal -1 0 0
  outer loop
    vertex -8.75 17.77162506429138 -76.40916127637368
    vertex -8.75 15.08475356936592 -74.7907796634636
    vertex -8.75 17.31312850507455 -73.99964604925827
  endloop
endfacet
facet normal -1 -0 0
  outer loop
    vertex -8.75 17.77162506429138 -76.40916127637368
    vertex -8.75 15.54325012858275 -77.20029489057899
    vertex -8.75 15.08475356936592 -74.7907796634636
  endloop
endfacet
facet normal -1 -0 0
  outer loop
    vertex -8.75 17.31312850507455 -73.99964604925827
    vertex -8.75 15.08475356936592 -74.7907796634636
    vertex -8.75 14.6262570101491 -72.3812644363482
  endloop
endfacet
facet normal -1 0 -0
  outer loop
    vertex -8.75 20 -69.37081659730102
    vertex -8.75 20 -72.49442212973469
    vertex -8.75 17.31312850507455 -70.8760405168246
  endloop
endfacet
facet normal -1 -0 0
  outer loop
    vertex -8.75 20 -72.49442212973469
    vertex -8.75 17.31312850507455 -73.99964604925827
    vertex -8.75 17.31312850507455 -70.8760405168246
  endloop
endfacet
facet normal -1 0 -0
  outer loop
    vertex -8.75 20 -72.49442212973469
    vertex -8.75 20 -75.61802766216836
    vertex -8.75 17.31312850507455 -73.99964604925827
  endloop
endfacet
facet normal -1 0 -0
  outer loop
    vertex -8.75 17.31312850507455 -70.8760405168246
    vertex -8.75 17.31312850507455 -73.99964604925827
    vertex -8.75 14.6262570101491 -72.3812644363482
  endloop
endfacet
facet normal -1 0 -0
  outer loop
    vertex -8.75 20 -44.38197233783164
    vertex -8.75 20 -47.50557787026531
    vertex -8.75 17.35628160996795 -46.05678788484263
  endloop
endfacet
facet normal -1 -0 0
  outer loop
    vertex -8.75 20 -47.50557787026531
    vertex -8.75 17.35628160996795 -49.18039341727631
    vertex -8.75 17.35628160996795 -46.05678788484263
  endloop
endfacet
facet normal -1 0 -0
  outer loop
    vertex -8.75 20 -47.50557787026531
    vertex -8.75 20 -50.62918340269898
    vertex -8.75 17.35628160996795 -49.18039341727631
  endloop
endfacet
facet normal -1 0 -0
  outer loop
    vertex -8.75 17.35628160996795 -46.05678788484263
    vertex -8.75 17.35628160996795 -49.18039341727631
    vertex -8.75 14.71256321993589 -47.73160343185363
  endloop
endfacet
facet normal -1 4.24727e-16 -6.56713e-16
  outer loop
    vertex -8.749999999999998 11.08650025716551 -78.29651815651407
    vertex -8.75 8.391566285494816 -77.33453652564046
    vertex -8.75 10.3446946331873 -76.07135782736292
  endloop
endfacet
facet normal -1 0 0
  outer loop
    vertex -8.75 8.391566285494816 -77.33453652564046
    vertex -8.75 7.626862835321841 -75.17970531647579
    vertex -8.75 10.3446946331873 -76.07135782736292
  endloop
endfacet
facet normal -1 0 0
  outer loop
    vertex -8.75 8.391566285494816 -77.33453652564046
    vertex -8.75 5.650836661434588 -76.5132131347398
    vertex -8.75 7.626862835321841 -75.17970531647579
  endloop
endfacet
facet normal -1 0 0
  outer loop
    vertex -8.75 10.3446946331873 -76.07135782736292
    vertex -8.75 7.626862835321841 -75.17970531647579
    vertex -8.75 9.602889009209093 -73.84619749821178
  endloop
endfacet
facet normal -1 0 0
  outer loop
    vertex -8.75 5.650836661434593 -43.48678686526019
    vertex -8.75 8.391566285494504 -42.66546347435965
    vertex -8.75 7.764678191745022 -44.91763410894582
  endloop
endfacet
facet normal -1 0 -0
  outer loop
    vertex -8.75 8.391566285494504 -42.66546347435965
    vertex -8.75 10.48250998961048 -44.02598189805869
    vertex -8.75 7.764678191745022 -44.91763410894582
  endloop
endfacet
facet normal -1 4.2564e-16 6.54155e-16
  outer loop
    vertex -8.75 8.391566285494504 -42.66546347435965
    vertex -8.749999999999998 11.08650025716551 -41.70348184348592
    vertex -8.75 10.48250998961048 -44.02598189805869
  endloop
endfacet
facet normal -1 0 0
  outer loop
    vertex -8.75 7.764678191745022 -44.91763410894582
    vertex -8.75 10.48250998961048 -44.02598189805869
    vertex -8.75 9.878519722055451 -46.34848135263145
  endloop
endfacet
facet normal -1 0 0
  outer loop
    vertex -8.75 0 -69.42709164515475
    vertex -8.75 0 -66.28472776343651
    vertex -8.75 2.578037484655948 -67.74482778542908
  endloop
endfacet
facet normal -1 0 0
  outer loop
    vertex -8.75 0 -66.28472776343651
    vertex -8.75 2.578037484655948 -64.60246390371083
    vertex -8.75 2.578037484655948 -67.74482778542908
  endloop
endfacet
facet normal -1 0 0
  outer loop
    vertex -8.75 0 -66.28472776343651
    vertex -8.75 0 -63.14236388171825
    vertex -8.75 2.578037484655948 -64.60246390371083
  endloop
endfacet
facet normal -1 0 0
  outer loop
    vertex -8.75 2.578037484655948 -67.74482778542908
    vertex -8.75 2.578037484655948 -64.60246390371083
    vertex -8.75 5.156074969311895 -66.06256392570342
  endloop
endfacet
facet normal -1 0 0
  outer loop
    vertex -8.75 0 -63.14236388171825
    vertex -8.75 0 -59.99999999999999
    vertex -8.75 2.582236824257075 -61.57118194085912
  endloop
endfacet
facet normal -1 0 0
  outer loop
    vertex -8.75 0 -59.99999999999999
    vertex -8.75 2.582236824257075 -58.42881805914087
    vertex -8.75 2.582236824257075 -61.57118194085912
  endloop
endfacet
facet normal -1 0 0
  outer loop
    vertex -8.75 0 -59.99999999999999
    vertex -8.75 0 -56.85763611828174
    vertex -8.75 2.582236824257075 -58.42881805914087
  endloop
endfacet
facet normal -1 0 0
  outer loop
    vertex -8.75 2.582236824257075 -61.57118194085912
    vertex -8.75 2.582236824257075 -58.42881805914087
    vertex -8.75 5.164473648514149 -59.99999999999999
  endloop
endfacet
facet normal -1 0 0
  outer loop
    vertex -8.75 0 -56.85763611828174
    vertex -8.75 0 -53.71527223656349
    vertex -8.75 2.578037484655946 -55.39753609628914
  endloop
endfacet
facet normal -1 0 0
  outer loop
    vertex -8.75 0 -53.71527223656349
    vertex -8.75 2.578037484655946 -52.2551722145709
    vertex -8.75 2.578037484655946 -55.39753609628914
  endloop
endfacet
facet normal -1 0 0
  outer loop
    vertex -8.75 0 -53.71527223656349
    vertex -8.75 0 -50.57290835484524
    vertex -8.75 2.578037484655946 -52.2551722145709
  endloop
endfacet
facet normal -1 0 0
  outer loop
    vertex -8.75 2.578037484655946 -55.39753609628914
    vertex -8.75 2.578037484655946 -52.2551722145709
    vertex -8.75 5.156074969311891 -53.93743607429656
  endloop
endfacet
facet normal -1 0 -0
  outer loop
    vertex -8.75 20 -63.12360553243366
    vertex -8.75 20 -66.24721106486734
    vertex -8.75 17.42070942893687 -64.60183128303464
  endloop
endfacet
facet normal -1 -0 0
  outer loop
    vertex -8.75 20 -66.24721106486734
    vertex -8.75 17.42070942893687 -67.72543681546831
    vertex -8.75 17.42070942893687 -64.60183128303464
  endloop
endfacet
facet normal -1 0 -0
  outer loop
    vertex -8.75 20 -66.24721106486734
    vertex -8.75 20 -69.37081659730102
    vertex -8.75 17.42070942893687 -67.72543681546831
  endloop
endfacet
facet normal -1 0 -0
  outer loop
    vertex -8.75 17.42070942893687 -64.60183128303464
    vertex -8.75 17.42070942893687 -67.72543681546831
    vertex -8.75 14.84141885787375 -66.08005703363563
  endloop
endfacet
facet normal -1 0 -0
  outer loop
    vertex -8.75 20 -50.62918340269898
    vertex -8.75 20 -53.75278893513266
    vertex -8.75 17.42070942893688 -52.27456318453167
  endloop
endfacet
facet normal -1 -0 0
  outer loop
    vertex -8.75 20 -53.75278893513266
    vertex -8.75 17.42070942893688 -55.39816871696534
    vertex -8.75 17.42070942893688 -52.27456318453167
  endloop
endfacet
facet normal -1 0 -0
  outer loop
    vertex -8.75 20 -53.75278893513266
    vertex -8.75 20 -56.87639446756632
    vertex -8.75 17.42070942893688 -55.39816871696534
  endloop
endfacet
facet normal -1 0 -0
  outer loop
    vertex -8.75 17.42070942893688 -52.27456318453167
    vertex -8.75 17.42070942893688 -55.39816871696534
    vertex -8.75 14.84141885787376 -53.91994296636435
  endloop
endfacet
facet normal -1 0 -0
  outer loop
    vertex -8.75 20 -56.87639446756632
    vertex -8.75 20 -59.99999999999999
    vertex -8.75 17.29487825751082 -58.43819723378315
  endloop
endfacet
facet normal -1 -0 0
  outer loop
    vertex -8.75 20 -59.99999999999999
    vertex -8.75 17.29487825751082 -61.56180276621682
    vertex -8.75 17.29487825751082 -58.43819723378315
  endloop
endfacet
facet normal -1 0 -0
  outer loop
    vertex -8.75 20 -59.99999999999999
    vertex -8.75 20 -63.12360553243366
    vertex -8.75 17.29487825751082 -61.56180276621682
  endloop
endfacet
facet normal -1 0 -0
  outer loop
    vertex -8.75 17.29487825751082 -58.43819723378315
    vertex -8.75 17.29487825751082 -61.56180276621682
    vertex -8.75 14.58975651502165 -59.99999999999999
  endloop
endfacet
facet normal -1 0 0
  outer loop
    vertex -8.75 5.650836661434588 -76.5132131347398
    vertex -8.75 2.850727277477162 -75.92955815385314
    vertex -8.75 5.252035667849317 -74.00273359411761
  endloop
endfacet
facet normal -1 0 0
  outer loop
    vertex -8.75 2.850727277477162 -75.92955815385314
    vertex -8.75 2.426617337132022 -73.60203673104334
    vertex -8.75 5.252035667849317 -74.00273359411761
  endloop
endfacet
facet normal -1 0 0
  outer loop
    vertex -8.75 2.850727277477162 -75.92955815385314
    vertex -8.75 1.071565949253934e-15 -75.71181940859125
    vertex -8.75 2.426617337132022 -73.60203673104334
  endloop
endfacet
facet normal -1 0 0
  outer loop
    vertex -8.75 5.252035667849317 -74.00273359411761
    vertex -8.75 2.426617337132022 -73.60203673104334
    vertex -8.75 4.853234674264044 -71.49225405349542
  endloop
endfacet
facet normal -1 0 0
  outer loop
    vertex -8.75 1.071565949253934e-15 -44.28818059140875
    vertex -8.75 2.850727277477155 -44.07044184614686
    vertex -8.75 2.432596415138718 -46.40218631080648
  endloop
endfacet
facet normal -1 0 -0
  outer loop
    vertex -8.75 2.850727277477155 -44.07044184614686
    vertex -8.75 5.258014745856014 -46.0014894477322
    vertex -8.75 2.432596415138718 -46.40218631080648
  endloop
endfacet
facet normal -1 0 0
  outer loop
    vertex -8.75 2.850727277477155 -44.07044184614686
    vertex -8.75 5.650836661434593 -43.48678686526019
    vertex -8.75 5.258014745856014 -46.0014894477322
  endloop
endfacet
facet normal -1 0 0
  outer loop
    vertex -8.75 2.432596415138718 -46.40218631080648
    vertex -8.75 5.258014745856014 -46.0014894477322
    vertex -8.75 4.865192830277437 -48.51619203020421
  endloop
endfacet
facet normal -1 0 0
  outer loop
    vertex -8.75 1.071565949253934e-15 -75.71181940859125
    vertex -8.75 0 -72.569455526873
    vertex -8.75 2.426617337132022 -73.60203673104334
  endloop
endfacet
facet normal -1 0 0
  outer loop
    vertex -8.75 0 -72.569455526873
    vertex -8.75 2.426617337132022 -70.45967284932509
    vertex -8.75 2.426617337132022 -73.60203673104334
  endloop
endfacet
facet normal -1 0 0
  outer loop
    vertex -8.75 0 -72.569455526873
    vertex -8.75 0 -69.42709164515475
    vertex -8.75 2.426617337132022 -70.45967284932509
  endloop
endfacet
facet normal -1 0 0
  outer loop
    vertex -8.75 2.426617337132022 -73.60203673104334
    vertex -8.75 2.426617337132022 -70.45967284932509
    vertex -8.75 4.853234674264044 -71.49225405349542
  endloop
endfacet
facet normal -1 0 0
  outer loop
    vertex -8.75 0 -50.57290835484524
    vertex -8.75 0 -47.43054447312699
    vertex -8.75 2.432596415138718 -49.54455019252472
  endloop
endfacet
facet normal -1 0 0
  outer loop
    vertex -8.75 0 -47.43054447312699
    vertex -8.75 2.432596415138718 -46.40218631080648
    vertex -8.75 2.432596415138718 -49.54455019252472
  endloop
endfacet
facet normal -1 0 0
  outer loop
    vertex -8.75 0 -47.43054447312699
    vertex -8.75 1.071565949253934e-15 -44.28818059140875
    vertex -8.75 2.432596415138718 -46.40218631080648
  endloop
endfacet
facet normal -1 0 0
  outer loop
    vertex -8.75 2.432596415138718 -49.54455019252472
    vertex -8.75 2.432596415138718 -46.40218631080648
    vertex -8.75 4.865192830277437 -48.51619203020421
  endloop
endfacet
facet normal -1 0 0
  outer loop
    vertex -8.75 0 -56.85763611828174
    vertex -8.75 2.578037484655946 -55.39753609628914
    vertex -8.75 2.582236824257075 -58.42881805914087
  endloop
endfacet
facet normal -1 0 0
  outer loop
    vertex -8.75 2.578037484655946 -55.39753609628914
    vertex -8.75 5.160274308913021 -56.96871803714828
    vertex -8.75 2.582236824257075 -58.42881805914087
  endloop
endfacet
facet normal -1 0 0
  outer loop
    vertex -8.75 2.578037484655946 -55.39753609628914
    vertex -8.75 5.156074969311891 -53.93743607429656
    vertex -8.75 5.160274308913021 -56.96871803714828
  endloop
endfacet
facet normal -1 0 0
  outer loop
    vertex -8.75 2.582236824257075 -58.42881805914087
    vertex -8.75 5.160274308913021 -56.96871803714828
    vertex -8.75 5.164473648514149 -59.99999999999999
  endloop
endfacet
facet normal -1 0 0
  outer loop
    vertex -8.75 5.156074969311895 -66.06256392570342
    vertex -8.75 2.578037484655948 -64.60246390371083
    vertex -8.75 5.160274308913023 -63.03128196285171
  endloop
endfacet
facet normal -1 0 0
  outer loop
    vertex -8.75 2.578037484655948 -64.60246390371083
    vertex -8.75 2.582236824257075 -61.57118194085912
    vertex -8.75 5.160274308913023 -63.03128196285171
  endloop
endfacet
facet normal -1 0 0
  outer loop
    vertex -8.75 2.578037484655948 -64.60246390371083
    vertex -8.75 0 -63.14236388171825
    vertex -8.75 2.582236824257075 -61.57118194085912
  endloop
endfacet
facet normal -1 0 0
  outer loop
    vertex -8.75 5.160274308913023 -63.03128196285171
    vertex -8.75 2.582236824257075 -61.57118194085912
    vertex -8.75 5.164473648514149 -59.99999999999999
  endloop
endfacet
facet normal -1 0 0
  outer loop
    vertex -8.75 14.58975651502165 -59.99999999999999
    vertex -8.75 17.29487825751082 -61.56180276621682
    vertex -8.75 14.7155876864477 -63.04002851681781
  endloop
endfacet
facet normal -1 0 -0
  outer loop
    vertex -8.75 17.29487825751082 -61.56180276621682
    vertex -8.75 17.42070942893687 -64.60183128303464
    vertex -8.75 14.7155876864477 -63.04002851681781
  endloop
endfacet
facet normal -1 0 0
  outer loop
    vertex -8.75 17.29487825751082 -61.56180276621682
    vertex -8.75 20 -63.12360553243366
    vertex -8.75 17.42070942893687 -64.60183128303464
  endloop
endfacet
facet normal -1 0 0
  outer loop
    vertex -8.75 14.7155876864477 -63.04002851681781
    vertex -8.75 17.42070942893687 -64.60183128303464
    vertex -8.75 14.84141885787375 -66.08005703363563
  endloop
endfacet
facet normal -1 -0 0
  outer loop
    vertex -8.75 20 -56.87639446756632
    vertex -8.75 17.29487825751082 -58.43819723378315
    vertex -8.75 17.42070942893688 -55.39816871696534
  endloop
endfacet
facet normal -1 0 0
  outer loop
    vertex -8.75 17.29487825751082 -58.43819723378315
    vertex -8.75 14.7155876864477 -56.95997148318217
    vertex -8.75 17.42070942893688 -55.39816871696534
  endloop
endfacet
facet normal -1 -0 0
  outer loop
    vertex -8.75 17.29487825751082 -58.43819723378315
    vertex -8.75 14.58975651502165 -59.99999999999999
    vertex -8.75 14.7155876864477 -56.95997148318217
  endloop
endfacet
facet normal -1 -0 0
  outer loop
    vertex -8.75 17.42070942893688 -55.39816871696534
    vertex -8.75 14.7155876864477 -56.95997148318217
    vertex -8.75 14.84141885787376 -53.91994296636435
  endloop
endfacet
facet normal -1 0 -0
  outer loop
    vertex -8.75 14.84141885787375 -66.08005703363563
    vertex -8.75 17.42070942893687 -67.72543681546831
    vertex -8.75 14.73383793401143 -69.23066073499191
  endloop
endfacet
facet normal -1 0 0
  outer loop
    vertex -8.75 17.42070942893687 -67.72543681546831
    vertex -8.75 17.31312850507455 -70.8760405168246
    vertex -8.75 14.73383793401143 -69.23066073499191
  endloop
endfacet
facet normal -1 0 -0
  outer loop
    vertex -8.75 17.42070942893687 -67.72543681546831
    vertex -8.75 20 -69.37081659730102
    vertex -8.75 17.31312850507455 -70.8760405168246
  endloop
endfacet
facet normal -1 0 -0
  outer loop
    vertex -8.75 14.73383793401143 -69.23066073499191
    vertex -8.75 17.31312850507455 -70.8760405168246
    vertex -8.75 14.6262570101491 -72.3812644363482
  endloop
endfacet
facet normal -1 -0 0
  outer loop
    vertex -8.75 20 -50.62918340269898
    vertex -8.75 17.42070942893688 -52.27456318453167
    vertex -8.75 17.35628160996795 -49.18039341727631
  endloop
endfacet
facet normal -1 0 0
  outer loop
    vertex -8.75 17.42070942893688 -52.27456318453167
    vertex -8.75 14.77699103890482 -50.82577319910899
    vertex -8.75 17.35628160996795 -49.18039341727631
  endloop
endfacet
facet normal -1 -0 0
  outer loop
    vertex -8.75 17.42070942893688 -52.27456318453167
    vertex -8.75 14.84141885787376 -53.91994296636435
    vertex -8.75 14.77699103890482 -50.82577319910899
  endloop
endfacet
facet normal -1 -0 0
  outer loop
    vertex -8.75 17.35628160996795 -49.18039341727631
    vertex -8.75 14.77699103890482 -50.82577319910899
    vertex -8.75 14.71256321993589 -47.73160343185363
  endloop
endfacet
facet normal -1 0 0
  outer loop
    vertex -8.75 0 -69.42709164515475
    vertex -8.75 2.578037484655948 -67.74482778542908
    vertex -8.75 2.426617337132022 -70.45967284932509
  endloop
endfacet
facet normal -1 0 -0
  outer loop
    vertex -8.75 2.578037484655948 -67.74482778542908
    vertex -8.75 5.00465482178797 -68.77740898959942
    vertex -8.75 2.426617337132022 -70.45967284932509
  endloop
endfacet
facet normal -1 0 0
  outer loop
    vertex -8.75 2.578037484655948 -67.74482778542908
    vertex -8.75 5.156074969311895 -66.06256392570342
    vertex -8.75 5.00465482178797 -68.77740898959942
  endloop
endfacet
facet normal -1 0 0
  outer loop
    vertex -8.75 2.426617337132022 -70.45967284932509
    vertex -8.75 5.00465482178797 -68.77740898959942
    vertex -8.75 4.853234674264044 -71.49225405349542
  endloop
endfacet
facet normal -1 0 0
  outer loop
    vertex -8.75 5.156074969311891 -53.93743607429656
    vertex -8.75 2.578037484655946 -52.2551722145709
    vertex -8.75 5.010633899794664 -51.22681405225038
  endloop
endfacet
facet normal -1 0 0
  outer loop
    vertex -8.75 2.578037484655946 -52.2551722145709
    vertex -8.75 2.432596415138718 -49.54455019252472
    vertex -8.75 5.010633899794664 -51.22681405225038
  endloop
endfacet
facet normal -1 0 0
  outer loop
    vertex -8.75 2.578037484655946 -52.2551722145709
    vertex -8.75 0 -50.57290835484524
    vertex -8.75 2.432596415138718 -49.54455019252472
  endloop
endfacet
facet normal -1 0 0
  outer loop
    vertex -8.75 5.010633899794664 -51.22681405225038
    vertex -8.75 2.432596415138718 -49.54455019252472
    vertex -8.75 4.865192830277437 -48.51619203020421
  endloop
endfacet
facet normal -1 0 0
  outer loop
    vertex -8.75 9.988907953815414 -56.92676922754704
    vertex -8.75 12.28933223441853 -58.46338461377351
    vertex -8.75 9.990667959885574 -60.01137581809755
  endloop
endfacet
facet normal -1 0 -0
  outer loop
    vertex -8.75 12.28933223441853 -58.46338461377351
    vertex -8.75 12.29109224048869 -61.54799120432402
    vertex -8.75 9.990667959885574 -60.01137581809755
  endloop
endfacet
facet normal -1 0 0
  outer loop
    vertex -8.75 12.28933223441853 -58.46338461377351
    vertex -8.75 14.58975651502165 -59.99999999999999
    vertex -8.75 12.29109224048869 -61.54799120432402
  endloop
endfacet
facet normal -1 0 0
  outer loop
    vertex -8.75 9.990667959885574 -60.01137581809755
    vertex -8.75 12.29109224048869 -61.54799120432402
    vertex -8.75 9.992427965955732 -63.09598240864805
  endloop
endfacet
facet normal -1 0 0
  outer loop
    vertex -8.75 5.164473648514149 -59.99999999999999
    vertex -8.75 5.160274308913021 -56.96871803714828
    vertex -8.75 7.576690801164782 -58.46338461377351
  endloop
endfacet
facet normal -1 0 0
  outer loop
    vertex -8.75 5.160274308913021 -56.96871803714828
    vertex -8.75 7.572491461563652 -55.43210265092181
    vertex -8.75 7.576690801164782 -58.46338461377351
  endloop
endfacet
facet normal -1 0 0
  outer loop
    vertex -8.75 5.160274308913021 -56.96871803714828
    vertex -8.75 5.156074969311891 -53.93743607429656
    vertex -8.75 7.572491461563652 -55.43210265092181
  endloop
endfacet
facet normal -1 0 0
  outer loop
    vertex -8.75 7.576690801164782 -58.46338461377351
    vertex -8.75 7.572491461563652 -55.43210265092181
    vertex -8.75 9.988907953815414 -56.92676922754704
  endloop
endfacet
facet normal -1 0 0
  outer loop
    vertex -8.75 5.156074969311895 -66.06256392570342
    vertex -8.75 5.160274308913023 -63.03128196285171
    vertex -8.75 7.574251467633814 -64.57927316717573
  endloop
endfacet
facet normal -1 0 0
  outer loop
    vertex -8.75 5.160274308913023 -63.03128196285171
    vertex -8.75 7.578450807234941 -61.54799120432402
    vertex -8.75 7.574251467633814 -64.57927316717573
  endloop
endfacet
facet normal -1 0 0
  outer loop
    vertex -8.75 5.160274308913023 -63.03128196285171
    vertex -8.75 5.164473648514149 -59.99999999999999
    vertex -8.75 7.578450807234941 -61.54799120432402
  endloop
endfacet
facet normal -1 0 0
  outer loop
    vertex -8.75 7.574251467633814 -64.57927316717573
    vertex -8.75 7.578450807234941 -61.54799120432402
    vertex -8.75 9.992427965955732 -63.09598240864805
  endloop
endfacet
facet normal -1 0 0
  outer loop
    vertex -8.75 5.164473648514149 -59.99999999999999
    vertex -8.75 7.576690801164782 -58.46338461377351
    vertex -8.75 7.578450807234941 -61.54799120432402
  endloop
endfacet
facet normal -1 0 0
  outer loop
    vertex -8.75 7.576690801164782 -58.46338461377351
    vertex -8.75 9.990667959885574 -60.01137581809755
    vertex -8.75 7.578450807234941 -61.54799120432402
  endloop
endfacet
facet normal -1 0 0
  outer loop
    vertex -8.75 7.576690801164782 -58.46338461377351
    vertex -8.75 9.988907953815414 -56.92676922754704
    vertex -8.75 9.990667959885574 -60.01137581809755
  endloop
endfacet
facet normal -1 0 0
  outer loop
    vertex -8.75 7.578450807234941 -61.54799120432402
    vertex -8.75 9.990667959885574 -60.01137581809755
    vertex -8.75 9.992427965955732 -63.09598240864805
  endloop
endfacet
facet normal -1 -5.85026e-16 8.62413e-16
  outer loop
    vertex -8.749999999999998 11.08650025716551 -41.70348184348592
    vertex -8.75 13.31487519287414 -42.25159377645347
    vertex -8.75 11.93060466537283 -43.19062733126334
  endloop
endfacet
facet normal -1 0 -0
  outer loop
    vertex -8.75 13.31487519287414 -42.25159377645347
    vertex -8.75 14.15897960108145 -43.73873866423089
    vertex -8.75 11.93060466537283 -43.19062733126334
  endloop
endfacet
facet normal -1 0 0
  outer loop
    vertex -8.75 13.31487519287414 -42.25159377645347
    vertex -8.75 15.54325012858276 -42.79970510942101
    vertex -8.75 14.15897960108145 -43.73873866423089
  endloop
endfacet
facet normal -1 0 0
  outer loop
    vertex -8.75 11.93060466537283 -43.19062733126334
    vertex -8.75 14.15897960108145 -43.73873866423089
    vertex -8.75 12.77470907358015 -44.67777221904076
  endloop
endfacet
facet normal -1 0 -0
  outer loop
    vertex -8.75 14.58975651502165 -59.99999999999999
    vertex -8.75 14.7155876864477 -63.04002851681781
    vertex -8.75 12.29109224048869 -61.54799120432402
  endloop
endfacet
facet normal -1 -0 0
  outer loop
    vertex -8.75 14.7155876864477 -63.04002851681781
    vertex -8.75 12.41692341191474 -64.58801972114185
    vertex -8.75 12.29109224048869 -61.54799120432402
  endloop
endfacet
facet normal -1 0 -0
  outer loop
    vertex -8.75 14.7155876864477 -63.04002851681781
    vertex -8.75 14.84141885787375 -66.08005703363563
    vertex -8.75 12.41692341191474 -64.58801972114185
  endloop
endfacet
facet normal -1 0 -0
  outer loop
    vertex -8.75 12.29109224048869 -61.54799120432402
    vertex -8.75 12.41692341191474 -64.58801972114185
    vertex -8.75 9.992427965955732 -63.09598240864805
  endloop
endfacet
facet normal -1 0 0
  outer loop
    vertex -8.75 14.84141885787376 -53.91994296636435
    vertex -8.75 14.7155876864477 -56.95997148318217
    vertex -8.75 12.41516340584458 -55.4233560969557
  endloop
endfacet
facet normal -1 -0 0
  outer loop
    vertex -8.75 14.7155876864477 -56.95997148318217
    vertex -8.75 12.28933223441853 -58.46338461377351
    vertex -8.75 12.41516340584458 -55.4233560969557
  endloop
endfacet
facet normal -1 0 0
  outer loop
    vertex -8.75 14.7155876864477 -56.95997148318217
    vertex -8.75 14.58975651502165 -59.99999999999999
    vertex -8.75 12.28933223441853 -58.46338461377351
  endloop
endfacet
facet normal -1 0 0
  outer loop
    vertex -8.75 12.41516340584458 -55.4233560969557
    vertex -8.75 12.28933223441853 -58.46338461377351
    vertex -8.75 9.988907953815414 -56.92676922754704
  endloop
endfacet
facet normal -1 -0 0
  outer loop
    vertex -8.75 15.54325012858275 -77.20029489057899
    vertex -8.75 13.31487519287413 -77.74840652354652
    vertex -8.75 14.12898711492968 -76.31568181799612
  endloop
endfacet
facet normal -1 0 0
  outer loop
    vertex -8.75 13.31487519287413 -77.74840652354652
    vertex -8.75 11.90061217922106 -76.86379345096367
    vertex -8.75 14.12898711492968 -76.31568181799612
  endloop
endfacet
facet normal -1 -5.72158e-16 -9.1473e-16
  outer loop
    vertex -8.75 13.31487519287413 -77.74840652354652
    vertex -8.749999999999998 11.08650025716551 -78.29651815651407
    vertex -8.75 11.90061217922106 -76.86379345096367
  endloop
endfacet
facet normal -1 -0 0
  outer loop
    vertex -8.75 14.12898711492968 -76.31568181799612
    vertex -8.75 11.90061217922106 -76.86379345096367
    vertex -8.75 12.71472410127661 -75.43106874541326
  endloop
endfacet
facet normal -1 0 0
  outer loop
    vertex -8.75 9.878519722055451 -46.34848135263145
    vertex -8.75 12.29554147099567 -47.04004239224254
    vertex -8.75 9.892816323800211 -48.78927609989049
  endloop
endfacet
facet normal -1 0 -0
  outer loop
    vertex -8.75 12.29554147099567 -47.04004239224254
    vertex -8.75 12.30983807274043 -49.48083713950159
    vertex -8.75 9.892816323800211 -48.78927609989049
  endloop
endfacet
facet normal -1 0 0
  outer loop
    vertex -8.75 12.29554147099567 -47.04004239224254
    vertex -8.75 14.71256321993589 -47.73160343185363
    vertex -8.75 12.30983807274043 -49.48083713950159
  endloop
endfacet
facet normal -1 0 0
  outer loop
    vertex -8.75 9.892816323800211 -48.78927609989049
    vertex -8.75 12.30983807274043 -49.48083713950159
    vertex -8.75 9.907112925544974 -51.23007084714954
  endloop
endfacet
facet normal -1 -0 0
  outer loop
    vertex -8.75 14.6262570101491 -72.3812644363482
    vertex -8.75 12.1145730096791 -73.11373096727999
    vertex -8.75 12.2933104604735 -70.56865699499318
  endloop
endfacet
facet normal -1 0 0
  outer loop
    vertex -8.75 12.1145730096791 -73.11373096727999
    vertex -8.75 9.781626460003498 -71.30112352592496
    vertex -8.75 12.2933104604735 -70.56865699499318
  endloop
endfacet
facet normal -1 -0 0
  outer loop
    vertex -8.75 12.1145730096791 -73.11373096727999
    vertex -8.75 9.602889009209093 -73.84619749821178
    vertex -8.75 9.781626460003498 -71.30112352592496
  endloop
endfacet
facet normal -1 -0 0
  outer loop
    vertex -8.75 12.2933104604735 -70.56865699499318
    vertex -8.75 9.781626460003498 -71.30112352592496
    vertex -8.75 9.960363910797902 -68.75604955363816
  endloop
endfacet
facet normal -1 0 0
  outer loop
    vertex -8.75 14.84141885787375 -66.08005703363563
    vertex -8.75 14.73383793401143 -69.23066073499191
    vertex -8.75 12.40089138433583 -67.4180532936369
  endloop
endfacet
facet normal -1 -0 0
  outer loop
    vertex -8.75 14.73383793401143 -69.23066073499191
    vertex -8.75 12.2933104604735 -70.56865699499318
    vertex -8.75 12.40089138433583 -67.4180532936369
  endloop
endfacet
facet normal -1 0 0
  outer loop
    vertex -8.75 14.73383793401143 -69.23066073499191
    vertex -8.75 14.6262570101491 -72.3812644363482
    vertex -8.75 12.2933104604735 -70.56865699499318
  endloop
endfacet
facet normal -1 0 0
  outer loop
    vertex -8.75 12.40089138433583 -67.4180532936369
    vertex -8.75 12.2933104604735 -70.56865699499318
    vertex -8.75 9.960363910797902 -68.75604955363816
  endloop
endfacet
facet normal -1 0 -0
  outer loop
    vertex -8.75 14.71256321993589 -47.73160343185363
    vertex -8.75 14.77699103890482 -50.82577319910899
    vertex -8.75 12.30983807274043 -49.48083713950159
  endloop
endfacet
facet normal -1 -0 0
  outer loop
    vertex -8.75 14.77699103890482 -50.82577319910899
    vertex -8.75 12.37426589170936 -52.57500690675695
    vertex -8.75 12.30983807274043 -49.48083713950159
  endloop
endfacet
facet normal -1 0 -0
  outer loop
    vertex -8.75 14.77699103890482 -50.82577319910899
    vertex -8.75 14.84141885787376 -53.91994296636435
    vertex -8.75 12.37426589170936 -52.57500690675695
  endloop
endfacet
facet normal -1 0 -0
  outer loop
    vertex -8.75 12.30983807274043 -49.48083713950159
    vertex -8.75 12.37426589170936 -52.57500690675695
    vertex -8.75 9.907112925544974 -51.23007084714954
  endloop
endfacet
facet normal -1 0 0
  outer loop
    vertex -8.75 4.865192830277437 -48.51619203020421
    vertex -8.75 7.371856276166444 -47.43233669141783
    vertex -8.75 7.386152877911204 -49.87313143867688
  endloop
endfacet
facet normal -1 0 0
  outer loop
    vertex -8.75 7.371856276166444 -47.43233669141783
    vertex -8.75 9.892816323800211 -48.78927609989049
    vertex -8.75 7.386152877911204 -49.87313143867688
  endloop
endfacet
facet normal -1 0 0
  outer loop
    vertex -8.75 7.371856276166444 -47.43233669141783
    vertex -8.75 9.878519722055451 -46.34848135263145
    vertex -8.75 9.892816323800211 -48.78927609989049
  endloop
endfacet
facet normal -1 0 0
  outer loop
    vertex -8.75 7.386152877911204 -49.87313143867688
    vertex -8.75 9.892816323800211 -48.78927609989049
    vertex -8.75 9.907112925544974 -51.23007084714954
  endloop
endfacet
facet normal -1 0 0
  outer loop
    vertex -8.75 9.602889009209093 -73.84619749821178
    vertex -8.75 7.228061841736569 -72.66922577585359
    vertex -8.75 9.781626460003498 -71.30112352592496
  endloop
endfacet
facet normal -1 0 0
  outer loop
    vertex -8.75 7.228061841736569 -72.66922577585359
    vertex -8.75 7.406799292530973 -70.12415180356679
    vertex -8.75 9.781626460003498 -71.30112352592496
  endloop
endfacet
facet normal -1 0 0
  outer loop
    vertex -8.75 7.228061841736569 -72.66922577585359
    vertex -8.75 4.853234674264044 -71.49225405349542
    vertex -8.75 7.406799292530973 -70.12415180356679
  endloop
endfacet
facet normal -1 0 0
  outer loop
    vertex -8.75 9.781626460003498 -71.30112352592496
    vertex -8.75 7.406799292530973 -70.12415180356679
    vertex -8.75 9.960363910797902 -68.75604955363816
  endloop
endfacet
facet normal -1 0 0
  outer loop
    vertex -8.75 5.156074969311891 -53.93743607429656
    vertex -8.75 5.010633899794664 -51.22681405225038
    vertex -8.75 7.531593947428432 -52.58375346072305
  endloop
endfacet
facet normal -1 0 0
  outer loop
    vertex -8.75 5.010633899794664 -51.22681405225038
    vertex -8.75 7.386152877911204 -49.87313143867688
    vertex -8.75 7.531593947428432 -52.58375346072305
  endloop
endfacet
facet normal -1 0 0
  outer loop
    vertex -8.75 5.010633899794664 -51.22681405225038
    vertex -8.75 4.865192830277437 -48.51619203020421
    vertex -8.75 7.386152877911204 -49.87313143867688
  endloop
endfacet
facet normal -1 0 0
  outer loop
    vertex -8.75 7.531593947428432 -52.58375346072305
    vertex -8.75 7.386152877911204 -49.87313143867688
    vertex -8.75 9.907112925544974 -51.23007084714954
  endloop
endfacet
facet normal -1 0 0
  outer loop
    vertex -8.75 4.853234674264044 -71.49225405349542
    vertex -8.75 5.00465482178797 -68.77740898959942
    vertex -8.75 7.406799292530973 -70.12415180356679
  endloop
endfacet
facet normal -1 0 0
  outer loop
    vertex -8.75 5.00465482178797 -68.77740898959942
    vertex -8.75 7.558219440054899 -67.4093067396708
    vertex -8.75 7.406799292530973 -70.12415180356679
  endloop
endfacet
facet normal -1 0 0
  outer loop
    vertex -8.75 5.00465482178797 -68.77740898959942
    vertex -8.75 5.156074969311895 -66.06256392570342
    vertex -8.75 7.558219440054899 -67.4093067396708
  endloop
endfacet
facet normal -1 0 0
  outer loop
    vertex -8.75 7.406799292530973 -70.12415180356679
    vertex -8.75 7.558219440054899 -67.4093067396708
    vertex -8.75 9.960363910797902 -68.75604955363816
  endloop
endfacet
facet normal -1 0 -0
  outer loop
    vertex -8.75 14.6262570101491 -72.3812644363482
    vertex -8.75 15.08475356936592 -74.7907796634636
    vertex -8.75 13.67049055571286 -73.90616659088073
  endloop
endfacet
facet normal -1 -0 0
  outer loop
    vertex -8.75 15.08475356936592 -74.7907796634636
    vertex -8.75 14.12898711492968 -76.31568181799612
    vertex -8.75 13.67049055571286 -73.90616659088073
  endloop
endfacet
facet normal -1 0 -0
  outer loop
    vertex -8.75 15.08475356936592 -74.7907796634636
    vertex -8.75 15.54325012858275 -77.20029489057899
    vertex -8.75 14.12898711492968 -76.31568181799612
  endloop
endfacet
facet normal -1 0 -0
  outer loop
    vertex -8.75 13.67049055571286 -73.90616659088073
    vertex -8.75 14.12898711492968 -76.31568181799612
    vertex -8.75 12.71472410127661 -75.43106874541326
  endloop
endfacet
facet normal -1 0 0
  outer loop
    vertex -8.75 5.156074969311895 -66.06256392570342
    vertex -8.75 7.574251467633814 -64.57927316717573
    vertex -8.75 7.558219440054899 -67.4093067396708
  endloop
endfacet
facet normal -1 0 -0
  outer loop
    vertex -8.75 7.574251467633814 -64.57927316717573
    vertex -8.75 9.976395938376818 -65.92601598114311
    vertex -8.75 7.558219440054899 -67.4093067396708
  endloop
endfacet
facet normal -1 0 0
  outer loop
    vertex -8.75 7.574251467633814 -64.57927316717573
    vertex -8.75 9.992427965955732 -63.09598240864805
    vertex -8.75 9.976395938376818 -65.92601598114311
  endloop
endfacet
facet normal -1 0 0
  outer loop
    vertex -8.75 7.558219440054899 -67.4093067396708
    vertex -8.75 9.976395938376818 -65.92601598114311
    vertex -8.75 9.960363910797902 -68.75604955363816
  endloop
endfacet
facet normal -1 0 0
  outer loop
    vertex -8.75 9.988907953815414 -56.92676922754704
    vertex -8.75 7.572491461563652 -55.43210265092181
    vertex -8.75 9.948010439680193 -54.07842003734829
  endloop
endfacet
facet normal -1 0 0
  outer loop
    vertex -8.75 7.572491461563652 -55.43210265092181
    vertex -8.75 7.531593947428432 -52.58375346072305
    vertex -8.75 9.948010439680193 -54.07842003734829
  endloop
endfacet
facet normal -1 0 0
  outer loop
    vertex -8.75 7.572491461563652 -55.43210265092181
    vertex -8.75 5.156074969311891 -53.93743607429656
    vertex -8.75 7.531593947428432 -52.58375346072305
  endloop
endfacet
facet normal -1 0 0
  outer loop
    vertex -8.75 9.948010439680193 -54.07842003734829
    vertex -8.75 7.531593947428432 -52.58375346072305
    vertex -8.75 9.907112925544974 -51.23007084714954
  endloop
endfacet
facet normal -1 -0 0
  outer loop
    vertex -8.75 14.84141885787376 -53.91994296636435
    vertex -8.75 12.41516340584458 -55.4233560969557
    vertex -8.75 12.37426589170936 -52.57500690675695
  endloop
endfacet
facet normal -1 0 0
  outer loop
    vertex -8.75 12.41516340584458 -55.4233560969557
    vertex -8.75 9.948010439680193 -54.07842003734829
    vertex -8.75 12.37426589170936 -52.57500690675695
  endloop
endfacet
facet normal -1 -0 0
  outer loop
    vertex -8.75 12.41516340584458 -55.4233560969557
    vertex -8.75 9.988907953815414 -56.92676922754704
    vertex -8.75 9.948010439680193 -54.07842003734829
  endloop
endfacet
facet normal -1 -0 0
  outer loop
    vertex -8.75 12.37426589170936 -52.57500690675695
    vertex -8.75 9.948010439680193 -54.07842003734829
    vertex -8.75 9.907112925544974 -51.23007084714954
  endloop
endfacet
facet normal -1 0 -0
  outer loop
    vertex -8.75 9.992427965955732 -63.09598240864805
    vertex -8.75 12.41692341191474 -64.58801972114185
    vertex -8.75 9.976395938376818 -65.92601598114311
  endloop
endfacet
facet normal -1 0 0
  outer loop
    vertex -8.75 12.41692341191474 -64.58801972114185
    vertex -8.75 12.40089138433583 -67.4180532936369
    vertex -8.75 9.976395938376818 -65.92601598114311
  endloop
endfacet
facet normal -1 0 -0
  outer loop
    vertex -8.75 12.41692341191474 -64.58801972114185
    vertex -8.75 14.84141885787375 -66.08005703363563
    vertex -8.75 12.40089138433583 -67.4180532936369
  endloop
endfacet
facet normal -1 0 -0
  outer loop
    vertex -8.75 9.976395938376818 -65.92601598114311
    vertex -8.75 12.40089138433583 -67.4180532936369
    vertex -8.75 9.960363910797902 -68.75604955363816
  endloop
endfacet
facet normal -1 -0 0
  outer loop
    vertex -8.75 9.602889009209093 -73.84619749821178
    vertex -8.75 7.626862835321841 -75.17970531647579
    vertex -8.75 7.228061841736569 -72.66922577585359
  endloop
endfacet
facet normal -1 0 0
  outer loop
    vertex -8.75 7.626862835321841 -75.17970531647579
    vertex -8.75 5.252035667849317 -74.00273359411761
    vertex -8.75 7.228061841736569 -72.66922577585359
  endloop
endfacet
facet normal -1 -0 0
  outer loop
    vertex -8.75 7.626862835321841 -75.17970531647579
    vertex -8.75 5.650836661434588 -76.5132131347398
    vertex -8.75 5.252035667849317 -74.00273359411761
  endloop
endfacet
facet normal -1 -0 0
  outer loop
    vertex -8.75 7.228061841736569 -72.66922577585359
    vertex -8.75 5.252035667849317 -74.00273359411761
    vertex -8.75 4.853234674264044 -71.49225405349542
  endloop
endfacet
facet normal -1 0 -0
  outer loop
    vertex -8.75 5.650836661434593 -43.48678686526019
    vertex -8.75 7.764678191745022 -44.91763410894582
    vertex -8.75 5.258014745856014 -46.0014894477322
  endloop
endfacet
facet normal -1 0 0
  outer loop
    vertex -8.75 7.764678191745022 -44.91763410894582
    vertex -8.75 7.371856276166444 -47.43233669141783
    vertex -8.75 5.258014745856014 -46.0014894477322
  endloop
endfacet
facet normal -1 0 -0
  outer loop
    vertex -8.75 7.764678191745022 -44.91763410894582
    vertex -8.75 9.878519722055451 -46.34848135263145
    vertex -8.75 7.371856276166444 -47.43233669141783
  endloop
endfacet
facet normal -1 0 -0
  outer loop
    vertex -8.75 5.258014745856014 -46.0014894477322
    vertex -8.75 7.371856276166444 -47.43233669141783
    vertex -8.75 4.865192830277437 -48.51619203020421
  endloop
endfacet
facet normal -1 0 0
  outer loop
    vertex -8.75 15.54325012858276 -42.79970510942101
    vertex -8.75 15.12790667425933 -45.26565427063732
    vertex -8.75 14.15897960108145 -43.73873866423089
  endloop
endfacet
facet normal -1 -0 0
  outer loop
    vertex -8.75 15.12790667425933 -45.26565427063732
    vertex -8.75 13.74363614675802 -46.20468782544719
    vertex -8.75 14.15897960108145 -43.73873866423089
  endloop
endfacet
facet normal -1 0 0
  outer loop
    vertex -8.75 15.12790667425933 -45.26565427063732
    vertex -8.75 14.71256321993589 -47.73160343185363
    vertex -8.75 13.74363614675802 -46.20468782544719
  endloop
endfacet
facet normal -1 0 0
  outer loop
    vertex -8.75 14.15897960108145 -43.73873866423089
    vertex -8.75 13.74363614675802 -46.20468782544719
    vertex -8.75 12.77470907358015 -44.67777221904076
  endloop
endfacet
facet normal -1 0 0
  outer loop
    vertex -8.75 14.71256321993589 -47.73160343185363
    vertex -8.75 12.29554147099567 -47.04004239224254
    vertex -8.75 13.74363614675802 -46.20468782544719
  endloop
endfacet
facet normal -1 0 0
  outer loop
    vertex -8.75 12.29554147099567 -47.04004239224254
    vertex -8.75 11.3266143978178 -45.5131267858361
    vertex -8.75 13.74363614675802 -46.20468782544719
  endloop
endfacet
facet normal -1 0 0
  outer loop
    vertex -8.75 12.29554147099567 -47.04004239224254
    vertex -8.75 9.878519722055451 -46.34848135263145
    vertex -8.75 11.3266143978178 -45.5131267858361
  endloop
endfacet
facet normal -1 0 0
  outer loop
    vertex -8.75 13.74363614675802 -46.20468782544719
    vertex -8.75 11.3266143978178 -45.5131267858361
    vertex -8.75 12.77470907358015 -44.67777221904076
  endloop
endfacet
facet normal -1 0 0
  outer loop
    vertex -8.75 9.602889009209093 -73.84619749821178
    vertex -8.75 12.1145730096791 -73.11373096727999
    vertex -8.75 11.15880655524285 -74.63863312181252
  endloop
endfacet
facet normal -1 0 -0
  outer loop
    vertex -8.75 12.1145730096791 -73.11373096727999
    vertex -8.75 13.67049055571286 -73.90616659088073
    vertex -8.75 11.15880655524285 -74.63863312181252
  endloop
endfacet
facet normal -1 0 0
  outer loop
    vertex -8.75 12.1145730096791 -73.11373096727999
    vertex -8.75 14.6262570101491 -72.3812644363482
    vertex -8.75 13.67049055571286 -73.90616659088073
  endloop
endfacet
facet normal -1 0 0
  outer loop
    vertex -8.75 11.15880655524285 -74.63863312181252
    vertex -8.75 13.67049055571286 -73.90616659088073
    vertex -8.75 12.71472410127661 -75.43106874541326
  endloop
endfacet
facet normal -1 -4.89731e-16 -9.61567e-16
  outer loop
    vertex -8.749999999999998 11.08650025716551 -78.29651815651407
    vertex -8.75 10.3446946331873 -76.07135782736292
    vertex -8.75 11.90061217922106 -76.86379345096367
  endloop
endfacet
facet normal -1 0 0
  outer loop
    vertex -8.75 10.3446946331873 -76.07135782736292
    vertex -8.75 11.15880655524285 -74.63863312181252
    vertex -8.75 11.90061217922106 -76.86379345096367
  endloop
endfacet
facet normal -1 0 0
  outer loop
    vertex -8.75 10.3446946331873 -76.07135782736292
    vertex -8.75 9.602889009209093 -73.84619749821178
    vertex -8.75 11.15880655524285 -74.63863312181252
  endloop
endfacet
facet normal -1 0 0
  outer loop
    vertex -8.75 11.90061217922106 -76.86379345096367
    vertex -8.75 11.15880655524285 -74.63863312181252
    vertex -8.75 12.71472410127661 -75.43106874541326
  endloop
endfacet
facet normal -1 0 0
  outer loop
    vertex -8.75 9.878519722055451 -46.34848135263145
    vertex -8.75 10.48250998961048 -44.02598189805869
    vertex -8.75 11.3266143978178 -45.5131267858361
  endloop
endfacet
facet normal -1 0 0
  outer loop
    vertex -8.75 10.48250998961048 -44.02598189805869
    vertex -8.75 11.93060466537283 -43.19062733126334
    vertex -8.75 11.3266143978178 -45.5131267858361
  endloop
endfacet
facet normal -1 -5.19086e-16 8.99841e-16
  outer loop
    vertex -8.75 10.48250998961048 -44.02598189805869
    vertex -8.749999999999998 11.08650025716551 -41.70348184348592
    vertex -8.75 11.93060466537283 -43.19062733126334
  endloop
endfacet
facet normal -1 0 0
  outer loop
    vertex -8.75 11.3266143978178 -45.5131267858361
    vertex -8.75 11.93060466537283 -43.19062733126334
    vertex -8.75 12.77470907358015 -44.67777221904076
  endloop
endfacet
facet normal -1 0 0
  outer loop
    vertex -8.75 11.08650025716551 -41.21743788101038
    vertex -8.75 13.31487519287414 -42.0085714952157
    vertex -8.75 11.08650025716551 -41.46046016224815
  endloop
endfacet
facet normal -1 -0 -0
  outer loop
    vertex -8.75 13.31487519287414 -42.0085714952157
    vertex -8.75 13.31487519287414 -42.25159377645347
    vertex -8.75 11.08650025716551 -41.46046016224815
  endloop
endfacet
facet normal -1 0 0
  outer loop
    vertex -8.75 13.31487519287414 -42.0085714952157
    vertex -8.75 15.54325012858276 -42.79970510942101
    vertex -8.75 13.31487519287414 -42.25159377645347
  endloop
endfacet
facet normal -1 -2.59506e-15 -7.30946e-15
  outer loop
    vertex -8.75 11.08650025716551 -41.46046016224815
    vertex -8.75 13.31487519287414 -42.25159377645347
    vertex -8.749999999999998 11.08650025716551 -41.70348184348592
  endloop
endfacet
facet normal -1 0 0
  outer loop
    vertex -8.75 11.08650025716551 -78.78256211898962
    vertex -8.75 11.08650025716551 -78.53954013775184
    vertex -8.75 13.31487519287413 -77.9914285047843
  endloop
endfacet
facet normal -1 0 0
  outer loop
    vertex -8.75 11.08650025716551 -78.53954013775184
    vertex -8.75 13.31487519287413 -77.74840652354652
    vertex -8.75 13.31487519287413 -77.9914285047843
  endloop
endfacet
facet normal -1 -2.59505e-15 7.30945e-15
  outer loop
    vertex -8.75 11.08650025716551 -78.53954013775184
    vertex -8.749999999999998 11.08650025716551 -78.29651815651407
    vertex -8.75 13.31487519287413 -77.74840652354652
  endloop
endfacet
facet normal -1 0 0
  outer loop
    vertex -8.75 13.31487519287413 -77.9914285047843
    vertex -8.75 13.31487519287413 -77.74840652354652
    vertex -8.75 15.54325012858275 -77.20029489057899
  endloop
endfacet
facet normal -0.316136 0.318941 0.893495
  outer loop
    vertex -8.749999999999998 11.08650025716551 -78.29651815651407
    vertex -11.00877194098829 8.847594492484374 -78.29651815651407
    vertex -8.75 8.391566285494816 -77.33453652564046
  endloop
endfacet
facet normal -0.337149 0.246653 0.908566
  outer loop
    vertex -11.00877194098829 8.847594492484374 -78.29651815651407
    vertex -10.73333585274394 5.907467259081781 -77.39614037779072
    vertex -8.75 8.391566285494816 -77.33453652564046
  endloop
endfacet
facet normal -0.377229 0.238692 0.894832
  outer loop
    vertex -11.00877194098829 8.847594492484374 -78.29651815651407
    vertex -12.70931805962141 6.160050520207779 -78.29651815651407
    vertex -10.73333585274394 5.907467259081781 -77.39614037779072
  endloop
endfacet
facet normal -0.362773 0.267505 0.892657
  outer loop
    vertex -8.75 8.391566285494816 -77.33453652564046
    vertex -10.73333585274394 5.907467259081781 -77.39614037779072
    vertex -8.75 5.650836661434588 -76.5132131347398
  endloop
endfacet
facet normal -0.45129 0.0511366 0.890911
  outer loop
    vertex -14.12349064332649 1.729628760913738e-15 -78.29651815651407
    vertex -12.46017327502001 1.362908132190417 -77.53219407949024
    vertex -13.76540814233734 3.160146614795557 -78.29651815651407
  endloop
endfacet
facet normal -0.400827 0.0963594 0.911072
  outer loop
    vertex -12.46017327502001 1.362908132190417 -77.53219407949024
    vertex -11.74660480040888 4.445266493167845 -77.54426397479645
    vertex -13.76540814233734 3.160146614795557 -78.29651815651407
  endloop
endfacet
facet normal -0.446246 0.106786 0.888516
  outer loop
    vertex -12.46017327502001 1.362908132190417 -77.53219407949024
    vertex -10.76127757597931 2.72192466550679 -76.84227716012217
    vertex -11.74660480040888 4.445266493167845 -77.54426397479645
  endloop
endfacet
facet normal -0.427971 0.150663 0.891146
  outer loop
    vertex -13.76540814233734 3.160146614795557 -78.29651815651407
    vertex -11.74660480040888 4.445266493167845 -77.54426397479645
    vertex -12.70931805962141 6.160050520207779 -78.29651815651407
  endloop
endfacet
facet normal -0.364604 0.190008 0.911571
  outer loop
    vertex -8.75 5.650836661434588 -76.5132131347398
    vertex -9.780188713031803 4.196915630346731 -76.62220594353327
    vertex -8.75 2.850727277477162 -75.92955815385314
  endloop
endfacet
facet normal -0.44574 0.115617 0.887664
  outer loop
    vertex -9.780188713031803 4.196915630346731 -76.62220594353327
    vertex -9.769591644627907 1.362908828798573 -76.24775991762311
    vertex -8.75 2.850727277477162 -75.92955815385314
  endloop
endfacet
facet normal -0.384918 0.11948 0.915185
  outer loop
    vertex -9.780188713031803 4.196915630346731 -76.62220594353327
    vertex -10.76127757597931 2.72192466550679 -76.84227716012217
    vertex -9.769591644627907 1.362908828798573 -76.24775991762311
  endloop
endfacet
facet normal -0.389043 0.0701585 0.918544
  outer loop
    vertex -8.75 2.850727277477162 -75.92955815385314
    vertex -9.769591644627907 1.362908828798573 -76.24775991762311
    vertex -8.75 1.071565949253934e-15 -75.71181940859125
  endloop
endfacet
facet normal -0.433274 0.0300764 0.90076
  outer loop
    vertex -8.75 1.071565949253934e-15 -75.71181940859125
    vertex -9.769591644627907 1.362908828798573 -76.24775991762311
    vertex -11.43674532166325 1.400597355083836e-15 -77.00416878255265
  endloop
endfacet
facet normal -0.430663 0.0261191 0.902135
  outer loop
    vertex -9.769591644627907 1.362908828798573 -76.24775991762311
    vertex -12.46017327502001 1.362908132190417 -77.53219407949024
    vertex -11.43674532166325 1.400597355083836e-15 -77.00416878255265
  endloop
endfacet
facet normal -0.429423 0.0801597 0.899539
  outer loop
    vertex -9.769591644627907 1.362908828798573 -76.24775991762311
    vertex -10.76127757597931 2.72192466550679 -76.84227716012217
    vertex -12.46017327502001 1.362908132190417 -77.53219407949024
  endloop
endfacet
facet normal -0.433349 0.0236296 0.900916
  outer loop
    vertex -11.43674532166325 1.400597355083836e-15 -77.00416878255265
    vertex -12.46017327502001 1.362908132190417 -77.53219407949024
    vertex -14.12349064332649 1.729628760913738e-15 -78.29651815651407
  endloop
endfacet
facet normal -0.389079 0.178063 0.903831
  outer loop
    vertex -12.70931805962141 6.160050520207779 -78.29651815651407
    vertex -11.74660480040888 4.445266493167845 -77.54426397479645
    vertex -10.73333585274394 5.907467259081781 -77.39614037779072
  endloop
endfacet
facet normal -0.398009 0.184783 0.898579
  outer loop
    vertex -11.74660480040888 4.445266493167845 -77.54426397479645
    vertex -9.780188713031803 4.196915630346731 -76.62220594353327
    vertex -10.73333585274394 5.907467259081781 -77.39614037779072
  endloop
endfacet
facet normal -0.406535 0.1356 0.903516
  outer loop
    vertex -11.74660480040888 4.445266493167845 -77.54426397479645
    vertex -10.76127757597931 2.72192466550679 -76.84227716012217
    vertex -9.780188713031803 4.196915630346731 -76.62220594353327
  endloop
endfacet
facet normal -0.376907 0.19925 0.904567
  outer loop
    vertex -10.73333585274394 5.907467259081781 -77.39614037779072
    vertex -9.780188713031803 4.196915630346731 -76.62220594353327
    vertex -8.75 5.650836661434588 -76.5132131347398
  endloop
endfacet
facet normal 0.689643 0.66453 0.287738
  outer loop
    vertex 8.75 11.08650025716551 -81.21743788101038
    vertex 11.99635076495567 7.453895375994921 -80.60871894050518
    vertex 11.00877194098829 8.847594492484374 -81.46045986224816
  endloop
endfacet
facet normal 0.85555 0.430398 -0.287738
  outer loop
    vertex 11.99635076495567 7.453895375994921 -80.60871894050518
    vertex 13.36001640833064 4.580714957434822 -80.85174092174296
    vertex 11.00877194098829 8.847594492484374 -81.46045986224816
  endloop
endfacet
facet normal 0.874404 0.390671 0.287738
  outer loop
    vertex 11.99635076495567 7.453895375994921 -80.60871894050518
    vertex 13.81529660712436 2.934376868997753 -80
    vertex 13.36001640833064 4.580714957434822 -80.85174092174296
  endloop
endfacet
facet normal 0.820847 0.493373 0.287738
  outer loop
    vertex 11.00877194098829 8.847594492484374 -81.46045986224816
    vertex 13.36001640833064 4.580714957434822 -80.85174092174296
    vertex 12.70931805962141 6.160050520207775 -81.70348184348593
  endloop
endfacet
facet normal -0.689643 0.66453 -0.287738
  outer loop
    vertex -8.75 11.08650025716551 -78.78256211898962
    vertex -11.99635076495485 7.453895375996246 -79.39128105949482
    vertex -11.00877194098829 8.847594492484379 -78.53954013775184
  endloop
endfacet
facet normal -0.85555 0.430398 0.287738
  outer loop
    vertex -11.99635076495485 7.453895375996246 -79.39128105949482
    vertex -13.36001640833013 4.580714957436297 -79.14825907825704
    vertex -11.00877194098829 8.847594492484379 -78.53954013775184
  endloop
endfacet
facet normal -0.874404 0.390671 -0.287738
  outer loop
    vertex -11.99635076495485 7.453895375996246 -79.39128105949482
    vertex -13.81529660712371 2.934376869000797 -80
    vertex -13.36001640833013 4.580714957436297 -79.14825907825704
  endloop
endfacet
facet normal -0.820847 0.493373 -0.287738
  outer loop
    vertex -11.00877194098829 8.847594492484379 -78.53954013775184
    vertex -13.36001640833013 4.580714957436297 -79.14825907825704
    vertex -12.70931805962141 6.160050520207779 -78.29651815651407
  endloop
endfacet
facet normal 0.87237 0.455342 -0.177857
  outer loop
    vertex 12.70931805962141 6.160050520207775 -78.29651815651407
    vertex 13.36001640833064 4.580714957434822 -79.14825907825704
    vertex 11.00877194098829 8.847594492484374 -79.75697801876223
  endloop
endfacet
facet normal 0.85092 0.494269 0.177857
  outer loop
    vertex 13.36001640833064 4.580714957434822 -79.14825907825704
    vertex 11.99635076495567 7.453895375994921 -80.60871894050518
    vertex 11.00877194098829 8.847594492484374 -79.75697801876223
  endloop
endfacet
facet normal 0.92096 0.346699 -0.177857
  outer loop
    vertex 13.36001640833064 4.580714957434822 -79.14825907825704
    vertex 13.81529660712436 2.934376868997753 -80
    vertex 11.99635076495567 7.453895375994921 -80.60871894050518
  endloop
endfacet
facet normal 0.748369 0.638992 -0.177857
  outer loop
    vertex 11.00877194098829 8.847594492484374 -79.75697801876223
    vertex 11.99635076495567 7.453895375994921 -80.60871894050518
    vertex 8.75 11.08650025716551 -81.21743788101038
  endloop
endfacet
facet normal -0.87237 0.455342 0.177857
  outer loop
    vertex -12.70931805962141 6.160050520207779 -81.70348184348593
    vertex -13.36001640833013 4.580714957436297 -80.85174092174296
    vertex -11.00877194098829 8.847594492484379 -80.24302198123777
  endloop
endfacet
facet normal -0.85092 0.494269 -0.177857
  outer loop
    vertex -13.36001640833013 4.580714957436297 -80.85174092174296
    vertex -11.99635076495485 7.453895375996246 -79.39128105949482
    vertex -11.00877194098829 8.847594492484379 -80.24302198123777
  endloop
endfacet
facet normal -0.92096 0.346699 0.177857
  outer loop
    vertex -13.36001640833013 4.580714957436297 -80.85174092174296
    vertex -13.81529660712371 2.934376869000797 -80
    vertex -11.99635076495485 7.453895375996246 -79.39128105949482
  endloop
endfacet
facet normal -0.748369 0.638992 0.177857
  outer loop
    vertex -11.00877194098829 8.847594492484379 -80.24302198123777
    vertex -11.99635076495485 7.453895375996246 -79.39128105949482
    vertex -8.75 11.08650025716551 -78.78256211898962
  endloop
endfacet
facet normal 0.703977 0.710223 0
  outer loop
    vertex 8.75 11.08650025716551 -78.78256211898962
    vertex 11.00877194098829 8.847594492484374 -78.53954013775184
    vertex 8.75 11.08650025716551 -80
  endloop
endfacet
facet normal 0.703977 0.710223 0
  outer loop
    vertex 11.00877194098829 8.847594492484374 -78.53954013775184
    vertex 11.00877194098829 8.847594492484374 -79.75697801876223
    vertex 8.75 11.08650025716551 -80
  endloop
endfacet
facet normal 0.845041 0.534701 0
  outer loop
    vertex 11.00877194098829 8.847594492484374 -78.53954013775184
    vertex 12.70931805962141 6.160050520207775 -78.29651815651407
    vertex 11.00877194098829 8.847594492484374 -79.75697801876223
  endloop
endfacet
facet normal 0.703977 0.710223 0
  outer loop
    vertex 8.75 11.08650025716551 -80
    vertex 11.00877194098829 8.847594492484374 -79.75697801876223
    vertex 8.75 11.08650025716551 -81.21743788101038
  endloop
endfacet
facet normal -0.845041 0.534701 0
  outer loop
    vertex -12.70931805962141 6.160050520207779 -81.70348184348593
    vertex -11.00877194098829 8.847594492484379 -80.24302198123777
    vertex -11.00877194098829 8.847594492484379 -81.46045986224816
  endloop
endfacet
facet normal -0.703977 0.710223 0
  outer loop
    vertex -11.00877194098829 8.847594492484379 -80.24302198123777
    vertex -8.749999999999998 11.08650025716551 -80
    vertex -11.00877194098829 8.847594492484379 -81.46045986224816
  endloop
endfacet
facet normal -0.703977 0.710223 -1.14695e-15
  outer loop
    vertex -11.00877194098829 8.847594492484379 -80.24302198123777
    vertex -8.75 11.08650025716551 -78.78256211898962
    vertex -8.749999999999998 11.08650025716551 -80
  endloop
endfacet
facet normal -0.703977 0.710223 1.14695e-15
  outer loop
    vertex -11.00877194098829 8.847594492484379 -81.46045986224816
    vertex -8.749999999999998 11.08650025716551 -80
    vertex -8.75 11.08650025716551 -81.21743788101038
  endloop
endfacet
facet normal 0.357017 0.925446 0.126842
  outer loop
    vertex 6.658278624752839 12.45553345735502 -78.29651815651407
    vertex 5.083379803754658 13.17695859153053 -79.1272753347172
    vertex 3.432009448525554 13.70015690046513 -78.29651815651407
  endloop
endfacet
facet normal 0.241037 0.962191 -0.126842
  outer loop
    vertex 5.083379803754658 13.17695859153053 -79.1272753347172
    vertex 1.729009854845661 14.01725768023038 -79.1272753347172
    vertex 3.432009448525554 13.70015690046513 -78.29651815651407
  endloop
endfacet
facet normal 0.241037 0.962191 0.126842
  outer loop
    vertex 5.083379803754658 13.17695859153053 -79.1272753347172
    vertex 3.432009448525529 13.70015690046513 -79.95803251292033
    vertex 1.729009854845661 14.01725768023038 -79.1272753347172
  endloop
endfacet
facet normal 0.121432 0.984462 0.126842
  outer loop
    vertex 3.432009448525554 13.70015690046513 -78.29651815651407
    vertex 1.729009854845661 14.01725768023038 -79.1272753347172
    vertex 1.968108378081571e-14 14.12349064332649 -78.29651815651407
  endloop
endfacet
facet normal -0.357017 0.925446 -0.126842
  outer loop
    vertex -6.65827862475279 12.45553345735505 -81.70348184348593
    vertex -5.083379803754628 13.17695859153054 -80.87272466528276
    vertex -3.432009448525507 13.70015690046514 -81.70348184348593
  endloop
endfacet
facet normal -0.241037 0.962191 0.126842
  outer loop
    vertex -5.083379803754628 13.17695859153054 -80.87272466528276
    vertex -1.729009854845637 14.01725768023038 -80.87272466528276
    vertex -3.432009448525507 13.70015690046514 -81.70348184348593
  endloop
endfacet
facet normal -0.241037 0.962191 -0.126842
  outer loop
    vertex -5.083379803754628 13.17695859153054 -80.87272466528276
    vertex -3.432009448525522 13.70015690046514 -80.04196748707957
    vertex -1.729009854845637 14.01725768023038 -80.87272466528276
  endloop
endfacet
facet normal -0.121432 0.984462 -0.126842
  outer loop
    vertex -3.432009448525507 13.70015690046514 -81.70348184348593
    vertex -1.729009854845637 14.01725768023038 -80.87272466528276
    vertex 1.968108378081571e-14 14.12349064332649 -81.70348184348593
  endloop
endfacet
facet normal -0.121524 0.985206 0.120834
  outer loop
    vertex 1.968108378081571e-14 14.12349064332649 -78.29651815651407
    vertex -1.729009854845637 14.01725768023038 -79.16924282179681
    vertex -3.432009448525534 13.70015690046513 -78.29651815651407
  endloop
endfacet
facet normal -0.24122 0.962919 -0.120834
  outer loop
    vertex -1.729009854845637 14.01725768023038 -79.16924282179681
    vertex -5.083379803754655 13.17695859153053 -79.16924282179681
    vertex -3.432009448525534 13.70015690046513 -78.29651815651407
  endloop
endfacet
facet normal -0.24122 0.962919 0.120834
  outer loop
    vertex -1.729009854845637 14.01725768023038 -79.16924282179681
    vertex -3.432009448525522 13.70015690046514 -80.04196748707957
    vertex -5.083379803754655 13.17695859153053 -79.16924282179681
  endloop
endfacet
facet normal -0.357287 0.926146 0.120834
  outer loop
    vertex -3.432009448525534 13.70015690046513 -78.29651815651407
    vertex -5.083379803754655 13.17695859153053 -79.16924282179681
    vertex -6.65827862475284 12.45553345735502 -78.29651815651407
  endloop
endfacet
facet normal 0.121524 0.985206 -0.120834
  outer loop
    vertex 1.968108378081571e-14 14.12349064332649 -81.70348184348593
    vertex 1.729009854845661 14.01725768023038 -80.83075717820313
    vertex 3.432009448525527 13.70015690046514 -81.70348184348593
  endloop
endfacet
facet normal 0.24122 0.962919 0.120834
  outer loop
    vertex 1.729009854845661 14.01725768023038 -80.83075717820313
    vertex 5.083379803754632 13.17695859153054 -80.83075717820313
    vertex 3.432009448525527 13.70015690046514 -81.70348184348593
  endloop
endfacet
facet normal 0.24122 0.962919 -0.120834
  outer loop
    vertex 1.729009854845661 14.01725768023038 -80.83075717820313
    vertex 3.432009448525529 13.70015690046513 -79.95803251292033
    vertex 5.083379803754632 13.17695859153054 -80.83075717820313
  endloop
endfacet
facet normal 0.357287 0.926146 -0.120834
  outer loop
    vertex 3.432009448525527 13.70015690046514 -81.70348184348593
    vertex 5.083379803754632 13.17695859153054 -80.83075717820313
    vertex 6.658278624752792 12.45553345735505 -81.70348184348593
  endloop
endfacet
facet normal -0.938111 0.330254 0.104311
  outer loop
    vertex -12.70931805962141 6.160050520207779 -78.29651815651407
    vertex -13.36001640833013 4.580714957436297 -79.14825907825704
    vertex -13.76540814233734 3.160146614795557 -78.29651815651407
  endloop
endfacet
facet normal -0.971118 0.214589 -0.104311
  outer loop
    vertex -13.36001640833013 4.580714957436297 -79.14825907825704
    vertex -14.04623081679962 1.475258551345991 -79.14825907825704
    vertex -13.76540814233734 3.160146614795557 -78.29651815651407
  endloop
endfacet
facet normal -0.971118 0.214589 0.104311
  outer loop
    vertex -13.36001640833013 4.580714957436297 -79.14825907825704
    vertex -13.81529660712371 2.934376869000797 -80
    vertex -14.04623081679962 1.475258551345991 -79.14825907825704
  endloop
endfacet
facet normal -0.988221 0.111977 0.104311
  outer loop
    vertex -13.76540814233734 3.160146614795557 -78.29651815651407
    vertex -14.04623081679962 1.475258551345991 -79.14825907825704
    vertex -14.12349064332649 1.729628760913738e-15 -78.29651815651407
  endloop
endfacet
facet normal -0.988221 0.111977 -0.104311
  outer loop
    vertex -14.12349064332649 1.729628760913738e-15 -81.70348184348593
    vertex -14.04623081679962 1.475258551345991 -80.85174092174296
    vertex -13.76540814233734 3.160146614795557 -81.70348184348593
  endloop
endfacet
facet normal -0.971118 0.214589 0.104311
  outer loop
    vertex -14.04623081679962 1.475258551345991 -80.85174092174296
    vertex -13.36001640833013 4.580714957436297 -80.85174092174296
    vertex -13.76540814233734 3.160146614795557 -81.70348184348593
  endloop
endfacet
facet normal -0.971118 0.214589 -0.104311
  outer loop
    vertex -14.04623081679962 1.475258551345991 -80.85174092174296
    vertex -13.81529660712371 2.934376869000797 -80
    vertex -13.36001640833013 4.580714957436297 -80.85174092174296
  endloop
endfacet
facet normal -0.938111 0.330254 -0.104311
  outer loop
    vertex -13.76540814233734 3.160146614795557 -81.70348184348593
    vertex -13.36001640833013 4.580714957436297 -80.85174092174296
    vertex -12.70931805962141 6.160050520207779 -81.70348184348593
  endloop
endfacet
facet normal 0.938111 0.330254 -0.104311
  outer loop
    vertex 12.70931805962141 6.160050520207775 -81.70348184348593
    vertex 13.36001640833064 4.580714957434822 -80.85174092174296
    vertex 13.76540814233734 3.160146614795554 -81.70348184348593
  endloop
endfacet
facet normal 0.971118 0.214589 0.104311
  outer loop
    vertex 13.36001640833064 4.580714957434822 -80.85174092174296
    vertex 14.04623081679979 1.475258551344443 -80.85174092174296
    vertex 13.76540814233734 3.160146614795554 -81.70348184348593
  endloop
endfacet
facet normal 0.971118 0.214589 -0.104311
  outer loop
    vertex 13.36001640833064 4.580714957434822 -80.85174092174296
    vertex 13.81529660712436 2.934376868997753 -80
    vertex 14.04623081679979 1.475258551344443 -80.85174092174296
  endloop
endfacet
facet normal 0.988221 0.111977 -0.104311
  outer loop
    vertex 13.76540814233734 3.160146614795554 -81.70348184348593
    vertex 14.04623081679979 1.475258551344443 -80.85174092174296
    vertex 14.12349064332649 0 -81.70348184348593
  endloop
endfacet
facet normal 0.988221 0.111977 0.104311
  outer loop
    vertex 14.12349064332649 0 -78.29651815651407
    vertex 14.04623081679979 1.475258551344443 -79.14825907825704
    vertex 13.76540814233734 3.160146614795554 -78.29651815651407
  endloop
endfacet
facet normal 0.971118 0.214589 -0.104311
  outer loop
    vertex 14.04623081679979 1.475258551344443 -79.14825907825704
    vertex 13.36001640833064 4.580714957434822 -79.14825907825704
    vertex 13.76540814233734 3.160146614795554 -78.29651815651407
  endloop
endfacet
facet normal 0.971118 0.214589 0.104311
  outer loop
    vertex 14.04623081679979 1.475258551344443 -79.14825907825704
    vertex 13.81529660712436 2.934376868997753 -80
    vertex 13.36001640833064 4.580714957434822 -79.14825907825704
  endloop
endfacet
facet normal 0.938111 0.330254 0.104311
  outer loop
    vertex 13.76540814233734 3.160146614795554 -78.29651815651407
    vertex 13.36001640833064 4.580714957434822 -79.14825907825704
    vertex 12.70931805962141 6.160050520207775 -78.29651815651407
  endloop
endfacet
facet normal -0.416462 0.909153 -9.499e-17
  outer loop
    vertex -6.65827862475284 12.45553345735502 -78.29651815651407
    vertex -5.083379803754655 13.17695859153053 -79.16924282179681
    vertex -6.658278624752812 12.45553345735504 -80
  endloop
endfacet
facet normal -0.416462 0.909153 1.22149e-16
  outer loop
    vertex -5.083379803754655 13.17695859153053 -79.16924282179681
    vertex -5.083379803754628 13.17695859153054 -80.87272466528276
    vertex -6.658278624752812 12.45553345735504 -80
  endloop
endfacet
facet normal -0.30203 0.953298 2.23429e-15
  outer loop
    vertex -5.083379803754655 13.17695859153053 -79.16924282179681
    vertex -3.432009448525522 13.70015690046514 -80.04196748707957
    vertex -5.083379803754628 13.17695859153054 -80.87272466528276
  endloop
endfacet
facet normal -0.416462 0.909153 2.15589e-15
  outer loop
    vertex -6.658278624752812 12.45553345735504 -80
    vertex -5.083379803754628 13.17695859153054 -80.87272466528276
    vertex -6.65827862475279 12.45553345735505 -81.70348184348593
  endloop
endfacet
facet normal 0.0613259 0.998118 0
  outer loop
    vertex 1.968108378081571e-14 14.12349064332649 -78.29651815651407
    vertex 1.729009854845661 14.01725768023038 -79.1272753347172
    vertex 1.968108378081571e-14 14.12349064332649 -80
  endloop
endfacet
facet normal 0.0613259 0.998118 0
  outer loop
    vertex 1.729009854845661 14.01725768023038 -79.1272753347172
    vertex 1.729009854845661 14.01725768023038 -80.83075717820313
    vertex 1.968108378081571e-14 14.12349064332649 -80
  endloop
endfacet
facet normal 0.183055 0.983103 0
  outer loop
    vertex 1.729009854845661 14.01725768023038 -79.1272753347172
    vertex 3.432009448525529 13.70015690046513 -79.95803251292033
    vertex 1.729009854845661 14.01725768023038 -80.83075717820313
  endloop
endfacet
facet normal 0.0613259 0.998118 0
  outer loop
    vertex 1.968108378081571e-14 14.12349064332649 -80
    vertex 1.729009854845661 14.01725768023038 -80.83075717820313
    vertex 1.968108378081571e-14 14.12349064332649 -81.70348184348593
  endloop
endfacet
facet normal -0.0613259 0.998118 0
  outer loop
    vertex 1.968108378081571e-14 14.12349064332649 -81.70348184348593
    vertex -1.729009854845637 14.01725768023038 -80.87272466528276
    vertex 1.968108378081571e-14 14.12349064332649 -80
  endloop
endfacet
facet normal -0.0613259 0.998118 0
  outer loop
    vertex -1.729009854845637 14.01725768023038 -80.87272466528276
    vertex -1.729009854845637 14.01725768023038 -79.16924282179681
    vertex 1.968108378081571e-14 14.12349064332649 -80
  endloop
endfacet
facet normal -0.183055 0.983103 0
  outer loop
    vertex -1.729009854845637 14.01725768023038 -80.87272466528276
    vertex -3.432009448525522 13.70015690046514 -80.04196748707957
    vertex -1.729009854845637 14.01725768023038 -79.16924282179681
  endloop
endfacet
facet normal -0.0613259 0.998118 0
  outer loop
    vertex 1.968108378081571e-14 14.12349064332649 -80
    vertex -1.729009854845637 14.01725768023038 -79.16924282179681
    vertex 1.968108378081571e-14 14.12349064332649 -78.29651815651407
  endloop
endfacet
facet normal 0.416462 0.909153 5.56428e-16
  outer loop
    vertex 6.658278624752792 12.45553345735505 -81.70348184348593
    vertex 5.083379803754632 13.17695859153054 -80.83075717820313
    vertex 6.658278624752817 12.45553345735504 -80
  endloop
endfacet
facet normal 0.416462 0.909153 3.39288e-16
  outer loop
    vertex 5.083379803754632 13.17695859153054 -80.83075717820313
    vertex 5.083379803754658 13.17695859153053 -79.1272753347172
    vertex 6.658278624752817 12.45553345735504 -80
  endloop
endfacet
facet normal 0.30203 0.953298 2.39177e-15
  outer loop
    vertex 5.083379803754632 13.17695859153054 -80.83075717820313
    vertex 3.432009448525529 13.70015690046513 -79.95803251292033
    vertex 5.083379803754658 13.17695859153053 -79.1272753347172
  endloop
endfacet
facet normal 0.416462 0.909153 1.20785e-15
  outer loop
    vertex 6.658278624752817 12.45553345735504 -80
    vertex 5.083379803754658 13.17695859153053 -79.1272753347172
    vertex 6.658278624752839 12.45553345735502 -78.29651815651407
  endloop
endfacet
facet normal -0.998631 0.0522987 0
  outer loop
    vertex -14.12349064332649 1.729628760913738e-15 -78.29651815651407
    vertex -14.04623081679962 1.475258551345991 -79.14825907825704
    vertex -14.12349064332649 1.729628760913738e-15 -80
  endloop
endfacet
facet normal -0.998631 0.0522987 0
  outer loop
    vertex -14.04623081679962 1.475258551345991 -79.14825907825704
    vertex -14.04623081679962 1.475258551345991 -80.85174092174296
    vertex -14.12349064332649 1.729628760913738e-15 -80
  endloop
endfacet
facet normal -0.987706 0.156324 0
  outer loop
    vertex -14.04623081679962 1.475258551345991 -79.14825907825704
    vertex -13.81529660712371 2.934376869000797 -80
    vertex -14.04623081679962 1.475258551345991 -80.85174092174296
  endloop
endfacet
facet normal -0.998631 0.0522987 0
  outer loop
    vertex -14.12349064332649 1.729628760913738e-15 -80
    vertex -14.04623081679962 1.475258551345991 -80.85174092174296
    vertex -14.12349064332649 1.729628760913738e-15 -81.70348184348593
  endloop
endfacet
facet normal 0.998631 0.0522987 -0
  outer loop
    vertex 14.12349064332649 0 -81.70348184348593
    vertex 14.04623081679979 1.475258551344443 -80.85174092174296
    vertex 14.12349064332649 0 -80
  endloop
endfacet
facet normal 0.998631 0.0522987 -0
  outer loop
    vertex 14.04623081679979 1.475258551344443 -80.85174092174296
    vertex 14.04623081679979 1.475258551344443 -79.14825907825704
    vertex 14.12349064332649 0 -80
  endloop
endfacet
facet normal 0.987706 0.156324 -0
  outer loop
    vertex 14.04623081679979 1.475258551344443 -80.85174092174296
    vertex 13.81529660712436 2.934376868997753 -80
    vertex 14.04623081679979 1.475258551344443 -79.14825907825704
  endloop
endfacet
facet normal 0.998631 0.0522987 -0
  outer loop
    vertex 14.12349064332649 0 -80
    vertex 14.04623081679979 1.475258551344443 -79.14825907825704
    vertex 14.12349064332649 0 -78.29651815651407
  endloop
endfacet
facet normal -0.703977 0.710223 5.14568e-15
  outer loop
    vertex -8.749999999999998 11.08650025716551 -78.29651815651407
    vertex -8.75 11.08650025716551 -78.53954013775184
    vertex -11.00877194098829 8.847594492484374 -78.29651815651407
  endloop
endfacet
facet normal -0.703977 0.710223 5.74575e-15
  outer loop
    vertex -8.75 11.08650025716551 -78.53954013775184
    vertex -11.00877194098829 8.847594492484379 -78.53954013775184
    vertex -11.00877194098829 8.847594492484374 -78.29651815651407
  endloop
endfacet
facet normal -0.703977 0.710223 0
  outer loop
    vertex -8.75 11.08650025716551 -78.53954013775184
    vertex -8.75 11.08650025716551 -78.78256211898962
    vertex -11.00877194098829 8.847594492484379 -78.53954013775184
  endloop
endfacet
facet normal -0.845041 0.534701 -6.2847e-16
  outer loop
    vertex -11.00877194098829 8.847594492484374 -78.29651815651407
    vertex -11.00877194098829 8.847594492484379 -78.53954013775184
    vertex -12.70931805962141 6.160050520207779 -78.29651815651407
  endloop
endfacet
facet normal -0.510034 0.860155 5.27456e-16
  outer loop
    vertex -6.65827862475279 12.45553345735505 -81.70348184348593
    vertex -7.734489350972608 11.81738813917112 -80.24302198123777
    vertex -6.658278624752812 12.45553345735504 -80
  endloop
endfacet
facet normal -0.510047 0.860147 7.9461e-05
  outer loop
    vertex -7.734489350972608 11.81738813917112 -80.24302198123777
    vertex -7.73706449787468 11.81570230277736 -78.52367559114982
    vertex -6.658278624752812 12.45553345735504 -80
  endloop
endfacet
facet normal -0.584233 0.811586 -7.92643e-05
  outer loop
    vertex -7.734489350972608 11.81738813917112 -80.24302198123777
    vertex -8.75 11.08650025716551 -78.78256211898962
    vertex -7.73706449787468 11.81570230277736 -78.52367559114982
  endloop
endfacet
facet normal -0.510127 0.860099 -1.96698e-15
  outer loop
    vertex -6.658278624752812 12.45553345735504 -80
    vertex -7.73706449787468 11.81570230277736 -78.52367559114982
    vertex -6.65827862475284 12.45553345735502 -78.29651815651407
  endloop
endfacet
facet normal -0.510144 0.860089 -0.000110493
  outer loop
    vertex -6.65827862475279 12.45553345735505 -81.70348184348593
    vertex -7.73706449787465 11.81570230277738 -81.47632440885018
    vertex -7.734489350972608 11.81738813917112 -80.24302198123777
  endloop
endfacet
facet normal -0.58414 0.811653 0.000110218
  outer loop
    vertex -7.73706449787465 11.81570230277738 -81.47632440885018
    vertex -8.749999999999998 11.08650025716551 -80
    vertex -7.734489350972608 11.81738813917112 -80.24302198123777
  endloop
endfacet
facet normal -0.584246 0.811577 8.76784e-16
  outer loop
    vertex -7.73706449787465 11.81570230277738 -81.47632440885018
    vertex -8.75 11.08650025716551 -81.21743788101038
    vertex -8.749999999999998 11.08650025716551 -80
  endloop
endfacet
facet normal -0.584157 0.81164 -8.74629e-16
  outer loop
    vertex -7.734489350972608 11.81738813917112 -80.24302198123777
    vertex -8.749999999999998 11.08650025716551 -80
    vertex -8.75 11.08650025716551 -78.78256211898962
  endloop
endfacet
facet normal 0.845041 0.534701 0
  outer loop
    vertex 12.70931805962141 6.160050520207775 -78.29651815651407
    vertex 11.00877194098829 8.847594492484374 -78.53954013775184
    vertex 11.00877194098829 8.847594492484374 -78.29651815651407
  endloop
endfacet
facet normal 0.703977 0.710223 -0
  outer loop
    vertex 11.00877194098829 8.847594492484374 -78.53954013775184
    vertex 8.75 11.08650025716551 -78.53954013775184
    vertex 11.00877194098829 8.847594492484374 -78.29651815651407
  endloop
endfacet
facet normal 0.703977 0.710223 0
  outer loop
    vertex 11.00877194098829 8.847594492484374 -78.53954013775184
    vertex 8.75 11.08650025716551 -78.78256211898962
    vertex 8.75 11.08650025716551 -78.53954013775184
  endloop
endfacet
facet normal 0.703977 0.710223 0
  outer loop
    vertex 11.00877194098829 8.847594492484374 -78.29651815651407
    vertex 8.75 11.08650025716551 -78.53954013775184
    vertex 8.75 11.08650025716551 -78.29651815651407
  endloop
endfacet
facet normal 0.510144 0.860089 0.000110493
  outer loop
    vertex 6.658278624752839 12.45553345735502 -78.29651815651407
    vertex 7.737064497874677 11.81570230277736 -78.52367559114982
    vertex 7.734489350972635 11.8173881391711 -79.75697801876223
  endloop
endfacet
facet normal 0.58414 0.811653 -0.000110218
  outer loop
    vertex 7.737064497874677 11.81570230277736 -78.52367559114982
    vertex 8.75 11.08650025716551 -80
    vertex 7.734489350972635 11.8173881391711 -79.75697801876223
  endloop
endfacet
facet normal 0.584246 0.811577 0
  outer loop
    vertex 7.737064497874677 11.81570230277736 -78.52367559114982
    vertex 8.75 11.08650025716551 -78.78256211898962
    vertex 8.75 11.08650025716551 -80
  endloop
endfacet
facet normal 0.584157 0.81164 0
  outer loop
    vertex 7.734489350972635 11.8173881391711 -79.75697801876223
    vertex 8.75 11.08650025716551 -80
    vertex 8.75 11.08650025716551 -81.21743788101038
  endloop
endfacet
facet normal 0.510127 0.860099 -1.16905e-15
  outer loop
    vertex 6.658278624752792 12.45553345735505 -81.70348184348593
    vertex 6.658278624752817 12.45553345735504 -80
    vertex 7.737064497874652 11.81570230277738 -81.47632440885018
  endloop
endfacet
facet normal 0.510047 0.860147 -7.9461e-05
  outer loop
    vertex 6.658278624752817 12.45553345735504 -80
    vertex 7.734489350972635 11.8173881391711 -79.75697801876223
    vertex 7.737064497874652 11.81570230277738 -81.47632440885018
  endloop
endfacet
facet normal 0.510034 0.860155 -3.69496e-16
  outer loop
    vertex 6.658278624752817 12.45553345735504 -80
    vertex 6.658278624752839 12.45553345735502 -78.29651815651407
    vertex 7.734489350972635 11.8173881391711 -79.75697801876223
  endloop
endfacet
facet normal 0.584233 0.811586 7.92643e-05
  outer loop
    vertex 7.737064497874652 11.81570230277738 -81.47632440885018
    vertex 7.734489350972635 11.8173881391711 -79.75697801876223
    vertex 8.75 11.08650025716551 -81.21743788101038
  endloop
endfacet
facet normal -0.703977 0.710223 -5.14569e-15
  outer loop
    vertex -8.749999999999998 11.08650025716551 -81.70348184348593
    vertex -11.00877194098829 8.847594492484374 -81.70348184348593
    vertex -8.75 11.08650025716551 -81.46046016224815
  endloop
endfacet
facet normal -0.703977 0.710223 -5.28266e-15
  outer loop
    vertex -11.00877194098829 8.847594492484374 -81.70348184348593
    vertex -11.00877194098829 8.847594492484379 -81.46045986224816
    vertex -8.75 11.08650025716551 -81.46046016224815
  endloop
endfacet
facet normal -0.845041 0.534701 6.2847e-16
  outer loop
    vertex -11.00877194098829 8.847594492484374 -81.70348184348593
    vertex -12.70931805962141 6.160050520207779 -81.70348184348593
    vertex -11.00877194098829 8.847594492484379 -81.46045986224816
  endloop
endfacet
facet normal -0.703977 0.710223 0
  outer loop
    vertex -8.75 11.08650025716551 -81.46046016224815
    vertex -11.00877194098829 8.847594492484379 -81.46045986224816
    vertex -8.75 11.08650025716551 -81.21743788101038
  endloop
endfacet
facet normal 0.845041 0.534701 0
  outer loop
    vertex 12.70931805962141 6.160050520207775 -81.70348184348593
    vertex 11.00877194098829 8.847594492484374 -81.70348184348593
    vertex 11.00877194098829 8.847594492484374 -81.46045986224816
  endloop
endfacet
facet normal 0.703977 0.710223 -0
  outer loop
    vertex 11.00877194098829 8.847594492484374 -81.70348184348593
    vertex 8.75 11.08650025716551 -81.46046016224815
    vertex 11.00877194098829 8.847594492484374 -81.46045986224816
  endloop
endfacet
facet normal 0.703977 0.710223 0
  outer loop
    vertex 11.00877194098829 8.847594492484374 -81.70348184348593
    vertex 8.75 11.08650025716551 -81.70348184348593
    vertex 8.75 11.08650025716551 -81.46046016224815
  endloop
endfacet
facet normal 0.703977 0.710223 0
  outer loop
    vertex 11.00877194098829 8.847594492484374 -81.46045986224816
    vertex 8.75 11.08650025716551 -81.46046016224815
    vertex 8.75 11.08650025716551 -81.21743788101038
  endloop
endfacet
facet normal -0.316136 0.318941 -0.893495
  outer loop
    vertex -8.749999999999998 11.08650025716551 -81.70348184348593
    vertex -8.75 8.391566285494504 -82.66546347435964
    vertex -11.00877194098829 8.847594492484374 -81.70348184348593
  endloop
endfacet
facet normal -0.337149 0.246653 -0.908566
  outer loop
    vertex -8.75 8.391566285494504 -82.66546347435964
    vertex -10.73333585274394 5.907467259081787 -82.60385962220928
    vertex -11.00877194098829 8.847594492484374 -81.70348184348593
  endloop
endfacet
facet normal -0.362773 0.267505 -0.892657
  outer loop
    vertex -8.75 8.391566285494504 -82.66546347435964
    vertex -8.75 5.650836661434593 -83.4867868652602
    vertex -10.73333585274394 5.907467259081787 -82.60385962220928
  endloop
endfacet
facet normal -0.377229 0.238692 -0.894832
  outer loop
    vertex -11.00877194098829 8.847594492484374 -81.70348184348593
    vertex -10.73333585274394 5.907467259081787 -82.60385962220928
    vertex -12.70931805962141 6.160050520207779 -81.70348184348593
  endloop
endfacet
facet normal -0.427971 0.150663 -0.891146
  outer loop
    vertex -12.70931805962141 6.160050520207779 -81.70348184348593
    vertex -11.74660480040957 4.445266493167806 -82.45573602520325
    vertex -13.76540814233734 3.160146614795557 -81.70348184348593
  endloop
endfacet
facet normal -0.400827 0.0963594 -0.911072
  outer loop
    vertex -11.74660480040957 4.445266493167806 -82.45573602520325
    vertex -12.46017327502069 1.362908132190374 -82.46780592050943
    vertex -13.76540814233734 3.160146614795557 -81.70348184348593
  endloop
endfacet
facet normal -0.446246 0.106786 -0.888516
  outer loop
    vertex -11.74660480040957 4.445266493167806 -82.45573602520325
    vertex -10.76127757598067 2.721924665506706 -83.1577228398772
    vertex -12.46017327502069 1.362908132190374 -82.46780592050943
  endloop
endfacet
facet normal -0.45129 0.0511366 -0.890911
  outer loop
    vertex -13.76540814233734 3.160146614795557 -81.70348184348593
    vertex -12.46017327502069 1.362908132190374 -82.46780592050943
    vertex -14.12349064332649 1.729628760913738e-15 -81.70348184348593
  endloop
endfacet
facet normal -0.389043 0.0701585 -0.918544
  outer loop
    vertex -8.75 1.071565949253934e-15 -84.28818059140875
    vertex -9.769591644628582 1.36290882879853 -83.75224008237656
    vertex -8.75 2.850727277477155 -84.07044184614686
  endloop
endfacet
facet normal -0.44574 0.115617 -0.887664
  outer loop
    vertex -9.769591644628582 1.36290882879853 -83.75224008237656
    vertex -9.780188713032489 4.196915630346696 -83.37779405646643
    vertex -8.75 2.850727277477155 -84.07044184614686
  endloop
endfacet
facet normal -0.384918 0.11948 -0.915185
  outer loop
    vertex -9.769591644628582 1.36290882879853 -83.75224008237656
    vertex -10.76127757598067 2.721924665506706 -83.1577228398772
    vertex -9.780188713032489 4.196915630346696 -83.37779405646643
  endloop
endfacet
facet normal -0.364604 0.190008 -0.911571
  outer loop
    vertex -8.75 2.850727277477155 -84.07044184614686
    vertex -9.780188713032489 4.196915630346696 -83.37779405646643
    vertex -8.75 5.650836661434593 -83.4867868652602
  endloop
endfacet
facet normal -0.433349 0.0236296 -0.900916
  outer loop
    vertex -14.12349064332649 1.729628760913738e-15 -81.70348184348593
    vertex -12.46017327502069 1.362908132190374 -82.46780592050943
    vertex -11.43674532166325 1.400597355083836e-15 -82.99583121744733
  endloop
endfacet
facet normal -0.430663 0.0261191 -0.902135
  outer loop
    vertex -12.46017327502069 1.362908132190374 -82.46780592050943
    vertex -9.769591644628582 1.36290882879853 -83.75224008237656
    vertex -11.43674532166325 1.400597355083836e-15 -82.99583121744733
  endloop
endfacet
facet normal -0.429423 0.0801597 -0.899539
  outer loop
    vertex -12.46017327502069 1.362908132190374 -82.46780592050943
    vertex -10.76127757598067 2.721924665506706 -83.1577228398772
    vertex -9.769591644628582 1.36290882879853 -83.75224008237656
  endloop
endfacet
facet normal -0.433274 0.0300764 -0.90076
  outer loop
    vertex -11.43674532166325 1.400597355083836e-15 -82.99583121744733
    vertex -9.769591644628582 1.36290882879853 -83.75224008237656
    vertex -8.75 1.071565949253934e-15 -84.28818059140875
  endloop
endfacet
facet normal -0.376907 0.19925 -0.904567
  outer loop
    vertex -8.75 5.650836661434593 -83.4867868652602
    vertex -9.780188713032489 4.196915630346696 -83.37779405646643
    vertex -10.73333585274394 5.907467259081787 -82.60385962220928
  endloop
endfacet
facet normal -0.398009 0.184783 -0.898579
  outer loop
    vertex -9.780188713032489 4.196915630346696 -83.37779405646643
    vertex -11.74660480040957 4.445266493167806 -82.45573602520325
    vertex -10.73333585274394 5.907467259081787 -82.60385962220928
  endloop
endfacet
facet normal -0.406535 0.1356 -0.903516
  outer loop
    vertex -9.780188713032489 4.196915630346696 -83.37779405646643
    vertex -10.76127757598067 2.721924665506706 -83.1577228398772
    vertex -11.74660480040957 4.445266493167806 -82.45573602520325
  endloop
endfacet
facet normal -0.389079 0.178063 -0.903831
  outer loop
    vertex -10.73333585274394 5.907467259081787 -82.60385962220928
    vertex -11.74660480040957 4.445266493167806 -82.45573602520325
    vertex -12.70931805962141 6.160050520207779 -81.70348184348593
  endloop
endfacet
facet normal -1 0 0
  outer loop
    vertex -8.75 3.828680041359973 -120
    vertex -8.75 1.914340020679987 -117.024015049284
    vertex -8.75 4.507514422692527 -117.9890729016808
  endloop
endfacet
facet normal -1 0 0
  outer loop
    vertex -8.75 1.914340020679987 -117.024015049284
    vertex -8.75 2.593174402012541 -115.0130879509648
    vertex -8.75 4.507514422692527 -117.9890729016808
  endloop
endfacet
facet normal -1 0 0
  outer loop
    vertex -8.75 1.914340020679987 -117.024015049284
    vertex -8.75 0 -114.0480300985681
    vertex -8.75 2.593174402012541 -115.0130879509648
  endloop
endfacet
facet normal -1 0 0
  outer loop
    vertex -8.75 4.507514422692527 -117.9890729016808
    vertex -8.75 2.593174402012541 -115.0130879509648
    vertex -8.75 5.186348804025082 -115.9781458033616
  endloop
endfacet
facet normal -1 0 -0
  outer loop
    vertex -8.75 15.54325012858276 -82.79970510942101
    vertex -8.75 17.77162506429138 -83.59083872362633
    vertex -8.75 15.12338481805459 -85.2643489340317
  endloop
endfacet
facet normal -1 0 0
  outer loop
    vertex -8.75 17.77162506429138 -83.59083872362633
    vertex -8.75 17.35175975376321 -86.05548254823701
    vertex -8.75 15.12338481805459 -85.2643489340317
  endloop
endfacet
facet normal -1 0 -0
  outer loop
    vertex -8.75 17.77162506429138 -83.59083872362633
    vertex -8.75 20 -84.38197233783164
    vertex -8.75 17.35175975376321 -86.05548254823701
  endloop
endfacet
facet normal -1 0 -0
  outer loop
    vertex -8.75 15.12338481805459 -85.2643489340317
    vertex -8.75 17.35175975376321 -86.05548254823701
    vertex -8.75 14.70351950752642 -87.72899275864239
  endloop
endfacet
facet normal -1 -0 0
  outer loop
    vertex -8.75 13.82868004135999 -117.8090138310842
    vertex -8.75 10.74302006203997 -118.9045069155421
    vertex -8.75 11.62183671463513 -116.1625948719002
  endloop
endfacet
facet normal -1 0 0
  outer loop
    vertex -8.75 10.74302006203997 -118.9045069155421
    vertex -8.75 8.536176735315102 -117.2580879563581
    vertex -8.75 11.62183671463513 -116.1625948719002
  endloop
endfacet
facet normal -1 -0 0
  outer loop
    vertex -8.75 10.74302006203997 -118.9045069155421
    vertex -8.75 7.657360082719945 -120
    vertex -8.75 8.536176735315102 -117.2580879563581
  endloop
endfacet
facet normal -1 -0 0
  outer loop
    vertex -8.75 11.62183671463513 -116.1625948719002
    vertex -8.75 8.536176735315102 -117.2580879563581
    vertex -8.75 9.414993387910259 -114.5161759127162
  endloop
endfacet
facet normal -1 0 -0
  outer loop
    vertex -8.75 20 -84.38197233783164
    vertex -8.75 20 -87.50557787026531
    vertex -8.75 17.35175975376321 -86.05548254823701
  endloop
endfacet
facet normal -1 -0 0
  outer loop
    vertex -8.75 20 -87.50557787026531
    vertex -8.75 17.35175975376321 -89.17908808067068
    vertex -8.75 17.35175975376321 -86.05548254823701
  endloop
endfacet
facet normal -1 0 -0
  outer loop
    vertex -8.75 20 -87.50557787026531
    vertex -8.75 20 -90.62918340269898
    vertex -8.75 17.35175975376321 -89.17908808067068
  endloop
endfacet
facet normal -1 0 -0
  outer loop
    vertex -8.75 17.35175975376321 -86.05548254823701
    vertex -8.75 17.35175975376321 -89.17908808067068
    vertex -8.75 14.70351950752642 -87.72899275864239
  endloop
endfacet
facet normal -1 0 0
  outer loop
    vertex -8.75 5.650836661434593 -83.4867868652602
    vertex -8.75 8.391566285494504 -82.66546347435964
    vertex -8.75 7.743488512447009 -84.89619307802772
  endloop
endfacet
facet normal -1 0 -0
  outer loop
    vertex -8.75 8.391566285494504 -82.66546347435964
    vertex -8.75 10.46132031031247 -84.00454086714059
    vertex -8.75 7.743488512447009 -84.89619307802772
  endloop
endfacet
facet normal -1 4.2478e-16 6.56564e-16
  outer loop
    vertex -8.75 8.391566285494504 -82.66546347435964
    vertex -8.749999999999998 11.08650025716551 -81.70348184348593
    vertex -8.75 10.46132031031247 -84.00454086714059
  endloop
endfacet
facet normal -1 0 0
  outer loop
    vertex -8.75 7.743488512447009 -84.89619307802772
    vertex -8.75 10.46132031031247 -84.00454086714059
    vertex -8.75 9.836140363459425 -86.30559929079524
  endloop
endfacet
facet normal -1 0 -0
  outer loop
    vertex -8.75 20 -90.62918340269898
    vertex -8.75 20 -93.75278893513266
    vertex -8.75 17.42531202326828 -92.27686987062965
  endloop
endfacet
facet normal -1 -0 0
  outer loop
    vertex -8.75 20 -93.75278893513266
    vertex -8.75 17.42531202326828 -95.40047540306331
    vertex -8.75 17.42531202326828 -92.27686987062965
  endloop
endfacet
facet normal -1 0 -0
  outer loop
    vertex -8.75 20 -93.75278893513266
    vertex -8.75 20 -96.87639446756631
    vertex -8.75 17.42531202326828 -95.40047540306331
  endloop
endfacet
facet normal -1 0 -0
  outer loop
    vertex -8.75 17.42531202326828 -92.27686987062965
    vertex -8.75 17.42531202326828 -95.40047540306331
    vertex -8.75 14.85062404653655 -93.92455633856032
  endloop
endfacet
facet normal -1 0 -0
  outer loop
    vertex -8.75 20 -96.87639446756631
    vertex -8.75 20 -99.99999999999999
    vertex -8.75 17.29487825751082 -98.43819723378316
  endloop
endfacet
facet normal -1 -0 0
  outer loop
    vertex -8.75 20 -99.99999999999999
    vertex -8.75 17.29487825751082 -101.5618027662168
    vertex -8.75 17.29487825751082 -98.43819723378316
  endloop
endfacet
facet normal -1 0 -0
  outer loop
    vertex -8.75 20 -99.99999999999999
    vertex -8.75 20 -103.1236055324337
    vertex -8.75 17.29487825751082 -101.5618027662168
  endloop
endfacet
facet normal -1 0 -0
  outer loop
    vertex -8.75 17.29487825751082 -98.43819723378316
    vertex -8.75 17.29487825751082 -101.5618027662168
    vertex -8.75 14.58975651502165 -99.99999999999999
  endloop
endfacet
facet normal -1 0 -0
  outer loop
    vertex -8.75 20 -103.1236055324337
    vertex -8.75 20 -106.2472110648673
    vertex -8.75 17.29487825751082 -104.6854082986505
  endloop
endfacet
facet normal -1 -0 0
  outer loop
    vertex -8.75 20 -106.2472110648673
    vertex -8.75 17.29487825751082 -107.8090138310842
    vertex -8.75 17.29487825751082 -104.6854082986505
  endloop
endfacet
facet normal -1 0 -0
  outer loop
    vertex -8.75 20 -106.2472110648673
    vertex -8.75 20 -109.370816597301
    vertex -8.75 17.29487825751082 -107.8090138310842
  endloop
endfacet
facet normal -1 0 -0
  outer loop
    vertex -8.75 17.29487825751082 -104.6854082986505
    vertex -8.75 17.29487825751082 -107.8090138310842
    vertex -8.75 14.58975651502165 -106.2472110648673
  endloop
endfacet
facet normal -1 -0 0
  outer loop
    vertex -8.75 20 -115.6180276621684
    vertex -8.75 16.91434002067999 -116.7135207466263
    vertex -8.75 17.41759519490018 -113.8436729254439
  endloop
endfacet
facet normal -1 0 0
  outer loop
    vertex -8.75 16.91434002067999 -116.7135207466263
    vertex -8.75 14.33193521558018 -114.9391660099018
    vertex -8.75 17.41759519490018 -113.8436729254439
  endloop
endfacet
facet normal -1 -0 0
  outer loop
    vertex -8.75 16.91434002067999 -116.7135207466263
    vertex -8.75 13.82868004135999 -117.8090138310842
    vertex -8.75 14.33193521558018 -114.9391660099018
  endloop
endfacet
facet normal -1 -0 0
  outer loop
    vertex -8.75 17.41759519490018 -113.8436729254439
    vertex -8.75 14.33193521558018 -114.9391660099018
    vertex -8.75 14.83519038980037 -112.0693181887194
  endloop
endfacet
facet normal -1 0 0
  outer loop
    vertex -8.75 0 -102.1440902957044
    vertex -8.75 0 -99.16810534498842
    vertex -8.75 2.549832012058144 -100.794746929515
  endloop
endfacet
facet normal -1 0 0
  outer loop
    vertex -8.75 0 -99.16810534498842
    vertex -8.75 2.549832012058144 -97.81876197879905
    vertex -8.75 2.549832012058144 -100.794746929515
  endloop
endfacet
facet normal -1 0 0
  outer loop
    vertex -8.75 0 -99.16810534498842
    vertex -8.75 0 -96.19212039427248
    vertex -8.75 2.549832012058144 -97.81876197879905
  endloop
endfacet
facet normal -1 0 0
  outer loop
    vertex -8.75 2.549832012058144 -100.794746929515
    vertex -8.75 2.549832012058144 -97.81876197879905
    vertex -8.75 5.099664024116288 -99.4454035633256
  endloop
endfacet
facet normal -1 0 0
  outer loop
    vertex -8.75 0 -96.19212039427248
    vertex -8.75 0 -93.21613544355655
    vertex -8.75 2.541784002779002 -94.79734927917261
  endloop
endfacet
facet normal -1 0 0
  outer loop
    vertex -8.75 0 -93.21613544355655
    vertex -8.75 2.541784002779002 -91.82136432845667
    vertex -8.75 2.541784002779002 -94.79734927917261
  endloop
endfacet
facet normal -1 0 0
  outer loop
    vertex -8.75 0 -93.21613544355655
    vertex -8.75 0 -90.24015049284061
    vertex -8.75 2.541784002779002 -91.82136432845667
  endloop
endfacet
facet normal -1 0 0
  outer loop
    vertex -8.75 2.541784002779002 -94.79734927917261
    vertex -8.75 2.541784002779002 -91.82136432845667
    vertex -8.75 5.083568005558003 -93.40257816407274
  endloop
endfacet
facet normal -1 0 0
  outer loop
    vertex -8.75 0 -108.0960601971362
    vertex -8.75 0 -105.1200752464203
    vertex -8.75 2.510352892371138 -106.8086195826329
  endloop
endfacet
facet normal -1 0 0
  outer loop
    vertex -8.75 0 -105.1200752464203
    vertex -8.75 2.510352892371138 -103.832634631917
    vertex -8.75 2.510352892371138 -106.8086195826329
  endloop
endfacet
facet normal -1 0 0
  outer loop
    vertex -8.75 0 -105.1200752464203
    vertex -8.75 0 -102.1440902957044
    vertex -8.75 2.510352892371138 -103.832634631917
  endloop
endfacet
facet normal -1 0 0
  outer loop
    vertex -8.75 2.510352892371138 -106.8086195826329
    vertex -8.75 2.510352892371138 -103.832634631917
    vertex -8.75 5.020705784742276 -105.5211789681296
  endloop
endfacet
facet normal -1 0 -0
  outer loop
    vertex -8.75 20 -109.370816597301
    vertex -8.75 20 -112.4944221297347
    vertex -8.75 17.41759519490018 -110.7200673930102
  endloop
endfacet
facet normal -1 -0 0
  outer loop
    vertex -8.75 20 -112.4944221297347
    vertex -8.75 17.41759519490018 -113.8436729254439
    vertex -8.75 17.41759519490018 -110.7200673930102
  endloop
endfacet
facet normal -1 0 -0
  outer loop
    vertex -8.75 20 -112.4944221297347
    vertex -8.75 20 -115.6180276621684
    vertex -8.75 17.41759519490018 -113.8436729254439
  endloop
endfacet
facet normal -1 0 -0
  outer loop
    vertex -8.75 17.41759519490018 -110.7200673930102
    vertex -8.75 17.41759519490018 -113.8436729254439
    vertex -8.75 14.83519038980037 -112.0693181887194
  endloop
endfacet
facet normal -1 0 -0
  outer loop
    vertex -8.75 14.85062404653655 -93.92455633856032
    vertex -8.75 17.42531202326828 -95.40047540306331
    vertex -8.75 14.7201902807791 -96.96227816928015
  endloop
endfacet
facet normal -1 0 0
  outer loop
    vertex -8.75 17.42531202326828 -95.40047540306331
    vertex -8.75 17.29487825751082 -98.43819723378316
    vertex -8.75 14.7201902807791 -96.96227816928015
  endloop
endfacet
facet normal -1 0 -0
  outer loop
    vertex -8.75 17.42531202326828 -95.40047540306331
    vertex -8.75 20 -96.87639446756631
    vertex -8.75 17.29487825751082 -98.43819723378316
  endloop
endfacet
facet normal -1 0 -0
  outer loop
    vertex -8.75 14.7201902807791 -96.96227816928015
    vertex -8.75 17.29487825751082 -98.43819723378316
    vertex -8.75 14.58975651502165 -99.99999999999999
  endloop
endfacet
facet normal -1 -0 0
  outer loop
    vertex -8.75 20 -103.1236055324337
    vertex -8.75 17.29487825751082 -104.6854082986505
    vertex -8.75 17.29487825751082 -101.5618027662168
  endloop
endfacet
facet normal -1 0 0
  outer loop
    vertex -8.75 17.29487825751082 -104.6854082986505
    vertex -8.75 14.58975651502165 -103.1236055324337
    vertex -8.75 17.29487825751082 -101.5618027662168
  endloop
endfacet
facet normal -1 -0 0
  outer loop
    vertex -8.75 17.29487825751082 -104.6854082986505
    vertex -8.75 14.58975651502165 -106.2472110648673
    vertex -8.75 14.58975651502165 -103.1236055324337
  endloop
endfacet
facet normal -1 -0 0
  outer loop
    vertex -8.75 17.29487825751082 -101.5618027662168
    vertex -8.75 14.58975651502165 -103.1236055324337
    vertex -8.75 14.58975651502165 -99.99999999999999
  endloop
endfacet
facet normal -1 0 0
  outer loop
    vertex -8.75 0 -90.24015049284061
    vertex -8.75 0 -87.26416554212469
    vertex -8.75 2.275931785985732 -89.27410595566829
  endloop
endfacet
facet normal -1 0 0
  outer loop
    vertex -8.75 0 -87.26416554212469
    vertex -8.75 2.275931785985732 -86.29812100495235
    vertex -8.75 2.275931785985732 -89.27410595566829
  endloop
endfacet
facet normal -1 0 0
  outer loop
    vertex -8.75 0 -87.26416554212469
    vertex -8.75 1.071565949253934e-15 -84.28818059140875
    vertex -8.75 2.275931785985732 -86.29812100495235
  endloop
endfacet
facet normal -1 0 0
  outer loop
    vertex -8.75 2.275931785985732 -89.27410595566829
    vertex -8.75 2.275931785985732 -86.29812100495235
    vertex -8.75 4.551863571971463 -88.30806141849595
  endloop
endfacet
facet normal -1 0 0
  outer loop
    vertex -8.75 1.071565949253934e-15 -84.28818059140875
    vertex -8.75 2.850727277477155 -84.07044184614686
    vertex -8.75 2.275931785985732 -86.29812100495235
  endloop
endfacet
facet normal -1 0 -0
  outer loop
    vertex -8.75 2.850727277477155 -84.07044184614686
    vertex -8.75 5.101350116703028 -85.89742414187808
    vertex -8.75 2.275931785985732 -86.29812100495235
  endloop
endfacet
facet normal -1 0 0
  outer loop
    vertex -8.75 2.850727277477155 -84.07044184614686
    vertex -8.75 5.650836661434593 -83.4867868652602
    vertex -8.75 5.101350116703028 -85.89742414187808
  endloop
endfacet
facet normal -1 0 0
  outer loop
    vertex -8.75 2.275931785985732 -86.29812100495235
    vertex -8.75 5.101350116703028 -85.89742414187808
    vertex -8.75 4.551863571971463 -88.30806141849595
  endloop
endfacet
facet normal -1 0 0
  outer loop
    vertex -8.75 0 -114.0480300985681
    vertex -8.75 0 -111.0720451478522
    vertex -8.75 2.515355254067617 -112.6872765520459
  endloop
endfacet
facet normal -1 0 0
  outer loop
    vertex -8.75 0 -111.0720451478522
    vertex -8.75 2.515355254067617 -109.7112916013299
    vertex -8.75 2.515355254067617 -112.6872765520459
  endloop
endfacet
facet normal -1 0 0
  outer loop
    vertex -8.75 0 -111.0720451478522
    vertex -8.75 0 -108.0960601971362
    vertex -8.75 2.515355254067617 -109.7112916013299
  endloop
endfacet
facet normal -1 0 0
  outer loop
    vertex -8.75 2.515355254067617 -112.6872765520459
    vertex -8.75 2.515355254067617 -109.7112916013299
    vertex -8.75 5.030710508135234 -111.3265230055236
  endloop
endfacet
facet normal -1 0 0
  outer loop
    vertex -8.75 5.099664024116288 -99.4454035633256
    vertex -8.75 2.549832012058144 -97.81876197879905
    vertex -8.75 5.091616014837146 -96.42399086369917
  endloop
endfacet
facet normal -1 0 0
  outer loop
    vertex -8.75 2.549832012058144 -97.81876197879905
    vertex -8.75 2.541784002779002 -94.79734927917261
    vertex -8.75 5.091616014837146 -96.42399086369917
  endloop
endfacet
facet normal -1 0 0
  outer loop
    vertex -8.75 2.549832012058144 -97.81876197879905
    vertex -8.75 0 -96.19212039427248
    vertex -8.75 2.541784002779002 -94.79734927917261
  endloop
endfacet
facet normal -1 0 0
  outer loop
    vertex -8.75 5.091616014837146 -96.42399086369917
    vertex -8.75 2.541784002779002 -94.79734927917261
    vertex -8.75 5.083568005558003 -93.40257816407274
  endloop
endfacet
facet normal -1 0 0
  outer loop
    vertex -8.75 0 -102.1440902957044
    vertex -8.75 2.549832012058144 -100.794746929515
    vertex -8.75 2.510352892371138 -103.832634631917
  endloop
endfacet
facet normal -1 0 -0
  outer loop
    vertex -8.75 2.549832012058144 -100.794746929515
    vertex -8.75 5.060184904429282 -102.4832912657276
    vertex -8.75 2.510352892371138 -103.832634631917
  endloop
endfacet
facet normal -1 0 0
  outer loop
    vertex -8.75 2.549832012058144 -100.794746929515
    vertex -8.75 5.099664024116288 -99.4454035633256
    vertex -8.75 5.060184904429282 -102.4832912657276
  endloop
endfacet
facet normal -1 0 0
  outer loop
    vertex -8.75 2.510352892371138 -103.832634631917
    vertex -8.75 5.060184904429282 -102.4832912657276
    vertex -8.75 5.020705784742276 -105.5211789681296
  endloop
endfacet
facet normal -1 0 0
  outer loop
    vertex -8.75 14.58975651502165 -106.2472110648673
    vertex -8.75 17.29487825751082 -107.8090138310842
    vertex -8.75 14.71247345241101 -109.1582646267934
  endloop
endfacet
facet normal -1 0 -0
  outer loop
    vertex -8.75 17.29487825751082 -107.8090138310842
    vertex -8.75 17.41759519490018 -110.7200673930102
    vertex -8.75 14.71247345241101 -109.1582646267934
  endloop
endfacet
facet normal -1 0 0
  outer loop
    vertex -8.75 17.29487825751082 -107.8090138310842
    vertex -8.75 20 -109.370816597301
    vertex -8.75 17.41759519490018 -110.7200673930102
  endloop
endfacet
facet normal -1 0 0
  outer loop
    vertex -8.75 14.71247345241101 -109.1582646267934
    vertex -8.75 17.41759519490018 -110.7200673930102
    vertex -8.75 14.83519038980037 -112.0693181887194
  endloop
endfacet
facet normal -1 0 0
  outer loop
    vertex -8.75 0 -108.0960601971362
    vertex -8.75 2.510352892371138 -106.8086195826329
    vertex -8.75 2.515355254067617 -109.7112916013299
  endloop
endfacet
facet normal -1 0 0
  outer loop
    vertex -8.75 2.510352892371138 -106.8086195826329
    vertex -8.75 5.025708146438755 -108.4238509868266
    vertex -8.75 2.515355254067617 -109.7112916013299
  endloop
endfacet
facet normal -1 0 0
  outer loop
    vertex -8.75 2.510352892371138 -106.8086195826329
    vertex -8.75 5.020705784742276 -105.5211789681296
    vertex -8.75 5.025708146438755 -108.4238509868266
  endloop
endfacet
facet normal -1 0 0
  outer loop
    vertex -8.75 2.515355254067617 -109.7112916013299
    vertex -8.75 5.025708146438755 -108.4238509868266
    vertex -8.75 5.030710508135234 -111.3265230055236
  endloop
endfacet
facet normal -1 0 0
  outer loop
    vertex -8.75 0 -114.0480300985681
    vertex -8.75 2.515355254067617 -112.6872765520459
    vertex -8.75 2.593174402012541 -115.0130879509648
  endloop
endfacet
facet normal -1 0 0
  outer loop
    vertex -8.75 2.515355254067617 -112.6872765520459
    vertex -8.75 5.108529656080158 -113.6523344044426
    vertex -8.75 2.593174402012541 -115.0130879509648
  endloop
endfacet
facet normal -1 0 0
  outer loop
    vertex -8.75 2.515355254067617 -112.6872765520459
    vertex -8.75 5.030710508135234 -111.3265230055236
    vertex -8.75 5.108529656080158 -113.6523344044426
  endloop
endfacet
facet normal -1 0 0
  outer loop
    vertex -8.75 2.593174402012541 -115.0130879509648
    vertex -8.75 5.108529656080158 -113.6523344044426
    vertex -8.75 5.186348804025082 -115.9781458033616
  endloop
endfacet
facet normal -1 0 0
  outer loop
    vertex -8.75 5.099664024116288 -99.4454035633256
    vertex -8.75 7.605276550728995 -98.16089901544596
    vertex -8.75 7.585180460533623 -101.2321607593684
  endloop
endfacet
facet normal -1 0 -0
  outer loop
    vertex -8.75 7.605276550728995 -98.16089901544596
    vertex -8.75 10.09079298714633 -99.94765621148876
    vertex -8.75 7.585180460533623 -101.2321607593684
  endloop
endfacet
facet normal -1 0 0
  outer loop
    vertex -8.75 7.605276550728995 -98.16089901544596
    vertex -8.75 10.1108890773417 -96.87639446756631
    vertex -8.75 10.09079298714633 -99.94765621148876
  endloop
endfacet
facet normal -1 0 0
  outer loop
    vertex -8.75 7.585180460533623 -101.2321607593684
    vertex -8.75 10.09079298714633 -99.94765621148876
    vertex -8.75 10.07069689695096 -103.0189179554112
  endloop
endfacet
facet normal -1 0 0
  outer loop
    vertex -8.75 9.890790777672676 -108.9278688626157
    vertex -8.75 7.455748281207476 -107.2245239153727
    vertex -8.75 9.980743837311817 -105.9733934090135
  endloop
endfacet
facet normal -1 0 0
  outer loop
    vertex -8.75 7.455748281207476 -107.2245239153727
    vertex -8.75 7.545701340846616 -104.2700484617704
    vertex -8.75 9.980743837311817 -105.9733934090135
  endloop
endfacet
facet normal -1 0 0
  outer loop
    vertex -8.75 7.455748281207476 -107.2245239153727
    vertex -8.75 5.020705784742276 -105.5211789681296
    vertex -8.75 7.545701340846616 -104.2700484617704
  endloop
endfacet
facet normal -1 0 0
  outer loop
    vertex -8.75 9.980743837311817 -105.9733934090135
    vertex -8.75 7.545701340846616 -104.2700484617704
    vertex -8.75 10.07069689695096 -103.0189179554112
  endloop
endfacet
facet normal -1 -0 0
  outer loop
    vertex -8.75 20 -90.62918340269898
    vertex -8.75 17.42531202326828 -92.27686987062965
    vertex -8.75 17.35175975376321 -89.17908808067068
  endloop
endfacet
facet normal -1 0 0
  outer loop
    vertex -8.75 17.42531202326828 -92.27686987062965
    vertex -8.75 14.77707177703149 -90.82677454860135
    vertex -8.75 17.35175975376321 -89.17908808067068
  endloop
endfacet
facet normal -1 -0 0
  outer loop
    vertex -8.75 17.42531202326828 -92.27686987062965
    vertex -8.75 14.85062404653655 -93.92455633856032
    vertex -8.75 14.77707177703149 -90.82677454860135
  endloop
endfacet
facet normal -1 -0 0
  outer loop
    vertex -8.75 17.35175975376321 -89.17908808067068
    vertex -8.75 14.77707177703149 -90.82677454860135
    vertex -8.75 14.70351950752642 -87.72899275864239
  endloop
endfacet
facet normal -1 0 0
  outer loop
    vertex -8.75 13.82868004135999 -117.8090138310842
    vertex -8.75 11.62183671463513 -116.1625948719002
    vertex -8.75 14.33193521558018 -114.9391660099018
  endloop
endfacet
facet normal -1 0 0
  outer loop
    vertex -8.75 11.62183671463513 -116.1625948719002
    vertex -8.75 12.12509188885531 -113.2927470507178
    vertex -8.75 14.33193521558018 -114.9391660099018
  endloop
endfacet
facet normal -1 0 0
  outer loop
    vertex -8.75 11.62183671463513 -116.1625948719002
    vertex -8.75 9.414993387910259 -114.5161759127162
    vertex -8.75 12.12509188885531 -113.2927470507178
  endloop
endfacet
facet normal -1 0 0
  outer loop
    vertex -8.75 14.33193521558018 -114.9391660099018
    vertex -8.75 12.12509188885531 -113.2927470507178
    vertex -8.75 14.83519038980037 -112.0693181887194
  endloop
endfacet
facet normal -1 0 0
  outer loop
    vertex -8.75 5.030710508135234 -111.3265230055236
    vertex -8.75 5.025708146438755 -108.4238509868266
    vertex -8.75 7.460750642903955 -110.1271959340697
  endloop
endfacet
facet normal -1 0 0
  outer loop
    vertex -8.75 5.025708146438755 -108.4238509868266
    vertex -8.75 7.455748281207476 -107.2245239153727
    vertex -8.75 7.460750642903955 -110.1271959340697
  endloop
endfacet
facet normal -1 0 0
  outer loop
    vertex -8.75 5.025708146438755 -108.4238509868266
    vertex -8.75 5.020705784742276 -105.5211789681296
    vertex -8.75 7.455748281207476 -107.2245239153727
  endloop
endfacet
facet normal -1 0 0
  outer loop
    vertex -8.75 7.460750642903955 -110.1271959340697
    vertex -8.75 7.455748281207476 -107.2245239153727
    vertex -8.75 9.890790777672676 -108.9278688626157
  endloop
endfacet
facet normal -1 0 0
  outer loop
    vertex -8.75 5.020705784742276 -105.5211789681296
    vertex -8.75 5.060184904429282 -102.4832912657276
    vertex -8.75 7.545701340846616 -104.2700484617704
  endloop
endfacet
facet normal -1 0 0
  outer loop
    vertex -8.75 5.060184904429282 -102.4832912657276
    vertex -8.75 7.585180460533623 -101.2321607593684
    vertex -8.75 7.545701340846616 -104.2700484617704
  endloop
endfacet
facet normal -1 0 0
  outer loop
    vertex -8.75 5.060184904429282 -102.4832912657276
    vertex -8.75 5.099664024116288 -99.4454035633256
    vertex -8.75 7.585180460533623 -101.2321607593684
  endloop
endfacet
facet normal -1 0 0
  outer loop
    vertex -8.75 7.545701340846616 -104.2700484617704
    vertex -8.75 7.585180460533623 -101.2321607593684
    vertex -8.75 10.07069689695096 -103.0189179554112
  endloop
endfacet
facet normal -1 0 0
  outer loop
    vertex -8.75 5.099664024116288 -99.4454035633256
    vertex -8.75 5.091616014837146 -96.42399086369917
    vertex -8.75 7.605276550728995 -98.16089901544596
  endloop
endfacet
facet normal -1 0 0
  outer loop
    vertex -8.75 5.091616014837146 -96.42399086369917
    vertex -8.75 7.597228541449852 -95.13948631581952
    vertex -8.75 7.605276550728995 -98.16089901544596
  endloop
endfacet
facet normal -1 0 0
  outer loop
    vertex -8.75 5.091616014837146 -96.42399086369917
    vertex -8.75 5.083568005558003 -93.40257816407274
    vertex -8.75 7.597228541449852 -95.13948631581952
  endloop
endfacet
facet normal -1 0 0
  outer loop
    vertex -8.75 7.605276550728995 -98.16089901544596
    vertex -8.75 7.597228541449852 -95.13948631581952
    vertex -8.75 10.1108890773417 -96.87639446756631
  endloop
endfacet
facet normal -1 -5.82378e-16 8.73182e-16
  outer loop
    vertex -8.749999999999998 11.08650025716551 -81.70348184348593
    vertex -8.75 13.31487519287414 -82.25159377645348
    vertex -8.75 11.93942641067452 -83.16896367203604
  endloop
endfacet
facet normal -1 0 -0
  outer loop
    vertex -8.75 13.31487519287414 -82.25159377645348
    vertex -8.75 14.16780134638314 -83.71707500500358
    vertex -8.75 11.93942641067452 -83.16896367203604
  endloop
endfacet
facet normal -1 0 0
  outer loop
    vertex -8.75 13.31487519287414 -82.25159377645348
    vertex -8.75 15.54325012858276 -82.79970510942101
    vertex -8.75 14.16780134638314 -83.71707500500358
  endloop
endfacet
facet normal -1 0 0
  outer loop
    vertex -8.75 11.93942641067452 -83.16896367203604
    vertex -8.75 14.16780134638314 -83.71707500500358
    vertex -8.75 12.79235256418353 -84.63444490058615
  endloop
endfacet
facet normal -1 -0 0
  outer loop
    vertex -8.75 14.83519038980037 -112.0693181887194
    vertex -8.75 12.12509188885531 -113.2927470507178
    vertex -8.75 12.36299058373652 -110.4985935256676
  endloop
endfacet
facet normal -1 0 0
  outer loop
    vertex -8.75 12.12509188885531 -113.2927470507178
    vertex -8.75 9.652892082791467 -111.722022387666
    vertex -8.75 12.36299058373652 -110.4985935256676
  endloop
endfacet
facet normal -1 -0 0
  outer loop
    vertex -8.75 12.12509188885531 -113.2927470507178
    vertex -8.75 9.414993387910259 -114.5161759127162
    vertex -8.75 9.652892082791467 -111.722022387666
  endloop
endfacet
facet normal -1 -0 0
  outer loop
    vertex -8.75 12.36299058373652 -110.4985935256676
    vertex -8.75 9.652892082791467 -111.722022387666
    vertex -8.75 9.890790777672676 -108.9278688626157
  endloop
endfacet
facet normal -1 0 0
  outer loop
    vertex -8.75 14.85062404653655 -93.92455633856032
    vertex -8.75 14.7201902807791 -96.96227816928015
    vertex -8.75 12.48075656193913 -95.40047540306331
  endloop
endfacet
facet normal -1 -0 0
  outer loop
    vertex -8.75 14.7201902807791 -96.96227816928015
    vertex -8.75 12.35032279618168 -98.43819723378316
    vertex -8.75 12.48075656193913 -95.40047540306331
  endloop
endfacet
facet normal -1 0 0
  outer loop
    vertex -8.75 14.7201902807791 -96.96227816928015
    vertex -8.75 14.58975651502165 -99.99999999999999
    vertex -8.75 12.35032279618168 -98.43819723378316
  endloop
endfacet
facet normal -1 0 0
  outer loop
    vertex -8.75 12.48075656193913 -95.40047540306331
    vertex -8.75 12.35032279618168 -98.43819723378316
    vertex -8.75 10.1108890773417 -96.87639446756631
  endloop
endfacet
facet normal -1 0 -0
  outer loop
    vertex -8.75 10.1108890773417 -96.87639446756631
    vertex -8.75 12.35032279618168 -98.43819723378316
    vertex -8.75 10.09079298714633 -99.94765621148876
  endloop
endfacet
facet normal -1 0 0
  outer loop
    vertex -8.75 12.35032279618168 -98.43819723378316
    vertex -8.75 12.3302267059863 -101.5094589777056
    vertex -8.75 10.09079298714633 -99.94765621148876
  endloop
endfacet
facet normal -1 0 -0
  outer loop
    vertex -8.75 12.35032279618168 -98.43819723378316
    vertex -8.75 14.58975651502165 -99.99999999999999
    vertex -8.75 12.3302267059863 -101.5094589777056
  endloop
endfacet
facet normal -1 0 -0
  outer loop
    vertex -8.75 10.09079298714633 -99.94765621148876
    vertex -8.75 12.3302267059863 -101.5094589777056
    vertex -8.75 10.07069689695096 -103.0189179554112
  endloop
endfacet
facet normal -1 0 0
  outer loop
    vertex -8.75 14.58975651502165 -99.99999999999999
    vertex -8.75 14.58975651502165 -103.1236055324337
    vertex -8.75 12.3302267059863 -101.5094589777056
  endloop
endfacet
facet normal -1 -0 0
  outer loop
    vertex -8.75 14.58975651502165 -103.1236055324337
    vertex -8.75 12.3302267059863 -104.6330645101393
    vertex -8.75 12.3302267059863 -101.5094589777056
  endloop
endfacet
facet normal -1 0 0
  outer loop
    vertex -8.75 14.58975651502165 -103.1236055324337
    vertex -8.75 14.58975651502165 -106.2472110648673
    vertex -8.75 12.3302267059863 -104.6330645101393
  endloop
endfacet
facet normal -1 0 0
  outer loop
    vertex -8.75 12.3302267059863 -101.5094589777056
    vertex -8.75 12.3302267059863 -104.6330645101393
    vertex -8.75 10.07069689695096 -103.0189179554112
  endloop
endfacet
facet normal -1 -0 0
  outer loop
    vertex -8.75 14.58975651502165 -106.2472110648673
    vertex -8.75 12.24027364634716 -107.5875399637415
    vertex -8.75 12.3302267059863 -104.6330645101393
  endloop
endfacet
facet normal -1 0 0
  outer loop
    vertex -8.75 12.24027364634716 -107.5875399637415
    vertex -8.75 9.980743837311817 -105.9733934090135
    vertex -8.75 12.3302267059863 -104.6330645101393
  endloop
endfacet
facet normal -1 -0 0
  outer loop
    vertex -8.75 12.24027364634716 -107.5875399637415
    vertex -8.75 9.890790777672676 -108.9278688626157
    vertex -8.75 9.980743837311817 -105.9733934090135
  endloop
endfacet
facet normal -1 -0 0
  outer loop
    vertex -8.75 12.3302267059863 -104.6330645101393
    vertex -8.75 9.980743837311817 -105.9733934090135
    vertex -8.75 10.07069689695096 -103.0189179554112
  endloop
endfacet
facet normal -1 0 0
  outer loop
    vertex -8.75 10.1108890773417 -96.87639446756631
    vertex -8.75 7.597228541449852 -95.13948631581952
    vertex -8.75 10.05352508187732 -94.09033487149158
  endloop
endfacet
facet normal -1 0 0
  outer loop
    vertex -8.75 7.597228541449852 -95.13948631581952
    vertex -8.75 7.539864545985467 -92.35342671974479
    vertex -8.75 10.05352508187732 -94.09033487149158
  endloop
endfacet
facet normal -1 0 0
  outer loop
    vertex -8.75 7.597228541449852 -95.13948631581952
    vertex -8.75 5.083568005558003 -93.40257816407274
    vertex -8.75 7.539864545985467 -92.35342671974479
  endloop
endfacet
facet normal -1 0 0
  outer loop
    vertex -8.75 10.05352508187732 -94.09033487149158
    vertex -8.75 7.539864545985467 -92.35342671974479
    vertex -8.75 9.996161086412931 -91.30427527541684
  endloop
endfacet
facet normal -1 0 0
  outer loop
    vertex -8.75 9.836140363459425 -86.30559929079524
    vertex -8.75 12.26982993549292 -87.01729602471882
    vertex -8.75 9.916150724936177 -88.80493728310604
  endloop
endfacet
facet normal -1 0 -0
  outer loop
    vertex -8.75 12.26982993549292 -87.01729602471882
    vertex -8.75 12.34984029696967 -89.51663401702962
    vertex -8.75 9.916150724936177 -88.80493728310604
  endloop
endfacet
facet normal -1 0 0
  outer loop
    vertex -8.75 12.26982993549292 -87.01729602471882
    vertex -8.75 14.70351950752642 -87.72899275864239
    vertex -8.75 12.34984029696967 -89.51663401702962
  endloop
endfacet
facet normal -1 0 0
  outer loop
    vertex -8.75 9.916150724936177 -88.80493728310604
    vertex -8.75 12.34984029696967 -89.51663401702962
    vertex -8.75 9.996161086412931 -91.30427527541684
  endloop
endfacet
facet normal -1 0 0
  outer loop
    vertex -8.75 4.551863571971463 -88.30806141849595
    vertex -8.75 7.194001967715444 -87.3068303546456
    vertex -8.75 7.274012329192197 -89.8061683469564
  endloop
endfacet
facet normal -1 0 0
  outer loop
    vertex -8.75 7.194001967715444 -87.3068303546456
    vertex -8.75 9.916150724936177 -88.80493728310604
    vertex -8.75 7.274012329192197 -89.8061683469564
  endloop
endfacet
facet normal -1 0 0
  outer loop
    vertex -8.75 7.194001967715444 -87.3068303546456
    vertex -8.75 9.836140363459425 -86.30559929079524
    vertex -8.75 9.916150724936177 -88.80493728310604
  endloop
endfacet
facet normal -1 0 0
  outer loop
    vertex -8.75 7.274012329192197 -89.8061683469564
    vertex -8.75 9.916150724936177 -88.80493728310604
    vertex -8.75 9.996161086412931 -91.30427527541684
  endloop
endfacet
facet normal -1 0 0
  outer loop
    vertex -8.75 9.414993387910259 -114.5161759127162
    vertex -8.75 8.536176735315102 -117.2580879563581
    vertex -8.75 7.300671095967671 -115.2471608580389
  endloop
endfacet
facet normal -1 -0 0
  outer loop
    vertex -8.75 8.536176735315102 -117.2580879563581
    vertex -8.75 6.421854443372514 -117.9890729016808
    vertex -8.75 7.300671095967671 -115.2471608580389
  endloop
endfacet
facet normal -1 0 0
  outer loop
    vertex -8.75 8.536176735315102 -117.2580879563581
    vertex -8.75 7.657360082719945 -120
    vertex -8.75 6.421854443372514 -117.9890729016808
  endloop
endfacet
facet normal -1 0 0
  outer loop
    vertex -8.75 7.300671095967671 -115.2471608580389
    vertex -8.75 6.421854443372514 -117.9890729016808
    vertex -8.75 5.186348804025082 -115.9781458033616
  endloop
endfacet
facet normal -1 0 0
  outer loop
    vertex -8.75 5.083568005558003 -93.40257816407274
    vertex -8.75 2.541784002779002 -91.82136432845667
    vertex -8.75 4.817715788764733 -90.85531979128434
  endloop
endfacet
facet normal -1 0 0
  outer loop
    vertex -8.75 2.541784002779002 -91.82136432845667
    vertex -8.75 2.275931785985732 -89.27410595566829
    vertex -8.75 4.817715788764733 -90.85531979128434
  endloop
endfacet
facet normal -1 0 0
  outer loop
    vertex -8.75 2.541784002779002 -91.82136432845667
    vertex -8.75 0 -90.24015049284061
    vertex -8.75 2.275931785985732 -89.27410595566829
  endloop
endfacet
facet normal -1 0 0
  outer loop
    vertex -8.75 4.817715788764733 -90.85531979128434
    vertex -8.75 2.275931785985732 -89.27410595566829
    vertex -8.75 4.551863571971463 -88.30806141849595
  endloop
endfacet
facet normal -1 0 -0
  outer loop
    vertex -8.75 14.58975651502165 -106.2472110648673
    vertex -8.75 14.71247345241101 -109.1582646267934
    vertex -8.75 12.24027364634716 -107.5875399637415
  endloop
endfacet
facet normal -1 -0 0
  outer loop
    vertex -8.75 14.71247345241101 -109.1582646267934
    vertex -8.75 12.36299058373652 -110.4985935256676
    vertex -8.75 12.24027364634716 -107.5875399637415
  endloop
endfacet
facet normal -1 0 -0
  outer loop
    vertex -8.75 14.71247345241101 -109.1582646267934
    vertex -8.75 14.83519038980037 -112.0693181887194
    vertex -8.75 12.36299058373652 -110.4985935256676
  endloop
endfacet
facet normal -1 0 -0
  outer loop
    vertex -8.75 12.24027364634716 -107.5875399637415
    vertex -8.75 12.36299058373652 -110.4985935256676
    vertex -8.75 9.890790777672676 -108.9278688626157
  endloop
endfacet
facet normal -1 0 0
  outer loop
    vertex -8.75 7.657360082719945 -120
    vertex -8.75 5.743020062039959 -120
    vertex -8.75 6.421854443372514 -117.9890729016808
  endloop
endfacet
facet normal -1 0 0
  outer loop
    vertex -8.75 5.743020062039959 -120
    vertex -8.75 4.507514422692527 -117.9890729016808
    vertex -8.75 6.421854443372514 -117.9890729016808
  endloop
endfacet
facet normal -1 0 0
  outer loop
    vertex -8.75 5.743020062039959 -120
    vertex -8.75 3.828680041359973 -120
    vertex -8.75 4.507514422692527 -117.9890729016808
  endloop
endfacet
facet normal -1 0 0
  outer loop
    vertex -8.75 6.421854443372514 -117.9890729016808
    vertex -8.75 4.507514422692527 -117.9890729016808
    vertex -8.75 5.186348804025082 -115.9781458033616
  endloop
endfacet
facet normal -1 0 0
  outer loop
    vertex -8.75 5.083568005558003 -93.40257816407274
    vertex -8.75 4.817715788764733 -90.85531979128434
    vertex -8.75 7.539864545985467 -92.35342671974479
  endloop
endfacet
facet normal -1 0 0
  outer loop
    vertex -8.75 4.817715788764733 -90.85531979128434
    vertex -8.75 7.274012329192197 -89.8061683469564
    vertex -8.75 7.539864545985467 -92.35342671974479
  endloop
endfacet
facet normal -1 0 0
  outer loop
    vertex -8.75 4.817715788764733 -90.85531979128434
    vertex -8.75 4.551863571971463 -88.30806141849595
    vertex -8.75 7.274012329192197 -89.8061683469564
  endloop
endfacet
facet normal -1 0 0
  outer loop
    vertex -8.75 7.539864545985467 -92.35342671974479
    vertex -8.75 7.274012329192197 -89.8061683469564
    vertex -8.75 9.996161086412931 -91.30427527541684
  endloop
endfacet
facet normal -1 0 0
  outer loop
    vertex -8.75 9.414993387910259 -114.5161759127162
    vertex -8.75 7.222851948022747 -112.9213494591199
    vertex -8.75 9.652892082791467 -111.722022387666
  endloop
endfacet
facet normal -1 0 0
  outer loop
    vertex -8.75 7.222851948022747 -112.9213494591199
    vertex -8.75 7.460750642903955 -110.1271959340697
    vertex -8.75 9.652892082791467 -111.722022387666
  endloop
endfacet
facet normal -1 0 0
  outer loop
    vertex -8.75 7.222851948022747 -112.9213494591199
    vertex -8.75 5.030710508135234 -111.3265230055236
    vertex -8.75 7.460750642903955 -110.1271959340697
  endloop
endfacet
facet normal -1 0 0
  outer loop
    vertex -8.75 9.652892082791467 -111.722022387666
    vertex -8.75 7.460750642903955 -110.1271959340697
    vertex -8.75 9.890790777672676 -108.9278688626157
  endloop
endfacet
facet normal -1 0 -0
  outer loop
    vertex -8.75 14.70351950752642 -87.72899275864239
    vertex -8.75 14.77707177703149 -90.82677454860135
    vertex -8.75 12.34984029696967 -89.51663401702962
  endloop
endfacet
facet normal -1 -0 0
  outer loop
    vertex -8.75 14.77707177703149 -90.82677454860135
    vertex -8.75 12.42339256647474 -92.61441580698857
    vertex -8.75 12.34984029696967 -89.51663401702962
  endloop
endfacet
facet normal -1 0 -0
  outer loop
    vertex -8.75 14.77707177703149 -90.82677454860135
    vertex -8.75 14.85062404653655 -93.92455633856032
    vertex -8.75 12.42339256647474 -92.61441580698857
  endloop
endfacet
facet normal -1 0 -0
  outer loop
    vertex -8.75 12.34984029696967 -89.51663401702962
    vertex -8.75 12.42339256647474 -92.61441580698857
    vertex -8.75 9.996161086412931 -91.30427527541684
  endloop
endfacet
facet normal -1 -0 0
  outer loop
    vertex -8.75 14.85062404653655 -93.92455633856032
    vertex -8.75 12.48075656193913 -95.40047540306331
    vertex -8.75 12.42339256647474 -92.61441580698857
  endloop
endfacet
facet normal -1 0 0
  outer loop
    vertex -8.75 12.48075656193913 -95.40047540306331
    vertex -8.75 10.05352508187732 -94.09033487149158
    vertex -8.75 12.42339256647474 -92.61441580698857
  endloop
endfacet
facet normal -1 -0 0
  outer loop
    vertex -8.75 12.48075656193913 -95.40047540306331
    vertex -8.75 10.1108890773417 -96.87639446756631
    vertex -8.75 10.05352508187732 -94.09033487149158
  endloop
endfacet
facet normal -1 -0 0
  outer loop
    vertex -8.75 12.42339256647474 -92.61441580698857
    vertex -8.75 10.05352508187732 -94.09033487149158
    vertex -8.75 9.996161086412931 -91.30427527541684
  endloop
endfacet
facet normal -1 0 -0
  outer loop
    vertex -8.75 5.650836661434593 -83.4867868652602
    vertex -8.75 7.743488512447009 -84.89619307802772
    vertex -8.75 5.101350116703028 -85.89742414187808
  endloop
endfacet
facet normal -1 0 0
  outer loop
    vertex -8.75 7.743488512447009 -84.89619307802772
    vertex -8.75 7.194001967715444 -87.3068303546456
    vertex -8.75 5.101350116703028 -85.89742414187808
  endloop
endfacet
facet normal -1 0 -0
  outer loop
    vertex -8.75 7.743488512447009 -84.89619307802772
    vertex -8.75 9.836140363459425 -86.30559929079524
    vertex -8.75 7.194001967715444 -87.3068303546456
  endloop
endfacet
facet normal -1 0 -0
  outer loop
    vertex -8.75 5.101350116703028 -85.89742414187808
    vertex -8.75 7.194001967715444 -87.3068303546456
    vertex -8.75 4.551863571971463 -88.30806141849595
  endloop
endfacet
facet normal -1 0 0
  outer loop
    vertex -8.75 15.54325012858276 -82.79970510942101
    vertex -8.75 15.12338481805459 -85.2643489340317
    vertex -8.75 14.16780134638314 -83.71707500500358
  endloop
endfacet
facet normal -1 -0 0
  outer loop
    vertex -8.75 15.12338481805459 -85.2643489340317
    vertex -8.75 13.74793603585497 -86.18171882961427
    vertex -8.75 14.16780134638314 -83.71707500500358
  endloop
endfacet
facet normal -1 0 0
  outer loop
    vertex -8.75 15.12338481805459 -85.2643489340317
    vertex -8.75 14.70351950752642 -87.72899275864239
    vertex -8.75 13.74793603585497 -86.18171882961427
  endloop
endfacet
facet normal -1 0 0
  outer loop
    vertex -8.75 14.16780134638314 -83.71707500500358
    vertex -8.75 13.74793603585497 -86.18171882961427
    vertex -8.75 12.79235256418353 -84.63444490058615
  endloop
endfacet
facet normal -1 0 0
  outer loop
    vertex -8.75 14.70351950752642 -87.72899275864239
    vertex -8.75 12.26982993549292 -87.01729602471882
    vertex -8.75 13.74793603585497 -86.18171882961427
  endloop
endfacet
facet normal -1 0 0
  outer loop
    vertex -8.75 12.26982993549292 -87.01729602471882
    vertex -8.75 11.31424646382148 -85.47002209569069
    vertex -8.75 13.74793603585497 -86.18171882961427
  endloop
endfacet
facet normal -1 0 0
  outer loop
    vertex -8.75 12.26982993549292 -87.01729602471882
    vertex -8.75 9.836140363459425 -86.30559929079524
    vertex -8.75 11.31424646382148 -85.47002209569069
  endloop
endfacet
facet normal -1 0 0
  outer loop
    vertex -8.75 13.74793603585497 -86.18171882961427
    vertex -8.75 11.31424646382148 -85.47002209569069
    vertex -8.75 12.79235256418353 -84.63444490058615
  endloop
endfacet
facet normal -1 0 0
  outer loop
    vertex -8.75 5.030710508135234 -111.3265230055236
    vertex -8.75 7.222851948022747 -112.9213494591199
    vertex -8.75 5.108529656080158 -113.6523344044426
  endloop
endfacet
facet normal -1 0 -0
  outer loop
    vertex -8.75 7.222851948022747 -112.9213494591199
    vertex -8.75 7.300671095967671 -115.2471608580389
    vertex -8.75 5.108529656080158 -113.6523344044426
  endloop
endfacet
facet normal -1 0 0
  outer loop
    vertex -8.75 7.222851948022747 -112.9213494591199
    vertex -8.75 9.414993387910259 -114.5161759127162
    vertex -8.75 7.300671095967671 -115.2471608580389
  endloop
endfacet
facet normal -1 0 0
  outer loop
    vertex -8.75 5.108529656080158 -113.6523344044426
    vertex -8.75 7.300671095967671 -115.2471608580389
    vertex -8.75 5.186348804025082 -115.9781458033616
  endloop
endfacet
facet normal -1 0 0
  outer loop
    vertex -8.75 9.836140363459425 -86.30559929079524
    vertex -8.75 10.46132031031247 -84.00454086714059
    vertex -8.75 11.31424646382148 -85.47002209569069
  endloop
endfacet
facet normal -1 0 0
  outer loop
    vertex -8.75 10.46132031031247 -84.00454086714059
    vertex -8.75 11.93942641067452 -83.16896367203604
    vertex -8.75 11.31424646382148 -85.47002209569069
  endloop
endfacet
facet normal -1 -5.15587e-16 9.12055e-16
  outer loop
    vertex -8.75 10.46132031031247 -84.00454086714059
    vertex -8.749999999999998 11.08650025716551 -81.70348184348593
    vertex -8.75 11.93942641067452 -83.16896367203604
  endloop
endfacet
facet normal -1 0 0
  outer loop
    vertex -8.75 11.31424646382148 -85.47002209569069
    vertex -8.75 11.93942641067452 -83.16896367203604
    vertex -8.75 12.79235256418353 -84.63444490058615
  endloop
endfacet
facet normal -1 0 0
  outer loop
    vertex -8.75 3.828680041359973 -120
    vertex -8.75 1.914340020679986 -120
    vertex -8.75 1.914340020679987 -117.024015049284
  endloop
endfacet
facet normal -1 0 0
  outer loop
    vertex -8.75 1.914340020679986 -120
    vertex -8.75 0 -117.024015049284
    vertex -8.75 1.914340020679987 -117.024015049284
  endloop
endfacet
facet normal -1 0 0
  outer loop
    vertex -8.75 1.914340020679986 -120
    vertex -8.75 0 -120
    vertex -8.75 0 -117.024015049284
  endloop
endfacet
facet normal -1 0 0
  outer loop
    vertex -8.75 1.914340020679987 -117.024015049284
    vertex -8.75 0 -117.024015049284
    vertex -8.75 0 -114.0480300985681
  endloop
endfacet
facet normal -1 0 0
  outer loop
    vertex -8.75 11.08650025716551 -81.21743788101038
    vertex -8.75 13.31487519287414 -82.0085714952157
    vertex -8.75 11.08650025716551 -81.46046016224815
  endloop
endfacet
facet normal -1 -0 -0
  outer loop
    vertex -8.75 13.31487519287414 -82.0085714952157
    vertex -8.75 13.31487519287414 -82.25159377645348
    vertex -8.75 11.08650025716551 -81.46046016224815
  endloop
endfacet
facet normal -1 0 0
  outer loop
    vertex -8.75 13.31487519287414 -82.0085714952157
    vertex -8.75 15.54325012858276 -82.79970510942101
    vertex -8.75 13.31487519287414 -82.25159377645348
  endloop
endfacet
facet normal -1 -2.59506e-15 -7.30946e-15
  outer loop
    vertex -8.75 11.08650025716551 -81.46046016224815
    vertex -8.75 13.31487519287414 -82.25159377645348
    vertex -8.749999999999998 11.08650025716551 -81.70348184348593
  endloop
endfacet
facet normal 0 0 -1
  outer loop
    vertex -8.75 3.828680041359973 -120
    vertex -6.859952333116224 3.828680041359973 -120
    vertex -8.75 1.914340020679986 -120
  endloop
endfacet
facet normal 0 -0 -1
  outer loop
    vertex -6.859952333116224 3.828680041359973 -120
    vertex -6.859952333116224 1.914340020679986 -120
    vertex -8.75 1.914340020679986 -120
  endloop
endfacet
facet normal 0 0 -1
  outer loop
    vertex -6.859952333116224 3.828680041359973 -120
    vertex -4.969904666232448 3.828680041359973 -120
    vertex -6.859952333116224 1.914340020679986 -120
  endloop
endfacet
facet normal 0 0 -1
  outer loop
    vertex -8.75 1.914340020679986 -120
    vertex -6.859952333116224 1.914340020679986 -120
    vertex -8.75 0 -120
  endloop
endfacet
facet normal 0 0 -1
  outer loop
    vertex 8.75 0 -120
    vertex 6.859952333116226 1.914340020679986 -120
    vertex 8.75 1.914340020679986 -120
  endloop
endfacet
facet normal 0 0 -1
  outer loop
    vertex 6.859952333116226 1.914340020679986 -120
    vertex 6.859952333116226 3.828680041359973 -120
    vertex 8.75 1.914340020679986 -120
  endloop
endfacet
facet normal 0 0 -1
  outer loop
    vertex 6.859952333116226 1.914340020679986 -120
    vertex 4.969904666232452 3.828680041359972 -120
    vertex 6.859952333116226 3.828680041359973 -120
  endloop
endfacet
facet normal 0 0 -1
  outer loop
    vertex 8.75 1.914340020679986 -120
    vertex 6.859952333116226 3.828680041359973 -120
    vertex 8.75 3.828680041359973 -120
  endloop
endfacet
facet normal 0 0 -1
  outer loop
    vertex -8.75 7.657360082719945 -120
    vertex -6.859952333116224 5.743020062039959 -120
    vertex -8.75 5.743020062039959 -120
  endloop
endfacet
facet normal -0 -0 -1
  outer loop
    vertex -6.859952333116224 5.743020062039959 -120
    vertex -6.859952333116224 3.828680041359973 -120
    vertex -8.75 5.743020062039959 -120
  endloop
endfacet
facet normal 0 0 -1
  outer loop
    vertex -6.859952333116224 5.743020062039959 -120
    vertex -4.969904666232448 3.828680041359973 -120
    vertex -6.859952333116224 3.828680041359973 -120
  endloop
endfacet
facet normal 0 0 -1
  outer loop
    vertex -8.75 5.743020062039959 -120
    vertex -6.859952333116224 3.828680041359973 -120
    vertex -8.75 3.828680041359973 -120
  endloop
endfacet
facet normal 0 0 -1
  outer loop
    vertex 8.75 3.828680041359973 -120
    vertex 6.859952333116226 3.828680041359973 -120
    vertex 8.75 5.743020062039959 -120
  endloop
endfacet
facet normal 0 0 -1
  outer loop
    vertex 6.859952333116226 3.828680041359973 -120
    vertex 6.859952333116226 5.743020062039959 -120
    vertex 8.75 5.743020062039959 -120
  endloop
endfacet
facet normal -0 0 -1
  outer loop
    vertex 6.859952333116226 3.828680041359973 -120
    vertex 4.969904666232452 3.828680041359972 -120
    vertex 6.859952333116226 5.743020062039959 -120
  endloop
endfacet
facet normal 0 0 -1
  outer loop
    vertex 8.75 5.743020062039959 -120
    vertex 6.859952333116226 5.743020062039959 -120
    vertex 8.75 7.657360082719945 -120
  endloop
endfacet
facet normal 0 0 -1
  outer loop
    vertex 2.916666666666666 0 -120
    vertex 3.943285666449559 1.914340020679986 -120
    vertex 5.833333333333333 0 -120
  endloop
endfacet
facet normal 0 0 -1
  outer loop
    vertex 3.943285666449559 1.914340020679986 -120
    vertex 6.859952333116226 1.914340020679986 -120
    vertex 5.833333333333333 0 -120
  endloop
endfacet
facet normal 0 0 -1
  outer loop
    vertex 3.943285666449559 1.914340020679986 -120
    vertex 4.969904666232452 3.828680041359972 -120
    vertex 6.859952333116226 1.914340020679986 -120
  endloop
endfacet
facet normal 0 0 -1
  outer loop
    vertex 5.833333333333333 0 -120
    vertex 6.859952333116226 1.914340020679986 -120
    vertex 8.75 0 -120
  endloop
endfacet
facet normal -0 0 -1
  outer loop
    vertex 8.75 7.657360082719945 -120
    vertex 6.859952333116226 5.743020062039959 -120
    vertex 5.833333333333333 7.657360082719945 -120
  endloop
endfacet
facet normal 0 0 -1
  outer loop
    vertex 6.859952333116226 5.743020062039959 -120
    vertex 3.943285666449559 5.743020062039959 -120
    vertex 5.833333333333333 7.657360082719945 -120
  endloop
endfacet
facet normal -0 0 -1
  outer loop
    vertex 6.859952333116226 5.743020062039959 -120
    vertex 4.969904666232452 3.828680041359972 -120
    vertex 3.943285666449559 5.743020062039959 -120
  endloop
endfacet
facet normal -0 0 -1
  outer loop
    vertex 5.833333333333333 7.657360082719945 -120
    vertex 3.943285666449559 5.743020062039959 -120
    vertex 2.916666666666666 7.657360082719945 -120
  endloop
endfacet
facet normal 0 0 -1
  outer loop
    vertex -8.75 0 -120
    vertex -6.859952333116224 1.914340020679986 -120
    vertex -5.833333333333334 0 -120
  endloop
endfacet
facet normal 0 0 -1
  outer loop
    vertex -6.859952333116224 1.914340020679986 -120
    vertex -3.943285666449558 1.914340020679986 -120
    vertex -5.833333333333334 0 -120
  endloop
endfacet
facet normal 0 0 -1
  outer loop
    vertex -6.859952333116224 1.914340020679986 -120
    vertex -4.969904666232448 3.828680041359973 -120
    vertex -3.943285666449558 1.914340020679986 -120
  endloop
endfacet
facet normal 0 0 -1
  outer loop
    vertex -5.833333333333334 0 -120
    vertex -3.943285666449558 1.914340020679986 -120
    vertex -2.916666666666668 0 -120
  endloop
endfacet
facet normal -0 0 -1
  outer loop
    vertex -2.916666666666668 7.657360082719945 -120
    vertex -3.943285666449558 5.743020062039959 -120
    vertex -5.833333333333334 7.657360082719945 -120
  endloop
endfacet
facet normal 0 0 -1
  outer loop
    vertex -3.943285666449558 5.743020062039959 -120
    vertex -6.859952333116224 5.743020062039959 -120
    vertex -5.833333333333334 7.657360082719945 -120
  endloop
endfacet
facet normal -0 0 -1
  outer loop
    vertex -3.943285666449558 5.743020062039959 -120
    vertex -4.969904666232448 3.828680041359973 -120
    vertex -6.859952333116224 5.743020062039959 -120
  endloop
endfacet
facet normal -0 0 -1
  outer loop
    vertex -5.833333333333334 7.657360082719945 -120
    vertex -6.859952333116224 5.743020062039959 -120
    vertex -8.75 7.657360082719945 -120
  endloop
endfacet
facet normal 0 0 -1
  outer loop
    vertex -2.916666666666668 0 -120
    vertex -1.458333333333334 1.914340020679986 -120
    vertex 0 0 -120
  endloop
endfacet
facet normal 0 0 -1
  outer loop
    vertex -1.458333333333334 1.914340020679986 -120
    vertex 1.458333333333333 1.914340020679986 -120
    vertex 0 0 -120
  endloop
endfacet
facet normal 0 0 -1
  outer loop
    vertex -1.458333333333334 1.914340020679986 -120
    vertex 0 3.828680041359972 -120
    vertex 1.458333333333333 1.914340020679986 -120
  endloop
endfacet
facet normal 0 0 -1
  outer loop
    vertex 0 0 -120
    vertex 1.458333333333333 1.914340020679986 -120
    vertex 2.916666666666666 0 -120
  endloop
endfacet
facet normal -0 0 -1
  outer loop
    vertex 2.916666666666666 7.657360082719945 -120
    vertex 1.458333333333333 5.743020062039959 -120
    vertex 0 7.657360082719945 -120
  endloop
endfacet
facet normal 0 0 -1
  outer loop
    vertex 1.458333333333333 5.743020062039959 -120
    vertex -1.458333333333334 5.743020062039959 -120
    vertex 0 7.657360082719945 -120
  endloop
endfacet
facet normal -0 0 -1
  outer loop
    vertex 1.458333333333333 5.743020062039959 -120
    vertex 0 3.828680041359972 -120
    vertex -1.458333333333334 5.743020062039959 -120
  endloop
endfacet
facet normal -0 0 -1
  outer loop
    vertex 0 7.657360082719945 -120
    vertex -1.458333333333334 5.743020062039959 -120
    vertex -2.916666666666668 7.657360082719945 -120
  endloop
endfacet
facet normal 0 -0 -1
  outer loop
    vertex 2.916666666666666 7.657360082719945 -120
    vertex 3.943285666449559 5.743020062039959 -120
    vertex 1.458333333333333 5.743020062039959 -120
  endloop
endfacet
facet normal -0 0 -1
  outer loop
    vertex 3.943285666449559 5.743020062039959 -120
    vertex 2.484952333116226 3.828680041359972 -120
    vertex 1.458333333333333 5.743020062039959 -120
  endloop
endfacet
facet normal 0 -0 -1
  outer loop
    vertex 3.943285666449559 5.743020062039959 -120
    vertex 4.969904666232452 3.828680041359972 -120
    vertex 2.484952333116226 3.828680041359972 -120
  endloop
endfacet
facet normal 0 -0 -1
  outer loop
    vertex 1.458333333333333 5.743020062039959 -120
    vertex 2.484952333116226 3.828680041359972 -120
    vertex 0 3.828680041359972 -120
  endloop
endfacet
facet normal 0 0 -1
  outer loop
    vertex 0 3.828680041359972 -120
    vertex 2.484952333116226 3.828680041359972 -120
    vertex 1.458333333333333 1.914340020679986 -120
  endloop
endfacet
facet normal 0 -0 -1
  outer loop
    vertex 2.484952333116226 3.828680041359972 -120
    vertex 3.943285666449559 1.914340020679986 -120
    vertex 1.458333333333333 1.914340020679986 -120
  endloop
endfacet
facet normal 0 0 -1
  outer loop
    vertex 2.484952333116226 3.828680041359972 -120
    vertex 4.969904666232452 3.828680041359972 -120
    vertex 3.943285666449559 1.914340020679986 -120
  endloop
endfacet
facet normal 0 0 -1
  outer loop
    vertex 1.458333333333333 1.914340020679986 -120
    vertex 3.943285666449559 1.914340020679986 -120
    vertex 2.916666666666666 0 -120
  endloop
endfacet
facet normal 0 0 -1
  outer loop
    vertex -2.916666666666668 0 -120
    vertex -3.943285666449558 1.914340020679986 -120
    vertex -1.458333333333334 1.914340020679986 -120
  endloop
endfacet
facet normal 0 0 -1
  outer loop
    vertex -3.943285666449558 1.914340020679986 -120
    vertex -2.484952333116224 3.828680041359973 -120
    vertex -1.458333333333334 1.914340020679986 -120
  endloop
endfacet
facet normal 0 0 -1
  outer loop
    vertex -3.943285666449558 1.914340020679986 -120
    vertex -4.969904666232448 3.828680041359973 -120
    vertex -2.484952333116224 3.828680041359973 -120
  endloop
endfacet
facet normal 0 0 -1
  outer loop
    vertex -1.458333333333334 1.914340020679986 -120
    vertex -2.484952333116224 3.828680041359973 -120
    vertex 0 3.828680041359972 -120
  endloop
endfacet
facet normal 0 0 -1
  outer loop
    vertex 0 3.828680041359972 -120
    vertex -2.484952333116224 3.828680041359973 -120
    vertex -1.458333333333334 5.743020062039959 -120
  endloop
endfacet
facet normal 0 0 -1
  outer loop
    vertex -2.484952333116224 3.828680041359973 -120
    vertex -3.943285666449558 5.743020062039959 -120
    vertex -1.458333333333334 5.743020062039959 -120
  endloop
endfacet
facet normal 0 0 -1
  outer loop
    vertex -2.484952333116224 3.828680041359973 -120
    vertex -4.969904666232448 3.828680041359973 -120
    vertex -3.943285666449558 5.743020062039959 -120
  endloop
endfacet
facet normal 0 0 -1
  outer loop
    vertex -1.458333333333334 5.743020062039959 -120
    vertex -3.943285666449558 5.743020062039959 -120
    vertex -2.916666666666668 7.657360082719945 -120
  endloop
endfacet
facet normal 1 0 -0
  outer loop
    vertex 8.75 3.828680041359973 -120
    vertex 8.75 4.507514422692527 -117.9890729016808
    vertex 8.75 1.914340020679987 -117.024015049284
  endloop
endfacet
facet normal 1 0 0
  outer loop
    vertex 8.75 4.507514422692527 -117.9890729016808
    vertex 8.75 2.593174402012541 -115.0130879509648
    vertex 8.75 1.914340020679987 -117.024015049284
  endloop
endfacet
facet normal 1 0 -0
  outer loop
    vertex 8.75 4.507514422692527 -117.9890729016808
    vertex 8.75 5.186348804025082 -115.9781458033616
    vertex 8.75 2.593174402012541 -115.0130879509648
  endloop
endfacet
facet normal 1 0 -0
  outer loop
    vertex 8.75 1.914340020679987 -117.024015049284
    vertex 8.75 2.593174402012541 -115.0130879509648
    vertex 8.75 0 -114.0480300985681
  endloop
endfacet
facet normal 1 0 0
  outer loop
    vertex 8.75 15.54325012858276 -82.79970510942101
    vertex 8.75 15.12338481805459 -85.2643489340317
    vertex 8.75 17.77162506429138 -83.59083872362633
  endloop
endfacet
facet normal 1 -0 0
  outer loop
    vertex 8.75 15.12338481805459 -85.2643489340317
    vertex 8.75 17.35175975376321 -86.05548254823701
    vertex 8.75 17.77162506429138 -83.59083872362633
  endloop
endfacet
facet normal 1 0 0
  outer loop
    vertex 8.75 15.12338481805459 -85.2643489340317
    vertex 8.75 14.70351950752642 -87.72899275864239
    vertex 8.75 17.35175975376321 -86.05548254823701
  endloop
endfacet
facet normal 1 0 0
  outer loop
    vertex 8.75 17.77162506429138 -83.59083872362633
    vertex 8.75 17.35175975376321 -86.05548254823701
    vertex 8.75 20 -84.38197233783164
  endloop
endfacet
facet normal 1 0 0
  outer loop
    vertex 8.75 13.82868004135999 -117.8090138310842
    vertex 8.75 11.62183671463513 -116.1625948719002
    vertex 8.75 10.74302006203997 -118.9045069155421
  endloop
endfacet
facet normal 1 0 0
  outer loop
    vertex 8.75 11.62183671463513 -116.1625948719002
    vertex 8.75 8.536176735315102 -117.2580879563581
    vertex 8.75 10.74302006203997 -118.9045069155421
  endloop
endfacet
facet normal 1 0 0
  outer loop
    vertex 8.75 11.62183671463513 -116.1625948719002
    vertex 8.75 9.414993387910259 -114.5161759127162
    vertex 8.75 8.536176735315102 -117.2580879563581
  endloop
endfacet
facet normal 1 0 0
  outer loop
    vertex 8.75 10.74302006203997 -118.9045069155421
    vertex 8.75 8.536176735315102 -117.2580879563581
    vertex 8.75 7.657360082719945 -120
  endloop
endfacet
facet normal 1 0 0
  outer loop
    vertex 8.75 20 -84.38197233783164
    vertex 8.75 17.35175975376321 -86.05548254823701
    vertex 8.75 20 -87.50557787026531
  endloop
endfacet
facet normal 1 0 0
  outer loop
    vertex 8.75 17.35175975376321 -86.05548254823701
    vertex 8.75 17.35175975376321 -89.17908808067068
    vertex 8.75 20 -87.50557787026531
  endloop
endfacet
facet normal 1 0 0
  outer loop
    vertex 8.75 17.35175975376321 -86.05548254823701
    vertex 8.75 14.70351950752642 -87.72899275864239
    vertex 8.75 17.35175975376321 -89.17908808067068
  endloop
endfacet
facet normal 1 0 0
  outer loop
    vertex 8.75 20 -87.50557787026531
    vertex 8.75 17.35175975376321 -89.17908808067068
    vertex 8.75 20 -90.62918340269898
  endloop
endfacet
facet normal 1 -0 0
  outer loop
    vertex 8.75 5.650836661434593 -83.4867868652602
    vertex 8.75 7.743488512447009 -84.89619307802772
    vertex 8.75 8.391566285494504 -82.66546347435964
  endloop
endfacet
facet normal 1 0 0
  outer loop
    vertex 8.75 7.743488512447009 -84.89619307802772
    vertex 8.75 10.46132031031247 -84.00454086714059
    vertex 8.75 8.391566285494504 -82.66546347435964
  endloop
endfacet
facet normal 1 -0 0
  outer loop
    vertex 8.75 7.743488512447009 -84.89619307802772
    vertex 8.75 9.836140363459425 -86.30559929079524
    vertex 8.75 10.46132031031247 -84.00454086714059
  endloop
endfacet
facet normal 1 -0 0
  outer loop
    vertex 8.75 8.391566285494504 -82.66546347435964
    vertex 8.75 10.46132031031247 -84.00454086714059
    vertex 8.75 11.08650025716551 -81.70348184348593
  endloop
endfacet
facet normal 1 0 0
  outer loop
    vertex 8.75 20 -90.62918340269898
    vertex 8.75 17.42531202326828 -92.27686987062965
    vertex 8.75 20 -93.75278893513266
  endloop
endfacet
facet normal 1 0 0
  outer loop
    vertex 8.75 17.42531202326828 -92.27686987062965
    vertex 8.75 17.42531202326828 -95.40047540306331
    vertex 8.75 20 -93.75278893513266
  endloop
endfacet
facet normal 1 0 0
  outer loop
    vertex 8.75 17.42531202326828 -92.27686987062965
    vertex 8.75 14.85062404653655 -93.92455633856032
    vertex 8.75 17.42531202326828 -95.40047540306331
  endloop
endfacet
facet normal 1 0 0
  outer loop
    vertex 8.75 20 -93.75278893513266
    vertex 8.75 17.42531202326828 -95.40047540306331
    vertex 8.75 20 -96.87639446756631
  endloop
endfacet
facet normal 1 0 0
  outer loop
    vertex 8.75 20 -96.87639446756631
    vertex 8.75 17.29487825751082 -98.43819723378316
    vertex 8.75 20 -99.99999999999999
  endloop
endfacet
facet normal 1 0 0
  outer loop
    vertex 8.75 17.29487825751082 -98.43819723378316
    vertex 8.75 17.29487825751082 -101.5618027662168
    vertex 8.75 20 -99.99999999999999
  endloop
endfacet
facet normal 1 0 0
  outer loop
    vertex 8.75 17.29487825751082 -98.43819723378316
    vertex 8.75 14.58975651502165 -99.99999999999999
    vertex 8.75 17.29487825751082 -101.5618027662168
  endloop
endfacet
facet normal 1 0 0
  outer loop
    vertex 8.75 20 -99.99999999999999
    vertex 8.75 17.29487825751082 -101.5618027662168
    vertex 8.75 20 -103.1236055324337
  endloop
endfacet
facet normal 1 0 0
  outer loop
    vertex 8.75 20 -103.1236055324337
    vertex 8.75 17.29487825751082 -104.6854082986505
    vertex 8.75 20 -106.2472110648673
  endloop
endfacet
facet normal 1 0 0
  outer loop
    vertex 8.75 17.29487825751082 -104.6854082986505
    vertex 8.75 17.29487825751082 -107.8090138310842
    vertex 8.75 20 -106.2472110648673
  endloop
endfacet
facet normal 1 0 0
  outer loop
    vertex 8.75 17.29487825751082 -104.6854082986505
    vertex 8.75 14.58975651502165 -106.2472110648673
    vertex 8.75 17.29487825751082 -107.8090138310842
  endloop
endfacet
facet normal 1 0 0
  outer loop
    vertex 8.75 20 -106.2472110648673
    vertex 8.75 17.29487825751082 -107.8090138310842
    vertex 8.75 20 -109.370816597301
  endloop
endfacet
facet normal 1 0 0
  outer loop
    vertex 8.75 20 -115.6180276621684
    vertex 8.75 17.41759519490018 -113.8436729254439
    vertex 8.75 16.91434002067999 -116.7135207466263
  endloop
endfacet
facet normal 1 0 0
  outer loop
    vertex 8.75 17.41759519490018 -113.8436729254439
    vertex 8.75 14.33193521558018 -114.9391660099018
    vertex 8.75 16.91434002067999 -116.7135207466263
  endloop
endfacet
facet normal 1 0 0
  outer loop
    vertex 8.75 17.41759519490018 -113.8436729254439
    vertex 8.75 14.83519038980037 -112.0693181887194
    vertex 8.75 14.33193521558018 -114.9391660099018
  endloop
endfacet
facet normal 1 0 0
  outer loop
    vertex 8.75 16.91434002067999 -116.7135207466263
    vertex 8.75 14.33193521558018 -114.9391660099018
    vertex 8.75 13.82868004135999 -117.8090138310842
  endloop
endfacet
facet normal 1 0 0
  outer loop
    vertex 8.75 0 -102.1440902957044
    vertex 8.75 2.549832012058144 -100.794746929515
    vertex 8.75 0 -99.16810534498842
  endloop
endfacet
facet normal 1 0 -0
  outer loop
    vertex 8.75 2.549832012058144 -100.794746929515
    vertex 8.75 2.549832012058144 -97.81876197879905
    vertex 8.75 0 -99.16810534498842
  endloop
endfacet
facet normal 1 0 0
  outer loop
    vertex 8.75 2.549832012058144 -100.794746929515
    vertex 8.75 5.099664024116288 -99.4454035633256
    vertex 8.75 2.549832012058144 -97.81876197879905
  endloop
endfacet
facet normal 1 0 0
  outer loop
    vertex 8.75 0 -99.16810534498842
    vertex 8.75 2.549832012058144 -97.81876197879905
    vertex 8.75 0 -96.19212039427248
  endloop
endfacet
facet normal 1 0 0
  outer loop
    vertex 8.75 0 -96.19212039427248
    vertex 8.75 2.541784002779002 -94.79734927917261
    vertex 8.75 0 -93.21613544355655
  endloop
endfacet
facet normal 1 0 -0
  outer loop
    vertex 8.75 2.541784002779002 -94.79734927917261
    vertex 8.75 2.541784002779002 -91.82136432845667
    vertex 8.75 0 -93.21613544355655
  endloop
endfacet
facet normal 1 0 0
  outer loop
    vertex 8.75 2.541784002779002 -94.79734927917261
    vertex 8.75 5.083568005558003 -93.40257816407274
    vertex 8.75 2.541784002779002 -91.82136432845667
  endloop
endfacet
facet normal 1 0 0
  outer loop
    vertex 8.75 0 -93.21613544355655
    vertex 8.75 2.541784002779002 -91.82136432845667
    vertex 8.75 0 -90.24015049284061
  endloop
endfacet
facet normal 1 0 0
  outer loop
    vertex 8.75 0 -108.0960601971362
    vertex 8.75 2.510352892371138 -106.8086195826329
    vertex 8.75 0 -105.1200752464203
  endloop
endfacet
facet normal 1 0 -0
  outer loop
    vertex 8.75 2.510352892371138 -106.8086195826329
    vertex 8.75 2.510352892371138 -103.832634631917
    vertex 8.75 0 -105.1200752464203
  endloop
endfacet
facet normal 1 0 0
  outer loop
    vertex 8.75 2.510352892371138 -106.8086195826329
    vertex 8.75 5.020705784742276 -105.5211789681296
    vertex 8.75 2.510352892371138 -103.832634631917
  endloop
endfacet
facet normal 1 0 0
  outer loop
    vertex 8.75 0 -105.1200752464203
    vertex 8.75 2.510352892371138 -103.832634631917
    vertex 8.75 0 -102.1440902957044
  endloop
endfacet
facet normal 1 0 0
  outer loop
    vertex 8.75 20 -109.370816597301
    vertex 8.75 17.41759519490018 -110.7200673930102
    vertex 8.75 20 -112.4944221297347
  endloop
endfacet
facet normal 1 0 0
  outer loop
    vertex 8.75 17.41759519490018 -110.7200673930102
    vertex 8.75 17.41759519490018 -113.8436729254439
    vertex 8.75 20 -112.4944221297347
  endloop
endfacet
facet normal 1 0 0
  outer loop
    vertex 8.75 17.41759519490018 -110.7200673930102
    vertex 8.75 14.83519038980037 -112.0693181887194
    vertex 8.75 17.41759519490018 -113.8436729254439
  endloop
endfacet
facet normal 1 0 0
  outer loop
    vertex 8.75 20 -112.4944221297347
    vertex 8.75 17.41759519490018 -113.8436729254439
    vertex 8.75 20 -115.6180276621684
  endloop
endfacet
facet normal 1 0 0
  outer loop
    vertex 8.75 14.85062404653655 -93.92455633856032
    vertex 8.75 14.7201902807791 -96.96227816928015
    vertex 8.75 17.42531202326828 -95.40047540306331
  endloop
endfacet
facet normal 1 -0 0
  outer loop
    vertex 8.75 14.7201902807791 -96.96227816928015
    vertex 8.75 17.29487825751082 -98.43819723378316
    vertex 8.75 17.42531202326828 -95.40047540306331
  endloop
endfacet
facet normal 1 0 0
  outer loop
    vertex 8.75 14.7201902807791 -96.96227816928015
    vertex 8.75 14.58975651502165 -99.99999999999999
    vertex 8.75 17.29487825751082 -98.43819723378316
  endloop
endfacet
facet normal 1 0 0
  outer loop
    vertex 8.75 17.42531202326828 -95.40047540306331
    vertex 8.75 17.29487825751082 -98.43819723378316
    vertex 8.75 20 -96.87639446756631
  endloop
endfacet
facet normal 1 0 0
  outer loop
    vertex 8.75 20 -103.1236055324337
    vertex 8.75 17.29487825751082 -101.5618027662168
    vertex 8.75 17.29487825751082 -104.6854082986505
  endloop
endfacet
facet normal 1 0 0
  outer loop
    vertex 8.75 17.29487825751082 -101.5618027662168
    vertex 8.75 14.58975651502165 -103.1236055324337
    vertex 8.75 17.29487825751082 -104.6854082986505
  endloop
endfacet
facet normal 1 0 0
  outer loop
    vertex 8.75 17.29487825751082 -101.5618027662168
    vertex 8.75 14.58975651502165 -99.99999999999999
    vertex 8.75 14.58975651502165 -103.1236055324337
  endloop
endfacet
facet normal 1 0 0
  outer loop
    vertex 8.75 17.29487825751082 -104.6854082986505
    vertex 8.75 14.58975651502165 -103.1236055324337
    vertex 8.75 14.58975651502165 -106.2472110648673
  endloop
endfacet
facet normal 1 0 0
  outer loop
    vertex 8.75 0 -90.24015049284061
    vertex 8.75 2.275931785985732 -89.27410595566829
    vertex 8.75 0 -87.26416554212469
  endloop
endfacet
facet normal 1 0 -0
  outer loop
    vertex 8.75 2.275931785985732 -89.27410595566829
    vertex 8.75 2.275931785985732 -86.29812100495235
    vertex 8.75 0 -87.26416554212469
  endloop
endfacet
facet normal 1 0 0
  outer loop
    vertex 8.75 2.275931785985732 -89.27410595566829
    vertex 8.75 4.551863571971463 -88.30806141849595
    vertex 8.75 2.275931785985732 -86.29812100495235
  endloop
endfacet
facet normal 1 0 0
  outer loop
    vertex 8.75 0 -87.26416554212469
    vertex 8.75 2.275931785985732 -86.29812100495235
    vertex 8.75 0 -84.28818059140875
  endloop
endfacet
facet normal 1 -0 0
  outer loop
    vertex 8.75 0 -84.28818059140875
    vertex 8.75 2.275931785985732 -86.29812100495235
    vertex 8.75 2.850727277477155 -84.07044184614686
  endloop
endfacet
facet normal 1 0 0
  outer loop
    vertex 8.75 2.275931785985732 -86.29812100495235
    vertex 8.75 5.101350116703028 -85.89742414187808
    vertex 8.75 2.850727277477155 -84.07044184614686
  endloop
endfacet
facet normal 1 -0 0
  outer loop
    vertex 8.75 2.275931785985732 -86.29812100495235
    vertex 8.75 4.551863571971463 -88.30806141849595
    vertex 8.75 5.101350116703028 -85.89742414187808
  endloop
endfacet
facet normal 1 -0 0
  outer loop
    vertex 8.75 2.850727277477155 -84.07044184614686
    vertex 8.75 5.101350116703028 -85.89742414187808
    vertex 8.75 5.650836661434593 -83.4867868652602
  endloop
endfacet
facet normal 1 0 0
  outer loop
    vertex 8.75 0 -114.0480300985681
    vertex 8.75 2.515355254067617 -112.6872765520459
    vertex 8.75 0 -111.0720451478522
  endloop
endfacet
facet normal 1 0 -0
  outer loop
    vertex 8.75 2.515355254067617 -112.6872765520459
    vertex 8.75 2.515355254067617 -109.7112916013299
    vertex 8.75 0 -111.0720451478522
  endloop
endfacet
facet normal 1 0 0
  outer loop
    vertex 8.75 2.515355254067617 -112.6872765520459
    vertex 8.75 5.030710508135234 -111.3265230055236
    vertex 8.75 2.515355254067617 -109.7112916013299
  endloop
endfacet
facet normal 1 0 0
  outer loop
    vertex 8.75 0 -111.0720451478522
    vertex 8.75 2.515355254067617 -109.7112916013299
    vertex 8.75 0 -108.0960601971362
  endloop
endfacet
facet normal 1 0 0
  outer loop
    vertex 8.75 5.099664024116288 -99.4454035633256
    vertex 8.75 5.091616014837146 -96.42399086369917
    vertex 8.75 2.549832012058144 -97.81876197879905
  endloop
endfacet
facet normal 1 0 0
  outer loop
    vertex 8.75 5.091616014837146 -96.42399086369917
    vertex 8.75 2.541784002779002 -94.79734927917261
    vertex 8.75 2.549832012058144 -97.81876197879905
  endloop
endfacet
facet normal 1 0 0
  outer loop
    vertex 8.75 5.091616014837146 -96.42399086369917
    vertex 8.75 5.083568005558003 -93.40257816407274
    vertex 8.75 2.541784002779002 -94.79734927917261
  endloop
endfacet
facet normal 1 0 0
  outer loop
    vertex 8.75 2.549832012058144 -97.81876197879905
    vertex 8.75 2.541784002779002 -94.79734927917261
    vertex 8.75 0 -96.19212039427248
  endloop
endfacet
facet normal 1 -0 0
  outer loop
    vertex 8.75 0 -102.1440902957044
    vertex 8.75 2.510352892371138 -103.832634631917
    vertex 8.75 2.549832012058144 -100.794746929515
  endloop
endfacet
facet normal 1 0 0
  outer loop
    vertex 8.75 2.510352892371138 -103.832634631917
    vertex 8.75 5.060184904429282 -102.4832912657276
    vertex 8.75 2.549832012058144 -100.794746929515
  endloop
endfacet
facet normal 1 -0 0
  outer loop
    vertex 8.75 2.510352892371138 -103.832634631917
    vertex 8.75 5.020705784742276 -105.5211789681296
    vertex 8.75 5.060184904429282 -102.4832912657276
  endloop
endfacet
facet normal 1 -0 0
  outer loop
    vertex 8.75 2.549832012058144 -100.794746929515
    vertex 8.75 5.060184904429282 -102.4832912657276
    vertex 8.75 5.099664024116288 -99.4454035633256
  endloop
endfacet
facet normal 1 0 0
  outer loop
    vertex 8.75 14.58975651502165 -106.2472110648673
    vertex 8.75 14.71247345241101 -109.1582646267934
    vertex 8.75 17.29487825751082 -107.8090138310842
  endloop
endfacet
facet normal 1 -0 0
  outer loop
    vertex 8.75 14.71247345241101 -109.1582646267934
    vertex 8.75 17.41759519490018 -110.7200673930102
    vertex 8.75 17.29487825751082 -107.8090138310842
  endloop
endfacet
facet normal 1 0 0
  outer loop
    vertex 8.75 14.71247345241101 -109.1582646267934
    vertex 8.75 14.83519038980037 -112.0693181887194
    vertex 8.75 17.41759519490018 -110.7200673930102
  endloop
endfacet
facet normal 1 0 0
  outer loop
    vertex 8.75 17.29487825751082 -107.8090138310842
    vertex 8.75 17.41759519490018 -110.7200673930102
    vertex 8.75 20 -109.370816597301
  endloop
endfacet
facet normal 1 -0 0
  outer loop
    vertex 8.75 0 -108.0960601971362
    vertex 8.75 2.515355254067617 -109.7112916013299
    vertex 8.75 2.510352892371138 -106.8086195826329
  endloop
endfacet
facet normal 1 0 -0
  outer loop
    vertex 8.75 2.515355254067617 -109.7112916013299
    vertex 8.75 5.025708146438755 -108.4238509868266
    vertex 8.75 2.510352892371138 -106.8086195826329
  endloop
endfacet
facet normal 1 -0 0
  outer loop
    vertex 8.75 2.515355254067617 -109.7112916013299
    vertex 8.75 5.030710508135234 -111.3265230055236
    vertex 8.75 5.025708146438755 -108.4238509868266
  endloop
endfacet
facet normal 1 -0 0
  outer loop
    vertex 8.75 2.510352892371138 -106.8086195826329
    vertex 8.75 5.025708146438755 -108.4238509868266
    vertex 8.75 5.020705784742276 -105.5211789681296
  endloop
endfacet
facet normal 1 -0 0
  outer loop
    vertex 8.75 0 -114.0480300985681
    vertex 8.75 2.593174402012541 -115.0130879509648
    vertex 8.75 2.515355254067617 -112.6872765520459
  endloop
endfacet
facet normal 1 0 -0
  outer loop
    vertex 8.75 2.593174402012541 -115.0130879509648
    vertex 8.75 5.108529656080158 -113.6523344044426
    vertex 8.75 2.515355254067617 -112.6872765520459
  endloop
endfacet
facet normal 1 -0 0
  outer loop
    vertex 8.75 2.593174402012541 -115.0130879509648
    vertex 8.75 5.186348804025082 -115.9781458033616
    vertex 8.75 5.108529656080158 -113.6523344044426
  endloop
endfacet
facet normal 1 -0 0
  outer loop
    vertex 8.75 2.515355254067617 -112.6872765520459
    vertex 8.75 5.108529656080158 -113.6523344044426
    vertex 8.75 5.030710508135234 -111.3265230055236
  endloop
endfacet
facet normal 1 -0 0
  outer loop
    vertex 8.75 5.099664024116288 -99.4454035633256
    vertex 8.75 7.585180460533622 -101.2321607593684
    vertex 8.75 7.605276550728995 -98.16089901544596
  endloop
endfacet
facet normal 1 0 0
  outer loop
    vertex 8.75 7.585180460533622 -101.2321607593684
    vertex 8.75 10.09079298714633 -99.94765621148876
    vertex 8.75 7.605276550728995 -98.16089901544596
  endloop
endfacet
facet normal 1 -0 0
  outer loop
    vertex 8.75 7.585180460533622 -101.2321607593684
    vertex 8.75 10.07069689695096 -103.0189179554112
    vertex 8.75 10.09079298714633 -99.94765621148876
  endloop
endfacet
facet normal 1 -0 0
  outer loop
    vertex 8.75 7.605276550728995 -98.16089901544596
    vertex 8.75 10.09079298714633 -99.94765621148876
    vertex 8.75 10.1108890773417 -96.87639446756631
  endloop
endfacet
facet normal 1 0 -0
  outer loop
    vertex 8.75 9.890790777672676 -108.9278688626157
    vertex 8.75 9.980743837311815 -105.9733934090135
    vertex 8.75 7.455748281207475 -107.2245239153727
  endloop
endfacet
facet normal 1 0 0
  outer loop
    vertex 8.75 9.980743837311815 -105.9733934090135
    vertex 8.75 7.545701340846616 -104.2700484617704
    vertex 8.75 7.455748281207475 -107.2245239153727
  endloop
endfacet
facet normal 1 0 -0
  outer loop
    vertex 8.75 9.980743837311815 -105.9733934090135
    vertex 8.75 10.07069689695096 -103.0189179554112
    vertex 8.75 7.545701340846616 -104.2700484617704
  endloop
endfacet
facet normal 1 0 -0
  outer loop
    vertex 8.75 7.455748281207475 -107.2245239153727
    vertex 8.75 7.545701340846616 -104.2700484617704
    vertex 8.75 5.020705784742276 -105.5211789681296
  endloop
endfacet
facet normal 1 0 0
  outer loop
    vertex 8.75 20 -90.62918340269898
    vertex 8.75 17.35175975376321 -89.17908808067068
    vertex 8.75 17.42531202326828 -92.27686987062965
  endloop
endfacet
facet normal 1 0 0
  outer loop
    vertex 8.75 17.35175975376321 -89.17908808067068
    vertex 8.75 14.77707177703149 -90.82677454860135
    vertex 8.75 17.42531202326828 -92.27686987062965
  endloop
endfacet
facet normal 1 0 0
  outer loop
    vertex 8.75 17.35175975376321 -89.17908808067068
    vertex 8.75 14.70351950752642 -87.72899275864239
    vertex 8.75 14.77707177703149 -90.82677454860135
  endloop
endfacet
facet normal 1 0 0
  outer loop
    vertex 8.75 17.42531202326828 -92.27686987062965
    vertex 8.75 14.77707177703149 -90.82677454860135
    vertex 8.75 14.85062404653655 -93.92455633856032
  endloop
endfacet
facet normal 1 0 -0
  outer loop
    vertex 8.75 13.82868004135999 -117.8090138310842
    vertex 8.75 14.33193521558018 -114.9391660099018
    vertex 8.75 11.62183671463513 -116.1625948719002
  endloop
endfacet
facet normal 1 0 0
  outer loop
    vertex 8.75 14.33193521558018 -114.9391660099018
    vertex 8.75 12.12509188885531 -113.2927470507178
    vertex 8.75 11.62183671463513 -116.1625948719002
  endloop
endfacet
facet normal 1 0 -0
  outer loop
    vertex 8.75 14.33193521558018 -114.9391660099018
    vertex 8.75 14.83519038980037 -112.0693181887194
    vertex 8.75 12.12509188885531 -113.2927470507178
  endloop
endfacet
facet normal 1 0 -0
  outer loop
    vertex 8.75 11.62183671463513 -116.1625948719002
    vertex 8.75 12.12509188885531 -113.2927470507178
    vertex 8.75 9.414993387910259 -114.5161759127162
  endloop
endfacet
facet normal 1 0 -0
  outer loop
    vertex 8.75 5.030710508135234 -111.3265230055236
    vertex 8.75 7.460750642903955 -110.1271959340697
    vertex 8.75 5.025708146438755 -108.4238509868266
  endloop
endfacet
facet normal 1 0 0
  outer loop
    vertex 8.75 7.460750642903955 -110.1271959340697
    vertex 8.75 7.455748281207475 -107.2245239153727
    vertex 8.75 5.025708146438755 -108.4238509868266
  endloop
endfacet
facet normal 1 0 -0
  outer loop
    vertex 8.75 7.460750642903955 -110.1271959340697
    vertex 8.75 9.890790777672676 -108.9278688626157
    vertex 8.75 7.455748281207475 -107.2245239153727
  endloop
endfacet
facet normal 1 0 -0
  outer loop
    vertex 8.75 5.025708146438755 -108.4238509868266
    vertex 8.75 7.455748281207475 -107.2245239153727
    vertex 8.75 5.020705784742276 -105.5211789681296
  endloop
endfacet
facet normal 1 0 0
  outer loop
    vertex 8.75 5.020705784742276 -105.5211789681296
    vertex 8.75 7.545701340846616 -104.2700484617704
    vertex 8.75 5.060184904429282 -102.4832912657276
  endloop
endfacet
facet normal 1 0 -0
  outer loop
    vertex 8.75 7.545701340846616 -104.2700484617704
    vertex 8.75 7.585180460533622 -101.2321607593684
    vertex 8.75 5.060184904429282 -102.4832912657276
  endloop
endfacet
facet normal 1 0 0
  outer loop
    vertex 8.75 7.545701340846616 -104.2700484617704
    vertex 8.75 10.07069689695096 -103.0189179554112
    vertex 8.75 7.585180460533622 -101.2321607593684
  endloop
endfacet
facet normal 1 0 0
  outer loop
    vertex 8.75 5.060184904429282 -102.4832912657276
    vertex 8.75 7.585180460533622 -101.2321607593684
    vertex 8.75 5.099664024116288 -99.4454035633256
  endloop
endfacet
facet normal 1 0 -0
  outer loop
    vertex 8.75 5.099664024116288 -99.4454035633256
    vertex 8.75 7.605276550728995 -98.16089901544596
    vertex 8.75 5.091616014837146 -96.42399086369917
  endloop
endfacet
facet normal 1 0 0
  outer loop
    vertex 8.75 7.605276550728995 -98.16089901544596
    vertex 8.75 7.597228541449852 -95.13948631581952
    vertex 8.75 5.091616014837146 -96.42399086369917
  endloop
endfacet
facet normal 1 0 -0
  outer loop
    vertex 8.75 7.605276550728995 -98.16089901544596
    vertex 8.75 10.1108890773417 -96.87639446756631
    vertex 8.75 7.597228541449852 -95.13948631581952
  endloop
endfacet
facet normal 1 0 -0
  outer loop
    vertex 8.75 5.091616014837146 -96.42399086369917
    vertex 8.75 7.597228541449852 -95.13948631581952
    vertex 8.75 5.083568005558003 -93.40257816407274
  endloop
endfacet
facet normal 1 0 0
  outer loop
    vertex 8.75 11.08650025716551 -81.70348184348593
    vertex 8.75 11.93942641067452 -83.16896367203604
    vertex 8.75 13.31487519287414 -82.25159377645348
  endloop
endfacet
facet normal 1 -0 0
  outer loop
    vertex 8.75 11.93942641067452 -83.16896367203604
    vertex 8.75 14.16780134638314 -83.71707500500358
    vertex 8.75 13.31487519287414 -82.25159377645348
  endloop
endfacet
facet normal 1 0 0
  outer loop
    vertex 8.75 11.93942641067452 -83.16896367203604
    vertex 8.75 12.79235256418353 -84.63444490058615
    vertex 8.75 14.16780134638314 -83.71707500500358
  endloop
endfacet
facet normal 1 0 0
  outer loop
    vertex 8.75 13.31487519287414 -82.25159377645348
    vertex 8.75 14.16780134638314 -83.71707500500358
    vertex 8.75 15.54325012858276 -82.79970510942101
  endloop
endfacet
facet normal 1 0 0
  outer loop
    vertex 8.75 14.83519038980037 -112.0693181887194
    vertex 8.75 12.36299058373652 -110.4985935256676
    vertex 8.75 12.12509188885531 -113.2927470507178
  endloop
endfacet
facet normal 1 0 0
  outer loop
    vertex 8.75 12.36299058373652 -110.4985935256676
    vertex 8.75 9.652892082791467 -111.722022387666
    vertex 8.75 12.12509188885531 -113.2927470507178
  endloop
endfacet
facet normal 1 0 0
  outer loop
    vertex 8.75 12.36299058373652 -110.4985935256676
    vertex 8.75 9.890790777672676 -108.9278688626157
    vertex 8.75 9.652892082791467 -111.722022387666
  endloop
endfacet
facet normal 1 0 0
  outer loop
    vertex 8.75 12.12509188885531 -113.2927470507178
    vertex 8.75 9.652892082791467 -111.722022387666
    vertex 8.75 9.414993387910259 -114.5161759127162
  endloop
endfacet
facet normal 1 0 0
  outer loop
    vertex 8.75 14.85062404653655 -93.92455633856032
    vertex 8.75 12.48075656193913 -95.40047540306331
    vertex 8.75 14.7201902807791 -96.96227816928015
  endloop
endfacet
facet normal 1 0 0
  outer loop
    vertex 8.75 12.48075656193913 -95.40047540306331
    vertex 8.75 12.35032279618168 -98.43819723378316
    vertex 8.75 14.7201902807791 -96.96227816928015
  endloop
endfacet
facet normal 1 0 0
  outer loop
    vertex 8.75 12.48075656193913 -95.40047540306331
    vertex 8.75 10.1108890773417 -96.87639446756631
    vertex 8.75 12.35032279618168 -98.43819723378316
  endloop
endfacet
facet normal 1 0 0
  outer loop
    vertex 8.75 14.7201902807791 -96.96227816928015
    vertex 8.75 12.35032279618168 -98.43819723378316
    vertex 8.75 14.58975651502165 -99.99999999999999
  endloop
endfacet
facet normal 1 0 0
  outer loop
    vertex 8.75 10.1108890773417 -96.87639446756631
    vertex 8.75 10.09079298714633 -99.94765621148876
    vertex 8.75 12.35032279618168 -98.43819723378316
  endloop
endfacet
facet normal 1 -0 0
  outer loop
    vertex 8.75 10.09079298714633 -99.94765621148876
    vertex 8.75 12.3302267059863 -101.5094589777056
    vertex 8.75 12.35032279618168 -98.43819723378316
  endloop
endfacet
facet normal 1 0 0
  outer loop
    vertex 8.75 10.09079298714633 -99.94765621148876
    vertex 8.75 10.07069689695096 -103.0189179554112
    vertex 8.75 12.3302267059863 -101.5094589777056
  endloop
endfacet
facet normal 1 0 0
  outer loop
    vertex 8.75 12.35032279618168 -98.43819723378316
    vertex 8.75 12.3302267059863 -101.5094589777056
    vertex 8.75 14.58975651502165 -99.99999999999999
  endloop
endfacet
facet normal 1 0 0
  outer loop
    vertex 8.75 14.58975651502165 -99.99999999999999
    vertex 8.75 12.3302267059863 -101.5094589777056
    vertex 8.75 14.58975651502165 -103.1236055324337
  endloop
endfacet
facet normal 1 0 0
  outer loop
    vertex 8.75 12.3302267059863 -101.5094589777056
    vertex 8.75 12.3302267059863 -104.6330645101393
    vertex 8.75 14.58975651502165 -103.1236055324337
  endloop
endfacet
facet normal 1 0 0
  outer loop
    vertex 8.75 12.3302267059863 -101.5094589777056
    vertex 8.75 10.07069689695096 -103.0189179554112
    vertex 8.75 12.3302267059863 -104.6330645101393
  endloop
endfacet
facet normal 1 0 0
  outer loop
    vertex 8.75 14.58975651502165 -103.1236055324337
    vertex 8.75 12.3302267059863 -104.6330645101393
    vertex 8.75 14.58975651502165 -106.2472110648673
  endloop
endfacet
facet normal 1 0 0
  outer loop
    vertex 8.75 14.58975651502165 -106.2472110648673
    vertex 8.75 12.3302267059863 -104.6330645101393
    vertex 8.75 12.24027364634716 -107.5875399637415
  endloop
endfacet
facet normal 1 0 0
  outer loop
    vertex 8.75 12.3302267059863 -104.6330645101393
    vertex 8.75 9.980743837311815 -105.9733934090135
    vertex 8.75 12.24027364634716 -107.5875399637415
  endloop
endfacet
facet normal 1 0 0
  outer loop
    vertex 8.75 12.3302267059863 -104.6330645101393
    vertex 8.75 10.07069689695096 -103.0189179554112
    vertex 8.75 9.980743837311815 -105.9733934090135
  endloop
endfacet
facet normal 1 0 0
  outer loop
    vertex 8.75 12.24027364634716 -107.5875399637415
    vertex 8.75 9.980743837311815 -105.9733934090135
    vertex 8.75 9.890790777672676 -108.9278688626157
  endloop
endfacet
facet normal 1 0 0
  outer loop
    vertex 8.75 10.1108890773417 -96.87639446756631
    vertex 8.75 10.05352508187732 -94.09033487149158
    vertex 8.75 7.597228541449852 -95.13948631581952
  endloop
endfacet
facet normal 1 0 0
  outer loop
    vertex 8.75 10.05352508187732 -94.09033487149158
    vertex 8.75 7.539864545985467 -92.35342671974479
    vertex 8.75 7.597228541449852 -95.13948631581952
  endloop
endfacet
facet normal 1 0 0
  outer loop
    vertex 8.75 10.05352508187732 -94.09033487149158
    vertex 8.75 9.996161086412931 -91.30427527541684
    vertex 8.75 7.539864545985467 -92.35342671974479
  endloop
endfacet
facet normal 1 0 0
  outer loop
    vertex 8.75 7.597228541449852 -95.13948631581952
    vertex 8.75 7.539864545985467 -92.35342671974479
    vertex 8.75 5.083568005558003 -93.40257816407274
  endloop
endfacet
facet normal 1 0 0
  outer loop
    vertex 8.75 9.836140363459425 -86.30559929079524
    vertex 8.75 9.916150724936177 -88.80493728310604
    vertex 8.75 12.26982993549292 -87.01729602471882
  endloop
endfacet
facet normal 1 -0 0
  outer loop
    vertex 8.75 9.916150724936177 -88.80493728310604
    vertex 8.75 12.34984029696967 -89.51663401702962
    vertex 8.75 12.26982993549292 -87.01729602471882
  endloop
endfacet
facet normal 1 0 0
  outer loop
    vertex 8.75 9.916150724936177 -88.80493728310604
    vertex 8.75 9.996161086412931 -91.30427527541684
    vertex 8.75 12.34984029696967 -89.51663401702962
  endloop
endfacet
facet normal 1 0 0
  outer loop
    vertex 8.75 12.26982993549292 -87.01729602471882
    vertex 8.75 12.34984029696967 -89.51663401702962
    vertex 8.75 14.70351950752642 -87.72899275864239
  endloop
endfacet
facet normal 1 -0 0
  outer loop
    vertex 8.75 4.551863571971463 -88.30806141849595
    vertex 8.75 7.274012329192197 -89.8061683469564
    vertex 8.75 7.194001967715444 -87.3068303546456
  endloop
endfacet
facet normal 1 0 -0
  outer loop
    vertex 8.75 7.274012329192197 -89.8061683469564
    vertex 8.75 9.916150724936177 -88.80493728310604
    vertex 8.75 7.194001967715444 -87.3068303546456
  endloop
endfacet
facet normal 1 -0 0
  outer loop
    vertex 8.75 7.274012329192197 -89.8061683469564
    vertex 8.75 9.996161086412931 -91.30427527541684
    vertex 8.75 9.916150724936177 -88.80493728310604
  endloop
endfacet
facet normal 1 -0 0
  outer loop
    vertex 8.75 7.194001967715444 -87.3068303546456
    vertex 8.75 9.916150724936177 -88.80493728310604
    vertex 8.75 9.836140363459425 -86.30559929079524
  endloop
endfacet
facet normal 1 0 0
  outer loop
    vertex 8.75 9.414993387910259 -114.5161759127162
    vertex 8.75 7.300671095967671 -115.2471608580389
    vertex 8.75 8.536176735315102 -117.2580879563581
  endloop
endfacet
facet normal 1 0 0
  outer loop
    vertex 8.75 7.300671095967671 -115.2471608580389
    vertex 8.75 6.421854443372514 -117.9890729016808
    vertex 8.75 8.536176735315102 -117.2580879563581
  endloop
endfacet
facet normal 1 0 0
  outer loop
    vertex 8.75 7.300671095967671 -115.2471608580389
    vertex 8.75 5.186348804025082 -115.9781458033616
    vertex 8.75 6.421854443372514 -117.9890729016808
  endloop
endfacet
facet normal 1 0 0
  outer loop
    vertex 8.75 8.536176735315102 -117.2580879563581
    vertex 8.75 6.421854443372514 -117.9890729016808
    vertex 8.75 7.657360082719945 -120
  endloop
endfacet
facet normal 1 0 0
  outer loop
    vertex 8.75 5.083568005558003 -93.40257816407274
    vertex 8.75 4.817715788764733 -90.85531979128434
    vertex 8.75 2.541784002779002 -91.82136432845667
  endloop
endfacet
facet normal 1 0 0
  outer loop
    vertex 8.75 4.817715788764733 -90.85531979128434
    vertex 8.75 2.275931785985732 -89.27410595566829
    vertex 8.75 2.541784002779002 -91.82136432845667
  endloop
endfacet
facet normal 1 0 0
  outer loop
    vertex 8.75 4.817715788764733 -90.85531979128434
    vertex 8.75 4.551863571971463 -88.30806141849595
    vertex 8.75 2.275931785985732 -89.27410595566829
  endloop
endfacet
facet normal 1 0 0
  outer loop
    vertex 8.75 2.541784002779002 -91.82136432845667
    vertex 8.75 2.275931785985732 -89.27410595566829
    vertex 8.75 0 -90.24015049284061
  endloop
endfacet
facet normal 1 0 0
  outer loop
    vertex 8.75 14.58975651502165 -106.2472110648673
    vertex 8.75 12.24027364634716 -107.5875399637415
    vertex 8.75 14.71247345241101 -109.1582646267934
  endloop
endfacet
facet normal 1 0 0
  outer loop
    vertex 8.75 12.24027364634716 -107.5875399637415
    vertex 8.75 12.36299058373652 -110.4985935256676
    vertex 8.75 14.71247345241101 -109.1582646267934
  endloop
endfacet
facet normal 1 0 0
  outer loop
    vertex 8.75 12.24027364634716 -107.5875399637415
    vertex 8.75 9.890790777672676 -108.9278688626157
    vertex 8.75 12.36299058373652 -110.4985935256676
  endloop
endfacet
facet normal 1 0 0
  outer loop
    vertex 8.75 14.71247345241101 -109.1582646267934
    vertex 8.75 12.36299058373652 -110.4985935256676
    vertex 8.75 14.83519038980037 -112.0693181887194
  endloop
endfacet
facet normal 1 0 0
  outer loop
    vertex 8.75 7.657360082719945 -120
    vertex 8.75 6.421854443372514 -117.9890729016808
    vertex 8.75 5.743020062039959 -120
  endloop
endfacet
facet normal 1 0 0
  outer loop
    vertex 8.75 6.421854443372514 -117.9890729016808
    vertex 8.75 4.507514422692527 -117.9890729016808
    vertex 8.75 5.743020062039959 -120
  endloop
endfacet
facet normal 1 0 0
  outer loop
    vertex 8.75 6.421854443372514 -117.9890729016808
    vertex 8.75 5.186348804025082 -115.9781458033616
    vertex 8.75 4.507514422692527 -117.9890729016808
  endloop
endfacet
facet normal 1 0 0
  outer loop
    vertex 8.75 5.743020062039959 -120
    vertex 8.75 4.507514422692527 -117.9890729016808
    vertex 8.75 3.828680041359973 -120
  endloop
endfacet
facet normal 1 0 -0
  outer loop
    vertex 8.75 5.083568005558003 -93.40257816407274
    vertex 8.75 7.539864545985467 -92.35342671974479
    vertex 8.75 4.817715788764733 -90.85531979128434
  endloop
endfacet
facet normal 1 0 0
  outer loop
    vertex 8.75 7.539864545985467 -92.35342671974479
    vertex 8.75 7.274012329192197 -89.8061683469564
    vertex 8.75 4.817715788764733 -90.85531979128434
  endloop
endfacet
facet normal 1 0 -0
  outer loop
    vertex 8.75 7.539864545985467 -92.35342671974479
    vertex 8.75 9.996161086412931 -91.30427527541684
    vertex 8.75 7.274012329192197 -89.8061683469564
  endloop
endfacet
facet normal 1 0 -0
  outer loop
    vertex 8.75 4.817715788764733 -90.85531979128434
    vertex 8.75 7.274012329192197 -89.8061683469564
    vertex 8.75 4.551863571971463 -88.30806141849595
  endloop
endfacet
facet normal 1 0 -0
  outer loop
    vertex 8.75 9.414993387910259 -114.5161759127162
    vertex 8.75 9.652892082791467 -111.722022387666
    vertex 8.75 7.222851948022747 -112.9213494591199
  endloop
endfacet
facet normal 1 0 0
  outer loop
    vertex 8.75 9.652892082791467 -111.722022387666
    vertex 8.75 7.460750642903955 -110.1271959340697
    vertex 8.75 7.222851948022747 -112.9213494591199
  endloop
endfacet
facet normal 1 0 -0
  outer loop
    vertex 8.75 9.652892082791467 -111.722022387666
    vertex 8.75 9.890790777672676 -108.9278688626157
    vertex 8.75 7.460750642903955 -110.1271959340697
  endloop
endfacet
facet normal 1 0 -0
  outer loop
    vertex 8.75 7.222851948022747 -112.9213494591199
    vertex 8.75 7.460750642903955 -110.1271959340697
    vertex 8.75 5.030710508135234 -111.3265230055236
  endloop
endfacet
facet normal 1 0 0
  outer loop
    vertex 8.75 14.70351950752642 -87.72899275864239
    vertex 8.75 12.34984029696967 -89.51663401702962
    vertex 8.75 14.77707177703149 -90.82677454860135
  endloop
endfacet
facet normal 1 0 0
  outer loop
    vertex 8.75 12.34984029696967 -89.51663401702962
    vertex 8.75 12.42339256647474 -92.61441580698857
    vertex 8.75 14.77707177703149 -90.82677454860135
  endloop
endfacet
facet normal 1 0 0
  outer loop
    vertex 8.75 12.34984029696967 -89.51663401702962
    vertex 8.75 9.996161086412931 -91.30427527541684
    vertex 8.75 12.42339256647474 -92.61441580698857
  endloop
endfacet
facet normal 1 0 0
  outer loop
    vertex 8.75 14.77707177703149 -90.82677454860135
    vertex 8.75 12.42339256647474 -92.61441580698857
    vertex 8.75 14.85062404653655 -93.92455633856032
  endloop
endfacet
facet normal 1 0 0
  outer loop
    vertex 8.75 14.85062404653655 -93.92455633856032
    vertex 8.75 12.42339256647474 -92.61441580698857
    vertex 8.75 12.48075656193913 -95.40047540306331
  endloop
endfacet
facet normal 1 0 0
  outer loop
    vertex 8.75 12.42339256647474 -92.61441580698857
    vertex 8.75 10.05352508187732 -94.09033487149158
    vertex 8.75 12.48075656193913 -95.40047540306331
  endloop
endfacet
facet normal 1 0 0
  outer loop
    vertex 8.75 12.42339256647474 -92.61441580698857
    vertex 8.75 9.996161086412931 -91.30427527541684
    vertex 8.75 10.05352508187732 -94.09033487149158
  endloop
endfacet
facet normal 1 0 0
  outer loop
    vertex 8.75 12.48075656193913 -95.40047540306331
    vertex 8.75 10.05352508187732 -94.09033487149158
    vertex 8.75 10.1108890773417 -96.87639446756631
  endloop
endfacet
facet normal 1 0 0
  outer loop
    vertex 8.75 5.650836661434593 -83.4867868652602
    vertex 8.75 5.101350116703028 -85.89742414187808
    vertex 8.75 7.743488512447009 -84.89619307802772
  endloop
endfacet
facet normal 1 -0 0
  outer loop
    vertex 8.75 5.101350116703028 -85.89742414187808
    vertex 8.75 7.194001967715444 -87.3068303546456
    vertex 8.75 7.743488512447009 -84.89619307802772
  endloop
endfacet
facet normal 1 0 0
  outer loop
    vertex 8.75 5.101350116703028 -85.89742414187808
    vertex 8.75 4.551863571971463 -88.30806141849595
    vertex 8.75 7.194001967715444 -87.3068303546456
  endloop
endfacet
facet normal 1 0 0
  outer loop
    vertex 8.75 7.743488512447009 -84.89619307802772
    vertex 8.75 7.194001967715444 -87.3068303546456
    vertex 8.75 9.836140363459425 -86.30559929079524
  endloop
endfacet
facet normal 1 0 0
  outer loop
    vertex 8.75 15.54325012858276 -82.79970510942101
    vertex 8.75 14.16780134638314 -83.71707500500358
    vertex 8.75 15.12338481805459 -85.2643489340317
  endloop
endfacet
facet normal 1 0 0
  outer loop
    vertex 8.75 14.16780134638314 -83.71707500500358
    vertex 8.75 13.74793603585497 -86.18171882961427
    vertex 8.75 15.12338481805459 -85.2643489340317
  endloop
endfacet
facet normal 1 0 0
  outer loop
    vertex 8.75 14.16780134638314 -83.71707500500358
    vertex 8.75 12.79235256418353 -84.63444490058615
    vertex 8.75 13.74793603585497 -86.18171882961427
  endloop
endfacet
facet normal 1 0 0
  outer loop
    vertex 8.75 15.12338481805459 -85.2643489340317
    vertex 8.75 13.74793603585497 -86.18171882961427
    vertex 8.75 14.70351950752642 -87.72899275864239
  endloop
endfacet
facet normal 1 0 0
  outer loop
    vertex 8.75 14.70351950752642 -87.72899275864239
    vertex 8.75 13.74793603585497 -86.18171882961427
    vertex 8.75 12.26982993549292 -87.01729602471882
  endloop
endfacet
facet normal 1 0 0
  outer loop
    vertex 8.75 13.74793603585497 -86.18171882961427
    vertex 8.75 11.31424646382148 -85.47002209569069
    vertex 8.75 12.26982993549292 -87.01729602471882
  endloop
endfacet
facet normal 1 0 0
  outer loop
    vertex 8.75 13.74793603585497 -86.18171882961427
    vertex 8.75 12.79235256418353 -84.63444490058615
    vertex 8.75 11.31424646382148 -85.47002209569069
  endloop
endfacet
facet normal 1 0 0
  outer loop
    vertex 8.75 12.26982993549292 -87.01729602471882
    vertex 8.75 11.31424646382148 -85.47002209569069
    vertex 8.75 9.836140363459425 -86.30559929079524
  endloop
endfacet
facet normal 1 0 0
  outer loop
    vertex 8.75 5.030710508135234 -111.3265230055236
    vertex 8.75 5.108529656080158 -113.6523344044426
    vertex 8.75 7.222851948022747 -112.9213494591199
  endloop
endfacet
facet normal 1 -0 0
  outer loop
    vertex 8.75 5.108529656080158 -113.6523344044426
    vertex 8.75 7.300671095967671 -115.2471608580389
    vertex 8.75 7.222851948022747 -112.9213494591199
  endloop
endfacet
facet normal 1 0 0
  outer loop
    vertex 8.75 5.108529656080158 -113.6523344044426
    vertex 8.75 5.186348804025082 -115.9781458033616
    vertex 8.75 7.300671095967671 -115.2471608580389
  endloop
endfacet
facet normal 1 0 0
  outer loop
    vertex 8.75 7.222851948022747 -112.9213494591199
    vertex 8.75 7.300671095967671 -115.2471608580389
    vertex 8.75 9.414993387910259 -114.5161759127162
  endloop
endfacet
facet normal 1 0 0
  outer loop
    vertex 8.75 9.836140363459425 -86.30559929079524
    vertex 8.75 11.31424646382148 -85.47002209569069
    vertex 8.75 10.46132031031247 -84.00454086714059
  endloop
endfacet
facet normal 1 0 -0
  outer loop
    vertex 8.75 11.31424646382148 -85.47002209569069
    vertex 8.75 11.93942641067452 -83.16896367203604
    vertex 8.75 10.46132031031247 -84.00454086714059
  endloop
endfacet
facet normal 1 0 0
  outer loop
    vertex 8.75 11.31424646382148 -85.47002209569069
    vertex 8.75 12.79235256418353 -84.63444490058615
    vertex 8.75 11.93942641067452 -83.16896367203604
  endloop
endfacet
facet normal 1 0 0
  outer loop
    vertex 8.75 10.46132031031247 -84.00454086714059
    vertex 8.75 11.93942641067452 -83.16896367203604
    vertex 8.75 11.08650025716551 -81.70348184348593
  endloop
endfacet
facet normal 1 0 0
  outer loop
    vertex 8.75 11.08650025716551 -81.21743788101038
    vertex 8.75 11.08650025716551 -81.46046016224815
    vertex 8.75 13.31487519287414 -82.0085714952157
  endloop
endfacet
facet normal 1 0 0
  outer loop
    vertex 8.75 11.08650025716551 -81.46046016224815
    vertex 8.75 13.31487519287414 -82.25159377645348
    vertex 8.75 13.31487519287414 -82.0085714952157
  endloop
endfacet
facet normal 1 0 0
  outer loop
    vertex 8.75 11.08650025716551 -81.46046016224815
    vertex 8.75 11.08650025716551 -81.70348184348593
    vertex 8.75 13.31487519287414 -82.25159377645348
  endloop
endfacet
facet normal 1 0 0
  outer loop
    vertex 8.75 13.31487519287414 -82.0085714952157
    vertex 8.75 13.31487519287414 -82.25159377645348
    vertex 8.75 15.54325012858276 -82.79970510942101
  endloop
endfacet
facet normal 1 0 0
  outer loop
    vertex 8.75 0 -120
    vertex 8.75 1.914340020679986 -120
    vertex 8.75 0 -117.024015049284
  endloop
endfacet
facet normal 1 0 -0
  outer loop
    vertex 8.75 1.914340020679986 -120
    vertex 8.75 1.914340020679987 -117.024015049284
    vertex 8.75 0 -117.024015049284
  endloop
endfacet
facet normal 1 0 0
  outer loop
    vertex 8.75 1.914340020679986 -120
    vertex 8.75 3.828680041359973 -120
    vertex 8.75 1.914340020679987 -117.024015049284
  endloop
endfacet
facet normal 1 0 0
  outer loop
    vertex 8.75 0 -117.024015049284
    vertex 8.75 1.914340020679987 -117.024015049284
    vertex 8.75 0 -114.0480300985681
  endloop
endfacet
facet normal 0.377229 0.238692 -0.894832
  outer loop
    vertex 12.70931805962141 6.160050520207775 -81.70348184348593
    vertex 10.73333585274394 5.907467259081781 -82.60385962220928
    vertex 11.00877194098829 8.847594492484374 -81.70348184348593
  endloop
endfacet
facet normal 0.337149 0.246653 -0.908566
  outer loop
    vertex 10.73333585274394 5.907467259081781 -82.60385962220928
    vertex 8.75 8.391566285494504 -82.66546347435964
    vertex 11.00877194098829 8.847594492484374 -81.70348184348593
  endloop
endfacet
facet normal 0.362773 0.267505 -0.892657
  outer loop
    vertex 10.73333585274394 5.907467259081781 -82.60385962220928
    vertex 8.75 5.650836661434593 -83.4867868652602
    vertex 8.75 8.391566285494504 -82.66546347435964
  endloop
endfacet
facet normal 0.316136 0.318941 -0.893495
  outer loop
    vertex 11.00877194098829 8.847594492484374 -81.70348184348593
    vertex 8.75 8.391566285494504 -82.66546347435964
    vertex 8.75 11.08650025716551 -81.70348184348593
  endloop
endfacet
facet normal 0.45129 0.0511366 -0.890911
  outer loop
    vertex 14.12349064332649 0 -81.70348184348593
    vertex 12.46017327502146 1.362908132190323 -82.46780592050906
    vertex 13.76540814233734 3.160146614795554 -81.70348184348593
  endloop
endfacet
facet normal 0.400827 0.0963594 -0.911072
  outer loop
    vertex 12.46017327502146 1.362908132190323 -82.46780592050906
    vertex 11.74660480041035 4.445266493167755 -82.4557360252029
    vertex 13.76540814233734 3.160146614795554 -81.70348184348593
  endloop
endfacet
facet normal 0.446246 0.106786 -0.888516
  outer loop
    vertex 12.46017327502146 1.362908132190323 -82.46780592050906
    vertex 10.76127757598222 2.721924665506605 -83.15772283987648
    vertex 11.74660480041035 4.445266493167755 -82.4557360252029
  endloop
endfacet
facet normal 0.427971 0.150663 -0.891146
  outer loop
    vertex 13.76540814233734 3.160146614795554 -81.70348184348593
    vertex 11.74660480041035 4.445266493167755 -82.4557360252029
    vertex 12.70931805962141 6.160050520207775 -81.70348184348593
  endloop
endfacet
facet normal 0.364604 0.190008 -0.911571
  outer loop
    vertex 8.75 5.650836661434593 -83.4867868652602
    vertex 9.780188713033279 4.196915630346649 -83.37779405646609
    vertex 8.75 2.850727277477155 -84.07044184614686
  endloop
endfacet
facet normal 0.44574 0.115617 -0.887664
  outer loop
    vertex 9.780188713033279 4.196915630346649 -83.37779405646609
    vertex 9.76959164462936 1.362908828798476 -83.75224008237619
    vertex 8.75 2.850727277477155 -84.07044184614686
  endloop
endfacet
facet normal 0.384918 0.11948 -0.915185
  outer loop
    vertex 9.780188713033279 4.196915630346649 -83.37779405646609
    vertex 10.76127757598222 2.721924665506605 -83.15772283987648
    vertex 9.76959164462936 1.362908828798476 -83.75224008237619
  endloop
endfacet
facet normal 0.389043 0.0701585 -0.918544
  outer loop
    vertex 8.75 2.850727277477155 -84.07044184614686
    vertex 9.76959164462936 1.362908828798476 -83.75224008237619
    vertex 8.75 0 -84.28818059140875
  endloop
endfacet
facet normal 0.433274 0.0300764 -0.90076
  outer loop
    vertex 8.75 0 -84.28818059140875
    vertex 9.76959164462936 1.362908828798476 -83.75224008237619
    vertex 11.43674532166325 0 -82.99583121744733
  endloop
endfacet
facet normal 0.430663 0.0261191 -0.902135
  outer loop
    vertex 9.76959164462936 1.362908828798476 -83.75224008237619
    vertex 12.46017327502146 1.362908132190323 -82.46780592050906
    vertex 11.43674532166325 0 -82.99583121744733
  endloop
endfacet
facet normal 0.429423 0.0801597 -0.899539
  outer loop
    vertex 9.76959164462936 1.362908828798476 -83.75224008237619
    vertex 10.76127757598222 2.721924665506605 -83.15772283987648
    vertex 12.46017327502146 1.362908132190323 -82.46780592050906
  endloop
endfacet
facet normal 0.433349 0.0236296 -0.900916
  outer loop
    vertex 11.43674532166325 0 -82.99583121744733
    vertex 12.46017327502146 1.362908132190323 -82.46780592050906
    vertex 14.12349064332649 0 -81.70348184348593
  endloop
endfacet
facet normal 0.389079 0.178063 -0.903831
  outer loop
    vertex 12.70931805962141 6.160050520207775 -81.70348184348593
    vertex 11.74660480041035 4.445266493167755 -82.4557360252029
    vertex 10.73333585274394 5.907467259081781 -82.60385962220928
  endloop
endfacet
facet normal 0.398009 0.184783 -0.898579
  outer loop
    vertex 11.74660480041035 4.445266493167755 -82.4557360252029
    vertex 9.780188713033279 4.196915630346649 -83.37779405646609
    vertex 10.73333585274394 5.907467259081781 -82.60385962220928
  endloop
endfacet
facet normal 0.406535 0.1356 -0.903516
  outer loop
    vertex 11.74660480041035 4.445266493167755 -82.4557360252029
    vertex 10.76127757598222 2.721924665506605 -83.15772283987648
    vertex 9.780188713033279 4.196915630346649 -83.37779405646609
  endloop
endfacet
facet normal 0.376907 0.19925 -0.904567
  outer loop
    vertex 10.73333585274394 5.907467259081781 -82.60385962220928
    vertex 9.780188713033279 4.196915630346649 -83.37779405646609
    vertex 8.75 5.650836661434593 -83.4867868652602
  endloop
endfacet
facet normal 0.377229 0.238692 0.894832
  outer loop
    vertex 12.70931805962141 6.160050520207775 -78.29651815651407
    vertex 11.00877194098829 8.847594492484374 -78.29651815651407
    vertex 10.73333585274394 5.907467259081777 -77.39614037779072
  endloop
endfacet
facet normal 0.337149 0.246653 0.908566
  outer loop
    vertex 11.00877194098829 8.847594492484374 -78.29651815651407
    vertex 8.75 8.391566285494816 -77.33453652564046
    vertex 10.73333585274394 5.907467259081777 -77.39614037779072
  endloop
endfacet
facet normal 0.316136 0.318941 0.893495
  outer loop
    vertex 11.00877194098829 8.847594492484374 -78.29651815651407
    vertex 8.75 11.08650025716551 -78.29651815651407
    vertex 8.75 8.391566285494816 -77.33453652564046
  endloop
endfacet
facet normal 0.362773 0.267505 0.892657
  outer loop
    vertex 10.73333585274394 5.907467259081777 -77.39614037779072
    vertex 8.75 8.391566285494816 -77.33453652564046
    vertex 8.75 5.650836661434587 -76.5132131347398
  endloop
endfacet
facet normal 0.432957 0.152419 0.888435
  outer loop
    vertex 12.70931805962141 6.160050520207775 -78.29651815651407
    vertex 12.06058777997258 4.375758239540974 -77.6742647819389
    vertex 13.76540814233734 3.160146614795554 -78.29651815651407
  endloop
endfacet
facet normal 0.397959 0.0908151 0.912897
  outer loop
    vertex 12.06058777997258 4.375758239540974 -77.6742647819389
    vertex 12.7678068504695 1.291900749220244 -77.67578040288898
    vertex 13.76540814233734 3.160146614795554 -78.29651815651407
  endloop
endfacet
facet normal 0.453393 0.103541 0.885276
  outer loop
    vertex 12.06058777997258 4.375758239540974 -77.6742647819389
    vertex 11.38245981024624 2.580800045493589 -77.11702630140351
    vertex 12.7678068504695 1.291900749220244 -77.67578040288898
  endloop
endfacet
facet normal 0.456048 0.0516757 0.888454
  outer loop
    vertex 13.76540814233734 3.160146614795554 -78.29651815651407
    vertex 12.7678068504695 1.291900749220244 -77.67578040288898
    vertex 14.12349064332649 0 -78.29651815651407
  endloop
endfacet
facet normal 0.399126 0.0698292 0.914233
  outer loop
    vertex 8.75 0 -75.71181940859125
    vertex 10.07780061620619 1.291883283708 -76.39017094333423
    vertex 8.75 2.850727277477161 -75.92955815385314
  endloop
endfacet
facet normal 0.438734 0.110184 0.891836
  outer loop
    vertex 10.07780061620619 1.291883283708 -76.39017094333423
    vertex 10.09554706887772 4.127805375595512 -76.74927256026525
    vertex 8.75 2.850727277477161 -75.92955815385314
  endloop
endfacet
facet normal 0.396122 0.112907 0.911229
  outer loop
    vertex 10.07780061620619 1.291883283708 -76.39017094333423
    vertex 11.38245981024624 2.580800045493589 -77.11702630140351
    vertex 10.09554706887772 4.127805375595512 -76.74927256026525
  endloop
endfacet
facet normal 0.373562 0.189282 0.908088
  outer loop
    vertex 8.75 2.850727277477161 -75.92955815385314
    vertex 10.09554706887772 4.127805375595512 -76.74927256026525
    vertex 8.75 5.650836661434587 -76.5132131347398
  endloop
endfacet
facet normal 0.433366 0.0218691 0.900952
  outer loop
    vertex 14.12349064332649 0 -78.29651815651407
    vertex 12.7678068504695 1.291900749220244 -77.67578040288898
    vertex 11.43674532166325 0 -77.00416878255265
  endloop
endfacet
facet normal 0.431073 0.0247645 0.901977
  outer loop
    vertex 12.7678068504695 1.291900749220244 -77.67578040288898
    vertex 10.07780061620619 1.291883283708 -76.39017094333423
    vertex 11.43674532166325 0 -77.00416878255265
  endloop
endfacet
facet normal 0.430082 0.0721452 0.899903
  outer loop
    vertex 12.7678068504695 1.291900749220244 -77.67578040288898
    vertex 11.38245981024624 2.580800045493589 -77.11702630140351
    vertex 10.07780061620619 1.291883283708 -76.39017094333423
  endloop
endfacet
facet normal 0.433304 0.0276597 0.900823
  outer loop
    vertex 11.43674532166325 0 -77.00416878255265
    vertex 10.07780061620619 1.291883283708 -76.39017094333423
    vertex 8.75 0 -75.71181940859125
  endloop
endfacet
facet normal 0.377982 0.193612 0.905342
  outer loop
    vertex 8.75 5.650836661434587 -76.5132131347398
    vertex 10.09554706887772 4.127805375595512 -76.74927256026525
    vertex 10.73333585274394 5.907467259081777 -77.39614037779072
  endloop
endfacet
facet normal 0.399666 0.183231 0.898161
  outer loop
    vertex 10.09554706887772 4.127805375595512 -76.74927256026525
    vertex 12.06058777997258 4.375758239540974 -77.6742647819389
    vertex 10.73333585274394 5.907467259081777 -77.39614037779072
  endloop
endfacet
facet normal 0.409472 0.125824 0.903605
  outer loop
    vertex 10.09554706887772 4.127805375595512 -76.74927256026525
    vertex 11.38245981024624 2.580800045493589 -77.11702630140351
    vertex 12.06058777997258 4.375758239540974 -77.6742647819389
  endloop
endfacet
facet normal 0.389882 0.173629 0.904348
  outer loop
    vertex 10.73333585274394 5.907467259081777 -77.39614037779072
    vertex 12.06058777997258 4.375758239540974 -77.6742647819389
    vertex 12.70931805962141 6.160050520207775 -78.29651815651407
  endloop
endfacet
facet normal 1 0 0
  outer loop
    vertex 8.75 15.54325012858276 -42.79970510942101
    vertex 8.75 15.12790664755099 -45.2656542540529
    vertex 8.75 17.77162506429138 -43.59083872362633
  endloop
endfacet
facet normal 1 -0 0
  outer loop
    vertex 8.75 15.12790664755099 -45.2656542540529
    vertex 8.75 17.35628158325961 -46.05678786825822
    vertex 8.75 17.77162506429138 -43.59083872362633
  endloop
endfacet
facet normal 1 0 0
  outer loop
    vertex 8.75 15.12790664755099 -45.2656542540529
    vertex 8.75 14.71256316651922 -47.7316033986848
    vertex 8.75 17.35628158325961 -46.05678786825822
  endloop
endfacet
facet normal 1 0 0
  outer loop
    vertex 8.75 17.77162506429138 -43.59083872362633
    vertex 8.75 17.35628158325961 -46.05678786825822
    vertex 8.75 20 -44.38197233783164
  endloop
endfacet
facet normal 1 0 0
  outer loop
    vertex 8.75 20 -75.61802766216836
    vertex 8.75 17.31312850507455 -73.99964604925827
    vertex 8.75 17.77162506429138 -76.40916127637368
  endloop
endfacet
facet normal 1 0 0
  outer loop
    vertex 8.75 17.31312850507455 -73.99964604925827
    vertex 8.75 15.08475356936592 -74.7907796634636
    vertex 8.75 17.77162506429138 -76.40916127637368
  endloop
endfacet
facet normal 1 0 0
  outer loop
    vertex 8.75 17.31312850507455 -73.99964604925827
    vertex 8.75 14.6262570101491 -72.3812644363482
    vertex 8.75 15.08475356936592 -74.7907796634636
  endloop
endfacet
facet normal 1 0 0
  outer loop
    vertex 8.75 17.77162506429138 -76.40916127637368
    vertex 8.75 15.08475356936592 -74.7907796634636
    vertex 8.75 15.54325012858275 -77.20029489057899
  endloop
endfacet
facet normal 1 0 0
  outer loop
    vertex 8.75 20 -69.37081659730102
    vertex 8.75 17.31312850507455 -70.8760405168246
    vertex 8.75 20 -72.49442212973469
  endloop
endfacet
facet normal 1 0 0
  outer loop
    vertex 8.75 17.31312850507455 -70.8760405168246
    vertex 8.75 17.31312850507455 -73.99964604925827
    vertex 8.75 20 -72.49442212973469
  endloop
endfacet
facet normal 1 0 0
  outer loop
    vertex 8.75 17.31312850507455 -70.8760405168246
    vertex 8.75 14.6262570101491 -72.3812644363482
    vertex 8.75 17.31312850507455 -73.99964604925827
  endloop
endfacet
facet normal 1 0 0
  outer loop
    vertex 8.75 20 -72.49442212973469
    vertex 8.75 17.31312850507455 -73.99964604925827
    vertex 8.75 20 -75.61802766216836
  endloop
endfacet
facet normal 1 0 0
  outer loop
    vertex 8.75 20 -44.38197233783164
    vertex 8.75 17.35628158325961 -46.05678786825822
    vertex 8.75 20 -47.50557787026531
  endloop
endfacet
facet normal 1 0 0
  outer loop
    vertex 8.75 17.35628158325961 -46.05678786825822
    vertex 8.75 17.35628158325961 -49.18039340069189
    vertex 8.75 20 -47.50557787026531
  endloop
endfacet
facet normal 1 0 0
  outer loop
    vertex 8.75 17.35628158325961 -46.05678786825822
    vertex 8.75 14.71256316651922 -47.7316033986848
    vertex 8.75 17.35628158325961 -49.18039340069189
  endloop
endfacet
facet normal 1 0 0
  outer loop
    vertex 8.75 20 -47.50557787026531
    vertex 8.75 17.35628158325961 -49.18039340069189
    vertex 8.75 20 -50.62918340269898
  endloop
endfacet
facet normal 1 0 0
  outer loop
    vertex 8.75 11.08650025716551 -78.29651815651407
    vertex 8.75 10.3446946331873 -76.07135782736292
    vertex 8.75 8.391566285494816 -77.33453652564046
  endloop
endfacet
facet normal 1 0 0
  outer loop
    vertex 8.75 10.3446946331873 -76.07135782736292
    vertex 8.75 7.626862835321841 -75.17970531647579
    vertex 8.75 8.391566285494816 -77.33453652564046
  endloop
endfacet
facet normal 1 0 0
  outer loop
    vertex 8.75 10.3446946331873 -76.07135782736292
    vertex 8.75 9.602889009209095 -73.84619749821178
    vertex 8.75 7.626862835321841 -75.17970531647579
  endloop
endfacet
facet normal 1 0 0
  outer loop
    vertex 8.75 8.391566285494816 -77.33453652564046
    vertex 8.75 7.626862835321841 -75.17970531647579
    vertex 8.75 5.650836661434587 -76.5132131347398
  endloop
endfacet
facet normal 1 -0 0
  outer loop
    vertex 8.75 5.650836661434593 -43.48678686526019
    vertex 8.75 7.764678165036685 -44.91763404950426
    vertex 8.75 8.391566285494504 -42.66546347435965
  endloop
endfacet
facet normal 1 0 0
  outer loop
    vertex 8.75 7.764678165036685 -44.91763404950426
    vertex 8.75 10.48250996290215 -44.02598153861712
    vertex 8.75 8.391566285494504 -42.66546347435965
  endloop
endfacet
facet normal 1 -0 0
  outer loop
    vertex 8.75 7.764678165036685 -44.91763404950426
    vertex 8.75 9.878519668638777 -46.34848123374832
    vertex 8.75 10.48250996290215 -44.02598153861712
  endloop
endfacet
facet normal 1 -0 0
  outer loop
    vertex 8.75 8.391566285494504 -42.66546347435965
    vertex 8.75 10.48250996290215 -44.02598153861712
    vertex 8.75 11.08650025716551 -41.70348184348592
  endloop
endfacet
facet normal 1 0 0
  outer loop
    vertex 8.75 0 -69.42709164515475
    vertex 8.75 2.578037484655948 -67.74482778542908
    vertex 8.75 0 -66.28472776343651
  endloop
endfacet
facet normal 1 0 -0
  outer loop
    vertex 8.75 2.578037484655948 -67.74482778542908
    vertex 8.75 2.578037484655948 -64.60246390371083
    vertex 8.75 0 -66.28472776343651
  endloop
endfacet
facet normal 1 0 0
  outer loop
    vertex 8.75 2.578037484655948 -67.74482778542908
    vertex 8.75 5.156074969311895 -66.06256392570342
    vertex 8.75 2.578037484655948 -64.60246390371083
  endloop
endfacet
facet normal 1 0 0
  outer loop
    vertex 8.75 0 -66.28472776343651
    vertex 8.75 2.578037484655948 -64.60246390371083
    vertex 8.75 0 -63.14236388171825
  endloop
endfacet
facet normal 1 0 0
  outer loop
    vertex 8.75 0 -63.14236388171825
    vertex 8.75 2.582236824257075 -61.57118194085912
    vertex 8.75 0 -59.99999999999999
  endloop
endfacet
facet normal 1 0 -0
  outer loop
    vertex 8.75 2.582236824257075 -61.57118194085912
    vertex 8.75 2.582236824257075 -58.42881805914087
    vertex 8.75 0 -59.99999999999999
  endloop
endfacet
facet normal 1 0 0
  outer loop
    vertex 8.75 2.582236824257075 -61.57118194085912
    vertex 8.75 5.164473648514149 -59.99999999999999
    vertex 8.75 2.582236824257075 -58.42881805914087
  endloop
endfacet
facet normal 1 0 0
  outer loop
    vertex 8.75 0 -59.99999999999999
    vertex 8.75 2.582236824257075 -58.42881805914087
    vertex 8.75 0 -56.85763611828174
  endloop
endfacet
facet normal 1 0 0
  outer loop
    vertex 8.75 0 -56.85763611828174
    vertex 8.75 2.578037484655946 -55.39753609628914
    vertex 8.75 0 -53.71527223656349
  endloop
endfacet
facet normal 1 0 -0
  outer loop
    vertex 8.75 2.578037484655946 -55.39753609628914
    vertex 8.75 2.578037484655946 -52.2551722145709
    vertex 8.75 0 -53.71527223656349
  endloop
endfacet
facet normal 1 0 0
  outer loop
    vertex 8.75 2.578037484655946 -55.39753609628914
    vertex 8.75 5.156074969311892 -53.93743607429656
    vertex 8.75 2.578037484655946 -52.2551722145709
  endloop
endfacet
facet normal 1 0 0
  outer loop
    vertex 8.75 0 -53.71527223656349
    vertex 8.75 2.578037484655946 -52.2551722145709
    vertex 8.75 0 -50.57290835484524
  endloop
endfacet
facet normal 1 0 0
  outer loop
    vertex 8.75 20 -63.12360553243366
    vertex 8.75 17.42070942893687 -64.60183128303464
    vertex 8.75 20 -66.24721106486734
  endloop
endfacet
facet normal 1 0 0
  outer loop
    vertex 8.75 17.42070942893687 -64.60183128303464
    vertex 8.75 17.42070942893687 -67.72543681546831
    vertex 8.75 20 -66.24721106486734
  endloop
endfacet
facet normal 1 0 0
  outer loop
    vertex 8.75 17.42070942893687 -64.60183128303464
    vertex 8.75 14.84141885787375 -66.08005703363563
    vertex 8.75 17.42070942893687 -67.72543681546831
  endloop
endfacet
facet normal 1 0 0
  outer loop
    vertex 8.75 20 -66.24721106486734
    vertex 8.75 17.42070942893687 -67.72543681546831
    vertex 8.75 20 -69.37081659730102
  endloop
endfacet
facet normal 1 0 0
  outer loop
    vertex 8.75 20 -50.62918340269898
    vertex 8.75 17.42070942893688 -52.27456318453167
    vertex 8.75 20 -53.75278893513266
  endloop
endfacet
facet normal 1 0 0
  outer loop
    vertex 8.75 17.42070942893688 -52.27456318453167
    vertex 8.75 17.42070942893688 -55.39816871696534
    vertex 8.75 20 -53.75278893513266
  endloop
endfacet
facet normal 1 0 0
  outer loop
    vertex 8.75 17.42070942893688 -52.27456318453167
    vertex 8.75 14.84141885787376 -53.91994296636435
    vertex 8.75 17.42070942893688 -55.39816871696534
  endloop
endfacet
facet normal 1 0 0
  outer loop
    vertex 8.75 20 -53.75278893513266
    vertex 8.75 17.42070942893688 -55.39816871696534
    vertex 8.75 20 -56.87639446756632
  endloop
endfacet
facet normal 1 0 0
  outer loop
    vertex 8.75 20 -56.87639446756632
    vertex 8.75 17.29487825751082 -58.43819723378315
    vertex 8.75 20 -59.99999999999999
  endloop
endfacet
facet normal 1 0 0
  outer loop
    vertex 8.75 17.29487825751082 -58.43819723378315
    vertex 8.75 17.29487825751082 -61.56180276621682
    vertex 8.75 20 -59.99999999999999
  endloop
endfacet
facet normal 1 0 0
  outer loop
    vertex 8.75 17.29487825751082 -58.43819723378315
    vertex 8.75 14.58975651502165 -59.99999999999999
    vertex 8.75 17.29487825751082 -61.56180276621682
  endloop
endfacet
facet normal 1 0 0
  outer loop
    vertex 8.75 20 -59.99999999999999
    vertex 8.75 17.29487825751082 -61.56180276621682
    vertex 8.75 20 -63.12360553243366
  endloop
endfacet
facet normal 1 0 0
  outer loop
    vertex 8.75 5.650836661434587 -76.5132131347398
    vertex 8.75 5.252035667849316 -74.00273359411761
    vertex 8.75 2.850727277477161 -75.92955815385314
  endloop
endfacet
facet normal 1 0 0
  outer loop
    vertex 8.75 5.252035667849316 -74.00273359411761
    vertex 8.75 2.426617337132022 -73.60203673104334
    vertex 8.75 2.850727277477161 -75.92955815385314
  endloop
endfacet
facet normal 1 0 0
  outer loop
    vertex 8.75 5.252035667849316 -74.00273359411761
    vertex 8.75 4.853234674264044 -71.49225405349542
    vertex 8.75 2.426617337132022 -73.60203673104334
  endloop
endfacet
facet normal 1 0 0
  outer loop
    vertex 8.75 2.850727277477161 -75.92955815385314
    vertex 8.75 2.426617337132022 -73.60203673104334
    vertex 8.75 0 -75.71181940859125
  endloop
endfacet
facet normal 1 -0 0
  outer loop
    vertex 8.75 0 -44.28818059140875
    vertex 8.75 2.432596413979985 -46.40218630822762
    vertex 8.75 2.850727277477155 -44.07044184614686
  endloop
endfacet
facet normal 1 0 0
  outer loop
    vertex 8.75 2.432596413979985 -46.40218630822762
    vertex 8.75 5.258014744697281 -46.00148944515335
    vertex 8.75 2.850727277477155 -44.07044184614686
  endloop
endfacet
facet normal 1 -0 0
  outer loop
    vertex 8.75 2.432596413979985 -46.40218630822762
    vertex 8.75 4.865192827959969 -48.5161920250465
    vertex 8.75 5.258014744697281 -46.00148944515335
  endloop
endfacet
facet normal 1 -0 0
  outer loop
    vertex 8.75 2.850727277477155 -44.07044184614686
    vertex 8.75 5.258014744697281 -46.00148944515335
    vertex 8.75 5.650836661434593 -43.48678686526019
  endloop
endfacet
facet normal 1 0 0
  outer loop
    vertex 8.75 0 -75.71181940859125
    vertex 8.75 2.426617337132022 -73.60203673104334
    vertex 8.75 0 -72.569455526873
  endloop
endfacet
facet normal 1 0 -0
  outer loop
    vertex 8.75 2.426617337132022 -73.60203673104334
    vertex 8.75 2.426617337132022 -70.45967284932509
    vertex 8.75 0 -72.569455526873
  endloop
endfacet
facet normal 1 0 0
  outer loop
    vertex 8.75 2.426617337132022 -73.60203673104334
    vertex 8.75 4.853234674264044 -71.49225405349542
    vertex 8.75 2.426617337132022 -70.45967284932509
  endloop
endfacet
facet normal 1 0 0
  outer loop
    vertex 8.75 0 -72.569455526873
    vertex 8.75 2.426617337132022 -70.45967284932509
    vertex 8.75 0 -69.42709164515475
  endloop
endfacet
facet normal 1 0 0
  outer loop
    vertex 8.75 0 -50.57290835484524
    vertex 8.75 2.432596413979985 -49.54455018994587
    vertex 8.75 0 -47.43054447312699
  endloop
endfacet
facet normal 1 0 -0
  outer loop
    vertex 8.75 2.432596413979985 -49.54455018994587
    vertex 8.75 2.432596413979985 -46.40218630822762
    vertex 8.75 0 -47.43054447312699
  endloop
endfacet
facet normal 1 0 0
  outer loop
    vertex 8.75 2.432596413979985 -49.54455018994587
    vertex 8.75 4.865192827959969 -48.5161920250465
    vertex 8.75 2.432596413979985 -46.40218630822762
  endloop
endfacet
facet normal 1 0 0
  outer loop
    vertex 8.75 0 -47.43054447312699
    vertex 8.75 2.432596413979985 -46.40218630822762
    vertex 8.75 0 -44.28818059140875
  endloop
endfacet
facet normal 1 -0 0
  outer loop
    vertex 8.75 0 -56.85763611828174
    vertex 8.75 2.582236824257075 -58.42881805914087
    vertex 8.75 2.578037484655946 -55.39753609628914
  endloop
endfacet
facet normal 1 0 -0
  outer loop
    vertex 8.75 2.582236824257075 -58.42881805914087
    vertex 8.75 5.160274308913021 -56.96871803714828
    vertex 8.75 2.578037484655946 -55.39753609628914
  endloop
endfacet
facet normal 1 -0 0
  outer loop
    vertex 8.75 2.582236824257075 -58.42881805914087
    vertex 8.75 5.164473648514149 -59.99999999999999
    vertex 8.75 5.160274308913021 -56.96871803714828
  endloop
endfacet
facet normal 1 -0 0
  outer loop
    vertex 8.75 2.578037484655946 -55.39753609628914
    vertex 8.75 5.160274308913021 -56.96871803714828
    vertex 8.75 5.156074969311892 -53.93743607429656
  endloop
endfacet
facet normal 1 0 -0
  outer loop
    vertex 8.75 5.156074969311895 -66.06256392570342
    vertex 8.75 5.160274308913023 -63.03128196285171
    vertex 8.75 2.578037484655948 -64.60246390371083
  endloop
endfacet
facet normal 1 0 0
  outer loop
    vertex 8.75 5.160274308913023 -63.03128196285171
    vertex 8.75 2.582236824257075 -61.57118194085912
    vertex 8.75 2.578037484655948 -64.60246390371083
  endloop
endfacet
facet normal 1 0 -0
  outer loop
    vertex 8.75 5.160274308913023 -63.03128196285171
    vertex 8.75 5.164473648514149 -59.99999999999999
    vertex 8.75 2.582236824257075 -61.57118194085912
  endloop
endfacet
facet normal 1 0 -0
  outer loop
    vertex 8.75 2.578037484655948 -64.60246390371083
    vertex 8.75 2.582236824257075 -61.57118194085912
    vertex 8.75 0 -63.14236388171825
  endloop
endfacet
facet normal 1 0 0
  outer loop
    vertex 8.75 14.58975651502165 -59.99999999999999
    vertex 8.75 14.7155876864477 -63.04002851681781
    vertex 8.75 17.29487825751082 -61.56180276621682
  endloop
endfacet
facet normal 1 -0 0
  outer loop
    vertex 8.75 14.7155876864477 -63.04002851681781
    vertex 8.75 17.42070942893687 -64.60183128303464
    vertex 8.75 17.29487825751082 -61.56180276621682
  endloop
endfacet
facet normal 1 0 0
  outer loop
    vertex 8.75 14.7155876864477 -63.04002851681781
    vertex 8.75 14.84141885787375 -66.08005703363563
    vertex 8.75 17.42070942893687 -64.60183128303464
  endloop
endfacet
facet normal 1 0 0
  outer loop
    vertex 8.75 17.29487825751082 -61.56180276621682
    vertex 8.75 17.42070942893687 -64.60183128303464
    vertex 8.75 20 -63.12360553243366
  endloop
endfacet
facet normal 1 0 0
  outer loop
    vertex 8.75 20 -56.87639446756632
    vertex 8.75 17.42070942893688 -55.39816871696534
    vertex 8.75 17.29487825751082 -58.43819723378315
  endloop
endfacet
facet normal 1 0 0
  outer loop
    vertex 8.75 17.42070942893688 -55.39816871696534
    vertex 8.75 14.7155876864477 -56.95997148318217
    vertex 8.75 17.29487825751082 -58.43819723378315
  endloop
endfacet
facet normal 1 0 0
  outer loop
    vertex 8.75 17.42070942893688 -55.39816871696534
    vertex 8.75 14.84141885787376 -53.91994296636435
    vertex 8.75 14.7155876864477 -56.95997148318217
  endloop
endfacet
facet normal 1 0 0
  outer loop
    vertex 8.75 17.29487825751082 -58.43819723378315
    vertex 8.75 14.7155876864477 -56.95997148318217
    vertex 8.75 14.58975651502165 -59.99999999999999
  endloop
endfacet
facet normal 1 0 0
  outer loop
    vertex 8.75 14.84141885787375 -66.08005703363563
    vertex 8.75 14.73383793401143 -69.23066073499191
    vertex 8.75 17.42070942893687 -67.72543681546831
  endloop
endfacet
facet normal 1 -0 0
  outer loop
    vertex 8.75 14.73383793401143 -69.23066073499191
    vertex 8.75 17.31312850507455 -70.8760405168246
    vertex 8.75 17.42070942893687 -67.72543681546831
  endloop
endfacet
facet normal 1 0 0
  outer loop
    vertex 8.75 14.73383793401143 -69.23066073499191
    vertex 8.75 14.6262570101491 -72.3812644363482
    vertex 8.75 17.31312850507455 -70.8760405168246
  endloop
endfacet
facet normal 1 0 0
  outer loop
    vertex 8.75 17.42070942893687 -67.72543681546831
    vertex 8.75 17.31312850507455 -70.8760405168246
    vertex 8.75 20 -69.37081659730102
  endloop
endfacet
facet normal 1 0 0
  outer loop
    vertex 8.75 20 -50.62918340269898
    vertex 8.75 17.35628158325961 -49.18039340069189
    vertex 8.75 17.42070942893688 -52.27456318453167
  endloop
endfacet
facet normal 1 0 0
  outer loop
    vertex 8.75 17.35628158325961 -49.18039340069189
    vertex 8.75 14.77699101219649 -50.82577318252457
    vertex 8.75 17.42070942893688 -52.27456318453167
  endloop
endfacet
facet normal 1 0 0
  outer loop
    vertex 8.75 17.35628158325961 -49.18039340069189
    vertex 8.75 14.71256316651922 -47.7316033986848
    vertex 8.75 14.77699101219649 -50.82577318252457
  endloop
endfacet
facet normal 1 0 0
  outer loop
    vertex 8.75 17.42070942893688 -52.27456318453167
    vertex 8.75 14.77699101219649 -50.82577318252457
    vertex 8.75 14.84141885787376 -53.91994296636435
  endloop
endfacet
facet normal 1 -0 0
  outer loop
    vertex 8.75 0 -69.42709164515475
    vertex 8.75 2.426617337132022 -70.45967284932509
    vertex 8.75 2.578037484655948 -67.74482778542908
  endloop
endfacet
facet normal 1 0 0
  outer loop
    vertex 8.75 2.426617337132022 -70.45967284932509
    vertex 8.75 5.00465482178797 -68.77740898959942
    vertex 8.75 2.578037484655948 -67.74482778542908
  endloop
endfacet
facet normal 1 -0 0
  outer loop
    vertex 8.75 2.426617337132022 -70.45967284932509
    vertex 8.75 4.853234674264044 -71.49225405349542
    vertex 8.75 5.00465482178797 -68.77740898959942
  endloop
endfacet
facet normal 1 -0 0
  outer loop
    vertex 8.75 2.578037484655948 -67.74482778542908
    vertex 8.75 5.00465482178797 -68.77740898959942
    vertex 8.75 5.156074969311895 -66.06256392570342
  endloop
endfacet
facet normal 1 0 0
  outer loop
    vertex 8.75 5.156074969311892 -53.93743607429656
    vertex 8.75 5.01063389863593 -51.22681404967153
    vertex 8.75 2.578037484655946 -52.2551722145709
  endloop
endfacet
facet normal 1 0 0
  outer loop
    vertex 8.75 5.01063389863593 -51.22681404967153
    vertex 8.75 2.432596413979985 -49.54455018994587
    vertex 8.75 2.578037484655946 -52.2551722145709
  endloop
endfacet
facet normal 1 0 0
  outer loop
    vertex 8.75 5.01063389863593 -51.22681404967153
    vertex 8.75 4.865192827959969 -48.5161920250465
    vertex 8.75 2.432596413979985 -49.54455018994587
  endloop
endfacet
facet normal 1 0 0
  outer loop
    vertex 8.75 2.578037484655946 -52.2551722145709
    vertex 8.75 2.432596413979985 -49.54455018994587
    vertex 8.75 0 -50.57290835484524
  endloop
endfacet
facet normal 1 0 0
  outer loop
    vertex 8.75 14.58975651502165 -59.99999999999999
    vertex 8.75 12.29109224048869 -58.45200879567596
    vertex 8.75 12.28933223441853 -61.53661538622646
  endloop
endfacet
facet normal 1 0 0
  outer loop
    vertex 8.75 12.29109224048869 -58.45200879567596
    vertex 8.75 9.990667959885574 -59.98862418190243
    vertex 8.75 12.28933223441853 -61.53661538622646
  endloop
endfacet
facet normal 1 0 0
  outer loop
    vertex 8.75 12.29109224048869 -58.45200879567596
    vertex 8.75 9.992427965955732 -56.90401759135193
    vertex 8.75 9.990667959885574 -59.98862418190243
  endloop
endfacet
facet normal 1 0 0
  outer loop
    vertex 8.75 12.28933223441853 -61.53661538622646
    vertex 8.75 9.990667959885574 -59.98862418190243
    vertex 8.75 9.988907953815414 -63.07323077245294
  endloop
endfacet
facet normal 1 0 -0
  outer loop
    vertex 8.75 5.164473648514149 -59.99999999999999
    vertex 8.75 7.578450807234941 -58.45200879567596
    vertex 8.75 5.160274308913021 -56.96871803714828
  endloop
endfacet
facet normal 1 0 0
  outer loop
    vertex 8.75 7.578450807234941 -58.45200879567596
    vertex 8.75 7.574251467633813 -55.42072683282424
    vertex 8.75 5.160274308913021 -56.96871803714828
  endloop
endfacet
facet normal 1 0 -0
  outer loop
    vertex 8.75 7.578450807234941 -58.45200879567596
    vertex 8.75 9.992427965955732 -56.90401759135193
    vertex 8.75 7.574251467633813 -55.42072683282424
  endloop
endfacet
facet normal 1 0 -0
  outer loop
    vertex 8.75 5.160274308913021 -56.96871803714828
    vertex 8.75 7.574251467633813 -55.42072683282424
    vertex 8.75 5.156074969311892 -53.93743607429656
  endloop
endfacet
facet normal 1 0 0
  outer loop
    vertex 8.75 5.156074969311895 -66.06256392570342
    vertex 8.75 7.572491461563654 -64.56789734907818
    vertex 8.75 5.160274308913023 -63.03128196285171
  endloop
endfacet
facet normal 1 0 -0
  outer loop
    vertex 8.75 7.572491461563654 -64.56789734907818
    vertex 8.75 7.576690801164782 -61.53661538622647
    vertex 8.75 5.160274308913023 -63.03128196285171
  endloop
endfacet
facet normal 1 0 0
  outer loop
    vertex 8.75 7.572491461563654 -64.56789734907818
    vertex 8.75 9.988907953815414 -63.07323077245294
    vertex 8.75 7.576690801164782 -61.53661538622647
  endloop
endfacet
facet normal 1 0 0
  outer loop
    vertex 8.75 5.160274308913023 -63.03128196285171
    vertex 8.75 7.576690801164782 -61.53661538622647
    vertex 8.75 5.164473648514149 -59.99999999999999
  endloop
endfacet
facet normal 1 0 -0
  outer loop
    vertex 8.75 9.988907953815414 -63.07323077245294
    vertex 8.75 9.990667959885574 -59.98862418190243
    vertex 8.75 7.576690801164782 -61.53661538622647
  endloop
endfacet
facet normal 1 0 0
  outer loop
    vertex 8.75 9.990667959885574 -59.98862418190243
    vertex 8.75 7.578450807234941 -58.45200879567596
    vertex 8.75 7.576690801164782 -61.53661538622647
  endloop
endfacet
facet normal 1 0 -0
  outer loop
    vertex 8.75 9.990667959885574 -59.98862418190243
    vertex 8.75 9.992427965955732 -56.90401759135193
    vertex 8.75 7.578450807234941 -58.45200879567596
  endloop
endfacet
facet normal 1 0 -0
  outer loop
    vertex 8.75 7.576690801164782 -61.53661538622647
    vertex 8.75 7.578450807234941 -58.45200879567596
    vertex 8.75 5.164473648514149 -59.99999999999999
  endloop
endfacet
facet normal 1 0 0
  outer loop
    vertex 8.75 11.08650025716551 -41.70348184348592
    vertex 8.75 11.93060461004842 -43.19062694793031
    vertex 8.75 13.31487519287414 -42.25159347645346
  endloop
endfacet
facet normal 1 -0 0
  outer loop
    vertex 8.75 11.93060461004842 -43.19062694793031
    vertex 8.75 14.15897954575704 -43.73873858089786
    vertex 8.75 13.31487519287414 -42.25159347645346
  endloop
endfacet
facet normal 1 0 0
  outer loop
    vertex 8.75 11.93060461004842 -43.19062694793031
    vertex 8.75 12.77470896293132 -44.6777720523747
    vertex 8.75 14.15897954575704 -43.73873858089786
  endloop
endfacet
facet normal 1 0 0
  outer loop
    vertex 8.75 13.31487519287414 -42.25159347645346
    vertex 8.75 14.15897954575704 -43.73873858089786
    vertex 8.75 15.54325012858276 -42.79970510942101
  endloop
endfacet
facet normal 1 0 0
  outer loop
    vertex 8.75 14.58975651502165 -59.99999999999999
    vertex 8.75 12.28933223441853 -61.53661538622646
    vertex 8.75 14.7155876864477 -63.04002851681781
  endloop
endfacet
facet normal 1 0 0
  outer loop
    vertex 8.75 12.28933223441853 -61.53661538622646
    vertex 8.75 12.41516340584458 -64.57664390304429
    vertex 8.75 14.7155876864477 -63.04002851681781
  endloop
endfacet
facet normal 1 0 0
  outer loop
    vertex 8.75 12.28933223441853 -61.53661538622646
    vertex 8.75 9.988907953815414 -63.07323077245294
    vertex 8.75 12.41516340584458 -64.57664390304429
  endloop
endfacet
facet normal 1 0 0
  outer loop
    vertex 8.75 14.7155876864477 -63.04002851681781
    vertex 8.75 12.41516340584458 -64.57664390304429
    vertex 8.75 14.84141885787375 -66.08005703363563
  endloop
endfacet
facet normal 1 0 0
  outer loop
    vertex 8.75 14.84141885787376 -53.91994296636435
    vertex 8.75 12.41692341191474 -55.41198027885814
    vertex 8.75 14.7155876864477 -56.95997148318217
  endloop
endfacet
facet normal 1 0 0
  outer loop
    vertex 8.75 12.41692341191474 -55.41198027885814
    vertex 8.75 12.29109224048869 -58.45200879567596
    vertex 8.75 14.7155876864477 -56.95997148318217
  endloop
endfacet
facet normal 1 0 0
  outer loop
    vertex 8.75 12.41692341191474 -55.41198027885814
    vertex 8.75 9.992427965955732 -56.90401759135193
    vertex 8.75 12.29109224048869 -58.45200879567596
  endloop
endfacet
facet normal 1 0 0
  outer loop
    vertex 8.75 14.7155876864477 -56.95997148318217
    vertex 8.75 12.29109224048869 -58.45200879567596
    vertex 8.75 14.58975651502165 -59.99999999999999
  endloop
endfacet
facet normal 1 0 0
  outer loop
    vertex 8.75 15.54325012858275 -77.20029489057899
    vertex 8.75 14.12898711492968 -76.31568181799612
    vertex 8.75 13.31487519287413 -77.74840652354652
  endloop
endfacet
facet normal 1 0 0
  outer loop
    vertex 8.75 14.12898711492968 -76.31568181799612
    vertex 8.75 11.90061217922106 -76.86379345096367
    vertex 8.75 13.31487519287413 -77.74840652354652
  endloop
endfacet
facet normal 1 0 0
  outer loop
    vertex 8.75 14.12898711492968 -76.31568181799612
    vertex 8.75 12.71472410127661 -75.43106874541326
    vertex 8.75 11.90061217922106 -76.86379345096367
  endloop
endfacet
facet normal 1 0 0
  outer loop
    vertex 8.75 13.31487519287413 -77.74840652354652
    vertex 8.75 11.90061217922106 -76.86379345096367
    vertex 8.75 11.08650025716551 -78.29651815651407
  endloop
endfacet
facet normal 1 0 0
  outer loop
    vertex 8.75 9.878519668638777 -46.34848123374832
    vertex 8.75 9.893109622341001 -48.7873800576652
    vertex 8.75 12.295541417579 -47.04004231621656
  endloop
endfacet
facet normal 1 -0 0
  outer loop
    vertex 8.75 9.893109622341001 -48.7873800576652
    vertex 8.75 12.31013137128122 -49.47894114013344
    vertex 8.75 12.295541417579 -47.04004231621656
  endloop
endfacet
facet normal 1 0 0
  outer loop
    vertex 8.75 9.893109622341001 -48.7873800576652
    vertex 8.75 9.907699576043225 -51.22627888158208
    vertex 8.75 12.31013137128122 -49.47894114013344
  endloop
endfacet
facet normal 1 0 0
  outer loop
    vertex 8.75 12.295541417579 -47.04004231621656
    vertex 8.75 12.31013137128122 -49.47894114013344
    vertex 8.75 14.71256316651922 -47.7316033986848
  endloop
endfacet
facet normal 1 0 0
  outer loop
    vertex 8.75 14.6262570101491 -72.3812644363482
    vertex 8.75 12.29320356020199 -70.56796604394256
    vertex 8.75 12.1145730096791 -73.11373096727999
  endloop
endfacet
facet normal 1 0 0
  outer loop
    vertex 8.75 12.29320356020199 -70.56796604394256
    vertex 8.75 9.781519559731988 -71.30043257487434
    vertex 8.75 12.1145730096791 -73.11373096727999
  endloop
endfacet
facet normal 1 0 0
  outer loop
    vertex 8.75 12.29320356020199 -70.56796604394256
    vertex 8.75 9.960150110254881 -68.75466765153691
    vertex 8.75 9.781519559731988 -71.30043257487434
  endloop
endfacet
facet normal 1 0 0
  outer loop
    vertex 8.75 12.1145730096791 -73.11373096727999
    vertex 8.75 9.781519559731988 -71.30043257487434
    vertex 8.75 9.602889009209095 -73.84619749821178
  endloop
endfacet
facet normal 1 0 0
  outer loop
    vertex 8.75 14.84141885787375 -66.08005703363563
    vertex 8.75 12.40078448406432 -67.41736234258627
    vertex 8.75 14.73383793401143 -69.23066073499191
  endloop
endfacet
facet normal 1 0 0
  outer loop
    vertex 8.75 12.40078448406432 -67.41736234258627
    vertex 8.75 12.29320356020199 -70.56796604394256
    vertex 8.75 14.73383793401143 -69.23066073499191
  endloop
endfacet
facet normal 1 0 0
  outer loop
    vertex 8.75 12.40078448406432 -67.41736234258627
    vertex 8.75 9.960150110254881 -68.75466765153691
    vertex 8.75 12.29320356020199 -70.56796604394256
  endloop
endfacet
facet normal 1 0 0
  outer loop
    vertex 8.75 14.73383793401143 -69.23066073499191
    vertex 8.75 12.29320356020199 -70.56796604394256
    vertex 8.75 14.6262570101491 -72.3812644363482
  endloop
endfacet
facet normal 1 0 0
  outer loop
    vertex 8.75 14.71256316651922 -47.7316033986848
    vertex 8.75 12.31013137128122 -49.47894114013344
    vertex 8.75 14.77699101219649 -50.82577318252457
  endloop
endfacet
facet normal 1 0 0
  outer loop
    vertex 8.75 12.31013137128122 -49.47894114013344
    vertex 8.75 12.37455921695849 -52.57311092397322
    vertex 8.75 14.77699101219649 -50.82577318252457
  endloop
endfacet
facet normal 1 0 0
  outer loop
    vertex 8.75 12.31013137128122 -49.47894114013344
    vertex 8.75 9.907699576043225 -51.22627888158208
    vertex 8.75 12.37455921695849 -52.57311092397322
  endloop
endfacet
facet normal 1 0 0
  outer loop
    vertex 8.75 14.77699101219649 -50.82577318252457
    vertex 8.75 12.37455921695849 -52.57311092397322
    vertex 8.75 14.84141885787376 -53.91994296636435
  endloop
endfacet
facet normal 1 -0 0
  outer loop
    vertex 8.75 4.865192827959969 -48.5161920250465
    vertex 8.75 7.386446202001597 -49.87123545331428
    vertex 8.75 7.371856248299373 -47.43233662939741
  endloop
endfacet
facet normal 1 0 -0
  outer loop
    vertex 8.75 7.386446202001597 -49.87123545331428
    vertex 8.75 9.893109622341001 -48.7873800576652
    vertex 8.75 7.371856248299373 -47.43233662939741
  endloop
endfacet
facet normal 1 -0 0
  outer loop
    vertex 8.75 7.386446202001597 -49.87123545331428
    vertex 8.75 9.907699576043225 -51.22627888158208
    vertex 8.75 9.893109622341001 -48.7873800576652
  endloop
endfacet
facet normal 1 -0 0
  outer loop
    vertex 8.75 7.371856248299373 -47.43233662939741
    vertex 8.75 9.893109622341001 -48.7873800576652
    vertex 8.75 9.878519668638777 -46.34848123374832
  endloop
endfacet
facet normal 1 0 -0
  outer loop
    vertex 8.75 9.602889009209095 -73.84619749821178
    vertex 8.75 9.781519559731988 -71.30043257487434
    vertex 8.75 7.22806184173657 -72.66922577585359
  endloop
endfacet
facet normal 1 0 0
  outer loop
    vertex 8.75 9.781519559731988 -71.30043257487434
    vertex 8.75 7.406692392259462 -70.12346085251616
    vertex 8.75 7.22806184173657 -72.66922577585359
  endloop
endfacet
facet normal 1 0 -0
  outer loop
    vertex 8.75 9.781519559731988 -71.30043257487434
    vertex 8.75 9.960150110254881 -68.75466765153691
    vertex 8.75 7.406692392259462 -70.12346085251616
  endloop
endfacet
facet normal 1 0 -0
  outer loop
    vertex 8.75 7.22806184173657 -72.66922577585359
    vertex 8.75 7.406692392259462 -70.12346085251616
    vertex 8.75 4.853234674264044 -71.49225405349542
  endloop
endfacet
facet normal 1 0 -0
  outer loop
    vertex 8.75 5.156074969311892 -53.93743607429656
    vertex 8.75 7.531887272677558 -52.58185747793932
    vertex 8.75 5.01063389863593 -51.22681404967153
  endloop
endfacet
facet normal 1 0 0
  outer loop
    vertex 8.75 7.531887272677558 -52.58185747793932
    vertex 8.75 7.386446202001597 -49.87123545331428
    vertex 8.75 5.01063389863593 -51.22681404967153
  endloop
endfacet
facet normal 1 0 -0
  outer loop
    vertex 8.75 7.531887272677558 -52.58185747793932
    vertex 8.75 9.907699576043225 -51.22627888158208
    vertex 8.75 7.386446202001597 -49.87123545331428
  endloop
endfacet
facet normal 1 0 -0
  outer loop
    vertex 8.75 5.01063389863593 -51.22681404967153
    vertex 8.75 7.386446202001597 -49.87123545331428
    vertex 8.75 4.865192827959969 -48.5161920250465
  endloop
endfacet
facet normal 1 0 0
  outer loop
    vertex 8.75 4.853234674264044 -71.49225405349542
    vertex 8.75 7.406692392259462 -70.12346085251616
    vertex 8.75 5.00465482178797 -68.77740898959942
  endloop
endfacet
facet normal 1 0 -0
  outer loop
    vertex 8.75 7.406692392259462 -70.12346085251616
    vertex 8.75 7.558112539783387 -67.40861578862017
    vertex 8.75 5.00465482178797 -68.77740898959942
  endloop
endfacet
facet normal 1 0 0
  outer loop
    vertex 8.75 7.406692392259462 -70.12346085251616
    vertex 8.75 9.960150110254881 -68.75466765153691
    vertex 8.75 7.558112539783387 -67.40861578862017
  endloop
endfacet
facet normal 1 0 0
  outer loop
    vertex 8.75 5.00465482178797 -68.77740898959942
    vertex 8.75 7.558112539783387 -67.40861578862017
    vertex 8.75 5.156074969311895 -66.06256392570342
  endloop
endfacet
facet normal 1 0 0
  outer loop
    vertex 8.75 14.6262570101491 -72.3812644363482
    vertex 8.75 13.67049055571286 -73.90616659088073
    vertex 8.75 15.08475356936592 -74.7907796634636
  endloop
endfacet
facet normal 1 0 0
  outer loop
    vertex 8.75 13.67049055571286 -73.90616659088073
    vertex 8.75 14.12898711492968 -76.31568181799612
    vertex 8.75 15.08475356936592 -74.7907796634636
  endloop
endfacet
facet normal 1 0 0
  outer loop
    vertex 8.75 13.67049055571286 -73.90616659088073
    vertex 8.75 12.71472410127661 -75.43106874541326
    vertex 8.75 14.12898711492968 -76.31568181799612
  endloop
endfacet
facet normal 1 0 0
  outer loop
    vertex 8.75 15.08475356936592 -74.7907796634636
    vertex 8.75 14.12898711492968 -76.31568181799612
    vertex 8.75 15.54325012858275 -77.20029489057899
  endloop
endfacet
facet normal 1 -0 0
  outer loop
    vertex 8.75 5.156074969311895 -66.06256392570342
    vertex 8.75 7.558112539783387 -67.40861578862017
    vertex 8.75 7.572491461563654 -64.56789734907818
  endloop
endfacet
facet normal 1 0 0
  outer loop
    vertex 8.75 7.558112539783387 -67.40861578862017
    vertex 8.75 9.974529032035147 -65.91394921199492
    vertex 8.75 7.572491461563654 -64.56789734907818
  endloop
endfacet
facet normal 1 -0 0
  outer loop
    vertex 8.75 7.558112539783387 -67.40861578862017
    vertex 8.75 9.960150110254881 -68.75466765153691
    vertex 8.75 9.974529032035147 -65.91394921199492
  endloop
endfacet
facet normal 1 -0 0
  outer loop
    vertex 8.75 7.572491461563654 -64.56789734907818
    vertex 8.75 9.974529032035147 -65.91394921199492
    vertex 8.75 9.988907953815414 -63.07323077245294
  endloop
endfacet
facet normal 1 0 0
  outer loop
    vertex 8.75 9.992427965955732 -56.90401759135193
    vertex 8.75 9.950063770999479 -54.065148236467
    vertex 8.75 7.574251467633813 -55.42072683282424
  endloop
endfacet
facet normal 1 0 0
  outer loop
    vertex 8.75 9.950063770999479 -54.065148236467
    vertex 8.75 7.531887272677558 -52.58185747793932
    vertex 8.75 7.574251467633813 -55.42072683282424
  endloop
endfacet
facet normal 1 0 0
  outer loop
    vertex 8.75 9.950063770999479 -54.065148236467
    vertex 8.75 9.907699576043225 -51.22627888158208
    vertex 8.75 7.531887272677558 -52.58185747793932
  endloop
endfacet
facet normal 1 0 0
  outer loop
    vertex 8.75 7.574251467633813 -55.42072683282424
    vertex 8.75 7.531887272677558 -52.58185747793932
    vertex 8.75 5.156074969311892 -53.93743607429656
  endloop
endfacet
facet normal 1 0 0
  outer loop
    vertex 8.75 14.84141885787376 -53.91994296636435
    vertex 8.75 12.37455921695849 -52.57311092397322
    vertex 8.75 12.41692341191474 -55.41198027885814
  endloop
endfacet
facet normal 1 0 0
  outer loop
    vertex 8.75 12.37455921695849 -52.57311092397322
    vertex 8.75 9.950063770999479 -54.065148236467
    vertex 8.75 12.41692341191474 -55.41198027885814
  endloop
endfacet
facet normal 1 0 0
  outer loop
    vertex 8.75 12.37455921695849 -52.57311092397322
    vertex 8.75 9.907699576043225 -51.22627888158208
    vertex 8.75 9.950063770999479 -54.065148236467
  endloop
endfacet
facet normal 1 0 0
  outer loop
    vertex 8.75 12.41692341191474 -55.41198027885814
    vertex 8.75 9.950063770999479 -54.065148236467
    vertex 8.75 9.992427965955732 -56.90401759135193
  endloop
endfacet
facet normal 1 0 0
  outer loop
    vertex 8.75 9.988907953815414 -63.07323077245294
    vertex 8.75 9.974529032035147 -65.91394921199492
    vertex 8.75 12.41516340584458 -64.57664390304429
  endloop
endfacet
facet normal 1 -0 0
  outer loop
    vertex 8.75 9.974529032035147 -65.91394921199492
    vertex 8.75 12.40078448406432 -67.41736234258627
    vertex 8.75 12.41516340584458 -64.57664390304429
  endloop
endfacet
facet normal 1 0 0
  outer loop
    vertex 8.75 9.974529032035147 -65.91394921199492
    vertex 8.75 9.960150110254881 -68.75466765153691
    vertex 8.75 12.40078448406432 -67.41736234258627
  endloop
endfacet
facet normal 1 0 0
  outer loop
    vertex 8.75 12.41516340584458 -64.57664390304429
    vertex 8.75 12.40078448406432 -67.41736234258627
    vertex 8.75 14.84141885787375 -66.08005703363563
  endloop
endfacet
facet normal 1 0 0
  outer loop
    vertex 8.75 5.650836661434593 -43.48678686526019
    vertex 8.75 5.258014744697281 -46.00148944515335
    vertex 8.75 7.764678165036685 -44.91763404950426
  endloop
endfacet
facet normal 1 -0 0
  outer loop
    vertex 8.75 5.258014744697281 -46.00148944515335
    vertex 8.75 7.371856248299373 -47.43233662939741
    vertex 8.75 7.764678165036685 -44.91763404950426
  endloop
endfacet
facet normal 1 0 0
  outer loop
    vertex 8.75 5.258014744697281 -46.00148944515335
    vertex 8.75 4.865192827959969 -48.5161920250465
    vertex 8.75 7.371856248299373 -47.43233662939741
  endloop
endfacet
facet normal 1 0 0
  outer loop
    vertex 8.75 7.764678165036685 -44.91763404950426
    vertex 8.75 7.371856248299373 -47.43233662939741
    vertex 8.75 9.878519668638777 -46.34848123374832
  endloop
endfacet
facet normal 1 0 0
  outer loop
    vertex 8.75 9.602889009209095 -73.84619749821178
    vertex 8.75 7.22806184173657 -72.66922577585359
    vertex 8.75 7.626862835321841 -75.17970531647579
  endloop
endfacet
facet normal 1 0 0
  outer loop
    vertex 8.75 7.22806184173657 -72.66922577585359
    vertex 8.75 5.252035667849316 -74.00273359411761
    vertex 8.75 7.626862835321841 -75.17970531647579
  endloop
endfacet
facet normal 1 0 0
  outer loop
    vertex 8.75 7.22806184173657 -72.66922577585359
    vertex 8.75 4.853234674264044 -71.49225405349542
    vertex 8.75 5.252035667849316 -74.00273359411761
  endloop
endfacet
facet normal 1 0 0
  outer loop
    vertex 8.75 7.626862835321841 -75.17970531647579
    vertex 8.75 5.252035667849316 -74.00273359411761
    vertex 8.75 5.650836661434587 -76.5132131347398
  endloop
endfacet
facet normal 1 0 0
  outer loop
    vertex 8.75 15.54325012858276 -42.79970510942101
    vertex 8.75 14.15897954575704 -43.73873858089786
    vertex 8.75 15.12790664755099 -45.2656542540529
  endloop
endfacet
facet normal 1 0 0
  outer loop
    vertex 8.75 14.15897954575704 -43.73873858089786
    vertex 8.75 13.74363606472527 -46.20468772552974
    vertex 8.75 15.12790664755099 -45.2656542540529
  endloop
endfacet
facet normal 1 0 0
  outer loop
    vertex 8.75 14.15897954575704 -43.73873858089786
    vertex 8.75 12.77470896293132 -44.6777720523747
    vertex 8.75 13.74363606472527 -46.20468772552974
  endloop
endfacet
facet normal 1 0 0
  outer loop
    vertex 8.75 15.12790664755099 -45.2656542540529
    vertex 8.75 13.74363606472527 -46.20468772552974
    vertex 8.75 14.71256316651922 -47.7316033986848
  endloop
endfacet
facet normal 1 0 0
  outer loop
    vertex 8.75 14.71256316651922 -47.7316033986848
    vertex 8.75 13.74363606472527 -46.20468772552974
    vertex 8.75 12.295541417579 -47.04004231621656
  endloop
endfacet
facet normal 1 0 0
  outer loop
    vertex 8.75 13.74363606472527 -46.20468772552974
    vertex 8.75 11.32661431578505 -45.51312664306151
    vertex 8.75 12.295541417579 -47.04004231621656
  endloop
endfacet
facet normal 1 0 0
  outer loop
    vertex 8.75 13.74363606472527 -46.20468772552974
    vertex 8.75 12.77470896293132 -44.6777720523747
    vertex 8.75 11.32661431578505 -45.51312664306151
  endloop
endfacet
facet normal 1 0 0
  outer loop
    vertex 8.75 12.295541417579 -47.04004231621656
    vertex 8.75 11.32661431578505 -45.51312664306151
    vertex 8.75 9.878519668638777 -46.34848123374832
  endloop
endfacet
facet normal 1 -0 0
  outer loop
    vertex 8.75 9.602889009209095 -73.84619749821178
    vertex 8.75 11.15880655524285 -74.63863312181252
    vertex 8.75 12.1145730096791 -73.11373096727999
  endloop
endfacet
facet normal 1 0 0
  outer loop
    vertex 8.75 11.15880655524285 -74.63863312181252
    vertex 8.75 13.67049055571286 -73.90616659088073
    vertex 8.75 12.1145730096791 -73.11373096727999
  endloop
endfacet
facet normal 1 -0 0
  outer loop
    vertex 8.75 11.15880655524285 -74.63863312181252
    vertex 8.75 12.71472410127661 -75.43106874541326
    vertex 8.75 13.67049055571286 -73.90616659088073
  endloop
endfacet
facet normal 1 -0 0
  outer loop
    vertex 8.75 12.1145730096791 -73.11373096727999
    vertex 8.75 13.67049055571286 -73.90616659088073
    vertex 8.75 14.6262570101491 -72.3812644363482
  endloop
endfacet
facet normal 1 0 -0
  outer loop
    vertex 8.75 11.08650025716551 -78.29651815651407
    vertex 8.75 11.90061217922106 -76.86379345096367
    vertex 8.75 10.3446946331873 -76.07135782736292
  endloop
endfacet
facet normal 1 0 0
  outer loop
    vertex 8.75 11.90061217922106 -76.86379345096367
    vertex 8.75 11.15880655524285 -74.63863312181252
    vertex 8.75 10.3446946331873 -76.07135782736292
  endloop
endfacet
facet normal 1 0 -0
  outer loop
    vertex 8.75 11.90061217922106 -76.86379345096367
    vertex 8.75 12.71472410127661 -75.43106874541326
    vertex 8.75 11.15880655524285 -74.63863312181252
  endloop
endfacet
facet normal 1 0 -0
  outer loop
    vertex 8.75 10.3446946331873 -76.07135782736292
    vertex 8.75 11.15880655524285 -74.63863312181252
    vertex 8.75 9.602889009209095 -73.84619749821178
  endloop
endfacet
facet normal 1 0 0
  outer loop
    vertex 8.75 9.878519668638777 -46.34848123374832
    vertex 8.75 11.32661431578505 -45.51312664306151
    vertex 8.75 10.48250996290215 -44.02598153861712
  endloop
endfacet
facet normal 1 0 -0
  outer loop
    vertex 8.75 11.32661431578505 -45.51312664306151
    vertex 8.75 11.93060461004842 -43.19062694793031
    vertex 8.75 10.48250996290215 -44.02598153861712
  endloop
endfacet
facet normal 1 0 0
  outer loop
    vertex 8.75 11.32661431578505 -45.51312664306151
    vertex 8.75 12.77470896293132 -44.6777720523747
    vertex 8.75 11.93060461004842 -43.19062694793031
  endloop
endfacet
facet normal 1 0 0
  outer loop
    vertex 8.75 10.48250996290215 -44.02598153861712
    vertex 8.75 11.93060461004842 -43.19062694793031
    vertex 8.75 11.08650025716551 -41.70348184348592
  endloop
endfacet
facet normal 1 0 0
  outer loop
    vertex 8.75 11.08650025716551 -41.21743788101038
    vertex 8.75 11.08650025716551 -41.46046016224815
    vertex 8.75 13.31487519287414 -42.0085714952157
  endloop
endfacet
facet normal 1 0 0
  outer loop
    vertex 8.75 11.08650025716551 -41.46046016224815
    vertex 8.75 13.31487519287414 -42.25159347645346
    vertex 8.75 13.31487519287414 -42.0085714952157
  endloop
endfacet
facet normal 1 0 0
  outer loop
    vertex 8.75 11.08650025716551 -41.46046016224815
    vertex 8.75 11.08650025716551 -41.70348184348592
    vertex 8.75 13.31487519287414 -42.25159347645346
  endloop
endfacet
facet normal 1 0 0
  outer loop
    vertex 8.75 13.31487519287414 -42.0085714952157
    vertex 8.75 13.31487519287414 -42.25159347645346
    vertex 8.75 15.54325012858276 -42.79970510942101
  endloop
endfacet
facet normal 1 0 0
  outer loop
    vertex 8.75 11.08650025716551 -78.78256211898962
    vertex 8.75 13.31487519287413 -77.9914285047843
    vertex 8.75 11.08650025716551 -78.53954013775184
  endloop
endfacet
facet normal 1 0 -0
  outer loop
    vertex 8.75 13.31487519287413 -77.9914285047843
    vertex 8.75 13.31487519287413 -77.74840652354652
    vertex 8.75 11.08650025716551 -78.53954013775184
  endloop
endfacet
facet normal 1 0 0
  outer loop
    vertex 8.75 13.31487519287413 -77.9914285047843
    vertex 8.75 15.54325012858275 -77.20029489057899
    vertex 8.75 13.31487519287413 -77.74840652354652
  endloop
endfacet
facet normal 1 0 0
  outer loop
    vertex 8.75 11.08650025716551 -78.53954013775184
    vertex 8.75 13.31487519287413 -77.74840652354652
    vertex 8.75 11.08650025716551 -78.29651815651407
  endloop
endfacet
facet normal 0 0.334568 -0.942372
  outer loop
    vertex -2.916666666666668 20 -35.61802766216836
    vertex 0 20 -35.61802766216836
    vertex -1.458333333333336 16.70759203042219 -36.78692189745654
  endloop
endfacet
facet normal 0 0.334568 -0.942372
  outer loop
    vertex 0 20 -35.61802766216836
    vertex 1.458333333333331 16.70759203042219 -36.78692189745654
    vertex -1.458333333333336 16.70759203042219 -36.78692189745654
  endloop
endfacet
facet normal 0 0.334568 -0.942372
  outer loop
    vertex 0 20 -35.61802766216836
    vertex 2.916666666666666 20 -35.61802766216836
    vertex 1.458333333333331 16.70759203042219 -36.78692189745654
  endloop
endfacet
facet normal 0 0.334568 -0.942372
  outer loop
    vertex -1.458333333333336 16.70759203042219 -36.78692189745654
    vertex 1.458333333333331 16.70759203042219 -36.78692189745654
    vertex -4.23219488021088e-15 13.41518406084437 -37.95581613274471
  endloop
endfacet
facet normal -1.52045e-15 0.334568 -0.942372
  outer loop
    vertex 8.75 15.54325012858275 -37.20029489057899
    vertex 7.082494529141948 15.91302182896959 -37.06901589570694
    vertex 8.75 17.77162506429138 -36.40916127637367
  endloop
endfacet
facet normal 1.23888e-15 0.334568 -0.942372
  outer loop
    vertex 7.082494529141948 15.91302182896959 -37.06901589570694
    vertex 7.082494529141948 18.14139676467822 -36.27788228150163
    vertex 8.75 17.77162506429138 -36.40916127637367
  endloop
endfacet
facet normal 1.60491e-15 0.334568 -0.942372
  outer loop
    vertex 7.082494529141948 15.91302182896959 -37.06901589570694
    vertex 5.414989058283895 16.28279352935643 -36.9377369008349
    vertex 7.082494529141948 18.14139676467822 -36.27788228150163
  endloop
endfacet
facet normal 1.97095e-15 0.334568 -0.942372
  outer loop
    vertex 8.75 17.77162506429138 -36.40916127637367
    vertex 7.082494529141948 18.14139676467822 -36.27788228150163
    vertex 8.75 20 -35.61802766216836
  endloop
endfacet
facet normal -1.97095e-15 0.334568 -0.942372
  outer loop
    vertex -8.75 20 -35.61802766216836
    vertex -7.082494529141949 18.14139676467822 -36.27788228150163
    vertex -8.75 17.77162506429138 -36.40916127637367
  endloop
endfacet
facet normal -1.23888e-15 0.334568 -0.942372
  outer loop
    vertex -7.082494529141949 18.14139676467822 -36.27788228150163
    vertex -7.082494529141949 15.91302182896959 -37.06901589570694
    vertex -8.75 17.77162506429138 -36.40916127637367
  endloop
endfacet
facet normal -1.57676e-15 0.334568 -0.942372
  outer loop
    vertex -7.082494529141949 18.14139676467822 -36.27788228150163
    vertex -5.414989058283897 16.28279352935643 -36.9377369008349
    vertex -7.082494529141949 15.91302182896959 -37.06901589570694
  endloop
endfacet
facet normal 1.52045e-15 0.334568 -0.942372
  outer loop
    vertex -8.75 17.77162506429138 -36.40916127637367
    vertex -7.082494529141949 15.91302182896959 -37.06901589570694
    vertex -8.75 15.54325012858275 -37.20029489057899
  endloop
endfacet
facet normal -1.90136e-15 0.334568 -0.942372
  outer loop
    vertex 2.916666666666666 20 -35.61802766216836
    vertex 4.165827862475281 18.14139676467822 -36.27788228150163
    vertex 1.458333333333331 16.70759203042219 -36.78692189745654
  endloop
endfacet
facet normal -1.7787e-15 0.334568 -0.942372
  outer loop
    vertex 4.165827862475281 18.14139676467822 -36.27788228150163
    vertex 2.707494529141946 14.8489887951004 -37.44677651678981
    vertex 1.458333333333331 16.70759203042219 -36.78692189745654
  endloop
endfacet
facet normal 1.16535e-15 0.334568 -0.942372
  outer loop
    vertex 4.165827862475281 18.14139676467822 -36.27788228150163
    vertex 5.414989058283895 16.28279352935643 -36.9377369008349
    vertex 2.707494529141946 14.8489887951004 -37.44677651678981
  endloop
endfacet
facet normal -3.43472e-15 0.334568 -0.942372
  outer loop
    vertex 1.458333333333331 16.70759203042219 -36.78692189745654
    vertex 2.707494529141946 14.8489887951004 -37.44677651678981
    vertex -4.23219488021088e-15 13.41518406084437 -37.95581613274471
  endloop
endfacet
facet normal 3.43472e-15 0.334568 -0.942372
  outer loop
    vertex -4.23219488021088e-15 13.41518406084437 -37.95581613274471
    vertex -2.70749452914195 14.8489887951004 -37.44677651678981
    vertex -1.458333333333336 16.70759203042219 -36.78692189745654
  endloop
endfacet
facet normal 1.7787e-15 0.334568 -0.942372
  outer loop
    vertex -2.70749452914195 14.8489887951004 -37.44677651678981
    vertex -4.165827862475282 18.14139676467822 -36.27788228150163
    vertex -1.458333333333336 16.70759203042219 -36.78692189745654
  endloop
endfacet
facet normal -1.16535e-15 0.334568 -0.942372
  outer loop
    vertex -2.70749452914195 14.8489887951004 -37.44677651678981
    vertex -5.414989058283897 16.28279352935643 -36.9377369008349
    vertex -4.165827862475282 18.14139676467822 -36.27788228150163
  endloop
endfacet
facet normal 1.90136e-15 0.334568 -0.942372
  outer loop
    vertex -1.458333333333336 16.70759203042219 -36.78692189745654
    vertex -4.165827862475282 18.14139676467822 -36.27788228150163
    vertex -2.916666666666668 20 -35.61802766216836
  endloop
endfacet
facet normal -6.43418e-16 0.334568 -0.942372
  outer loop
    vertex -4.23219488021088e-15 13.41518406084437 -37.95581613274471
    vertex 2.707494529141946 14.8489887951004 -37.44677651678981
    vertex 3.36732683922069 13.17145536215121 -38.04234643928909
  endloop
endfacet
facet normal -8.53972e-16 0.334568 -0.942372
  outer loop
    vertex 2.707494529141946 14.8489887951004 -37.44677651678981
    vertex 6.036633841518356 14.36916349335573 -37.61712752867449
    vertex 3.36732683922069 13.17145536215121 -38.04234643928909
  endloop
endfacet
facet normal 1.59371e-16 0.334568 -0.942372
  outer loop
    vertex 2.707494529141946 14.8489887951004 -37.44677651678981
    vertex 5.414989058283895 16.28279352935643 -36.9377369008349
    vertex 6.036633841518356 14.36916349335573 -37.61712752867449
  endloop
endfacet
facet normal -2.13624e-15 0.334568 -0.942372
  outer loop
    vertex 3.36732683922069 13.17145536215121 -38.04234643928909
    vertex 6.036633841518356 14.36916349335573 -37.61712752867449
    vertex 6.658278624752819 12.45553345735503 -38.29651815651407
  endloop
endfacet
facet normal 1.85022e-15 0.334568 -0.942372
  outer loop
    vertex -6.658278624752818 12.45553345735503 -38.29651815651407
    vertex -6.036633841518356 14.36916349335573 -37.61712752867449
    vertex -3.367326839220408 13.17145536215125 -38.04234643928908
  endloop
endfacet
facet normal 7.79498e-16 0.334568 -0.942372
  outer loop
    vertex -6.036633841518356 14.36916349335573 -37.61712752867449
    vertex -2.70749452914195 14.8489887951004 -37.44677651678981
    vertex -3.367326839220408 13.17145536215125 -38.04234643928908
  endloop
endfacet
facet normal -1.63678e-16 0.334568 -0.942372
  outer loop
    vertex -6.036633841518356 14.36916349335573 -37.61712752867449
    vertex -5.414989058283897 16.28279352935643 -36.9377369008349
    vertex -2.70749452914195 14.8489887951004 -37.44677651678981
  endloop
endfacet
facet normal 8.72189e-16 0.334568 -0.942372
  outer loop
    vertex -3.367326839220408 13.17145536215125 -38.04234643928908
    vertex -2.70749452914195 14.8489887951004 -37.44677651678981
    vertex -4.23219488021088e-15 13.41518406084437 -37.95581613274471
  endloop
endfacet
facet normal 0 0.334568 -0.942372
  outer loop
    vertex 8.75 20 -35.61802766216836
    vertex 7.082494529141948 18.14139676467822 -36.27788228150163
    vertex 5.833333333333333 20 -35.61802766216836
  endloop
endfacet
facet normal 0 0.334568 -0.942372
  outer loop
    vertex 7.082494529141948 18.14139676467822 -36.27788228150163
    vertex 4.165827862475281 18.14139676467822 -36.27788228150163
    vertex 5.833333333333333 20 -35.61802766216836
  endloop
endfacet
facet normal 0 0.334568 -0.942372
  outer loop
    vertex 7.082494529141948 18.14139676467822 -36.27788228150163
    vertex 5.414989058283895 16.28279352935643 -36.9377369008349
    vertex 4.165827862475281 18.14139676467822 -36.27788228150163
  endloop
endfacet
facet normal 0 0.334568 -0.942372
  outer loop
    vertex 5.833333333333333 20 -35.61802766216836
    vertex 4.165827862475281 18.14139676467822 -36.27788228150163
    vertex 2.916666666666666 20 -35.61802766216836
  endloop
endfacet
facet normal 0 0.334568 -0.942372
  outer loop
    vertex -2.916666666666668 20 -35.61802766216836
    vertex -4.165827862475282 18.14139676467822 -36.27788228150163
    vertex -5.833333333333334 20 -35.61802766216836
  endloop
endfacet
facet normal 0 0.334568 -0.942372
  outer loop
    vertex -4.165827862475282 18.14139676467822 -36.27788228150163
    vertex -7.082494529141949 18.14139676467822 -36.27788228150163
    vertex -5.833333333333334 20 -35.61802766216836
  endloop
endfacet
facet normal 0 0.334568 -0.942372
  outer loop
    vertex -4.165827862475282 18.14139676467822 -36.27788228150163
    vertex -5.414989058283897 16.28279352935643 -36.9377369008349
    vertex -7.082494529141949 18.14139676467822 -36.27788228150163
  endloop
endfacet
facet normal 0 0.334568 -0.942372
  outer loop
    vertex -5.833333333333334 20 -35.61802766216836
    vertex -7.082494529141949 18.14139676467822 -36.27788228150163
    vertex -8.75 20 -35.61802766216836
  endloop
endfacet
facet normal 1.24548e-15 0.334568 -0.942372
  outer loop
    vertex -8.75 15.54325012858275 -37.20029489057899
    vertex -7.082494529141949 15.91302182896959 -37.06901589570694
    vertex -7.704139312376409 13.99939179296889 -37.74840652354653
  endloop
endfacet
facet normal -2.68528e-15 0.334568 -0.942372
  outer loop
    vertex -7.082494529141949 15.91302182896959 -37.06901589570694
    vertex -6.036633841518356 14.36916349335573 -37.61712752867449
    vertex -7.704139312376409 13.99939179296889 -37.74840652354653
  endloop
endfacet
facet normal -2.69411e-15 0.334568 -0.942372
  outer loop
    vertex -7.082494529141949 15.91302182896959 -37.06901589570694
    vertex -5.414989058283897 16.28279352935643 -36.9377369008349
    vertex -6.036633841518356 14.36916349335573 -37.61712752867449
  endloop
endfacet
facet normal -1.85496e-15 0.334568 -0.942372
  outer loop
    vertex -7.704139312376409 13.99939179296889 -37.74840652354653
    vertex -6.036633841518356 14.36916349335573 -37.61712752867449
    vertex -6.658278624752818 12.45553345735503 -38.29651815651407
  endloop
endfacet
facet normal 1.8373e-15 0.334568 -0.942372
  outer loop
    vertex 6.658278624752819 12.45553345735503 -38.29651815651407
    vertex 6.036633841518356 14.36916349335573 -37.61712752867449
    vertex 7.704139312376408 13.99939179296889 -37.74840652354653
  endloop
endfacet
facet normal 2.69411e-15 0.334568 -0.942372
  outer loop
    vertex 6.036633841518356 14.36916349335573 -37.61712752867449
    vertex 7.082494529141948 15.91302182896959 -37.06901589570694
    vertex 7.704139312376408 13.99939179296889 -37.74840652354653
  endloop
endfacet
facet normal 2.68528e-15 0.334568 -0.942372
  outer loop
    vertex 6.036633841518356 14.36916349335573 -37.61712752867449
    vertex 5.414989058283895 16.28279352935643 -36.9377369008349
    vertex 7.082494529141948 15.91302182896959 -37.06901589570694
  endloop
endfacet
facet normal -1.27198e-15 0.334568 -0.942372
  outer loop
    vertex 7.704139312376408 13.99939179296889 -37.74840652354653
    vertex 7.082494529141948 15.91302182896959 -37.06901589570694
    vertex 8.75 15.54325012858275 -37.20029489057899
  endloop
endfacet
facet normal -1.07741e-15 0.334568 -0.942372
  outer loop
    vertex 8.75 15.54325012858275 -37.20029489057899
    vertex 8.75 13.31487519287413 -37.9914285047843
    vertex 7.704139312376408 13.99939179296889 -37.74840652354653
  endloop
endfacet
facet normal -1.54996e-15 0.334568 -0.942372
  outer loop
    vertex 8.75 13.31487519287413 -37.9914285047843
    vertex 7.737064497874668 11.81570230277737 -38.52367559114982
    vertex 7.704139312376408 13.99939179296889 -37.74840652354653
  endloop
endfacet
facet normal -2.96649e-15 0.334568 -0.942372
  outer loop
    vertex 8.75 13.31487519287413 -37.9914285047843
    vertex 8.75 11.08650025716551 -38.78256211898962
    vertex 7.737064497874668 11.81570230277737 -38.52367559114982
  endloop
endfacet
facet normal -6.27387e-16 0.334568 -0.942372
  outer loop
    vertex 7.704139312376408 13.99939179296889 -37.74840652354653
    vertex 7.737064497874668 11.81570230277737 -38.52367559114982
    vertex 6.658278624752819 12.45553345735503 -38.29651815651407
  endloop
endfacet
facet normal -2.50297e-15 0.334568 -0.942372
  outer loop
    vertex -8.75 11.08650025716551 -38.78256211898962
    vertex -8.75 13.31487519287413 -37.9914285047843
    vertex -7.737064497874669 11.81570230277736 -38.52367559114983
  endloop
endfacet
facet normal -1.38802e-16 0.334568 -0.942372
  outer loop
    vertex -8.75 13.31487519287413 -37.9914285047843
    vertex -7.704139312376409 13.99939179296889 -37.74840652354653
    vertex -7.737064497874669 11.81570230277736 -38.52367559114983
  endloop
endfacet
facet normal 1.07741e-15 0.334568 -0.942372
  outer loop
    vertex -8.75 13.31487519287413 -37.9914285047843
    vertex -8.75 15.54325012858275 -37.20029489057899
    vertex -7.704139312376409 13.99939179296889 -37.74840652354653
  endloop
endfacet
facet normal 4.27968e-15 0.334568 -0.942372
  outer loop
    vertex -7.737064497874669 11.81570230277736 -38.52367559114983
    vertex -7.704139312376409 13.99939179296889 -37.74840652354653
    vertex -6.658278624752818 12.45553345735503 -38.29651815651407
  endloop
endfacet
facet normal -0.0533917 0.432852 0.899883
  outer loop
    vertex 1.968108378081571e-14 14.12349064332649 -38.29651815651407
    vertex -3.432009448525522 13.70015690046514 -38.29651815651407
    vertex 6.957942890577149e-15 13.76933735208543 -38.12616714462939
  endloop
endfacet
facet normal -0.0534111 0.427345 0.90251
  outer loop
    vertex -3.432009448525522 13.70015690046514 -38.29651815651407
    vertex -3.367326839220408 13.17145536215125 -38.04234643928908
    vertex 6.957942890577149e-15 13.76933735208543 -38.12616714462939
  endloop
endfacet
facet normal -0.158907 0.411914 0.89726
  outer loop
    vertex -3.432009448525522 13.70015690046514 -38.29651815651407
    vertex -6.658278624752818 12.45553345735503 -38.29651815651407
    vertex -3.367326839220408 13.17145536215125 -38.04234643928908
  endloop
endfacet
facet normal -0.0544512 0.432827 0.899831
  outer loop
    vertex 6.957942890577149e-15 13.76933735208543 -38.12616714462939
    vertex -3.367326839220408 13.17145536215125 -38.04234643928908
    vertex -4.23219488021088e-15 13.41518406084437 -37.95581613274471
  endloop
endfacet
facet normal 0.158907 0.411914 0.89726
  outer loop
    vertex 6.658278624752819 12.45553345735503 -38.29651815651407
    vertex 3.432009448525542 13.70015690046513 -38.29651815651407
    vertex 3.36732683922069 13.17145536215121 -38.04234643928909
  endloop
endfacet
facet normal 0.0534111 0.427345 0.90251
  outer loop
    vertex 3.432009448525542 13.70015690046513 -38.29651815651407
    vertex 6.957942890577149e-15 13.76933735208543 -38.12616714462939
    vertex 3.36732683922069 13.17145536215121 -38.04234643928909
  endloop
endfacet
facet normal 0.0533917 0.432852 0.899883
  outer loop
    vertex 3.432009448525542 13.70015690046513 -38.29651815651407
    vertex 1.968108378081571e-14 14.12349064332649 -38.29651815651407
    vertex 6.957942890577149e-15 13.76933735208543 -38.12616714462939
  endloop
endfacet
facet normal 0.0544512 0.432827 0.899831
  outer loop
    vertex 3.36732683922069 13.17145536215121 -38.04234643928909
    vertex 6.957942890577149e-15 13.76933735208543 -38.12616714462939
    vertex -4.23219488021088e-15 13.41518406084437 -37.95581613274471
  endloop
endfacet
facet normal 0 0.334568 0.942372
  outer loop
    vertex 2.916666666666666 20 -44.38197233783164
    vertex 0 20 -44.38197233783164
    vertex 1.458333333333343 16.70759203042217 -43.21307810254346
  endloop
endfacet
facet normal 0 0.334568 0.942372
  outer loop
    vertex 0 20 -44.38197233783164
    vertex -1.458333333333325 16.70759203042217 -43.21307810254346
    vertex 1.458333333333343 16.70759203042217 -43.21307810254346
  endloop
endfacet
facet normal 0 0.334568 0.942372
  outer loop
    vertex 0 20 -44.38197233783164
    vertex -2.916666666666668 20 -44.38197233783164
    vertex -1.458333333333325 16.70759203042217 -43.21307810254346
  endloop
endfacet
facet normal 0 0.334568 0.942372
  outer loop
    vertex 1.458333333333343 16.70759203042217 -43.21307810254346
    vertex -1.458333333333325 16.70759203042217 -43.21307810254346
    vertex 1.957924908059658e-14 13.41518406084434 -42.04418386725527
  endloop
endfacet
facet normal -6.61675e-16 0.334568 0.942372
  outer loop
    vertex -8.75 15.54325012858276 -42.79970510942101
    vertex -7.082494529141947 15.91302182896959 -42.93098410429305
    vertex -8.75 17.77162506429138 -43.59083872362633
  endloop
endfacet
facet normal -1.23888e-15 0.334568 0.942372
  outer loop
    vertex -7.082494529141947 15.91302182896959 -42.93098410429305
    vertex -7.082494529141947 18.14139676467821 -43.72211771849837
    vertex -8.75 17.77162506429138 -43.59083872362633
  endloop
endfacet
facet normal 2.75933e-15 0.334568 0.942372
  outer loop
    vertex -7.082494529141947 15.91302182896959 -42.93098410429305
    vertex -5.414989058283894 16.28279352935643 -43.0622630991651
    vertex -7.082494529141947 18.14139676467821 -43.72211771849837
  endloop
endfacet
facet normal -1.25296e-15 0.334568 0.942372
  outer loop
    vertex -8.75 17.77162506429138 -43.59083872362633
    vertex -7.082494529141947 18.14139676467821 -43.72211771849837
    vertex -8.75 20 -44.38197233783164
  endloop
endfacet
facet normal 1.23888e-15 0.334568 0.942372
  outer loop
    vertex 8.75 20 -44.38197233783164
    vertex 7.082494529141951 18.14139676467821 -43.72211771849837
    vertex 8.75 17.77162506429138 -43.59083872362633
  endloop
endfacet
facet normal 1.25296e-15 0.334568 0.942372
  outer loop
    vertex 7.082494529141951 18.14139676467821 -43.72211771849837
    vertex 7.082494529141951 15.91302182896959 -42.93098410429305
    vertex 8.75 17.77162506429138 -43.59083872362633
  endloop
endfacet
facet normal -2.75933e-15 0.334568 0.942372
  outer loop
    vertex 7.082494529141951 18.14139676467821 -43.72211771849837
    vertex 5.414989058283902 16.28279352935643 -43.0622630991651
    vertex 7.082494529141951 15.91302182896959 -42.93098410429305
  endloop
endfacet
facet normal 6.75753e-16 0.334568 0.942372
  outer loop
    vertex 8.75 17.77162506429138 -43.59083872362633
    vertex 7.082494529141951 15.91302182896959 -42.93098410429305
    vertex 8.75 15.54325012858276 -42.79970510942101
  endloop
endfacet
facet normal 1.16535e-15 0.334568 0.942372
  outer loop
    vertex -2.916666666666668 20 -44.38197233783164
    vertex -4.165827862475281 18.14139676467821 -43.72211771849837
    vertex -1.458333333333325 16.70759203042217 -43.21307810254346
  endloop
endfacet
facet normal 1.01202e-15 0.334568 0.942372
  outer loop
    vertex -4.165827862475281 18.14139676467821 -43.72211771849837
    vertex -2.707494529141936 14.84898879510038 -42.55322348321018
    vertex -1.458333333333325 16.70759203042217 -43.21307810254346
  endloop
endfacet
facet normal -1.90136e-15 0.334568 0.942372
  outer loop
    vertex -4.165827862475281 18.14139676467821 -43.72211771849837
    vertex -5.414989058283894 16.28279352935643 -43.0622630991651
    vertex -2.707494529141936 14.84898879510038 -42.55322348321018
  endloop
endfacet
facet normal 8.58681e-16 0.334568 0.942372
  outer loop
    vertex -1.458333333333325 16.70759203042217 -43.21307810254346
    vertex -2.707494529141936 14.84898879510038 -42.55322348321018
    vertex 1.957924908059658e-14 13.41518406084434 -42.04418386725527
  endloop
endfacet
facet normal -8.58681e-16 0.334568 0.942372
  outer loop
    vertex 1.957924908059658e-14 13.41518406084434 -42.04418386725527
    vertex 2.707494529141961 14.84898879510038 -42.55322348321018
    vertex 1.458333333333343 16.70759203042217 -43.21307810254346
  endloop
endfacet
facet normal -9.81349e-16 0.334568 0.942372
  outer loop
    vertex 2.707494529141961 14.84898879510038 -42.55322348321018
    vertex 4.165827862475284 18.14139676467821 -43.72211771849837
    vertex 1.458333333333343 16.70759203042217 -43.21307810254346
  endloop
endfacet
facet normal 1.9627e-15 0.334568 0.942372
  outer loop
    vertex 2.707494529141961 14.84898879510038 -42.55322348321018
    vertex 5.414989058283902 16.28279352935643 -43.0622630991651
    vertex 4.165827862475284 18.14139676467821 -43.72211771849837
  endloop
endfacet
facet normal -1.13469e-15 0.334568 0.942372
  outer loop
    vertex 1.458333333333343 16.70759203042217 -43.21307810254346
    vertex 4.165827862475284 18.14139676467821 -43.72211771849837
    vertex 2.916666666666666 20 -44.38197233783164
  endloop
endfacet
facet normal 2.63087e-15 0.334568 0.942372
  outer loop
    vertex 1.957924908059658e-14 13.41518406084434 -42.04418386725527
    vertex -2.707494529141936 14.84898879510038 -42.55322348321018
    vertex -3.367326839220672 13.17145536215118 -41.95765356071088
  endloop
endfacet
facet normal -1.37033e-15 0.334568 0.942372
  outer loop
    vertex -2.707494529141936 14.84898879510038 -42.55322348321018
    vertex -6.036633841518357 14.36916349335573 -42.38287247132551
    vertex -3.367326839220672 13.17145536215118 -41.95765356071088
  endloop
endfacet
facet normal -7.71012e-16 0.334568 0.942372
  outer loop
    vertex -2.707494529141936 14.84898879510038 -42.55322348321018
    vertex -5.414989058283894 16.28279352935643 -43.0622630991651
    vertex -6.036633841518357 14.36916349335573 -42.38287247132551
  endloop
endfacet
facet normal -2.79767e-15 0.334568 0.942372
  outer loop
    vertex -3.367326839220672 13.17145536215118 -41.95765356071088
    vertex -6.036633841518357 14.36916349335573 -42.38287247132551
    vertex -6.658278624752828 12.45553345735503 -41.70348184348592
  endloop
endfacet
facet normal 2.38651e-15 0.334568 0.942372
  outer loop
    vertex 6.658278624752828 12.45553345735503 -41.70348184348592
    vertex 6.036633841518364 14.36916349335572 -42.38287247132551
    vertex 3.367326839220421 13.17145536215121 -41.9576535607109
  endloop
endfacet
facet normal 1.42494e-15 0.334568 0.942372
  outer loop
    vertex 6.036633841518364 14.36916349335572 -42.38287247132551
    vertex 2.707494529141961 14.84898879510038 -42.55322348321018
    vertex 3.367326839220421 13.17145536215121 -41.9576535607109
  endloop
endfacet
facet normal 9.13153e-16 0.334568 0.942372
  outer loop
    vertex 6.036633841518364 14.36916349335572 -42.38287247132551
    vertex 5.414989058283902 16.28279352935643 -43.0622630991651
    vertex 2.707494529141961 14.84898879510038 -42.55322348321018
  endloop
endfacet
facet normal -2.24005e-15 0.334568 0.942372
  outer loop
    vertex 3.367326839220421 13.17145536215121 -41.9576535607109
    vertex 2.707494529141961 14.84898879510038 -42.55322348321018
    vertex 1.957924908059658e-14 13.41518406084434 -42.04418386725527
  endloop
endfacet
facet normal -0 0.334568 0.942372
  outer loop
    vertex -8.75 20 -44.38197233783164
    vertex -7.082494529141947 18.14139676467821 -43.72211771849837
    vertex -5.833333333333334 20 -44.38197233783164
  endloop
endfacet
facet normal -0 0.334568 0.942372
  outer loop
    vertex -7.082494529141947 18.14139676467821 -43.72211771849837
    vertex -4.165827862475281 18.14139676467821 -43.72211771849837
    vertex -5.833333333333334 20 -44.38197233783164
  endloop
endfacet
facet normal -0 0.334568 0.942372
  outer loop
    vertex -7.082494529141947 18.14139676467821 -43.72211771849837
    vertex -5.414989058283894 16.28279352935643 -43.0622630991651
    vertex -4.165827862475281 18.14139676467821 -43.72211771849837
  endloop
endfacet
facet normal -0 0.334568 0.942372
  outer loop
    vertex -5.833333333333334 20 -44.38197233783164
    vertex -4.165827862475281 18.14139676467821 -43.72211771849837
    vertex -2.916666666666668 20 -44.38197233783164
  endloop
endfacet
facet normal -0 0.334568 0.942372
  outer loop
    vertex 2.916666666666666 20 -44.38197233783164
    vertex 4.165827862475284 18.14139676467821 -43.72211771849837
    vertex 5.833333333333333 20 -44.38197233783164
  endloop
endfacet
facet normal -0 0.334568 0.942372
  outer loop
    vertex 4.165827862475284 18.14139676467821 -43.72211771849837
    vertex 7.082494529141951 18.14139676467821 -43.72211771849837
    vertex 5.833333333333333 20 -44.38197233783164
  endloop
endfacet
facet normal -0 0.334568 0.942372
  outer loop
    vertex 4.165827862475284 18.14139676467821 -43.72211771849837
    vertex 5.414989058283902 16.28279352935643 -43.0622630991651
    vertex 7.082494529141951 18.14139676467821 -43.72211771849837
  endloop
endfacet
facet normal -0 0.334568 0.942372
  outer loop
    vertex 5.833333333333333 20 -44.38197233783164
    vertex 7.082494529141951 18.14139676467821 -43.72211771849837
    vertex 8.75 20 -44.38197233783164
  endloop
endfacet
facet normal -1.27198e-15 0.334568 0.942372
  outer loop
    vertex -6.658278624752828 12.45553345735503 -41.70348184348592
    vertex -6.036633841518357 14.36916349335573 -42.38287247132551
    vertex -7.704139312376412 13.99939179296889 -42.25159347645347
  endloop
endfacet
facet normal -3.97492e-16 0.334568 0.942372
  outer loop
    vertex -6.036633841518357 14.36916349335573 -42.38287247132551
    vertex -7.082494529141947 15.91302182896959 -42.93098410429305
    vertex -7.704139312376412 13.99939179296889 -42.25159347645347
  endloop
endfacet
facet normal 2.75595e-15 0.334568 0.942372
  outer loop
    vertex -6.036633841518357 14.36916349335573 -42.38287247132551
    vertex -5.414989058283894 16.28279352935643 -43.0622630991651
    vertex -7.082494529141947 15.91302182896959 -42.93098410429305
  endloop
endfacet
facet normal -7.06653e-17 0.334568 0.942372
  outer loop
    vertex -7.704139312376412 13.99939179296889 -42.25159347645347
    vertex -7.082494529141947 15.91302182896959 -42.93098410429305
    vertex -8.75 15.54325012858276 -42.79970510942101
  endloop
endfacet
facet normal -7.06653e-17 0.334568 0.942372
  outer loop
    vertex 8.75 15.54325012858276 -42.79970510942101
    vertex 7.082494529141951 15.91302182896959 -42.93098410429305
    vertex 7.704139312376412 13.99939179296889 -42.25159347645347
  endloop
endfacet
facet normal 3.53326e-16 0.334568 0.942372
  outer loop
    vertex 7.082494529141951 15.91302182896959 -42.93098410429305
    vertex 6.036633841518364 14.36916349335572 -42.38287247132551
    vertex 7.704139312376412 13.99939179296889 -42.25159347645347
  endloop
endfacet
facet normal -2.85311e-15 0.334568 0.942372
  outer loop
    vertex 7.082494529141951 15.91302182896959 -42.93098410429305
    vertex 5.414989058283902 16.28279352935643 -43.0622630991651
    vertex 6.036633841518364 14.36916349335572 -42.38287247132551
  endloop
endfacet
facet normal 1.30731e-15 0.334568 0.942372
  outer loop
    vertex 7.704139312376412 13.99939179296889 -42.25159347645347
    vertex 6.036633841518364 14.36916349335572 -42.38287247132551
    vertex 6.658278624752828 12.45553345735503 -41.70348184348592
  endloop
endfacet
facet normal -3.10554e-15 0.334568 0.942372
  outer loop
    vertex -8.75 11.08650025716551 -41.21743788101038
    vertex -7.737064497874666 11.81570230277737 -41.47632440885017
    vertex -8.75 13.31487519287414 -42.0085714952157
  endloop
endfacet
facet normal 1.29549e-15 0.334568 0.942372
  outer loop
    vertex -7.737064497874666 11.81570230277737 -41.47632440885017
    vertex -7.704139312376412 13.99939179296889 -42.25159347645347
    vertex -8.75 13.31487519287414 -42.0085714952157
  endloop
endfacet
facet normal 4.7054e-16 0.334568 0.942372
  outer loop
    vertex -7.737064497874666 11.81570230277737 -41.47632440885017
    vertex -6.658278624752828 12.45553345735503 -41.70348184348592
    vertex -7.704139312376412 13.99939179296889 -42.25159347645347
  endloop
endfacet
facet normal 3.14245e-15 0.334568 0.942372
  outer loop
    vertex -8.75 13.31487519287414 -42.0085714952157
    vertex -7.704139312376412 13.99939179296889 -42.25159347645347
    vertex -8.75 15.54325012858276 -42.79970510942101
  endloop
endfacet
facet normal 8.96267e-17 0.334568 0.942372
  outer loop
    vertex 6.658278624752828 12.45553345735503 -41.70348184348592
    vertex 7.737064497874669 11.81570230277737 -41.47632440885017
    vertex 7.704139312376412 13.99939179296889 -42.25159347645347
  endloop
endfacet
facet normal -1.85069e-15 0.334568 0.942372
  outer loop
    vertex 7.737064497874669 11.81570230277737 -41.47632440885017
    vertex 8.75 13.31487519287414 -42.0085714952157
    vertex 7.704139312376412 13.99939179296889 -42.25159347645347
  endloop
endfacet
facet normal 2.4798e-15 0.334568 0.942372
  outer loop
    vertex 7.737064497874669 11.81570230277737 -41.47632440885017
    vertex 8.75 11.08650025716551 -41.21743788101038
    vertex 8.75 13.31487519287414 -42.0085714952157
  endloop
endfacet
facet normal -3.7036e-15 0.334568 0.942372
  outer loop
    vertex 7.704139312376412 13.99939179296889 -42.25159347645347
    vertex 8.75 13.31487519287414 -42.0085714952157
    vertex 8.75 15.54325012858276 -42.79970510942101
  endloop
endfacet
facet normal -0.0544512 0.432827 -0.899831
  outer loop
    vertex 1.957924908059658e-14 13.41518406084434 -42.04418386725527
    vertex -3.367326839220672 13.17145536215118 -41.95765356071088
    vertex 1.918757118027028e-14 13.76933735208542 -41.87383285537061
  endloop
endfacet
facet normal -0.0534111 0.427345 -0.90251
  outer loop
    vertex -3.367326839220672 13.17145536215118 -41.95765356071088
    vertex -3.432009448525528 13.70015690046513 -41.70348184348592
    vertex 1.918757118027028e-14 13.76933735208542 -41.87383285537061
  endloop
endfacet
facet normal -0.158907 0.411914 -0.89726
  outer loop
    vertex -3.367326839220672 13.17145536215118 -41.95765356071088
    vertex -6.658278624752828 12.45553345735503 -41.70348184348592
    vertex -3.432009448525528 13.70015690046513 -41.70348184348592
  endloop
endfacet
facet normal -0.0533917 0.432852 -0.899883
  outer loop
    vertex 1.918757118027028e-14 13.76933735208542 -41.87383285537061
    vertex -3.432009448525528 13.70015690046513 -41.70348184348592
    vertex 1.968108378081571e-14 14.12349064332649 -41.70348184348592
  endloop
endfacet
facet normal 0.158907 0.411914 -0.89726
  outer loop
    vertex 6.658278624752828 12.45553345735503 -41.70348184348592
    vertex 3.367326839220421 13.17145536215121 -41.9576535607109
    vertex 3.432009448525545 13.70015690046513 -41.70348184348592
  endloop
endfacet
facet normal 0.0534111 0.427345 -0.90251
  outer loop
    vertex 3.367326839220421 13.17145536215121 -41.9576535607109
    vertex 1.918757118027028e-14 13.76933735208542 -41.87383285537061
    vertex 3.432009448525545 13.70015690046513 -41.70348184348592
  endloop
endfacet
facet normal 0.0544512 0.432827 -0.899831
  outer loop
    vertex 3.367326839220421 13.17145536215121 -41.9576535607109
    vertex 1.957924908059658e-14 13.41518406084434 -42.04418386725527
    vertex 1.918757118027028e-14 13.76933735208542 -41.87383285537061
  endloop
endfacet
facet normal 0.0533917 0.432852 -0.899883
  outer loop
    vertex 3.432009448525545 13.70015690046513 -41.70348184348592
    vertex 1.918757118027028e-14 13.76933735208542 -41.87383285537061
    vertex 1.968108378081571e-14 14.12349064332649 -41.70348184348592
  endloop
endfacet
facet normal 0 1 0
  outer loop
    vertex -3.585789114953394 20 -12.17776115113689
    vertex -0.1010828941219053 20 -12.54067665273205
    vertex -3.343090499798561 20 -15.74338749111054
  endloop
endfacet
facet normal 0 1 0
  outer loop
    vertex -0.1010828941219053 20 -12.54067665273205
    vertex 0.1416157210329274 20 -16.1063029927057
    vertex -3.343090499798561 20 -15.74338749111054
  endloop
endfacet
facet normal 0 1 0
  outer loop
    vertex -0.1010828941219053 20 -12.54067665273205
    vertex 3.383623326709582 20 -12.90359215432721
    vertex 0.1416157210329274 20 -16.1063029927057
  endloop
endfacet
facet normal 0 1 0
  outer loop
    vertex -3.343090499798561 20 -15.74338749111054
    vertex 0.1416157210329274 20 -16.1063029927057
    vertex -3.100391884643727 20 -19.30901383108419
  endloop
endfacet
facet normal 0 1 0
  outer loop
    vertex 3.377543595382988 20 -25.68280040020298
    vertex -0.1312081763594932 20 -26.04904854200765
    vertex 0.1385758553696306 20 -22.49590711564359
  endloop
endfacet
facet normal 0 1 -0
  outer loop
    vertex -0.1312081763594932 20 -26.04904854200765
    vertex -3.37017591637285 20 -22.86215525744826
    vertex 0.1385758553696306 20 -22.49590711564359
  endloop
endfacet
facet normal 0 1 0
  outer loop
    vertex -0.1312081763594932 20 -26.04904854200765
    vertex -3.639959948101973 20 -26.41529668381233
    vertex -3.37017591637285 20 -22.86215525744826
  endloop
endfacet
facet normal 0 1 0
  outer loop
    vertex 0.1385758553696306 20 -22.49590711564359
    vertex -3.37017591637285 20 -22.86215525744826
    vertex -3.100391884643727 20 -19.30901383108419
  endloop
endfacet
facet normal 0 1 0
  outer loop
    vertex -3.100391884643727 20 -19.30901383108419
    vertex 0.1416157210329274 20 -16.1063029927057
    vertex 0.6302785880686557 20 -19.30901383108418
  endloop
endfacet
facet normal -0 1 0
  outer loop
    vertex 0.1416157210329274 20 -16.1063029927057
    vertex 3.87228619374531 20 -16.10630299270569
    vertex 0.6302785880686557 20 -19.30901383108418
  endloop
endfacet
facet normal 0 1 0
  outer loop
    vertex 0.1416157210329274 20 -16.1063029927057
    vertex 3.383623326709582 20 -12.90359215432721
    vertex 3.87228619374531 20 -16.10630299270569
  endloop
endfacet
facet normal 0 1 0
  outer loop
    vertex 0.6302785880686557 20 -19.30901383108418
    vertex 3.87228619374531 20 -16.10630299270569
    vertex 4.360949060781039 20 -19.30901383108417
  endloop
endfacet
facet normal 0 1 0
  outer loop
    vertex 4.360949060781039 20 -19.30901383108417
    vertex 3.869246328082014 20 -22.49590711564358
    vertex 0.6302785880686557 20 -19.30901383108418
  endloop
endfacet
facet normal 0 1 0
  outer loop
    vertex 3.869246328082014 20 -22.49590711564358
    vertex 0.1385758553696306 20 -22.49590711564359
    vertex 0.6302785880686557 20 -19.30901383108418
  endloop
endfacet
facet normal 0 1 0
  outer loop
    vertex 3.869246328082014 20 -22.49590711564358
    vertex 3.377543595382988 20 -25.68280040020298
    vertex 0.1385758553696306 20 -22.49590711564359
  endloop
endfacet
facet normal 0 1 0
  outer loop
    vertex 0.6302785880686557 20 -19.30901383108418
    vertex 0.1385758553696306 20 -22.49590711564359
    vertex -3.100391884643727 20 -19.30901383108419
  endloop
endfacet
facet normal 0 1 0
  outer loop
    vertex -8.75 20 -16.04721106486735
    vertex -5.925195942321864 20 -17.67811244797578
    vertex -8.75 20 -19.30901383108419
  endloop
endfacet
facet normal 0 1 0
  outer loop
    vertex -5.925195942321864 20 -17.67811244797578
    vertex -5.925195942321864 20 -20.93991521419261
    vertex -8.75 20 -19.30901383108419
  endloop
endfacet
facet normal 0 1 0
  outer loop
    vertex -5.925195942321864 20 -17.67811244797578
    vertex -3.100391884643727 20 -19.30901383108419
    vertex -5.925195942321864 20 -20.93991521419261
  endloop
endfacet
facet normal 0 1 0
  outer loop
    vertex -8.75 20 -19.30901383108419
    vertex -5.925195942321864 20 -20.93991521419261
    vertex -8.75 20 -22.57081659730103
  endloop
endfacet
facet normal 0 1 -0
  outer loop
    vertex 8.75 20 -22.570816597301
    vertex 6.555474530390519 20 -20.93991521419258
    vertex 8.75 20 -19.30901383108417
  endloop
endfacet
facet normal 0 1 0
  outer loop
    vertex 6.555474530390519 20 -20.93991521419258
    vertex 6.555474530390519 20 -17.67811244797575
    vertex 8.75 20 -19.30901383108417
  endloop
endfacet
facet normal 0 1 -0
  outer loop
    vertex 6.555474530390519 20 -20.93991521419258
    vertex 4.360949060781039 20 -19.30901383108417
    vertex 6.555474530390519 20 -17.67811244797575
  endloop
endfacet
facet normal 0 1 -0
  outer loop
    vertex 8.75 20 -19.30901383108417
    vertex 6.555474530390519 20 -17.67811244797575
    vertex 8.75 20 -16.04721106486733
  endloop
endfacet
facet normal 0 1 -0
  outer loop
    vertex -1.77635683940025e-15 20 -30.56621280675913
    vertex -1.819979974050987 20 -28.49075474528573
    vertex 1.688771797691494 20 -28.12450660348106
  endloop
endfacet
facet normal 0 1 0
  outer loop
    vertex -1.819979974050987 20 -28.49075474528573
    vertex -0.1312081763594932 20 -26.04904854200765
    vertex 1.688771797691494 20 -28.12450660348106
  endloop
endfacet
facet normal 0 1 -0
  outer loop
    vertex -1.819979974050987 20 -28.49075474528573
    vertex -3.639959948101973 20 -26.41529668381233
    vertex -0.1312081763594932 20 -26.04904854200765
  endloop
endfacet
facet normal 0 1 -0
  outer loop
    vertex 1.688771797691494 20 -28.12450660348106
    vertex -0.1312081763594932 20 -26.04904854200765
    vertex 3.377543595382988 20 -25.68280040020298
  endloop
endfacet
facet normal 0 1 0
  outer loop
    vertex 0 20 -8.051814855409225
    vertex 1.691811663354791 20 -10.47770350486822
    vertex -1.792894557476697 20 -10.11478800327306
  endloop
endfacet
facet normal 0 1 0
  outer loop
    vertex 1.691811663354791 20 -10.47770350486822
    vertex -0.1010828941219053 20 -12.54067665273205
    vertex -1.792894557476697 20 -10.11478800327306
  endloop
endfacet
facet normal 0 1 0
  outer loop
    vertex 1.691811663354791 20 -10.47770350486822
    vertex 3.383623326709582 20 -12.90359215432721
    vertex -0.1010828941219053 20 -12.54067665273205
  endloop
endfacet
facet normal 0 1 0
  outer loop
    vertex -1.792894557476697 20 -10.11478800327306
    vertex -0.1010828941219053 20 -12.54067665273205
    vertex -3.585789114953394 20 -12.17776115113689
  endloop
endfacet
facet normal 0 1 0
  outer loop
    vertex 2.916666666666668 20 -3
    vertex 1.458333333333334 20 -5.525907427704613
    vertex 0 20 -3
  endloop
endfacet
facet normal 0 1 0
  outer loop
    vertex 1.458333333333334 20 -5.525907427704613
    vertex -1.458333333333333 20 -5.525907427704613
    vertex 0 20 -3
  endloop
endfacet
facet normal 0 1 0
  outer loop
    vertex 1.458333333333334 20 -5.525907427704613
    vertex 0 20 -8.051814855409225
    vertex -1.458333333333333 20 -5.525907427704613
  endloop
endfacet
facet normal 0 1 0
  outer loop
    vertex 0 20 -3
    vertex -1.458333333333333 20 -5.525907427704613
    vertex -2.916666666666666 20 -3
  endloop
endfacet
facet normal 0 1 0
  outer loop
    vertex -2.916666666666668 20 -35.61802766216836
    vertex -1.458333333333335 20 -33.09212023446375
    vertex 0 20 -35.61802766216836
  endloop
endfacet
facet normal -0 1 0
  outer loop
    vertex -1.458333333333335 20 -33.09212023446375
    vertex 1.458333333333332 20 -33.09212023446375
    vertex 0 20 -35.61802766216836
  endloop
endfacet
facet normal 0 1 0
  outer loop
    vertex -1.458333333333335 20 -33.09212023446375
    vertex -1.77635683940025e-15 20 -30.56621280675913
    vertex 1.458333333333332 20 -33.09212023446375
  endloop
endfacet
facet normal 0 1 0
  outer loop
    vertex 0 20 -35.61802766216836
    vertex 1.458333333333332 20 -33.09212023446375
    vertex 2.916666666666666 20 -35.61802766216836
  endloop
endfacet
facet normal -0 1 0
  outer loop
    vertex -8.75 20 -16.04721106486735
    vertex -6.167894557476697 20 -14.11248610800213
    vertex -5.925195942321864 20 -17.67811244797578
  endloop
endfacet
facet normal 0 1 0
  outer loop
    vertex -6.167894557476697 20 -14.11248610800213
    vertex -3.343090499798561 20 -15.74338749111054
    vertex -5.925195942321864 20 -17.67811244797578
  endloop
endfacet
facet normal -0 1 0
  outer loop
    vertex -6.167894557476697 20 -14.11248610800213
    vertex -3.585789114953394 20 -12.17776115113689
    vertex -3.343090499798561 20 -15.74338749111054
  endloop
endfacet
facet normal -0 1 0
  outer loop
    vertex -5.925195942321864 20 -17.67811244797578
    vertex -3.343090499798561 20 -15.74338749111054
    vertex -3.100391884643727 20 -19.30901383108419
  endloop
endfacet
facet normal 0 1 0
  outer loop
    vertex -3.100391884643727 20 -19.30901383108419
    vertex -3.37017591637285 20 -22.86215525744826
    vertex -5.925195942321864 20 -20.93991521419261
  endloop
endfacet
facet normal 0 1 0
  outer loop
    vertex -3.37017591637285 20 -22.86215525744826
    vertex -6.194979974050987 20 -24.49305664055668
    vertex -5.925195942321864 20 -20.93991521419261
  endloop
endfacet
facet normal 0 1 0
  outer loop
    vertex -3.37017591637285 20 -22.86215525744826
    vertex -3.639959948101973 20 -26.41529668381233
    vertex -6.194979974050987 20 -24.49305664055668
  endloop
endfacet
facet normal 0 1 0
  outer loop
    vertex -5.925195942321864 20 -20.93991521419261
    vertex -6.194979974050987 20 -24.49305664055668
    vertex -8.75 20 -22.57081659730103
  endloop
endfacet
facet normal 0 1 -0
  outer loop
    vertex 8.75 20 -16.04721106486733
    vertex 6.066811663354791 20 -14.47540160959727
    vertex 8.75 20 -12.78540829865049
  endloop
endfacet
facet normal 0 1 0
  outer loop
    vertex 6.066811663354791 20 -14.47540160959727
    vertex 6.066811663354791 20 -11.21359884338043
    vertex 8.75 20 -12.78540829865049
  endloop
endfacet
facet normal 0 1 -0
  outer loop
    vertex 6.066811663354791 20 -14.47540160959727
    vertex 3.383623326709582 20 -12.90359215432721
    vertex 6.066811663354791 20 -11.21359884338043
  endloop
endfacet
facet normal 0 1 -0
  outer loop
    vertex 8.75 20 -12.78540829865049
    vertex 6.066811663354791 20 -11.21359884338043
    vertex 8.75 20 -9.523605532433645
  endloop
endfacet
facet normal 0 1 0
  outer loop
    vertex -8.75 20 -22.57081659730103
    vertex -6.194979974050987 20 -24.49305664055668
    vertex -8.75 20 -25.83261936351787
  endloop
endfacet
facet normal 0 1 0
  outer loop
    vertex -6.194979974050987 20 -24.49305664055668
    vertex -6.194979974050987 20 -27.75485940677352
    vertex -8.75 20 -25.83261936351787
  endloop
endfacet
facet normal 0 1 0
  outer loop
    vertex -6.194979974050987 20 -24.49305664055668
    vertex -3.639959948101973 20 -26.41529668381233
    vertex -6.194979974050987 20 -27.75485940677352
  endloop
endfacet
facet normal 0 1 0
  outer loop
    vertex -8.75 20 -25.83261936351787
    vertex -6.194979974050987 20 -27.75485940677352
    vertex -8.75 20 -29.09442212973471
  endloop
endfacet
facet normal 0 1 0
  outer loop
    vertex -8.75 20 -9.523605532433677
    vertex -6.167894557476697 20 -10.85068334178528
    vertex -8.75 20 -12.78540829865052
  endloop
endfacet
facet normal 0 1 0
  outer loop
    vertex -6.167894557476697 20 -10.85068334178528
    vertex -6.167894557476697 20 -14.11248610800213
    vertex -8.75 20 -12.78540829865052
  endloop
endfacet
facet normal 0 1 0
  outer loop
    vertex -6.167894557476697 20 -10.85068334178528
    vertex -3.585789114953394 20 -12.17776115113689
    vertex -6.167894557476697 20 -14.11248610800213
  endloop
endfacet
facet normal 0 1 0
  outer loop
    vertex -8.75 20 -12.78540829865052
    vertex -6.167894557476697 20 -14.11248610800213
    vertex -8.75 20 -16.04721106486735
  endloop
endfacet
facet normal 0 1 -0
  outer loop
    vertex 8.75 20 -29.09442212973468
    vertex 6.063771797691494 20 -27.38861126496883
    vertex 8.75 20 -25.83261936351784
  endloop
endfacet
facet normal 0 1 0
  outer loop
    vertex 6.063771797691494 20 -27.38861126496883
    vertex 6.063771797691494 20 -24.12680849875199
    vertex 8.75 20 -25.83261936351784
  endloop
endfacet
facet normal 0 1 -0
  outer loop
    vertex 6.063771797691494 20 -27.38861126496883
    vertex 3.377543595382988 20 -25.68280040020298
    vertex 6.063771797691494 20 -24.12680849875199
  endloop
endfacet
facet normal 0 1 -0
  outer loop
    vertex 8.75 20 -25.83261936351784
    vertex 6.063771797691494 20 -24.12680849875199
    vertex 8.75 20 -22.570816597301
  endloop
endfacet
facet normal 0 1 -0
  outer loop
    vertex 4.360949060781039 20 -19.30901383108417
    vertex 3.87228619374531 20 -16.10630299270569
    vertex 6.555474530390519 20 -17.67811244797575
  endloop
endfacet
facet normal -0 1 0
  outer loop
    vertex 3.87228619374531 20 -16.10630299270569
    vertex 6.066811663354791 20 -14.47540160959727
    vertex 6.555474530390519 20 -17.67811244797575
  endloop
endfacet
facet normal 0 1 -0
  outer loop
    vertex 3.87228619374531 20 -16.10630299270569
    vertex 3.383623326709582 20 -12.90359215432721
    vertex 6.066811663354791 20 -14.47540160959727
  endloop
endfacet
facet normal 0 1 -0
  outer loop
    vertex 6.555474530390519 20 -17.67811244797575
    vertex 6.066811663354791 20 -14.47540160959727
    vertex 8.75 20 -16.04721106486733
  endloop
endfacet
facet normal 0 1 0
  outer loop
    vertex 8.75 20 -22.570816597301
    vertex 6.063771797691494 20 -24.12680849875199
    vertex 6.555474530390519 20 -20.93991521419258
  endloop
endfacet
facet normal 0 1 -0
  outer loop
    vertex 6.063771797691494 20 -24.12680849875199
    vertex 3.869246328082014 20 -22.49590711564358
    vertex 6.555474530390519 20 -20.93991521419258
  endloop
endfacet
facet normal 0 1 0
  outer loop
    vertex 6.063771797691494 20 -24.12680849875199
    vertex 3.377543595382988 20 -25.68280040020298
    vertex 3.869246328082014 20 -22.49590711564358
  endloop
endfacet
facet normal 0 1 0
  outer loop
    vertex 6.555474530390519 20 -20.93991521419258
    vertex 3.869246328082014 20 -22.49590711564358
    vertex 4.360949060781039 20 -19.30901383108417
  endloop
endfacet
facet normal 0 1 -0
  outer loop
    vertex 8.75 20 -35.61802766216836
    vertex 6.683455699675548 20 -33.44327099998014
    vertex 8.75 20 -32.35622489595152
  endloop
endfacet
facet normal 0 1 0
  outer loop
    vertex 6.683455699675548 20 -33.44327099998014
    vertex 6.683455699675548 20 -30.18146823376331
    vertex 8.75 20 -32.35622489595152
  endloop
endfacet
facet normal 0 1 -0
  outer loop
    vertex 6.683455699675548 20 -33.44327099998014
    vertex 4.616911399351098 20 -31.26851433779193
    vertex 6.683455699675548 20 -30.18146823376331
  endloop
endfacet
facet normal 0 1 -0
  outer loop
    vertex 8.75 20 -32.35622489595152
    vertex 6.683455699675548 20 -30.18146823376331
    vertex 8.75 20 -29.09442212973468
  endloop
endfacet
facet normal 0 1 0
  outer loop
    vertex -8.75 20 -3
    vertex -6.775245578162006 20 -5.07531815389798
    vertex -8.75 20 -6.261802766216839
  endloop
endfacet
facet normal 0 1 0
  outer loop
    vertex -6.775245578162006 20 -5.07531815389798
    vertex -6.775245578162006 20 -8.337120920114819
    vertex -8.75 20 -6.261802766216839
  endloop
endfacet
facet normal 0 1 0
  outer loop
    vertex -6.775245578162006 20 -5.07531815389798
    vertex -4.800491156324012 20 -7.15063630779596
    vertex -6.775245578162006 20 -8.337120920114819
  endloop
endfacet
facet normal 0 1 0
  outer loop
    vertex -8.75 20 -6.261802766216839
    vertex -6.775245578162006 20 -8.337120920114819
    vertex -8.75 20 -9.523605532433677
  endloop
endfacet
facet normal 0 1 -0
  outer loop
    vertex 8.75 20 -9.523605532433645
    vertex 6.683455699675548 20 -8.43655942840503
    vertex 8.75 20 -6.261802766216821
  endloop
endfacet
facet normal 0 1 0
  outer loop
    vertex 6.683455699675548 20 -8.43655942840503
    vertex 6.683455699675548 20 -5.174756662188207
    vertex 8.75 20 -6.261802766216821
  endloop
endfacet
facet normal 0 1 -0
  outer loop
    vertex 6.683455699675548 20 -8.43655942840503
    vertex 4.616911399351094 20 -7.349513324376414
    vertex 6.683455699675548 20 -5.174756662188207
  endloop
endfacet
facet normal 0 1 -0
  outer loop
    vertex 8.75 20 -6.261802766216821
    vertex 6.683455699675548 20 -5.174756662188207
    vertex 8.75 20 -3
  endloop
endfacet
facet normal 0 1 0
  outer loop
    vertex -8.75 20 -29.09442212973471
    vertex -6.683455699675547 20 -30.18146823376333
    vertex -8.75 20 -32.35622489595154
  endloop
endfacet
facet normal 0 1 0
  outer loop
    vertex -6.683455699675547 20 -30.18146823376333
    vertex -6.683455699675547 20 -33.44327099998016
    vertex -8.75 20 -32.35622489595154
  endloop
endfacet
facet normal 0 1 0
  outer loop
    vertex -6.683455699675547 20 -30.18146823376333
    vertex -4.616911399351094 20 -31.26851433779195
    vertex -6.683455699675547 20 -33.44327099998016
  endloop
endfacet
facet normal 0 1 0
  outer loop
    vertex -8.75 20 -32.35622489595154
    vertex -6.683455699675547 20 -33.44327099998016
    vertex -8.75 20 -35.61802766216836
  endloop
endfacet
facet normal 0 1 0
  outer loop
    vertex 2.916666666666666 20 -35.61802766216836
    vertex 3.766789033008882 20 -33.44327099998014
    vertex 5.833333333333333 20 -35.61802766216836
  endloop
endfacet
facet normal -0 1 0
  outer loop
    vertex 3.766789033008882 20 -33.44327099998014
    vertex 6.683455699675548 20 -33.44327099998014
    vertex 5.833333333333333 20 -35.61802766216836
  endloop
endfacet
facet normal 0 1 0
  outer loop
    vertex 3.766789033008882 20 -33.44327099998014
    vertex 4.616911399351098 20 -31.26851433779193
    vertex 6.683455699675548 20 -33.44327099998014
  endloop
endfacet
facet normal 0 1 0
  outer loop
    vertex 5.833333333333333 20 -35.61802766216836
    vertex 6.683455699675548 20 -33.44327099998014
    vertex 8.75 20 -35.61802766216836
  endloop
endfacet
facet normal 0 1 0
  outer loop
    vertex -2.916666666666666 20 -3
    vertex -3.858578911495339 20 -5.07531815389798
    vertex -5.833333333333333 20 -3
  endloop
endfacet
facet normal 0 1 0
  outer loop
    vertex -3.858578911495339 20 -5.07531815389798
    vertex -6.775245578162006 20 -5.07531815389798
    vertex -5.833333333333333 20 -3
  endloop
endfacet
facet normal 0 1 0
  outer loop
    vertex -3.858578911495339 20 -5.07531815389798
    vertex -4.800491156324012 20 -7.15063630779596
    vertex -6.775245578162006 20 -5.07531815389798
  endloop
endfacet
facet normal 0 1 0
  outer loop
    vertex -5.833333333333333 20 -3
    vertex -6.775245578162006 20 -5.07531815389798
    vertex -8.75 20 -3
  endloop
endfacet
facet normal 0 1 0
  outer loop
    vertex 8.75 20 -3
    vertex 6.683455699675548 20 -5.174756662188207
    vertex 5.833333333333336 20 -3
  endloop
endfacet
facet normal 0 1 0
  outer loop
    vertex 6.683455699675548 20 -5.174756662188207
    vertex 3.76678903300888 20 -5.174756662188207
    vertex 5.833333333333336 20 -3
  endloop
endfacet
facet normal 0 1 0
  outer loop
    vertex 6.683455699675548 20 -5.174756662188207
    vertex 4.616911399351094 20 -7.349513324376414
    vertex 3.76678903300888 20 -5.174756662188207
  endloop
endfacet
facet normal 0 1 0
  outer loop
    vertex 5.833333333333336 20 -3
    vertex 3.76678903300888 20 -5.174756662188207
    vertex 2.916666666666668 20 -3
  endloop
endfacet
facet normal 0 1 0
  outer loop
    vertex -8.75 20 -35.61802766216836
    vertex -6.683455699675547 20 -33.44327099998016
    vertex -5.833333333333334 20 -35.61802766216836
  endloop
endfacet
facet normal -0 1 0
  outer loop
    vertex -6.683455699675547 20 -33.44327099998016
    vertex -3.766789033008881 20 -33.44327099998016
    vertex -5.833333333333334 20 -35.61802766216836
  endloop
endfacet
facet normal 0 1 0
  outer loop
    vertex -6.683455699675547 20 -33.44327099998016
    vertex -4.616911399351094 20 -31.26851433779195
    vertex -3.766789033008881 20 -33.44327099998016
  endloop
endfacet
facet normal 0 1 0
  outer loop
    vertex -5.833333333333334 20 -35.61802766216836
    vertex -3.766789033008881 20 -33.44327099998016
    vertex -2.916666666666668 20 -35.61802766216836
  endloop
endfacet
facet normal -0 1 0
  outer loop
    vertex -8.75 20 -9.523605532433677
    vertex -6.775245578162006 20 -8.337120920114819
    vertex -6.167894557476697 20 -10.85068334178528
  endloop
endfacet
facet normal 0 1 0
  outer loop
    vertex -6.775245578162006 20 -8.337120920114819
    vertex -4.193140135638703 20 -9.664198729466428
    vertex -6.167894557476697 20 -10.85068334178528
  endloop
endfacet
facet normal -0 1 0
  outer loop
    vertex -6.775245578162006 20 -8.337120920114819
    vertex -4.800491156324012 20 -7.15063630779596
    vertex -4.193140135638703 20 -9.664198729466428
  endloop
endfacet
facet normal -0 1 0
  outer loop
    vertex -6.167894557476697 20 -10.85068334178528
    vertex -4.193140135638703 20 -9.664198729466428
    vertex -3.585789114953394 20 -12.17776115113689
  endloop
endfacet
facet normal 0 1 0
  outer loop
    vertex 8.75 20 -29.09442212973468
    vertex 6.683455699675548 20 -30.18146823376331
    vertex 6.063771797691494 20 -27.38861126496883
  endloop
endfacet
facet normal 0 1 0
  outer loop
    vertex 6.683455699675548 20 -30.18146823376331
    vertex 3.997227497367042 20 -28.47565736899746
    vertex 6.063771797691494 20 -27.38861126496883
  endloop
endfacet
facet normal 0 1 0
  outer loop
    vertex 6.683455699675548 20 -30.18146823376331
    vertex 4.616911399351098 20 -31.26851433779193
    vertex 3.997227497367042 20 -28.47565736899746
  endloop
endfacet
facet normal 0 1 0
  outer loop
    vertex 6.063771797691494 20 -27.38861126496883
    vertex 3.997227497367042 20 -28.47565736899746
    vertex 3.377543595382988 20 -25.68280040020298
  endloop
endfacet
facet normal 0 1 0
  outer loop
    vertex -3.639959948101973 20 -26.41529668381233
    vertex -4.128435673726534 20 -28.84190551080214
    vertex -6.194979974050987 20 -27.75485940677352
  endloop
endfacet
facet normal 0 1 0
  outer loop
    vertex -4.128435673726534 20 -28.84190551080214
    vertex -6.683455699675547 20 -30.18146823376333
    vertex -6.194979974050987 20 -27.75485940677352
  endloop
endfacet
facet normal 0 1 0
  outer loop
    vertex -4.128435673726534 20 -28.84190551080214
    vertex -4.616911399351094 20 -31.26851433779195
    vertex -6.683455699675547 20 -30.18146823376333
  endloop
endfacet
facet normal 0 1 0
  outer loop
    vertex -6.194979974050987 20 -27.75485940677352
    vertex -6.683455699675547 20 -30.18146823376333
    vertex -8.75 20 -29.09442212973471
  endloop
endfacet
facet normal 0 1 0
  outer loop
    vertex 3.383623326709582 20 -12.90359215432721
    vertex 4.000267363030339 20 -10.12655273935181
    vertex 6.066811663354791 20 -11.21359884338043
  endloop
endfacet
facet normal -0 1 0
  outer loop
    vertex 4.000267363030339 20 -10.12655273935181
    vertex 6.683455699675548 20 -8.43655942840503
    vertex 6.066811663354791 20 -11.21359884338043
  endloop
endfacet
facet normal 0 1 0
  outer loop
    vertex 4.000267363030339 20 -10.12655273935181
    vertex 4.616911399351094 20 -7.349513324376414
    vertex 6.683455699675548 20 -8.43655942840503
  endloop
endfacet
facet normal 0 1 0
  outer loop
    vertex 6.066811663354791 20 -11.21359884338043
    vertex 6.683455699675548 20 -8.43655942840503
    vertex 8.75 20 -9.523605532433645
  endloop
endfacet
facet normal 0 1 -0
  outer loop
    vertex -2.916666666666668 20 -35.61802766216836
    vertex -3.766789033008881 20 -33.44327099998016
    vertex -1.458333333333335 20 -33.09212023446375
  endloop
endfacet
facet normal 0 1 0
  outer loop
    vertex -3.766789033008881 20 -33.44327099998016
    vertex -2.308455699675548 20 -30.91736357227554
    vertex -1.458333333333335 20 -33.09212023446375
  endloop
endfacet
facet normal 0 1 -0
  outer loop
    vertex -3.766789033008881 20 -33.44327099998016
    vertex -4.616911399351094 20 -31.26851433779195
    vertex -2.308455699675548 20 -30.91736357227554
  endloop
endfacet
facet normal 0 1 -0
  outer loop
    vertex -1.458333333333335 20 -33.09212023446375
    vertex -2.308455699675548 20 -30.91736357227554
    vertex -1.77635683940025e-15 20 -30.56621280675913
  endloop
endfacet
facet normal 0 1 0
  outer loop
    vertex 0 20 -8.051814855409225
    vertex -2.400245578162006 20 -7.601225581602591
    vertex -1.458333333333333 20 -5.525907427704613
  endloop
endfacet
facet normal 0 1 -0
  outer loop
    vertex -2.400245578162006 20 -7.601225581602591
    vertex -3.858578911495339 20 -5.07531815389798
    vertex -1.458333333333333 20 -5.525907427704613
  endloop
endfacet
facet normal 0 1 0
  outer loop
    vertex -2.400245578162006 20 -7.601225581602591
    vertex -4.800491156324012 20 -7.15063630779596
    vertex -3.858578911495339 20 -5.07531815389798
  endloop
endfacet
facet normal 0 1 0
  outer loop
    vertex -1.458333333333333 20 -5.525907427704613
    vertex -3.858578911495339 20 -5.07531815389798
    vertex -2.916666666666666 20 -3
  endloop
endfacet
facet normal 0 1 0
  outer loop
    vertex -1.77635683940025e-15 20 -30.56621280675913
    vertex 2.308455699675548 20 -30.91736357227553
    vertex 1.458333333333332 20 -33.09212023446375
  endloop
endfacet
facet normal 0 1 0
  outer loop
    vertex 2.308455699675548 20 -30.91736357227553
    vertex 3.766789033008882 20 -33.44327099998014
    vertex 1.458333333333332 20 -33.09212023446375
  endloop
endfacet
facet normal 0 1 0
  outer loop
    vertex 2.308455699675548 20 -30.91736357227553
    vertex 4.616911399351098 20 -31.26851433779193
    vertex 3.766789033008882 20 -33.44327099998014
  endloop
endfacet
facet normal 0 1 0
  outer loop
    vertex 1.458333333333332 20 -33.09212023446375
    vertex 3.766789033008882 20 -33.44327099998014
    vertex 2.916666666666666 20 -35.61802766216836
  endloop
endfacet
facet normal 0 1 0
  outer loop
    vertex 2.916666666666668 20 -3
    vertex 3.76678903300888 20 -5.174756662188207
    vertex 1.458333333333334 20 -5.525907427704613
  endloop
endfacet
facet normal 0 1 0
  outer loop
    vertex 3.76678903300888 20 -5.174756662188207
    vertex 2.308455699675548 20 -7.700664089892818
    vertex 1.458333333333334 20 -5.525907427704613
  endloop
endfacet
facet normal 0 1 0
  outer loop
    vertex 3.76678903300888 20 -5.174756662188207
    vertex 4.616911399351094 20 -7.349513324376414
    vertex 2.308455699675548 20 -7.700664089892818
  endloop
endfacet
facet normal 0 1 0
  outer loop
    vertex 1.458333333333334 20 -5.525907427704613
    vertex 2.308455699675548 20 -7.700664089892818
    vertex 0 20 -8.051814855409225
  endloop
endfacet
facet normal 0 1 -0
  outer loop
    vertex -3.585789114953394 20 -12.17776115113689
    vertex -4.193140135638703 20 -9.664198729466428
    vertex -1.792894557476697 20 -10.11478800327306
  endloop
endfacet
facet normal -0 1 0
  outer loop
    vertex -4.193140135638703 20 -9.664198729466428
    vertex -2.400245578162006 20 -7.601225581602591
    vertex -1.792894557476697 20 -10.11478800327306
  endloop
endfacet
facet normal 0 1 -0
  outer loop
    vertex -4.193140135638703 20 -9.664198729466428
    vertex -4.800491156324012 20 -7.15063630779596
    vertex -2.400245578162006 20 -7.601225581602591
  endloop
endfacet
facet normal 0 1 -0
  outer loop
    vertex -1.792894557476697 20 -10.11478800327306
    vertex -2.400245578162006 20 -7.601225581602591
    vertex 0 20 -8.051814855409225
  endloop
endfacet
facet normal 0 1 0
  outer loop
    vertex 3.377543595382988 20 -25.68280040020298
    vertex 3.997227497367042 20 -28.47565736899746
    vertex 1.688771797691494 20 -28.12450660348106
  endloop
endfacet
facet normal 0 1 0
  outer loop
    vertex 3.997227497367042 20 -28.47565736899746
    vertex 2.308455699675548 20 -30.91736357227553
    vertex 1.688771797691494 20 -28.12450660348106
  endloop
endfacet
facet normal 0 1 0
  outer loop
    vertex 3.997227497367042 20 -28.47565736899746
    vertex 4.616911399351098 20 -31.26851433779193
    vertex 2.308455699675548 20 -30.91736357227553
  endloop
endfacet
facet normal 0 1 0
  outer loop
    vertex 1.688771797691494 20 -28.12450660348106
    vertex 2.308455699675548 20 -30.91736357227553
    vertex -1.77635683940025e-15 20 -30.56621280675913
  endloop
endfacet
facet normal -0 1 0
  outer loop
    vertex 0 20 -8.051814855409225
    vertex 2.308455699675548 20 -7.700664089892818
    vertex 1.691811663354791 20 -10.47770350486822
  endloop
endfacet
facet normal 0 1 0
  outer loop
    vertex 2.308455699675548 20 -7.700664089892818
    vertex 4.000267363030339 20 -10.12655273935181
    vertex 1.691811663354791 20 -10.47770350486822
  endloop
endfacet
facet normal -0 1 0
  outer loop
    vertex 2.308455699675548 20 -7.700664089892818
    vertex 4.616911399351094 20 -7.349513324376414
    vertex 4.000267363030339 20 -10.12655273935181
  endloop
endfacet
facet normal -0 1 0
  outer loop
    vertex 1.691811663354791 20 -10.47770350486822
    vertex 4.000267363030339 20 -10.12655273935181
    vertex 3.383623326709582 20 -12.90359215432721
  endloop
endfacet
facet normal 0 1 0
  outer loop
    vertex -1.77635683940025e-15 20 -30.56621280675913
    vertex -2.308455699675548 20 -30.91736357227554
    vertex -1.819979974050987 20 -28.49075474528573
  endloop
endfacet
facet normal 0 1 -0
  outer loop
    vertex -2.308455699675548 20 -30.91736357227554
    vertex -4.128435673726534 20 -28.84190551080214
    vertex -1.819979974050987 20 -28.49075474528573
  endloop
endfacet
facet normal 0 1 0
  outer loop
    vertex -2.308455699675548 20 -30.91736357227554
    vertex -4.616911399351094 20 -31.26851433779195
    vertex -4.128435673726534 20 -28.84190551080214
  endloop
endfacet
facet normal 0 1 0
  outer loop
    vertex -1.819979974050987 20 -28.49075474528573
    vertex -4.128435673726534 20 -28.84190551080214
    vertex -3.639959948101973 20 -26.41529668381233
  endloop
endfacet
facet normal 0 1 0
  outer loop
    vertex 5.874999999999972 23 0
    vertex 7.343749999999979 23 -0.75
    vertex 5.874999999999972 23 -1.5
  endloop
endfacet
facet normal 0 1 0
  outer loop
    vertex 7.343749999999979 23 -0.75
    vertex 7.343749999999979 23 -2.25
    vertex 5.874999999999972 23 -1.5
  endloop
endfacet
facet normal 0 1 0
  outer loop
    vertex 7.343749999999979 23 -0.75
    vertex 8.812499999999986 23 -1.5
    vertex 7.343749999999979 23 -2.25
  endloop
endfacet
facet normal 0 1 0
  outer loop
    vertex 5.874999999999972 23 -1.5
    vertex 7.343749999999979 23 -2.25
    vertex 5.874999999999972 23 -3
  endloop
endfacet
facet normal 0 1 0
  outer loop
    vertex -5.875000000000016 23 0
    vertex -4.406250000000021 23 -0.75
    vertex -5.875000000000016 23 -1.5
  endloop
endfacet
facet normal 0 1 0
  outer loop
    vertex -4.406250000000021 23 -0.75
    vertex -4.406250000000021 23 -2.25
    vertex -5.875000000000016 23 -1.5
  endloop
endfacet
facet normal 0 1 0
  outer loop
    vertex -4.406250000000021 23 -0.75
    vertex -2.937500000000027 23 -1.5
    vertex -4.406250000000021 23 -2.25
  endloop
endfacet
facet normal 0 1 0
  outer loop
    vertex -5.875000000000016 23 -1.5
    vertex -4.406250000000021 23 -2.25
    vertex -5.875000000000016 23 -3
  endloop
endfacet
facet normal 0 1 -0
  outer loop
    vertex 5.874999999999972 23 -3
    vertex 4.406249999999968 23 -2.25
    vertex 5.874999999999972 23 -1.5
  endloop
endfacet
facet normal 0 1 0
  outer loop
    vertex 4.406249999999968 23 -2.25
    vertex 4.406249999999968 23 -0.75
    vertex 5.874999999999972 23 -1.5
  endloop
endfacet
facet normal 0 1 -0
  outer loop
    vertex 4.406249999999968 23 -2.25
    vertex 2.937499999999966 23 -1.5
    vertex 4.406249999999968 23 -0.75
  endloop
endfacet
facet normal 0 1 -0
  outer loop
    vertex 5.874999999999972 23 -1.5
    vertex 4.406249999999968 23 -0.75
    vertex 5.874999999999972 23 0
  endloop
endfacet
facet normal 0 1 0
  outer loop
    vertex -3.730349362740526e-14 23 0
    vertex 1.468749999999964 23 -0.75
    vertex -3.730349362740526e-14 23 -1.5
  endloop
endfacet
facet normal 0 1 0
  outer loop
    vertex 1.468749999999964 23 -0.75
    vertex 1.468749999999964 23 -2.25
    vertex -3.730349362740526e-14 23 -1.5
  endloop
endfacet
facet normal 0 1 0
  outer loop
    vertex 1.468749999999964 23 -0.75
    vertex 2.937499999999966 23 -1.5
    vertex 1.468749999999964 23 -2.25
  endloop
endfacet
facet normal 0 1 0
  outer loop
    vertex -3.730349362740526e-14 23 -1.5
    vertex 1.468749999999964 23 -2.25
    vertex -3.730349362740526e-14 23 -3
  endloop
endfacet
facet normal 0 1 0
  outer loop
    vertex -11.75 23 0
    vertex -10.28125 23 -0.75
    vertex -11.75 23 -1.5
  endloop
endfacet
facet normal 0 1 0
  outer loop
    vertex -10.28125 23 -0.75
    vertex -10.28125 23 -2.25
    vertex -11.75 23 -1.5
  endloop
endfacet
facet normal 0 1 0
  outer loop
    vertex -10.28125 23 -0.75
    vertex -8.812500000000007 23 -1.5
    vertex -10.28125 23 -2.25
  endloop
endfacet
facet normal 0 1 0
  outer loop
    vertex -11.75 23 -1.5
    vertex -10.28125 23 -2.25
    vertex -11.75 23 -3
  endloop
endfacet
facet normal 0 1 -0
  outer loop
    vertex -5.875000000000016 23 -3
    vertex -7.343750000000012 23 -2.25
    vertex -5.875000000000016 23 -1.5
  endloop
endfacet
facet normal 0 1 0
  outer loop
    vertex -7.343750000000012 23 -2.25
    vertex -7.343750000000012 23 -0.75
    vertex -5.875000000000016 23 -1.5
  endloop
endfacet
facet normal 0 1 -0
  outer loop
    vertex -7.343750000000012 23 -2.25
    vertex -8.812500000000007 23 -1.5
    vertex -7.343750000000012 23 -0.75
  endloop
endfacet
facet normal 0 1 -0
  outer loop
    vertex -5.875000000000016 23 -1.5
    vertex -7.343750000000012 23 -0.75
    vertex -5.875000000000016 23 0
  endloop
endfacet
facet normal 0 1 -0
  outer loop
    vertex 11.75 23 -3
    vertex 10.28124999999999 23 -2.25
    vertex 11.75 23 -1.5
  endloop
endfacet
facet normal 0 1 0
  outer loop
    vertex 10.28124999999999 23 -2.25
    vertex 10.28124999999999 23 -0.75
    vertex 11.75 23 -1.5
  endloop
endfacet
facet normal 0 1 -0
  outer loop
    vertex 10.28124999999999 23 -2.25
    vertex 8.812499999999986 23 -1.5
    vertex 10.28124999999999 23 -0.75
  endloop
endfacet
facet normal 0 1 -0
  outer loop
    vertex 11.75 23 -1.5
    vertex 10.28124999999999 23 -0.75
    vertex 11.75 23 0
  endloop
endfacet
facet normal 0 1 -0
  outer loop
    vertex -3.730349362740526e-14 23 -3
    vertex -1.468750000000032 23 -2.25
    vertex -3.730349362740526e-14 23 -1.5
  endloop
endfacet
facet normal 0 1 0
  outer loop
    vertex -1.468750000000032 23 -2.25
    vertex -1.468750000000032 23 -0.75
    vertex -3.730349362740526e-14 23 -1.5
  endloop
endfacet
facet normal 0 1 -0
  outer loop
    vertex -1.468750000000032 23 -2.25
    vertex -2.937500000000027 23 -1.5
    vertex -1.468750000000032 23 -0.75
  endloop
endfacet
facet normal 0 1 -0
  outer loop
    vertex -3.730349362740526e-14 23 -1.5
    vertex -1.468750000000032 23 -0.75
    vertex -3.730349362740526e-14 23 0
  endloop
endfacet
facet normal 0 1 0
  outer loop
    vertex 5.874999999999972 23 -3
    vertex 7.343749999999979 23 -2.25
    vertex 8.812499999999986 23 -3
  endloop
endfacet
facet normal -0 1 0
  outer loop
    vertex 7.343749999999979 23 -2.25
    vertex 10.28124999999999 23 -2.25
    vertex 8.812499999999986 23 -3
  endloop
endfacet
facet normal 0 1 0
  outer loop
    vertex 7.343749999999979 23 -2.25
    vertex 8.812499999999986 23 -1.5
    vertex 10.28124999999999 23 -2.25
  endloop
endfacet
facet normal 0 1 0
  outer loop
    vertex 8.812499999999986 23 -3
    vertex 10.28124999999999 23 -2.25
    vertex 11.75 23 -3
  endloop
endfacet
facet normal 0 1 0
  outer loop
    vertex -11.75 23 -3
    vertex -10.28125 23 -2.25
    vertex -8.812500000000007 23 -3
  endloop
endfacet
facet normal -0 1 0
  outer loop
    vertex -10.28125 23 -2.25
    vertex -7.343750000000012 23 -2.25
    vertex -8.812500000000007 23 -3
  endloop
endfacet
facet normal 0 1 0
  outer loop
    vertex -10.28125 23 -2.25
    vertex -8.812500000000007 23 -1.5
    vertex -7.343750000000012 23 -2.25
  endloop
endfacet
facet normal 0 1 0
  outer loop
    vertex -8.812500000000007 23 -3
    vertex -7.343750000000012 23 -2.25
    vertex -5.875000000000016 23 -3
  endloop
endfacet
facet normal 0 1 0
  outer loop
    vertex 11.75 23 0
    vertex 10.28124999999999 23 -0.75
    vertex 8.812499999999986 23 0
  endloop
endfacet
facet normal 0 1 0
  outer loop
    vertex 10.28124999999999 23 -0.75
    vertex 7.343749999999979 23 -0.75
    vertex 8.812499999999986 23 0
  endloop
endfacet
facet normal 0 1 0
  outer loop
    vertex 10.28124999999999 23 -0.75
    vertex 8.812499999999986 23 -1.5
    vertex 7.343749999999979 23 -0.75
  endloop
endfacet
facet normal 0 1 0
  outer loop
    vertex 8.812499999999986 23 0
    vertex 7.343749999999979 23 -0.75
    vertex 5.874999999999972 23 0
  endloop
endfacet
facet normal 0 1 0
  outer loop
    vertex -5.875000000000016 23 0
    vertex -7.343750000000012 23 -0.75
    vertex -8.812500000000007 23 0
  endloop
endfacet
facet normal 0 1 0
  outer loop
    vertex -7.343750000000012 23 -0.75
    vertex -10.28125 23 -0.75
    vertex -8.812500000000007 23 0
  endloop
endfacet
facet normal 0 1 0
  outer loop
    vertex -7.343750000000012 23 -0.75
    vertex -8.812500000000007 23 -1.5
    vertex -10.28125 23 -0.75
  endloop
endfacet
facet normal 0 1 0
  outer loop
    vertex -8.812500000000007 23 0
    vertex -10.28125 23 -0.75
    vertex -11.75 23 0
  endloop
endfacet
facet normal 0 1 0
  outer loop
    vertex -5.875000000000016 23 -3
    vertex -4.406250000000021 23 -2.25
    vertex -2.937500000000027 23 -3
  endloop
endfacet
facet normal -0 1 0
  outer loop
    vertex -4.406250000000021 23 -2.25
    vertex -1.468750000000032 23 -2.25
    vertex -2.937500000000027 23 -3
  endloop
endfacet
facet normal 0 1 0
  outer loop
    vertex -4.406250000000021 23 -2.25
    vertex -2.937500000000027 23 -1.5
    vertex -1.468750000000032 23 -2.25
  endloop
endfacet
facet normal 0 1 0
  outer loop
    vertex -2.937500000000027 23 -3
    vertex -1.468750000000032 23 -2.25
    vertex -3.730349362740526e-14 23 -3
  endloop
endfacet
facet normal 0 1 0
  outer loop
    vertex -3.730349362740526e-14 23 -3
    vertex 1.468749999999964 23 -2.25
    vertex 2.937499999999966 23 -3
  endloop
endfacet
facet normal -0 1 0
  outer loop
    vertex 1.468749999999964 23 -2.25
    vertex 4.406249999999968 23 -2.25
    vertex 2.937499999999966 23 -3
  endloop
endfacet
facet normal 0 1 0
  outer loop
    vertex 1.468749999999964 23 -2.25
    vertex 2.937499999999966 23 -1.5
    vertex 4.406249999999968 23 -2.25
  endloop
endfacet
facet normal 0 1 0
  outer loop
    vertex 2.937499999999966 23 -3
    vertex 4.406249999999968 23 -2.25
    vertex 5.874999999999972 23 -3
  endloop
endfacet
facet normal 0 1 0
  outer loop
    vertex -3.730349362740526e-14 23 0
    vertex -1.468750000000032 23 -0.75
    vertex -2.937500000000027 23 0
  endloop
endfacet
facet normal 0 1 0
  outer loop
    vertex -1.468750000000032 23 -0.75
    vertex -4.406250000000021 23 -0.75
    vertex -2.937500000000027 23 0
  endloop
endfacet
facet normal 0 1 0
  outer loop
    vertex -1.468750000000032 23 -0.75
    vertex -2.937500000000027 23 -1.5
    vertex -4.406250000000021 23 -0.75
  endloop
endfacet
facet normal 0 1 0
  outer loop
    vertex -2.937500000000027 23 0
    vertex -4.406250000000021 23 -0.75
    vertex -5.875000000000016 23 0
  endloop
endfacet
facet normal 0 1 0
  outer loop
    vertex 5.874999999999972 23 0
    vertex 4.406249999999968 23 -0.75
    vertex 2.937499999999966 23 0
  endloop
endfacet
facet normal 0 1 0
  outer loop
    vertex 4.406249999999968 23 -0.75
    vertex 1.468749999999964 23 -0.75
    vertex 2.937499999999966 23 0
  endloop
endfacet
facet normal 0 1 0
  outer loop
    vertex 4.406249999999968 23 -0.75
    vertex 2.937499999999966 23 -1.5
    vertex 1.468749999999964 23 -0.75
  endloop
endfacet
facet normal 0 1 0
  outer loop
    vertex 2.937499999999966 23 0
    vertex 1.468749999999964 23 -0.75
    vertex -3.730349362740526e-14 23 0
  endloop
endfacet
facet normal 0 1 0
  outer loop
    vertex -3.339756515021648 20 -59.99999999999999
    vertex -3.150347504318482 20 -57.02905733379126
    vertex 0 20 -59.99999999999999
  endloop
endfacet
facet normal -0 1 0
  outer loop
    vertex -3.150347504318482 20 -57.02905733379126
    vertex 0.1894090107031658 20 -57.02905733379126
    vertex 0 20 -59.99999999999999
  endloop
endfacet
facet normal 0 1 0
  outer loop
    vertex -3.150347504318482 20 -57.02905733379126
    vertex -2.960938493615318 20 -54.05811466758252
    vertex 0.1894090107031658 20 -57.02905733379126
  endloop
endfacet
facet normal 0 1 0
  outer loop
    vertex 0 20 -59.99999999999999
    vertex 0.1894090107031658 20 -57.02905733379126
    vertex 3.339756515021649 20 -59.99999999999999
  endloop
endfacet
facet normal -0 1 0
  outer loop
    vertex -2.960938493615318 20 -54.05811466758252
    vertex 0.3892075302076901 20 -53.65964403849019
    vertex 0.1894090107031658 20 -57.02905733379126
  endloop
endfacet
facet normal 0 1 0
  outer loop
    vertex 0.3892075302076901 20 -53.65964403849019
    vertex 3.539555034526174 20 -56.63058670469893
    vertex 0.1894090107031658 20 -57.02905733379126
  endloop
endfacet
facet normal -0 1 0
  outer loop
    vertex 0.3892075302076901 20 -53.65964403849019
    vertex 3.739353554030699 20 -53.26117340939786
    vertex 3.539555034526174 20 -56.63058670469893
  endloop
endfacet
facet normal -0 1 0
  outer loop
    vertex 0.1894090107031658 20 -57.02905733379126
    vertex 3.539555034526174 20 -56.63058670469893
    vertex 3.339756515021649 20 -59.99999999999999
  endloop
endfacet
facet normal 0 1 0
  outer loop
    vertex 3.339756515021649 20 -59.99999999999999
    vertex 3.164541334016739 20 -62.99862139823984
    vertex 0 20 -59.99999999999999
  endloop
endfacet
facet normal 0 1 0
  outer loop
    vertex 3.164541334016739 20 -62.99862139823984
    vertex -0.1752151810049085 20 -62.99862139823985
    vertex 0 20 -59.99999999999999
  endloop
endfacet
facet normal 0 1 0
  outer loop
    vertex 3.164541334016739 20 -62.99862139823984
    vertex 2.989326153011829 20 -65.9972427964797
    vertex -0.1752151810049085 20 -62.99862139823985
  endloop
endfacet
facet normal 0 1 0
  outer loop
    vertex 0 20 -59.99999999999999
    vertex -0.1752151810049085 20 -62.99862139823985
    vertex -3.339756515021648 20 -59.99999999999999
  endloop
endfacet
facet normal 0 1 0
  outer loop
    vertex -3.339756515021648 20 -59.99999999999999
    vertex -0.1752151810049085 20 -62.99862139823985
    vertex -3.464082597204658 20 -63.39485710633855
  endloop
endfacet
facet normal 0 1 0
  outer loop
    vertex -0.1752151810049085 20 -62.99862139823985
    vertex -0.2995412631879208 20 -66.3934785045784
    vertex -3.464082597204658 20 -63.39485710633855
  endloop
endfacet
facet normal 0 1 0
  outer loop
    vertex -0.1752151810049085 20 -62.99862139823985
    vertex 2.989326153011829 20 -65.9972427964797
    vertex -0.2995412631879208 20 -66.3934785045784
  endloop
endfacet
facet normal 0 1 0
  outer loop
    vertex -3.464082597204658 20 -63.39485710633855
    vertex -0.2995412631879208 20 -66.3934785045784
    vertex -3.588408679387671 20 -66.78971421267711
  endloop
endfacet
facet normal 0 1 0
  outer loop
    vertex 0 20 -49.30627700693371
    vertex 1.86967677701535 20 -51.28372520816579
    vertex -1.480469246807658 20 -51.68219583725812
  endloop
endfacet
facet normal 0 1 0
  outer loop
    vertex 1.86967677701535 20 -51.28372520816579
    vertex 0.3892075302076901 20 -53.65964403849019
    vertex -1.480469246807658 20 -51.68219583725812
  endloop
endfacet
facet normal 0 1 0
  outer loop
    vertex 1.86967677701535 20 -51.28372520816579
    vertex 3.739353554030699 20 -53.26117340939786
    vertex 0.3892075302076901 20 -53.65964403849019
  endloop
endfacet
facet normal 0 1 0
  outer loop
    vertex -1.480469246807658 20 -51.68219583725812
    vertex 0.3892075302076901 20 -53.65964403849019
    vertex -2.960938493615318 20 -54.05811466758252
  endloop
endfacet
facet normal -0 1 0
  outer loop
    vertex -3.588408679387671 20 -66.78971421267711
    vertex -0.2995412631879208 20 -66.3934785045784
    vertex -1.794204339693835 20 -68.7417186028717
  endloop
endfacet
facet normal 0 1 0
  outer loop
    vertex -0.2995412631879208 20 -66.3934785045784
    vertex 1.494663076505915 20 -68.34548289477299
    vertex -1.794204339693835 20 -68.7417186028717
  endloop
endfacet
facet normal -0 1 0
  outer loop
    vertex -0.2995412631879208 20 -66.3934785045784
    vertex 2.989326153011829 20 -65.9972427964797
    vertex 1.494663076505915 20 -68.34548289477299
  endloop
endfacet
facet normal -0 1 0
  outer loop
    vertex -1.794204339693835 20 -68.7417186028717
    vertex 1.494663076505915 20 -68.34548289477299
    vertex 0 20 -70.69372299306629
  endloop
endfacet
facet normal 0 1 0
  outer loop
    vertex -8.75 20 -56.87639446756632
    vertex -6.044878257510824 20 -58.43819723378316
    vertex -8.75 20 -59.99999999999999
  endloop
endfacet
facet normal 0 1 0
  outer loop
    vertex -6.044878257510824 20 -58.43819723378316
    vertex -6.044878257510824 20 -61.56180276621683
    vertex -8.75 20 -59.99999999999999
  endloop
endfacet
facet normal 0 1 0
  outer loop
    vertex -6.044878257510824 20 -58.43819723378316
    vertex -3.339756515021648 20 -59.99999999999999
    vertex -6.044878257510824 20 -61.56180276621683
  endloop
endfacet
facet normal 0 1 0
  outer loop
    vertex -8.75 20 -59.99999999999999
    vertex -6.044878257510824 20 -61.56180276621683
    vertex -8.75 20 -63.12360553243366
  endloop
endfacet
facet normal 0 1 -0
  outer loop
    vertex 8.75 20 -63.12360553243366
    vertex 6.044878257510824 20 -61.56180276621683
    vertex 8.75 20 -59.99999999999999
  endloop
endfacet
facet normal 0 1 0
  outer loop
    vertex 6.044878257510824 20 -61.56180276621683
    vertex 6.044878257510824 20 -58.43819723378316
    vertex 8.75 20 -59.99999999999999
  endloop
endfacet
facet normal 0 1 -0
  outer loop
    vertex 6.044878257510824 20 -61.56180276621683
    vertex 3.339756515021649 20 -59.99999999999999
    vertex 6.044878257510824 20 -58.43819723378316
  endloop
endfacet
facet normal 0 1 -0
  outer loop
    vertex 8.75 20 -59.99999999999999
    vertex 6.044878257510824 20 -58.43819723378316
    vertex 8.75 20 -56.87639446756632
  endloop
endfacet
facet normal 0 1 0
  outer loop
    vertex 2.916666666666666 20 -44.38197233783164
    vertex 1.458333333333333 20 -46.84412467238268
    vertex 0 20 -44.38197233783164
  endloop
endfacet
facet normal 0 1 0
  outer loop
    vertex 1.458333333333333 20 -46.84412467238268
    vertex -1.458333333333334 20 -46.84412467238268
    vertex 0 20 -44.38197233783164
  endloop
endfacet
facet normal 0 1 0
  outer loop
    vertex 1.458333333333333 20 -46.84412467238268
    vertex 0 20 -49.30627700693371
    vertex -1.458333333333334 20 -46.84412467238268
  endloop
endfacet
facet normal 0 1 0
  outer loop
    vertex 0 20 -44.38197233783164
    vertex -1.458333333333334 20 -46.84412467238268
    vertex -2.916666666666668 20 -44.38197233783164
  endloop
endfacet
facet normal 0 1 0
  outer loop
    vertex -2.916666666666668 20 -75.61802766216836
    vertex -1.458333333333334 20 -73.15587532761732
    vertex 0 20 -75.61802766216836
  endloop
endfacet
facet normal -0 1 0
  outer loop
    vertex -1.458333333333334 20 -73.15587532761732
    vertex 1.458333333333333 20 -73.15587532761732
    vertex 0 20 -75.61802766216836
  endloop
endfacet
facet normal 0 1 0
  outer loop
    vertex -1.458333333333334 20 -73.15587532761732
    vertex 0 20 -70.69372299306629
    vertex 1.458333333333333 20 -73.15587532761732
  endloop
endfacet
facet normal 0 1 0
  outer loop
    vertex 0 20 -75.61802766216836
    vertex 1.458333333333333 20 -73.15587532761732
    vertex 2.916666666666666 20 -75.61802766216836
  endloop
endfacet
facet normal 0 1 0
  outer loop
    vertex -8.75 20 -63.12360553243366
    vertex -6.169204339693835 20 -64.95665987255539
    vertex -8.75 20 -66.24721106486734
  endloop
endfacet
facet normal 0 1 0
  outer loop
    vertex -6.169204339693835 20 -64.95665987255539
    vertex -6.169204339693835 20 -68.08026540498906
    vertex -8.75 20 -66.24721106486734
  endloop
endfacet
facet normal 0 1 0
  outer loop
    vertex -6.169204339693835 20 -64.95665987255539
    vertex -3.588408679387671 20 -66.78971421267711
    vertex -6.169204339693835 20 -68.08026540498906
  endloop
endfacet
facet normal 0 1 0
  outer loop
    vertex -8.75 20 -66.24721106486734
    vertex -6.169204339693835 20 -68.08026540498906
    vertex -8.75 20 -69.37081659730102
  endloop
endfacet
facet normal 0 1 0
  outer loop
    vertex -8.75 20 -50.62918340269898
    vertex -5.855469246807658 20 -52.34364903514076
    vertex -8.75 20 -53.75278893513266
  endloop
endfacet
facet normal 0 1 0
  outer loop
    vertex -5.855469246807658 20 -52.34364903514076
    vertex -5.855469246807658 20 -55.46725456757442
    vertex -8.75 20 -53.75278893513266
  endloop
endfacet
facet normal 0 1 0
  outer loop
    vertex -5.855469246807658 20 -52.34364903514076
    vertex -2.960938493615318 20 -54.05811466758252
    vertex -5.855469246807658 20 -55.46725456757442
  endloop
endfacet
facet normal 0 1 0
  outer loop
    vertex -8.75 20 -53.75278893513266
    vertex -5.855469246807658 20 -55.46725456757442
    vertex -8.75 20 -56.87639446756632
  endloop
endfacet
facet normal 0 1 -0
  outer loop
    vertex 8.75 20 -69.37081659730102
    vertex 5.869663076505915 20 -67.68402969689035
    vertex 8.75 20 -66.24721106486734
  endloop
endfacet
facet normal 0 1 0
  outer loop
    vertex 5.869663076505915 20 -67.68402969689035
    vertex 5.869663076505915 20 -64.56042416445668
    vertex 8.75 20 -66.24721106486734
  endloop
endfacet
facet normal 0 1 -0
  outer loop
    vertex 5.869663076505915 20 -67.68402969689035
    vertex 2.989326153011829 20 -65.9972427964797
    vertex 5.869663076505915 20 -64.56042416445668
  endloop
endfacet
facet normal 0 1 -0
  outer loop
    vertex 8.75 20 -66.24721106486734
    vertex 5.869663076505915 20 -64.56042416445668
    vertex 8.75 20 -63.12360553243366
  endloop
endfacet
facet normal 0 1 -0
  outer loop
    vertex 8.75 20 -56.87639446756632
    vertex 6.24467677701535 20 -55.06878393848209
    vertex 8.75 20 -53.75278893513266
  endloop
endfacet
facet normal 0 1 0
  outer loop
    vertex 6.24467677701535 20 -55.06878393848209
    vertex 6.24467677701535 20 -51.94517840604843
    vertex 8.75 20 -53.75278893513266
  endloop
endfacet
facet normal 0 1 -0
  outer loop
    vertex 6.24467677701535 20 -55.06878393848209
    vertex 3.739353554030699 20 -53.26117340939786
    vertex 6.24467677701535 20 -51.94517840604843
  endloop
endfacet
facet normal 0 1 -0
  outer loop
    vertex 8.75 20 -53.75278893513266
    vertex 6.24467677701535 20 -51.94517840604843
    vertex 8.75 20 -50.62918340269898
  endloop
endfacet
facet normal -0 1 0
  outer loop
    vertex -8.75 20 -56.87639446756632
    vertex -5.855469246807658 20 -55.46725456757442
    vertex -6.044878257510824 20 -58.43819723378316
  endloop
endfacet
facet normal 0 1 0
  outer loop
    vertex -5.855469246807658 20 -55.46725456757442
    vertex -3.150347504318482 20 -57.02905733379126
    vertex -6.044878257510824 20 -58.43819723378316
  endloop
endfacet
facet normal -0 1 0
  outer loop
    vertex -5.855469246807658 20 -55.46725456757442
    vertex -2.960938493615318 20 -54.05811466758252
    vertex -3.150347504318482 20 -57.02905733379126
  endloop
endfacet
facet normal -0 1 0
  outer loop
    vertex -6.044878257510824 20 -58.43819723378316
    vertex -3.150347504318482 20 -57.02905733379126
    vertex -3.339756515021648 20 -59.99999999999999
  endloop
endfacet
facet normal 0 1 0
  outer loop
    vertex 8.75 20 -63.12360553243366
    vertex 5.869663076505915 20 -64.56042416445668
    vertex 6.044878257510824 20 -61.56180276621683
  endloop
endfacet
facet normal 0 1 -0
  outer loop
    vertex 5.869663076505915 20 -64.56042416445668
    vertex 3.164541334016739 20 -62.99862139823984
    vertex 6.044878257510824 20 -61.56180276621683
  endloop
endfacet
facet normal 0 1 0
  outer loop
    vertex 5.869663076505915 20 -64.56042416445668
    vertex 2.989326153011829 20 -65.9972427964797
    vertex 3.164541334016739 20 -62.99862139823984
  endloop
endfacet
facet normal 0 1 0
  outer loop
    vertex 6.044878257510824 20 -61.56180276621683
    vertex 3.164541334016739 20 -62.99862139823984
    vertex 3.339756515021649 20 -59.99999999999999
  endloop
endfacet
facet normal 0 1 0
  outer loop
    vertex 3.339756515021649 20 -59.99999999999999
    vertex 3.539555034526174 20 -56.63058670469893
    vertex 6.044878257510824 20 -58.43819723378316
  endloop
endfacet
facet normal -0 1 0
  outer loop
    vertex 3.539555034526174 20 -56.63058670469893
    vertex 6.24467677701535 20 -55.06878393848209
    vertex 6.044878257510824 20 -58.43819723378316
  endloop
endfacet
facet normal 0 1 0
  outer loop
    vertex 3.539555034526174 20 -56.63058670469893
    vertex 3.739353554030699 20 -53.26117340939786
    vertex 6.24467677701535 20 -55.06878393848209
  endloop
endfacet
facet normal 0 1 0
  outer loop
    vertex 6.044878257510824 20 -58.43819723378316
    vertex 6.24467677701535 20 -55.06878393848209
    vertex 8.75 20 -56.87639446756632
  endloop
endfacet
facet normal 0 1 0
  outer loop
    vertex -3.339756515021648 20 -59.99999999999999
    vertex -3.464082597204658 20 -63.39485710633855
    vertex -6.044878257510824 20 -61.56180276621683
  endloop
endfacet
facet normal 0 1 0
  outer loop
    vertex -3.464082597204658 20 -63.39485710633855
    vertex -6.169204339693835 20 -64.95665987255539
    vertex -6.044878257510824 20 -61.56180276621683
  endloop
endfacet
facet normal 0 1 0
  outer loop
    vertex -3.464082597204658 20 -63.39485710633855
    vertex -3.588408679387671 20 -66.78971421267711
    vertex -6.169204339693835 20 -64.95665987255539
  endloop
endfacet
facet normal 0 1 0
  outer loop
    vertex -6.044878257510824 20 -61.56180276621683
    vertex -6.169204339693835 20 -64.95665987255539
    vertex -8.75 20 -63.12360553243366
  endloop
endfacet
facet normal 0 1 0
  outer loop
    vertex -8.75 20 -44.38197233783164
    vertex -6.65365165138893 20 -46.53952162471864
    vertex -8.75 20 -47.50557787026531
  endloop
endfacet
facet normal 0 1 0
  outer loop
    vertex -6.65365165138893 20 -46.53952162471864
    vertex -6.65365165138893 20 -49.66312715715231
    vertex -8.75 20 -47.50557787026531
  endloop
endfacet
facet normal 0 1 0
  outer loop
    vertex -6.65365165138893 20 -46.53952162471864
    vertex -4.557303302777859 20 -48.69707091160563
    vertex -6.65365165138893 20 -49.66312715715231
  endloop
endfacet
facet normal 0 1 0
  outer loop
    vertex -8.75 20 -47.50557787026531
    vertex -6.65365165138893 20 -49.66312715715231
    vertex -8.75 20 -50.62918340269898
  endloop
endfacet
facet normal 0 1 -0
  outer loop
    vertex 8.75 20 -50.62918340269898
    vertex 6.790602022069736 20 -49.51064955081888
    vertex 8.75 20 -47.50557787026531
  endloop
endfacet
facet normal 0 1 0
  outer loop
    vertex 6.790602022069736 20 -49.51064955081888
    vertex 6.790602022069736 20 -46.3870440183852
    vertex 8.75 20 -47.50557787026531
  endloop
endfacet
facet normal 0 1 -0
  outer loop
    vertex 6.790602022069736 20 -49.51064955081888
    vertex 4.831204044139472 20 -48.39211569893877
    vertex 6.790602022069736 20 -46.3870440183852
  endloop
endfacet
facet normal 0 1 -0
  outer loop
    vertex 8.75 20 -47.50557787026531
    vertex 6.790602022069736 20 -46.3870440183852
    vertex 8.75 20 -44.38197233783164
  endloop
endfacet
facet normal 0 1 0
  outer loop
    vertex -8.75 20 -69.37081659730102
    vertex -6.775507534605435 20 -70.49443921138862
    vertex -8.75 20 -72.49442212973469
  endloop
endfacet
facet normal 0 1 0
  outer loop
    vertex -6.775507534605435 20 -70.49443921138862
    vertex -6.775507534605435 20 -73.6180447438223
    vertex -8.75 20 -72.49442212973469
  endloop
endfacet
facet normal 0 1 0
  outer loop
    vertex -6.775507534605435 20 -70.49443921138862
    vertex -4.80101506921087 20 -71.61806182547622
    vertex -6.775507534605435 20 -73.6180447438223
  endloop
endfacet
facet normal 0 1 0
  outer loop
    vertex -8.75 20 -72.49442212973469
    vertex -6.775507534605435 20 -73.6180447438223
    vertex -8.75 20 -75.61802766216836
  endloop
endfacet
facet normal 0 1 -0
  outer loop
    vertex 8.75 20 -75.61802766216836
    vertex 6.65365165138893 20 -73.46047837528137
    vertex 8.75 20 -72.49442212973469
  endloop
endfacet
facet normal 0 1 0
  outer loop
    vertex 6.65365165138893 20 -73.46047837528137
    vertex 6.65365165138893 20 -70.3368728428477
    vertex 8.75 20 -72.49442212973469
  endloop
endfacet
facet normal 0 1 -0
  outer loop
    vertex 6.65365165138893 20 -73.46047837528137
    vertex 4.557303302777861 20 -71.30292908839438
    vertex 6.65365165138893 20 -70.3368728428477
  endloop
endfacet
facet normal 0 1 -0
  outer loop
    vertex 8.75 20 -72.49442212973469
    vertex 6.65365165138893 20 -70.3368728428477
    vertex 8.75 20 -69.37081659730102
  endloop
endfacet
facet normal 0 1 0
  outer loop
    vertex -2.916666666666668 20 -44.38197233783164
    vertex -3.736984984722262 20 -46.53952162471864
    vertex -5.833333333333334 20 -44.38197233783164
  endloop
endfacet
facet normal 0 1 0
  outer loop
    vertex -3.736984984722262 20 -46.53952162471864
    vertex -6.65365165138893 20 -46.53952162471864
    vertex -5.833333333333334 20 -44.38197233783164
  endloop
endfacet
facet normal 0 1 0
  outer loop
    vertex -3.736984984722262 20 -46.53952162471864
    vertex -4.557303302777859 20 -48.69707091160563
    vertex -6.65365165138893 20 -46.53952162471864
  endloop
endfacet
facet normal 0 1 0
  outer loop
    vertex -5.833333333333334 20 -44.38197233783164
    vertex -6.65365165138893 20 -46.53952162471864
    vertex -8.75 20 -44.38197233783164
  endloop
endfacet
facet normal 0 1 0
  outer loop
    vertex 8.75 20 -44.38197233783164
    vertex 6.790602022069736 20 -46.3870440183852
    vertex 5.833333333333333 20 -44.38197233783164
  endloop
endfacet
facet normal 0 1 0
  outer loop
    vertex 6.790602022069736 20 -46.3870440183852
    vertex 3.873935355403069 20 -46.3870440183852
    vertex 5.833333333333333 20 -44.38197233783164
  endloop
endfacet
facet normal 0 1 0
  outer loop
    vertex 6.790602022069736 20 -46.3870440183852
    vertex 4.831204044139472 20 -48.39211569893877
    vertex 3.873935355403069 20 -46.3870440183852
  endloop
endfacet
facet normal 0 1 0
  outer loop
    vertex 5.833333333333333 20 -44.38197233783164
    vertex 3.873935355403069 20 -46.3870440183852
    vertex 2.916666666666666 20 -44.38197233783164
  endloop
endfacet
facet normal 0 1 0
  outer loop
    vertex 2.916666666666666 20 -75.61802766216836
    vertex 3.736984984722263 20 -73.46047837528137
    vertex 5.833333333333333 20 -75.61802766216836
  endloop
endfacet
facet normal -0 1 0
  outer loop
    vertex 3.736984984722263 20 -73.46047837528137
    vertex 6.65365165138893 20 -73.46047837528137
    vertex 5.833333333333333 20 -75.61802766216836
  endloop
endfacet
facet normal 0 1 0
  outer loop
    vertex 3.736984984722263 20 -73.46047837528137
    vertex 4.557303302777861 20 -71.30292908839438
    vertex 6.65365165138893 20 -73.46047837528137
  endloop
endfacet
facet normal 0 1 0
  outer loop
    vertex 5.833333333333333 20 -75.61802766216836
    vertex 6.65365165138893 20 -73.46047837528137
    vertex 8.75 20 -75.61802766216836
  endloop
endfacet
facet normal 0 1 0
  outer loop
    vertex -8.75 20 -75.61802766216836
    vertex -6.775507534605435 20 -73.6180447438223
    vertex -5.833333333333334 20 -75.61802766216836
  endloop
endfacet
facet normal -0 1 0
  outer loop
    vertex -6.775507534605435 20 -73.6180447438223
    vertex -3.858840867938769 20 -73.6180447438223
    vertex -5.833333333333334 20 -75.61802766216836
  endloop
endfacet
facet normal 0 1 0
  outer loop
    vertex -6.775507534605435 20 -73.6180447438223
    vertex -4.80101506921087 20 -71.61806182547622
    vertex -3.858840867938769 20 -73.6180447438223
  endloop
endfacet
facet normal 0 1 0
  outer loop
    vertex -5.833333333333334 20 -75.61802766216836
    vertex -3.858840867938769 20 -73.6180447438223
    vertex -2.916666666666668 20 -75.61802766216836
  endloop
endfacet
facet normal 0 1 -0
  outer loop
    vertex -2.916666666666668 20 -75.61802766216836
    vertex -3.858840867938769 20 -73.6180447438223
    vertex -1.458333333333334 20 -73.15587532761732
  endloop
endfacet
facet normal 0 1 0
  outer loop
    vertex -3.858840867938769 20 -73.6180447438223
    vertex -2.400507534605435 20 -71.15589240927126
    vertex -1.458333333333334 20 -73.15587532761732
  endloop
endfacet
facet normal 0 1 -0
  outer loop
    vertex -3.858840867938769 20 -73.6180447438223
    vertex -4.80101506921087 20 -71.61806182547622
    vertex -2.400507534605435 20 -71.15589240927126
  endloop
endfacet
facet normal 0 1 -0
  outer loop
    vertex -1.458333333333334 20 -73.15587532761732
    vertex -2.400507534605435 20 -71.15589240927126
    vertex 0 20 -70.69372299306629
  endloop
endfacet
facet normal 0 1 0
  outer loop
    vertex 0 20 -49.30627700693371
    vertex -2.27865165138893 20 -49.00167395926967
    vertex -1.458333333333334 20 -46.84412467238268
  endloop
endfacet
facet normal 0 1 -0
  outer loop
    vertex -2.27865165138893 20 -49.00167395926967
    vertex -3.736984984722262 20 -46.53952162471864
    vertex -1.458333333333334 20 -46.84412467238268
  endloop
endfacet
facet normal 0 1 0
  outer loop
    vertex -2.27865165138893 20 -49.00167395926967
    vertex -4.557303302777859 20 -48.69707091160563
    vertex -3.736984984722262 20 -46.53952162471864
  endloop
endfacet
facet normal 0 1 0
  outer loop
    vertex -1.458333333333334 20 -46.84412467238268
    vertex -3.736984984722262 20 -46.53952162471864
    vertex -2.916666666666668 20 -44.38197233783164
  endloop
endfacet
facet normal 0 1 0
  outer loop
    vertex 2.916666666666666 20 -44.38197233783164
    vertex 3.873935355403069 20 -46.3870440183852
    vertex 1.458333333333333 20 -46.84412467238268
  endloop
endfacet
facet normal 0 1 0
  outer loop
    vertex 3.873935355403069 20 -46.3870440183852
    vertex 2.415602022069736 20 -48.84919635293624
    vertex 1.458333333333333 20 -46.84412467238268
  endloop
endfacet
facet normal 0 1 0
  outer loop
    vertex 3.873935355403069 20 -46.3870440183852
    vertex 4.831204044139472 20 -48.39211569893877
    vertex 2.415602022069736 20 -48.84919635293624
  endloop
endfacet
facet normal 0 1 0
  outer loop
    vertex 1.458333333333333 20 -46.84412467238268
    vertex 2.415602022069736 20 -48.84919635293624
    vertex 0 20 -49.30627700693371
  endloop
endfacet
facet normal 0 1 0
  outer loop
    vertex 0 20 -70.69372299306629
    vertex 2.27865165138893 20 -70.99832604073033
    vertex 1.458333333333333 20 -73.15587532761732
  endloop
endfacet
facet normal 0 1 0
  outer loop
    vertex 2.27865165138893 20 -70.99832604073033
    vertex 3.736984984722263 20 -73.46047837528137
    vertex 1.458333333333333 20 -73.15587532761732
  endloop
endfacet
facet normal 0 1 0
  outer loop
    vertex 2.27865165138893 20 -70.99832604073033
    vertex 4.557303302777861 20 -71.30292908839438
    vertex 3.736984984722263 20 -73.46047837528137
  endloop
endfacet
facet normal 0 1 0
  outer loop
    vertex 1.458333333333333 20 -73.15587532761732
    vertex 3.736984984722263 20 -73.46047837528137
    vertex 2.916666666666666 20 -75.61802766216836
  endloop
endfacet
facet normal 0 1 0
  outer loop
    vertex 8.75 20 -69.37081659730102
    vertex 6.65365165138893 20 -70.3368728428477
    vertex 5.869663076505915 20 -67.68402969689035
  endloop
endfacet
facet normal 0 1 0
  outer loop
    vertex 6.65365165138893 20 -70.3368728428477
    vertex 3.773314727894845 20 -68.65008594243703
    vertex 5.869663076505915 20 -67.68402969689035
  endloop
endfacet
facet normal 0 1 0
  outer loop
    vertex 6.65365165138893 20 -70.3368728428477
    vertex 4.557303302777861 20 -71.30292908839438
    vertex 3.773314727894845 20 -68.65008594243703
  endloop
endfacet
facet normal 0 1 0
  outer loop
    vertex 5.869663076505915 20 -67.68402969689035
    vertex 3.773314727894845 20 -68.65008594243703
    vertex 2.989326153011829 20 -65.9972427964797
  endloop
endfacet
facet normal 0 1 0
  outer loop
    vertex 3.739353554030699 20 -53.26117340939786
    vertex 4.285278799085086 20 -50.82664455416831
    vertex 6.24467677701535 20 -51.94517840604843
  endloop
endfacet
facet normal -0 1 0
  outer loop
    vertex 4.285278799085086 20 -50.82664455416831
    vertex 6.790602022069736 20 -49.51064955081888
    vertex 6.24467677701535 20 -51.94517840604843
  endloop
endfacet
facet normal 0 1 0
  outer loop
    vertex 4.285278799085086 20 -50.82664455416831
    vertex 4.831204044139472 20 -48.39211569893877
    vertex 6.790602022069736 20 -49.51064955081888
  endloop
endfacet
facet normal 0 1 0
  outer loop
    vertex 6.24467677701535 20 -51.94517840604843
    vertex 6.790602022069736 20 -49.51064955081888
    vertex 8.75 20 -50.62918340269898
  endloop
endfacet
facet normal -0 1 0
  outer loop
    vertex -8.75 20 -50.62918340269898
    vertex -6.65365165138893 20 -49.66312715715231
    vertex -5.855469246807658 20 -52.34364903514076
  endloop
endfacet
facet normal 0 1 0
  outer loop
    vertex -6.65365165138893 20 -49.66312715715231
    vertex -3.759120898196588 20 -51.37759278959408
    vertex -5.855469246807658 20 -52.34364903514076
  endloop
endfacet
facet normal -0 1 0
  outer loop
    vertex -6.65365165138893 20 -49.66312715715231
    vertex -4.557303302777859 20 -48.69707091160563
    vertex -3.759120898196588 20 -51.37759278959408
  endloop
endfacet
facet normal -0 1 0
  outer loop
    vertex -5.855469246807658 20 -52.34364903514076
    vertex -3.759120898196588 20 -51.37759278959408
    vertex -2.960938493615318 20 -54.05811466758252
  endloop
endfacet
facet normal 0 1 0
  outer loop
    vertex -3.588408679387671 20 -66.78971421267711
    vertex -4.194711874299269 20 -69.20388801907667
    vertex -6.169204339693835 20 -68.08026540498906
  endloop
endfacet
facet normal 0 1 0
  outer loop
    vertex -4.194711874299269 20 -69.20388801907667
    vertex -6.775507534605435 20 -70.49443921138862
    vertex -6.169204339693835 20 -68.08026540498906
  endloop
endfacet
facet normal 0 1 0
  outer loop
    vertex -4.194711874299269 20 -69.20388801907667
    vertex -4.80101506921087 20 -71.61806182547622
    vertex -6.775507534605435 20 -70.49443921138862
  endloop
endfacet
facet normal 0 1 0
  outer loop
    vertex -6.169204339693835 20 -68.08026540498906
    vertex -6.775507534605435 20 -70.49443921138862
    vertex -8.75 20 -69.37081659730102
  endloop
endfacet
facet normal 0 1 0
  outer loop
    vertex 0 20 -70.69372299306629
    vertex -2.400507534605435 20 -71.15589240927126
    vertex -1.794204339693835 20 -68.7417186028717
  endloop
endfacet
facet normal 0 1 -0
  outer loop
    vertex -2.400507534605435 20 -71.15589240927126
    vertex -4.194711874299269 20 -69.20388801907667
    vertex -1.794204339693835 20 -68.7417186028717
  endloop
endfacet
facet normal 0 1 0
  outer loop
    vertex -2.400507534605435 20 -71.15589240927126
    vertex -4.80101506921087 20 -71.61806182547622
    vertex -4.194711874299269 20 -69.20388801907667
  endloop
endfacet
facet normal 0 1 0
  outer loop
    vertex -1.794204339693835 20 -68.7417186028717
    vertex -4.194711874299269 20 -69.20388801907667
    vertex -3.588408679387671 20 -66.78971421267711
  endloop
endfacet
facet normal 0 1 0
  outer loop
    vertex 2.989326153011829 20 -65.9972427964797
    vertex 3.773314727894845 20 -68.65008594243703
    vertex 1.494663076505915 20 -68.34548289477299
  endloop
endfacet
facet normal 0 1 0
  outer loop
    vertex 3.773314727894845 20 -68.65008594243703
    vertex 2.27865165138893 20 -70.99832604073033
    vertex 1.494663076505915 20 -68.34548289477299
  endloop
endfacet
facet normal 0 1 0
  outer loop
    vertex 3.773314727894845 20 -68.65008594243703
    vertex 4.557303302777861 20 -71.30292908839438
    vertex 2.27865165138893 20 -70.99832604073033
  endloop
endfacet
facet normal 0 1 0
  outer loop
    vertex 1.494663076505915 20 -68.34548289477299
    vertex 2.27865165138893 20 -70.99832604073033
    vertex 0 20 -70.69372299306629
  endloop
endfacet
facet normal 0 1 -0
  outer loop
    vertex -2.960938493615318 20 -54.05811466758252
    vertex -3.759120898196588 20 -51.37759278959408
    vertex -1.480469246807658 20 -51.68219583725812
  endloop
endfacet
facet normal -0 1 0
  outer loop
    vertex -3.759120898196588 20 -51.37759278959408
    vertex -2.27865165138893 20 -49.00167395926967
    vertex -1.480469246807658 20 -51.68219583725812
  endloop
endfacet
facet normal 0 1 -0
  outer loop
    vertex -3.759120898196588 20 -51.37759278959408
    vertex -4.557303302777859 20 -48.69707091160563
    vertex -2.27865165138893 20 -49.00167395926967
  endloop
endfacet
facet normal 0 1 -0
  outer loop
    vertex -1.480469246807658 20 -51.68219583725812
    vertex -2.27865165138893 20 -49.00167395926967
    vertex 0 20 -49.30627700693371
  endloop
endfacet
facet normal -0 1 0
  outer loop
    vertex 0 20 -49.30627700693371
    vertex 2.415602022069736 20 -48.84919635293624
    vertex 1.86967677701535 20 -51.28372520816579
  endloop
endfacet
facet normal 0 1 0
  outer loop
    vertex 2.415602022069736 20 -48.84919635293624
    vertex 4.285278799085086 20 -50.82664455416831
    vertex 1.86967677701535 20 -51.28372520816579
  endloop
endfacet
facet normal -0 1 0
  outer loop
    vertex 2.415602022069736 20 -48.84919635293624
    vertex 4.831204044139472 20 -48.39211569893877
    vertex 4.285278799085086 20 -50.82664455416831
  endloop
endfacet
facet normal -0 1 0
  outer loop
    vertex 1.86967677701535 20 -51.28372520816579
    vertex 4.285278799085086 20 -50.82664455416831
    vertex 3.739353554030699 20 -53.26117340939786
  endloop
endfacet
facet normal 0 0.334568 -0.942372
  outer loop
    vertex 2.916666666666666 20 -75.61802766216836
    vertex 1.458333333333323 16.70759203042218 -76.78692189745654
    vertex 0 20 -75.61802766216836
  endloop
endfacet
facet normal 0 0.334568 -0.942372
  outer loop
    vertex 1.458333333333323 16.70759203042218 -76.78692189745654
    vertex -1.458333333333343 16.70759203042218 -76.78692189745654
    vertex 0 20 -75.61802766216836
  endloop
endfacet
facet normal 0 0.334568 -0.942372
  outer loop
    vertex 1.458333333333323 16.70759203042218 -76.78692189745654
    vertex -1.957924908059658e-14 13.41518406084437 -77.95581613274472
    vertex -1.458333333333343 16.70759203042218 -76.78692189745654
  endloop
endfacet
facet normal 0 0.334568 -0.942372
  outer loop
    vertex 0 20 -75.61802766216836
    vertex -1.458333333333343 16.70759203042218 -76.78692189745654
    vertex -2.916666666666668 20 -75.61802766216836
  endloop
endfacet
facet normal -2.90011e-15 0.334568 -0.942372
  outer loop
    vertex 8.75 15.54325012858275 -77.20029489057899
    vertex 7.082494529141949 15.91302182896959 -77.06901589570694
    vertex 8.75 17.77162506429138 -76.40916127637368
  endloop
endfacet
facet normal -3.49139e-15 0.334568 -0.942372
  outer loop
    vertex 7.082494529141949 15.91302182896959 -77.06901589570694
    vertex 7.082494529141949 18.14139676467821 -76.27788228150163
    vertex 8.75 17.77162506429138 -76.40916127637368
  endloop
endfacet
facet normal 4.89921e-15 0.334568 -0.942372
  outer loop
    vertex 7.082494529141949 15.91302182896959 -77.06901589570694
    vertex 5.414989058283897 16.28279352935643 -76.93773690083491
    vertex 7.082494529141949 18.14139676467821 -76.27788228150163
  endloop
endfacet
facet normal -2.09765e-15 0.334568 -0.942372
  outer loop
    vertex 8.75 17.77162506429138 -76.40916127637368
    vertex 7.082494529141949 18.14139676467821 -76.27788228150163
    vertex 8.75 20 -75.61802766216836
  endloop
endfacet
facet normal 2.08357e-15 0.334568 -0.942372
  outer loop
    vertex -8.75 20 -75.61802766216836
    vertex -7.082494529141954 18.14139676467821 -76.27788228150163
    vertex -8.75 17.77162506429138 -76.40916127637368
  endloop
endfacet
facet normal 3.47731e-15 0.334568 -0.942372
  outer loop
    vertex -7.082494529141954 18.14139676467821 -76.27788228150163
    vertex -7.082494529141954 15.91302182896959 -77.06901589570694
    vertex -8.75 17.77162506429138 -76.40916127637368
  endloop
endfacet
facet normal -4.89921e-15 0.334568 -0.942372
  outer loop
    vertex -7.082494529141954 18.14139676467821 -76.27788228150163
    vertex -5.414989058283906 16.28279352935643 -76.93773690083491
    vertex -7.082494529141954 15.91302182896959 -77.06901589570694
  endloop
endfacet
facet normal 2.92826e-15 0.334568 -0.942372
  outer loop
    vertex -8.75 17.77162506429138 -76.40916127637368
    vertex -7.082494529141954 15.91302182896959 -77.06901589570694
    vertex -8.75 15.54325012858275 -77.20029489057899
  endloop
endfacet
facet normal -1.65603e-15 0.334568 -0.942372
  outer loop
    vertex 2.916666666666666 20 -75.61802766216836
    vertex 4.165827862475282 18.14139676467821 -76.27788228150163
    vertex 1.458333333333323 16.70759203042218 -76.78692189745654
  endloop
endfacet
facet normal -1.65603e-15 0.334568 -0.942372
  outer loop
    vertex 4.165827862475282 18.14139676467821 -76.27788228150163
    vertex 2.70749452914194 14.8489887951004 -77.44677651678981
    vertex 1.458333333333323 16.70759203042218 -76.78692189745654
  endloop
endfacet
facet normal -1.65603e-15 0.334568 -0.942372
  outer loop
    vertex 4.165827862475282 18.14139676467821 -76.27788228150163
    vertex 5.414989058283897 16.28279352935643 -76.93773690083491
    vertex 2.70749452914194 14.8489887951004 -77.44677651678981
  endloop
endfacet
facet normal -1.65603e-15 0.334568 -0.942372
  outer loop
    vertex 1.458333333333323 16.70759203042218 -76.78692189745654
    vertex 2.70749452914194 14.8489887951004 -77.44677651678981
    vertex -1.957924908059658e-14 13.41518406084437 -77.95581613274472
  endloop
endfacet
facet normal 1.65603e-15 0.334568 -0.942372
  outer loop
    vertex -1.957924908059658e-14 13.41518406084437 -77.95581613274472
    vertex -2.707494529141963 14.8489887951004 -77.44677651678981
    vertex -1.458333333333343 16.70759203042218 -76.78692189745654
  endloop
endfacet
facet normal 1.65603e-15 0.334568 -0.942372
  outer loop
    vertex -2.707494529141963 14.8489887951004 -77.44677651678981
    vertex -4.165827862475286 18.14139676467821 -76.27788228150163
    vertex -1.458333333333343 16.70759203042218 -76.78692189745654
  endloop
endfacet
facet normal 1.65603e-15 0.334568 -0.942372
  outer loop
    vertex -2.707494529141963 14.8489887951004 -77.44677651678981
    vertex -5.414989058283906 16.28279352935643 -76.93773690083491
    vertex -4.165827862475286 18.14139676467821 -76.27788228150163
  endloop
endfacet
facet normal 1.65603e-15 0.334568 -0.942372
  outer loop
    vertex -1.458333333333343 16.70759203042218 -76.78692189745654
    vertex -4.165827862475286 18.14139676467821 -76.27788228150163
    vertex -2.916666666666668 20 -75.61802766216836
  endloop
endfacet
facet normal -2.1209e-15 0.334568 -0.942372
  outer loop
    vertex -1.957924908059658e-14 13.41518406084437 -77.95581613274472
    vertex 2.70749452914194 14.8489887951004 -77.44677651678981
    vertex 3.367326839220689 13.1714553621512 -78.0423464392891
  endloop
endfacet
facet normal 6.85164e-16 0.334568 -0.942372
  outer loop
    vertex 2.70749452914194 14.8489887951004 -77.44677651678981
    vertex 6.036633841518369 14.36916349335572 -77.61712752867449
    vertex 3.367326839220689 13.1714553621512 -78.0423464392891
  endloop
endfacet
facet normal -4.30733e-17 0.334568 -0.942372
  outer loop
    vertex 2.70749452914194 14.8489887951004 -77.44677651678981
    vertex 5.414989058283897 16.28279352935643 -76.93773690083491
    vertex 6.036633841518369 14.36916349335572 -77.61712752867449
  endloop
endfacet
facet normal 2.56528e-15 0.334568 -0.942372
  outer loop
    vertex 3.367326839220689 13.1714553621512 -78.0423464392891
    vertex 6.036633841518369 14.36916349335572 -77.61712752867449
    vertex 6.658278624752839 12.45553345735502 -78.29651815651407
  endloop
endfacet
facet normal 1.53738e-15 0.334568 -0.942372
  outer loop
    vertex -6.65827862475284 12.45553345735502 -78.29651815651407
    vertex -6.036633841518373 14.36916349335572 -77.61712752867449
    vertex -3.367326839220422 13.17145536215124 -78.04234643928908
  endloop
endfacet
facet normal 4.56776e-16 0.334568 -0.942372
  outer loop
    vertex -6.036633841518373 14.36916349335572 -77.61712752867449
    vertex -2.707494529141963 14.8489887951004 -77.44677651678981
    vertex -3.367326839220422 13.17145536215124 -78.04234643928908
  endloop
endfacet
facet normal 4.30733e-17 0.334568 -0.942372
  outer loop
    vertex -6.036633841518373 14.36916349335572 -77.61712752867449
    vertex -5.414989058283906 16.28279352935643 -76.93773690083491
    vertex -2.707494529141963 14.8489887951004 -77.44677651678981
  endloop
endfacet
facet normal -1.14862e-15 0.334568 -0.942372
  outer loop
    vertex -3.367326839220422 13.17145536215124 -78.04234643928908
    vertex -2.707494529141963 14.8489887951004 -77.44677651678981
    vertex -1.957924908059658e-14 13.41518406084437 -77.95581613274472
  endloop
endfacet
facet normal 0 0.334568 -0.942372
  outer loop
    vertex 8.75 20 -75.61802766216836
    vertex 7.082494529141949 18.14139676467821 -76.27788228150163
    vertex 5.833333333333333 20 -75.61802766216836
  endloop
endfacet
facet normal 0 0.334568 -0.942372
  outer loop
    vertex 7.082494529141949 18.14139676467821 -76.27788228150163
    vertex 4.165827862475282 18.14139676467821 -76.27788228150163
    vertex 5.833333333333333 20 -75.61802766216836
  endloop
endfacet
facet normal 0 0.334568 -0.942372
  outer loop
    vertex 7.082494529141949 18.14139676467821 -76.27788228150163
    vertex 5.414989058283897 16.28279352935643 -76.93773690083491
    vertex 4.165827862475282 18.14139676467821 -76.27788228150163
  endloop
endfacet
facet normal 0 0.334568 -0.942372
  outer loop
    vertex 5.833333333333333 20 -75.61802766216836
    vertex 4.165827862475282 18.14139676467821 -76.27788228150163
    vertex 2.916666666666666 20 -75.61802766216836
  endloop
endfacet
facet normal 0 0.334568 -0.942372
  outer loop
    vertex -2.916666666666668 20 -75.61802766216836
    vertex -4.165827862475286 18.14139676467821 -76.27788228150163
    vertex -5.833333333333334 20 -75.61802766216836
  endloop
endfacet
facet normal 0 0.334568 -0.942372
  outer loop
    vertex -4.165827862475286 18.14139676467821 -76.27788228150163
    vertex -7.082494529141954 18.14139676467821 -76.27788228150163
    vertex -5.833333333333334 20 -75.61802766216836
  endloop
endfacet
facet normal 0 0.334568 -0.942372
  outer loop
    vertex -4.165827862475286 18.14139676467821 -76.27788228150163
    vertex -5.414989058283906 16.28279352935643 -76.93773690083491
    vertex -7.082494529141954 18.14139676467821 -76.27788228150163
  endloop
endfacet
facet normal 0 0.334568 -0.942372
  outer loop
    vertex -5.833333333333334 20 -75.61802766216836
    vertex -7.082494529141954 18.14139676467821 -76.27788228150163
    vertex -8.75 20 -75.61802766216836
  endloop
endfacet
facet normal -2.96794e-15 0.334568 -0.942372
  outer loop
    vertex 6.658278624752839 12.45553345735502 -78.29651815651407
    vertex 6.036633841518369 14.36916349335572 -77.61712752867449
    vertex 7.704139312376419 13.99939179296889 -77.74840652354654
  endloop
endfacet
facet normal -1.33381e-15 0.334568 -0.942372
  outer loop
    vertex 6.036633841518369 14.36916349335572 -77.61712752867449
    vertex 7.082494529141949 15.91302182896959 -77.06901589570694
    vertex 7.704139312376419 13.99939179296889 -77.74840652354654
  endloop
endfacet
facet normal 5.37056e-15 0.334568 -0.942372
  outer loop
    vertex 6.036633841518369 14.36916349335572 -77.61712752867449
    vertex 5.414989058283897 16.28279352935643 -76.93773690083491
    vertex 7.082494529141949 15.91302182896959 -77.06901589570694
  endloop
endfacet
facet normal -1.34264e-15 0.334568 -0.942372
  outer loop
    vertex 7.704139312376419 13.99939179296889 -77.74840652354654
    vertex 7.082494529141949 15.91302182896959 -77.06901589570694
    vertex 8.75 15.54325012858275 -77.20029489057899
  endloop
endfacet
facet normal 1.33381e-15 0.334568 -0.942372
  outer loop
    vertex -8.75 15.54325012858275 -77.20029489057899
    vertex -7.082494529141954 15.91302182896959 -77.06901589570694
    vertex -7.704139312376419 13.99939179296889 -77.74840652354654
  endloop
endfacet
facet normal 1.34264e-15 0.334568 -0.942372
  outer loop
    vertex -7.082494529141954 15.91302182896959 -77.06901589570694
    vertex -6.036633841518373 14.36916349335572 -77.61712752867449
    vertex -7.704139312376419 13.99939179296889 -77.74840652354654
  endloop
endfacet
facet normal -5.33523e-15 0.334568 -0.942372
  outer loop
    vertex -7.082494529141954 15.91302182896959 -77.06901589570694
    vertex -5.414989058283906 16.28279352935643 -76.93773690083491
    vertex -6.036633841518373 14.36916349335572 -77.61712752867449
  endloop
endfacet
facet normal 2.93261e-15 0.334568 -0.942372
  outer loop
    vertex -7.704139312376419 13.99939179296889 -77.74840652354654
    vertex -6.036633841518373 14.36916349335572 -77.61712752867449
    vertex -6.65827862475284 12.45553345735502 -78.29651815651407
  endloop
endfacet
facet normal -7.4521e-15 0.334568 -0.942372
  outer loop
    vertex -8.75 15.54325012858275 -77.20029489057899
    vertex -7.704139312376419 13.99939179296889 -77.74840652354654
    vertex -8.75 13.31487519287413 -77.9914285047843
  endloop
endfacet
facet normal -6.70877e-15 0.334568 -0.942372
  outer loop
    vertex -7.704139312376419 13.99939179296889 -77.74840652354654
    vertex -7.73706449787468 11.81570230277736 -78.52367559114982
    vertex -8.75 13.31487519287413 -77.9914285047843
  endloop
endfacet
facet normal 2.77843e-15 0.334568 -0.942372
  outer loop
    vertex -7.704139312376419 13.99939179296889 -77.74840652354654
    vertex -6.65827862475284 12.45553345735502 -78.29651815651407
    vertex -7.73706449787468 11.81570230277736 -78.52367559114982
  endloop
endfacet
facet normal 4.26432e-15 0.334568 -0.942372
  outer loop
    vertex -8.75 13.31487519287413 -77.9914285047843
    vertex -7.73706449787468 11.81570230277736 -78.52367559114982
    vertex -8.75 11.08650025716551 -78.78256211898962
  endloop
endfacet
facet normal 7.4521e-15 0.334568 -0.942372
  outer loop
    vertex 8.75 15.54325012858275 -77.20029489057899
    vertex 8.75 13.31487519287413 -77.9914285047843
    vertex 7.704139312376419 13.99939179296889 -77.74840652354654
  endloop
endfacet
facet normal 6.89384e-15 0.334568 -0.942372
  outer loop
    vertex 8.75 13.31487519287413 -77.9914285047843
    vertex 7.737064497874677 11.81570230277736 -78.52367559114982
    vertex 7.704139312376419 13.99939179296889 -77.74840652354654
  endloop
endfacet
facet normal -3.70811e-15 0.334568 -0.942372
  outer loop
    vertex 8.75 13.31487519287413 -77.9914285047843
    vertex 8.75 11.08650025716551 -78.78256211898962
    vertex 7.737064497874677 11.81570230277736 -78.52367559114982
  endloop
endfacet
facet normal -3.13694e-15 0.334568 -0.942372
  outer loop
    vertex 7.704139312376419 13.99939179296889 -77.74840652354654
    vertex 7.737064497874677 11.81570230277736 -78.52367559114982
    vertex 6.658278624752839 12.45553345735502 -78.29651815651407
  endloop
endfacet
facet normal -0.0544512 0.432827 0.899831
  outer loop
    vertex -1.957924908059658e-14 13.41518406084437 -77.95581613274472
    vertex 8.431287457305755e-16 13.76933735208543 -78.12616714462939
    vertex -3.367326839220422 13.17145536215124 -78.04234643928908
  endloop
endfacet
facet normal -0.0534111 0.427345 0.90251
  outer loop
    vertex 8.431287457305755e-16 13.76933735208543 -78.12616714462939
    vertex -3.432009448525534 13.70015690046513 -78.29651815651407
    vertex -3.367326839220422 13.17145536215124 -78.04234643928908
  endloop
endfacet
facet normal -0.0533917 0.432852 0.899883
  outer loop
    vertex 8.431287457305755e-16 13.76933735208543 -78.12616714462939
    vertex 1.968108378081571e-14 14.12349064332649 -78.29651815651407
    vertex -3.432009448525534 13.70015690046513 -78.29651815651407
  endloop
endfacet
facet normal -0.158907 0.411914 0.89726
  outer loop
    vertex -3.367326839220422 13.17145536215124 -78.04234643928908
    vertex -3.432009448525534 13.70015690046513 -78.29651815651407
    vertex -6.65827862475284 12.45553345735502 -78.29651815651407
  endloop
endfacet
facet normal 0.158907 0.411914 0.89726
  outer loop
    vertex 6.658278624752839 12.45553345735502 -78.29651815651407
    vertex 3.432009448525554 13.70015690046513 -78.29651815651407
    vertex 3.367326839220689 13.1714553621512 -78.0423464392891
  endloop
endfacet
facet normal 0.0534111 0.427345 0.90251
  outer loop
    vertex 3.432009448525554 13.70015690046513 -78.29651815651407
    vertex 8.431287457305755e-16 13.76933735208543 -78.12616714462939
    vertex 3.367326839220689 13.1714553621512 -78.0423464392891
  endloop
endfacet
facet normal 0.0533917 0.432852 0.899883
  outer loop
    vertex 3.432009448525554 13.70015690046513 -78.29651815651407
    vertex 1.968108378081571e-14 14.12349064332649 -78.29651815651407
    vertex 8.431287457305755e-16 13.76933735208543 -78.12616714462939
  endloop
endfacet
facet normal 0.0544512 0.432827 0.899831
  outer loop
    vertex 3.367326839220689 13.1714553621512 -78.0423464392891
    vertex 8.431287457305755e-16 13.76933735208543 -78.12616714462939
    vertex -1.957924908059658e-14 13.41518406084437 -77.95581613274472
  endloop
endfacet
facet normal 0 0.334568 0.942372
  outer loop
    vertex 4.232194880210872e-15 13.41518406084433 -82.04418386725528
    vertex 1.458333333333335 16.70759203042216 -83.21307810254345
    vertex -1.458333333333332 16.70759203042216 -83.21307810254345
  endloop
endfacet
facet normal 0 0.334568 0.942372
  outer loop
    vertex 1.458333333333335 16.70759203042216 -83.21307810254345
    vertex 0 20 -84.38197233783164
    vertex -1.458333333333332 16.70759203042216 -83.21307810254345
  endloop
endfacet
facet normal 0 0.334568 0.942372
  outer loop
    vertex 1.458333333333335 16.70759203042216 -83.21307810254345
    vertex 2.916666666666666 20 -84.38197233783164
    vertex 0 20 -84.38197233783164
  endloop
endfacet
facet normal 0 0.334568 0.942372
  outer loop
    vertex -1.458333333333332 16.70759203042216 -83.21307810254345
    vertex 0 20 -84.38197233783164
    vertex -2.916666666666668 20 -84.38197233783164
  endloop
endfacet
facet normal 2.33698e-15 0.334568 0.942372
  outer loop
    vertex -8.75 15.54325012858276 -82.79970510942101
    vertex -7.082494529141947 15.91302182896959 -82.93098410429306
    vertex -8.75 17.77162506429138 -83.59083872362633
  endloop
endfacet
facet normal -4.67396e-15 0.334568 0.942372
  outer loop
    vertex -7.082494529141947 15.91302182896959 -82.93098410429306
    vertex -7.082494529141947 18.14139676467821 -83.72211771849837
    vertex -8.75 17.77162506429138 -83.59083872362633
  endloop
endfacet
facet normal -4.30793e-15 0.334568 0.942372
  outer loop
    vertex -7.082494529141947 15.91302182896959 -82.93098410429306
    vertex -5.414989058283892 16.28279352935643 -83.06226309916509
    vertex -7.082494529141947 18.14139676467821 -83.72211771849837
  endloop
endfacet
facet normal -4.60357e-15 0.334568 0.942372
  outer loop
    vertex -8.75 17.77162506429138 -83.59083872362633
    vertex -7.082494529141947 18.14139676467821 -83.72211771849837
    vertex -8.75 20 -84.38197233783164
  endloop
endfacet
facet normal 4.61765e-15 0.334568 0.942372
  outer loop
    vertex 8.75 20 -84.38197233783164
    vertex 7.082494529141946 18.14139676467821 -83.72211771849837
    vertex 8.75 17.77162506429138 -83.59083872362633
  endloop
endfacet
facet normal 4.67396e-15 0.334568 0.942372
  outer loop
    vertex 7.082494529141946 18.14139676467821 -83.72211771849837
    vertex 7.082494529141946 15.91302182896959 -82.93098410429306
    vertex 8.75 17.77162506429138 -83.59083872362633
  endloop
endfacet
facet normal 4.33608e-15 0.334568 0.942372
  outer loop
    vertex 7.082494529141946 18.14139676467821 -83.72211771849837
    vertex 5.414989058283892 16.28279352935643 -83.06226309916509
    vertex 7.082494529141946 15.91302182896959 -82.93098410429306
  endloop
endfacet
facet normal -2.30882e-15 0.334568 0.942372
  outer loop
    vertex 8.75 17.77162506429138 -83.59083872362633
    vertex 7.082494529141946 15.91302182896959 -82.93098410429306
    vertex 8.75 15.54325012858276 -82.79970510942101
  endloop
endfacet
facet normal -6.13343e-17 0.334568 0.942372
  outer loop
    vertex -2.916666666666668 20 -84.38197233783164
    vertex -4.165827862475279 18.14139676467821 -83.72211771849837
    vertex -1.458333333333332 16.70759203042216 -83.21307810254345
  endloop
endfacet
facet normal -6.13343e-17 0.334568 0.942372
  outer loop
    vertex -4.165827862475279 18.14139676467821 -83.72211771849837
    vertex -2.707494529141943 14.84898879510038 -82.55322348321018
    vertex -1.458333333333332 16.70759203042216 -83.21307810254345
  endloop
endfacet
facet normal -6.13343e-17 0.334568 0.942372
  outer loop
    vertex -4.165827862475279 18.14139676467821 -83.72211771849837
    vertex -5.414989058283892 16.28279352935643 -83.06226309916509
    vertex -2.707494529141943 14.84898879510038 -82.55322348321018
  endloop
endfacet
facet normal 6.62411e-15 0.334568 0.942372
  outer loop
    vertex -1.458333333333332 16.70759203042216 -83.21307810254345
    vertex -2.707494529141943 14.84898879510038 -82.55322348321018
    vertex 4.232194880210872e-15 13.41518406084433 -82.04418386725528
  endloop
endfacet
facet normal -6.59344e-15 0.334568 0.942372
  outer loop
    vertex 4.232194880210872e-15 13.41518406084433 -82.04418386725528
    vertex 2.707494529141948 14.84898879510038 -82.55322348321018
    vertex 1.458333333333335 16.70759203042216 -83.21307810254345
  endloop
endfacet
facet normal 6.13343e-17 0.334568 0.942372
  outer loop
    vertex 2.707494529141948 14.84898879510038 -82.55322348321018
    vertex 4.165827862475279 18.14139676467821 -83.72211771849837
    vertex 1.458333333333335 16.70759203042216 -83.21307810254345
  endloop
endfacet
facet normal 6.13343e-17 0.334568 0.942372
  outer loop
    vertex 2.707494529141948 14.84898879510038 -82.55322348321018
    vertex 5.414989058283892 16.28279352935643 -83.06226309916509
    vertex 4.165827862475279 18.14139676467821 -83.72211771849837
  endloop
endfacet
facet normal 6.13343e-17 0.334568 0.942372
  outer loop
    vertex 1.458333333333335 16.70759203042216 -83.21307810254345
    vertex 4.165827862475279 18.14139676467821 -83.72211771849837
    vertex 2.916666666666666 20 -84.38197233783164
  endloop
endfacet
facet normal 5.24267e-17 0.334568 0.942372
  outer loop
    vertex 4.232194880210872e-15 13.41518406084433 -82.04418386725528
    vertex -2.707494529141943 14.84898879510038 -82.55322348321018
    vertex -3.367326839220653 13.17145536215117 -81.95765356071091
  endloop
endfacet
facet normal 1.11215e-15 0.334568 0.942372
  outer loop
    vertex -2.707494529141943 14.84898879510038 -82.55322348321018
    vertex -6.036633841518338 14.36916349335574 -82.38287247132551
    vertex -3.367326839220653 13.17145536215117 -81.95765356071091
  endloop
endfacet
facet normal -1.08975e-15 0.334568 0.942372
  outer loop
    vertex -2.707494529141943 14.84898879510038 -82.55322348321018
    vertex -5.414989058283892 16.28279352935643 -83.06226309916509
    vertex -6.036633841518338 14.36916349335574 -82.38287247132551
  endloop
endfacet
facet normal 7.18635e-15 0.334568 0.942372
  outer loop
    vertex -3.367326839220653 13.17145536215117 -81.95765356071091
    vertex -6.036633841518338 14.36916349335574 -82.38287247132551
    vertex -6.65827862475279 12.45553345735505 -81.70348184348593
  endloop
endfacet
facet normal -6.78413e-15 0.334568 0.942372
  outer loop
    vertex 6.658278624752792 12.45553345735505 -81.70348184348593
    vertex 6.03663384151834 14.36916349335574 -82.38287247132551
    vertex 3.367326839220386 13.17145536215121 -81.95765356071092
  endloop
endfacet
facet normal -1.03768e-15 0.334568 0.942372
  outer loop
    vertex 6.03663384151834 14.36916349335574 -82.38287247132551
    vertex 2.707494529141948 14.84898879510038 -82.55322348321018
    vertex 3.367326839220386 13.17145536215121 -81.95765356071092
  endloop
endfacet
facet normal 1.09406e-15 0.334568 0.942372
  outer loop
    vertex 6.03663384151834 14.36916349335574 -82.38287247132551
    vertex 5.414989058283892 16.28279352935643 -83.06226309916509
    vertex 2.707494529141948 14.84898879510038 -82.55322348321018
  endloop
endfacet
facet normal -2.76432e-16 0.334568 0.942372
  outer loop
    vertex 3.367326839220386 13.17145536215121 -81.95765356071092
    vertex 2.707494529141948 14.84898879510038 -82.55322348321018
    vertex 4.232194880210872e-15 13.41518406084433 -82.04418386725528
  endloop
endfacet
facet normal -0 0.334568 0.942372
  outer loop
    vertex -8.75 20 -84.38197233783164
    vertex -7.082494529141947 18.14139676467821 -83.72211771849837
    vertex -5.833333333333334 20 -84.38197233783164
  endloop
endfacet
facet normal -0 0.334568 0.942372
  outer loop
    vertex -7.082494529141947 18.14139676467821 -83.72211771849837
    vertex -4.165827862475279 18.14139676467821 -83.72211771849837
    vertex -5.833333333333334 20 -84.38197233783164
  endloop
endfacet
facet normal -0 0.334568 0.942372
  outer loop
    vertex -7.082494529141947 18.14139676467821 -83.72211771849837
    vertex -5.414989058283892 16.28279352935643 -83.06226309916509
    vertex -4.165827862475279 18.14139676467821 -83.72211771849837
  endloop
endfacet
facet normal -0 0.334568 0.942372
  outer loop
    vertex -5.833333333333334 20 -84.38197233783164
    vertex -4.165827862475279 18.14139676467821 -83.72211771849837
    vertex -2.916666666666668 20 -84.38197233783164
  endloop
endfacet
facet normal -0 0.334568 0.942372
  outer loop
    vertex 2.916666666666666 20 -84.38197233783164
    vertex 4.165827862475279 18.14139676467821 -83.72211771849837
    vertex 5.833333333333333 20 -84.38197233783164
  endloop
endfacet
facet normal -0 0.334568 0.942372
  outer loop
    vertex 4.165827862475279 18.14139676467821 -83.72211771849837
    vertex 7.082494529141946 18.14139676467821 -83.72211771849837
    vertex 5.833333333333333 20 -84.38197233783164
  endloop
endfacet
facet normal -0 0.334568 0.942372
  outer loop
    vertex 4.165827862475279 18.14139676467821 -83.72211771849837
    vertex 5.414989058283892 16.28279352935643 -83.06226309916509
    vertex 7.082494529141946 18.14139676467821 -83.72211771849837
  endloop
endfacet
facet normal -0 0.334568 0.942372
  outer loop
    vertex 5.833333333333333 20 -84.38197233783164
    vertex 7.082494529141946 18.14139676467821 -83.72211771849837
    vertex 8.75 20 -84.38197233783164
  endloop
endfacet
facet normal -4.87591e-15 0.334568 0.942372
  outer loop
    vertex -6.65827862475279 12.45553345735505 -81.70348184348593
    vertex -6.036633841518338 14.36916349335574 -82.38287247132551
    vertex -7.704139312376391 13.9993917929689 -82.25159347645348
  endloop
endfacet
facet normal -4.70808e-15 0.334568 0.942372
  outer loop
    vertex -6.036633841518338 14.36916349335574 -82.38287247132551
    vertex -7.082494529141947 15.91302182896959 -82.93098410429306
    vertex -7.704139312376391 13.9993917929689 -82.25159347645348
  endloop
endfacet
facet normal -5.01724e-15 0.334568 0.942372
  outer loop
    vertex -6.036633841518338 14.36916349335574 -82.38287247132551
    vertex -5.414989058283892 16.28279352935643 -83.06226309916509
    vertex -7.082494529141947 15.91302182896959 -82.93098410429306
  endloop
endfacet
facet normal 3.60393e-15 0.334568 0.942372
  outer loop
    vertex -7.704139312376391 13.9993917929689 -82.25159347645348
    vertex -7.082494529141947 15.91302182896959 -82.93098410429306
    vertex -8.75 15.54325012858276 -82.79970510942101
  endloop
endfacet
facet normal -3.63043e-15 0.334568 0.942372
  outer loop
    vertex 8.75 15.54325012858276 -82.79970510942101
    vertex 7.082494529141946 15.91302182896959 -82.93098410429306
    vertex 7.704139312376394 13.9993917929689 -82.25159347645348
  endloop
endfacet
facet normal 5.01724e-15 0.334568 0.942372
  outer loop
    vertex 7.082494529141946 15.91302182896959 -82.93098410429306
    vertex 6.03663384151834 14.36916349335574 -82.38287247132551
    vertex 7.704139312376394 13.9993917929689 -82.25159347645348
  endloop
endfacet
facet normal 5.01724e-15 0.334568 0.942372
  outer loop
    vertex 7.082494529141946 15.91302182896959 -82.93098410429306
    vertex 5.414989058283892 16.28279352935643 -83.06226309916509
    vertex 6.03663384151834 14.36916349335574 -82.38287247132551
  endloop
endfacet
facet normal 5.1674e-15 0.334568 0.942372
  outer loop
    vertex 7.704139312376394 13.9993917929689 -82.25159347645348
    vertex 6.03663384151834 14.36916349335574 -82.38287247132551
    vertex 6.658278624752792 12.45553345735505 -81.70348184348593
  endloop
endfacet
facet normal 2.86806e-15 0.334568 0.942372
  outer loop
    vertex 6.658278624752792 12.45553345735505 -81.70348184348593
    vertex 7.737064497874652 11.81570230277738 -81.47632440885018
    vertex 7.704139312376394 13.9993917929689 -82.25159347645348
  endloop
endfacet
facet normal 1.57309e-15 0.334568 0.942372
  outer loop
    vertex 7.737064497874652 11.81570230277738 -81.47632440885018
    vertex 8.75 13.31487519287414 -82.0085714952157
    vertex 7.704139312376394 13.9993917929689 -82.25159347645348
  endloop
endfacet
facet normal 1.55277e-15 0.334568 0.942372
  outer loop
    vertex 7.737064497874652 11.81570230277738 -81.47632440885018
    vertex 8.75 11.08650025716551 -81.21743788101038
    vertex 8.75 13.31487519287414 -82.0085714952157
  endloop
endfacet
facet normal -2.24461e-15 0.334568 0.942372
  outer loop
    vertex 7.704139312376394 13.9993917929689 -82.25159347645348
    vertex 8.75 13.31487519287414 -82.0085714952157
    vertex 8.75 15.54325012858276 -82.79970510942101
  endloop
endfacet
facet normal 1.7059e-15 0.334568 0.942372
  outer loop
    vertex -8.75 15.54325012858276 -82.79970510942101
    vertex -8.75 13.31487519287414 -82.0085714952157
    vertex -7.704139312376391 13.9993917929689 -82.25159347645348
  endloop
endfacet
facet normal -2.22083e-15 0.334568 0.942372
  outer loop
    vertex -8.75 13.31487519287414 -82.0085714952157
    vertex -7.73706449787465 11.81570230277738 -81.47632440885018
    vertex -7.704139312376391 13.9993917929689 -82.25159347645348
  endloop
endfacet
facet normal -2.13216e-15 0.334568 0.942372
  outer loop
    vertex -8.75 13.31487519287414 -82.0085714952157
    vertex -8.75 11.08650025716551 -81.21743788101038
    vertex -7.73706449787465 11.81570230277738 -81.47632440885018
  endloop
endfacet
facet normal -2.86806e-15 0.334568 0.942372
  outer loop
    vertex -7.704139312376391 13.9993917929689 -82.25159347645348
    vertex -7.73706449787465 11.81570230277738 -81.47632440885018
    vertex -6.65827862475279 12.45553345735505 -81.70348184348593
  endloop
endfacet
facet normal -0.0533917 0.432852 -0.899883
  outer loop
    vertex 1.968108378081571e-14 14.12349064332649 -81.70348184348593
    vertex 1.30727570354237e-14 13.76933735208541 -81.87383285537061
    vertex -3.432009448525507 13.70015690046514 -81.70348184348593
  endloop
endfacet
facet normal -0.0534111 0.427345 -0.90251
  outer loop
    vertex 1.30727570354237e-14 13.76933735208541 -81.87383285537061
    vertex -3.367326839220653 13.17145536215117 -81.95765356071091
    vertex -3.432009448525507 13.70015690046514 -81.70348184348593
  endloop
endfacet
facet normal -0.0544512 0.432827 -0.899831
  outer loop
    vertex 1.30727570354237e-14 13.76933735208541 -81.87383285537061
    vertex 4.232194880210872e-15 13.41518406084433 -82.04418386725528
    vertex -3.367326839220653 13.17145536215117 -81.95765356071091
  endloop
endfacet
facet normal -0.158907 0.411914 -0.89726
  outer loop
    vertex -3.432009448525507 13.70015690046514 -81.70348184348593
    vertex -3.367326839220653 13.17145536215117 -81.95765356071091
    vertex -6.65827862475279 12.45553345735505 -81.70348184348593
  endloop
endfacet
facet normal 0.158907 0.411914 -0.89726
  outer loop
    vertex 6.658278624752792 12.45553345735505 -81.70348184348593
    vertex 3.367326839220386 13.17145536215121 -81.95765356071092
    vertex 3.432009448525527 13.70015690046514 -81.70348184348593
  endloop
endfacet
facet normal 0.0534111 0.427345 -0.90251
  outer loop
    vertex 3.367326839220386 13.17145536215121 -81.95765356071092
    vertex 1.30727570354237e-14 13.76933735208541 -81.87383285537061
    vertex 3.432009448525527 13.70015690046514 -81.70348184348593
  endloop
endfacet
facet normal 0.0544512 0.432827 -0.899831
  outer loop
    vertex 3.367326839220386 13.17145536215121 -81.95765356071092
    vertex 4.232194880210872e-15 13.41518406084433 -82.04418386725528
    vertex 1.30727570354237e-14 13.76933735208541 -81.87383285537061
  endloop
endfacet
facet normal 0.0533917 0.432852 -0.899883
  outer loop
    vertex 3.432009448525527 13.70015690046514 -81.70348184348593
    vertex 1.30727570354237e-14 13.76933735208541 -81.87383285537061
    vertex 1.968108378081571e-14 14.12349064332649 -81.70348184348593
  endloop
endfacet
facet normal 0 1 0
  outer loop
    vertex -3.339756515021651 20 -100
    vertex -3.150347504318486 20 -97.02905733379126
    vertex 0 20 -100
  endloop
endfacet
facet normal -0 1 0
  outer loop
    vertex -3.150347504318486 20 -97.02905733379126
    vertex 0.1894090107031676 20 -97.02905733379126
    vertex 0 20 -100
  endloop
endfacet
facet normal 0 1 0
  outer loop
    vertex -3.150347504318486 20 -97.02905733379126
    vertex -2.960938493615318 20 -94.05811466758252
    vertex 0.1894090107031676 20 -97.02905733379126
  endloop
endfacet
facet normal 0 1 0
  outer loop
    vertex 0 20 -100
    vertex 0.1894090107031676 20 -97.02905733379126
    vertex 3.339756515021652 20 -100
  endloop
endfacet
facet normal -0 1 0
  outer loop
    vertex -2.960938493615318 20 -94.05811466758252
    vertex 0.3892075302076918 20 -93.6596440384902
    vertex 0.1894090107031676 20 -97.02905733379126
  endloop
endfacet
facet normal 0 1 0
  outer loop
    vertex 0.3892075302076918 20 -93.6596440384902
    vertex 3.539555034526176 20 -96.63058670469893
    vertex 0.1894090107031676 20 -97.02905733379126
  endloop
endfacet
facet normal -0 1 0
  outer loop
    vertex 0.3892075302076918 20 -93.6596440384902
    vertex 3.7393535540307 20 -93.26117340939787
    vertex 3.539555034526176 20 -96.63058670469893
  endloop
endfacet
facet normal -0 1 0
  outer loop
    vertex 0.1894090107031676 20 -97.02905733379126
    vertex 3.539555034526176 20 -96.63058670469893
    vertex 3.339756515021652 20 -100
  endloop
endfacet
facet normal 0 1 0
  outer loop
    vertex 2.960938493615319 20 -105.9418853324175
    vertex -0.3892075302076883 20 -106.3403559615098
    vertex -0.1894090107031658 20 -102.9709426662087
  endloop
endfacet
facet normal 0 1 -0
  outer loop
    vertex -0.3892075302076883 20 -106.3403559615098
    vertex -3.539555034526174 20 -103.3694132953011
    vertex -0.1894090107031658 20 -102.9709426662087
  endloop
endfacet
facet normal 0 1 0
  outer loop
    vertex -0.3892075302076883 20 -106.3403559615098
    vertex -3.739353554030696 20 -106.7388265906021
    vertex -3.539555034526174 20 -103.3694132953011
  endloop
endfacet
facet normal 0 1 0
  outer loop
    vertex -0.1894090107031658 20 -102.9709426662087
    vertex -3.539555034526174 20 -103.3694132953011
    vertex -3.339756515021651 20 -100
  endloop
endfacet
facet normal 0 1 0
  outer loop
    vertex 3.339756515021652 20 -100
    vertex 3.150347504318486 20 -102.9709426662087
    vertex 0 20 -100
  endloop
endfacet
facet normal 0 1 0
  outer loop
    vertex 3.150347504318486 20 -102.9709426662087
    vertex -0.1894090107031658 20 -102.9709426662087
    vertex 0 20 -100
  endloop
endfacet
facet normal 0 1 0
  outer loop
    vertex 3.150347504318486 20 -102.9709426662087
    vertex 2.960938493615319 20 -105.9418853324175
    vertex -0.1894090107031658 20 -102.9709426662087
  endloop
endfacet
facet normal 0 1 0
  outer loop
    vertex 0 20 -100
    vertex -0.1894090107031658 20 -102.9709426662087
    vertex -3.339756515021651 20 -100
  endloop
endfacet
facet normal 0 1 0
  outer loop
    vertex 0 20 -89.30627700693371
    vertex 1.86967677701535 20 -91.28372520816579
    vertex -1.480469246807658 20 -91.68219583725812
  endloop
endfacet
facet normal 0 1 0
  outer loop
    vertex 1.86967677701535 20 -91.28372520816579
    vertex 0.3892075302076918 20 -93.6596440384902
    vertex -1.480469246807658 20 -91.68219583725812
  endloop
endfacet
facet normal 0 1 0
  outer loop
    vertex 1.86967677701535 20 -91.28372520816579
    vertex 3.7393535540307 20 -93.26117340939787
    vertex 0.3892075302076918 20 -93.6596440384902
  endloop
endfacet
facet normal 0 1 0
  outer loop
    vertex -1.480469246807658 20 -91.68219583725812
    vertex 0.3892075302076918 20 -93.6596440384902
    vertex -2.960938493615318 20 -94.05811466758252
  endloop
endfacet
facet normal 0 1 -0
  outer loop
    vertex 0 20 -110.6937229930663
    vertex -1.869676777015348 20 -108.7162747918342
    vertex 1.48046924680766 20 -108.3178041627419
  endloop
endfacet
facet normal 0 1 0
  outer loop
    vertex -1.869676777015348 20 -108.7162747918342
    vertex -0.3892075302076883 20 -106.3403559615098
    vertex 1.48046924680766 20 -108.3178041627419
  endloop
endfacet
facet normal 0 1 -0
  outer loop
    vertex -1.869676777015348 20 -108.7162747918342
    vertex -3.739353554030696 20 -106.7388265906021
    vertex -0.3892075302076883 20 -106.3403559615098
  endloop
endfacet
facet normal 0 1 -0
  outer loop
    vertex 1.48046924680766 20 -108.3178041627419
    vertex -0.3892075302076883 20 -106.3403559615098
    vertex 2.960938493615319 20 -105.9418853324175
  endloop
endfacet
facet normal 0 1 0
  outer loop
    vertex -8.75 20 -96.87639446756631
    vertex -6.044878257510826 20 -98.43819723378316
    vertex -8.75 20 -99.99999999999999
  endloop
endfacet
facet normal 0 1 0
  outer loop
    vertex -6.044878257510826 20 -98.43819723378316
    vertex -6.044878257510826 20 -101.5618027662168
    vertex -8.75 20 -99.99999999999999
  endloop
endfacet
facet normal 0 1 0
  outer loop
    vertex -6.044878257510826 20 -98.43819723378316
    vertex -3.339756515021651 20 -100
    vertex -6.044878257510826 20 -101.5618027662168
  endloop
endfacet
facet normal 0 1 0
  outer loop
    vertex -8.75 20 -99.99999999999999
    vertex -6.044878257510826 20 -101.5618027662168
    vertex -8.75 20 -103.1236055324337
  endloop
endfacet
facet normal 0 1 -0
  outer loop
    vertex 8.75 20 -103.1236055324337
    vertex 6.044878257510826 20 -101.5618027662168
    vertex 8.75 20 -99.99999999999999
  endloop
endfacet
facet normal 0 1 0
  outer loop
    vertex 6.044878257510826 20 -101.5618027662168
    vertex 6.044878257510826 20 -98.43819723378316
    vertex 8.75 20 -99.99999999999999
  endloop
endfacet
facet normal 0 1 -0
  outer loop
    vertex 6.044878257510826 20 -101.5618027662168
    vertex 3.339756515021652 20 -100
    vertex 6.044878257510826 20 -98.43819723378316
  endloop
endfacet
facet normal 0 1 -0
  outer loop
    vertex 8.75 20 -99.99999999999999
    vertex 6.044878257510826 20 -98.43819723378316
    vertex 8.75 20 -96.87639446756631
  endloop
endfacet
facet normal 0 1 0
  outer loop
    vertex 2.916666666666666 20 -84.38197233783164
    vertex 1.458333333333333 20 -86.84412467238268
    vertex 0 20 -84.38197233783164
  endloop
endfacet
facet normal 0 1 0
  outer loop
    vertex 1.458333333333333 20 -86.84412467238268
    vertex -1.458333333333334 20 -86.84412467238268
    vertex 0 20 -84.38197233783164
  endloop
endfacet
facet normal 0 1 0
  outer loop
    vertex 1.458333333333333 20 -86.84412467238268
    vertex 0 20 -89.30627700693371
    vertex -1.458333333333334 20 -86.84412467238268
  endloop
endfacet
facet normal 0 1 0
  outer loop
    vertex 0 20 -84.38197233783164
    vertex -1.458333333333334 20 -86.84412467238268
    vertex -2.916666666666668 20 -84.38197233783164
  endloop
endfacet
facet normal 0 1 0
  outer loop
    vertex -2.916666666666668 20 -115.6180276621684
    vertex -1.458333333333334 20 -113.1558753276173
    vertex 0 20 -115.6180276621684
  endloop
endfacet
facet normal -0 1 0
  outer loop
    vertex -1.458333333333334 20 -113.1558753276173
    vertex 1.458333333333333 20 -113.1558753276173
    vertex 0 20 -115.6180276621684
  endloop
endfacet
facet normal 0 1 0
  outer loop
    vertex -1.458333333333334 20 -113.1558753276173
    vertex 0 20 -110.6937229930663
    vertex 1.458333333333333 20 -113.1558753276173
  endloop
endfacet
facet normal 0 1 0
  outer loop
    vertex 0 20 -115.6180276621684
    vertex 1.458333333333333 20 -113.1558753276173
    vertex 2.916666666666666 20 -115.6180276621684
  endloop
endfacet
facet normal 0 1 0
  outer loop
    vertex -8.75 20 -90.62918340269898
    vertex -5.855469246807658 20 -92.34364903514076
    vertex -8.75 20 -93.75278893513266
  endloop
endfacet
facet normal 0 1 0
  outer loop
    vertex -5.855469246807658 20 -92.34364903514076
    vertex -5.855469246807658 20 -95.46725456757443
    vertex -8.75 20 -93.75278893513266
  endloop
endfacet
facet normal 0 1 0
  outer loop
    vertex -5.855469246807658 20 -92.34364903514076
    vertex -2.960938493615318 20 -94.05811466758252
    vertex -5.855469246807658 20 -95.46725456757443
  endloop
endfacet
facet normal 0 1 0
  outer loop
    vertex -8.75 20 -93.75278893513266
    vertex -5.855469246807658 20 -95.46725456757443
    vertex -8.75 20 -96.87639446756631
  endloop
endfacet
facet normal 0 1 0
  outer loop
    vertex -8.75 20 -103.1236055324337
    vertex -6.244676777015348 20 -104.9312160615179
    vertex -8.75 20 -106.2472110648673
  endloop
endfacet
facet normal 0 1 0
  outer loop
    vertex -6.244676777015348 20 -104.9312160615179
    vertex -6.244676777015348 20 -108.0548215939516
    vertex -8.75 20 -106.2472110648673
  endloop
endfacet
facet normal 0 1 0
  outer loop
    vertex -6.244676777015348 20 -104.9312160615179
    vertex -3.739353554030696 20 -106.7388265906021
    vertex -6.244676777015348 20 -108.0548215939516
  endloop
endfacet
facet normal 0 1 0
  outer loop
    vertex -8.75 20 -106.2472110648673
    vertex -6.244676777015348 20 -108.0548215939516
    vertex -8.75 20 -109.370816597301
  endloop
endfacet
facet normal 0 1 -0
  outer loop
    vertex 8.75 20 -109.370816597301
    vertex 5.85546924680766 20 -107.6563509648592
    vertex 8.75 20 -106.2472110648673
  endloop
endfacet
facet normal 0 1 0
  outer loop
    vertex 5.85546924680766 20 -107.6563509648592
    vertex 5.85546924680766 20 -104.5327454324256
    vertex 8.75 20 -106.2472110648673
  endloop
endfacet
facet normal 0 1 -0
  outer loop
    vertex 5.85546924680766 20 -107.6563509648592
    vertex 2.960938493615319 20 -105.9418853324175
    vertex 5.85546924680766 20 -104.5327454324256
  endloop
endfacet
facet normal 0 1 -0
  outer loop
    vertex 8.75 20 -106.2472110648673
    vertex 5.85546924680766 20 -104.5327454324256
    vertex 8.75 20 -103.1236055324337
  endloop
endfacet
facet normal 0 1 -0
  outer loop
    vertex 8.75 20 -96.87639446756631
    vertex 6.24467677701535 20 -95.06878393848208
    vertex 8.75 20 -93.75278893513266
  endloop
endfacet
facet normal 0 1 0
  outer loop
    vertex 6.24467677701535 20 -95.06878393848208
    vertex 6.24467677701535 20 -91.94517840604843
    vertex 8.75 20 -93.75278893513266
  endloop
endfacet
facet normal 0 1 -0
  outer loop
    vertex 6.24467677701535 20 -95.06878393848208
    vertex 3.7393535540307 20 -93.26117340939787
    vertex 6.24467677701535 20 -91.94517840604843
  endloop
endfacet
facet normal 0 1 -0
  outer loop
    vertex 8.75 20 -93.75278893513266
    vertex 6.24467677701535 20 -91.94517840604843
    vertex 8.75 20 -90.62918340269898
  endloop
endfacet
facet normal 0 1 0
  outer loop
    vertex 3.339756515021652 20 -100
    vertex 3.539555034526176 20 -96.63058670469893
    vertex 6.044878257510826 20 -98.43819723378316
  endloop
endfacet
facet normal -0 1 0
  outer loop
    vertex 3.539555034526176 20 -96.63058670469893
    vertex 6.24467677701535 20 -95.06878393848208
    vertex 6.044878257510826 20 -98.43819723378316
  endloop
endfacet
facet normal 0 1 0
  outer loop
    vertex 3.539555034526176 20 -96.63058670469893
    vertex 3.7393535540307 20 -93.26117340939787
    vertex 6.24467677701535 20 -95.06878393848208
  endloop
endfacet
facet normal 0 1 0
  outer loop
    vertex 6.044878257510826 20 -98.43819723378316
    vertex 6.24467677701535 20 -95.06878393848208
    vertex 8.75 20 -96.87639446756631
  endloop
endfacet
facet normal -0 1 0
  outer loop
    vertex -8.75 20 -96.87639446756631
    vertex -5.855469246807658 20 -95.46725456757443
    vertex -6.044878257510826 20 -98.43819723378316
  endloop
endfacet
facet normal 0 1 0
  outer loop
    vertex -5.855469246807658 20 -95.46725456757443
    vertex -3.150347504318486 20 -97.02905733379126
    vertex -6.044878257510826 20 -98.43819723378316
  endloop
endfacet
facet normal -0 1 0
  outer loop
    vertex -5.855469246807658 20 -95.46725456757443
    vertex -2.960938493615318 20 -94.05811466758252
    vertex -3.150347504318486 20 -97.02905733379126
  endloop
endfacet
facet normal -0 1 0
  outer loop
    vertex -6.044878257510826 20 -98.43819723378316
    vertex -3.150347504318486 20 -97.02905733379126
    vertex -3.339756515021651 20 -100
  endloop
endfacet
facet normal 0 1 0
  outer loop
    vertex -3.339756515021651 20 -100
    vertex -3.539555034526174 20 -103.3694132953011
    vertex -6.044878257510826 20 -101.5618027662168
  endloop
endfacet
facet normal 0 1 0
  outer loop
    vertex -3.539555034526174 20 -103.3694132953011
    vertex -6.244676777015348 20 -104.9312160615179
    vertex -6.044878257510826 20 -101.5618027662168
  endloop
endfacet
facet normal 0 1 0
  outer loop
    vertex -3.539555034526174 20 -103.3694132953011
    vertex -3.739353554030696 20 -106.7388265906021
    vertex -6.244676777015348 20 -104.9312160615179
  endloop
endfacet
facet normal 0 1 0
  outer loop
    vertex -6.044878257510826 20 -101.5618027662168
    vertex -6.244676777015348 20 -104.9312160615179
    vertex -8.75 20 -103.1236055324337
  endloop
endfacet
facet normal 0 1 0
  outer loop
    vertex 8.75 20 -103.1236055324337
    vertex 5.85546924680766 20 -104.5327454324256
    vertex 6.044878257510826 20 -101.5618027662168
  endloop
endfacet
facet normal 0 1 -0
  outer loop
    vertex 5.85546924680766 20 -104.5327454324256
    vertex 3.150347504318486 20 -102.9709426662087
    vertex 6.044878257510826 20 -101.5618027662168
  endloop
endfacet
facet normal 0 1 0
  outer loop
    vertex 5.85546924680766 20 -104.5327454324256
    vertex 2.960938493615319 20 -105.9418853324175
    vertex 3.150347504318486 20 -102.9709426662087
  endloop
endfacet
facet normal 0 1 0
  outer loop
    vertex 6.044878257510826 20 -101.5618027662168
    vertex 3.150347504318486 20 -102.9709426662087
    vertex 3.339756515021652 20 -100
  endloop
endfacet
facet normal 0 1 0
  outer loop
    vertex -8.75 20 -84.38197233783164
    vertex -6.65365165138893 20 -86.53952162471865
    vertex -8.75 20 -87.50557787026531
  endloop
endfacet
facet normal 0 1 0
  outer loop
    vertex -6.65365165138893 20 -86.53952162471865
    vertex -6.65365165138893 20 -89.6631271571523
    vertex -8.75 20 -87.50557787026531
  endloop
endfacet
facet normal 0 1 0
  outer loop
    vertex -6.65365165138893 20 -86.53952162471865
    vertex -4.557303302777859 20 -88.69707091160564
    vertex -6.65365165138893 20 -89.6631271571523
  endloop
endfacet
facet normal 0 1 0
  outer loop
    vertex -8.75 20 -87.50557787026531
    vertex -6.65365165138893 20 -89.6631271571523
    vertex -8.75 20 -90.62918340269898
  endloop
endfacet
facet normal 0 1 -0
  outer loop
    vertex 8.75 20 -90.62918340269898
    vertex 6.790602022069736 20 -89.51064955081887
    vertex 8.75 20 -87.50557787026531
  endloop
endfacet
facet normal 0 1 0
  outer loop
    vertex 6.790602022069736 20 -89.51064955081887
    vertex 6.790602022069736 20 -86.38704401838521
    vertex 8.75 20 -87.50557787026531
  endloop
endfacet
facet normal 0 1 -0
  outer loop
    vertex 6.790602022069736 20 -89.51064955081887
    vertex 4.831204044139472 20 -88.39211569893877
    vertex 6.790602022069736 20 -86.38704401838521
  endloop
endfacet
facet normal 0 1 -0
  outer loop
    vertex 8.75 20 -87.50557787026531
    vertex 6.790602022069736 20 -86.38704401838521
    vertex 8.75 20 -84.38197233783164
  endloop
endfacet
facet normal 0 1 -0
  outer loop
    vertex 8.75 20 -115.6180276621684
    vertex 6.65365165138893 20 -113.4604783752814
    vertex 8.75 20 -112.4944221297347
  endloop
endfacet
facet normal 0 1 0
  outer loop
    vertex 6.65365165138893 20 -113.4604783752814
    vertex 6.65365165138893 20 -110.3368728428477
    vertex 8.75 20 -112.4944221297347
  endloop
endfacet
facet normal 0 1 -0
  outer loop
    vertex 6.65365165138893 20 -113.4604783752814
    vertex 4.55730330277786 20 -111.3029290883944
    vertex 6.65365165138893 20 -110.3368728428477
  endloop
endfacet
facet normal 0 1 -0
  outer loop
    vertex 8.75 20 -112.4944221297347
    vertex 6.65365165138893 20 -110.3368728428477
    vertex 8.75 20 -109.370816597301
  endloop
endfacet
facet normal 0 1 0
  outer loop
    vertex -8.75 20 -109.370816597301
    vertex -6.790602022069736 20 -110.4893504491811
    vertex -8.75 20 -112.4944221297347
  endloop
endfacet
facet normal 0 1 0
  outer loop
    vertex -6.790602022069736 20 -110.4893504491811
    vertex -6.790602022069736 20 -113.6129559816148
    vertex -8.75 20 -112.4944221297347
  endloop
endfacet
facet normal 0 1 0
  outer loop
    vertex -6.790602022069736 20 -110.4893504491811
    vertex -4.831204044139472 20 -111.6078843010612
    vertex -6.790602022069736 20 -113.6129559816148
  endloop
endfacet
facet normal 0 1 0
  outer loop
    vertex -8.75 20 -112.4944221297347
    vertex -6.790602022069736 20 -113.6129559816148
    vertex -8.75 20 -115.6180276621684
  endloop
endfacet
facet normal 0 1 0
  outer loop
    vertex -2.916666666666668 20 -84.38197233783164
    vertex -3.736984984722262 20 -86.53952162471865
    vertex -5.833333333333334 20 -84.38197233783164
  endloop
endfacet
facet normal 0 1 0
  outer loop
    vertex -3.736984984722262 20 -86.53952162471865
    vertex -6.65365165138893 20 -86.53952162471865
    vertex -5.833333333333334 20 -84.38197233783164
  endloop
endfacet
facet normal 0 1 0
  outer loop
    vertex -3.736984984722262 20 -86.53952162471865
    vertex -4.557303302777859 20 -88.69707091160564
    vertex -6.65365165138893 20 -86.53952162471865
  endloop
endfacet
facet normal 0 1 0
  outer loop
    vertex -5.833333333333334 20 -84.38197233783164
    vertex -6.65365165138893 20 -86.53952162471865
    vertex -8.75 20 -84.38197233783164
  endloop
endfacet
facet normal 0 1 0
  outer loop
    vertex 8.75 20 -84.38197233783164
    vertex 6.790602022069736 20 -86.38704401838521
    vertex 5.833333333333333 20 -84.38197233783164
  endloop
endfacet
facet normal 0 1 0
  outer loop
    vertex 6.790602022069736 20 -86.38704401838521
    vertex 3.873935355403069 20 -86.38704401838521
    vertex 5.833333333333333 20 -84.38197233783164
  endloop
endfacet
facet normal 0 1 0
  outer loop
    vertex 6.790602022069736 20 -86.38704401838521
    vertex 4.831204044139472 20 -88.39211569893877
    vertex 3.873935355403069 20 -86.38704401838521
  endloop
endfacet
facet normal 0 1 0
  outer loop
    vertex 5.833333333333333 20 -84.38197233783164
    vertex 3.873935355403069 20 -86.38704401838521
    vertex 2.916666666666666 20 -84.38197233783164
  endloop
endfacet
facet normal 0 1 0
  outer loop
    vertex 2.916666666666666 20 -115.6180276621684
    vertex 3.736984984722262 20 -113.4604783752814
    vertex 5.833333333333333 20 -115.6180276621684
  endloop
endfacet
facet normal -0 1 0
  outer loop
    vertex 3.736984984722262 20 -113.4604783752814
    vertex 6.65365165138893 20 -113.4604783752814
    vertex 5.833333333333333 20 -115.6180276621684
  endloop
endfacet
facet normal 0 1 0
  outer loop
    vertex 3.736984984722262 20 -113.4604783752814
    vertex 4.55730330277786 20 -111.3029290883944
    vertex 6.65365165138893 20 -113.4604783752814
  endloop
endfacet
facet normal 0 1 0
  outer loop
    vertex 5.833333333333333 20 -115.6180276621684
    vertex 6.65365165138893 20 -113.4604783752814
    vertex 8.75 20 -115.6180276621684
  endloop
endfacet
facet normal 0 1 0
  outer loop
    vertex -8.75 20 -115.6180276621684
    vertex -6.790602022069736 20 -113.6129559816148
    vertex -5.833333333333334 20 -115.6180276621684
  endloop
endfacet
facet normal -0 1 0
  outer loop
    vertex -6.790602022069736 20 -113.6129559816148
    vertex -3.87393535540307 20 -113.6129559816148
    vertex -5.833333333333334 20 -115.6180276621684
  endloop
endfacet
facet normal 0 1 0
  outer loop
    vertex -6.790602022069736 20 -113.6129559816148
    vertex -4.831204044139472 20 -111.6078843010612
    vertex -3.87393535540307 20 -113.6129559816148
  endloop
endfacet
facet normal 0 1 0
  outer loop
    vertex -5.833333333333334 20 -115.6180276621684
    vertex -3.87393535540307 20 -113.6129559816148
    vertex -2.916666666666668 20 -115.6180276621684
  endloop
endfacet
facet normal 0 1 0
  outer loop
    vertex 0 20 -89.30627700693371
    vertex -2.27865165138893 20 -89.00167395926967
    vertex -1.458333333333334 20 -86.84412467238268
  endloop
endfacet
facet normal 0 1 -0
  outer loop
    vertex -2.27865165138893 20 -89.00167395926967
    vertex -3.736984984722262 20 -86.53952162471865
    vertex -1.458333333333334 20 -86.84412467238268
  endloop
endfacet
facet normal 0 1 0
  outer loop
    vertex -2.27865165138893 20 -89.00167395926967
    vertex -4.557303302777859 20 -88.69707091160564
    vertex -3.736984984722262 20 -86.53952162471865
  endloop
endfacet
facet normal 0 1 0
  outer loop
    vertex -1.458333333333334 20 -86.84412467238268
    vertex -3.736984984722262 20 -86.53952162471865
    vertex -2.916666666666668 20 -84.38197233783164
  endloop
endfacet
facet normal 0 1 -0
  outer loop
    vertex -2.916666666666668 20 -115.6180276621684
    vertex -3.87393535540307 20 -113.6129559816148
    vertex -1.458333333333334 20 -113.1558753276173
  endloop
endfacet
facet normal 0 1 0
  outer loop
    vertex -3.87393535540307 20 -113.6129559816148
    vertex -2.415602022069736 20 -111.1508036470638
    vertex -1.458333333333334 20 -113.1558753276173
  endloop
endfacet
facet normal 0 1 -0
  outer loop
    vertex -3.87393535540307 20 -113.6129559816148
    vertex -4.831204044139472 20 -111.6078843010612
    vertex -2.415602022069736 20 -111.1508036470638
  endloop
endfacet
facet normal 0 1 -0
  outer loop
    vertex -1.458333333333334 20 -113.1558753276173
    vertex -2.415602022069736 20 -111.1508036470638
    vertex 0 20 -110.6937229930663
  endloop
endfacet
facet normal 0 1 0
  outer loop
    vertex 0 20 -110.6937229930663
    vertex 2.27865165138893 20 -110.9983260407303
    vertex 1.458333333333333 20 -113.1558753276173
  endloop
endfacet
facet normal 0 1 0
  outer loop
    vertex 2.27865165138893 20 -110.9983260407303
    vertex 3.736984984722262 20 -113.4604783752814
    vertex 1.458333333333333 20 -113.1558753276173
  endloop
endfacet
facet normal 0 1 0
  outer loop
    vertex 2.27865165138893 20 -110.9983260407303
    vertex 4.55730330277786 20 -111.3029290883944
    vertex 3.736984984722262 20 -113.4604783752814
  endloop
endfacet
facet normal 0 1 0
  outer loop
    vertex 1.458333333333333 20 -113.1558753276173
    vertex 3.736984984722262 20 -113.4604783752814
    vertex 2.916666666666666 20 -115.6180276621684
  endloop
endfacet
facet normal 0 1 0
  outer loop
    vertex 2.916666666666666 20 -84.38197233783164
    vertex 3.873935355403069 20 -86.38704401838521
    vertex 1.458333333333333 20 -86.84412467238268
  endloop
endfacet
facet normal 0 1 0
  outer loop
    vertex 3.873935355403069 20 -86.38704401838521
    vertex 2.415602022069736 20 -88.84919635293625
    vertex 1.458333333333333 20 -86.84412467238268
  endloop
endfacet
facet normal 0 1 0
  outer loop
    vertex 3.873935355403069 20 -86.38704401838521
    vertex 4.831204044139472 20 -88.39211569893877
    vertex 2.415602022069736 20 -88.84919635293625
  endloop
endfacet
facet normal 0 1 0
  outer loop
    vertex 1.458333333333333 20 -86.84412467238268
    vertex 2.415602022069736 20 -88.84919635293625
    vertex 0 20 -89.30627700693371
  endloop
endfacet
facet normal 0 1 0
  outer loop
    vertex 8.75 20 -109.370816597301
    vertex 6.65365165138893 20 -110.3368728428477
    vertex 5.85546924680766 20 -107.6563509648592
  endloop
endfacet
facet normal 0 1 0
  outer loop
    vertex 6.65365165138893 20 -110.3368728428477
    vertex 3.759120898196589 20 -108.6224072104059
    vertex 5.85546924680766 20 -107.6563509648592
  endloop
endfacet
facet normal 0 1 0
  outer loop
    vertex 6.65365165138893 20 -110.3368728428477
    vertex 4.55730330277786 20 -111.3029290883944
    vertex 3.759120898196589 20 -108.6224072104059
  endloop
endfacet
facet normal 0 1 0
  outer loop
    vertex 5.85546924680766 20 -107.6563509648592
    vertex 3.759120898196589 20 -108.6224072104059
    vertex 2.960938493615319 20 -105.9418853324175
  endloop
endfacet
facet normal 0 1 0
  outer loop
    vertex -3.739353554030696 20 -106.7388265906021
    vertex -4.285278799085084 20 -109.1733554458317
    vertex -6.244676777015348 20 -108.0548215939516
  endloop
endfacet
facet normal 0 1 0
  outer loop
    vertex -4.285278799085084 20 -109.1733554458317
    vertex -6.790602022069736 20 -110.4893504491811
    vertex -6.244676777015348 20 -108.0548215939516
  endloop
endfacet
facet normal 0 1 0
  outer loop
    vertex -4.285278799085084 20 -109.1733554458317
    vertex -4.831204044139472 20 -111.6078843010612
    vertex -6.790602022069736 20 -110.4893504491811
  endloop
endfacet
facet normal 0 1 0
  outer loop
    vertex -6.244676777015348 20 -108.0548215939516
    vertex -6.790602022069736 20 -110.4893504491811
    vertex -8.75 20 -109.370816597301
  endloop
endfacet
facet normal 0 1 0
  outer loop
    vertex 3.7393535540307 20 -93.26117340939787
    vertex 4.285278799085086 20 -90.82664455416833
    vertex 6.24467677701535 20 -91.94517840604843
  endloop
endfacet
facet normal -0 1 0
  outer loop
    vertex 4.285278799085086 20 -90.82664455416833
    vertex 6.790602022069736 20 -89.51064955081887
    vertex 6.24467677701535 20 -91.94517840604843
  endloop
endfacet
facet normal 0 1 0
  outer loop
    vertex 4.285278799085086 20 -90.82664455416833
    vertex 4.831204044139472 20 -88.39211569893877
    vertex 6.790602022069736 20 -89.51064955081887
  endloop
endfacet
facet normal 0 1 0
  outer loop
    vertex 6.24467677701535 20 -91.94517840604843
    vertex 6.790602022069736 20 -89.51064955081887
    vertex 8.75 20 -90.62918340269898
  endloop
endfacet
facet normal -0 1 0
  outer loop
    vertex -8.75 20 -90.62918340269898
    vertex -6.65365165138893 20 -89.6631271571523
    vertex -5.855469246807658 20 -92.34364903514076
  endloop
endfacet
facet normal 0 1 0
  outer loop
    vertex -6.65365165138893 20 -89.6631271571523
    vertex -3.759120898196588 20 -91.37759278959408
    vertex -5.855469246807658 20 -92.34364903514076
  endloop
endfacet
facet normal -0 1 0
  outer loop
    vertex -6.65365165138893 20 -89.6631271571523
    vertex -4.557303302777859 20 -88.69707091160564
    vertex -3.759120898196588 20 -91.37759278959408
  endloop
endfacet
facet normal -0 1 0
  outer loop
    vertex -5.855469246807658 20 -92.34364903514076
    vertex -3.759120898196588 20 -91.37759278959408
    vertex -2.960938493615318 20 -94.05811466758252
  endloop
endfacet
facet normal 0 1 0
  outer loop
    vertex 0 20 -110.6937229930663
    vertex -2.415602022069736 20 -111.1508036470638
    vertex -1.869676777015348 20 -108.7162747918342
  endloop
endfacet
facet normal 0 1 -0
  outer loop
    vertex -2.415602022069736 20 -111.1508036470638
    vertex -4.285278799085084 20 -109.1733554458317
    vertex -1.869676777015348 20 -108.7162747918342
  endloop
endfacet
facet normal 0 1 0
  outer loop
    vertex -2.415602022069736 20 -111.1508036470638
    vertex -4.831204044139472 20 -111.6078843010612
    vertex -4.285278799085084 20 -109.1733554458317
  endloop
endfacet
facet normal 0 1 0
  outer loop
    vertex -1.869676777015348 20 -108.7162747918342
    vertex -4.285278799085084 20 -109.1733554458317
    vertex -3.739353554030696 20 -106.7388265906021
  endloop
endfacet
facet normal -0 1 0
  outer loop
    vertex 0 20 -89.30627700693371
    vertex 2.415602022069736 20 -88.84919635293625
    vertex 1.86967677701535 20 -91.28372520816579
  endloop
endfacet
facet normal 0 1 0
  outer loop
    vertex 2.415602022069736 20 -88.84919635293625
    vertex 4.285278799085086 20 -90.82664455416833
    vertex 1.86967677701535 20 -91.28372520816579
  endloop
endfacet
facet normal -0 1 0
  outer loop
    vertex 2.415602022069736 20 -88.84919635293625
    vertex 4.831204044139472 20 -88.39211569893877
    vertex 4.285278799085086 20 -90.82664455416833
  endloop
endfacet
facet normal -0 1 0
  outer loop
    vertex 1.86967677701535 20 -91.28372520816579
    vertex 4.285278799085086 20 -90.82664455416833
    vertex 3.7393535540307 20 -93.26117340939787
  endloop
endfacet
facet normal 0 1 0
  outer loop
    vertex 2.960938493615319 20 -105.9418853324175
    vertex 3.759120898196589 20 -108.6224072104059
    vertex 1.48046924680766 20 -108.3178041627419
  endloop
endfacet
facet normal 0 1 0
  outer loop
    vertex 3.759120898196589 20 -108.6224072104059
    vertex 2.27865165138893 20 -110.9983260407303
    vertex 1.48046924680766 20 -108.3178041627419
  endloop
endfacet
facet normal 0 1 0
  outer loop
    vertex 3.759120898196589 20 -108.6224072104059
    vertex 4.55730330277786 20 -111.3029290883944
    vertex 2.27865165138893 20 -110.9983260407303
  endloop
endfacet
facet normal 0 1 0
  outer loop
    vertex 1.48046924680766 20 -108.3178041627419
    vertex 2.27865165138893 20 -110.9983260407303
    vertex 0 20 -110.6937229930663
  endloop
endfacet
facet normal 0 1 -0
  outer loop
    vertex -2.960938493615318 20 -94.05811466758252
    vertex -3.759120898196588 20 -91.37759278959408
    vertex -1.480469246807658 20 -91.68219583725812
  endloop
endfacet
facet normal -0 1 0
  outer loop
    vertex -3.759120898196588 20 -91.37759278959408
    vertex -2.27865165138893 20 -89.00167395926967
    vertex -1.480469246807658 20 -91.68219583725812
  endloop
endfacet
facet normal 0 1 -0
  outer loop
    vertex -3.759120898196588 20 -91.37759278959408
    vertex -4.557303302777859 20 -88.69707091160564
    vertex -2.27865165138893 20 -89.00167395926967
  endloop
endfacet
facet normal 0 1 -0
  outer loop
    vertex -1.480469246807658 20 -91.68219583725812
    vertex -2.27865165138893 20 -89.00167395926967
    vertex 0 20 -89.30627700693371
  endloop
endfacet
facet normal 0 0.334568 -0.942372
  outer loop
    vertex 2.916666666666666 20 -115.6180276621684
    vertex 1.458333333333334 17.73800655080159 -116.4210967615809
    vertex 0 20 -115.6180276621684
  endloop
endfacet
facet normal 0 0.334568 -0.942372
  outer loop
    vertex 1.458333333333334 17.73800655080159 -116.4210967615809
    vertex -1.458333333333332 17.73800655080159 -116.4210967615809
    vertex 0 20 -115.6180276621684
  endloop
endfacet
facet normal 0 0.334568 -0.942372
  outer loop
    vertex 1.458333333333334 17.73800655080159 -116.4210967615809
    vertex 1.77635683940025e-15 15.47601310160319 -117.2241658609935
    vertex -1.458333333333332 17.73800655080159 -116.4210967615809
  endloop
endfacet
facet normal 0 0.334568 -0.942372
  outer loop
    vertex 0 20 -115.6180276621684
    vertex -1.458333333333332 17.73800655080159 -116.4210967615809
    vertex -2.916666666666668 20 -115.6180276621684
  endloop
endfacet
facet normal 5.55845e-16 0.334568 -0.942372
  outer loop
    vertex -8.75 13.82868004135999 -117.8090138310842
    vertex -6.675997392620291 12.80265985279594 -118.1732788598362
    vertex -8.75 10.74302006203997 -118.9045069155421
  endloop
endfacet
facet normal 3.92361e-16 0.334568 -0.942372
  outer loop
    vertex -6.675997392620291 12.80265985279594 -118.1732788598362
    vertex -6.675997392620291 9.716999873475912 -119.2687719442942
    vertex -8.75 10.74302006203997 -118.9045069155421
  endloop
endfacet
facet normal 6.53936e-16 0.334568 -0.942372
  outer loop
    vertex -6.675997392620291 12.80265985279594 -118.1732788598362
    vertex -4.601994785240581 11.77663966423188 -118.5375438885883
    vertex -6.675997392620291 9.716999873475912 -119.2687719442942
  endloop
endfacet
facet normal 3.59665e-16 0.334568 -0.942372
  outer loop
    vertex -8.75 10.74302006203997 -118.9045069155421
    vertex -6.675997392620291 9.716999873475912 -119.2687719442942
    vertex -8.75 7.657360082719945 -120
  endloop
endfacet
facet normal -6.53936e-16 0.334568 -0.942372
  outer loop
    vertex 8.75 7.657360082719945 -120
    vertex 6.675997392620293 9.71699987347591 -119.2687719442942
    vertex 8.75 10.74302006203997 -118.9045069155421
  endloop
endfacet
facet normal -6.53936e-16 0.334568 -0.942372
  outer loop
    vertex 6.675997392620293 9.71699987347591 -119.2687719442942
    vertex 6.675997392620293 12.80265985279593 -118.1732788598362
    vertex 8.75 10.74302006203997 -118.9045069155421
  endloop
endfacet
facet normal -3.92361e-16 0.334568 -0.942372
  outer loop
    vertex 6.675997392620293 9.71699987347591 -119.2687719442942
    vertex 4.601994785240587 11.77663966423188 -118.5375438885883
    vertex 6.675997392620293 12.80265985279593 -118.1732788598362
  endloop
endfacet
facet normal -8.50117e-16 0.334568 -0.942372
  outer loop
    vertex 8.75 10.74302006203997 -118.9045069155421
    vertex 6.675997392620293 12.80265985279593 -118.1732788598362
    vertex 8.75 13.82868004135999 -117.8090138310842
  endloop
endfacet
facet normal 0 0.334568 -0.942372
  outer loop
    vertex -8.75 7.657360082719945 -120
    vertex -6.675997392620291 9.716999873475912 -119.2687719442942
    vertex -5.833333333333334 7.657360082719945 -120
  endloop
endfacet
facet normal 0 0.334568 -0.942372
  outer loop
    vertex -6.675997392620291 9.716999873475912 -119.2687719442942
    vertex -3.759330725953625 9.716999873475912 -119.2687719442942
    vertex -5.833333333333334 7.657360082719945 -120
  endloop
endfacet
facet normal 0 0.334568 -0.942372
  outer loop
    vertex -6.675997392620291 9.716999873475912 -119.2687719442942
    vertex -4.601994785240581 11.77663966423188 -118.5375438885883
    vertex -3.759330725953625 9.716999873475912 -119.2687719442942
  endloop
endfacet
facet normal 0 0.334568 -0.942372
  outer loop
    vertex -5.833333333333334 7.657360082719945 -120
    vertex -3.759330725953625 9.716999873475912 -119.2687719442942
    vertex -2.916666666666668 7.657360082719945 -120
  endloop
endfacet
facet normal 0 0.334568 -0.942372
  outer loop
    vertex 2.916666666666666 7.657360082719945 -120
    vertex 3.759330725953626 9.71699987347591 -119.2687719442942
    vertex 5.833333333333333 7.657360082719945 -120
  endloop
endfacet
facet normal 0 0.334568 -0.942372
  outer loop
    vertex 3.759330725953626 9.71699987347591 -119.2687719442942
    vertex 6.675997392620293 9.71699987347591 -119.2687719442942
    vertex 5.833333333333333 7.657360082719945 -120
  endloop
endfacet
facet normal 0 0.334568 -0.942372
  outer loop
    vertex 3.759330725953626 9.71699987347591 -119.2687719442942
    vertex 4.601994785240587 11.77663966423188 -118.5375438885883
    vertex 6.675997392620293 9.71699987347591 -119.2687719442942
  endloop
endfacet
facet normal 0 0.334568 -0.942372
  outer loop
    vertex 5.833333333333333 7.657360082719945 -120
    vertex 6.675997392620293 9.71699987347591 -119.2687719442942
    vertex 8.75 7.657360082719945 -120
  endloop
endfacet
facet normal 3.98234e-15 0.334568 -0.942372
  outer loop
    vertex -8.75 20 -115.6180276621684
    vertex -6.876866145190725 18.10813328071951 -116.2896917215844
    vertex -8.75 16.91434002067999 -116.7135207466263
  endloop
endfacet
facet normal 3.76512e-15 0.334568 -0.942372
  outer loop
    vertex -6.876866145190725 18.10813328071951 -116.2896917215844
    vertex -6.876866145190725 15.0224733013995 -117.3851848060424
    vertex -8.75 16.91434002067999 -116.7135207466263
  endloop
endfacet
facet normal -2.75143e-15 0.334568 -0.942372
  outer loop
    vertex -6.876866145190725 18.10813328071951 -116.2896917215844
    vertex -5.00373229038145 16.21626656143901 -116.9613557810005
    vertex -6.876866145190725 15.0224733013995 -117.3851848060424
  endloop
endfacet
facet normal -2.17219e-16 0.334568 -0.942372
  outer loop
    vertex -8.75 16.91434002067999 -116.7135207466263
    vertex -6.876866145190725 15.0224733013995 -117.3851848060424
    vertex -8.75 13.82868004135999 -117.8090138310842
  endloop
endfacet
facet normal 2.17219e-16 0.334568 -0.942372
  outer loop
    vertex 8.75 13.82868004135999 -117.8090138310842
    vertex 6.876866145190726 15.0224733013995 -117.3851848060424
    vertex 8.75 16.91434002067999 -116.7135207466263
  endloop
endfacet
facet normal -3.76512e-15 0.334568 -0.942372
  outer loop
    vertex 6.876866145190726 15.0224733013995 -117.3851848060424
    vertex 6.876866145190726 18.10813328071951 -116.2896917215844
    vertex 8.75 16.91434002067999 -116.7135207466263
  endloop
endfacet
facet normal 2.75143e-15 0.334568 -0.942372
  outer loop
    vertex 6.876866145190726 15.0224733013995 -117.3851848060424
    vertex 5.003732290381452 16.21626656143901 -116.9613557810005
    vertex 6.876866145190726 18.10813328071951 -116.2896917215844
  endloop
endfacet
facet normal -4.01854e-15 0.334568 -0.942372
  outer loop
    vertex 8.75 16.91434002067999 -116.7135207466263
    vertex 6.876866145190726 18.10813328071951 -116.2896917215844
    vertex 8.75 20 -115.6180276621684
  endloop
endfacet
facet normal 3.96472e-15 0.334568 -0.942372
  outer loop
    vertex 2.916666666666666 20 -115.6180276621684
    vertex 3.960199478524059 18.10813328071951 -116.2896917215844
    vertex 1.458333333333334 17.73800655080159 -116.4210967615809
  endloop
endfacet
facet normal 3.9545e-15 0.334568 -0.942372
  outer loop
    vertex 3.960199478524059 18.10813328071951 -116.2896917215844
    vertex 2.501866145190727 15.8461398315211 -117.092760820997
    vertex 1.458333333333334 17.73800655080159 -116.4210967615809
  endloop
endfacet
facet normal -1.96192e-15 0.334568 -0.942372
  outer loop
    vertex 3.960199478524059 18.10813328071951 -116.2896917215844
    vertex 5.003732290381452 16.21626656143901 -116.9613557810005
    vertex 2.501866145190727 15.8461398315211 -117.092760820997
  endloop
endfacet
facet normal -9.80961e-16 0.334568 -0.942372
  outer loop
    vertex 1.458333333333334 17.73800655080159 -116.4210967615809
    vertex 2.501866145190727 15.8461398315211 -117.092760820997
    vertex 1.77635683940025e-15 15.47601310160319 -117.2241658609935
  endloop
endfacet
facet normal 9.91179e-16 0.334568 -0.942372
  outer loop
    vertex 1.77635683940025e-15 15.47601310160319 -117.2241658609935
    vertex -2.501866145190725 15.8461398315211 -117.092760820997
    vertex -1.458333333333332 17.73800655080159 -116.4210967615809
  endloop
endfacet
facet normal -3.96472e-15 0.334568 -0.942372
  outer loop
    vertex -2.501866145190725 15.8461398315211 -117.092760820997
    vertex -3.960199478524059 18.10813328071951 -116.2896917215844
    vertex -1.458333333333332 17.73800655080159 -116.4210967615809
  endloop
endfacet
facet normal 1.96192e-15 0.334568 -0.942372
  outer loop
    vertex -2.501866145190725 15.8461398315211 -117.092760820997
    vertex -5.00373229038145 16.21626656143901 -116.9613557810005
    vertex -3.960199478524059 18.10813328071951 -116.2896917215844
  endloop
endfacet
facet normal -3.9545e-15 0.334568 -0.942372
  outer loop
    vertex -1.458333333333332 17.73800655080159 -116.4210967615809
    vertex -3.960199478524059 18.10813328071951 -116.2896917215844
    vertex -2.916666666666668 20 -115.6180276621684
  endloop
endfacet
facet normal 8.78341e-16 0.334568 -0.942372
  outer loop
    vertex -4.601994785240581 11.77663966423188 -118.5375438885883
    vertex -4.802863537811016 13.99645311283544 -117.7494498347944
    vertex -2.300997392620289 13.62632638291753 -117.8808548747909
  endloop
endfacet
facet normal 9.49944e-16 0.334568 -0.942372
  outer loop
    vertex -4.802863537811016 13.99645311283544 -117.7494498347944
    vertex -2.501866145190725 15.8461398315211 -117.092760820997
    vertex -2.300997392620289 13.62632638291753 -117.8808548747909
  endloop
endfacet
facet normal 1.14566e-15 0.334568 -0.942372
  outer loop
    vertex -4.802863537811016 13.99645311283544 -117.7494498347944
    vertex -5.00373229038145 16.21626656143901 -116.9613557810005
    vertex -2.501866145190725 15.8461398315211 -117.092760820997
  endloop
endfacet
facet normal 1.18385e-15 0.334568 -0.942372
  outer loop
    vertex -2.300997392620289 13.62632638291753 -117.8808548747909
    vertex -2.501866145190725 15.8461398315211 -117.092760820997
    vertex 1.77635683940025e-15 15.47601310160319 -117.2241658609935
  endloop
endfacet
facet normal -1.18862e-15 0.334568 -0.942372
  outer loop
    vertex 1.77635683940025e-15 15.47601310160319 -117.2241658609935
    vertex 2.501866145190727 15.8461398315211 -117.092760820997
    vertex 2.300997392620294 13.62632638291753 -117.8808548747909
  endloop
endfacet
facet normal -6.87397e-16 0.334568 -0.942372
  outer loop
    vertex 2.501866145190727 15.8461398315211 -117.092760820997
    vertex 4.802863537811019 13.99645311283544 -117.7494498347944
    vertex 2.300997392620294 13.62632638291753 -117.8808548747909
  endloop
endfacet
facet normal -1.10747e-15 0.334568 -0.942372
  outer loop
    vertex 2.501866145190727 15.8461398315211 -117.092760820997
    vertex 5.003732290381452 16.21626656143901 -116.9613557810005
    vertex 4.802863537811019 13.99645311283544 -117.7494498347944
  endloop
endfacet
facet normal -7.06491e-16 0.334568 -0.942372
  outer loop
    vertex 2.300997392620294 13.62632638291753 -117.8808548747909
    vertex 4.802863537811019 13.99645311283544 -117.7494498347944
    vertex 4.601994785240587 11.77663966423188 -118.5375438885883
  endloop
endfacet
facet normal 0 0.334568 -0.942372
  outer loop
    vertex -2.916666666666668 7.657360082719945 -120
    vertex -1.458333333333334 9.293160802035155 -119.4192463241021
    vertex 0 7.657360082719945 -120
  endloop
endfacet
facet normal 0 0.334568 -0.942372
  outer loop
    vertex -1.458333333333334 9.293160802035155 -119.4192463241021
    vertex 1.458333333333333 9.293160802035155 -119.4192463241021
    vertex 0 7.657360082719945 -120
  endloop
endfacet
facet normal 0 0.334568 -0.942372
  outer loop
    vertex -1.458333333333334 9.293160802035155 -119.4192463241021
    vertex 0 10.92896152135036 -118.8384926482042
    vertex 1.458333333333333 9.293160802035155 -119.4192463241021
  endloop
endfacet
facet normal 0 0.334568 -0.942372
  outer loop
    vertex 0 7.657360082719945 -120
    vertex 1.458333333333333 9.293160802035155 -119.4192463241021
    vertex 2.916666666666666 7.657360082719945 -120
  endloop
endfacet
facet normal 0 0.334568 -0.942372
  outer loop
    vertex 8.75 20 -115.6180276621684
    vertex 6.876866145190726 18.10813328071951 -116.2896917215844
    vertex 5.833333333333333 20 -115.6180276621684
  endloop
endfacet
facet normal 0 0.334568 -0.942372
  outer loop
    vertex 6.876866145190726 18.10813328071951 -116.2896917215844
    vertex 3.960199478524059 18.10813328071951 -116.2896917215844
    vertex 5.833333333333333 20 -115.6180276621684
  endloop
endfacet
facet normal 0 0.334568 -0.942372
  outer loop
    vertex 6.876866145190726 18.10813328071951 -116.2896917215844
    vertex 5.003732290381452 16.21626656143901 -116.9613557810005
    vertex 3.960199478524059 18.10813328071951 -116.2896917215844
  endloop
endfacet
facet normal 0 0.334568 -0.942372
  outer loop
    vertex 5.833333333333333 20 -115.6180276621684
    vertex 3.960199478524059 18.10813328071951 -116.2896917215844
    vertex 2.916666666666666 20 -115.6180276621684
  endloop
endfacet
facet normal 0 0.334568 -0.942372
  outer loop
    vertex -2.916666666666668 20 -115.6180276621684
    vertex -3.960199478524059 18.10813328071951 -116.2896917215844
    vertex -5.833333333333334 20 -115.6180276621684
  endloop
endfacet
facet normal 0 0.334568 -0.942372
  outer loop
    vertex -3.960199478524059 18.10813328071951 -116.2896917215844
    vertex -6.876866145190725 18.10813328071951 -116.2896917215844
    vertex -5.833333333333334 20 -115.6180276621684
  endloop
endfacet
facet normal 0 0.334568 -0.942372
  outer loop
    vertex -3.960199478524059 18.10813328071951 -116.2896917215844
    vertex -5.00373229038145 16.21626656143901 -116.9613557810005
    vertex -6.876866145190725 18.10813328071951 -116.2896917215844
  endloop
endfacet
facet normal 0 0.334568 -0.942372
  outer loop
    vertex -5.833333333333334 20 -115.6180276621684
    vertex -6.876866145190725 18.10813328071951 -116.2896917215844
    vertex -8.75 20 -115.6180276621684
  endloop
endfacet
facet normal 1.19996e-15 0.334568 -0.942372
  outer loop
    vertex 1.77635683940025e-15 15.47601310160319 -117.2241658609935
    vertex 2.300997392620294 13.62632638291753 -117.8808548747909
    vertex 0 13.20248731147678 -118.0313292545989
  endloop
endfacet
facet normal 1.29996e-15 0.334568 -0.942372
  outer loop
    vertex 2.300997392620294 13.62632638291753 -117.8808548747909
    vertex 2.300997392620293 11.35280059279112 -118.6880182683963
    vertex 0 13.20248731147678 -118.0313292545989
  endloop
endfacet
facet normal 1.31996e-15 0.334568 -0.942372
  outer loop
    vertex 2.300997392620294 13.62632638291753 -117.8808548747909
    vertex 4.601994785240587 11.77663966423188 -118.5375438885883
    vertex 2.300997392620293 11.35280059279112 -118.6880182683963
  endloop
endfacet
facet normal 1.51995e-15 0.334568 -0.942372
  outer loop
    vertex 0 13.20248731147678 -118.0313292545989
    vertex 2.300997392620293 11.35280059279112 -118.6880182683963
    vertex 0 10.92896152135036 -118.8384926482042
  endloop
endfacet
facet normal -1.24996e-15 0.334568 -0.942372
  outer loop
    vertex 0 10.92896152135036 -118.8384926482042
    vertex -2.300997392620291 11.35280059279112 -118.6880182683963
    vertex 0 13.20248731147678 -118.0313292545989
  endloop
endfacet
facet normal -1.23996e-15 0.334568 -0.942372
  outer loop
    vertex -2.300997392620291 11.35280059279112 -118.6880182683963
    vertex -2.300997392620289 13.62632638291753 -117.8808548747909
    vertex 0 13.20248731147678 -118.0313292545989
  endloop
endfacet
facet normal -1.50995e-15 0.334568 -0.942372
  outer loop
    vertex -2.300997392620291 11.35280059279112 -118.6880182683963
    vertex -4.601994785240581 11.77663966423188 -118.5375438885883
    vertex -2.300997392620289 13.62632638291753 -117.8808548747909
  endloop
endfacet
facet normal -1.19996e-15 0.334568 -0.942372
  outer loop
    vertex 0 13.20248731147678 -118.0313292545989
    vertex -2.300997392620289 13.62632638291753 -117.8808548747909
    vertex 1.77635683940025e-15 15.47601310160319 -117.2241658609935
  endloop
endfacet
facet normal -1.90321e-16 0.334568 -0.942372
  outer loop
    vertex -8.75 13.82868004135999 -117.8090138310842
    vertex -6.876866145190725 15.0224733013995 -117.3851848060424
    vertex -6.675997392620291 12.80265985279594 -118.1732788598362
  endloop
endfacet
facet normal -1.90321e-16 0.334568 -0.942372
  outer loop
    vertex -6.876866145190725 15.0224733013995 -117.3851848060424
    vertex -4.802863537811016 13.99645311283544 -117.7494498347944
    vertex -6.675997392620291 12.80265985279594 -118.1732788598362
  endloop
endfacet
facet normal -1.90321e-16 0.334568 -0.942372
  outer loop
    vertex -6.876866145190725 15.0224733013995 -117.3851848060424
    vertex -5.00373229038145 16.21626656143901 -116.9613557810005
    vertex -4.802863537811016 13.99645311283544 -117.7494498347944
  endloop
endfacet
facet normal -1.90321e-16 0.334568 -0.942372
  outer loop
    vertex -6.675997392620291 12.80265985279594 -118.1732788598362
    vertex -4.802863537811016 13.99645311283544 -117.7494498347944
    vertex -4.601994785240581 11.77663966423188 -118.5375438885883
  endloop
endfacet
facet normal 3.56852e-16 0.334568 -0.942372
  outer loop
    vertex 4.601994785240587 11.77663966423188 -118.5375438885883
    vertex 4.802863537811019 13.99645311283544 -117.7494498347944
    vertex 6.675997392620293 12.80265985279593 -118.1732788598362
  endloop
endfacet
facet normal 2.37901e-17 0.334568 -0.942372
  outer loop
    vertex 4.802863537811019 13.99645311283544 -117.7494498347944
    vertex 6.876866145190726 15.0224733013995 -117.3851848060424
    vertex 6.675997392620293 12.80265985279593 -118.1732788598362
  endloop
endfacet
facet normal 4.75802e-17 0.334568 -0.942372
  outer loop
    vertex 4.802863537811019 13.99645311283544 -117.7494498347944
    vertex 5.003732290381452 16.21626656143901 -116.9613557810005
    vertex 6.876866145190726 15.0224733013995 -117.3851848060424
  endloop
endfacet
facet normal 4.75802e-17 0.334568 -0.942372
  outer loop
    vertex 6.675997392620293 12.80265985279593 -118.1732788598362
    vertex 6.876866145190726 15.0224733013995 -117.3851848060424
    vertex 8.75 13.82868004135999 -117.8090138310842
  endloop
endfacet
facet normal -1.57578e-15 0.334568 -0.942372
  outer loop
    vertex -2.916666666666668 7.657360082719945 -120
    vertex -3.759330725953625 9.716999873475912 -119.2687719442942
    vertex -1.458333333333334 9.293160802035155 -119.4192463241021
  endloop
endfacet
facet normal -1.56982e-15 0.334568 -0.942372
  outer loop
    vertex -3.759330725953625 9.716999873475912 -119.2687719442942
    vertex -2.300997392620291 11.35280059279112 -118.6880182683963
    vertex -1.458333333333334 9.293160802035155 -119.4192463241021
  endloop
endfacet
facet normal -1.76679e-15 0.334568 -0.942372
  outer loop
    vertex -3.759330725953625 9.716999873475912 -119.2687719442942
    vertex -4.601994785240581 11.77663966423188 -118.5375438885883
    vertex -2.300997392620291 11.35280059279112 -118.6880182683963
  endloop
endfacet
facet normal -1.57578e-15 0.334568 -0.942372
  outer loop
    vertex -1.458333333333334 9.293160802035155 -119.4192463241021
    vertex -2.300997392620291 11.35280059279112 -118.6880182683963
    vertex 0 10.92896152135036 -118.8384926482042
  endloop
endfacet
facet normal 1.79066e-15 0.334568 -0.942372
  outer loop
    vertex 0 10.92896152135036 -118.8384926482042
    vertex 2.300997392620293 11.35280059279112 -118.6880182683963
    vertex 1.458333333333333 9.293160802035155 -119.4192463241021
  endloop
endfacet
facet normal 1.76679e-15 0.334568 -0.942372
  outer loop
    vertex 2.300997392620293 11.35280059279112 -118.6880182683963
    vertex 3.759330725953626 9.71699987347591 -119.2687719442942
    vertex 1.458333333333333 9.293160802035155 -119.4192463241021
  endloop
endfacet
facet normal 1.56982e-15 0.334568 -0.942372
  outer loop
    vertex 2.300997392620293 11.35280059279112 -118.6880182683963
    vertex 4.601994785240587 11.77663966423188 -118.5375438885883
    vertex 3.759330725953626 9.71699987347591 -119.2687719442942
  endloop
endfacet
facet normal 1.79066e-15 0.334568 -0.942372
  outer loop
    vertex 1.458333333333333 9.293160802035155 -119.4192463241021
    vertex 3.759330725953626 9.71699987347591 -119.2687719442942
    vertex 2.916666666666666 7.657360082719945 -120
  endloop
endfacet
facet normal 0 0 1
  outer loop
    vertex 3.662246000719255e-16 5.980901600802866 -84.28818059140875
    vertex 6.272015098860253e-16 5.075837933698079 -84.28818059140875
    vertex 2.326606269959647 5.509817349338429 -84.28818059140875
  endloop
endfacet
facet normal -0 0 1
  outer loop
    vertex 6.272015098860253e-16 5.075837933698079 -84.28818059140875
    vertex 2.14335169626974 4.170774266593291 -84.28818059140875
    vertex 2.326606269959647 5.509817349338429 -84.28818059140875
  endloop
endfacet
facet normal 0 0 1
  outer loop
    vertex 6.272015098860253e-16 5.075837933698079 -84.28818059140875
    vertex 8.881784197001252e-16 4.170774266593291 -84.28818059140875
    vertex 2.14335169626974 4.170774266593291 -84.28818059140875
  endloop
endfacet
facet normal 0 0 1
  outer loop
    vertex 2.326606269959647 5.509817349338429 -84.28818059140875
    vertex 2.14335169626974 4.170774266593291 -84.28818059140875
    vertex 4.28670339253948 4.170774266593291 -84.28818059140875
  endloop
endfacet
facet normal -0 0 1
  outer loop
    vertex -4.286703392539478 4.170774266593292 -84.28818059140875
    vertex -2.143351696269739 4.170774266593291 -84.28818059140875
    vertex -2.326606269959645 5.509817349338429 -84.28818059140875
  endloop
endfacet
facet normal 0 -0 1
  outer loop
    vertex -2.143351696269739 4.170774266593291 -84.28818059140875
    vertex 6.272015098860253e-16 5.075837933698079 -84.28818059140875
    vertex -2.326606269959645 5.509817349338429 -84.28818059140875
  endloop
endfacet
facet normal 0 0 1
  outer loop
    vertex -2.143351696269739 4.170774266593291 -84.28818059140875
    vertex 8.881784197001252e-16 4.170774266593291 -84.28818059140875
    vertex 6.272015098860253e-16 5.075837933698079 -84.28818059140875
  endloop
endfacet
facet normal -0 0 1
  outer loop
    vertex -2.326606269959645 5.509817349338429 -84.28818059140875
    vertex 6.272015098860253e-16 5.075837933698079 -84.28818059140875
    vertex 3.662246000719255e-16 5.980901600802866 -84.28818059140875
  endloop
endfacet
facet normal -0.327363 -0.336289 0.88303
  outer loop
    vertex 4.28670339253948 4.170774266593291 -84.28818059140875
    vertex 5.877644766269534 4.170774266593291 -83.69837529839695
    vertex 3.953679144107549 5.62970321683838 -83.85602975764475
  endloop
endfacet
facet normal -0.284908 -0.276545 0.917796
  outer loop
    vertex 5.877644766269534 4.170774266593291 -83.69837529839695
    vertex 5.571686042376467 5.663046108098316 -83.34371104855956
    vertex 3.953679144107549 5.62970321683838 -83.85602975764475
  endloop
endfacet
facet normal -0.361443 -0.285093 0.887739
  outer loop
    vertex 5.877644766269534 4.170774266593291 -83.69837529839695
    vertex 7.449212069475212 4.170774266593291 -83.05851162652328
    vertex 5.571686042376467 5.663046108098316 -83.34371104855956
  endloop
endfacet
facet normal -0.272328 -0.378361 0.884692
  outer loop
    vertex 3.953679144107549 5.62970321683838 -83.85602975764475
    vertex 5.571686042376467 5.663046108098316 -83.34371104855956
    vertex 3.600963450055856 7.060593221405498 -83.35264798257593
  endloop
endfacet
facet normal 0.361443 -0.285093 0.887739
  outer loop
    vertex -7.449212069475209 4.170774266593291 -83.05851162652328
    vertex -5.87764476626908 4.170774266593291 -83.69837529839714
    vertex -5.571686042376459 5.663046108098324 -83.34371104855956
  endloop
endfacet
facet normal 0.284908 -0.276545 0.917796
  outer loop
    vertex -5.87764476626908 4.170774266593291 -83.69837529839714
    vertex -3.953679144107541 5.629703216838387 -83.85602975764475
    vertex -5.571686042376459 5.663046108098324 -83.34371104855956
  endloop
endfacet
facet normal 0.327363 -0.336289 0.88303
  outer loop
    vertex -5.87764476626908 4.170774266593291 -83.69837529839714
    vertex -4.286703392539478 4.170774266593292 -84.28818059140875
    vertex -3.953679144107541 5.629703216838387 -83.85602975764475
  endloop
endfacet
facet normal 0.272328 -0.378361 0.884692
  outer loop
    vertex -5.571686042376459 5.663046108098324 -83.34371104855956
    vertex -3.953679144107541 5.629703216838387 -83.85602975764475
    vertex -3.600963450055846 7.060593221405512 -83.35264798257593
  endloop
endfacet
facet normal -0.344606 -0.261249 0.901663
  outer loop
    vertex 7.449212069475212 4.170774266593291 -83.05851162652328
    vertex 6.952567044830014 6.813710091561625 -82.48255769961416
    vertex 5.571686042376467 5.663046108098316 -83.34371104855956
  endloop
endfacet
facet normal -0.273041 -0.344533 0.89819
  outer loop
    vertex 6.952567044830014 6.813710091561625 -82.48255769961416
    vertex 4.995350254225558 8.227386970081287 -82.53526567139443
    vertex 5.571686042376467 5.663046108098316 -83.34371104855956
  endloop
endfacet
facet normal -0.264285 -0.33214 0.905448
  outer loop
    vertex 6.952567044830014 6.813710091561625 -82.48255769961416
    vertex 6.38614188101563 9.388259429153152 -81.70348184348593
    vertex 4.995350254225558 8.227386970081287 -82.53526567139443
  endloop
endfacet
facet normal -0.246158 -0.341314 0.907144
  outer loop
    vertex 5.571686042376467 5.663046108098316 -83.34371104855956
    vertex 4.995350254225558 8.227386970081287 -82.53526567139443
    vertex 3.600963450055856 7.060593221405498 -83.35264798257593
  endloop
endfacet
facet normal 0.264285 -0.33214 0.905448
  outer loop
    vertex -6.386141881015631 9.38825942915315 -81.70348184348593
    vertex -6.952567044830013 6.813710091561625 -82.48255769961416
    vertex -4.995350254225555 8.227386970081291 -82.53526567139443
  endloop
endfacet
facet normal 0.273041 -0.344533 0.89819
  outer loop
    vertex -6.952567044830013 6.813710091561625 -82.48255769961416
    vertex -5.571686042376459 5.663046108098324 -83.34371104855956
    vertex -4.995350254225555 8.227386970081291 -82.53526567139443
  endloop
endfacet
facet normal 0.344606 -0.261249 0.901663
  outer loop
    vertex -6.952567044830013 6.813710091561625 -82.48255769961416
    vertex -7.449212069475209 4.170774266593291 -83.05851162652328
    vertex -5.571686042376459 5.663046108098324 -83.34371104855956
  endloop
endfacet
facet normal 0.246158 -0.341314 0.907144
  outer loop
    vertex -4.995350254225555 8.227386970081291 -82.53526567139443
    vertex -5.571686042376459 5.663046108098324 -83.34371104855956
    vertex -3.600963450055846 7.060593221405512 -83.35264798257593
  endloop
endfacet
facet normal -0.195105 -0.405971 0.892817
  outer loop
    vertex 6.38614188101563 9.388259429153152 -81.70348184348593
    vertex 3.340976143681218 10.85173265616592 -81.70348184348593
    vertex 4.995350254225558 8.227386970081287 -82.53526567139443
  endloop
endfacet
facet normal -0.15058 -0.383697 0.911099
  outer loop
    vertex 3.340976143681218 10.85173265616592 -81.70348184348593
    vertex 1.809793538180041 9.255112461829462 -82.62893953855324
    vertex 4.995350254225558 8.227386970081287 -82.53526567139443
  endloop
endfacet
facet normal -0.0678301 -0.450839 0.890024
  outer loop
    vertex 3.340976143681218 10.85173265616592 -81.70348184348593
    vertex -1.825925534109715e-15 11.35439224412936 -81.70348184348593
    vertex 1.809793538180041 9.255112461829462 -82.62893953855324
  endloop
endfacet
facet normal -0.163924 -0.42705 0.889245
  outer loop
    vertex 4.995350254225558 8.227386970081287 -82.53526567139443
    vertex 1.809793538180041 9.255112461829462 -82.62893953855324
    vertex 3.600963450055856 7.060593221405498 -83.35264798257593
  endloop
endfacet
facet normal 0.0678301 -0.450839 0.890024
  outer loop
    vertex -1.825925534109715e-15 11.35439224412936 -81.70348184348593
    vertex -3.340976143681221 10.85173265616592 -81.70348184348593
    vertex -1.809793538180037 9.255112461829468 -82.62893953855324
  endloop
endfacet
facet normal 0.15058 -0.383697 0.911099
  outer loop
    vertex -3.340976143681221 10.85173265616592 -81.70348184348593
    vertex -4.995350254225555 8.227386970081291 -82.53526567139443
    vertex -1.809793538180037 9.255112461829468 -82.62893953855324
  endloop
endfacet
facet normal 0.195105 -0.405971 0.892817
  outer loop
    vertex -3.340976143681221 10.85173265616592 -81.70348184348593
    vertex -6.386141881015631 9.38825942915315 -81.70348184348593
    vertex -4.995350254225555 8.227386970081291 -82.53526567139443
  endloop
endfacet
facet normal 0.163924 -0.42705 0.889245
  outer loop
    vertex -1.809793538180037 9.255112461829468 -82.62893953855324
    vertex -4.995350254225555 8.227386970081291 -82.53526567139443
    vertex -3.600963450055846 7.060593221405512 -83.35264798257593
  endloop
endfacet
facet normal -0.041947 -0.433089 0.900375
  outer loop
    vertex -1.825925534109715e-15 11.35439224412936 -81.70348184348593
    vertex -1.393863933541774e-15 8.667646922466107 -82.99583121744733
    vertex 1.809793538180041 9.255112461829462 -82.62893953855324
  endloop
endfacet
facet normal -0.0458035 -0.423835 0.904581
  outer loop
    vertex -1.393863933541774e-15 8.667646922466107 -82.99583121744733
    vertex 1.809914430660668 6.554909541149374 -83.89409368407381
    vertex 1.809793538180041 9.255112461829462 -82.62893953855324
  endloop
endfacet
facet normal -0.0586438 -0.432724 0.899617
  outer loop
    vertex -1.393863933541774e-15 8.667646922466107 -82.99583121744733
    vertex 3.662246000719255e-16 5.980901600802866 -84.28818059140875
    vertex 1.809914430660668 6.554909541149374 -83.89409368407381
  endloop
endfacet
facet normal -0.152163 -0.419343 0.894985
  outer loop
    vertex 1.809793538180041 9.255112461829462 -82.62893953855324
    vertex 1.809914430660668 6.554909541149374 -83.89409368407381
    vertex 3.600963450055856 7.060593221405498 -83.35264798257593
  endloop
endfacet
facet normal 0.0586438 -0.432724 0.899617
  outer loop
    vertex 3.662246000719255e-16 5.980901600802866 -84.28818059140875
    vertex -1.393863933541774e-15 8.667646922466107 -82.99583121744733
    vertex -1.809914430660662 6.55490954114938 -83.89409368407381
  endloop
endfacet
facet normal 0.0458035 -0.423835 0.904581
  outer loop
    vertex -1.393863933541774e-15 8.667646922466107 -82.99583121744733
    vertex -1.809793538180037 9.255112461829468 -82.62893953855324
    vertex -1.809914430660662 6.55490954114938 -83.89409368407381
  endloop
endfacet
facet normal 0.041947 -0.433089 0.900375
  outer loop
    vertex -1.393863933541774e-15 8.667646922466107 -82.99583121744733
    vertex -1.825925534109715e-15 11.35439224412936 -81.70348184348593
    vertex -1.809793538180037 9.255112461829468 -82.62893953855324
  endloop
endfacet
facet normal 0.152163 -0.419343 0.894985
  outer loop
    vertex -1.809914430660662 6.55490954114938 -83.89409368407381
    vertex -1.809793538180037 9.255112461829468 -82.62893953855324
    vertex -3.600963450055846 7.060593221405512 -83.35264798257593
  endloop
endfacet
facet normal -0.0780132 -0.385294 0.91949
  outer loop
    vertex 3.662246000719255e-16 5.980901600802866 -84.28818059140875
    vertex 2.326606269959647 5.509817349338429 -84.28818059140875
    vertex 1.809914430660668 6.554909541149374 -83.89409368407381
  endloop
endfacet
facet normal -0.20177 -0.431339 0.879338
  outer loop
    vertex 2.326606269959647 5.509817349338429 -84.28818059140875
    vertex 3.953679144107549 5.62970321683838 -83.85602975764475
    vertex 1.809914430660668 6.554909541149374 -83.89409368407381
  endloop
endfacet
facet normal -0.220642 -0.322976 0.920328
  outer loop
    vertex 2.326606269959647 5.509817349338429 -84.28818059140875
    vertex 4.28670339253948 4.170774266593291 -84.28818059140875
    vertex 3.953679144107549 5.62970321683838 -83.85602975764475
  endloop
endfacet
facet normal -0.173609 -0.364627 0.914826
  outer loop
    vertex 1.809914430660668 6.554909541149374 -83.89409368407381
    vertex 3.953679144107549 5.62970321683838 -83.85602975764475
    vertex 3.600963450055856 7.060593221405498 -83.35264798257593
  endloop
endfacet
facet normal 0.220642 -0.322976 0.920328
  outer loop
    vertex -4.286703392539478 4.170774266593292 -84.28818059140875
    vertex -2.326606269959645 5.509817349338429 -84.28818059140875
    vertex -3.953679144107541 5.629703216838387 -83.85602975764475
  endloop
endfacet
facet normal 0.20177 -0.431339 0.879338
  outer loop
    vertex -2.326606269959645 5.509817349338429 -84.28818059140875
    vertex -1.809914430660662 6.55490954114938 -83.89409368407381
    vertex -3.953679144107541 5.629703216838387 -83.85602975764475
  endloop
endfacet
facet normal 0.0780132 -0.385294 0.91949
  outer loop
    vertex -2.326606269959645 5.509817349338429 -84.28818059140875
    vertex 3.662246000719255e-16 5.980901600802866 -84.28818059140875
    vertex -1.809914430660662 6.55490954114938 -83.89409368407381
  endloop
endfacet
facet normal 0.173609 -0.364627 0.914826
  outer loop
    vertex -3.953679144107541 5.629703216838387 -83.85602975764475
    vertex -1.809914430660662 6.55490954114938 -83.89409368407381
    vertex -3.600963450055846 7.060593221405512 -83.35264798257593
  endloop
endfacet
facet normal -0.393817 -0.228352 0.890373
  outer loop
    vertex 10.56062807084257 4.170774266593291 -81.70348184348592
    vertex 8.865877892554355 7.093548648445349 -81.70348184348593
    vertex 9.008781114699424 4.170774266593291 -82.38987288791537
  endloop
endfacet
facet normal -0.337794 -0.230805 0.912482
  outer loop
    vertex 8.865877892554355 7.093548648445349 -81.70348184348593
    vertex 6.952567044830014 6.813710091561625 -82.48255769961416
    vertex 9.008781114699424 4.170774266593291 -82.38987288791537
  endloop
endfacet
facet normal -0.312252 -0.33743 0.888054
  outer loop
    vertex 8.865877892554355 7.093548648445349 -81.70348184348593
    vertex 6.38614188101563 9.388259429153152 -81.70348184348593
    vertex 6.952567044830014 6.813710091561625 -82.48255769961416
  endloop
endfacet
facet normal -0.380004 -0.264562 0.886343
  outer loop
    vertex 9.008781114699424 4.170774266593291 -82.38987288791537
    vertex 6.952567044830014 6.813710091561625 -82.48255769961416
    vertex 7.449212069475212 4.170774266593291 -83.05851162652328
  endloop
endfacet
facet normal 0.312252 -0.33743 0.888054
  outer loop
    vertex -6.386141881015631 9.38825942915315 -81.70348184348593
    vertex -8.865877892554359 7.093548648445346 -81.70348184348593
    vertex -6.952567044830013 6.813710091561625 -82.48255769961416
  endloop
endfacet
facet normal 0.337794 -0.230805 0.912482
  outer loop
    vertex -8.865877892554359 7.093548648445346 -81.70348184348593
    vertex -9.008781114699364 4.170774266593291 -82.3898728879154
    vertex -6.952567044830013 6.813710091561625 -82.48255769961416
  endloop
endfacet
facet normal 0.393817 -0.228352 0.890373
  outer loop
    vertex -8.865877892554359 7.093548648445346 -81.70348184348593
    vertex -10.56062807084257 4.170774266593292 -81.70348184348592
    vertex -9.008781114699364 4.170774266593291 -82.3898728879154
  endloop
endfacet
facet normal 0.380004 -0.264562 0.886343
  outer loop
    vertex -6.952567044830013 6.813710091561625 -82.48255769961416
    vertex -9.008781114699364 4.170774266593291 -82.3898728879154
    vertex -7.449212069475209 4.170774266593291 -83.05851162652328
  endloop
endfacet
facet normal -0 1 0
  outer loop
    vertex -7.449212069475209 4.170774266593291 -83.05851162652328
    vertex -5.285124387652578 4.170774266593291 -81.64490635163015
    vertex -5.87764476626908 4.170774266593291 -83.69837529839714
  endloop
endfacet
facet normal 0 1 0
  outer loop
    vertex -5.285124387652578 4.170774266593291 -81.64490635163015
    vertex -3.703870049184713 4.170774266593291 -82.25974083407289
    vertex -5.87764476626908 4.170774266593291 -83.69837529839714
  endloop
endfacet
facet normal -0 1 0
  outer loop
    vertex -5.285124387652578 4.170774266593291 -81.64490635163015
    vertex -3.121036705829948 4.170774266593291 -80.23130107673703
    vertex -3.703870049184713 4.170774266593291 -82.25974083407289
  endloop
endfacet
facet normal -3.57828e-16 1 5.40678e-16
  outer loop
    vertex -5.87764476626908 4.170774266593291 -83.69837529839714
    vertex -3.703870049184713 4.170774266593291 -82.25974083407289
    vertex -4.286703392539478 4.170774266593292 -84.28818059140875
  endloop
endfacet
facet normal 0 1 0
  outer loop
    vertex 7.105427357601002e-15 4.170774266593291 -75.71181940859125
    vertex -1.56051835291497 4.170774266593291 -77.97156024266414
    vertex -2.143351696269736 4.170774266593291 -75.71181940859125
  endloop
endfacet
facet normal 0 1 0
  outer loop
    vertex -1.56051835291497 4.170774266593291 -77.97156024266414
    vertex -3.703870049184713 4.170774266593291 -77.97156024266414
    vertex -2.143351696269736 4.170774266593291 -75.71181940859125
  endloop
endfacet
facet normal 0 1 0
  outer loop
    vertex -1.56051835291497 4.170774266593291 -77.97156024266414
    vertex -3.121036705829948 4.170774266593291 -80.23130107673703
    vertex -3.703870049184713 4.170774266593291 -77.97156024266414
  endloop
endfacet
facet normal 4.14388e-16 1 -2.86165e-16
  outer loop
    vertex -2.143351696269736 4.170774266593291 -75.71181940859125
    vertex -3.703870049184713 4.170774266593291 -77.97156024266414
    vertex -4.286703392539478 4.170774266593292 -75.71181940859125
  endloop
endfacet
facet normal 0 1 0
  outer loop
    vertex 8.881784197001252e-16 4.170774266593291 -84.28818059140875
    vertex 2.401516584585611 4.170774266593291 -82.61135692322985
    vertex 2.14335169626974 4.170774266593291 -84.28818059140875
  endloop
endfacet
facet normal -0 1 0
  outer loop
    vertex 2.401516584585611 4.170774266593291 -82.61135692322985
    vertex 4.544868280855351 4.170774266593291 -82.61135692322985
    vertex 2.14335169626974 4.170774266593291 -84.28818059140875
  endloop
endfacet
facet normal 0 1 0
  outer loop
    vertex 2.401516584585611 4.170774266593291 -82.61135692322985
    vertex 4.803033169171222 4.170774266593291 -80.93453325505095
    vertex 4.544868280855351 4.170774266593291 -82.61135692322985
  endloop
endfacet
facet normal 0 1 0
  outer loop
    vertex 2.14335169626974 4.170774266593291 -84.28818059140875
    vertex 4.544868280855351 4.170774266593291 -82.61135692322985
    vertex 4.28670339253948 4.170774266593291 -84.28818059140875
  endloop
endfacet
facet normal 0 1 0
  outer loop
    vertex 7.449212069475212 4.170774266593291 -76.94148837347672
    vertex 6.126122619323219 4.170774266593291 -78.93801081426383
    vertex 5.877644766269082 4.170774266593291 -76.30162470160286
  endloop
endfacet
facet normal 0 1 0
  outer loop
    vertex 6.126122619323219 4.170774266593291 -78.93801081426383
    vertex 4.544868280855351 4.170774266593291 -78.3231763318211
    vertex 5.877644766269082 4.170774266593291 -76.30162470160286
  endloop
endfacet
facet normal 0 1 0
  outer loop
    vertex 6.126122619323219 4.170774266593291 -78.93801081426383
    vertex 4.803033169171222 4.170774266593291 -80.93453325505095
    vertex 4.544868280855351 4.170774266593291 -78.3231763318211
  endloop
endfacet
facet normal 0 1 0
  outer loop
    vertex 5.877644766269082 4.170774266593291 -76.30162470160286
    vertex 4.544868280855351 4.170774266593291 -78.3231763318211
    vertex 4.28670339253948 4.170774266593291 -75.71181940859125
  endloop
endfacet
facet normal 0 1 0
  outer loop
    vertex -3.121036705829948 4.170774266593291 -80.23130107673703
    vertex -5.179470051165389 4.170774266593291 -79.77757724547919
    vertex -3.703870049184713 4.170774266593291 -77.97156024266414
  endloop
endfacet
facet normal 0 1 -0
  outer loop
    vertex -5.179470051165389 4.170774266593291 -79.77757724547919
    vertex -5.762303394520156 4.170774266593291 -77.51783641140631
    vertex -3.703870049184713 4.170774266593291 -77.97156024266414
  endloop
endfacet
facet normal 0 1 0
  outer loop
    vertex -5.179470051165389 4.170774266593291 -79.77757724547919
    vertex -7.237903396500831 4.170774266593291 -79.32385341422138
    vertex -5.762303394520156 4.170774266593291 -77.51783641140631
  endloop
endfacet
facet normal -9.18578e-17 1 -4.16736e-16
  outer loop
    vertex -3.703870049184713 4.170774266593291 -77.97156024266414
    vertex -5.762303394520156 4.170774266593291 -77.51783641140631
    vertex -4.286703392539478 4.170774266593292 -75.71181940859125
  endloop
endfacet
facet normal 0 1 0
  outer loop
    vertex -7.449212069475209 4.170774266593291 -83.05851162652328
    vertex -7.34355773298802 4.170774266593291 -81.19118252037234
    vertex -5.285124387652578 4.170774266593291 -81.64490635163015
  endloop
endfacet
facet normal -0 1 0
  outer loop
    vertex -7.34355773298802 4.170774266593291 -81.19118252037234
    vertex -5.179470051165389 4.170774266593291 -79.77757724547919
    vertex -5.285124387652578 4.170774266593291 -81.64490635163015
  endloop
endfacet
facet normal 0 1 0
  outer loop
    vertex -7.34355773298802 4.170774266593291 -81.19118252037234
    vertex -7.237903396500831 4.170774266593291 -79.32385341422138
    vertex -5.179470051165389 4.170774266593291 -79.77757724547919
  endloop
endfacet
facet normal 0 1 0
  outer loop
    vertex -5.285124387652578 4.170774266593291 -81.64490635163015
    vertex -5.179470051165389 4.170774266593291 -79.77757724547919
    vertex -3.121036705829948 4.170774266593291 -80.23130107673703
  endloop
endfacet
facet normal 0 1 0
  outer loop
    vertex 8.881784197001252e-16 4.170774266593291 -84.28818059140875
    vertex 0.596869985588075 4.170774266593291 -81.8318556697423
    vertex 2.401516584585611 4.170774266593291 -82.61135692322985
  endloop
endfacet
facet normal -0 1 0
  outer loop
    vertex 0.596869985588075 4.170774266593291 -81.8318556697423
    vertex 2.998386570173686 4.170774266593291 -80.1550320015634
    vertex 2.401516584585611 4.170774266593291 -82.61135692322985
  endloop
endfacet
facet normal 0 1 0
  outer loop
    vertex 0.596869985588075 4.170774266593291 -81.8318556697423
    vertex 1.193739971176152 4.170774266593291 -79.37553074807585
    vertex 2.998386570173686 4.170774266593291 -80.1550320015634
  endloop
endfacet
facet normal 0 1 0
  outer loop
    vertex 2.401516584585611 4.170774266593291 -82.61135692322985
    vertex 2.998386570173686 4.170774266593291 -80.1550320015634
    vertex 4.803033169171222 4.170774266593291 -80.93453325505095
  endloop
endfacet
facet normal -0 1 0
  outer loop
    vertex -3.121036705829948 4.170774266593291 -80.23130107673703
    vertex -0.963648367326897 4.170774266593291 -79.80341591240644
    vertex -1.560518352914974 4.170774266593291 -82.25974083407289
  endloop
endfacet
facet normal 0 1 0
  outer loop
    vertex -0.963648367326897 4.170774266593291 -79.80341591240644
    vertex 0.596869985588075 4.170774266593291 -81.8318556697423
    vertex -1.560518352914974 4.170774266593291 -82.25974083407289
  endloop
endfacet
facet normal -0 1 0
  outer loop
    vertex -0.963648367326897 4.170774266593291 -79.80341591240644
    vertex 1.193739971176152 4.170774266593291 -79.37553074807585
    vertex 0.596869985588075 4.170774266593291 -81.8318556697423
  endloop
endfacet
facet normal -0 1 0
  outer loop
    vertex -1.560518352914974 4.170774266593291 -82.25974083407289
    vertex 0.596869985588075 4.170774266593291 -81.8318556697423
    vertex 8.881784197001252e-16 4.170774266593291 -84.28818059140875
  endloop
endfacet
facet normal 4.14388e-16 1 3.18796e-16
  outer loop
    vertex -4.286703392539478 4.170774266593292 -84.28818059140875
    vertex -3.703870049184713 4.170774266593291 -82.25974083407289
    vertex -2.143351696269739 4.170774266593291 -84.28818059140875
  endloop
endfacet
facet normal -0 1 0
  outer loop
    vertex -3.703870049184713 4.170774266593291 -82.25974083407289
    vertex -1.560518352914974 4.170774266593291 -82.25974083407289
    vertex -2.143351696269739 4.170774266593291 -84.28818059140875
  endloop
endfacet
facet normal 0 1 0
  outer loop
    vertex -3.703870049184713 4.170774266593291 -82.25974083407289
    vertex -3.121036705829948 4.170774266593291 -80.23130107673703
    vertex -1.560518352914974 4.170774266593291 -82.25974083407289
  endloop
endfacet
facet normal 0 1 0
  outer loop
    vertex -2.143351696269739 4.170774266593291 -84.28818059140875
    vertex -1.560518352914974 4.170774266593291 -82.25974083407289
    vertex 8.881784197001252e-16 4.170774266593291 -84.28818059140875
  endloop
endfacet
facet normal 0 1 0
  outer loop
    vertex 7.105427357601002e-15 4.170774266593291 -75.71181940859125
    vertex 0.5968699855880786 4.170774266593291 -77.54367507833355
    vertex -1.56051835291497 4.170774266593291 -77.97156024266414
  endloop
endfacet
facet normal 0 1 0
  outer loop
    vertex 0.5968699855880786 4.170774266593291 -77.54367507833355
    vertex -0.963648367326897 4.170774266593291 -79.80341591240644
    vertex -1.56051835291497 4.170774266593291 -77.97156024266414
  endloop
endfacet
facet normal 0 1 0
  outer loop
    vertex 0.5968699855880786 4.170774266593291 -77.54367507833355
    vertex 1.193739971176152 4.170774266593291 -79.37553074807585
    vertex -0.963648367326897 4.170774266593291 -79.80341591240644
  endloop
endfacet
facet normal 0 1 0
  outer loop
    vertex -1.56051835291497 4.170774266593291 -77.97156024266414
    vertex -0.963648367326897 4.170774266593291 -79.80341591240644
    vertex -3.121036705829948 4.170774266593291 -80.23130107673703
  endloop
endfacet
facet normal 0 1 0
  outer loop
    vertex 4.28670339253948 4.170774266593291 -75.71181940859125
    vertex 2.740221681857815 4.170774266593291 -77.54367507833355
    vertex 2.143351696269743 4.170774266593291 -75.71181940859125
  endloop
endfacet
facet normal 0 1 0
  outer loop
    vertex 2.740221681857815 4.170774266593291 -77.54367507833355
    vertex 0.5968699855880786 4.170774266593291 -77.54367507833355
    vertex 2.143351696269743 4.170774266593291 -75.71181940859125
  endloop
endfacet
facet normal 0 1 0
  outer loop
    vertex 2.740221681857815 4.170774266593291 -77.54367507833355
    vertex 1.193739971176152 4.170774266593291 -79.37553074807585
    vertex 0.5968699855880786 4.170774266593291 -77.54367507833355
  endloop
endfacet
facet normal 0 1 0
  outer loop
    vertex 2.143351696269743 4.170774266593291 -75.71181940859125
    vertex 0.5968699855880786 4.170774266593291 -77.54367507833355
    vertex 7.105427357601002e-15 4.170774266593291 -75.71181940859125
  endloop
endfacet
facet normal 0 1 0
  outer loop
    vertex 4.803033169171222 4.170774266593291 -80.93453325505095
    vertex 2.998386570173686 4.170774266593291 -80.1550320015634
    vertex 4.544868280855351 4.170774266593291 -78.3231763318211
  endloop
endfacet
facet normal 0 1 -0
  outer loop
    vertex 2.998386570173686 4.170774266593291 -80.1550320015634
    vertex 2.740221681857815 4.170774266593291 -77.54367507833355
    vertex 4.544868280855351 4.170774266593291 -78.3231763318211
  endloop
endfacet
facet normal 0 1 0
  outer loop
    vertex 2.998386570173686 4.170774266593291 -80.1550320015634
    vertex 1.193739971176152 4.170774266593291 -79.37553074807585
    vertex 2.740221681857815 4.170774266593291 -77.54367507833355
  endloop
endfacet
facet normal 0 1 0
  outer loop
    vertex 4.544868280855351 4.170774266593291 -78.3231763318211
    vertex 2.740221681857815 4.170774266593291 -77.54367507833355
    vertex 4.28670339253948 4.170774266593291 -75.71181940859125
  endloop
endfacet
facet normal 0 1 0
  outer loop
    vertex 4.28670339253948 4.170774266593291 -84.28818059140875
    vertex 4.544868280855351 4.170774266593291 -82.61135692322985
    vertex 5.877644766269534 4.170774266593291 -83.69837529839695
  endloop
endfacet
facet normal -0 1 0
  outer loop
    vertex 4.544868280855351 4.170774266593291 -82.61135692322985
    vertex 6.126122619323219 4.170774266593291 -81.99652244078712
    vertex 5.877644766269534 4.170774266593291 -83.69837529839695
  endloop
endfacet
facet normal 0 1 0
  outer loop
    vertex 4.544868280855351 4.170774266593291 -82.61135692322985
    vertex 4.803033169171222 4.170774266593291 -80.93453325505095
    vertex 6.126122619323219 4.170774266593291 -81.99652244078712
  endloop
endfacet
facet normal 0 1 0
  outer loop
    vertex 5.877644766269534 4.170774266593291 -83.69837529839695
    vertex 6.126122619323219 4.170774266593291 -81.99652244078712
    vertex 7.449212069475212 4.170774266593291 -83.05851162652328
  endloop
endfacet
facet normal 0 1 0
  outer loop
    vertex 7.449212069475212 4.170774266593291 -76.94148837347672
    vertex 7.806877379718287 4.170774266593291 -78.56419751224345
    vertex 6.126122619323219 4.170774266593291 -78.93801081426383
  endloop
endfacet
facet normal 0 1 0
  outer loop
    vertex 7.806877379718287 4.170774266593291 -78.56419751224345
    vertex 6.48378792956629 4.170774266593291 -80.56071995303057
    vertex 6.126122619323219 4.170774266593291 -78.93801081426383
  endloop
endfacet
facet normal 0 1 0
  outer loop
    vertex 7.806877379718287 4.170774266593291 -78.56419751224345
    vertex 8.164542689961358 4.170774266593291 -80.18690665101019
    vertex 6.48378792956629 4.170774266593291 -80.56071995303057
  endloop
endfacet
facet normal 0 1 0
  outer loop
    vertex 6.126122619323219 4.170774266593291 -78.93801081426383
    vertex 6.48378792956629 4.170774266593291 -80.56071995303057
    vertex 4.803033169171222 4.170774266593291 -80.93453325505095
  endloop
endfacet
facet normal 0 1 -0
  outer loop
    vertex 10.56062807084257 4.170774266593291 -81.70348184348592
    vertex 9.362585380401967 4.170774266593291 -80.94519424724805
    vertex 10.56062807084257 4.170774266593291 -80
  endloop
endfacet
facet normal 0 1 0
  outer loop
    vertex 9.362585380401967 4.170774266593291 -80.94519424724805
    vertex 9.362585380401967 4.170774266593291 -79.24171240376212
    vertex 10.56062807084257 4.170774266593291 -80
  endloop
endfacet
facet normal 0 1 -0
  outer loop
    vertex 9.362585380401967 4.170774266593291 -80.94519424724805
    vertex 8.164542689961358 4.170774266593291 -80.18690665101019
    vertex 9.362585380401967 4.170774266593291 -79.24171240376212
  endloop
endfacet
facet normal 0 1 -0
  outer loop
    vertex 10.56062807084257 4.170774266593291 -80
    vertex 9.362585380401967 4.170774266593291 -79.24171240376212
    vertex 10.56062807084257 4.170774266593291 -78.29651815651407
  endloop
endfacet
facet normal 3.73403e-16 1 -5.2139e-16
  outer loop
    vertex -10.56062807084257 4.170774266593292 -78.29651815651407
    vertex -8.899265733671701 4.170774266593291 -78.81018578536772
    vertex -10.56062807084257 4.170774266593291 -80
  endloop
endfacet
facet normal 0 1 0
  outer loop
    vertex -8.899265733671701 4.170774266593291 -78.81018578536772
    vertex -8.899265733671701 4.170774266593291 -80.51366762885365
    vertex -10.56062807084257 4.170774266593291 -80
  endloop
endfacet
facet normal 0 1 0
  outer loop
    vertex -8.899265733671701 4.170774266593291 -78.81018578536772
    vertex -7.237903396500831 4.170774266593291 -79.32385341422138
    vertex -8.899265733671701 4.170774266593291 -80.51366762885365
  endloop
endfacet
facet normal 1.61206e-16 1 5.2139e-16
  outer loop
    vertex -10.56062807084257 4.170774266593291 -80
    vertex -8.899265733671701 4.170774266593291 -80.51366762885365
    vertex -10.56062807084257 4.170774266593292 -81.70348184348592
  endloop
endfacet
facet normal 0 1 0
  outer loop
    vertex 7.449212069475212 4.170774266593291 -83.05851162652328
    vertex 7.806877379718287 4.170774266593291 -81.62270913876674
    vertex 9.008781114699424 4.170774266593291 -82.38987288791537
  endloop
endfacet
facet normal -0 1 0
  outer loop
    vertex 7.806877379718287 4.170774266593291 -81.62270913876674
    vertex 9.362585380401967 4.170774266593291 -80.94519424724805
    vertex 9.008781114699424 4.170774266593291 -82.38987288791537
  endloop
endfacet
facet normal 0 1 0
  outer loop
    vertex 7.806877379718287 4.170774266593291 -81.62270913876674
    vertex 8.164542689961358 4.170774266593291 -80.18690665101019
    vertex 9.362585380401967 4.170774266593291 -80.94519424724805
  endloop
endfacet
facet normal 0 1 0
  outer loop
    vertex 9.008781114699424 4.170774266593291 -82.38987288791537
    vertex 9.362585380401967 4.170774266593291 -80.94519424724805
    vertex 10.56062807084257 4.170774266593291 -81.70348184348592
  endloop
endfacet
facet normal 0 1 0
  outer loop
    vertex 10.56062807084257 4.170774266593291 -78.29651815651407
    vertex 9.362585380401967 4.170774266593291 -79.24171240376212
    vertex 9.008781114699369 4.170774266593291 -77.6101271120846
  endloop
endfacet
facet normal 0 1 0
  outer loop
    vertex 9.362585380401967 4.170774266593291 -79.24171240376212
    vertex 7.806877379718287 4.170774266593291 -78.56419751224345
    vertex 9.008781114699369 4.170774266593291 -77.6101271120846
  endloop
endfacet
facet normal 0 1 0
  outer loop
    vertex 9.362585380401967 4.170774266593291 -79.24171240376212
    vertex 8.164542689961358 4.170774266593291 -80.18690665101019
    vertex 7.806877379718287 4.170774266593291 -78.56419751224345
  endloop
endfacet
facet normal 0 1 0
  outer loop
    vertex 9.008781114699369 4.170774266593291 -77.6101271120846
    vertex 7.806877379718287 4.170774266593291 -78.56419751224345
    vertex 7.449212069475212 4.170774266593291 -76.94148837347672
  endloop
endfacet
facet normal 5.57932e-16 1 -3.25669e-17
  outer loop
    vertex -10.56062807084257 4.170774266593292 -81.70348184348592
    vertex -8.899265733671701 4.170774266593291 -80.51366762885365
    vertex -9.008781114699364 4.170774266593291 -82.3898728879154
  endloop
endfacet
facet normal 0 1 0
  outer loop
    vertex -8.899265733671701 4.170774266593291 -80.51366762885365
    vertex -7.34355773298802 4.170774266593291 -81.19118252037234
    vertex -9.008781114699364 4.170774266593291 -82.3898728879154
  endloop
endfacet
facet normal -0 1 0
  outer loop
    vertex -8.899265733671701 4.170774266593291 -80.51366762885365
    vertex -7.237903396500831 4.170774266593291 -79.32385341422138
    vertex -7.34355773298802 4.170774266593291 -81.19118252037234
  endloop
endfacet
facet normal -0 1 0
  outer loop
    vertex -9.008781114699364 4.170774266593291 -82.3898728879154
    vertex -7.34355773298802 4.170774266593291 -81.19118252037234
    vertex -7.449212069475209 4.170774266593291 -83.05851162652328
  endloop
endfacet
facet normal 0 1 0
  outer loop
    vertex -7.449212069475211 4.170774266593291 -76.94148837347672
    vertex -7.343557732988021 4.170774266593291 -78.13267089384905
    vertex -9.008781114699424 4.170774266593291 -77.61012711208463
  endloop
endfacet
facet normal 0 1 0
  outer loop
    vertex -7.343557732988021 4.170774266593291 -78.13267089384905
    vertex -8.899265733671701 4.170774266593291 -78.81018578536772
    vertex -9.008781114699424 4.170774266593291 -77.61012711208463
  endloop
endfacet
facet normal 0 1 0
  outer loop
    vertex -7.343557732988021 4.170774266593291 -78.13267089384905
    vertex -7.237903396500831 4.170774266593291 -79.32385341422138
    vertex -8.899265733671701 4.170774266593291 -78.81018578536772
  endloop
endfacet
facet normal 5.50131e-16 1 5.0204e-17
  outer loop
    vertex -9.008781114699424 4.170774266593291 -77.61012711208463
    vertex -8.899265733671701 4.170774266593291 -78.81018578536772
    vertex -10.56062807084257 4.170774266593292 -78.29651815651407
  endloop
endfacet
facet normal -0 1 0
  outer loop
    vertex 4.803033169171222 4.170774266593291 -80.93453325505095
    vertex 6.48378792956629 4.170774266593291 -80.56071995303057
    vertex 6.126122619323219 4.170774266593291 -81.99652244078712
  endloop
endfacet
facet normal 0 1 0
  outer loop
    vertex 6.48378792956629 4.170774266593291 -80.56071995303057
    vertex 7.806877379718287 4.170774266593291 -81.62270913876674
    vertex 6.126122619323219 4.170774266593291 -81.99652244078712
  endloop
endfacet
facet normal -0 1 0
  outer loop
    vertex 6.48378792956629 4.170774266593291 -80.56071995303057
    vertex 8.164542689961358 4.170774266593291 -80.18690665101019
    vertex 7.806877379718287 4.170774266593291 -81.62270913876674
  endloop
endfacet
facet normal -0 1 0
  outer loop
    vertex 6.126122619323219 4.170774266593291 -81.99652244078712
    vertex 7.806877379718287 4.170774266593291 -81.62270913876674
    vertex 7.449212069475212 4.170774266593291 -83.05851162652328
  endloop
endfacet
facet normal -5.39311e-16 1 -5.11464e-17
  outer loop
    vertex -4.286703392539478 4.170774266593292 -75.71181940859125
    vertex -5.762303394520156 4.170774266593291 -77.51783641140631
    vertex -5.877644766269534 4.170774266593291 -76.30162470160305
  endloop
endfacet
facet normal 0 1 0
  outer loop
    vertex -5.762303394520156 4.170774266593291 -77.51783641140631
    vertex -7.343557732988021 4.170774266593291 -78.13267089384905
    vertex -5.877644766269534 4.170774266593291 -76.30162470160305
  endloop
endfacet
facet normal 0 1 0
  outer loop
    vertex -5.762303394520156 4.170774266593291 -77.51783641140631
    vertex -7.237903396500831 4.170774266593291 -79.32385341422138
    vertex -7.343557732988021 4.170774266593291 -78.13267089384905
  endloop
endfacet
facet normal 0 1 0
  outer loop
    vertex -5.877644766269534 4.170774266593291 -76.30162470160305
    vertex -7.343557732988021 4.170774266593291 -78.13267089384905
    vertex -7.449212069475211 4.170774266593291 -76.94148837347672
  endloop
endfacet
facet normal 0.147053 -0.977404 -0.151843
  outer loop
    vertex -1.825925534109715e-15 11.35439224412936 -78.29651815651407
    vertex -3.340976143681221 10.85173265616592 -78.29651815651407
    vertex -1.689288922447742 11.22802414363454 -79.11909483802599
  endloop
endfacet
facet normal 0.290833 -0.944648 0.151843
  outer loop
    vertex -3.340976143681221 10.85173265616592 -78.29651815651407
    vertex -4.91829693472663 10.23389361364498 -79.11909483802599
    vertex -1.689288922447742 11.22802414363454 -79.11909483802599
  endloop
endfacet
facet normal 0.42814 -0.890865 -0.151843
  outer loop
    vertex -3.340976143681221 10.85173265616592 -78.29651815651407
    vertex -6.386141881015631 9.38825942915315 -78.29651815651407
    vertex -4.91829693472663 10.23389361364498 -79.11909483802599
  endloop
endfacet
facet normal 0.290833 -0.944648 -0.151843
  outer loop
    vertex -1.689288922447742 11.22802414363454 -79.11909483802599
    vertex -4.91829693472663 10.23389361364498 -79.11909483802599
    vertex -3.340976143681218 10.85173265616592 -79.94167151953791
  endloop
endfacet
facet normal -0.147053 -0.977404 0.151843
  outer loop
    vertex -1.825925534109715e-15 11.35439224412936 -81.70348184348593
    vertex 3.340976143681218 10.85173265616592 -81.70348184348593
    vertex 1.689288922447741 11.22802414363454 -80.88090516197401
  endloop
endfacet
facet normal -0.290833 -0.944648 -0.151843
  outer loop
    vertex 3.340976143681218 10.85173265616592 -81.70348184348593
    vertex 4.918296934726629 10.23389361364498 -80.88090516197401
    vertex 1.689288922447741 11.22802414363454 -80.88090516197401
  endloop
endfacet
facet normal -0.42814 -0.890865 0.151843
  outer loop
    vertex 3.340976143681218 10.85173265616592 -81.70348184348593
    vertex 6.38614188101563 9.388259429153152 -81.70348184348593
    vertex 4.918296934726629 10.23389361364498 -80.88090516197401
  endloop
endfacet
facet normal -0.290833 -0.944648 0.151843
  outer loop
    vertex 1.689288922447741 11.22802414363454 -80.88090516197401
    vertex 4.918296934726629 10.23389361364498 -80.88090516197401
    vertex 3.340976143681218 10.85173265616592 -80.05832848046209
  endloop
endfacet
facet normal 0.671319 -0.725448 -0.151843
  outer loop
    vertex -6.386141881015631 9.38825942915315 -78.29651815651407
    vertex -8.865877892554359 7.093548648445346 -78.29651815651407
    vertex -7.711838379084237 8.333652983441795 -79.11909483802599
  endloop
endfacet
facet normal 0.771778 -0.617496 0.151843
  outer loop
    vertex -8.865877892554359 7.093548648445346 -78.29651815651407
    vertex -9.822572779484849 5.695549773750397 -79.11909483802599
    vertex -7.711838379084237 8.333652983441795 -79.11909483802599
  endloop
endfacet
facet normal 0.855059 -0.4958 -0.151843
  outer loop
    vertex -8.865877892554359 7.093548648445346 -78.29651815651407
    vertex -10.56062807084257 4.170774266593292 -78.29651815651407
    vertex -9.822572779484849 5.695549773750397 -79.11909483802599
  endloop
endfacet
facet normal 0.771778 -0.617496 -0.151843
  outer loop
    vertex -7.711838379084237 8.333652983441795 -79.11909483802599
    vertex -9.822572779484849 5.695549773750397 -79.11909483802599
    vertex -8.865877892554352 7.093548648445354 -79.94167151953791
  endloop
endfacet
facet normal -0.671843 -0.726014 0.146735
  outer loop
    vertex 6.38614188101563 9.388259429153152 -81.70348184348593
    vertex 8.865877892554355 7.093548648445349 -81.70348184348593
    vertex 7.72745471127611 8.319174653697418 -80.85174092174296
  endloop
endfacet
facet normal -0.773538 -0.616528 -0.146735
  outer loop
    vertex 8.865877892554355 7.093548648445349 -81.70348184348593
    vertex 9.833237595807573 5.677117368695262 -80.85174092174296
    vertex 7.72745471127611 8.319174653697418 -80.85174092174296
  endloop
endfacet
facet normal -0.855726 -0.496187 0.146735
  outer loop
    vertex 8.865877892554355 7.093548648445349 -81.70348184348593
    vertex 10.56062807084257 4.170774266593291 -81.70348184348592
    vertex 9.833237595807573 5.677117368695262 -80.85174092174296
  endloop
endfacet
facet normal -0.773538 -0.616528 0.146735
  outer loop
    vertex 7.72745471127611 8.319174653697418 -80.85174092174296
    vertex 9.833237595807573 5.677117368695262 -80.85174092174296
    vertex 8.892423594630211 7.060242619571144 -80
  endloop
endfacet
facet normal -0.855726 -0.496187 -0.146735
  outer loop
    vertex 10.56062807084257 4.170774266593291 -78.29651815651407
    vertex 8.865877892554355 7.093548648445349 -78.29651815651407
    vertex 9.833237595807573 5.677117368695262 -79.14825907825704
  endloop
endfacet
facet normal -0.773538 -0.616528 0.146735
  outer loop
    vertex 8.865877892554355 7.093548648445349 -78.29651815651407
    vertex 7.72745471127611 8.319174653697418 -79.14825907825704
    vertex 9.833237595807573 5.677117368695262 -79.14825907825704
  endloop
endfacet
facet normal -0.671843 -0.726014 -0.146735
  outer loop
    vertex 8.865877892554355 7.093548648445349 -78.29651815651407
    vertex 6.38614188101563 9.388259429153152 -78.29651815651407
    vertex 7.72745471127611 8.319174653697418 -79.14825907825704
  endloop
endfacet
facet normal -0.773538 -0.616528 -0.146735
  outer loop
    vertex 9.833237595807573 5.677117368695262 -79.14825907825704
    vertex 7.72745471127611 8.319174653697418 -79.14825907825704
    vertex 8.892423594630211 7.060242619571144 -80
  endloop
endfacet
facet normal 0.856324 -0.496533 0.141999
  outer loop
    vertex -10.56062807084257 4.170774266593292 -81.70348184348592
    vertex -8.865877892554359 7.093548648445346 -81.70348184348593
    vertex -9.822572779484849 5.695549773750397 -80.82257668151192
  endloop
endfacet
facet normal 0.77292 -0.61841 -0.141999
  outer loop
    vertex -8.865877892554359 7.093548648445346 -81.70348184348593
    vertex -7.711838379084237 8.333652983441795 -80.82257668151192
    vertex -9.822572779484849 5.695549773750397 -80.82257668151192
  endloop
endfacet
facet normal 0.672312 -0.726521 0.141999
  outer loop
    vertex -8.865877892554359 7.093548648445346 -81.70348184348593
    vertex -6.386141881015631 9.38825942915315 -81.70348184348593
    vertex -7.711838379084237 8.333652983441795 -80.82257668151192
  endloop
endfacet
facet normal 0.77292 -0.61841 0.141999
  outer loop
    vertex -9.822572779484849 5.695549773750397 -80.82257668151192
    vertex -7.711838379084237 8.333652983441795 -80.82257668151192
    vertex -8.865877892554352 7.093548648445354 -79.94167151953791
  endloop
endfacet
facet normal 0.428773 -0.892183 0.141999
  outer loop
    vertex -6.386141881015631 9.38825942915315 -81.70348184348593
    vertex -3.340976143681221 10.85173265616592 -81.70348184348593
    vertex -4.91829693472663 10.23389361364498 -80.82257668151192
  endloop
endfacet
facet normal 0.291264 -0.946045 -0.141999
  outer loop
    vertex -3.340976143681221 10.85173265616592 -81.70348184348593
    vertex -1.689288922447742 11.22802414363454 -80.82257668151192
    vertex -4.91829693472663 10.23389361364498 -80.82257668151192
  endloop
endfacet
facet normal 0.147271 -0.97885 0.141999
  outer loop
    vertex -3.340976143681221 10.85173265616592 -81.70348184348593
    vertex -1.825925534109715e-15 11.35439224412936 -81.70348184348593
    vertex -1.689288922447742 11.22802414363454 -80.82257668151192
  endloop
endfacet
facet normal 0.291264 -0.946045 0.141999
  outer loop
    vertex -4.91829693472663 10.23389361364498 -80.82257668151192
    vertex -1.689288922447742 11.22802414363454 -80.82257668151192
    vertex -3.340976143681218 10.85173265616592 -79.94167151953791
  endloop
endfacet
facet normal -0.428773 -0.892183 -0.141999
  outer loop
    vertex 6.38614188101563 9.388259429153152 -78.29651815651407
    vertex 3.340976143681218 10.85173265616592 -78.29651815651407
    vertex 4.918296934726629 10.23389361364498 -79.17742331848808
  endloop
endfacet
facet normal -0.291264 -0.946045 0.141999
  outer loop
    vertex 3.340976143681218 10.85173265616592 -78.29651815651407
    vertex 1.689288922447741 11.22802414363454 -79.17742331848808
    vertex 4.918296934726629 10.23389361364498 -79.17742331848808
  endloop
endfacet
facet normal -0.147271 -0.97885 -0.141999
  outer loop
    vertex 3.340976143681218 10.85173265616592 -78.29651815651407
    vertex -1.825925534109715e-15 11.35439224412936 -78.29651815651407
    vertex 1.689288922447741 11.22802414363454 -79.17742331848808
  endloop
endfacet
facet normal -0.291264 -0.946045 -0.141999
  outer loop
    vertex 4.918296934726629 10.23389361364498 -79.17742331848808
    vertex 1.689288922447741 11.22802414363454 -79.17742331848808
    vertex 3.340976143681218 10.85173265616592 -80.05832848046209
  endloop
endfacet
facet normal -0.623284 -0.781995 -0
  outer loop
    vertex 6.38614188101563 9.388259429153152 -78.29651815651407
    vertex 6.38614188101563 9.388259429153152 -80
    vertex 7.72745471127611 8.319174653697418 -79.14825907825704
  endloop
endfacet
facet normal -0.623284 -0.781995 0
  outer loop
    vertex 6.38614188101563 9.388259429153152 -80
    vertex 7.72745471127611 8.319174653697418 -80.85174092174296
    vertex 7.72745471127611 8.319174653697418 -79.14825907825704
  endloop
endfacet
facet normal -0.623284 -0.781995 -0
  outer loop
    vertex 6.38614188101563 9.388259429153152 -80
    vertex 6.38614188101563 9.388259429153152 -81.70348184348593
    vertex 7.72745471127611 8.319174653697418 -80.85174092174296
  endloop
endfacet
facet normal -0.733967 -0.679185 -0
  outer loop
    vertex 7.72745471127611 8.319174653697418 -79.14825907825704
    vertex 7.72745471127611 8.319174653697418 -80.85174092174296
    vertex 8.892423594630211 7.060242619571144 -80
  endloop
endfacet
facet normal 0.622551 -0.782579 0
  outer loop
    vertex -6.386141881015631 9.38825942915315 -81.70348184348593
    vertex -6.386141881015631 9.38825942915315 -80
    vertex -7.711838379084237 8.333652983441795 -80.82257668151192
  endloop
endfacet
facet normal 0.622551 -0.782579 0
  outer loop
    vertex -6.386141881015631 9.38825942915315 -80
    vertex -7.711838379084237 8.333652983441795 -79.11909483802599
    vertex -7.711838379084237 8.333652983441795 -80.82257668151192
  endloop
endfacet
facet normal 0.622551 -0.782579 0
  outer loop
    vertex -6.386141881015631 9.38825942915315 -80
    vertex -6.386141881015631 9.38825942915315 -78.29651815651407
    vertex -7.711838379084237 8.333652983441795 -79.11909483802599
  endloop
endfacet
facet normal 0.732053 -0.681248 0
  outer loop
    vertex -7.711838379084237 8.333652983441795 -80.82257668151192
    vertex -7.711838379084237 8.333652983441795 -79.11909483802599
    vertex -8.865877892554352 7.093548648445354 -79.94167151953791
  endloop
endfacet
facet normal -0.499191 -0.866492 0
  outer loop
    vertex 6.38614188101563 9.388259429153152 -81.70348184348593
    vertex 6.38614188101563 9.388259429153152 -80
    vertex 4.918296934726629 10.23389361364498 -80.88090516197401
  endloop
endfacet
facet normal -0.499191 -0.866492 0
  outer loop
    vertex 6.38614188101563 9.388259429153152 -80
    vertex 4.918296934726629 10.23389361364498 -79.17742331848808
    vertex 4.918296934726629 10.23389361364498 -80.88090516197401
  endloop
endfacet
facet normal -0.499191 -0.866492 0
  outer loop
    vertex 6.38614188101563 9.388259429153152 -80
    vertex 6.38614188101563 9.388259429153152 -78.29651815651407
    vertex 4.918296934726629 10.23389361364498 -79.17742331848808
  endloop
endfacet
facet normal -0.36472 -0.931117 0
  outer loop
    vertex 4.918296934726629 10.23389361364498 -80.88090516197401
    vertex 4.918296934726629 10.23389361364498 -79.17742331848808
    vertex 3.340976143681218 10.85173265616592 -80.05832848046209
  endloop
endfacet
facet normal 0.0745971 -0.997214 0
  outer loop
    vertex -1.825925534109715e-15 11.35439224412936 -81.70348184348593
    vertex -1.825925534109715e-15 11.35439224412936 -80
    vertex -1.689288922447742 11.22802414363454 -80.82257668151192
  endloop
endfacet
facet normal 0.0745971 -0.997214 0
  outer loop
    vertex -1.825925534109715e-15 11.35439224412936 -80
    vertex -1.689288922447742 11.22802414363454 -79.11909483802599
    vertex -1.689288922447742 11.22802414363454 -80.82257668151192
  endloop
endfacet
facet normal 0.0745971 -0.997214 0
  outer loop
    vertex -1.825925534109715e-15 11.35439224412936 -80
    vertex -1.825925534109715e-15 11.35439224412936 -78.29651815651407
    vertex -1.689288922447742 11.22802414363454 -79.11909483802599
  endloop
endfacet
facet normal 0.222131 -0.975017 0
  outer loop
    vertex -1.689288922447742 11.22802414363454 -80.82257668151192
    vertex -1.689288922447742 11.22802414363454 -79.11909483802599
    vertex -3.340976143681218 10.85173265616592 -79.94167151953791
  endloop
endfacet
facet normal -0.0745971 -0.997214 -0
  outer loop
    vertex -1.825925534109715e-15 11.35439224412936 -78.29651815651407
    vertex -1.825925534109715e-15 11.35439224412936 -80
    vertex 1.689288922447741 11.22802414363454 -79.17742331848808
  endloop
endfacet
facet normal -0.0745971 -0.997214 0
  outer loop
    vertex -1.825925534109715e-15 11.35439224412936 -80
    vertex 1.689288922447741 11.22802414363454 -80.88090516197401
    vertex 1.689288922447741 11.22802414363454 -79.17742331848808
  endloop
endfacet
facet normal -0.0745971 -0.997214 -0
  outer loop
    vertex -1.825925534109715e-15 11.35439224412936 -80
    vertex -1.825925534109715e-15 11.35439224412936 -81.70348184348593
    vertex 1.689288922447741 11.22802414363454 -80.88090516197401
  endloop
endfacet
facet normal -0.222131 -0.975017 -0
  outer loop
    vertex 1.689288922447741 11.22802414363454 -79.17742331848808
    vertex 1.689288922447741 11.22802414363454 -80.88090516197401
    vertex 3.340976143681218 10.85173265616592 -80.05832848046209
  endloop
endfacet
facet normal 0.499191 -0.866492 0
  outer loop
    vertex -6.386141881015631 9.38825942915315 -78.29651815651407
    vertex -6.386141881015631 9.38825942915315 -80
    vertex -4.91829693472663 10.23389361364498 -79.11909483802599
  endloop
endfacet
facet normal 0.499191 -0.866492 0
  outer loop
    vertex -6.386141881015631 9.38825942915315 -80
    vertex -4.91829693472663 10.23389361364498 -80.82257668151192
    vertex -4.91829693472663 10.23389361364498 -79.11909483802599
  endloop
endfacet
facet normal 0.499191 -0.866492 0
  outer loop
    vertex -6.386141881015631 9.38825942915315 -80
    vertex -6.386141881015631 9.38825942915315 -81.70348184348593
    vertex -4.91829693472663 10.23389361364498 -80.82257668151192
  endloop
endfacet
facet normal 0.36472 -0.931117 0
  outer loop
    vertex -4.91829693472663 10.23389361364498 -79.11909483802599
    vertex -4.91829693472663 10.23389361364498 -80.82257668151192
    vertex -3.340976143681218 10.85173265616592 -79.94167151953791
  endloop
endfacet
facet normal 0.900099 -0.435686 -7.11443e-16
  outer loop
    vertex -10.56062807084257 4.170774266593292 -78.29651815651407
    vertex -10.56062807084257 4.170774266593291 -80
    vertex -9.822572779484849 5.695549773750397 -79.11909483802599
  endloop
endfacet
facet normal 0.900099 -0.435686 0
  outer loop
    vertex -10.56062807084257 4.170774266593291 -80
    vertex -9.822572779484849 5.695549773750397 -80.82257668151192
    vertex -9.822572779484849 5.695549773750397 -79.11909483802599
  endloop
endfacet
facet normal 0.900099 -0.435686 7.11443e-16
  outer loop
    vertex -10.56062807084257 4.170774266593291 -80
    vertex -10.56062807084257 4.170774266593292 -81.70348184348592
    vertex -9.822572779484849 5.695549773750397 -80.82257668151192
  endloop
endfacet
facet normal 0.825261 -0.564752 0
  outer loop
    vertex -9.822572779484849 5.695549773750397 -79.11909483802599
    vertex -9.822572779484849 5.695549773750397 -80.82257668151192
    vertex -8.865877892554352 7.093548648445354 -79.94167151953791
  endloop
endfacet
facet normal -0.900507 -0.434841 0
  outer loop
    vertex 10.56062807084257 4.170774266593291 -81.70348184348592
    vertex 10.56062807084257 4.170774266593291 -80
    vertex 9.833237595807573 5.677117368695262 -80.85174092174296
  endloop
endfacet
facet normal -0.900507 -0.434841 0
  outer loop
    vertex 10.56062807084257 4.170774266593291 -80
    vertex 9.833237595807573 5.677117368695262 -79.14825907825704
    vertex 9.833237595807573 5.677117368695262 -80.85174092174296
  endloop
endfacet
facet normal -0.900507 -0.434841 0
  outer loop
    vertex 10.56062807084257 4.170774266593291 -80
    vertex 10.56062807084257 4.170774266593291 -78.29651815651407
    vertex 9.833237595807573 5.677117368695262 -79.14825907825704
  endloop
endfacet
facet normal -0.826846 -0.562428 0
  outer loop
    vertex 9.833237595807573 5.677117368695262 -80.85174092174296
    vertex 9.833237595807573 5.677117368695262 -79.14825907825704
    vertex 8.892423594630211 7.060242619571144 -80
  endloop
endfacet
facet normal 0.327363 -0.336289 -0.88303
  outer loop
    vertex -4.286703392539478 4.170774266593292 -75.71181940859125
    vertex -5.877644766269534 4.170774266593291 -76.30162470160305
    vertex -3.953679144107553 5.629703216838382 -76.14397024235525
  endloop
endfacet
facet normal 0.284908 -0.276545 -0.917796
  outer loop
    vertex -5.877644766269534 4.170774266593291 -76.30162470160305
    vertex -5.571686042376473 5.663046108098317 -76.65628895144044
    vertex -3.953679144107553 5.629703216838382 -76.14397024235525
  endloop
endfacet
facet normal 0.361443 -0.285093 -0.887739
  outer loop
    vertex -5.877644766269534 4.170774266593291 -76.30162470160305
    vertex -7.449212069475211 4.170774266593291 -76.94148837347672
    vertex -5.571686042376473 5.663046108098317 -76.65628895144044
  endloop
endfacet
facet normal 0.272328 -0.378361 -0.884692
  outer loop
    vertex -3.953679144107553 5.629703216838382 -76.14397024235525
    vertex -5.571686042376473 5.663046108098317 -76.65628895144044
    vertex -3.600963450055869 7.060593221405502 -76.64735201742407
  endloop
endfacet
facet normal -0.361443 -0.285093 -0.887739
  outer loop
    vertex 7.449212069475212 4.170774266593291 -76.94148837347672
    vertex 5.877644766269082 4.170774266593291 -76.30162470160286
    vertex 5.571686042376466 5.663046108098324 -76.65628895144044
  endloop
endfacet
facet normal -0.284908 -0.276545 -0.917796
  outer loop
    vertex 5.877644766269082 4.170774266593291 -76.30162470160286
    vertex 3.953679144107546 5.629703216838387 -76.14397024235525
    vertex 5.571686042376466 5.663046108098324 -76.65628895144044
  endloop
endfacet
facet normal -0.327363 -0.336289 -0.88303
  outer loop
    vertex 5.877644766269082 4.170774266593291 -76.30162470160286
    vertex 4.28670339253948 4.170774266593291 -75.71181940859125
    vertex 3.953679144107546 5.629703216838387 -76.14397024235525
  endloop
endfacet
facet normal -0.272328 -0.378361 -0.884692
  outer loop
    vertex 5.571686042376466 5.663046108098324 -76.65628895144044
    vertex 3.953679144107546 5.629703216838387 -76.14397024235525
    vertex 3.600963450055854 7.060593221405513 -76.64735201742407
  endloop
endfacet
facet normal -0.264285 -0.33214 -0.905448
  outer loop
    vertex 6.38614188101563 9.388259429153152 -78.29651815651407
    vertex 6.952567044830015 6.813710091561626 -77.51744230038582
    vertex 4.995350254225556 8.227386970081293 -77.46473432860557
  endloop
endfacet
facet normal -0.273041 -0.344533 -0.89819
  outer loop
    vertex 6.952567044830015 6.813710091561626 -77.51744230038582
    vertex 5.571686042376466 5.663046108098324 -76.65628895144044
    vertex 4.995350254225556 8.227386970081293 -77.46473432860557
  endloop
endfacet
facet normal -0.344606 -0.261249 -0.901663
  outer loop
    vertex 6.952567044830015 6.813710091561626 -77.51744230038582
    vertex 7.449212069475212 4.170774266593291 -76.94148837347672
    vertex 5.571686042376466 5.663046108098324 -76.65628895144044
  endloop
endfacet
facet normal -0.246158 -0.341314 -0.907144
  outer loop
    vertex 4.995350254225556 8.227386970081293 -77.46473432860557
    vertex 5.571686042376466 5.663046108098324 -76.65628895144044
    vertex 3.600963450055854 7.060593221405513 -76.64735201742407
  endloop
endfacet
facet normal 0.344606 -0.261249 -0.901663
  outer loop
    vertex -7.449212069475211 4.170774266593291 -76.94148837347672
    vertex -6.952567044830015 6.813710091561627 -77.51744230038582
    vertex -5.571686042376473 5.663046108098317 -76.65628895144044
  endloop
endfacet
facet normal 0.273041 -0.344533 -0.89819
  outer loop
    vertex -6.952567044830015 6.813710091561627 -77.51744230038582
    vertex -4.995350254225566 8.227386970081287 -77.46473432860557
    vertex -5.571686042376473 5.663046108098317 -76.65628895144044
  endloop
endfacet
facet normal 0.264285 -0.33214 -0.905448
  outer loop
    vertex -6.952567044830015 6.813710091561627 -77.51744230038582
    vertex -6.386141881015631 9.38825942915315 -78.29651815651407
    vertex -4.995350254225566 8.227386970081287 -77.46473432860557
  endloop
endfacet
facet normal 0.246158 -0.341314 -0.907144
  outer loop
    vertex -5.571686042376473 5.663046108098317 -76.65628895144044
    vertex -4.995350254225566 8.227386970081287 -77.46473432860557
    vertex -3.600963450055869 7.060593221405502 -76.64735201742407
  endloop
endfacet
facet normal -0.0678301 -0.450839 -0.890024
  outer loop
    vertex -1.825925534109715e-15 11.35439224412936 -78.29651815651407
    vertex 3.340976143681218 10.85173265616592 -78.29651815651407
    vertex 1.80979353818004 9.255112461829469 -77.37106046144676
  endloop
endfacet
facet normal -0.15058 -0.383697 -0.911099
  outer loop
    vertex 3.340976143681218 10.85173265616592 -78.29651815651407
    vertex 4.995350254225556 8.227386970081293 -77.46473432860557
    vertex 1.80979353818004 9.255112461829469 -77.37106046144676
  endloop
endfacet
facet normal -0.195105 -0.405971 -0.892817
  outer loop
    vertex 3.340976143681218 10.85173265616592 -78.29651815651407
    vertex 6.38614188101563 9.388259429153152 -78.29651815651407
    vertex 4.995350254225556 8.227386970081293 -77.46473432860557
  endloop
endfacet
facet normal -0.163924 -0.42705 -0.889245
  outer loop
    vertex 1.80979353818004 9.255112461829469 -77.37106046144676
    vertex 4.995350254225556 8.227386970081293 -77.46473432860557
    vertex 3.600963450055854 7.060593221405513 -76.64735201742407
  endloop
endfacet
facet normal 0.195105 -0.405971 -0.892817
  outer loop
    vertex -6.386141881015631 9.38825942915315 -78.29651815651407
    vertex -3.340976143681221 10.85173265616592 -78.29651815651407
    vertex -4.995350254225566 8.227386970081287 -77.46473432860557
  endloop
endfacet
facet normal 0.15058 -0.383697 -0.911099
  outer loop
    vertex -3.340976143681221 10.85173265616592 -78.29651815651407
    vertex -1.809793538180049 9.255112461829462 -77.37106046144676
    vertex -4.995350254225566 8.227386970081287 -77.46473432860557
  endloop
endfacet
facet normal 0.0678301 -0.450839 -0.890024
  outer loop
    vertex -3.340976143681221 10.85173265616592 -78.29651815651407
    vertex -1.825925534109715e-15 11.35439224412936 -78.29651815651407
    vertex -1.809793538180049 9.255112461829462 -77.37106046144676
  endloop
endfacet
facet normal 0.163924 -0.42705 -0.889245
  outer loop
    vertex -4.995350254225566 8.227386970081287 -77.46473432860557
    vertex -1.809793538180049 9.255112461829462 -77.37106046144676
    vertex -3.600963450055869 7.060593221405502 -76.64735201742407
  endloop
endfacet
facet normal -0.0586438 -0.432724 -0.899617
  outer loop
    vertex 3.662246000719255e-16 5.980901600802866 -75.71181940859125
    vertex -1.393863933541774e-15 8.667646922466108 -77.00416878255265
    vertex 1.809914430660666 6.554909541149381 -76.10590631592619
  endloop
endfacet
facet normal -0.0458035 -0.423835 -0.904581
  outer loop
    vertex -1.393863933541774e-15 8.667646922466108 -77.00416878255265
    vertex 1.80979353818004 9.255112461829469 -77.37106046144676
    vertex 1.809914430660666 6.554909541149381 -76.10590631592619
  endloop
endfacet
facet normal -0.041947 -0.433089 -0.900375
  outer loop
    vertex -1.393863933541774e-15 8.667646922466108 -77.00416878255265
    vertex -1.825925534109715e-15 11.35439224412936 -78.29651815651407
    vertex 1.80979353818004 9.255112461829469 -77.37106046144676
  endloop
endfacet
facet normal -0.152163 -0.419343 -0.894985
  outer loop
    vertex 1.809914430660666 6.554909541149381 -76.10590631592619
    vertex 1.80979353818004 9.255112461829469 -77.37106046144676
    vertex 3.600963450055854 7.060593221405513 -76.64735201742407
  endloop
endfacet
facet normal 0.041947 -0.433089 -0.900375
  outer loop
    vertex -1.825925534109715e-15 11.35439224412936 -78.29651815651407
    vertex -1.393863933541774e-15 8.667646922466108 -77.00416878255265
    vertex -1.809793538180049 9.255112461829462 -77.37106046144676
  endloop
endfacet
facet normal 0.0458035 -0.423835 -0.904581
  outer loop
    vertex -1.393863933541774e-15 8.667646922466108 -77.00416878255265
    vertex -1.809914430660675 6.554909541149375 -76.10590631592619
    vertex -1.809793538180049 9.255112461829462 -77.37106046144676
  endloop
endfacet
facet normal 0.0586438 -0.432724 -0.899617
  outer loop
    vertex -1.393863933541774e-15 8.667646922466108 -77.00416878255265
    vertex 3.662246000719255e-16 5.980901600802866 -75.71181940859125
    vertex -1.809914430660675 6.554909541149375 -76.10590631592619
  endloop
endfacet
facet normal 0.152163 -0.419343 -0.894985
  outer loop
    vertex -1.809793538180049 9.255112461829462 -77.37106046144676
    vertex -1.809914430660675 6.554909541149375 -76.10590631592619
    vertex -3.600963450055869 7.060593221405502 -76.64735201742407
  endloop
endfacet
facet normal -0.220642 -0.322976 -0.920328
  outer loop
    vertex 4.28670339253948 4.170774266593291 -75.71181940859125
    vertex 2.326606269959647 5.509817349338429 -75.71181940859125
    vertex 3.953679144107546 5.629703216838387 -76.14397024235525
  endloop
endfacet
facet normal -0.20177 -0.431339 -0.879338
  outer loop
    vertex 2.326606269959647 5.509817349338429 -75.71181940859125
    vertex 1.809914430660666 6.554909541149381 -76.10590631592619
    vertex 3.953679144107546 5.629703216838387 -76.14397024235525
  endloop
endfacet
facet normal -0.0780132 -0.385294 -0.91949
  outer loop
    vertex 2.326606269959647 5.509817349338429 -75.71181940859125
    vertex 3.662246000719255e-16 5.980901600802866 -75.71181940859125
    vertex 1.809914430660666 6.554909541149381 -76.10590631592619
  endloop
endfacet
facet normal -0.173609 -0.364627 -0.914826
  outer loop
    vertex 3.953679144107546 5.629703216838387 -76.14397024235525
    vertex 1.809914430660666 6.554909541149381 -76.10590631592619
    vertex 3.600963450055854 7.060593221405513 -76.64735201742407
  endloop
endfacet
facet normal 0.0780132 -0.385294 -0.91949
  outer loop
    vertex 3.662246000719255e-16 5.980901600802866 -75.71181940859125
    vertex -2.326606269959645 5.509817349338429 -75.71181940859125
    vertex -1.809914430660675 6.554909541149375 -76.10590631592619
  endloop
endfacet
facet normal 0.20177 -0.431339 -0.879338
  outer loop
    vertex -2.326606269959645 5.509817349338429 -75.71181940859125
    vertex -3.953679144107553 5.629703216838382 -76.14397024235525
    vertex -1.809914430660675 6.554909541149375 -76.10590631592619
  endloop
endfacet
facet normal 0.220642 -0.322976 -0.920328
  outer loop
    vertex -2.326606269959645 5.509817349338429 -75.71181940859125
    vertex -4.286703392539478 4.170774266593292 -75.71181940859125
    vertex -3.953679144107553 5.629703216838382 -76.14397024235525
  endloop
endfacet
facet normal 0.173609 -0.364627 -0.914826
  outer loop
    vertex -1.809914430660675 6.554909541149375 -76.10590631592619
    vertex -3.953679144107553 5.629703216838382 -76.14397024235525
    vertex -3.600963450055869 7.060593221405502 -76.64735201742407
  endloop
endfacet
facet normal -0.393817 -0.228352 -0.890373
  outer loop
    vertex 10.56062807084257 4.170774266593291 -78.29651815651407
    vertex 9.008781114699369 4.170774266593291 -77.6101271120846
    vertex 8.865877892554355 7.093548648445349 -78.29651815651407
  endloop
endfacet
facet normal -0.337794 -0.230805 -0.912482
  outer loop
    vertex 9.008781114699369 4.170774266593291 -77.6101271120846
    vertex 6.952567044830015 6.813710091561626 -77.51744230038582
    vertex 8.865877892554355 7.093548648445349 -78.29651815651407
  endloop
endfacet
facet normal -0.380004 -0.264562 -0.886343
  outer loop
    vertex 9.008781114699369 4.170774266593291 -77.6101271120846
    vertex 7.449212069475212 4.170774266593291 -76.94148837347672
    vertex 6.952567044830015 6.813710091561626 -77.51744230038582
  endloop
endfacet
facet normal -0.312252 -0.33743 -0.888054
  outer loop
    vertex 8.865877892554355 7.093548648445349 -78.29651815651407
    vertex 6.952567044830015 6.813710091561626 -77.51744230038582
    vertex 6.38614188101563 9.388259429153152 -78.29651815651407
  endloop
endfacet
facet normal 0.312252 -0.33743 -0.888054
  outer loop
    vertex -6.386141881015631 9.38825942915315 -78.29651815651407
    vertex -6.952567044830015 6.813710091561627 -77.51744230038582
    vertex -8.865877892554359 7.093548648445346 -78.29651815651407
  endloop
endfacet
facet normal 0.337794 -0.230805 -0.912482
  outer loop
    vertex -6.952567044830015 6.813710091561627 -77.51744230038582
    vertex -9.008781114699424 4.170774266593291 -77.61012711208463
    vertex -8.865877892554359 7.093548648445346 -78.29651815651407
  endloop
endfacet
facet normal 0.380004 -0.264562 -0.886343
  outer loop
    vertex -6.952567044830015 6.813710091561627 -77.51744230038582
    vertex -7.449212069475211 4.170774266593291 -76.94148837347672
    vertex -9.008781114699424 4.170774266593291 -77.61012711208463
  endloop
endfacet
facet normal 0.393817 -0.228352 -0.890373
  outer loop
    vertex -8.865877892554359 7.093548648445346 -78.29651815651407
    vertex -9.008781114699424 4.170774266593291 -77.61012711208463
    vertex -10.56062807084257 4.170774266593292 -78.29651815651407
  endloop
endfacet
facet normal 0 0 -1
  outer loop
    vertex 7.105427357601002e-15 4.170774266593291 -75.71181940859125
    vertex 3.735825978836464e-15 5.075837933698079 -75.71181940859125
    vertex 2.143351696269743 4.170774266593291 -75.71181940859125
  endloop
endfacet
facet normal 0 0 -1
  outer loop
    vertex 3.735825978836464e-15 5.075837933698079 -75.71181940859125
    vertex 2.326606269959647 5.509817349338429 -75.71181940859125
    vertex 2.143351696269743 4.170774266593291 -75.71181940859125
  endloop
endfacet
facet normal 0 0 -1
  outer loop
    vertex 3.735825978836464e-15 5.075837933698079 -75.71181940859125
    vertex 3.662246000719255e-16 5.980901600802866 -75.71181940859125
    vertex 2.326606269959647 5.509817349338429 -75.71181940859125
  endloop
endfacet
facet normal 0 0 -1
  outer loop
    vertex 2.143351696269743 4.170774266593291 -75.71181940859125
    vertex 2.326606269959647 5.509817349338429 -75.71181940859125
    vertex 4.28670339253948 4.170774266593291 -75.71181940859125
  endloop
endfacet
facet normal 0 -0 -1
  outer loop
    vertex 3.662246000719255e-16 5.980901600802866 -75.71181940859125
    vertex 3.735825978836464e-15 5.075837933698079 -75.71181940859125
    vertex -2.326606269959645 5.509817349338429 -75.71181940859125
  endloop
endfacet
facet normal -0 0 -1
  outer loop
    vertex 3.735825978836464e-15 5.075837933698079 -75.71181940859125
    vertex -2.143351696269736 4.170774266593291 -75.71181940859125
    vertex -2.326606269959645 5.509817349338429 -75.71181940859125
  endloop
endfacet
facet normal 0 -0 -1
  outer loop
    vertex 3.735825978836464e-15 5.075837933698079 -75.71181940859125
    vertex 7.105427357601002e-15 4.170774266593291 -75.71181940859125
    vertex -2.143351696269736 4.170774266593291 -75.71181940859125
  endloop
endfacet
facet normal 0 -0 -1
  outer loop
    vertex -2.326606269959645 5.509817349338429 -75.71181940859125
    vertex -2.143351696269736 4.170774266593291 -75.71181940859125
    vertex -4.286703392539478 4.170774266593292 -75.71181940859125
  endloop
endfacet
facet normal 0 0 1
  outer loop
    vertex 3.662246000719255e-16 5.980901600802866 -44.28818059140875
    vertex 6.272015098860253e-16 5.075837933698079 -44.28818059140875
    vertex 2.326606269959647 5.509817349338429 -44.28818059140875
  endloop
endfacet
facet normal -0 0 1
  outer loop
    vertex 6.272015098860253e-16 5.075837933698079 -44.28818059140875
    vertex 2.14335169626974 4.170774266593291 -44.28818059140875
    vertex 2.326606269959647 5.509817349338429 -44.28818059140875
  endloop
endfacet
facet normal 0 0 1
  outer loop
    vertex 6.272015098860253e-16 5.075837933698079 -44.28818059140875
    vertex 8.881784197001252e-16 4.170774266593291 -44.28818059140875
    vertex 2.14335169626974 4.170774266593291 -44.28818059140875
  endloop
endfacet
facet normal 0 0 1
  outer loop
    vertex 2.326606269959647 5.509817349338429 -44.28818059140875
    vertex 2.14335169626974 4.170774266593291 -44.28818059140875
    vertex 4.28670339253948 4.170774266593291 -44.28818059140875
  endloop
endfacet
facet normal 0 0 1
  outer loop
    vertex 8.881784197001252e-16 4.170774266593291 -44.28818059140875
    vertex 6.272015098860253e-16 5.075837933698079 -44.28818059140875
    vertex -2.143351696269739 4.170774266593291 -44.28818059140875
  endloop
endfacet
facet normal 0 0 1
  outer loop
    vertex 6.272015098860253e-16 5.075837933698079 -44.28818059140875
    vertex -2.326606269959645 5.509817349338429 -44.28818059140875
    vertex -2.143351696269739 4.170774266593291 -44.28818059140875
  endloop
endfacet
facet normal 0 0 1
  outer loop
    vertex 6.272015098860253e-16 5.075837933698079 -44.28818059140875
    vertex 3.662246000719255e-16 5.980901600802866 -44.28818059140875
    vertex -2.326606269959645 5.509817349338429 -44.28818059140875
  endloop
endfacet
facet normal 0 0 1
  outer loop
    vertex -2.143351696269739 4.170774266593291 -44.28818059140875
    vertex -2.326606269959645 5.509817349338429 -44.28818059140875
    vertex -4.286703392539478 4.170774266593292 -44.28818059140875
  endloop
endfacet
facet normal -0.327363 -0.336289 0.88303
  outer loop
    vertex 4.28670339253948 4.170774266593291 -44.28818059140875
    vertex 5.877644766269534 4.170774266593291 -43.69837529839695
    vertex 3.953679144107548 5.629703216838379 -43.85602975764475
  endloop
endfacet
facet normal -0.284908 -0.276545 0.917796
  outer loop
    vertex 5.877644766269534 4.170774266593291 -43.69837529839695
    vertex 5.571686042376471 5.663046108098321 -43.34371104855955
    vertex 3.953679144107548 5.629703216838379 -43.85602975764475
  endloop
endfacet
facet normal -0.361443 -0.285093 0.887739
  outer loop
    vertex 5.877644766269534 4.170774266593291 -43.69837529839695
    vertex 7.449212069475212 4.170774266593291 -43.05851162652328
    vertex 5.571686042376471 5.663046108098321 -43.34371104855955
  endloop
endfacet
facet normal -0.272328 -0.378361 0.884692
  outer loop
    vertex 3.953679144107548 5.629703216838379 -43.85602975764475
    vertex 5.571686042376471 5.663046108098321 -43.34371104855955
    vertex 3.60096345005586 7.060593221405503 -43.35264798257593
  endloop
endfacet
facet normal 0.361443 -0.285093 0.887739
  outer loop
    vertex -7.449212069475209 4.170774266593291 -43.05851162652328
    vertex -5.87764476626908 4.170774266593291 -43.69837529839713
    vertex -5.571686042376461 5.663046108098325 -43.34371104855955
  endloop
endfacet
facet normal 0.284908 -0.276545 0.917796
  outer loop
    vertex -5.87764476626908 4.170774266593291 -43.69837529839713
    vertex -3.953679144107539 5.629703216838385 -43.85602975764476
    vertex -5.571686042376461 5.663046108098325 -43.34371104855955
  endloop
endfacet
facet normal 0.327363 -0.336289 0.88303
  outer loop
    vertex -5.87764476626908 4.170774266593291 -43.69837529839713
    vertex -4.286703392539478 4.170774266593292 -44.28818059140875
    vertex -3.953679144107539 5.629703216838385 -43.85602975764476
  endloop
endfacet
facet normal 0.272328 -0.378361 0.884692
  outer loop
    vertex -5.571686042376461 5.663046108098325 -43.34371104855955
    vertex -3.953679144107539 5.629703216838385 -43.85602975764476
    vertex -3.600963450055845 7.06059322140551 -43.35264798257593
  endloop
endfacet
facet normal 0.264285 -0.33214 0.905448
  outer loop
    vertex -6.386141881015631 9.38825942915315 -41.70348184348592
    vertex -6.952567044830013 6.813710091561625 -42.48255769961417
    vertex -4.995350254225554 8.227386970081291 -42.53526567139443
  endloop
endfacet
facet normal 0.273041 -0.344533 0.89819
  outer loop
    vertex -6.952567044830013 6.813710091561625 -42.48255769961417
    vertex -5.571686042376461 5.663046108098325 -43.34371104855955
    vertex -4.995350254225554 8.227386970081291 -42.53526567139443
  endloop
endfacet
facet normal 0.344606 -0.261249 0.901663
  outer loop
    vertex -6.952567044830013 6.813710091561625 -42.48255769961417
    vertex -7.449212069475209 4.170774266593291 -43.05851162652328
    vertex -5.571686042376461 5.663046108098325 -43.34371104855955
  endloop
endfacet
facet normal 0.246158 -0.341314 0.907144
  outer loop
    vertex -4.995350254225554 8.227386970081291 -42.53526567139443
    vertex -5.571686042376461 5.663046108098325 -43.34371104855955
    vertex -3.600963450055845 7.06059322140551 -43.35264798257593
  endloop
endfacet
facet normal -0.344606 -0.261249 0.901663
  outer loop
    vertex 7.449212069475212 4.170774266593291 -43.05851162652328
    vertex 6.952567044830014 6.813710091561625 -42.48255769961417
    vertex 5.571686042376471 5.663046108098321 -43.34371104855955
  endloop
endfacet
facet normal -0.273041 -0.344533 0.89819
  outer loop
    vertex 6.952567044830014 6.813710091561625 -42.48255769961417
    vertex 4.99535025422556 8.227386970081291 -42.53526567139443
    vertex 5.571686042376471 5.663046108098321 -43.34371104855955
  endloop
endfacet
facet normal -0.264285 -0.33214 0.905448
  outer loop
    vertex 6.952567044830014 6.813710091561625 -42.48255769961417
    vertex 6.38614188101563 9.388259429153152 -41.70348184348592
    vertex 4.99535025422556 8.227386970081291 -42.53526567139443
  endloop
endfacet
facet normal -0.246158 -0.341314 0.907144
  outer loop
    vertex 5.571686042376471 5.663046108098321 -43.34371104855955
    vertex 4.99535025422556 8.227386970081291 -42.53526567139443
    vertex 3.60096345005586 7.060593221405503 -43.35264798257593
  endloop
endfacet
facet normal 0.0678301 -0.450839 0.890024
  outer loop
    vertex -1.825925534109715e-15 11.35439224412936 -41.70348184348592
    vertex -3.340976143681221 10.85173265616592 -41.70348184348592
    vertex -1.809793538180037 9.255112461829468 -42.62893953855323
  endloop
endfacet
facet normal 0.15058 -0.383697 0.911099
  outer loop
    vertex -3.340976143681221 10.85173265616592 -41.70348184348592
    vertex -4.995350254225554 8.227386970081291 -42.53526567139443
    vertex -1.809793538180037 9.255112461829468 -42.62893953855323
  endloop
endfacet
facet normal 0.195105 -0.405971 0.892817
  outer loop
    vertex -3.340976143681221 10.85173265616592 -41.70348184348592
    vertex -6.386141881015631 9.38825942915315 -41.70348184348592
    vertex -4.995350254225554 8.227386970081291 -42.53526567139443
  endloop
endfacet
facet normal 0.163924 -0.42705 0.889245
  outer loop
    vertex -1.809793538180037 9.255112461829468 -42.62893953855323
    vertex -4.995350254225554 8.227386970081291 -42.53526567139443
    vertex -3.600963450055845 7.06059322140551 -43.35264798257593
  endloop
endfacet
facet normal -0.195105 -0.405971 0.892817
  outer loop
    vertex 6.38614188101563 9.388259429153152 -41.70348184348592
    vertex 3.340976143681218 10.85173265616592 -41.70348184348592
    vertex 4.99535025422556 8.227386970081291 -42.53526567139443
  endloop
endfacet
facet normal -0.15058 -0.383697 0.911099
  outer loop
    vertex 3.340976143681218 10.85173265616592 -41.70348184348592
    vertex 1.809793538180041 9.255112461829464 -42.62893953855323
    vertex 4.99535025422556 8.227386970081291 -42.53526567139443
  endloop
endfacet
facet normal -0.0678301 -0.450839 0.890024
  outer loop
    vertex 3.340976143681218 10.85173265616592 -41.70348184348592
    vertex -1.825925534109715e-15 11.35439224412936 -41.70348184348592
    vertex 1.809793538180041 9.255112461829464 -42.62893953855323
  endloop
endfacet
facet normal -0.163924 -0.42705 0.889245
  outer loop
    vertex 4.99535025422556 8.227386970081291 -42.53526567139443
    vertex 1.809793538180041 9.255112461829464 -42.62893953855323
    vertex 3.60096345005586 7.060593221405503 -43.35264798257593
  endloop
endfacet
facet normal -0.041947 -0.433089 0.900375
  outer loop
    vertex -1.825925534109715e-15 11.35439224412936 -41.70348184348592
    vertex -1.393863933541775e-15 8.667646922466112 -42.99583121744733
    vertex 1.809793538180041 9.255112461829464 -42.62893953855323
  endloop
endfacet
facet normal -0.0458035 -0.423835 0.904581
  outer loop
    vertex -1.393863933541775e-15 8.667646922466112 -42.99583121744733
    vertex 1.809914430660668 6.554909541149373 -43.89409368407381
    vertex 1.809793538180041 9.255112461829464 -42.62893953855323
  endloop
endfacet
facet normal -0.0586438 -0.432724 0.899617
  outer loop
    vertex -1.393863933541775e-15 8.667646922466112 -42.99583121744733
    vertex 3.662246000719255e-16 5.980901600802866 -44.28818059140875
    vertex 1.809914430660668 6.554909541149373 -43.89409368407381
  endloop
endfacet
facet normal -0.152163 -0.419343 0.894985
  outer loop
    vertex 1.809793538180041 9.255112461829464 -42.62893953855323
    vertex 1.809914430660668 6.554909541149373 -43.89409368407381
    vertex 3.60096345005586 7.060593221405503 -43.35264798257593
  endloop
endfacet
facet normal 0.0586438 -0.432724 0.899617
  outer loop
    vertex 3.662246000719255e-16 5.980901600802866 -44.28818059140875
    vertex -1.393863933541775e-15 8.667646922466112 -42.99583121744733
    vertex -1.80991443066066 6.554909541149375 -43.89409368407381
  endloop
endfacet
facet normal 0.0458035 -0.423835 0.904581
  outer loop
    vertex -1.393863933541775e-15 8.667646922466112 -42.99583121744733
    vertex -1.809793538180037 9.255112461829468 -42.62893953855323
    vertex -1.80991443066066 6.554909541149375 -43.89409368407381
  endloop
endfacet
facet normal 0.041947 -0.433089 0.900375
  outer loop
    vertex -1.393863933541775e-15 8.667646922466112 -42.99583121744733
    vertex -1.825925534109715e-15 11.35439224412936 -41.70348184348592
    vertex -1.809793538180037 9.255112461829468 -42.62893953855323
  endloop
endfacet
facet normal 0.152163 -0.419343 0.894985
  outer loop
    vertex -1.80991443066066 6.554909541149375 -43.89409368407381
    vertex -1.809793538180037 9.255112461829468 -42.62893953855323
    vertex -3.600963450055845 7.06059322140551 -43.35264798257593
  endloop
endfacet
facet normal -0.0780132 -0.385294 0.91949
  outer loop
    vertex 3.662246000719255e-16 5.980901600802866 -44.28818059140875
    vertex 2.326606269959647 5.509817349338429 -44.28818059140875
    vertex 1.809914430660668 6.554909541149373 -43.89409368407381
  endloop
endfacet
facet normal -0.20177 -0.431339 0.879338
  outer loop
    vertex 2.326606269959647 5.509817349338429 -44.28818059140875
    vertex 3.953679144107548 5.629703216838379 -43.85602975764475
    vertex 1.809914430660668 6.554909541149373 -43.89409368407381
  endloop
endfacet
facet normal -0.220642 -0.322976 0.920328
  outer loop
    vertex 2.326606269959647 5.509817349338429 -44.28818059140875
    vertex 4.28670339253948 4.170774266593291 -44.28818059140875
    vertex 3.953679144107548 5.629703216838379 -43.85602975764475
  endloop
endfacet
facet normal -0.173609 -0.364627 0.914826
  outer loop
    vertex 1.809914430660668 6.554909541149373 -43.89409368407381
    vertex 3.953679144107548 5.629703216838379 -43.85602975764475
    vertex 3.60096345005586 7.060593221405503 -43.35264798257593
  endloop
endfacet
facet normal 0.220642 -0.322976 0.920328
  outer loop
    vertex -4.286703392539478 4.170774266593292 -44.28818059140875
    vertex -2.326606269959645 5.509817349338429 -44.28818059140875
    vertex -3.953679144107539 5.629703216838385 -43.85602975764476
  endloop
endfacet
facet normal 0.20177 -0.431339 0.879338
  outer loop
    vertex -2.326606269959645 5.509817349338429 -44.28818059140875
    vertex -1.80991443066066 6.554909541149375 -43.89409368407381
    vertex -3.953679144107539 5.629703216838385 -43.85602975764476
  endloop
endfacet
facet normal 0.0780132 -0.385294 0.91949
  outer loop
    vertex -2.326606269959645 5.509817349338429 -44.28818059140875
    vertex 3.662246000719255e-16 5.980901600802866 -44.28818059140875
    vertex -1.80991443066066 6.554909541149375 -43.89409368407381
  endloop
endfacet
facet normal 0.173609 -0.364627 0.914826
  outer loop
    vertex -3.953679144107539 5.629703216838385 -43.85602975764476
    vertex -1.80991443066066 6.554909541149375 -43.89409368407381
    vertex -3.600963450055845 7.06059322140551 -43.35264798257593
  endloop
endfacet
facet normal -0.393817 -0.228352 0.890373
  outer loop
    vertex 10.56062807084257 4.170774266593291 -41.70348184348592
    vertex 8.865877892554355 7.093548648445349 -41.70348184348592
    vertex 9.008781114699424 4.170774266593291 -42.38987288791537
  endloop
endfacet
facet normal -0.337794 -0.230805 0.912482
  outer loop
    vertex 8.865877892554355 7.093548648445349 -41.70348184348592
    vertex 6.952567044830014 6.813710091561625 -42.48255769961417
    vertex 9.008781114699424 4.170774266593291 -42.38987288791537
  endloop
endfacet
facet normal -0.312252 -0.33743 0.888054
  outer loop
    vertex 8.865877892554355 7.093548648445349 -41.70348184348592
    vertex 6.38614188101563 9.388259429153152 -41.70348184348592
    vertex 6.952567044830014 6.813710091561625 -42.48255769961417
  endloop
endfacet
facet normal -0.380004 -0.264562 0.886343
  outer loop
    vertex 9.008781114699424 4.170774266593291 -42.38987288791537
    vertex 6.952567044830014 6.813710091561625 -42.48255769961417
    vertex 7.449212069475212 4.170774266593291 -43.05851162652328
  endloop
endfacet
facet normal 0.312252 -0.33743 0.888054
  outer loop
    vertex -6.386141881015631 9.38825942915315 -41.70348184348592
    vertex -8.865877892554359 7.093548648445346 -41.70348184348592
    vertex -6.952567044830013 6.813710091561625 -42.48255769961417
  endloop
endfacet
facet normal 0.337794 -0.230805 0.912482
  outer loop
    vertex -8.865877892554359 7.093548648445346 -41.70348184348592
    vertex -9.008781114699364 4.170774266593291 -42.3898728879154
    vertex -6.952567044830013 6.813710091561625 -42.48255769961417
  endloop
endfacet
facet normal 0.393817 -0.228352 0.890373
  outer loop
    vertex -8.865877892554359 7.093548648445346 -41.70348184348592
    vertex -10.56062807084257 4.170774266593292 -41.70348184348592
    vertex -9.008781114699364 4.170774266593291 -42.3898728879154
  endloop
endfacet
facet normal 0.380004 -0.264562 0.886343
  outer loop
    vertex -6.952567044830013 6.813710091561625 -42.48255769961417
    vertex -9.008781114699364 4.170774266593291 -42.3898728879154
    vertex -7.449212069475209 4.170774266593291 -43.05851162652328
  endloop
endfacet
facet normal 0 1 0
  outer loop
    vertex 7.449212069475212 4.170774266593291 -36.94148837347672
    vertex 5.24824368932174 4.170774266593291 -38.11554741005857
    vertex 5.877644766269082 4.170774266593291 -36.30162470160286
  endloop
endfacet
facet normal 0 1 -0
  outer loop
    vertex 5.24824368932174 4.170774266593291 -38.11554741005857
    vertex 3.666989350853875 4.170774266593291 -37.50071292761584
    vertex 5.877644766269082 4.170774266593291 -36.30162470160286
  endloop
endfacet
facet normal 0 1 0
  outer loop
    vertex 5.24824368932174 4.170774266593291 -38.11554741005857
    vertex 3.04727530916827 4.170774266593291 -39.28960644664043
    vertex 3.666989350853875 4.170774266593291 -37.50071292761584
  endloop
endfacet
facet normal 0 1 0
  outer loop
    vertex 5.877644766269082 4.170774266593291 -36.30162470160286
    vertex 3.666989350853875 4.170774266593291 -37.50071292761584
    vertex 4.28670339253948 4.170774266593291 -35.71181940859125
  endloop
endfacet
facet normal 0 1 0
  outer loop
    vertex 8.881784197001252e-16 4.170774266593291 -44.28818059140875
    vertex 1.523637654584135 4.170774266593291 -41.78889351902459
    vertex 2.14335169626974 4.170774266593291 -44.28818059140875
  endloop
endfacet
facet normal -0 1 0
  outer loop
    vertex 1.523637654584135 4.170774266593291 -41.78889351902459
    vertex 3.666989350853875 4.170774266593291 -41.78889351902459
    vertex 2.14335169626974 4.170774266593291 -44.28818059140875
  endloop
endfacet
facet normal 0 1 0
  outer loop
    vertex 1.523637654584135 4.170774266593291 -41.78889351902459
    vertex 3.04727530916827 4.170774266593291 -39.28960644664043
    vertex 3.666989350853875 4.170774266593291 -41.78889351902459
  endloop
endfacet
facet normal 0 1 0
  outer loop
    vertex 2.14335169626974 4.170774266593291 -44.28818059140875
    vertex 3.666989350853875 4.170774266593291 -41.78889351902459
    vertex 4.28670339253948 4.170774266593291 -44.28818059140875
  endloop
endfacet
facet normal 4.14388e-16 1 6.31767e-16
  outer loop
    vertex -4.286703392539478 4.170774266593292 -44.28818059140875
    vertex -4.604070648229708 4.170774266593291 -42.67414968546307
    vertex -2.143351696269739 4.170774266593291 -44.28818059140875
  endloop
endfacet
facet normal -0 1 0
  outer loop
    vertex -4.604070648229708 4.170774266593291 -42.67414968546307
    vertex -2.460718951959969 4.170774266593291 -42.67414968546307
    vertex -2.143351696269739 4.170774266593291 -44.28818059140875
  endloop
endfacet
facet normal 0 1 -0
  outer loop
    vertex -4.604070648229708 4.170774266593291 -42.67414968546307
    vertex -4.921437903919937 4.170774266593291 -41.0601187795174
    vertex -2.460718951959969 4.170774266593291 -42.67414968546307
  endloop
endfacet
facet normal 0 1 -0
  outer loop
    vertex -2.143351696269739 4.170774266593291 -44.28818059140875
    vertex -2.460718951959969 4.170774266593291 -42.67414968546307
    vertex 8.881784197001252e-16 4.170774266593291 -44.28818059140875
  endloop
endfacet
facet normal 0 1 0
  outer loop
    vertex 3.04727530916827 4.170774266593291 -39.28960644664043
    vertex 5.136442569779412 4.170774266593291 -39.94295214315765
    vertex 3.666989350853875 4.170774266593291 -41.78889351902459
  endloop
endfacet
facet normal 0 1 0
  outer loop
    vertex 5.136442569779412 4.170774266593291 -39.94295214315765
    vertex 5.756156611465016 4.170774266593291 -42.4422392155418
    vertex 3.666989350853875 4.170774266593291 -41.78889351902459
  endloop
endfacet
facet normal 0 1 0
  outer loop
    vertex 5.136442569779412 4.170774266593291 -39.94295214315765
    vertex 7.225609830390553 4.170774266593291 -40.59629783967486
    vertex 5.756156611465016 4.170774266593291 -42.4422392155418
  endloop
endfacet
facet normal 0 1 0
  outer loop
    vertex 3.666989350853875 4.170774266593291 -41.78889351902459
    vertex 5.756156611465016 4.170774266593291 -42.4422392155418
    vertex 4.28670339253948 4.170774266593291 -44.28818059140875
  endloop
endfacet
facet normal 0 1 -0
  outer loop
    vertex 8.881784197001252e-16 4.170774266593291 -44.28818059140875
    vertex -1.134173171397197 4.170774266593291 -41.56100971305652
    vertex 1.523637654584135 4.170774266593291 -41.78889351902459
  endloop
endfacet
facet normal -0 1 0
  outer loop
    vertex -1.134173171397197 4.170774266593291 -41.56100971305652
    vertex 0.3894644831869378 4.170774266593291 -39.06172264067236
    vertex 1.523637654584135 4.170774266593291 -41.78889351902459
  endloop
endfacet
facet normal 0 1 -0
  outer loop
    vertex -1.134173171397197 4.170774266593291 -41.56100971305652
    vertex -2.268346342794393 4.170774266593291 -38.8338388347043
    vertex 0.3894644831869378 4.170774266593291 -39.06172264067236
  endloop
endfacet
facet normal 0 1 -0
  outer loop
    vertex 1.523637654584135 4.170774266593291 -41.78889351902459
    vertex 0.3894644831869378 4.170774266593291 -39.06172264067236
    vertex 3.04727530916827 4.170774266593291 -39.28960644664043
  endloop
endfacet
facet normal -0 1 0
  outer loop
    vertex -4.921437903919937 4.170774266593291 -41.0601187795174
    vertex -3.594892123357166 4.170774266593291 -39.94697880711085
    vertex -2.460718951959969 4.170774266593291 -42.67414968546307
  endloop
endfacet
facet normal 0 1 0
  outer loop
    vertex -3.594892123357166 4.170774266593291 -39.94697880711085
    vertex -1.134173171397197 4.170774266593291 -41.56100971305652
    vertex -2.460718951959969 4.170774266593291 -42.67414968546307
  endloop
endfacet
facet normal -0 1 0
  outer loop
    vertex -3.594892123357166 4.170774266593291 -39.94697880711085
    vertex -2.268346342794393 4.170774266593291 -38.8338388347043
    vertex -1.134173171397197 4.170774266593291 -41.56100971305652
  endloop
endfacet
facet normal -0 1 0
  outer loop
    vertex -2.460718951959969 4.170774266593291 -42.67414968546307
    vertex -1.134173171397197 4.170774266593291 -41.56100971305652
    vertex 8.881784197001252e-16 4.170774266593291 -44.28818059140875
  endloop
endfacet
facet normal -2.80185e-16 1 -7.50114e-16
  outer loop
    vertex -4.286703392539478 4.170774266593292 -35.71181940859125
    vertex -3.277524867666937 4.170774266593291 -37.27282912164777
    vertex -5.877644766269534 4.170774266593291 -36.30162470160304
  endloop
endfacet
facet normal 0 1 0
  outer loop
    vertex -3.277524867666937 4.170774266593291 -37.27282912164777
    vertex -4.858779206134802 4.170774266593291 -37.88766360409051
    vertex -5.877644766269534 4.170774266593291 -36.30162470160304
  endloop
endfacet
facet normal 0 1 0
  outer loop
    vertex -3.277524867666937 4.170774266593291 -37.27282912164777
    vertex -2.268346342794393 4.170774266593291 -38.8338388347043
    vertex -4.858779206134802 4.170774266593291 -37.88766360409051
  endloop
endfacet
facet normal 0 1 0
  outer loop
    vertex -5.877644766269534 4.170774266593291 -36.30162470160304
    vertex -4.858779206134802 4.170774266593291 -37.88766360409051
    vertex -7.449212069475211 4.170774266593291 -36.94148837347672
  endloop
endfacet
facet normal 0 1 0
  outer loop
    vertex 7.449212069475212 4.170774266593291 -36.94148837347672
    vertex 7.337410949932881 4.170774266593291 -38.76889310657579
    vertex 5.24824368932174 4.170774266593291 -38.11554741005857
  endloop
endfacet
facet normal 0 1 0
  outer loop
    vertex 7.337410949932881 4.170774266593291 -38.76889310657579
    vertex 5.136442569779412 4.170774266593291 -39.94295214315765
    vertex 5.24824368932174 4.170774266593291 -38.11554741005857
  endloop
endfacet
facet normal 0 1 0
  outer loop
    vertex 7.337410949932881 4.170774266593291 -38.76889310657579
    vertex 7.225609830390553 4.170774266593291 -40.59629783967486
    vertex 5.136442569779412 4.170774266593291 -39.94295214315765
  endloop
endfacet
facet normal 0 1 0
  outer loop
    vertex 5.24824368932174 4.170774266593291 -38.11554741005857
    vertex 5.136442569779412 4.170774266593291 -39.94295214315765
    vertex 3.04727530916827 4.170774266593291 -39.28960644664043
  endloop
endfacet
facet normal 0 1 0
  outer loop
    vertex 4.28670339253948 4.170774266593291 -35.71181940859125
    vertex 3.666989350853875 4.170774266593291 -37.50071292761584
    vertex 2.143351696269743 4.170774266593291 -35.71181940859125
  endloop
endfacet
facet normal 0 1 0
  outer loop
    vertex 3.666989350853875 4.170774266593291 -37.50071292761584
    vertex 1.523637654584139 4.170774266593291 -37.50071292761584
    vertex 2.143351696269743 4.170774266593291 -35.71181940859125
  endloop
endfacet
facet normal 0 1 0
  outer loop
    vertex 3.666989350853875 4.170774266593291 -37.50071292761584
    vertex 3.04727530916827 4.170774266593291 -39.28960644664043
    vertex 1.523637654584139 4.170774266593291 -37.50071292761584
  endloop
endfacet
facet normal 0 1 0
  outer loop
    vertex 2.143351696269743 4.170774266593291 -35.71181940859125
    vertex 1.523637654584139 4.170774266593291 -37.50071292761584
    vertex 7.105427357601002e-15 4.170774266593291 -35.71181940859125
  endloop
endfacet
facet normal 0 1 0
  outer loop
    vertex -7.449212069475211 4.170774266593291 -36.94148837347672
    vertex -4.858779206134802 4.170774266593291 -37.88766360409051
    vertex -6.185324986697574 4.170774266593291 -39.00080357649705
  endloop
endfacet
facet normal 0 1 0
  outer loop
    vertex -4.858779206134802 4.170774266593291 -37.88766360409051
    vertex -3.594892123357166 4.170774266593291 -39.94697880711085
    vertex -6.185324986697574 4.170774266593291 -39.00080357649705
  endloop
endfacet
facet normal 0 1 0
  outer loop
    vertex -4.858779206134802 4.170774266593291 -37.88766360409051
    vertex -2.268346342794393 4.170774266593291 -38.8338388347043
    vertex -3.594892123357166 4.170774266593291 -39.94697880711085
  endloop
endfacet
facet normal 0 1 0
  outer loop
    vertex -6.185324986697574 4.170774266593291 -39.00080357649705
    vertex -3.594892123357166 4.170774266593291 -39.94697880711085
    vertex -4.921437903919937 4.170774266593291 -41.0601187795174
  endloop
endfacet
facet normal 0 1 0
  outer loop
    vertex 7.105427357601002e-15 4.170774266593291 -35.71181940859125
    vertex -1.134173171397194 4.170774266593291 -37.27282912164777
    vertex -2.143351696269736 4.170774266593291 -35.71181940859125
  endloop
endfacet
facet normal 0 1 0
  outer loop
    vertex -1.134173171397194 4.170774266593291 -37.27282912164777
    vertex -3.277524867666937 4.170774266593291 -37.27282912164777
    vertex -2.143351696269736 4.170774266593291 -35.71181940859125
  endloop
endfacet
facet normal 0 1 0
  outer loop
    vertex -1.134173171397194 4.170774266593291 -37.27282912164777
    vertex -2.268346342794393 4.170774266593291 -38.8338388347043
    vertex -3.277524867666937 4.170774266593291 -37.27282912164777
  endloop
endfacet
facet normal 4.14388e-16 1 -3.01079e-16
  outer loop
    vertex -2.143351696269736 4.170774266593291 -35.71181940859125
    vertex -3.277524867666937 4.170774266593291 -37.27282912164777
    vertex -4.286703392539478 4.170774266593292 -35.71181940859125
  endloop
endfacet
facet normal -0 1 0
  outer loop
    vertex -7.449212069475209 4.170774266593291 -43.05851162652328
    vertex -6.185324986697573 4.170774266593291 -42.05931520302034
    vertex -5.87764476626908 4.170774266593291 -43.69837529839713
  endloop
endfacet
facet normal 0 1 0
  outer loop
    vertex -6.185324986697573 4.170774266593291 -42.05931520302034
    vertex -4.604070648229708 4.170774266593291 -42.67414968546307
    vertex -5.87764476626908 4.170774266593291 -43.69837529839713
  endloop
endfacet
facet normal -0 1 0
  outer loop
    vertex -6.185324986697573 4.170774266593291 -42.05931520302034
    vertex -4.921437903919937 4.170774266593291 -41.0601187795174
    vertex -4.604070648229708 4.170774266593291 -42.67414968546307
  endloop
endfacet
facet normal -3.82121e-16 1 4.75149e-16
  outer loop
    vertex -5.87764476626908 4.170774266593291 -43.69837529839713
    vertex -4.604070648229708 4.170774266593291 -42.67414968546307
    vertex -4.286703392539478 4.170774266593292 -44.28818059140875
  endloop
endfacet
facet normal 0 1 0
  outer loop
    vertex -4.921437903919937 4.170774266593291 -41.0601187795174
    vertex -6.554830770415519 4.170774266593291 -40.63607126771043
    vertex -6.185324986697574 4.170774266593291 -39.00080357649705
  endloop
endfacet
facet normal 0 1 -0
  outer loop
    vertex -6.554830770415519 4.170774266593291 -40.63607126771043
    vertex -7.818717853193155 4.170774266593291 -38.57675606469009
    vertex -6.185324986697574 4.170774266593291 -39.00080357649705
  endloop
endfacet
facet normal 0 1 0
  outer loop
    vertex -6.554830770415519 4.170774266593291 -40.63607126771043
    vertex -8.188223636911101 4.170774266593291 -40.21202375590347
    vertex -7.818717853193155 4.170774266593291 -38.57675606469009
  endloop
endfacet
facet normal 0 1 0
  outer loop
    vertex -6.185324986697574 4.170774266593291 -39.00080357649705
    vertex -7.818717853193155 4.170774266593291 -38.57675606469009
    vertex -7.449212069475211 4.170774266593291 -36.94148837347672
  endloop
endfacet
facet normal 0 1 0
  outer loop
    vertex 3.04727530916827 4.170774266593291 -39.28960644664043
    vertex 0.3894644831869378 4.170774266593291 -39.06172264067236
    vertex 1.523637654584139 4.170774266593291 -37.50071292761584
  endloop
endfacet
facet normal 0 1 -0
  outer loop
    vertex 0.3894644831869378 4.170774266593291 -39.06172264067236
    vertex -1.134173171397194 4.170774266593291 -37.27282912164777
    vertex 1.523637654584139 4.170774266593291 -37.50071292761584
  endloop
endfacet
facet normal 0 1 0
  outer loop
    vertex 0.3894644831869378 4.170774266593291 -39.06172264067236
    vertex -2.268346342794393 4.170774266593291 -38.8338388347043
    vertex -1.134173171397194 4.170774266593291 -37.27282912164777
  endloop
endfacet
facet normal 0 1 0
  outer loop
    vertex 1.523637654584139 4.170774266593291 -37.50071292761584
    vertex -1.134173171397194 4.170774266593291 -37.27282912164777
    vertex 7.105427357601002e-15 4.170774266593291 -35.71181940859125
  endloop
endfacet
facet normal 0 1 -0
  outer loop
    vertex 10.56062807084257 4.170774266593291 -41.70348184348592
    vertex 8.893118950616564 4.170774266593291 -41.14988984158039
    vertex 10.56062807084257 4.170774266593291 -40
  endloop
endfacet
facet normal 0 1 -0
  outer loop
    vertex 8.893118950616564 4.170774266593291 -41.14988984158039
    vertex 8.893118950616561 4.170774266593291 -39.44640799809446
    vertex 10.56062807084257 4.170774266593291 -40
  endloop
endfacet
facet normal 0 1 0
  outer loop
    vertex 8.893118950616564 4.170774266593291 -41.14988984158039
    vertex 7.225609830390553 4.170774266593291 -40.59629783967486
    vertex 8.893118950616561 4.170774266593291 -39.44640799809446
  endloop
endfacet
facet normal 0 1 -0
  outer loop
    vertex 10.56062807084257 4.170774266593291 -40
    vertex 8.893118950616561 4.170774266593291 -39.44640799809446
    vertex 10.56062807084257 4.170774266593291 -38.29651815651407
  endloop
endfacet
facet normal 3.27782e-16 1 -5.2139e-16
  outer loop
    vertex -10.56062807084257 4.170774266593292 -38.29651815651407
    vertex -9.374425853876835 4.170774266593291 -39.25427095620877
    vertex -10.56062807084257 4.170774266593291 -40
  endloop
endfacet
facet normal 0 1 0
  outer loop
    vertex -9.374425853876835 4.170774266593291 -39.25427095620877
    vertex -9.374425853876835 4.170774266593291 -40.9577527996947
    vertex -10.56062807084257 4.170774266593291 -40
  endloop
endfacet
facet normal 0 1 0
  outer loop
    vertex -9.374425853876835 4.170774266593291 -39.25427095620877
    vertex -8.188223636911101 4.170774266593291 -40.21202375590347
    vertex -9.374425853876835 4.170774266593291 -40.9577527996947
  endloop
endfacet
facet normal 4.20976e-16 1 5.2139e-16
  outer loop
    vertex -10.56062807084257 4.170774266593291 -40
    vertex -9.374425853876835 4.170774266593291 -40.9577527996947
    vertex -10.56062807084257 4.170774266593292 -41.70348184348592
  endloop
endfacet
facet normal 0 1 -0
  outer loop
    vertex 7.449212069475212 4.170774266593291 -43.05851162652328
    vertex 7.337410949932881 4.170774266593291 -41.82740473309907
    vertex 9.008781114699424 4.170774266593291 -42.38987288791537
  endloop
endfacet
facet normal -0 1 0
  outer loop
    vertex 7.337410949932881 4.170774266593291 -41.82740473309907
    vertex 8.893118950616564 4.170774266593291 -41.14988984158039
    vertex 9.008781114699424 4.170774266593291 -42.38987288791537
  endloop
endfacet
facet normal 0 1 -0
  outer loop
    vertex 7.337410949932881 4.170774266593291 -41.82740473309907
    vertex 7.225609830390553 4.170774266593291 -40.59629783967486
    vertex 8.893118950616564 4.170774266593291 -41.14988984158039
  endloop
endfacet
facet normal 0 1 -0
  outer loop
    vertex 9.008781114699424 4.170774266593291 -42.38987288791537
    vertex 8.893118950616564 4.170774266593291 -41.14988984158039
    vertex 10.56062807084257 4.170774266593291 -41.70348184348592
  endloop
endfacet
facet normal 0 1 0
  outer loop
    vertex 10.56062807084257 4.170774266593291 -38.29651815651407
    vertex 8.893118950616561 4.170774266593291 -39.44640799809446
    vertex 9.008781114699369 4.170774266593291 -37.6101271120846
  endloop
endfacet
facet normal 0 1 -0
  outer loop
    vertex 8.893118950616561 4.170774266593291 -39.44640799809446
    vertex 7.337410949932881 4.170774266593291 -38.76889310657579
    vertex 9.008781114699369 4.170774266593291 -37.6101271120846
  endloop
endfacet
facet normal 0 1 0
  outer loop
    vertex 8.893118950616561 4.170774266593291 -39.44640799809446
    vertex 7.225609830390553 4.170774266593291 -40.59629783967486
    vertex 7.337410949932881 4.170774266593291 -38.76889310657579
  endloop
endfacet
facet normal 0 1 0
  outer loop
    vertex 9.008781114699369 4.170774266593291 -37.6101271120846
    vertex 7.337410949932881 4.170774266593291 -38.76889310657579
    vertex 7.449212069475212 4.170774266593291 -36.94148837347672
  endloop
endfacet
facet normal 6.45197e-16 1 1.6473e-16
  outer loop
    vertex -10.56062807084257 4.170774266593292 -41.70348184348592
    vertex -9.374425853876835 4.170774266593291 -40.9577527996947
    vertex -9.008781114699364 4.170774266593291 -42.3898728879154
  endloop
endfacet
facet normal 0 1 0
  outer loop
    vertex -9.374425853876835 4.170774266593291 -40.9577527996947
    vertex -7.818717853193155 4.170774266593291 -41.63526769121338
    vertex -9.008781114699364 4.170774266593291 -42.3898728879154
  endloop
endfacet
facet normal -0 1 0
  outer loop
    vertex -9.374425853876835 4.170774266593291 -40.9577527996947
    vertex -8.188223636911101 4.170774266593291 -40.21202375590347
    vertex -7.818717853193155 4.170774266593291 -41.63526769121338
  endloop
endfacet
facet normal -0 1 0
  outer loop
    vertex -9.008781114699364 4.170774266593291 -42.3898728879154
    vertex -7.818717853193155 4.170774266593291 -41.63526769121338
    vertex -7.449212069475209 4.170774266593291 -43.05851162652328
  endloop
endfacet
facet normal 0 1 0
  outer loop
    vertex -7.449212069475211 4.170774266593291 -36.94148837347672
    vertex -7.818717853193155 4.170774266593291 -38.57675606469009
    vertex -9.008781114699424 4.170774266593291 -37.61012711208462
  endloop
endfacet
facet normal 0 1 0
  outer loop
    vertex -7.818717853193155 4.170774266593291 -38.57675606469009
    vertex -9.374425853876835 4.170774266593291 -39.25427095620877
    vertex -9.008781114699424 4.170774266593291 -37.61012711208462
  endloop
endfacet
facet normal 0 1 0
  outer loop
    vertex -7.818717853193155 4.170774266593291 -38.57675606469009
    vertex -8.188223636911101 4.170774266593291 -40.21202375590347
    vertex -9.374425853876835 4.170774266593291 -39.25427095620877
  endloop
endfacet
facet normal 6.34776e-16 1 -1.41169e-16
  outer loop
    vertex -9.008781114699424 4.170774266593291 -37.61012711208462
    vertex -9.374425853876835 4.170774266593291 -39.25427095620877
    vertex -10.56062807084257 4.170774266593292 -38.29651815651407
  endloop
endfacet
facet normal 0 1 -0
  outer loop
    vertex -7.449212069475209 4.170774266593291 -43.05851162652328
    vertex -7.818717853193155 4.170774266593291 -41.63526769121338
    vertex -6.185324986697573 4.170774266593291 -42.05931520302034
  endloop
endfacet
facet normal -0 1 0
  outer loop
    vertex -7.818717853193155 4.170774266593291 -41.63526769121338
    vertex -6.554830770415519 4.170774266593291 -40.63607126771043
    vertex -6.185324986697573 4.170774266593291 -42.05931520302034
  endloop
endfacet
facet normal 0 1 -0
  outer loop
    vertex -7.818717853193155 4.170774266593291 -41.63526769121338
    vertex -8.188223636911101 4.170774266593291 -40.21202375590347
    vertex -6.554830770415519 4.170774266593291 -40.63607126771043
  endloop
endfacet
facet normal 0 1 -0
  outer loop
    vertex -6.185324986697573 4.170774266593291 -42.05931520302034
    vertex -6.554830770415519 4.170774266593291 -40.63607126771043
    vertex -4.921437903919937 4.170774266593291 -41.0601187795174
  endloop
endfacet
facet normal 0 1 0
  outer loop
    vertex 4.28670339253948 4.170774266593291 -44.28818059140875
    vertex 5.756156611465016 4.170774266593291 -42.4422392155418
    vertex 5.877644766269534 4.170774266593291 -43.69837529839695
  endloop
endfacet
facet normal -0 1 0
  outer loop
    vertex 5.756156611465016 4.170774266593291 -42.4422392155418
    vertex 7.337410949932881 4.170774266593291 -41.82740473309907
    vertex 5.877644766269534 4.170774266593291 -43.69837529839695
  endloop
endfacet
facet normal 0 1 0
  outer loop
    vertex 5.756156611465016 4.170774266593291 -42.4422392155418
    vertex 7.225609830390553 4.170774266593291 -40.59629783967486
    vertex 7.337410949932881 4.170774266593291 -41.82740473309907
  endloop
endfacet
facet normal 0 1 0
  outer loop
    vertex 5.877644766269534 4.170774266593291 -43.69837529839695
    vertex 7.337410949932881 4.170774266593291 -41.82740473309907
    vertex 7.449212069475212 4.170774266593291 -43.05851162652328
  endloop
endfacet
facet normal 0.42814 -0.890865 0.151843
  outer loop
    vertex -6.386141881015631 9.38825942915315 -41.70348184348592
    vertex -3.340976143681221 10.85173265616592 -41.70348184348592
    vertex -4.91829693472663 10.23389361364498 -40.88090516197401
  endloop
endfacet
facet normal 0.290833 -0.944648 -0.151843
  outer loop
    vertex -3.340976143681221 10.85173265616592 -41.70348184348592
    vertex -1.689288922447742 11.22802414363454 -40.88090516197401
    vertex -4.91829693472663 10.23389361364498 -40.88090516197401
  endloop
endfacet
facet normal 0.147053 -0.977404 0.151843
  outer loop
    vertex -3.340976143681221 10.85173265616592 -41.70348184348592
    vertex -1.825925534109715e-15 11.35439224412936 -41.70348184348592
    vertex -1.689288922447742 11.22802414363454 -40.88090516197401
  endloop
endfacet
facet normal 0.290833 -0.944648 0.151843
  outer loop
    vertex -4.91829693472663 10.23389361364498 -40.88090516197401
    vertex -1.689288922447742 11.22802414363454 -40.88090516197401
    vertex -3.340976143681218 10.85173265616592 -40.05832848046209
  endloop
endfacet
facet normal -0.671319 -0.725448 0.151843
  outer loop
    vertex 6.38614188101563 9.388259429153152 -41.70348184348592
    vertex 8.865877892554355 7.093548648445349 -41.70348184348592
    vertex 7.711838379084238 8.333652983441793 -40.88090516197401
  endloop
endfacet
facet normal -0.771778 -0.617496 -0.151843
  outer loop
    vertex 8.865877892554355 7.093548648445349 -41.70348184348592
    vertex 9.822572779484853 5.695549773750391 -40.88090516197401
    vertex 7.711838379084238 8.333652983441793 -40.88090516197401
  endloop
endfacet
facet normal -0.855059 -0.4958 0.151843
  outer loop
    vertex 8.865877892554355 7.093548648445349 -41.70348184348592
    vertex 10.56062807084257 4.170774266593291 -41.70348184348592
    vertex 9.822572779484853 5.695549773750391 -40.88090516197401
  endloop
endfacet
facet normal -0.771778 -0.617496 0.151843
  outer loop
    vertex 7.711838379084238 8.333652983441793 -40.88090516197401
    vertex 9.822572779484853 5.695549773750391 -40.88090516197401
    vertex 8.865877892554357 7.093548648445347 -40.05832848046209
  endloop
endfacet
facet normal -0.147053 -0.977404 0.151843
  outer loop
    vertex -1.825925534109715e-15 11.35439224412936 -41.70348184348592
    vertex 3.340976143681218 10.85173265616592 -41.70348184348592
    vertex 1.689288922447741 11.22802414363454 -40.88090516197401
  endloop
endfacet
facet normal -0.290833 -0.944648 -0.151843
  outer loop
    vertex 3.340976143681218 10.85173265616592 -41.70348184348592
    vertex 4.918296934726632 10.23389361364498 -40.88090516197401
    vertex 1.689288922447741 11.22802414363454 -40.88090516197401
  endloop
endfacet
facet normal -0.42814 -0.890865 0.151843
  outer loop
    vertex 3.340976143681218 10.85173265616592 -41.70348184348592
    vertex 6.38614188101563 9.388259429153152 -41.70348184348592
    vertex 4.918296934726632 10.23389361364498 -40.88090516197401
  endloop
endfacet
facet normal -0.290833 -0.944648 0.151843
  outer loop
    vertex 1.689288922447741 11.22802414363454 -40.88090516197401
    vertex 4.918296934726632 10.23389361364498 -40.88090516197401
    vertex 3.34097614368122 10.85173265616592 -40.05832848046209
  endloop
endfacet
facet normal 0.855059 -0.4958 0.151843
  outer loop
    vertex -10.56062807084257 4.170774266593292 -41.70348184348592
    vertex -8.865877892554359 7.093548648445346 -41.70348184348592
    vertex -9.822572779484851 5.695549773750392 -40.88090516197401
  endloop
endfacet
facet normal 0.771778 -0.617496 -0.151843
  outer loop
    vertex -8.865877892554359 7.093548648445346 -41.70348184348592
    vertex -7.711838379084241 8.333652983441791 -40.88090516197401
    vertex -9.822572779484851 5.695549773750392 -40.88090516197401
  endloop
endfacet
facet normal 0.671319 -0.725448 0.151843
  outer loop
    vertex -8.865877892554359 7.093548648445346 -41.70348184348592
    vertex -6.386141881015631 9.38825942915315 -41.70348184348592
    vertex -7.711838379084241 8.333652983441791 -40.88090516197401
  endloop
endfacet
facet normal 0.771778 -0.617496 0.151843
  outer loop
    vertex -9.822572779484851 5.695549773750392 -40.88090516197401
    vertex -7.711838379084241 8.333652983441791 -40.88090516197401
    vertex -8.865877892554359 7.093548648445346 -40.05832848046209
  endloop
endfacet
facet normal -0.856324 -0.496533 -0.141999
  outer loop
    vertex 10.56062807084257 4.170774266593291 -38.29651815651407
    vertex 8.865877892554355 7.093548648445349 -38.29651815651407
    vertex 9.822572779484853 5.695549773750391 -39.17742331848808
  endloop
endfacet
facet normal -0.77292 -0.61841 0.141999
  outer loop
    vertex 8.865877892554355 7.093548648445349 -38.29651815651407
    vertex 7.711838379084238 8.333652983441793 -39.17742331848808
    vertex 9.822572779484853 5.695549773750391 -39.17742331848808
  endloop
endfacet
facet normal -0.672312 -0.726521 -0.141999
  outer loop
    vertex 8.865877892554355 7.093548648445349 -38.29651815651407
    vertex 6.38614188101563 9.388259429153152 -38.29651815651407
    vertex 7.711838379084238 8.333652983441793 -39.17742331848808
  endloop
endfacet
facet normal -0.77292 -0.61841 -0.141999
  outer loop
    vertex 9.822572779484853 5.695549773750391 -39.17742331848808
    vertex 7.711838379084238 8.333652983441793 -39.17742331848808
    vertex 8.865877892554357 7.093548648445347 -40.05832848046209
  endloop
endfacet
facet normal -0.428773 -0.892183 -0.141999
  outer loop
    vertex 6.38614188101563 9.388259429153152 -38.29651815651407
    vertex 3.340976143681218 10.85173265616592 -38.29651815651407
    vertex 4.918296934726632 10.23389361364498 -39.17742331848808
  endloop
endfacet
facet normal -0.291264 -0.946045 0.141999
  outer loop
    vertex 3.340976143681218 10.85173265616592 -38.29651815651407
    vertex 1.689288922447741 11.22802414363454 -39.17742331848808
    vertex 4.918296934726632 10.23389361364498 -39.17742331848808
  endloop
endfacet
facet normal -0.147271 -0.97885 -0.141999
  outer loop
    vertex 3.340976143681218 10.85173265616592 -38.29651815651407
    vertex -1.825925534109715e-15 11.35439224412936 -38.29651815651407
    vertex 1.689288922447741 11.22802414363454 -39.17742331848808
  endloop
endfacet
facet normal -0.291264 -0.946045 -0.141999
  outer loop
    vertex 4.918296934726632 10.23389361364498 -39.17742331848808
    vertex 1.689288922447741 11.22802414363454 -39.17742331848808
    vertex 3.34097614368122 10.85173265616592 -40.05832848046209
  endloop
endfacet
facet normal 0.672312 -0.726521 -0.141999
  outer loop
    vertex -6.386141881015631 9.38825942915315 -38.29651815651407
    vertex -8.865877892554359 7.093548648445346 -38.29651815651407
    vertex -7.711838379084241 8.333652983441791 -39.17742331848808
  endloop
endfacet
facet normal 0.77292 -0.61841 0.141999
  outer loop
    vertex -8.865877892554359 7.093548648445346 -38.29651815651407
    vertex -9.822572779484851 5.695549773750392 -39.17742331848808
    vertex -7.711838379084241 8.333652983441791 -39.17742331848808
  endloop
endfacet
facet normal 0.856324 -0.496533 -0.141999
  outer loop
    vertex -8.865877892554359 7.093548648445346 -38.29651815651407
    vertex -10.56062807084257 4.170774266593292 -38.29651815651407
    vertex -9.822572779484851 5.695549773750392 -39.17742331848808
  endloop
endfacet
facet normal 0.77292 -0.61841 -0.141999
  outer loop
    vertex -7.711838379084241 8.333652983441791 -39.17742331848808
    vertex -9.822572779484851 5.695549773750392 -39.17742331848808
    vertex -8.865877892554359 7.093548648445346 -40.05832848046209
  endloop
endfacet
facet normal 0.147271 -0.97885 -0.141999
  outer loop
    vertex -1.825925534109715e-15 11.35439224412936 -38.29651815651407
    vertex -3.340976143681221 10.85173265616592 -38.29651815651407
    vertex -1.689288922447742 11.22802414363454 -39.17742331848808
  endloop
endfacet
facet normal 0.291264 -0.946045 0.141999
  outer loop
    vertex -3.340976143681221 10.85173265616592 -38.29651815651407
    vertex -4.91829693472663 10.23389361364498 -39.17742331848808
    vertex -1.689288922447742 11.22802414363454 -39.17742331848808
  endloop
endfacet
facet normal 0.428773 -0.892183 -0.141999
  outer loop
    vertex -3.340976143681221 10.85173265616592 -38.29651815651407
    vertex -6.386141881015631 9.38825942915315 -38.29651815651407
    vertex -4.91829693472663 10.23389361364498 -39.17742331848808
  endloop
endfacet
facet normal 0.291264 -0.946045 -0.141999
  outer loop
    vertex -1.689288922447742 11.22802414363454 -39.17742331848808
    vertex -4.91829693472663 10.23389361364498 -39.17742331848808
    vertex -3.340976143681218 10.85173265616592 -40.05832848046209
  endloop
endfacet
facet normal 0.900099 -0.435686 -7.11443e-16
  outer loop
    vertex -10.56062807084257 4.170774266593292 -38.29651815651407
    vertex -10.56062807084257 4.170774266593291 -40
    vertex -9.822572779484851 5.695549773750392 -39.17742331848808
  endloop
endfacet
facet normal 0.900099 -0.435686 0
  outer loop
    vertex -10.56062807084257 4.170774266593291 -40
    vertex -9.822572779484851 5.695549773750392 -40.88090516197401
    vertex -9.822572779484851 5.695549773750392 -39.17742331848808
  endloop
endfacet
facet normal 0.900099 -0.435686 7.11443e-16
  outer loop
    vertex -10.56062807084257 4.170774266593291 -40
    vertex -10.56062807084257 4.170774266593292 -41.70348184348592
    vertex -9.822572779484851 5.695549773750392 -40.88090516197401
  endloop
endfacet
facet normal 0.825261 -0.564752 0
  outer loop
    vertex -9.822572779484851 5.695549773750392 -39.17742331848808
    vertex -9.822572779484851 5.695549773750392 -40.88090516197401
    vertex -8.865877892554359 7.093548648445346 -40.05832848046209
  endloop
endfacet
facet normal -0.622551 -0.782579 -0
  outer loop
    vertex 6.38614188101563 9.388259429153152 -38.29651815651407
    vertex 6.38614188101563 9.388259429153152 -40
    vertex 7.711838379084238 8.333652983441793 -39.17742331848808
  endloop
endfacet
facet normal -0.622551 -0.782579 0
  outer loop
    vertex 6.38614188101563 9.388259429153152 -40
    vertex 7.711838379084238 8.333652983441793 -40.88090516197401
    vertex 7.711838379084238 8.333652983441793 -39.17742331848808
  endloop
endfacet
facet normal -0.622551 -0.782579 -0
  outer loop
    vertex 6.38614188101563 9.388259429153152 -40
    vertex 6.38614188101563 9.388259429153152 -41.70348184348592
    vertex 7.711838379084238 8.333652983441793 -40.88090516197401
  endloop
endfacet
facet normal -0.732053 -0.681248 -0
  outer loop
    vertex 7.711838379084238 8.333652983441793 -39.17742331848808
    vertex 7.711838379084238 8.333652983441793 -40.88090516197401
    vertex 8.865877892554357 7.093548648445347 -40.05832848046209
  endloop
endfacet
facet normal -0.900099 -0.435686 0
  outer loop
    vertex 10.56062807084257 4.170774266593291 -41.70348184348592
    vertex 10.56062807084257 4.170774266593291 -40
    vertex 9.822572779484853 5.695549773750391 -40.88090516197401
  endloop
endfacet
facet normal -0.900099 -0.435686 0
  outer loop
    vertex 10.56062807084257 4.170774266593291 -40
    vertex 9.822572779484853 5.695549773750391 -39.17742331848808
    vertex 9.822572779484853 5.695549773750391 -40.88090516197401
  endloop
endfacet
facet normal -0.900099 -0.435686 0
  outer loop
    vertex 10.56062807084257 4.170774266593291 -40
    vertex 10.56062807084257 4.170774266593291 -38.29651815651407
    vertex 9.822572779484853 5.695549773750391 -39.17742331848808
  endloop
endfacet
facet normal -0.825261 -0.564752 0
  outer loop
    vertex 9.822572779484853 5.695549773750391 -40.88090516197401
    vertex 9.822572779484853 5.695549773750391 -39.17742331848808
    vertex 8.865877892554357 7.093548648445347 -40.05832848046209
  endloop
endfacet
facet normal 0.0745971 -0.997214 0
  outer loop
    vertex -1.825925534109715e-15 11.35439224412936 -41.70348184348592
    vertex -1.825925534109715e-15 11.35439224412936 -40
    vertex -1.689288922447742 11.22802414363454 -40.88090516197401
  endloop
endfacet
facet normal 0.0745971 -0.997214 0
  outer loop
    vertex -1.825925534109715e-15 11.35439224412936 -40
    vertex -1.689288922447742 11.22802414363454 -39.17742331848808
    vertex -1.689288922447742 11.22802414363454 -40.88090516197401
  endloop
endfacet
facet normal 0.0745971 -0.997214 0
  outer loop
    vertex -1.825925534109715e-15 11.35439224412936 -40
    vertex -1.825925534109715e-15 11.35439224412936 -38.29651815651407
    vertex -1.689288922447742 11.22802414363454 -39.17742331848808
  endloop
endfacet
facet normal 0.222131 -0.975017 0
  outer loop
    vertex -1.689288922447742 11.22802414363454 -40.88090516197401
    vertex -1.689288922447742 11.22802414363454 -39.17742331848808
    vertex -3.340976143681218 10.85173265616592 -40.05832848046209
  endloop
endfacet
facet normal -0.0745971 -0.997214 -0
  outer loop
    vertex -1.825925534109715e-15 11.35439224412936 -38.29651815651407
    vertex -1.825925534109715e-15 11.35439224412936 -40
    vertex 1.689288922447741 11.22802414363454 -39.17742331848808
  endloop
endfacet
facet normal -0.0745971 -0.997214 0
  outer loop
    vertex -1.825925534109715e-15 11.35439224412936 -40
    vertex 1.689288922447741 11.22802414363454 -40.88090516197401
    vertex 1.689288922447741 11.22802414363454 -39.17742331848808
  endloop
endfacet
facet normal -0.0745971 -0.997214 -0
  outer loop
    vertex -1.825925534109715e-15 11.35439224412936 -40
    vertex -1.825925534109715e-15 11.35439224412936 -41.70348184348592
    vertex 1.689288922447741 11.22802414363454 -40.88090516197401
  endloop
endfacet
facet normal -0.222131 -0.975017 -0
  outer loop
    vertex 1.689288922447741 11.22802414363454 -39.17742331848808
    vertex 1.689288922447741 11.22802414363454 -40.88090516197401
    vertex 3.34097614368122 10.85173265616592 -40.05832848046209
  endloop
endfacet
facet normal -0.499191 -0.866492 0
  outer loop
    vertex 6.38614188101563 9.388259429153152 -41.70348184348592
    vertex 6.38614188101563 9.388259429153152 -40
    vertex 4.918296934726632 10.23389361364498 -40.88090516197401
  endloop
endfacet
facet normal -0.499191 -0.866492 0
  outer loop
    vertex 6.38614188101563 9.388259429153152 -40
    vertex 4.918296934726632 10.23389361364498 -39.17742331848808
    vertex 4.918296934726632 10.23389361364498 -40.88090516197401
  endloop
endfacet
facet normal -0.499191 -0.866492 0
  outer loop
    vertex 6.38614188101563 9.388259429153152 -40
    vertex 6.38614188101563 9.388259429153152 -38.29651815651407
    vertex 4.918296934726632 10.23389361364498 -39.17742331848808
  endloop
endfacet
facet normal -0.36472 -0.931117 0
  outer loop
    vertex 4.918296934726632 10.23389361364498 -40.88090516197401
    vertex 4.918296934726632 10.23389361364498 -39.17742331848808
    vertex 3.34097614368122 10.85173265616592 -40.05832848046209
  endloop
endfacet
facet normal 0.499191 -0.866492 0
  outer loop
    vertex -6.386141881015631 9.38825942915315 -38.29651815651407
    vertex -6.386141881015631 9.38825942915315 -40
    vertex -4.91829693472663 10.23389361364498 -39.17742331848808
  endloop
endfacet
facet normal 0.499191 -0.866492 0
  outer loop
    vertex -6.386141881015631 9.38825942915315 -40
    vertex -4.91829693472663 10.23389361364498 -40.88090516197401
    vertex -4.91829693472663 10.23389361364498 -39.17742331848808
  endloop
endfacet
facet normal 0.499191 -0.866492 0
  outer loop
    vertex -6.386141881015631 9.38825942915315 -40
    vertex -6.386141881015631 9.38825942915315 -41.70348184348592
    vertex -4.91829693472663 10.23389361364498 -40.88090516197401
  endloop
endfacet
facet normal 0.36472 -0.931117 0
  outer loop
    vertex -4.91829693472663 10.23389361364498 -39.17742331848808
    vertex -4.91829693472663 10.23389361364498 -40.88090516197401
    vertex -3.340976143681218 10.85173265616592 -40.05832848046209
  endloop
endfacet
facet normal 0.622551 -0.782579 0
  outer loop
    vertex -6.386141881015631 9.38825942915315 -41.70348184348592
    vertex -6.386141881015631 9.38825942915315 -40
    vertex -7.711838379084241 8.333652983441791 -40.88090516197401
  endloop
endfacet
facet normal 0.622551 -0.782579 0
  outer loop
    vertex -6.386141881015631 9.38825942915315 -40
    vertex -7.711838379084241 8.333652983441791 -39.17742331848808
    vertex -7.711838379084241 8.333652983441791 -40.88090516197401
  endloop
endfacet
facet normal 0.622551 -0.782579 0
  outer loop
    vertex -6.386141881015631 9.38825942915315 -40
    vertex -6.386141881015631 9.38825942915315 -38.29651815651407
    vertex -7.711838379084241 8.333652983441791 -39.17742331848808
  endloop
endfacet
facet normal 0.732053 -0.681248 0
  outer loop
    vertex -7.711838379084241 8.333652983441791 -40.88090516197401
    vertex -7.711838379084241 8.333652983441791 -39.17742331848808
    vertex -8.865877892554359 7.093548648445346 -40.05832848046209
  endloop
endfacet
facet normal -0.361443 -0.285093 -0.887739
  outer loop
    vertex 7.449212069475212 4.170774266593291 -36.94148837347672
    vertex 5.877644766269082 4.170774266593291 -36.30162470160286
    vertex 5.571686042376469 5.663046108098326 -36.65628895144045
  endloop
endfacet
facet normal -0.284908 -0.276545 -0.917796
  outer loop
    vertex 5.877644766269082 4.170774266593291 -36.30162470160286
    vertex 3.953679144107546 5.629703216838386 -36.14397024235524
    vertex 5.571686042376469 5.663046108098326 -36.65628895144045
  endloop
endfacet
facet normal -0.327363 -0.336289 -0.88303
  outer loop
    vertex 5.877644766269082 4.170774266593291 -36.30162470160286
    vertex 4.28670339253948 4.170774266593291 -35.71181940859125
    vertex 3.953679144107546 5.629703216838386 -36.14397024235524
  endloop
endfacet
facet normal -0.272328 -0.378361 -0.884692
  outer loop
    vertex 5.571686042376469 5.663046108098326 -36.65628895144045
    vertex 3.953679144107546 5.629703216838386 -36.14397024235524
    vertex 3.600963450055856 7.060593221405514 -36.64735201742407
  endloop
endfacet
facet normal 0.327363 -0.336289 -0.88303
  outer loop
    vertex -4.286703392539478 4.170774266593292 -35.71181940859125
    vertex -5.877644766269534 4.170774266593291 -36.30162470160304
    vertex -3.953679144107551 5.629703216838379 -36.14397024235524
  endloop
endfacet
facet normal 0.284908 -0.276545 -0.917796
  outer loop
    vertex -5.877644766269534 4.170774266593291 -36.30162470160304
    vertex -5.571686042376475 5.66304610809832 -36.65628895144045
    vertex -3.953679144107551 5.629703216838379 -36.14397024235524
  endloop
endfacet
facet normal 0.361443 -0.285093 -0.887739
  outer loop
    vertex -5.877644766269534 4.170774266593291 -36.30162470160304
    vertex -7.449212069475211 4.170774266593291 -36.94148837347672
    vertex -5.571686042376475 5.66304610809832 -36.65628895144045
  endloop
endfacet
facet normal 0.272328 -0.378361 -0.884692
  outer loop
    vertex -3.953679144107551 5.629703216838379 -36.14397024235524
    vertex -5.571686042376475 5.66304610809832 -36.65628895144045
    vertex -3.600963450055869 7.060593221405502 -36.64735201742407
  endloop
endfacet
facet normal 0.344606 -0.261249 -0.901663
  outer loop
    vertex -7.449212069475211 4.170774266593291 -36.94148837347672
    vertex -6.952567044830013 6.813710091561625 -37.51744230038583
    vertex -5.571686042376475 5.66304610809832 -36.65628895144045
  endloop
endfacet
facet normal 0.273041 -0.344533 -0.89819
  outer loop
    vertex -6.952567044830013 6.813710091561625 -37.51744230038583
    vertex -4.995350254225566 8.227386970081287 -37.46473432860557
    vertex -5.571686042376475 5.66304610809832 -36.65628895144045
  endloop
endfacet
facet normal 0.264285 -0.33214 -0.905448
  outer loop
    vertex -6.952567044830013 6.813710091561625 -37.51744230038583
    vertex -6.386141881015631 9.38825942915315 -38.29651815651407
    vertex -4.995350254225566 8.227386970081287 -37.46473432860557
  endloop
endfacet
facet normal 0.246158 -0.341314 -0.907144
  outer loop
    vertex -5.571686042376475 5.66304610809832 -36.65628895144045
    vertex -4.995350254225566 8.227386970081287 -37.46473432860557
    vertex -3.600963450055869 7.060593221405502 -36.64735201742407
  endloop
endfacet
facet normal -0.264285 -0.33214 -0.905448
  outer loop
    vertex 6.38614188101563 9.388259429153152 -38.29651815651407
    vertex 6.952567044830013 6.813710091561624 -37.51744230038583
    vertex 4.995350254225557 8.227386970081294 -37.46473432860557
  endloop
endfacet
facet normal -0.273041 -0.344533 -0.89819
  outer loop
    vertex 6.952567044830013 6.813710091561624 -37.51744230038583
    vertex 5.571686042376469 5.663046108098326 -36.65628895144045
    vertex 4.995350254225557 8.227386970081294 -37.46473432860557
  endloop
endfacet
facet normal -0.344606 -0.261249 -0.901663
  outer loop
    vertex 6.952567044830013 6.813710091561624 -37.51744230038583
    vertex 7.449212069475212 4.170774266593291 -36.94148837347672
    vertex 5.571686042376469 5.663046108098326 -36.65628895144045
  endloop
endfacet
facet normal -0.246158 -0.341314 -0.907144
  outer loop
    vertex 4.995350254225557 8.227386970081294 -37.46473432860557
    vertex 5.571686042376469 5.663046108098326 -36.65628895144045
    vertex 3.600963450055856 7.060593221405514 -36.64735201742407
  endloop
endfacet
facet normal 0.195105 -0.405971 -0.892817
  outer loop
    vertex -6.386141881015631 9.38825942915315 -38.29651815651407
    vertex -3.340976143681221 10.85173265616592 -38.29651815651407
    vertex -4.995350254225566 8.227386970081287 -37.46473432860557
  endloop
endfacet
facet normal 0.15058 -0.383697 -0.911099
  outer loop
    vertex -3.340976143681221 10.85173265616592 -38.29651815651407
    vertex -1.809793538180049 9.255112461829462 -37.37106046144676
    vertex -4.995350254225566 8.227386970081287 -37.46473432860557
  endloop
endfacet
facet normal 0.0678301 -0.450839 -0.890024
  outer loop
    vertex -3.340976143681221 10.85173265616592 -38.29651815651407
    vertex -1.825925534109715e-15 11.35439224412936 -38.29651815651407
    vertex -1.809793538180049 9.255112461829462 -37.37106046144676
  endloop
endfacet
facet normal 0.163924 -0.42705 -0.889245
  outer loop
    vertex -4.995350254225566 8.227386970081287 -37.46473432860557
    vertex -1.809793538180049 9.255112461829462 -37.37106046144676
    vertex -3.600963450055869 7.060593221405502 -36.64735201742407
  endloop
endfacet
facet normal -0.0678301 -0.450839 -0.890024
  outer loop
    vertex -1.825925534109715e-15 11.35439224412936 -38.29651815651407
    vertex 3.340976143681218 10.85173265616592 -38.29651815651407
    vertex 1.80979353818004 9.255112461829469 -37.37106046144676
  endloop
endfacet
facet normal -0.15058 -0.383697 -0.911099
  outer loop
    vertex 3.340976143681218 10.85173265616592 -38.29651815651407
    vertex 4.995350254225557 8.227386970081294 -37.46473432860557
    vertex 1.80979353818004 9.255112461829469 -37.37106046144676
  endloop
endfacet
facet normal -0.195105 -0.405971 -0.892817
  outer loop
    vertex 3.340976143681218 10.85173265616592 -38.29651815651407
    vertex 6.38614188101563 9.388259429153152 -38.29651815651407
    vertex 4.995350254225557 8.227386970081294 -37.46473432860557
  endloop
endfacet
facet normal -0.163924 -0.42705 -0.889245
  outer loop
    vertex 1.80979353818004 9.255112461829469 -37.37106046144676
    vertex 4.995350254225557 8.227386970081294 -37.46473432860557
    vertex 3.600963450055856 7.060593221405514 -36.64735201742407
  endloop
endfacet
facet normal 0.041947 -0.433089 -0.900375
  outer loop
    vertex -1.825925534109715e-15 11.35439224412936 -38.29651815651407
    vertex -1.393863933541774e-15 8.66764692246611 -37.00416878255266
    vertex -1.809793538180049 9.255112461829462 -37.37106046144676
  endloop
endfacet
facet normal 0.0458035 -0.423835 -0.904581
  outer loop
    vertex -1.393863933541774e-15 8.66764692246611 -37.00416878255266
    vertex -1.809914430660674 6.554909541149373 -36.10590631592618
    vertex -1.809793538180049 9.255112461829462 -37.37106046144676
  endloop
endfacet
facet normal 0.0586438 -0.432724 -0.899617
  outer loop
    vertex -1.393863933541774e-15 8.66764692246611 -37.00416878255266
    vertex 3.662246000719255e-16 5.980901600802866 -35.71181940859125
    vertex -1.809914430660674 6.554909541149373 -36.10590631592618
  endloop
endfacet
facet normal 0.152163 -0.419343 -0.894985
  outer loop
    vertex -1.809793538180049 9.255112461829462 -37.37106046144676
    vertex -1.809914430660674 6.554909541149373 -36.10590631592618
    vertex -3.600963450055869 7.060593221405502 -36.64735201742407
  endloop
endfacet
facet normal -0.0586438 -0.432724 -0.899617
  outer loop
    vertex 3.662246000719255e-16 5.980901600802866 -35.71181940859125
    vertex -1.393863933541774e-15 8.66764692246611 -37.00416878255266
    vertex 1.809914430660667 6.554909541149378 -36.10590631592619
  endloop
endfacet
facet normal -0.0458035 -0.423835 -0.904581
  outer loop
    vertex -1.393863933541774e-15 8.66764692246611 -37.00416878255266
    vertex 1.80979353818004 9.255112461829469 -37.37106046144676
    vertex 1.809914430660667 6.554909541149378 -36.10590631592619
  endloop
endfacet
facet normal -0.041947 -0.433089 -0.900375
  outer loop
    vertex -1.393863933541774e-15 8.66764692246611 -37.00416878255266
    vertex -1.825925534109715e-15 11.35439224412936 -38.29651815651407
    vertex 1.80979353818004 9.255112461829469 -37.37106046144676
  endloop
endfacet
facet normal -0.152163 -0.419343 -0.894985
  outer loop
    vertex 1.809914430660667 6.554909541149378 -36.10590631592619
    vertex 1.80979353818004 9.255112461829469 -37.37106046144676
    vertex 3.600963450055856 7.060593221405514 -36.64735201742407
  endloop
endfacet
facet normal -0.220642 -0.322976 -0.920328
  outer loop
    vertex 4.28670339253948 4.170774266593291 -35.71181940859125
    vertex 2.326606269959647 5.509817349338429 -35.71181940859125
    vertex 3.953679144107546 5.629703216838386 -36.14397024235524
  endloop
endfacet
facet normal -0.20177 -0.431339 -0.879338
  outer loop
    vertex 2.326606269959647 5.509817349338429 -35.71181940859125
    vertex 1.809914430660667 6.554909541149378 -36.10590631592619
    vertex 3.953679144107546 5.629703216838386 -36.14397024235524
  endloop
endfacet
facet normal -0.0780132 -0.385294 -0.91949
  outer loop
    vertex 2.326606269959647 5.509817349338429 -35.71181940859125
    vertex 3.662246000719255e-16 5.980901600802866 -35.71181940859125
    vertex 1.809914430660667 6.554909541149378 -36.10590631592619
  endloop
endfacet
facet normal -0.173609 -0.364627 -0.914826
  outer loop
    vertex 3.953679144107546 5.629703216838386 -36.14397024235524
    vertex 1.809914430660667 6.554909541149378 -36.10590631592619
    vertex 3.600963450055856 7.060593221405514 -36.64735201742407
  endloop
endfacet
facet normal 0.0780132 -0.385294 -0.91949
  outer loop
    vertex 3.662246000719255e-16 5.980901600802866 -35.71181940859125
    vertex -2.326606269959645 5.509817349338429 -35.71181940859125
    vertex -1.809914430660674 6.554909541149373 -36.10590631592618
  endloop
endfacet
facet normal 0.20177 -0.431339 -0.879338
  outer loop
    vertex -2.326606269959645 5.509817349338429 -35.71181940859125
    vertex -3.953679144107551 5.629703216838379 -36.14397024235524
    vertex -1.809914430660674 6.554909541149373 -36.10590631592618
  endloop
endfacet
facet normal 0.220642 -0.322976 -0.920328
  outer loop
    vertex -2.326606269959645 5.509817349338429 -35.71181940859125
    vertex -4.286703392539478 4.170774266593292 -35.71181940859125
    vertex -3.953679144107551 5.629703216838379 -36.14397024235524
  endloop
endfacet
facet normal 0.173609 -0.364627 -0.914826
  outer loop
    vertex -1.809914430660674 6.554909541149373 -36.10590631592618
    vertex -3.953679144107551 5.629703216838379 -36.14397024235524
    vertex -3.600963450055869 7.060593221405502 -36.64735201742407
  endloop
endfacet
facet normal -0.393817 -0.228352 -0.890373
  outer loop
    vertex 10.56062807084257 4.170774266593291 -38.29651815651407
    vertex 9.008781114699369 4.170774266593291 -37.6101271120846
    vertex 8.865877892554355 7.093548648445349 -38.29651815651407
  endloop
endfacet
facet normal -0.337794 -0.230805 -0.912482
  outer loop
    vertex 9.008781114699369 4.170774266593291 -37.6101271120846
    vertex 6.952567044830013 6.813710091561624 -37.51744230038583
    vertex 8.865877892554355 7.093548648445349 -38.29651815651407
  endloop
endfacet
facet normal -0.380004 -0.264562 -0.886343
  outer loop
    vertex 9.008781114699369 4.170774266593291 -37.6101271120846
    vertex 7.449212069475212 4.170774266593291 -36.94148837347672
    vertex 6.952567044830013 6.813710091561624 -37.51744230038583
  endloop
endfacet
facet normal -0.312252 -0.33743 -0.888054
  outer loop
    vertex 8.865877892554355 7.093548648445349 -38.29651815651407
    vertex 6.952567044830013 6.813710091561624 -37.51744230038583
    vertex 6.38614188101563 9.388259429153152 -38.29651815651407
  endloop
endfacet
facet normal 0.312252 -0.33743 -0.888054
  outer loop
    vertex -6.386141881015631 9.38825942915315 -38.29651815651407
    vertex -6.952567044830013 6.813710091561625 -37.51744230038583
    vertex -8.865877892554359 7.093548648445346 -38.29651815651407
  endloop
endfacet
facet normal 0.337794 -0.230805 -0.912482
  outer loop
    vertex -6.952567044830013 6.813710091561625 -37.51744230038583
    vertex -9.008781114699424 4.170774266593291 -37.61012711208462
    vertex -8.865877892554359 7.093548648445346 -38.29651815651407
  endloop
endfacet
facet normal 0.380004 -0.264562 -0.886343
  outer loop
    vertex -6.952567044830013 6.813710091561625 -37.51744230038583
    vertex -7.449212069475211 4.170774266593291 -36.94148837347672
    vertex -9.008781114699424 4.170774266593291 -37.61012711208462
  endloop
endfacet
facet normal 0.393817 -0.228352 -0.890373
  outer loop
    vertex -8.865877892554359 7.093548648445346 -38.29651815651407
    vertex -9.008781114699424 4.170774266593291 -37.61012711208462
    vertex -10.56062807084257 4.170774266593292 -38.29651815651407
  endloop
endfacet
facet normal 0 0 -1
  outer loop
    vertex 7.105427357601002e-15 4.170774266593291 -35.71181940859125
    vertex 3.735825978836464e-15 5.075837933698079 -35.71181940859125
    vertex 2.143351696269743 4.170774266593291 -35.71181940859125
  endloop
endfacet
facet normal 0 0 -1
  outer loop
    vertex 3.735825978836464e-15 5.075837933698079 -35.71181940859125
    vertex 2.326606269959647 5.509817349338429 -35.71181940859125
    vertex 2.143351696269743 4.170774266593291 -35.71181940859125
  endloop
endfacet
facet normal 0 0 -1
  outer loop
    vertex 3.735825978836464e-15 5.075837933698079 -35.71181940859125
    vertex 3.662246000719255e-16 5.980901600802866 -35.71181940859125
    vertex 2.326606269959647 5.509817349338429 -35.71181940859125
  endloop
endfacet
facet normal 0 0 -1
  outer loop
    vertex 2.143351696269743 4.170774266593291 -35.71181940859125
    vertex 2.326606269959647 5.509817349338429 -35.71181940859125
    vertex 4.28670339253948 4.170774266593291 -35.71181940859125
  endloop
endfacet
facet normal 0 -0 -1
  outer loop
    vertex 3.662246000719255e-16 5.980901600802866 -35.71181940859125
    vertex 3.735825978836464e-15 5.075837933698079 -35.71181940859125
    vertex -2.326606269959645 5.509817349338429 -35.71181940859125
  endloop
endfacet
facet normal -0 0 -1
  outer loop
    vertex 3.735825978836464e-15 5.075837933698079 -35.71181940859125
    vertex -2.143351696269736 4.170774266593291 -35.71181940859125
    vertex -2.326606269959645 5.509817349338429 -35.71181940859125
  endloop
endfacet
facet normal 0 -0 -1
  outer loop
    vertex 3.735825978836464e-15 5.075837933698079 -35.71181940859125
    vertex 7.105427357601002e-15 4.170774266593291 -35.71181940859125
    vertex -2.143351696269736 4.170774266593291 -35.71181940859125
  endloop
endfacet
facet normal 0 -0 -1
  outer loop
    vertex -2.326606269959645 5.509817349338429 -35.71181940859125
    vertex -2.143351696269736 4.170774266593291 -35.71181940859125
    vertex -4.286703392539478 4.170774266593292 -35.71181940859125
  endloop
endfacet
endsolid Created by Gmsh
