solid Created by Gmsh
facet normal 0 -1 0
  outer loop
    vertex 3.730349362740526e-14 0 0
    vertex 1.8258127651482 0 -2.868771646677459
    vertex 2.937500000000027 0 0
  endloop
endfacet
facet normal 0 -1 0
  outer loop
    vertex 1.8258127651482 0 -2.868771646677459
    vertex 4.763312765148189 0 -2.868771646677459
    vertex 2.937500000000027 0 0
  endloop
endfacet
facet normal 0 -1 0
  outer loop
    vertex 1.8258127651482 0 -2.868771646677459
    vertex 3.651625530296363 0 -5.737543293354925
    vertex 4.763312765148189 0 -2.868771646677459
  endloop
endfacet
facet normal 0 -1 0
  outer loop
    vertex 2.937500000000027 0 0
    vertex 4.763312765148189 0 -2.868771646677459
    vertex 5.875000000000016 0 0
  endloop
endfacet
facet normal 0 -1 0
  outer loop
    vertex -4.131831371561502 0 -103.9150736387048
    vertex -3.755724583096541 0 -107.2921271749502
    vertex -0.7871750280086314 0 -104.4177275874953
  endloop
endfacet
facet normal 0 -1 0
  outer loop
    vertex -3.755724583096541 0 -107.2921271749502
    vertex -0.4110682395436713 0 -107.7947811237406
    vertex -0.7871750280086314 0 -104.4177275874953
  endloop
endfacet
facet normal 0 -1 0
  outer loop
    vertex -3.755724583096541 0 -107.2921271749502
    vertex -3.37961779463158 0 -110.6691807111955
    vertex -0.4110682395436713 0 -107.7947811237406
  endloop
endfacet
facet normal 0 -1 0
  outer loop
    vertex -0.7871750280086314 0 -104.4177275874953
    vertex -0.4110682395436713 0 -107.7947811237406
    vertex 2.557481315544238 0 -104.9203815362858
  endloop
endfacet
facet normal 0 -1 0
  outer loop
    vertex -3.37961779463158 0 -110.6691807111955
    vertex 0.140581673779411 0 -110.9815789607328
    vertex -0.4110682395436713 0 -107.7947811237406
  endloop
endfacet
facet normal 0 -1 0
  outer loop
    vertex 0.140581673779411 0 -110.9815789607328
    vertex 3.109131228867319 0 -108.1071793732779
    vertex -0.4110682395436713 0 -107.7947811237406
  endloop
endfacet
facet normal 0 -1 0
  outer loop
    vertex 0.140581673779411 0 -110.9815789607328
    vertex 3.660781142190401 0 -111.2939772102701
    vertex 3.109131228867319 0 -108.1071793732779
  endloop
endfacet
facet normal 0 -1 0
  outer loop
    vertex -0.4110682395436713 0 -107.7947811237406
    vertex 3.109131228867319 0 -108.1071793732779
    vertex 2.557481315544238 0 -104.9203815362858
  endloop
endfacet
facet normal 0 -1 -0
  outer loop
    vertex 11.75 0 0
    vertex 10.25 0 -1.5
    vertex 11.75 0 -1.5
  endloop
endfacet
facet normal 0 -1 0
  outer loop
    vertex 10.25 0 -1.5
    vertex 10.25 0 -3
    vertex 11.75 0 -1.5
  endloop
endfacet
facet normal 0 -1 -0
  outer loop
    vertex 10.25 0 -1.5
    vertex 8.75 0 -3
    vertex 10.25 0 -3
  endloop
endfacet
facet normal 0 -1 -0
  outer loop
    vertex 11.75 0 -1.5
    vertex 10.25 0 -3
    vertex 11.75 0 -3
  endloop
endfacet
facet normal 0 -1 0
  outer loop
    vertex -11.75 0 0
    vertex -11.75 0 -1.5
    vertex -10.25 0 -1.5
  endloop
endfacet
facet normal 0 -1 0
  outer loop
    vertex -11.75 0 -1.5
    vertex -10.25 0 -3
    vertex -10.25 0 -1.5
  endloop
endfacet
facet normal 0 -1 0
  outer loop
    vertex -11.75 0 -1.5
    vertex -11.75 0 -3
    vertex -10.25 0 -3
  endloop
endfacet
facet normal 0 -1 -0
  outer loop
    vertex -10.25 0 -1.5
    vertex -10.25 0 -3
    vertex -8.75 0 -3
  endloop
endfacet
facet normal 0 -1 0
  outer loop
    vertex -3.414121651787434 0 -39.47590754388587
    vertex 0.4027008908484335 0 -39.90237719282386
    vertex -0.0339577115368872 0 -36.38999970905231
  endloop
endfacet
facet normal 0 -1 0
  outer loop
    vertex 0.4027008908484335 0 -39.90237719282386
    vertex 3.782864831098981 0 -36.8164693579903
    vertex -0.0339577115368872 0 -36.38999970905231
  endloop
endfacet
facet normal 0 -1 0
  outer loop
    vertex 0.4027008908484335 0 -39.90237719282386
    vertex 4.219523433484301 0 -40.32884684176185
    vertex 3.782864831098981 0 -36.8164693579903
  endloop
endfacet
facet normal 0 -1 0
  outer loop
    vertex -0.0339577115368872 0 -36.38999970905231
    vertex 3.782864831098981 0 -36.8164693579903
    vertex 3.346206228713659 0 -33.30409187421875
  endloop
endfacet
facet normal 0 -1 0
  outer loop
    vertex -3.938658042038366 0 -78.72638016548032
    vertex 0.02000344501138862 0 -79.6445371832509
    vertex -0.5170269626689574 0 -75.83784244814819
  endloop
endfacet
facet normal 0 -1 0
  outer loop
    vertex 0.02000344501138862 0 -79.6445371832509
    vertex 3.441634524380797 0 -76.75599946591879
    vertex -0.5170269626689574 0 -75.83784244814819
  endloop
endfacet
facet normal 0 -1 0
  outer loop
    vertex 0.02000344501138862 0 -79.6445371832509
    vertex 3.978664932061144 0 -80.56269420102149
    vertex 3.441634524380797 0 -76.75599946591879
  endloop
endfacet
facet normal 0 -1 0
  outer loop
    vertex -0.5170269626689574 0 -75.83784244814819
    vertex 3.441634524380797 0 -76.75599946591879
    vertex 2.904604116700451 0 -72.94930473081607
  endloop
endfacet
facet normal 0 -1 -0
  outer loop
    vertex 5.875000000000016 0 0
    vertex 4.763312765148189 0 -2.868771646677459
    vertex 7.312500000000008 0 -1.5
  endloop
endfacet
facet normal 0 -1 0
  outer loop
    vertex 4.763312765148189 0 -2.868771646677459
    vertex 6.200812765148182 0 -4.368771646677459
    vertex 7.312500000000008 0 -1.5
  endloop
endfacet
facet normal 0 -1 -0
  outer loop
    vertex 4.763312765148189 0 -2.868771646677459
    vertex 3.651625530296363 0 -5.737543293354925
    vertex 6.200812765148182 0 -4.368771646677459
  endloop
endfacet
facet normal 0 -1 -0
  outer loop
    vertex 7.312500000000008 0 -1.5
    vertex 6.200812765148182 0 -4.368771646677459
    vertex 8.75 0 -3
  endloop
endfacet
facet normal 0 -1 0
  outer loop
    vertex -3.832395600606437 0 -93.69670794023622
    vertex -0.4864840279957772 0 -93.37655501967146
    vertex -3.087028669488648 0 -89.80390967715306
  endloop
endfacet
facet normal 0 -1 0
  outer loop
    vertex -0.4864840279957772 0 -93.37655501967146
    vertex 0.2588829031220126 0 -89.48375675658829
    vertex -3.087028669488648 0 -89.80390967715306
  endloop
endfacet
facet normal 0 -1 0
  outer loop
    vertex -0.4864840279957772 0 -93.37655501967146
    vertex 2.859427544614883 0 -93.05640209910669
    vertex 0.2588829031220126 0 -89.48375675658829
  endloop
endfacet
facet normal 0 -1 0
  outer loop
    vertex -3.087028669488648 0 -89.80390967715306
    vertex 0.2588829031220126 0 -89.48375675658829
    vertex -2.341661738370856 0 -85.91111141406988
  endloop
endfacet
facet normal 0 -1 0
  outer loop
    vertex -2.341661738370856 0 -85.91111141406988
    vertex 0.2588829031220126 0 -89.48375675658829
    vertex 0.9654085110006143 0 -86.26435490766313
  endloop
endfacet
facet normal 0 -1 0
  outer loop
    vertex 0.2588829031220126 0 -89.48375675658829
    vertex 3.565953152493484 0 -89.83700025018153
    vertex 0.9654085110006143 0 -86.26435490766313
  endloop
endfacet
facet normal 0 -1 0
  outer loop
    vertex 0.2588829031220126 0 -89.48375675658829
    vertex 2.859427544614883 0 -93.05640209910669
    vertex 3.565953152493484 0 -89.83700025018153
  endloop
endfacet
facet normal 0 -1 0
  outer loop
    vertex 0.9654085110006143 0 -86.26435490766313
    vertex 3.565953152493484 0 -89.83700025018153
    vertex 4.272478760372085 0 -86.61759840125637
  endloop
endfacet
facet normal 0 -1 0
  outer loop
    vertex -3.389669999069275 0 -32.56374782390291
    vertex -0.02173188517780744 0 -32.93391984906083
    vertex -0.1942672189481227 0 -29.39875342147144
  endloop
endfacet
facet normal 0 -1 0
  outer loop
    vertex -0.02173188517780744 0 -32.93391984906083
    vertex 3.173670894943344 0 -29.76892544662937
    vertex -0.1942672189481227 0 -29.39875342147144
  endloop
endfacet
facet normal 0 -1 0
  outer loop
    vertex -0.02173188517780744 0 -32.93391984906083
    vertex 3.346206228713659 0 -33.30409187421875
    vertex 3.173670894943344 0 -29.76892544662937
  endloop
endfacet
facet normal 0 -1 0
  outer loop
    vertex -0.1942672189481227 0 -29.39875342147144
    vertex 3.173670894943344 0 -29.76892544662937
    vertex 3.001135561173029 0 -26.23375901903998
  endloop
endfacet
facet normal -0 -1 0
  outer loop
    vertex 3.001135561173029 0 -26.23375901903998
    vertex -0.5883992193204115 0 -26.20293621326799
    vertex -0.1942672189481227 0 -29.39875342147144
  endloop
endfacet
facet normal 0 -1 -0
  outer loop
    vertex -0.5883992193204115 0 -26.20293621326799
    vertex -3.783801999441563 0 -29.36793061569945
    vertex -0.1942672189481227 0 -29.39875342147144
  endloop
endfacet
facet normal -0 -1 0
  outer loop
    vertex -0.5883992193204115 0 -26.20293621326799
    vertex -4.177933999813852 0 -26.17211340749599
    vertex -3.783801999441563 0 -29.36793061569945
  endloop
endfacet
facet normal -0 -1 0
  outer loop
    vertex -0.1942672189481227 0 -29.39875342147144
    vertex -3.783801999441563 0 -29.36793061569945
    vertex -3.389669999069275 0 -32.56374782390291
  endloop
endfacet
facet normal 0 -1 0
  outer loop
    vertex -3.938658042038366 0 -78.72638016548032
    vertex -0.5170269626689574 0 -75.83784244814819
    vertex -3.816752771345607 0 -75.30689590698231
  endloop
endfacet
facet normal 0 -1 0
  outer loop
    vertex -0.5170269626689574 0 -75.83784244814819
    vertex -0.3951216919761977 0 -72.41835818965019
    vertex -3.816752771345607 0 -75.30689590698231
  endloop
endfacet
facet normal 0 -1 0
  outer loop
    vertex -0.5170269626689574 0 -75.83784244814819
    vertex 2.904604116700451 0 -72.94930473081607
    vertex -0.3951216919761977 0 -72.41835818965019
  endloop
endfacet
facet normal 0 -1 0
  outer loop
    vertex -3.816752771345607 0 -75.30689590698231
    vertex -0.3951216919761977 0 -72.41835818965019
    vertex -3.694847500652847 0 -71.88741164848432
  endloop
endfacet
facet normal 0 -1 0
  outer loop
    vertex -3.414121651787434 0 -39.47590754388587
    vertex -0.0339577115368872 0 -36.38999970905231
    vertex -3.401895825428355 0 -36.01982768389438
  endloop
endfacet
facet normal 0 -1 0
  outer loop
    vertex -0.0339577115368872 0 -36.38999970905231
    vertex -0.02173188517780744 0 -32.93391984906083
    vertex -3.401895825428355 0 -36.01982768389438
  endloop
endfacet
facet normal 0 -1 0
  outer loop
    vertex -0.0339577115368872 0 -36.38999970905231
    vertex 3.346206228713659 0 -33.30409187421875
    vertex -0.02173188517780744 0 -32.93391984906083
  endloop
endfacet
facet normal 0 -1 0
  outer loop
    vertex -3.401895825428355 0 -36.01982768389438
    vertex -0.02173188517780744 0 -32.93391984906083
    vertex -3.389669999069275 0 -32.56374782390291
  endloop
endfacet
facet normal -3.90225e-16 -1 -1.40643e-17
  outer loop
    vertex -8.75 1.071565949253934e-15 -43.80891568708574
    vertex -5.94562193404011 0 -45.42802411837717
    vertex -6.082060825893718 0 -41.64241161548581
  endloop
endfacet
facet normal 0 -1 0
  outer loop
    vertex -5.94562193404011 0 -45.42802411837717
    vertex -3.277682759933828 0 -43.26152004677724
    vertex -6.082060825893718 0 -41.64241161548581
  endloop
endfacet
facet normal 0 -1 0
  outer loop
    vertex -5.94562193404011 0 -45.42802411837717
    vertex -3.141243868080222 0 -47.0471325496686
    vertex -3.277682759933828 0 -43.26152004677724
  endloop
endfacet
facet normal 0 -1 0
  outer loop
    vertex -6.082060825893718 0 -41.64241161548581
    vertex -3.277682759933828 0 -43.26152004677724
    vertex -3.414121651787434 0 -39.47590754388587
  endloop
endfacet
facet normal 0 -1 0
  outer loop
    vertex -3.141243868080222 0 -47.0471325496686
    vertex -0.02576520623436007 0 -50.0090400566414
    vertex 0.2404993529632353 0 -46.86458887287102
  endloop
endfacet
facet normal 0 -1 0
  outer loop
    vertex -0.02576520623436007 0 -50.0090400566414
    vertex 3.355978014809097 0 -49.82649637984383
    vertex 0.2404993529632353 0 -46.86458887287102
  endloop
endfacet
facet normal 0 -1 0
  outer loop
    vertex -0.02576520623436007 0 -50.0090400566414
    vertex 3.089713455611502 0 -52.97094756361421
    vertex 3.355978014809097 0 -49.82649637984383
  endloop
endfacet
facet normal 0 -1 0
  outer loop
    vertex 0.2404993529632353 0 -46.86458887287102
    vertex 3.355978014809097 0 -49.82649637984383
    vertex 3.622242574006693 0 -46.68204519607345
  endloop
endfacet
facet normal 0 -1 0
  outer loop
    vertex -3.099305191024158 0 -53.80711189555058
    vertex -0.004795867706327783 0 -53.38902972958239
    vertex -3.120274529552189 0 -50.42712222260958
  endloop
endfacet
facet normal 0 -1 0
  outer loop
    vertex -0.004795867706327783 0 -53.38902972958239
    vertex -0.02576520623436007 0 -50.0090400566414
    vertex -3.120274529552189 0 -50.42712222260958
  endloop
endfacet
facet normal 0 -1 0
  outer loop
    vertex -0.004795867706327783 0 -53.38902972958239
    vertex 3.089713455611502 0 -52.97094756361421
    vertex -0.02576520623436007 0 -50.0090400566414
  endloop
endfacet
facet normal 0 -1 0
  outer loop
    vertex -3.120274529552189 0 -50.42712222260958
    vertex -0.02576520623436007 0 -50.0090400566414
    vertex -3.141243868080222 0 -47.0471325496686
  endloop
endfacet
facet normal 0 -1 0
  outer loop
    vertex 2.760450390270415 0 -60.05917941409638
    vertex 2.925081922940959 0 -56.51506348885529
    vertex -0.169427400376871 0 -56.93314565482348
  endloop
endfacet
facet normal -0 -1 0
  outer loop
    vertex 2.925081922940959 0 -56.51506348885529
    vertex -0.004795867706327783 0 -53.38902972958239
    vertex -0.169427400376871 0 -56.93314565482348
  endloop
endfacet
facet normal 0 -1 0
  outer loop
    vertex 2.925081922940959 0 -56.51506348885529
    vertex 3.089713455611502 0 -52.97094756361421
    vertex -0.004795867706327783 0 -53.38902972958239
  endloop
endfacet
facet normal 0 -1 0
  outer loop
    vertex -0.169427400376871 0 -56.93314565482348
    vertex -0.004795867706327783 0 -53.38902972958239
    vertex -3.099305191024158 0 -53.80711189555058
  endloop
endfacet
facet normal 0 -1 -0
  outer loop
    vertex -3.099305191024158 0 -53.80711189555058
    vertex -3.467633070014264 0 -57.45779363461701
    vertex -0.169427400376871 0 -56.93314565482348
  endloop
endfacet
facet normal 0 -1 0
  outer loop
    vertex -3.467633070014264 0 -57.45779363461701
    vertex -0.5377552793669764 0 -60.58382739388991
    vertex -0.169427400376871 0 -56.93314565482348
  endloop
endfacet
facet normal 0 -1 -0
  outer loop
    vertex -3.467633070014264 0 -57.45779363461701
    vertex -3.835960949004368 0 -61.10847537368345
    vertex -0.5377552793669764 0 -60.58382739388991
  endloop
endfacet
facet normal 0 -1 -0
  outer loop
    vertex -0.169427400376871 0 -56.93314565482348
    vertex -0.5377552793669764 0 -60.58382739388991
    vertex 2.760450390270415 0 -60.05917941409638
  endloop
endfacet
facet normal 0 -1 0
  outer loop
    vertex -8.75 0 -89.84076307257146
    vertex -5.545830869185428 0 -87.87593724332066
    vertex -8.75 0 -86.8248393798286
  endloop
endfacet
facet normal 0 -1 0
  outer loop
    vertex -5.545830869185428 0 -87.87593724332066
    vertex -5.545830869185428 0 -84.8600135505778
    vertex -8.75 0 -86.8248393798286
  endloop
endfacet
facet normal 0 -1 0
  outer loop
    vertex -5.545830869185428 0 -87.87593724332066
    vertex -2.341661738370856 0 -85.91111141406988
    vertex -5.545830869185428 0 -84.8600135505778
  endloop
endfacet
facet normal -2.17875e-16 -1 3.55303e-16
  outer loop
    vertex -8.75 0 -86.8248393798286
    vertex -5.545830869185428 0 -84.8600135505778
    vertex -8.75 1.071565949253934e-15 -83.80891568708574
  endloop
endfacet
facet normal 0 -1 0
  outer loop
    vertex 3.001135561173029 0 -26.23375901903998
    vertex 3.550681336703818 0 -22.91465058774855
    vertex 4.440892098500626e-15 0 -22.91465058774855
  endloop
endfacet
facet normal 0 -1 0
  outer loop
    vertex 3.550681336703818 0 -22.91465058774855
    vertex 0.5495457755307935 0 -19.59554215645711
    vertex 4.440892098500626e-15 0 -22.91465058774855
  endloop
endfacet
facet normal 0 -1 0
  outer loop
    vertex 3.550681336703818 0 -22.91465058774855
    vertex 4.100227112234607 0 -19.59554215645712
    vertex 0.5495457755307935 0 -19.59554215645711
  endloop
endfacet
facet normal 0 -1 0
  outer loop
    vertex 4.440892098500626e-15 0 -22.91465058774855
    vertex 0.5495457755307935 0 -19.59554215645711
    vertex -3.001135561173021 0 -19.59554215645711
  endloop
endfacet
facet normal 0 -1 -0
  outer loop
    vertex -3.001135561173021 0 -19.59554215645711
    vertex -3.589534780493436 0 -22.88382778197655
    vertex 4.440892098500626e-15 0 -22.91465058774855
  endloop
endfacet
facet normal 0 -1 0
  outer loop
    vertex -3.589534780493436 0 -22.88382778197655
    vertex -0.5883992193204115 0 -26.20293621326799
    vertex 4.440892098500626e-15 0 -22.91465058774855
  endloop
endfacet
facet normal 0 -1 -0
  outer loop
    vertex -3.589534780493436 0 -22.88382778197655
    vertex -4.177933999813852 0 -26.17211340749599
    vertex -0.5883992193204115 0 -26.20293621326799
  endloop
endfacet
facet normal 0 -1 -0
  outer loop
    vertex 4.440892098500626e-15 0 -22.91465058774855
    vertex -0.5883992193204115 0 -26.20293621326799
    vertex 3.001135561173029 0 -26.23375901903998
  endloop
endfacet
facet normal 0 -1 0
  outer loop
    vertex -3.001135561173021 0 -19.59554215645711
    vertex 0.5495457755307935 0 -19.59554215645711
    vertex 2.664535259100376e-15 0 -16.27643372516568
  endloop
endfacet
facet normal 0 -1 0
  outer loop
    vertex 0.5495457755307935 0 -19.59554215645711
    vertex 3.550681336703816 0 -16.27643372516568
    vertex 2.664535259100376e-15 0 -16.27643372516568
  endloop
endfacet
facet normal 0 -1 0
  outer loop
    vertex 0.5495457755307935 0 -19.59554215645711
    vertex 4.100227112234607 0 -19.59554215645712
    vertex 3.550681336703816 0 -16.27643372516568
  endloop
endfacet
facet normal 0 -1 0
  outer loop
    vertex 2.664535259100376e-15 0 -16.27643372516568
    vertex 3.550681336703816 0 -16.27643372516568
    vertex 3.001135561173026 0 -12.95732529387425
  endloop
endfacet
facet normal -0 -1 0
  outer loop
    vertex 3.001135561173026 0 -12.95732529387425
    vertex -0.5104055922215425 0 -12.61003649084179
    vertex 2.664535259100376e-15 0 -16.27643372516568
  endloop
endfacet
facet normal 0 -1 -0
  outer loop
    vertex -0.5104055922215425 0 -12.61003649084179
    vertex -3.511541153394566 0 -15.92914492213322
    vertex 2.664535259100376e-15 0 -16.27643372516568
  endloop
endfacet
facet normal -0 -1 0
  outer loop
    vertex -0.5104055922215425 0 -12.61003649084179
    vertex -4.021946745616111 0 -12.26274768780933
    vertex -3.511541153394566 0 -15.92914492213322
  endloop
endfacet
facet normal -0 -1 0
  outer loop
    vertex 2.664535259100376e-15 0 -16.27643372516568
    vertex -3.511541153394566 0 -15.92914492213322
    vertex -3.001135561173021 0 -19.59554215645711
  endloop
endfacet
facet normal 0 -1 0
  outer loop
    vertex -8.75 0 -3
    vertex -5.79573385731052 0 -3.574509426660313
    vertex -7.312499999999984 0 -1.5
  endloop
endfacet
facet normal 0 -1 0
  outer loop
    vertex -5.79573385731052 0 -3.574509426660313
    vertex -4.358233857310507 0 -2.074509426660313
    vertex -7.312499999999984 0 -1.5
  endloop
endfacet
facet normal 0 -1 0
  outer loop
    vertex -5.79573385731052 0 -3.574509426660313
    vertex -2.841467714621041 0 -4.149018853320619
    vertex -4.358233857310507 0 -2.074509426660313
  endloop
endfacet
facet normal 0 -1 0
  outer loop
    vertex -7.312499999999984 0 -1.5
    vertex -4.358233857310507 0 -2.074509426660313
    vertex -5.874999999999972 0 0
  endloop
endfacet
facet normal 0 -1 0
  outer loop
    vertex 2.904604116700451 0 -72.94930473081607
    vertex 3.441634524380797 0 -76.75599946591879
    vertex 5.827302058350226 0 -74.57019452186516
  endloop
endfacet
facet normal 0 -1 0
  outer loop
    vertex 3.441634524380797 0 -76.75599946591879
    vertex 6.364332466030572 0 -78.37688925696787
    vertex 5.827302058350226 0 -74.57019452186516
  endloop
endfacet
facet normal 0 -1 0
  outer loop
    vertex 3.441634524380797 0 -76.75599946591879
    vertex 3.978664932061144 0 -80.56269420102149
    vertex 6.364332466030572 0 -78.37688925696787
  endloop
endfacet
facet normal 0 -1 0
  outer loop
    vertex 5.827302058350226 0 -74.57019452186516
    vertex 6.364332466030572 0 -78.37688925696787
    vertex 8.75 0 -76.19108431291426
  endloop
endfacet
facet normal 0 -1 0
  outer loop
    vertex -8.75 0 -9.638216862582846
    vertex -6.887990412240926 0 -8.577342178964503
    vertex -8.75 0 -6.319108431291423
  endloop
endfacet
facet normal 0 -1 0
  outer loop
    vertex -6.887990412240926 0 -8.577342178964503
    vertex -6.887990412240924 0 -5.258233747673081
    vertex -8.75 0 -6.319108431291423
  endloop
endfacet
facet normal 0 -1 0
  outer loop
    vertex -6.887990412240926 0 -8.577342178964503
    vertex -5.02598082448185 0 -7.516467495346163
    vertex -6.887990412240924 0 -5.258233747673081
  endloop
endfacet
facet normal 0 -1 0
  outer loop
    vertex -8.75 0 -6.319108431291423
    vertex -6.887990412240924 0 -5.258233747673081
    vertex -8.75 0 -3
  endloop
endfacet
facet normal 0 -1 0
  outer loop
    vertex -2.841467714621041 0 -4.149018853320619
    vertex 0.4050789078376607 0 -4.943281073337772
    vertex -1.420733857310502 0 -2.074509426660313
  endloop
endfacet
facet normal 0 -1 0
  outer loop
    vertex 0.4050789078376607 0 -4.943281073337772
    vertex 1.8258127651482 0 -2.868771646677459
    vertex -1.420733857310502 0 -2.074509426660313
  endloop
endfacet
facet normal 0 -1 0
  outer loop
    vertex 0.4050789078376607 0 -4.943281073337772
    vertex 3.651625530296363 0 -5.737543293354925
    vertex 1.8258127651482 0 -2.868771646677459
  endloop
endfacet
facet normal 0 -1 0
  outer loop
    vertex -1.420733857310502 0 -2.074509426660313
    vertex 1.8258127651482 0 -2.868771646677459
    vertex 3.730349362740526e-14 0 0
  endloop
endfacet
facet normal 0 -1 0
  outer loop
    vertex -3.832395600606437 0 -93.69670794023622
    vertex -3.087028669488648 0 -89.80390967715306
    vertex -6.291197800303218 0 -91.76873550640384
  endloop
endfacet
facet normal -0 -1 0
  outer loop
    vertex -3.087028669488648 0 -89.80390967715306
    vertex -5.545830869185428 0 -87.87593724332066
    vertex -6.291197800303218 0 -91.76873550640384
  endloop
endfacet
facet normal 0 -1 0
  outer loop
    vertex -3.087028669488648 0 -89.80390967715306
    vertex -2.341661738370856 0 -85.91111141406988
    vertex -5.545830869185428 0 -87.87593724332066
  endloop
endfacet
facet normal 0 -1 0
  outer loop
    vertex -6.291197800303218 0 -91.76873550640384
    vertex -5.545830869185428 0 -87.87593724332066
    vertex -8.75 0 -89.84076307257146
  endloop
endfacet
facet normal 0 -1 0
  outer loop
    vertex -3.414121651787434 0 -39.47590754388587
    vertex -6.519377726254042 0 -39.68554452633152
    vertex -6.082060825893718 0 -41.64241161548581
  endloop
endfacet
facet normal 0 -1 -0
  outer loop
    vertex -6.519377726254042 0 -39.68554452633152
    vertex -9.187316900360324 0 -41.85204859793146
    vertex -6.082060825893718 0 -41.64241161548581
  endloop
endfacet
facet normal 0 -1 0
  outer loop
    vertex -6.519377726254042 0 -39.68554452633152
    vertex -9.62463380072065 0 -39.89518150877717
    vertex -9.187316900360324 0 -41.85204859793146
  endloop
endfacet
facet normal 3.64187e-17 -1 -5.39454e-16
  outer loop
    vertex -6.082060825893718 0 -41.64241161548581
    vertex -9.187316900360324 0 -41.85204859793146
    vertex -8.75 1.071565949253934e-15 -43.80891568708574
  endloop
endfacet
facet normal 0 -1 -0
  outer loop
    vertex 8.75 0 -3
    vertex 6.200812765148182 0 -4.368771646677459
    vertex 8.75 0 -6.319108431291404
  endloop
endfacet
facet normal 0 -1 0
  outer loop
    vertex 6.200812765148182 0 -4.368771646677459
    vertex 6.200812765148182 0 -7.68788007796887
    vertex 8.75 0 -6.319108431291404
  endloop
endfacet
facet normal 0 -1 -0
  outer loop
    vertex 6.200812765148182 0 -4.368771646677459
    vertex 3.651625530296363 0 -5.737543293354925
    vertex 6.200812765148182 0 -7.68788007796887
  endloop
endfacet
facet normal 0 -1 -0
  outer loop
    vertex 8.75 0 -6.319108431291404
    vertex 6.200812765148182 0 -7.68788007796887
    vertex 8.75 0 -9.638216862582812
  endloop
endfacet
facet normal 0 -1 0
  outer loop
    vertex -3.938658042038366 0 -78.72638016548032
    vertex -6.834099560404601 0 -79.2358280992882
    vertex -6.344329021019183 0 -81.26764792628303
  endloop
endfacet
facet normal 0 -1 -0
  outer loop
    vertex -6.834099560404601 0 -79.2358280992882
    vertex -9.239770539385416 0 -81.77709586009091
    vertex -6.344329021019183 0 -81.26764792628303
  endloop
endfacet
facet normal 0 -1 0
  outer loop
    vertex -6.834099560404601 0 -79.2358280992882
    vertex -9.729541078770835 0 -79.74527603309608
    vertex -9.239770539385416 0 -81.77709586009091
  endloop
endfacet
facet normal 8.90183e-17 -1 -5.05934e-16
  outer loop
    vertex -6.344329021019183 0 -81.26764792628303
    vertex -9.239770539385416 0 -81.77709586009091
    vertex -8.75 1.071565949253934e-15 -83.80891568708574
  endloop
endfacet
facet normal -3.60732e-16 -1 -8.01821e-17
  outer loop
    vertex -8.75 1.071565949253934e-15 -83.80891568708574
    vertex -5.545830869185428 0 -84.8600135505778
    vertex -6.344329021019183 0 -81.26764792628303
  endloop
endfacet
facet normal 0 -1 0
  outer loop
    vertex -5.545830869185428 0 -84.8600135505778
    vertex -3.140159890204611 0 -82.31874578977509
    vertex -6.344329021019183 0 -81.26764792628303
  endloop
endfacet
facet normal 0 -1 0
  outer loop
    vertex -5.545830869185428 0 -84.8600135505778
    vertex -2.341661738370856 0 -85.91111141406988
    vertex -3.140159890204611 0 -82.31874578977509
  endloop
endfacet
facet normal 0 -1 0
  outer loop
    vertex -6.344329021019183 0 -81.26764792628303
    vertex -3.140159890204611 0 -82.31874578977509
    vertex -3.938658042038366 0 -78.72638016548032
  endloop
endfacet
facet normal -3.96932e-17 -1 5.87957e-16
  outer loop
    vertex -8.75 1.071565949253934e-15 -36.19108431291425
    vertex -9.187316900360324 0 -38.04313291084571
    vertex -6.082060825893718 0 -37.83349592840006
  endloop
endfacet
facet normal 0 -1 0
  outer loop
    vertex -9.187316900360324 0 -38.04313291084571
    vertex -6.519377726254042 0 -39.68554452633152
    vertex -6.082060825893718 0 -37.83349592840006
  endloop
endfacet
facet normal 0 -1 -0
  outer loop
    vertex -9.187316900360324 0 -38.04313291084571
    vertex -9.62463380072065 0 -39.89518150877717
    vertex -6.519377726254042 0 -39.68554452633152
  endloop
endfacet
facet normal 0 -1 -0
  outer loop
    vertex -6.082060825893718 0 -37.83349592840006
    vertex -6.519377726254042 0 -39.68554452633152
    vertex -3.414121651787434 0 -39.47590754388587
  endloop
endfacet
facet normal 0 -1 0
  outer loop
    vertex 3.346206228713659 0 -33.30409187421875
    vertex 3.782864831098981 0 -36.8164693579903
    vertex 6.048103114356829 0 -34.7475880935665
  endloop
endfacet
facet normal 0 -1 0
  outer loop
    vertex 3.782864831098981 0 -36.8164693579903
    vertex 6.484761716742151 0 -38.25996557733805
    vertex 6.048103114356829 0 -34.7475880935665
  endloop
endfacet
facet normal 0 -1 0
  outer loop
    vertex 3.782864831098981 0 -36.8164693579903
    vertex 4.219523433484301 0 -40.32884684176185
    vertex 6.484761716742151 0 -38.25996557733805
  endloop
endfacet
facet normal 0 -1 0
  outer loop
    vertex 6.048103114356829 0 -34.7475880935665
    vertex 6.484761716742151 0 -38.25996557733805
    vertex 8.75 0 -36.19108431291425
  endloop
endfacet
facet normal 0 -1 0
  outer loop
    vertex 2.760450390270415 0 -60.05917941409638
    vertex -0.5377552793669764 0 -60.58382739388991
    vertex 1.273968048485517 0 -63.18365331069221
  endloop
endfacet
facet normal 0 -1 -0
  outer loop
    vertex -0.5377552793669764 0 -60.58382739388991
    vertex -2.024237621151874 0 -63.70830129048574
    vertex 1.273968048485517 0 -63.18365331069221
  endloop
endfacet
facet normal 0 -1 0
  outer loop
    vertex -0.5377552793669764 0 -60.58382739388991
    vertex -3.835960949004368 0 -61.10847537368345
    vertex -2.024237621151874 0 -63.70830129048574
  endloop
endfacet
facet normal 0 -1 0
  outer loop
    vertex 1.273968048485517 0 -63.18365331069221
    vertex -2.024237621151874 0 -63.70830129048574
    vertex -0.2125142932993818 0 -66.30812720728804
  endloop
endfacet
facet normal -1.11501e-16 -1 6.33717e-16
  outer loop
    vertex -8.75 1.071565949253934e-15 -76.19108431291426
    vertex -9.239770539385416 0 -77.96818017300517
    vertex -6.344329021019183 0 -77.45873223919729
  endloop
endfacet
facet normal 0 -1 0
  outer loop
    vertex -9.239770539385416 0 -77.96818017300517
    vertex -6.834099560404601 0 -79.2358280992882
    vertex -6.344329021019183 0 -77.45873223919729
  endloop
endfacet
facet normal 0 -1 -0
  outer loop
    vertex -9.239770539385416 0 -77.96818017300517
    vertex -9.729541078770835 0 -79.74527603309608
    vertex -6.834099560404601 0 -79.2358280992882
  endloop
endfacet
facet normal 0 -1 -0
  outer loop
    vertex -6.344329021019183 0 -77.45873223919729
    vertex -6.834099560404601 0 -79.2358280992882
    vertex -3.938658042038366 0 -78.72638016548032
  endloop
endfacet
facet normal 0 -1 0
  outer loop
    vertex -8.75 0 -50.28534941225145
    vertex -5.94562193404011 0 -48.66624098096002
    vertex -8.75 0 -47.0471325496686
  endloop
endfacet
facet normal 0 -1 0
  outer loop
    vertex -5.94562193404011 0 -48.66624098096002
    vertex -5.94562193404011 0 -45.42802411837717
    vertex -8.75 0 -47.0471325496686
  endloop
endfacet
facet normal 0 -1 0
  outer loop
    vertex -5.94562193404011 0 -48.66624098096002
    vertex -3.141243868080222 0 -47.0471325496686
    vertex -5.94562193404011 0 -45.42802411837717
  endloop
endfacet
facet normal -1.91052e-16 -1 3.30912e-16
  outer loop
    vertex -8.75 0 -47.0471325496686
    vertex -5.94562193404011 0 -45.42802411837717
    vertex -8.75 1.071565949253934e-15 -43.80891568708574
  endloop
endfacet
facet normal 0 -1 -0
  outer loop
    vertex 8.75 0 -76.19108431291426
    vertex 6.364332466030572 0 -78.37688925696787
    vertex 9.194966690301646 0 -78.17039290020074
  endloop
endfacet
facet normal 0 -1 0
  outer loop
    vertex 6.364332466030572 0 -78.37688925696787
    vertex 6.809299156332218 0 -80.35619784425435
    vertex 9.194966690301646 0 -78.17039290020074
  endloop
endfacet
facet normal 0 -1 -0
  outer loop
    vertex 6.364332466030572 0 -78.37688925696787
    vertex 3.978664932061144 0 -80.56269420102149
    vertex 6.809299156332218 0 -80.35619784425435
  endloop
endfacet
facet normal 0 -1 -0
  outer loop
    vertex 9.194966690301646 0 -78.17039290020074
    vertex 6.809299156332218 0 -80.35619784425435
    vertex 9.639933380603292 0 -80.14970148748722
  endloop
endfacet
facet normal 0 -1 0
  outer loop
    vertex -3.141243868080222 0 -47.0471325496686
    vertex -1.541528859697324 0 -45.09203108606818
    vertex -3.277682759933828 0 -43.26152004677724
  endloop
endfacet
facet normal 0 -1 0
  outer loop
    vertex -1.541528859697324 0 -45.09203108606818
    vertex -1.67796775155093 0 -41.30641858317681
    vertex -3.277682759933828 0 -43.26152004677724
  endloop
endfacet
facet normal 0 -1 0
  outer loop
    vertex -1.541528859697324 0 -45.09203108606818
    vertex 0.05818614868557503 0 -43.13692962246775
    vertex -1.67796775155093 0 -41.30641858317681
  endloop
endfacet
facet normal 0 -1 0
  outer loop
    vertex -3.277682759933828 0 -43.26152004677724
    vertex -1.67796775155093 0 -41.30641858317681
    vertex -3.414121651787434 0 -39.47590754388587
  endloop
endfacet
facet normal 0 -1 0
  outer loop
    vertex 2.904604116700451 0 -72.94930473081607
    vertex 1.346044911700535 0 -69.62871596905205
    vertex -0.3951216919761977 0 -72.41835818965019
  endloop
endfacet
facet normal -0 -1 0
  outer loop
    vertex 1.346044911700535 0 -69.62871596905205
    vertex -1.953680896976115 0 -69.09776942788616
    vertex -0.3951216919761977 0 -72.41835818965019
  endloop
endfacet
facet normal 0 -1 0
  outer loop
    vertex 1.346044911700535 0 -69.62871596905205
    vertex -0.2125142932993818 0 -66.30812720728804
    vertex -1.953680896976115 0 -69.09776942788616
  endloop
endfacet
facet normal 0 -1 0
  outer loop
    vertex -0.3951216919761977 0 -72.41835818965019
    vertex -1.953680896976115 0 -69.09776942788616
    vertex -3.694847500652847 0 -71.88741164848432
  endloop
endfacet
facet normal 0 -1 0
  outer loop
    vertex -3.938658042038366 0 -78.72638016548032
    vertex -3.140159890204611 0 -82.31874578977509
    vertex 0.02000344501138862 0 -79.6445371832509
  endloop
endfacet
facet normal 0 -1 0
  outer loop
    vertex -3.140159890204611 0 -82.31874578977509
    vertex 0.8185015968451435 0 -83.23690280754569
    vertex 0.02000344501138862 0 -79.6445371832509
  endloop
endfacet
facet normal 0 -1 0
  outer loop
    vertex -3.140159890204611 0 -82.31874578977509
    vertex -2.341661738370856 0 -85.91111141406988
    vertex 0.8185015968451435 0 -83.23690280754569
  endloop
endfacet
facet normal 0 -1 0
  outer loop
    vertex 0.02000344501138862 0 -79.6445371832509
    vertex 0.8185015968451435 0 -83.23690280754569
    vertex 3.978664932061144 0 -80.56269420102149
  endloop
endfacet
facet normal 0 -1 -0
  outer loop
    vertex 8.75 0 -89.84076307257146
    vertex 5.804713772307442 0 -91.44858258583908
    vertex 8.75 0 -92.85668676531432
  endloop
endfacet
facet normal 0 -1 -0
  outer loop
    vertex 5.804713772307442 0 -91.44858258583908
    vertex 5.804713772307441 0 -94.46450627858194
    vertex 8.75 0 -92.85668676531432
  endloop
endfacet
facet normal 0 -1 0
  outer loop
    vertex 5.804713772307442 0 -91.44858258583908
    vertex 2.859427544614883 0 -93.05640209910669
    vertex 5.804713772307441 0 -94.46450627858194
  endloop
endfacet
facet normal 0 -1 -0
  outer loop
    vertex 8.75 0 -92.85668676531432
    vertex 5.804713772307441 0 -94.46450627858194
    vertex 8.75 0 -95.87261045805718
  endloop
endfacet
facet normal 0 -1 0
  outer loop
    vertex 9.639933380603292 0 -80.14970148748722
    vertex 6.809299156332218 0 -80.35619784425435
    vertex 9.194966690301646 0 -81.97930858728648
  endloop
endfacet
facet normal 0 -1 -0
  outer loop
    vertex 6.809299156332218 0 -80.35619784425435
    vertex 6.364332466030572 0 -82.18580494405361
    vertex 9.194966690301646 0 -81.97930858728648
  endloop
endfacet
facet normal 0 -1 0
  outer loop
    vertex 6.809299156332218 0 -80.35619784425435
    vertex 3.978664932061144 0 -80.56269420102149
    vertex 6.364332466030572 0 -82.18580494405361
  endloop
endfacet
facet normal 0 -1 0
  outer loop
    vertex 9.194966690301646 0 -81.97930858728648
    vertex 6.364332466030572 0 -82.18580494405361
    vertex 8.75 0 -83.80891568708574
  endloop
endfacet
facet normal 0 -1 0
  outer loop
    vertex 2.557481315544238 0 -104.9203815362858
    vertex 0.9681826498365744 0 -101.9044578435429
    vertex -0.7871750280086314 0 -104.4177275874953
  endloop
endfacet
facet normal -0 -1 0
  outer loop
    vertex 0.9681826498365744 0 -101.9044578435429
    vertex -2.376473693716294 0 -101.4018038947524
    vertex -0.7871750280086314 0 -104.4177275874953
  endloop
endfacet
facet normal 0 -1 0
  outer loop
    vertex 0.9681826498365744 0 -101.9044578435429
    vertex -0.6211160158710882 0 -98.8885341508001
    vertex -2.376473693716294 0 -101.4018038947524
  endloop
endfacet
facet normal 0 -1 0
  outer loop
    vertex -0.7871750280086314 0 -104.4177275874953
    vertex -2.376473693716294 0 -101.4018038947524
    vertex -4.131831371561502 0 -103.9150736387048
  endloop
endfacet
facet normal 0 -1 -0
  outer loop
    vertex 8.75 0 -29.5528674503314
    vertex 6.048103114356829 0 -31.42847966227507
    vertex 8.75 0 -32.87197588162282
  endloop
endfacet
facet normal 0 -1 0
  outer loop
    vertex 6.048103114356829 0 -31.42847966227507
    vertex 6.048103114356829 0 -34.7475880935665
    vertex 8.75 0 -32.87197588162282
  endloop
endfacet
facet normal 0 -1 -0
  outer loop
    vertex 6.048103114356829 0 -31.42847966227507
    vertex 3.346206228713659 0 -33.30409187421875
    vertex 6.048103114356829 0 -34.7475880935665
  endloop
endfacet
facet normal 0 -1 -0
  outer loop
    vertex 8.75 0 -32.87197588162282
    vertex 6.048103114356829 0 -34.7475880935665
    vertex 8.75 0 -36.19108431291425
  endloop
endfacet
facet normal -1.81342e-16 -1 -3.22848e-16
  outer loop
    vertex -8.75 1.071565949253934e-15 -36.19108431291425
    vertex -6.069834999534637 0 -34.37741606840858
    vertex -8.75 0 -32.87197588162283
  endloop
endfacet
facet normal 0 -1 0
  outer loop
    vertex -6.069834999534637 0 -34.37741606840858
    vertex -6.069834999534637 0 -31.05830763711716
    vertex -8.75 0 -32.87197588162283
  endloop
endfacet
facet normal 0 -1 0
  outer loop
    vertex -6.069834999534637 0 -34.37741606840858
    vertex -3.389669999069275 0 -32.56374782390291
    vertex -6.069834999534637 0 -31.05830763711716
  endloop
endfacet
facet normal 0 -1 0
  outer loop
    vertex -8.75 0 -32.87197588162283
    vertex -6.069834999534637 0 -31.05830763711716
    vertex -8.75 0 -29.55286745033142
  endloop
endfacet
facet normal 0 -1 -0
  outer loop
    vertex 8.75 0 -43.80891568708574
    vertex 6.186121287003346 0 -45.2454804415796
    vertex 8.75 0 -47.0471325496686
  endloop
endfacet
facet normal 0 -1 0
  outer loop
    vertex 6.186121287003346 0 -45.2454804415796
    vertex 6.186121287003346 0 -48.48369730416245
    vertex 8.75 0 -47.0471325496686
  endloop
endfacet
facet normal 0 -1 -0
  outer loop
    vertex 6.186121287003346 0 -45.2454804415796
    vertex 3.622242574006693 0 -46.68204519607345
    vertex 6.186121287003346 0 -48.48369730416245
  endloop
endfacet
facet normal 0 -1 -0
  outer loop
    vertex 8.75 0 -47.0471325496686
    vertex 6.186121287003346 0 -48.48369730416245
    vertex 8.75 0 -50.28534941225145
  endloop
endfacet
facet normal -1.4223e-16 -1 -3.30912e-16
  outer loop
    vertex -8.75 1.071565949253934e-15 -76.19108431291426
    vertex -6.222423750326422 0 -74.03924798069929
    vertex -8.75 0 -72.95286745033141
  endloop
endfacet
facet normal 0 -1 0
  outer loop
    vertex -6.222423750326422 0 -74.03924798069929
    vertex -6.222423750326422 0 -70.80103111811644
    vertex -8.75 0 -72.95286745033141
  endloop
endfacet
facet normal 0 -1 0
  outer loop
    vertex -6.222423750326422 0 -74.03924798069929
    vertex -3.694847500652847 0 -71.88741164848432
    vertex -6.222423750326422 0 -70.80103111811644
  endloop
endfacet
facet normal 0 -1 0
  outer loop
    vertex -8.75 0 -72.95286745033141
    vertex -6.222423750326422 0 -70.80103111811644
    vertex -8.75 0 -69.71465058774858
  endloop
endfacet
facet normal 0 -1 -0
  outer loop
    vertex 8.75 0 -69.71465058774858
    vertex 5.827302058350226 0 -71.33197765928233
    vertex 8.75 0 -72.95286745033141
  endloop
endfacet
facet normal 0 -1 0
  outer loop
    vertex 5.827302058350226 0 -71.33197765928233
    vertex 5.827302058350226 0 -74.57019452186516
    vertex 8.75 0 -72.95286745033141
  endloop
endfacet
facet normal 0 -1 -0
  outer loop
    vertex 5.827302058350226 0 -71.33197765928233
    vertex 2.904604116700451 0 -72.94930473081607
    vertex 5.827302058350226 0 -74.57019452186516
  endloop
endfacet
facet normal 0 -1 -0
  outer loop
    vertex 8.75 0 -72.95286745033141
    vertex 5.827302058350226 0 -74.57019452186516
    vertex 8.75 0 -76.19108431291426
  endloop
endfacet
facet normal 0 -1 0
  outer loop
    vertex 0 0 -115.3807865688988
    vertex 1.830390571095201 0 -113.3373818895845
    vertex -1.68980889731579 0 -113.0249836400472
  endloop
endfacet
facet normal 0 -1 0
  outer loop
    vertex 1.830390571095201 0 -113.3373818895845
    vertex 0.140581673779411 0 -110.9815789607328
    vertex -1.68980889731579 0 -113.0249836400472
  endloop
endfacet
facet normal 0 -1 0
  outer loop
    vertex 1.830390571095201 0 -113.3373818895845
    vertex 3.660781142190401 0 -111.2939772102701
    vertex 0.140581673779411 0 -110.9815789607328
  endloop
endfacet
facet normal 0 -1 0
  outer loop
    vertex -1.68980889731579 0 -113.0249836400472
    vertex 0.140581673779411 0 -110.9815789607328
    vertex -3.37961779463158 0 -110.6691807111955
  endloop
endfacet
facet normal 0 -1 -0
  outer loop
    vertex 8.75 0 -9.638216862582812
    vertex 5.875567780586513 0 -11.29777107822853
    vertex 8.75 0 -12.95732529387425
  endloop
endfacet
facet normal 0 -1 0
  outer loop
    vertex 5.875567780586513 0 -11.29777107822853
    vertex 5.875567780586513 0 -14.61687950951997
    vertex 8.75 0 -12.95732529387425
  endloop
endfacet
facet normal 0 -1 -0
  outer loop
    vertex 5.875567780586513 0 -11.29777107822853
    vertex 3.001135561173026 0 -12.95732529387425
    vertex 5.875567780586513 0 -14.61687950951997
  endloop
endfacet
facet normal 0 -1 -0
  outer loop
    vertex 8.75 0 -12.95732529387425
    vertex 5.875567780586513 0 -14.61687950951997
    vertex 8.75 0 -16.27643372516569
  endloop
endfacet
facet normal 0 -1 0
  outer loop
    vertex -8.75 0 -22.91465058774854
    vertex -5.875567780586509 0 -21.25509637210283
    vertex -8.75 0 -19.59554215645711
  endloop
endfacet
facet normal 0 -1 0
  outer loop
    vertex -5.875567780586509 0 -21.25509637210283
    vertex -5.875567780586509 0 -17.93598794081139
    vertex -8.75 0 -19.59554215645711
  endloop
endfacet
facet normal 0 -1 0
  outer loop
    vertex -5.875567780586509 0 -21.25509637210283
    vertex -3.001135561173021 0 -19.59554215645711
    vertex -5.875567780586509 0 -17.93598794081139
  endloop
endfacet
facet normal 0 -1 0
  outer loop
    vertex -8.75 0 -19.59554215645711
    vertex -5.875567780586509 0 -17.93598794081139
    vertex -8.75 0 -16.27643372516568
  endloop
endfacet
facet normal 0 -1 -0
  outer loop
    vertex 8.75 0 -22.91465058774856
    vertex 5.875567780586515 0 -24.57420480339427
    vertex 8.75 0 -26.23375901903998
  endloop
endfacet
facet normal 0 -1 0
  outer loop
    vertex 5.875567780586515 0 -24.57420480339427
    vertex 5.875567780586515 0 -27.89331323468569
    vertex 8.75 0 -26.23375901903998
  endloop
endfacet
facet normal 0 -1 -0
  outer loop
    vertex 5.875567780586515 0 -24.57420480339427
    vertex 3.001135561173029 0 -26.23375901903998
    vertex 5.875567780586515 0 -27.89331323468569
  endloop
endfacet
facet normal 0 -1 -0
  outer loop
    vertex 8.75 0 -26.23375901903998
    vertex 5.875567780586515 0 -27.89331323468569
    vertex 8.75 0 -29.5528674503314
  endloop
endfacet
facet normal 0 -1 -0
  outer loop
    vertex 3.978664932061144 0 -80.56269420102149
    vertex 0.8185015968451435 0 -83.23690280754569
    vertex 4.125571846216614 0 -83.59014630113893
  endloop
endfacet
facet normal 0 -1 0
  outer loop
    vertex 0.8185015968451435 0 -83.23690280754569
    vertex 0.9654085110006143 0 -86.26435490766313
    vertex 4.125571846216614 0 -83.59014630113893
  endloop
endfacet
facet normal 0 -1 -0
  outer loop
    vertex 0.8185015968451435 0 -83.23690280754569
    vertex -2.341661738370856 0 -85.91111141406988
    vertex 0.9654085110006143 0 -86.26435490766313
  endloop
endfacet
facet normal 0 -1 -0
  outer loop
    vertex 4.125571846216614 0 -83.59014630113893
    vertex 0.9654085110006143 0 -86.26435490766313
    vertex 4.272478760372085 0 -86.61759840125637
  endloop
endfacet
facet normal 0 -1 -0
  outer loop
    vertex 8.75 0 -56.76178313741714
    vertex 5.755225195135208 0 -58.41048127575676
    vertex 8.75 0 -59.99999999999999
  endloop
endfacet
facet normal 0 -1 -0
  outer loop
    vertex 5.755225195135208 0 -58.41048127575676
    vertex 5.755225195135207 0 -61.64869813833961
    vertex 8.75 0 -59.99999999999999
  endloop
endfacet
facet normal 0 -1 0
  outer loop
    vertex 5.755225195135208 0 -58.41048127575676
    vertex 2.760450390270415 0 -60.05917941409638
    vertex 5.755225195135207 0 -61.64869813833961
  endloop
endfacet
facet normal 0 -1 -0
  outer loop
    vertex 8.75 0 -59.99999999999999
    vertex 5.755225195135207 0 -61.64869813833961
    vertex 8.75 0 -63.23821686258285
  endloop
endfacet
facet normal 0 -1 0
  outer loop
    vertex -8.75 0 -56.76178313741714
    vertex -5.924652595512079 0 -55.28444751648386
    vertex -8.75 0 -53.52356627483429
  endloop
endfacet
facet normal 0 -1 0
  outer loop
    vertex -5.924652595512079 0 -55.28444751648386
    vertex -5.924652595512079 0 -52.04623065390101
    vertex -8.75 0 -53.52356627483429
  endloop
endfacet
facet normal 0 -1 0
  outer loop
    vertex -5.924652595512079 0 -55.28444751648386
    vertex -3.099305191024158 0 -53.80711189555058
    vertex -5.924652595512079 0 -52.04623065390101
  endloop
endfacet
facet normal 0 -1 0
  outer loop
    vertex -8.75 0 -53.52356627483429
    vertex -5.924652595512079 0 -52.04623065390101
    vertex -8.75 0 -50.28534941225145
  endloop
endfacet
facet normal 0 -1 0
  outer loop
    vertex -5.874999999999972 0 0
    vertex -4.358233857310507 0 -2.074509426660313
    vertex -2.937499999999966 0 0
  endloop
endfacet
facet normal 0 -1 0
  outer loop
    vertex -4.358233857310507 0 -2.074509426660313
    vertex -1.420733857310502 0 -2.074509426660313
    vertex -2.937499999999966 0 0
  endloop
endfacet
facet normal 0 -1 0
  outer loop
    vertex -4.358233857310507 0 -2.074509426660313
    vertex -2.841467714621041 0 -4.149018853320619
    vertex -1.420733857310502 0 -2.074509426660313
  endloop
endfacet
facet normal 0 -1 0
  outer loop
    vertex -2.937499999999966 0 0
    vertex -1.420733857310502 0 -2.074509426660313
    vertex 3.730349362740526e-14 0 0
  endloop
endfacet
facet normal 0 -1 -0
  outer loop
    vertex 8.75 0 -50.28534941225145
    vertex 5.919856727805751 0 -51.62814848793283
    vertex 8.75 0 -53.52356627483429
  endloop
endfacet
facet normal 0 -1 0
  outer loop
    vertex 5.919856727805751 0 -51.62814848793283
    vertex 5.919856727805751 0 -54.86636535051567
    vertex 8.75 0 -53.52356627483429
  endloop
endfacet
facet normal 0 -1 -0
  outer loop
    vertex 5.919856727805751 0 -51.62814848793283
    vertex 3.089713455611502 0 -52.97094756361421
    vertex 5.919856727805751 0 -54.86636535051567
  endloop
endfacet
facet normal 0 -1 -0
  outer loop
    vertex 8.75 0 -53.52356627483429
    vertex 5.919856727805751 0 -54.86636535051567
    vertex 8.75 0 -56.76178313741714
  endloop
endfacet
facet normal 0 -1 0
  outer loop
    vertex -8.75 0 -63.23821686258285
    vertex -6.292980474502185 0 -62.17334611813315
    vertex -8.75 0 -59.99999999999999
  endloop
endfacet
facet normal 0 -1 0
  outer loop
    vertex -6.292980474502185 0 -62.17334611813315
    vertex -6.292980474502185 0 -58.93512925555029
    vertex -8.75 0 -59.99999999999999
  endloop
endfacet
facet normal 0 -1 0
  outer loop
    vertex -6.292980474502185 0 -62.17334611813315
    vertex -3.835960949004368 0 -61.10847537368345
    vertex -6.292980474502185 0 -58.93512925555029
  endloop
endfacet
facet normal 0 -1 0
  outer loop
    vertex -8.75 0 -59.99999999999999
    vertex -6.292980474502185 0 -58.93512925555029
    vertex -8.75 0 -56.76178313741714
  endloop
endfacet
facet normal -0 -1 0
  outer loop
    vertex 8.75 0 -43.80891568708574
    vertex 6.484761716742151 0 -42.0688812644238
    vertex 6.186121287003346 0 -45.2454804415796
  endloop
endfacet
facet normal 0 -1 0
  outer loop
    vertex 6.484761716742151 0 -42.0688812644238
    vertex 3.920883003745497 0 -43.50544601891765
    vertex 6.186121287003346 0 -45.2454804415796
  endloop
endfacet
facet normal -0 -1 0
  outer loop
    vertex 6.484761716742151 0 -42.0688812644238
    vertex 4.219523433484301 0 -40.32884684176185
    vertex 3.920883003745497 0 -43.50544601891765
  endloop
endfacet
facet normal -0 -1 0
  outer loop
    vertex 6.186121287003346 0 -45.2454804415796
    vertex 3.920883003745497 0 -43.50544601891765
    vertex 3.622242574006693 0 -46.68204519607345
  endloop
endfacet
facet normal 0 -1 -0
  outer loop
    vertex 8.75 0 -83.80891568708574
    vertex 6.511239380186042 0 -85.21325704417106
    vertex 8.75 0 -86.8248393798286
  endloop
endfacet
facet normal 0 -1 0
  outer loop
    vertex 6.511239380186042 0 -85.21325704417106
    vertex 6.511239380186042 0 -88.22918073691392
    vertex 8.75 0 -86.8248393798286
  endloop
endfacet
facet normal 0 -1 -0
  outer loop
    vertex 6.511239380186042 0 -85.21325704417106
    vertex 4.272478760372085 0 -86.61759840125637
    vertex 6.511239380186042 0 -88.22918073691392
  endloop
endfacet
facet normal 0 -1 -0
  outer loop
    vertex 8.75 0 -86.8248393798286
    vertex 6.511239380186042 0 -88.22918073691392
    vertex 8.75 0 -89.84076307257146
  endloop
endfacet
facet normal 0 -1 -0
  outer loop
    vertex -3.835960949004368 0 -61.10847537368345
    vertex -4.442312748797844 0 -63.77992585482045
    vertex -2.024237621151874 0 -63.70830129048574
  endloop
endfacet
facet normal 0 -1 0
  outer loop
    vertex -4.442312748797844 0 -63.77992585482045
    vertex -2.63058942094535 0 -66.37975177162274
    vertex -2.024237621151874 0 -63.70830129048574
  endloop
endfacet
facet normal 0 -1 -0
  outer loop
    vertex -4.442312748797844 0 -63.77992585482045
    vertex -5.04866454859132 0 -66.45137633595745
    vertex -2.63058942094535 0 -66.37975177162274
  endloop
endfacet
facet normal 0 -1 -0
  outer loop
    vertex -2.024237621151874 0 -63.70830129048574
    vertex -2.63058942094535 0 -66.37975177162274
    vertex -0.2125142932993818 0 -66.30812720728804
  endloop
endfacet
facet normal -4.00773e-16 -1 1.41773e-18
  outer loop
    vertex -8.75 1.071565949253934e-15 -36.19108431291425
    vertex -6.082060825893718 0 -37.83349592840006
    vertex -6.069834999534637 0 -34.37741606840858
  endloop
endfacet
facet normal 0 -1 0
  outer loop
    vertex -6.082060825893718 0 -37.83349592840006
    vertex -3.401895825428355 0 -36.01982768389438
    vertex -6.069834999534637 0 -34.37741606840858
  endloop
endfacet
facet normal 0 -1 0
  outer loop
    vertex -6.082060825893718 0 -37.83349592840006
    vertex -3.414121651787434 0 -39.47590754388587
    vertex -3.401895825428355 0 -36.01982768389438
  endloop
endfacet
facet normal 0 -1 0
  outer loop
    vertex -6.069834999534637 0 -34.37741606840858
    vertex -3.401895825428355 0 -36.01982768389438
    vertex -3.389669999069275 0 -32.56374782390291
  endloop
endfacet
facet normal 0 -1 0
  outer loop
    vertex -0.2125142932993818 0 -66.30812720728804
    vertex 2.375941153336866 0 -66.39228046622688
    vertex 1.273968048485517 0 -63.18365331069221
  endloop
endfacet
facet normal 0 -1 0
  outer loop
    vertex 2.375941153336866 0 -66.39228046622688
    vertex 3.862423495121765 0 -63.26780656963105
    vertex 1.273968048485517 0 -63.18365331069221
  endloop
endfacet
facet normal 0 -1 0
  outer loop
    vertex 2.375941153336866 0 -66.39228046622688
    vertex 4.964396599973115 0 -66.47643372516572
    vertex 3.862423495121765 0 -63.26780656963105
  endloop
endfacet
facet normal 0 -1 0
  outer loop
    vertex 1.273968048485517 0 -63.18365331069221
    vertex 3.862423495121765 0 -63.26780656963105
    vertex 2.760450390270415 0 -60.05917941409638
  endloop
endfacet
facet normal 0 -1 0
  outer loop
    vertex -8.75 0 -29.55286745033142
    vertex -6.463966999906926 0 -27.86249042891371
    vertex -8.75 0 -26.23375901903998
  endloop
endfacet
facet normal 0 -1 0
  outer loop
    vertex -6.463966999906926 0 -27.86249042891371
    vertex -6.463966999906926 0 -24.54338199762227
    vertex -8.75 0 -26.23375901903998
  endloop
endfacet
facet normal 0 -1 0
  outer loop
    vertex -6.463966999906926 0 -27.86249042891371
    vertex -4.177933999813852 0 -26.17211340749599
    vertex -6.463966999906926 0 -24.54338199762227
  endloop
endfacet
facet normal 0 -1 0
  outer loop
    vertex -8.75 0 -26.23375901903998
    vertex -6.463966999906926 0 -24.54338199762227
    vertex -8.75 0 -22.91465058774854
  endloop
endfacet
facet normal 0 -1 -0
  outer loop
    vertex 8.75 0 -16.27643372516569
    vertex 6.425113556117303 0 -17.9359879408114
    vertex 8.75 0 -19.59554215645713
  endloop
endfacet
facet normal 0 -1 0
  outer loop
    vertex 6.425113556117303 0 -17.9359879408114
    vertex 6.425113556117303 0 -21.25509637210284
    vertex 8.75 0 -19.59554215645713
  endloop
endfacet
facet normal 0 -1 -0
  outer loop
    vertex 6.425113556117303 0 -17.9359879408114
    vertex 4.100227112234607 0 -19.59554215645712
    vertex 6.425113556117303 0 -21.25509637210284
  endloop
endfacet
facet normal 0 -1 -0
  outer loop
    vertex 8.75 0 -19.59554215645713
    vertex 6.425113556117303 0 -21.25509637210284
    vertex 8.75 0 -22.91465058774856
  endloop
endfacet
facet normal 0 -1 0
  outer loop
    vertex -8.75 0 -16.27643372516568
    vertex -6.385973372808055 0 -14.26959070648751
    vertex -8.75 0 -12.95732529387426
  endloop
endfacet
facet normal 0 -1 0
  outer loop
    vertex -6.385973372808055 0 -14.26959070648751
    vertex -6.385973372808055 0 -10.95048227519609
    vertex -8.75 0 -12.95732529387426
  endloop
endfacet
facet normal 0 -1 0
  outer loop
    vertex -6.385973372808055 0 -14.26959070648751
    vertex -4.021946745616111 0 -12.26274768780933
    vertex -6.385973372808055 0 -10.95048227519609
  endloop
endfacet
facet normal 0 -1 0
  outer loop
    vertex -8.75 0 -12.95732529387426
    vertex -6.385973372808055 0 -10.95048227519609
    vertex -8.75 0 -9.638216862582846
  endloop
endfacet
facet normal 0 -1 -0
  outer loop
    vertex 4.272478760372085 0 -86.61759840125637
    vertex 3.565953152493484 0 -89.83700025018153
    vertex 6.511239380186042 0 -88.22918073691392
  endloop
endfacet
facet normal 0 -1 0
  outer loop
    vertex 3.565953152493484 0 -89.83700025018153
    vertex 5.804713772307442 0 -91.44858258583908
    vertex 6.511239380186042 0 -88.22918073691392
  endloop
endfacet
facet normal 0 -1 -0
  outer loop
    vertex 3.565953152493484 0 -89.83700025018153
    vertex 2.859427544614883 0 -93.05640209910669
    vertex 5.804713772307442 0 -91.44858258583908
  endloop
endfacet
facet normal 0 -1 -0
  outer loop
    vertex 6.511239380186042 0 -88.22918073691392
    vertex 5.804713772307442 0 -91.44858258583908
    vertex 8.75 0 -89.84076307257146
  endloop
endfacet
facet normal 0 -1 0
  outer loop
    vertex 3.001135561173026 0 -12.95732529387425
    vertex 3.550681336703816 0 -16.27643372516568
    vertex 5.875567780586513 0 -14.61687950951997
  endloop
endfacet
facet normal 0 -1 0
  outer loop
    vertex 3.550681336703816 0 -16.27643372516568
    vertex 6.425113556117303 0 -17.9359879408114
    vertex 5.875567780586513 0 -14.61687950951997
  endloop
endfacet
facet normal 0 -1 0
  outer loop
    vertex 3.550681336703816 0 -16.27643372516568
    vertex 4.100227112234607 0 -19.59554215645712
    vertex 6.425113556117303 0 -17.9359879408114
  endloop
endfacet
facet normal 0 -1 0
  outer loop
    vertex 5.875567780586513 0 -14.61687950951997
    vertex 6.425113556117303 0 -17.9359879408114
    vertex 8.75 0 -16.27643372516569
  endloop
endfacet
facet normal 0 -1 0
  outer loop
    vertex -8.75 0 -22.91465058774854
    vertex -6.463966999906926 0 -24.54338199762227
    vertex -5.875567780586509 0 -21.25509637210283
  endloop
endfacet
facet normal 0 -1 0
  outer loop
    vertex -6.463966999906926 0 -24.54338199762227
    vertex -3.589534780493436 0 -22.88382778197655
    vertex -5.875567780586509 0 -21.25509637210283
  endloop
endfacet
facet normal 0 -1 0
  outer loop
    vertex -6.463966999906926 0 -24.54338199762227
    vertex -4.177933999813852 0 -26.17211340749599
    vertex -3.589534780493436 0 -22.88382778197655
  endloop
endfacet
facet normal 0 -1 0
  outer loop
    vertex -5.875567780586509 0 -21.25509637210283
    vertex -3.589534780493436 0 -22.88382778197655
    vertex -3.001135561173021 0 -19.59554215645711
  endloop
endfacet
facet normal 0 -1 0
  outer loop
    vertex -3.001135561173021 0 -19.59554215645711
    vertex -3.511541153394566 0 -15.92914492213322
    vertex -5.875567780586509 0 -17.93598794081139
  endloop
endfacet
facet normal -0 -1 0
  outer loop
    vertex -3.511541153394566 0 -15.92914492213322
    vertex -6.385973372808055 0 -14.26959070648751
    vertex -5.875567780586509 0 -17.93598794081139
  endloop
endfacet
facet normal 0 -1 0
  outer loop
    vertex -3.511541153394566 0 -15.92914492213322
    vertex -4.021946745616111 0 -12.26274768780933
    vertex -6.385973372808055 0 -14.26959070648751
  endloop
endfacet
facet normal 0 -1 0
  outer loop
    vertex -5.875567780586509 0 -17.93598794081139
    vertex -6.385973372808055 0 -14.26959070648751
    vertex -8.75 0 -16.27643372516568
  endloop
endfacet
facet normal -0 -1 0
  outer loop
    vertex 8.75 0 -22.91465058774856
    vertex 6.425113556117303 0 -21.25509637210284
    vertex 5.875567780586515 0 -24.57420480339427
  endloop
endfacet
facet normal 0 -1 0
  outer loop
    vertex 6.425113556117303 0 -21.25509637210284
    vertex 3.550681336703818 0 -22.91465058774855
    vertex 5.875567780586515 0 -24.57420480339427
  endloop
endfacet
facet normal -0 -1 0
  outer loop
    vertex 6.425113556117303 0 -21.25509637210284
    vertex 4.100227112234607 0 -19.59554215645712
    vertex 3.550681336703818 0 -22.91465058774855
  endloop
endfacet
facet normal -0 -1 0
  outer loop
    vertex 5.875567780586515 0 -24.57420480339427
    vertex 3.550681336703818 0 -22.91465058774855
    vertex 3.001135561173029 0 -26.23375901903998
  endloop
endfacet
facet normal 0 -1 0
  outer loop
    vertex -8.75 0 -107.9363052290286
    vertex -6.44091568578075 0 -105.9256894338667
    vertex -8.75 0 -104.9203815362858
  endloop
endfacet
facet normal 0 -1 0
  outer loop
    vertex -6.44091568578075 0 -105.9256894338667
    vertex -6.44091568578075 0 -102.9097657411239
    vertex -8.75 0 -104.9203815362858
  endloop
endfacet
facet normal 0 -1 0
  outer loop
    vertex -6.44091568578075 0 -105.9256894338667
    vertex -4.131831371561502 0 -103.9150736387048
    vertex -6.44091568578075 0 -102.9097657411239
  endloop
endfacet
facet normal 0 -1 0
  outer loop
    vertex -8.75 0 -104.9203815362858
    vertex -6.44091568578075 0 -102.9097657411239
    vertex -8.75 0 -101.9044578435429
  endloop
endfacet
facet normal 0 -1 -0
  outer loop
    vertex 8.75 0 -101.9044578435429
    vertex 5.653740657772119 0 -103.4124196899143
    vertex 8.75 0 -104.9203815362858
  endloop
endfacet
facet normal 0 -1 0
  outer loop
    vertex 5.653740657772119 0 -103.4124196899143
    vertex 5.653740657772119 0 -106.4283433826572
    vertex 8.75 0 -104.9203815362858
  endloop
endfacet
facet normal 0 -1 -0
  outer loop
    vertex 5.653740657772119 0 -103.4124196899143
    vertex 2.557481315544238 0 -104.9203815362858
    vertex 5.653740657772119 0 -106.4283433826572
  endloop
endfacet
facet normal 0 -1 -0
  outer loop
    vertex 8.75 0 -104.9203815362858
    vertex 5.653740657772119 0 -106.4283433826572
    vertex 8.75 0 -107.9363052290286
  endloop
endfacet
facet normal 0 -1 0
  outer loop
    vertex -8.75 0 -95.87261045805718
    vertex -6.291197800303218 0 -94.7846591991467
    vertex -8.75 0 -92.85668676531432
  endloop
endfacet
facet normal 0 -1 0
  outer loop
    vertex -6.291197800303218 0 -94.7846591991467
    vertex -6.291197800303218 0 -91.76873550640384
    vertex -8.75 0 -92.85668676531432
  endloop
endfacet
facet normal 0 -1 0
  outer loop
    vertex -6.291197800303218 0 -94.7846591991467
    vertex -3.832395600606437 0 -93.69670794023622
    vertex -6.291197800303218 0 -91.76873550640384
  endloop
endfacet
facet normal 0 -1 0
  outer loop
    vertex -8.75 0 -92.85668676531432
    vertex -6.291197800303218 0 -91.76873550640384
    vertex -8.75 0 -89.84076307257146
  endloop
endfacet
facet normal 0 -1 0
  outer loop
    vertex -3.099305191024158 0 -53.80711189555058
    vertex -3.120274529552189 0 -50.42712222260958
    vertex -5.924652595512079 0 -52.04623065390101
  endloop
endfacet
facet normal -0 -1 0
  outer loop
    vertex -3.120274529552189 0 -50.42712222260958
    vertex -5.94562193404011 0 -48.66624098096002
    vertex -5.924652595512079 0 -52.04623065390101
  endloop
endfacet
facet normal 0 -1 0
  outer loop
    vertex -3.120274529552189 0 -50.42712222260958
    vertex -3.141243868080222 0 -47.0471325496686
    vertex -5.94562193404011 0 -48.66624098096002
  endloop
endfacet
facet normal 0 -1 0
  outer loop
    vertex -5.924652595512079 0 -52.04623065390101
    vertex -5.94562193404011 0 -48.66624098096002
    vertex -8.75 0 -50.28534941225145
  endloop
endfacet
facet normal -4.3722e-16 -1 1.5587e-17
  outer loop
    vertex -8.75 1.071565949253934e-15 -76.19108431291426
    vertex -6.344329021019183 0 -77.45873223919729
    vertex -6.222423750326422 0 -74.03924798069929
  endloop
endfacet
facet normal 0 -1 0
  outer loop
    vertex -6.344329021019183 0 -77.45873223919729
    vertex -3.816752771345607 0 -75.30689590698231
    vertex -6.222423750326422 0 -74.03924798069929
  endloop
endfacet
facet normal 0 -1 0
  outer loop
    vertex -6.344329021019183 0 -77.45873223919729
    vertex -3.938658042038366 0 -78.72638016548032
    vertex -3.816752771345607 0 -75.30689590698231
  endloop
endfacet
facet normal 0 -1 0
  outer loop
    vertex -6.222423750326422 0 -74.03924798069929
    vertex -3.816752771345607 0 -75.30689590698231
    vertex -3.694847500652847 0 -71.88741164848432
  endloop
endfacet
facet normal 0 -1 0
  outer loop
    vertex -3.414121651787434 0 -39.47590754388587
    vertex -1.67796775155093 0 -41.30641858317681
    vertex 0.4027008908484335 0 -39.90237719282386
  endloop
endfacet
facet normal 0 -1 0
  outer loop
    vertex -1.67796775155093 0 -41.30641858317681
    vertex 2.138854791084938 0 -41.7328882321148
    vertex 0.4027008908484335 0 -39.90237719282386
  endloop
endfacet
facet normal 0 -1 0
  outer loop
    vertex -1.67796775155093 0 -41.30641858317681
    vertex 0.05818614868557503 0 -43.13692962246775
    vertex 2.138854791084938 0 -41.7328882321148
  endloop
endfacet
facet normal 0 -1 0
  outer loop
    vertex 0.4027008908484335 0 -39.90237719282386
    vertex 2.138854791084938 0 -41.7328882321148
    vertex 4.219523433484301 0 -40.32884684176185
  endloop
endfacet
facet normal 0 -1 0
  outer loop
    vertex -2.841467714621041 0 -4.149018853320619
    vertex -1.803978688396571 0 -6.340686463169327
    vertex 0.4050789078376607 0 -4.943281073337772
  endloop
endfacet
facet normal 0 -1 0
  outer loop
    vertex -1.803978688396571 0 -6.340686463169327
    vertex 1.442567934062132 0 -7.134948683186479
    vertex 0.4050789078376607 0 -4.943281073337772
  endloop
endfacet
facet normal 0 -1 0
  outer loop
    vertex -1.803978688396571 0 -6.340686463169327
    vertex -0.7664896621720994 0 -8.532354073018034
    vertex 1.442567934062132 0 -7.134948683186479
  endloop
endfacet
facet normal 0 -1 0
  outer loop
    vertex 0.4050789078376607 0 -4.943281073337772
    vertex 1.442567934062132 0 -7.134948683186479
    vertex 3.651625530296363 0 -5.737543293354925
  endloop
endfacet
facet normal 0 -1 0
  outer loop
    vertex 3.001135561173029 0 -26.23375901903998
    vertex 3.173670894943344 0 -29.76892544662937
    vertex 5.875567780586515 0 -27.89331323468569
  endloop
endfacet
facet normal 0 -1 0
  outer loop
    vertex 3.173670894943344 0 -29.76892544662937
    vertex 6.048103114356829 0 -31.42847966227507
    vertex 5.875567780586515 0 -27.89331323468569
  endloop
endfacet
facet normal 0 -1 0
  outer loop
    vertex 3.173670894943344 0 -29.76892544662937
    vertex 3.346206228713659 0 -33.30409187421875
    vertex 6.048103114356829 0 -31.42847966227507
  endloop
endfacet
facet normal 0 -1 0
  outer loop
    vertex 5.875567780586515 0 -27.89331323468569
    vertex 6.048103114356829 0 -31.42847966227507
    vertex 8.75 0 -29.5528674503314
  endloop
endfacet
facet normal 0 -1 0
  outer loop
    vertex -8.75 0 -56.76178313741714
    vertex -6.292980474502185 0 -58.93512925555029
    vertex -5.924652595512079 0 -55.28444751648386
  endloop
endfacet
facet normal 0 -1 0
  outer loop
    vertex -6.292980474502185 0 -58.93512925555029
    vertex -3.467633070014264 0 -57.45779363461701
    vertex -5.924652595512079 0 -55.28444751648386
  endloop
endfacet
facet normal 0 -1 0
  outer loop
    vertex -6.292980474502185 0 -58.93512925555029
    vertex -3.835960949004368 0 -61.10847537368345
    vertex -3.467633070014264 0 -57.45779363461701
  endloop
endfacet
facet normal 0 -1 0
  outer loop
    vertex -5.924652595512079 0 -55.28444751648386
    vertex -3.467633070014264 0 -57.45779363461701
    vertex -3.099305191024158 0 -53.80711189555058
  endloop
endfacet
facet normal -0 -1 0
  outer loop
    vertex 8.75 0 -56.76178313741714
    vertex 5.919856727805751 0 -54.86636535051567
    vertex 5.755225195135208 0 -58.41048127575676
  endloop
endfacet
facet normal 0 -1 0
  outer loop
    vertex 5.919856727805751 0 -54.86636535051567
    vertex 2.925081922940959 0 -56.51506348885529
    vertex 5.755225195135208 0 -58.41048127575676
  endloop
endfacet
facet normal -0 -1 0
  outer loop
    vertex 5.919856727805751 0 -54.86636535051567
    vertex 3.089713455611502 0 -52.97094756361421
    vertex 2.925081922940959 0 -56.51506348885529
  endloop
endfacet
facet normal -0 -1 0
  outer loop
    vertex 5.755225195135208 0 -58.41048127575676
    vertex 2.925081922940959 0 -56.51506348885529
    vertex 2.760450390270415 0 -60.05917941409638
  endloop
endfacet
facet normal 0 -1 0
  outer loop
    vertex -3.832395600606437 0 -93.69670794023622
    vertex -2.226755808238762 0 -96.29262104551816
    vertex -0.4864840279957772 0 -93.37655501967146
  endloop
endfacet
facet normal 0 -1 0
  outer loop
    vertex -2.226755808238762 0 -96.29262104551816
    vertex 1.119155764371897 0 -95.97246812495339
    vertex -0.4864840279957772 0 -93.37655501967146
  endloop
endfacet
facet normal 0 -1 0
  outer loop
    vertex -2.226755808238762 0 -96.29262104551816
    vertex -0.6211160158710882 0 -98.8885341508001
    vertex 1.119155764371897 0 -95.97246812495339
  endloop
endfacet
facet normal 0 -1 0
  outer loop
    vertex -0.4864840279957772 0 -93.37655501967146
    vertex 1.119155764371897 0 -95.97246812495339
    vertex 2.859427544614883 0 -93.05640209910669
  endloop
endfacet
facet normal -0 -1 0
  outer loop
    vertex -0.7664896621720994 0 -8.532354073018034
    vertex -2.896235243326975 0 -8.024410784182098
    vertex -2.394218203894106 0 -10.39755088041368
  endloop
endfacet
facet normal 0 -1 -0
  outer loop
    vertex -2.896235243326975 0 -8.024410784182098
    vertex -4.523963785048981 0 -9.889607591577747
    vertex -2.394218203894106 0 -10.39755088041368
  endloop
endfacet
facet normal -0 -1 0
  outer loop
    vertex -2.896235243326975 0 -8.024410784182098
    vertex -5.02598082448185 0 -7.516467495346163
    vertex -4.523963785048981 0 -9.889607591577747
  endloop
endfacet
facet normal -0 -1 0
  outer loop
    vertex -2.394218203894106 0 -10.39755088041368
    vertex -4.523963785048981 0 -9.889607591577747
    vertex -4.021946745616111 0 -12.26274768780933
  endloop
endfacet
facet normal 0 -1 0
  outer loop
    vertex 2.916666666666666 0 -120
    vertex 1.458333333333333 0 -117.6903932844494
    vertex 0 0 -120
  endloop
endfacet
facet normal -0 -1 0
  outer loop
    vertex 1.458333333333333 0 -117.6903932844494
    vertex -1.458333333333334 0 -117.6903932844494
    vertex 0 0 -120
  endloop
endfacet
facet normal 0 -1 0
  outer loop
    vertex 1.458333333333333 0 -117.6903932844494
    vertex 0 0 -115.3807865688988
    vertex -1.458333333333334 0 -117.6903932844494
  endloop
endfacet
facet normal 0 -1 0
  outer loop
    vertex 0 0 -120
    vertex -1.458333333333334 0 -117.6903932844494
    vertex -2.916666666666668 0 -120
  endloop
endfacet
facet normal 0 -1 0
  outer loop
    vertex -3.389669999069275 0 -32.56374782390291
    vertex -3.783801999441563 0 -29.36793061569945
    vertex -6.069834999534637 0 -31.05830763711716
  endloop
endfacet
facet normal -0 -1 0
  outer loop
    vertex -3.783801999441563 0 -29.36793061569945
    vertex -6.463966999906926 0 -27.86249042891371
    vertex -6.069834999534637 0 -31.05830763711716
  endloop
endfacet
facet normal 0 -1 0
  outer loop
    vertex -3.783801999441563 0 -29.36793061569945
    vertex -4.177933999813852 0 -26.17211340749599
    vertex -6.463966999906926 0 -27.86249042891371
  endloop
endfacet
facet normal 0 -1 0
  outer loop
    vertex -6.069834999534637 0 -31.05830763711716
    vertex -6.463966999906926 0 -27.86249042891371
    vertex -8.75 0 -29.55286745033142
  endloop
endfacet
facet normal -0 -1 0
  outer loop
    vertex 8.75 0 -83.80891568708574
    vertex 6.364332466030572 0 -82.18580494405361
    vertex 6.511239380186042 0 -85.21325704417106
  endloop
endfacet
facet normal 0 -1 -0
  outer loop
    vertex 6.364332466030572 0 -82.18580494405361
    vertex 4.125571846216614 0 -83.59014630113893
    vertex 6.511239380186042 0 -85.21325704417106
  endloop
endfacet
facet normal -0 -1 0
  outer loop
    vertex 6.364332466030572 0 -82.18580494405361
    vertex 3.978664932061144 0 -80.56269420102149
    vertex 4.125571846216614 0 -83.59014630113893
  endloop
endfacet
facet normal -0 -1 0
  outer loop
    vertex 6.511239380186042 0 -85.21325704417106
    vertex 4.125571846216614 0 -83.59014630113893
    vertex 4.272478760372085 0 -86.61759840125637
  endloop
endfacet
facet normal 0 -1 -0
  outer loop
    vertex 3.622242574006693 0 -46.68204519607345
    vertex 3.355978014809097 0 -49.82649637984383
    vertex 6.186121287003346 0 -48.48369730416245
  endloop
endfacet
facet normal 0 -1 0
  outer loop
    vertex 3.355978014809097 0 -49.82649637984383
    vertex 5.919856727805751 0 -51.62814848793283
    vertex 6.186121287003346 0 -48.48369730416245
  endloop
endfacet
facet normal 0 -1 -0
  outer loop
    vertex 3.355978014809097 0 -49.82649637984383
    vertex 3.089713455611502 0 -52.97094756361421
    vertex 5.919856727805751 0 -51.62814848793283
  endloop
endfacet
facet normal 0 -1 -0
  outer loop
    vertex 6.186121287003346 0 -48.48369730416245
    vertex 5.919856727805751 0 -51.62814848793283
    vertex 8.75 0 -50.28534941225145
  endloop
endfacet
facet normal -0 -1 0
  outer loop
    vertex 8.75 0 -9.638216862582812
    vertex 6.200812765148182 0 -7.68788007796887
    vertex 5.875567780586513 0 -11.29777107822853
  endloop
endfacet
facet normal 0 -1 0
  outer loop
    vertex 6.200812765148182 0 -7.68788007796887
    vertex 3.326380545734695 0 -9.347434293614587
    vertex 5.875567780586513 0 -11.29777107822853
  endloop
endfacet
facet normal -0 -1 0
  outer loop
    vertex 6.200812765148182 0 -7.68788007796887
    vertex 3.651625530296363 0 -5.737543293354925
    vertex 3.326380545734695 0 -9.347434293614587
  endloop
endfacet
facet normal -0 -1 0
  outer loop
    vertex 5.875567780586513 0 -11.29777107822853
    vertex 3.326380545734695 0 -9.347434293614587
    vertex 3.001135561173026 0 -12.95732529387425
  endloop
endfacet
facet normal 0 -1 0
  outer loop
    vertex -4.021946745616111 0 -12.26274768780933
    vertex -4.523963785048981 0 -9.889607591577747
    vertex -6.385973372808055 0 -10.95048227519609
  endloop
endfacet
facet normal -0 -1 0
  outer loop
    vertex -4.523963785048981 0 -9.889607591577747
    vertex -6.887990412240926 0 -8.577342178964503
    vertex -6.385973372808055 0 -10.95048227519609
  endloop
endfacet
facet normal 0 -1 0
  outer loop
    vertex -4.523963785048981 0 -9.889607591577747
    vertex -5.02598082448185 0 -7.516467495346163
    vertex -6.887990412240926 0 -8.577342178964503
  endloop
endfacet
facet normal 0 -1 0
  outer loop
    vertex -6.385973372808055 0 -10.95048227519609
    vertex -6.887990412240926 0 -8.577342178964503
    vertex -8.75 0 -9.638216862582846
  endloop
endfacet
facet normal 0 -1 0
  outer loop
    vertex 2.557481315544238 0 -104.9203815362858
    vertex 3.541825609155813 0 -101.9096565975462
    vertex 0.9681826498365744 0 -101.9044578435429
  endloop
endfacet
facet normal 0 -1 0
  outer loop
    vertex 3.541825609155813 0 -101.9096565975462
    vertex 1.95252694344815 0 -98.89373290480341
    vertex 0.9681826498365744 0 -101.9044578435429
  endloop
endfacet
facet normal 0 -1 0
  outer loop
    vertex 3.541825609155813 0 -101.9096565975462
    vertex 4.526169902767388 0 -98.89893165880673
    vertex 1.95252694344815 0 -98.89373290480341
  endloop
endfacet
facet normal 0 -1 0
  outer loop
    vertex 0.9681826498365744 0 -101.9044578435429
    vertex 1.95252694344815 0 -98.89373290480341
    vertex -0.6211160158710882 0 -98.8885341508001
  endloop
endfacet
facet normal 0 -1 0
  outer loop
    vertex 2.904604116700451 0 -72.94930473081607
    vertex 3.934500358336783 0 -69.71286922799089
    vertex 1.346044911700535 0 -69.62871596905205
  endloop
endfacet
facet normal 0 -1 0
  outer loop
    vertex 3.934500358336783 0 -69.71286922799089
    vertex 2.375941153336866 0 -66.39228046622688
    vertex 1.346044911700535 0 -69.62871596905205
  endloop
endfacet
facet normal 0 -1 0
  outer loop
    vertex 3.934500358336783 0 -69.71286922799089
    vertex 4.964396599973115 0 -66.47643372516572
    vertex 2.375941153336866 0 -66.39228046622688
  endloop
endfacet
facet normal 0 -1 0
  outer loop
    vertex 1.346044911700535 0 -69.62871596905205
    vertex 2.375941153336866 0 -66.39228046622688
    vertex -0.2125142932993818 0 -66.30812720728804
  endloop
endfacet
facet normal 0 -1 0
  outer loop
    vertex -0.2125142932993818 0 -66.30812720728804
    vertex -2.63058942094535 0 -66.37975177162274
    vertex -1.953680896976115 0 -69.09776942788616
  endloop
endfacet
facet normal 0 -1 -0
  outer loop
    vertex -2.63058942094535 0 -66.37975177162274
    vertex -4.371756024622083 0 -69.16939399222088
    vertex -1.953680896976115 0 -69.09776942788616
  endloop
endfacet
facet normal 0 -1 0
  outer loop
    vertex -2.63058942094535 0 -66.37975177162274
    vertex -5.04866454859132 0 -66.45137633595745
    vertex -4.371756024622083 0 -69.16939399222088
  endloop
endfacet
facet normal 0 -1 0
  outer loop
    vertex -1.953680896976115 0 -69.09776942788616
    vertex -4.371756024622083 0 -69.16939399222088
    vertex -3.694847500652847 0 -71.88741164848432
  endloop
endfacet
facet normal 0 -1 0
  outer loop
    vertex -8.75 0 -113.9681526145143
    vertex -6.064808897315791 0 -112.3186666628549
    vertex -8.75 0 -110.9522289217715
  endloop
endfacet
facet normal 0 -1 0
  outer loop
    vertex -6.064808897315791 0 -112.3186666628549
    vertex -6.064808897315791 0 -109.3027429701121
    vertex -8.75 0 -110.9522289217715
  endloop
endfacet
facet normal 0 -1 0
  outer loop
    vertex -6.064808897315791 0 -112.3186666628549
    vertex -3.37961779463158 0 -110.6691807111955
    vertex -6.064808897315791 0 -109.3027429701121
  endloop
endfacet
facet normal 0 -1 0
  outer loop
    vertex -8.75 0 -110.9522289217715
    vertex -6.064808897315791 0 -109.3027429701121
    vertex -8.75 0 -107.9363052290286
  endloop
endfacet
facet normal 0 -1 -0
  outer loop
    vertex 8.75 0 -107.9363052290286
    vertex 6.205390571095201 0 -109.6151412196494
    vertex 8.75 0 -110.9522289217715
  endloop
endfacet
facet normal 0 -1 0
  outer loop
    vertex 6.205390571095201 0 -109.6151412196494
    vertex 6.205390571095201 0 -112.6310649123922
    vertex 8.75 0 -110.9522289217715
  endloop
endfacet
facet normal 0 -1 -0
  outer loop
    vertex 6.205390571095201 0 -109.6151412196494
    vertex 3.660781142190401 0 -111.2939772102701
    vertex 6.205390571095201 0 -112.6310649123922
  endloop
endfacet
facet normal 0 -1 -0
  outer loop
    vertex 8.75 0 -110.9522289217715
    vertex 6.205390571095201 0 -112.6310649123922
    vertex 8.75 0 -113.9681526145143
  endloop
endfacet
facet normal -0 -1 0
  outer loop
    vertex 13.60452367590791 0 -41.52601254431212
    vertex 11.69511891648397 0 -40.79589095633224
    vertex 11.17726183795395 0 -42.66746411569893
  endloop
endfacet
facet normal 0 -1 0
  outer loop
    vertex 11.69511891648397 0 -40.79589095633224
    vertex 9.267857078530012 0 -41.93734252771905
    vertex 11.17726183795395 0 -42.66746411569893
  endloop
endfacet
facet normal -0 -1 0
  outer loop
    vertex 11.69511891648397 0 -40.79589095633224
    vertex 9.785714157060024 0 -40.06576936835237
    vertex 9.267857078530012 0 -41.93734252771905
  endloop
endfacet
facet normal -0 -1 0
  outer loop
    vertex 11.17726183795395 0 -42.66746411569893
    vertex 9.267857078530012 0 -41.93734252771905
    vertex 8.75 0 -43.80891568708574
  endloop
endfacet
facet normal 0 -1 0
  outer loop
    vertex 8.75 0 -36.19108431291425
    vertex 9.267857078530012 0 -38.12842684063331
    vertex 11.17726183795395 0 -37.33253588430107
  endloop
endfacet
facet normal 0 -1 0
  outer loop
    vertex 9.267857078530012 0 -38.12842684063331
    vertex 11.69511891648397 0 -39.26987841202012
    vertex 11.17726183795395 0 -37.33253588430107
  endloop
endfacet
facet normal 0 -1 0
  outer loop
    vertex 9.267857078530012 0 -38.12842684063331
    vertex 9.785714157060024 0 -40.06576936835237
    vertex 11.69511891648397 0 -39.26987841202012
  endloop
endfacet
facet normal 0 -1 0
  outer loop
    vertex 11.17726183795395 0 -37.33253588430107
    vertex 11.69511891648397 0 -39.26987841202012
    vertex 13.60452367590791 0 -38.47398745568788
  endloop
endfacet
facet normal 0 -1 0
  outer loop
    vertex 2.760450390270415 0 -60.05917941409638
    vertex 3.862423495121765 0 -63.26780656963105
    vertex 5.755225195135207 0 -61.64869813833961
  endloop
endfacet
facet normal 0 -1 0
  outer loop
    vertex 3.862423495121765 0 -63.26780656963105
    vertex 6.857198299986557 0 -64.85732529387428
    vertex 5.755225195135207 0 -61.64869813833961
  endloop
endfacet
facet normal 0 -1 0
  outer loop
    vertex 3.862423495121765 0 -63.26780656963105
    vertex 4.964396599973115 0 -66.47643372516572
    vertex 6.857198299986557 0 -64.85732529387428
  endloop
endfacet
facet normal 0 -1 0
  outer loop
    vertex 5.755225195135207 0 -61.64869813833961
    vertex 6.857198299986557 0 -64.85732529387428
    vertex 8.75 0 -63.23821686258285
  endloop
endfacet
facet normal -5.28741e-16 -1 8.63934e-16
  outer loop
    vertex -13.60452367590791 1.6660736373625e-15 -38.47398745568788
    vertex -11.61457873831428 0 -39.18458448223252
    vertex -11.17726183795395 1.368819793308217e-15 -37.33253588430107
  endloop
endfacet
facet normal -3.90979e-16 -1 8.31404e-16
  outer loop
    vertex -11.61457873831428 0 -39.18458448223252
    vertex -9.187316900360324 0 -38.04313291084571
    vertex -11.17726183795395 1.368819793308217e-15 -37.33253588430107
  endloop
endfacet
facet normal 0 -1 0
  outer loop
    vertex -11.61457873831428 0 -39.18458448223252
    vertex -9.62463380072065 0 -39.89518150877717
    vertex -9.187316900360324 0 -38.04313291084571
  endloop
endfacet
facet normal -4.43836e-16 -1 6.83385e-16
  outer loop
    vertex -11.17726183795395 1.368819793308217e-15 -37.33253588430107
    vertex -9.187316900360324 0 -38.04313291084571
    vertex -8.75 1.071565949253934e-15 -36.19108431291425
  endloop
endfacet
facet normal -4.246e-16 -1 -6.42481e-16
  outer loop
    vertex -8.75 1.071565949253934e-15 -43.80891568708574
    vertex -9.187316900360324 0 -41.85204859793146
    vertex -11.17726183795395 1.368819793308217e-15 -42.66746411569893
  endloop
endfacet
facet normal -3.67577e-16 -1 -7.81641e-16
  outer loop
    vertex -9.187316900360324 0 -41.85204859793146
    vertex -11.61457873831428 0 -40.71059702654465
    vertex -11.17726183795395 1.368819793308217e-15 -42.66746411569893
  endloop
endfacet
facet normal 0 -1 0
  outer loop
    vertex -9.187316900360324 0 -41.85204859793146
    vertex -9.62463380072065 0 -39.89518150877717
    vertex -11.61457873831428 0 -40.71059702654465
  endloop
endfacet
facet normal -5.04423e-16 -1 -8.12223e-16
  outer loop
    vertex -11.17726183795395 1.368819793308217e-15 -42.66746411569893
    vertex -11.61457873831428 0 -40.71059702654465
    vertex -13.60452367590791 1.6660736373625e-15 -41.52601254431212
  endloop
endfacet
facet normal -5.5686e-16 -1 9.23728e-16
  outer loop
    vertex -13.60452367590791 1.6660736373625e-15 -78.47398745568788
    vertex -11.66703237733937 0 -79.10963174439198
    vertex -11.17726183795395 1.368819793308217e-15 -77.33253588430107
  endloop
endfacet
facet normal -4.1616e-16 -1 8.84951e-16
  outer loop
    vertex -11.66703237733937 0 -79.10963174439198
    vertex -9.239770539385416 0 -77.96818017300517
    vertex -11.17726183795395 1.368819793308217e-15 -77.33253588430107
  endloop
endfacet
facet normal 0 -1 0
  outer loop
    vertex -11.66703237733937 0 -79.10963174439198
    vertex -9.729541078770835 0 -79.74527603309608
    vertex -9.239770539385416 0 -77.96818017300517
  endloop
endfacet
facet normal -4.66486e-16 -1 7.31552e-16
  outer loop
    vertex -11.17726183795395 1.368819793308217e-15 -77.33253588430107
    vertex -9.239770539385416 0 -77.96818017300517
    vertex -8.75 1.071565949253934e-15 -76.19108431291426
  endloop
endfacet
facet normal -0 -1 0
  outer loop
    vertex 13.60452367590791 0 -81.52601254431212
    vertex 11.6222285282556 0 -80.83785701589967
    vertex 11.17726183795395 0 -82.66746411569893
  endloop
endfacet
facet normal 0 -1 0
  outer loop
    vertex 11.6222285282556 0 -80.83785701589967
    vertex 9.194966690301646 0 -81.97930858728648
    vertex 11.17726183795395 0 -82.66746411569893
  endloop
endfacet
facet normal -0 -1 0
  outer loop
    vertex 11.6222285282556 0 -80.83785701589967
    vertex 9.639933380603292 0 -80.14970148748722
    vertex 9.194966690301646 0 -81.97930858728648
  endloop
endfacet
facet normal -0 -1 0
  outer loop
    vertex 11.17726183795395 0 -82.66746411569893
    vertex 9.194966690301646 0 -81.97930858728648
    vertex 8.75 0 -83.80891568708574
  endloop
endfacet
facet normal -4.17843e-16 -1 -6.28113e-16
  outer loop
    vertex -8.75 1.071565949253934e-15 -83.80891568708574
    vertex -9.239770539385416 0 -81.77709586009091
    vertex -11.17726183795395 1.368819793308217e-15 -82.66746411569893
  endloop
endfacet
facet normal -3.57317e-16 -1 -7.59823e-16
  outer loop
    vertex -9.239770539385416 0 -81.77709586009091
    vertex -11.66703237733937 0 -80.6356442887041
    vertex -11.17726183795395 1.368819793308217e-15 -82.66746411569893
  endloop
endfacet
facet normal 0 -1 0
  outer loop
    vertex -9.239770539385416 0 -81.77709586009091
    vertex -9.729541078770835 0 -79.74527603309608
    vertex -11.66703237733937 0 -80.6356442887041
  endloop
endfacet
facet normal -4.95438e-16 -1 -7.93117e-16
  outer loop
    vertex -11.17726183795395 1.368819793308217e-15 -82.66746411569893
    vertex -11.66703237733937 0 -80.6356442887041
    vertex -13.60452367590791 1.6660736373625e-15 -81.52601254431212
  endloop
endfacet
facet normal 0 -1 0
  outer loop
    vertex 8.75 0 -76.19108431291426
    vertex 9.194966690301646 0 -78.17039290020074
    vertex 11.17726183795395 0 -77.33253588430107
  endloop
endfacet
facet normal 0 -1 0
  outer loop
    vertex 9.194966690301646 0 -78.17039290020074
    vertex 11.6222285282556 0 -79.31184447158755
    vertex 11.17726183795395 0 -77.33253588430107
  endloop
endfacet
facet normal 0 -1 0
  outer loop
    vertex 9.194966690301646 0 -78.17039290020074
    vertex 9.639933380603292 0 -80.14970148748722
    vertex 11.6222285282556 0 -79.31184447158755
  endloop
endfacet
facet normal 0 -1 0
  outer loop
    vertex 11.17726183795395 0 -77.33253588430107
    vertex 11.6222285282556 0 -79.31184447158755
    vertex 13.60452367590791 0 -78.47398745568788
  endloop
endfacet
facet normal 0 -1 0
  outer loop
    vertex -8.75 0 -63.23821686258285
    vertex -6.899332274295661 0 -64.84479659927015
    vertex -6.292980474502185 0 -62.17334611813315
  endloop
endfacet
facet normal 0 -1 0
  outer loop
    vertex -6.899332274295661 0 -64.84479659927015
    vertex -4.442312748797844 0 -63.77992585482045
    vertex -6.292980474502185 0 -62.17334611813315
  endloop
endfacet
facet normal 0 -1 0
  outer loop
    vertex -6.899332274295661 0 -64.84479659927015
    vertex -5.04866454859132 0 -66.45137633595745
    vertex -4.442312748797844 0 -63.77992585482045
  endloop
endfacet
facet normal 0 -1 0
  outer loop
    vertex -6.292980474502185 0 -62.17334611813315
    vertex -4.442312748797844 0 -63.77992585482045
    vertex -3.835960949004368 0 -61.10847537368345
  endloop
endfacet
facet normal 0 -1 0
  outer loop
    vertex -8.75 0 -3
    vertex -6.887990412240924 0 -5.258233747673081
    vertex -5.79573385731052 0 -3.574509426660313
  endloop
endfacet
facet normal 0 -1 0
  outer loop
    vertex -6.887990412240924 0 -5.258233747673081
    vertex -3.933724269551446 0 -5.832743174333388
    vertex -5.79573385731052 0 -3.574509426660313
  endloop
endfacet
facet normal 0 -1 0
  outer loop
    vertex -6.887990412240924 0 -5.258233747673081
    vertex -5.02598082448185 0 -7.516467495346163
    vertex -3.933724269551446 0 -5.832743174333388
  endloop
endfacet
facet normal 0 -1 0
  outer loop
    vertex -5.79573385731052 0 -3.574509426660313
    vertex -3.933724269551446 0 -5.832743174333388
    vertex -2.841467714621041 0 -4.149018853320619
  endloop
endfacet
facet normal 0 -1 0
  outer loop
    vertex -8.75 0 -120
    vertex -6.694841292762829 0 -117.9297210135848
    vertex -8.75 0 -116.9840763072572
  endloop
endfacet
facet normal 0 -1 0
  outer loop
    vertex -6.694841292762829 0 -117.9297210135848
    vertex -6.694841292762829 0 -114.913797320842
    vertex -8.75 0 -116.9840763072572
  endloop
endfacet
facet normal 0 -1 0
  outer loop
    vertex -6.694841292762829 0 -117.9297210135848
    vertex -4.639682585525659 0 -115.8594420271696
    vertex -6.694841292762829 0 -114.913797320842
  endloop
endfacet
facet normal 0 -1 0
  outer loop
    vertex -8.75 0 -116.9840763072572
    vertex -6.694841292762829 0 -114.913797320842
    vertex -8.75 0 -113.9681526145143
  endloop
endfacet
facet normal 0 -1 -0
  outer loop
    vertex 8.75 0 -113.9681526145143
    vertex 6.70918636151583 0 -114.9456746932437
    vertex 8.75 0 -116.9840763072572
  endloop
endfacet
facet normal 0 -1 -0
  outer loop
    vertex 6.70918636151583 0 -114.9456746932437
    vertex 6.70918636151583 0 -117.9615983859866
    vertex 8.75 0 -116.9840763072572
  endloop
endfacet
facet normal 0 -1 0
  outer loop
    vertex 6.70918636151583 0 -114.9456746932437
    vertex 4.668372723031661 0 -115.9231967719732
    vertex 6.70918636151583 0 -117.9615983859866
  endloop
endfacet
facet normal 0 -1 -0
  outer loop
    vertex 8.75 0 -116.9840763072572
    vertex 6.70918636151583 0 -117.9615983859866
    vertex 8.75 0 -120
  endloop
endfacet
facet normal 0 -1 0
  outer loop
    vertex 8.75 0 -120
    vertex 6.70918636151583 0 -117.9615983859866
    vertex 5.833333333333333 0 -120
  endloop
endfacet
facet normal -0 -1 0
  outer loop
    vertex 6.70918636151583 0 -117.9615983859866
    vertex 3.792519694849164 0 -117.9615983859866
    vertex 5.833333333333333 0 -120
  endloop
endfacet
facet normal 0 -1 0
  outer loop
    vertex 6.70918636151583 0 -117.9615983859866
    vertex 4.668372723031661 0 -115.9231967719732
    vertex 3.792519694849164 0 -117.9615983859866
  endloop
endfacet
facet normal 0 -1 0
  outer loop
    vertex 5.833333333333333 0 -120
    vertex 3.792519694849164 0 -117.9615983859866
    vertex 2.916666666666666 0 -120
  endloop
endfacet
facet normal 0 -1 0
  outer loop
    vertex -2.916666666666668 0 -120
    vertex -3.778174626096163 0 -117.9297210135848
    vertex -5.833333333333334 0 -120
  endloop
endfacet
facet normal -0 -1 0
  outer loop
    vertex -3.778174626096163 0 -117.9297210135848
    vertex -6.694841292762829 0 -117.9297210135848
    vertex -5.833333333333334 0 -120
  endloop
endfacet
facet normal 0 -1 0
  outer loop
    vertex -3.778174626096163 0 -117.9297210135848
    vertex -4.639682585525659 0 -115.8594420271696
    vertex -6.694841292762829 0 -117.9297210135848
  endloop
endfacet
facet normal 0 -1 0
  outer loop
    vertex -5.833333333333334 0 -120
    vertex -6.694841292762829 0 -117.9297210135848
    vertex -8.75 0 -120
  endloop
endfacet
facet normal 0 -1 0
  outer loop
    vertex 2.557481315544238 0 -104.9203815362858
    vertex 3.109131228867319 0 -108.1071793732779
    vertex 5.653740657772119 0 -106.4283433826572
  endloop
endfacet
facet normal 0 -1 0
  outer loop
    vertex 3.109131228867319 0 -108.1071793732779
    vertex 6.205390571095201 0 -109.6151412196494
    vertex 5.653740657772119 0 -106.4283433826572
  endloop
endfacet
facet normal 0 -1 0
  outer loop
    vertex 3.109131228867319 0 -108.1071793732779
    vertex 3.660781142190401 0 -111.2939772102701
    vertex 6.205390571095201 0 -109.6151412196494
  endloop
endfacet
facet normal 0 -1 0
  outer loop
    vertex 5.653740657772119 0 -106.4283433826572
    vertex 6.205390571095201 0 -109.6151412196494
    vertex 8.75 0 -107.9363052290286
  endloop
endfacet
facet normal 0 -1 0
  outer loop
    vertex -8.75 0 -107.9363052290286
    vertex -6.064808897315791 0 -109.3027429701121
    vertex -6.44091568578075 0 -105.9256894338667
  endloop
endfacet
facet normal 0 -1 0
  outer loop
    vertex -6.064808897315791 0 -109.3027429701121
    vertex -3.755724583096541 0 -107.2921271749502
    vertex -6.44091568578075 0 -105.9256894338667
  endloop
endfacet
facet normal 0 -1 0
  outer loop
    vertex -6.064808897315791 0 -109.3027429701121
    vertex -3.37961779463158 0 -110.6691807111955
    vertex -3.755724583096541 0 -107.2921271749502
  endloop
endfacet
facet normal 0 -1 0
  outer loop
    vertex -6.44091568578075 0 -105.9256894338667
    vertex -3.755724583096541 0 -107.2921271749502
    vertex -4.131831371561502 0 -103.9150736387048
  endloop
endfacet
facet normal 0 -1 0
  outer loop
    vertex 2.859427544614883 0 -93.05640209910669
    vertex 3.692798723691135 0 -95.97766687895671
    vertex 5.804713772307441 0 -94.46450627858194
  endloop
endfacet
facet normal 0 -1 0
  outer loop
    vertex 3.692798723691135 0 -95.97766687895671
    vertex 6.638084951383694 0 -97.38577105843196
    vertex 5.804713772307441 0 -94.46450627858194
  endloop
endfacet
facet normal 0 -1 0
  outer loop
    vertex 3.692798723691135 0 -95.97766687895671
    vertex 4.526169902767388 0 -98.89893165880673
    vertex 6.638084951383694 0 -97.38577105843196
  endloop
endfacet
facet normal 0 -1 0
  outer loop
    vertex 5.804713772307441 0 -94.46450627858194
    vertex 6.638084951383694 0 -97.38577105843196
    vertex 8.75 0 -95.87261045805718
  endloop
endfacet
facet normal 0 -1 0
  outer loop
    vertex -3.694847500652847 0 -71.88741164848432
    vertex -4.371756024622083 0 -69.16939399222088
    vertex -6.222423750326422 0 -70.80103111811644
  endloop
endfacet
facet normal -0 -1 0
  outer loop
    vertex -4.371756024622083 0 -69.16939399222088
    vertex -6.899332274295661 0 -68.08301346185301
    vertex -6.222423750326422 0 -70.80103111811644
  endloop
endfacet
facet normal 0 -1 0
  outer loop
    vertex -4.371756024622083 0 -69.16939399222088
    vertex -5.04866454859132 0 -66.45137633595745
    vertex -6.899332274295661 0 -68.08301346185301
  endloop
endfacet
facet normal 0 -1 0
  outer loop
    vertex -6.222423750326422 0 -70.80103111811644
    vertex -6.899332274295661 0 -68.08301346185301
    vertex -8.75 0 -69.71465058774858
  endloop
endfacet
facet normal -0 -1 0
  outer loop
    vertex 8.75 0 -69.71465058774858
    vertex 6.857198299986557 0 -68.09554215645716
    vertex 5.827302058350226 0 -71.33197765928233
  endloop
endfacet
facet normal 0 -1 0
  outer loop
    vertex 6.857198299986557 0 -68.09554215645716
    vertex 3.934500358336783 0 -69.71286922799089
    vertex 5.827302058350226 0 -71.33197765928233
  endloop
endfacet
facet normal -0 -1 0
  outer loop
    vertex 6.857198299986557 0 -68.09554215645716
    vertex 4.964396599973115 0 -66.47643372516572
    vertex 3.934500358336783 0 -69.71286922799089
  endloop
endfacet
facet normal -0 -1 0
  outer loop
    vertex 5.827302058350226 0 -71.33197765928233
    vertex 3.934500358336783 0 -69.71286922799089
    vertex 2.904604116700451 0 -72.94930473081607
  endloop
endfacet
facet normal -0 -1 0
  outer loop
    vertex 8.75 0 -101.9044578435429
    vertex 6.638084951383695 0 -100.4016947511748
    vertex 5.653740657772119 0 -103.4124196899143
  endloop
endfacet
facet normal 0 -1 0
  outer loop
    vertex 6.638084951383695 0 -100.4016947511748
    vertex 3.541825609155813 0 -101.9096565975462
    vertex 5.653740657772119 0 -103.4124196899143
  endloop
endfacet
facet normal -0 -1 0
  outer loop
    vertex 6.638084951383695 0 -100.4016947511748
    vertex 4.526169902767388 0 -98.89893165880673
    vertex 3.541825609155813 0 -101.9096565975462
  endloop
endfacet
facet normal -0 -1 0
  outer loop
    vertex 5.653740657772119 0 -103.4124196899143
    vertex 3.541825609155813 0 -101.9096565975462
    vertex 2.557481315544238 0 -104.9203815362858
  endloop
endfacet
facet normal 0 -1 -0
  outer loop
    vertex 8.75 0 -95.87261045805718
    vertex 6.638084951383694 0 -97.38577105843196
    vertex 8.75 0 -98.88853415080004
  endloop
endfacet
facet normal 0 -1 0
  outer loop
    vertex 6.638084951383694 0 -97.38577105843196
    vertex 6.638084951383695 0 -100.4016947511748
    vertex 8.75 0 -98.88853415080004
  endloop
endfacet
facet normal 0 -1 -0
  outer loop
    vertex 6.638084951383694 0 -97.38577105843196
    vertex 4.526169902767388 0 -98.89893165880673
    vertex 6.638084951383695 0 -100.4016947511748
  endloop
endfacet
facet normal 0 -1 -0
  outer loop
    vertex 8.75 0 -98.88853415080004
    vertex 6.638084951383695 0 -100.4016947511748
    vertex 8.75 0 -101.9044578435429
  endloop
endfacet
facet normal 0 -1 0
  outer loop
    vertex -0.6211160158710882 0 -98.8885341508001
    vertex 1.95252694344815 0 -98.89373290480341
    vertex 1.119155764371897 0 -95.97246812495339
  endloop
endfacet
facet normal 0 -1 0
  outer loop
    vertex 1.95252694344815 0 -98.89373290480341
    vertex 3.692798723691135 0 -95.97766687895671
    vertex 1.119155764371897 0 -95.97246812495339
  endloop
endfacet
facet normal 0 -1 0
  outer loop
    vertex 1.95252694344815 0 -98.89373290480341
    vertex 4.526169902767388 0 -98.89893165880673
    vertex 3.692798723691135 0 -95.97766687895671
  endloop
endfacet
facet normal 0 -1 0
  outer loop
    vertex 1.119155764371897 0 -95.97246812495339
    vertex 3.692798723691135 0 -95.97766687895671
    vertex 2.859427544614883 0 -93.05640209910669
  endloop
endfacet
facet normal 0 -1 0
  outer loop
    vertex -4.131831371561502 0 -103.9150736387048
    vertex -4.68843160499441 0 -101.4018038947524
    vertex -6.44091568578075 0 -102.9097657411239
  endloop
endfacet
facet normal -0 -1 0
  outer loop
    vertex -4.68843160499441 0 -101.4018038947524
    vertex -6.99751591921366 0 -100.3964959971715
    vertex -6.44091568578075 0 -102.9097657411239
  endloop
endfacet
facet normal 0 -1 0
  outer loop
    vertex -4.68843160499441 0 -101.4018038947524
    vertex -5.245031838427318 0 -98.88853415080003
    vertex -6.99751591921366 0 -100.3964959971715
  endloop
endfacet
facet normal 0 -1 0
  outer loop
    vertex -6.44091568578075 0 -102.9097657411239
    vertex -6.99751591921366 0 -100.3964959971715
    vertex -8.75 0 -101.9044578435429
  endloop
endfacet
facet normal 0 -1 0
  outer loop
    vertex -8.75 0 -95.87261045805718
    vertex -6.99751591921366 0 -97.3805723044286
    vertex -6.291197800303218 0 -94.7846591991467
  endloop
endfacet
facet normal 0 -1 0
  outer loop
    vertex -6.99751591921366 0 -97.3805723044286
    vertex -4.538713719516878 0 -96.29262104551813
    vertex -6.291197800303218 0 -94.7846591991467
  endloop
endfacet
facet normal 0 -1 0
  outer loop
    vertex -6.99751591921366 0 -97.3805723044286
    vertex -5.245031838427318 0 -98.88853415080003
    vertex -4.538713719516878 0 -96.29262104551813
  endloop
endfacet
facet normal 0 -1 0
  outer loop
    vertex -6.291197800303218 0 -94.7846591991467
    vertex -4.538713719516878 0 -96.29262104551813
    vertex -3.832395600606437 0 -93.69670794023622
  endloop
endfacet
facet normal 0 -1 -0
  outer loop
    vertex -3.832395600606437 0 -93.69670794023622
    vertex -4.538713719516878 0 -96.29262104551813
    vertex -2.226755808238762 0 -96.29262104551816
  endloop
endfacet
facet normal 0 -1 0
  outer loop
    vertex -4.538713719516878 0 -96.29262104551813
    vertex -2.933073927149204 0 -98.88853415080007
    vertex -2.226755808238762 0 -96.29262104551816
  endloop
endfacet
facet normal 0 -1 -0
  outer loop
    vertex -4.538713719516878 0 -96.29262104551813
    vertex -5.245031838427318 0 -98.88853415080003
    vertex -2.933073927149204 0 -98.88853415080007
  endloop
endfacet
facet normal 0 -1 -0
  outer loop
    vertex -2.226755808238762 0 -96.29262104551816
    vertex -2.933073927149204 0 -98.88853415080007
    vertex -0.6211160158710882 0 -98.8885341508001
  endloop
endfacet
facet normal -0 -1 0
  outer loop
    vertex -0.6211160158710882 0 -98.8885341508001
    vertex -2.933073927149204 0 -98.88853415080007
    vertex -2.376473693716294 0 -101.4018038947524
  endloop
endfacet
facet normal 0 -1 -0
  outer loop
    vertex -2.933073927149204 0 -98.88853415080007
    vertex -4.68843160499441 0 -101.4018038947524
    vertex -2.376473693716294 0 -101.4018038947524
  endloop
endfacet
facet normal -0 -1 0
  outer loop
    vertex -2.933073927149204 0 -98.88853415080007
    vertex -5.245031838427318 0 -98.88853415080003
    vertex -4.68843160499441 0 -101.4018038947524
  endloop
endfacet
facet normal -0 -1 0
  outer loop
    vertex -2.376473693716294 0 -101.4018038947524
    vertex -4.68843160499441 0 -101.4018038947524
    vertex -4.131831371561502 0 -103.9150736387048
  endloop
endfacet
facet normal 0 -1 -0
  outer loop
    vertex 13.60452367590791 0 -38.47398745568788
    vertex 11.69511891648397 0 -39.26987841202012
    vertex 13.60452367590791 0 -39.99999999999999
  endloop
endfacet
facet normal 0 -1 0
  outer loop
    vertex 11.69511891648397 0 -39.26987841202012
    vertex 11.69511891648397 0 -40.79589095633224
    vertex 13.60452367590791 0 -39.99999999999999
  endloop
endfacet
facet normal 0 -1 -0
  outer loop
    vertex 11.69511891648397 0 -39.26987841202012
    vertex 9.785714157060024 0 -40.06576936835237
    vertex 11.69511891648397 0 -40.79589095633224
  endloop
endfacet
facet normal 0 -1 -0
  outer loop
    vertex 13.60452367590791 0 -39.99999999999999
    vertex 11.69511891648397 0 -40.79589095633224
    vertex 13.60452367590791 0 -41.52601254431212
  endloop
endfacet
facet normal 0 -1 -0
  outer loop
    vertex 8.75 0 -63.23821686258285
    vertex 6.857198299986557 0 -64.85732529387428
    vertex 8.75 0 -66.47643372516572
  endloop
endfacet
facet normal 0 -1 0
  outer loop
    vertex 6.857198299986557 0 -64.85732529387428
    vertex 6.857198299986557 0 -68.09554215645716
    vertex 8.75 0 -66.47643372516572
  endloop
endfacet
facet normal 0 -1 -0
  outer loop
    vertex 6.857198299986557 0 -64.85732529387428
    vertex 4.964396599973115 0 -66.47643372516572
    vertex 6.857198299986557 0 -68.09554215645716
  endloop
endfacet
facet normal 0 -1 -0
  outer loop
    vertex 8.75 0 -66.47643372516572
    vertex 6.857198299986557 0 -68.09554215645716
    vertex 8.75 0 -69.71465058774858
  endloop
endfacet
facet normal 0 -1 0
  outer loop
    vertex -8.75 0 -69.71465058774858
    vertex -6.899332274295661 0 -68.08301346185301
    vertex -8.75 0 -66.47643372516572
  endloop
endfacet
facet normal 0 -1 0
  outer loop
    vertex -6.899332274295661 0 -68.08301346185301
    vertex -6.899332274295661 0 -64.84479659927015
    vertex -8.75 0 -66.47643372516572
  endloop
endfacet
facet normal 0 -1 0
  outer loop
    vertex -6.899332274295661 0 -68.08301346185301
    vertex -5.04866454859132 0 -66.45137633595745
    vertex -6.899332274295661 0 -64.84479659927015
  endloop
endfacet
facet normal 0 -1 0
  outer loop
    vertex -8.75 0 -66.47643372516572
    vertex -6.899332274295661 0 -64.84479659927015
    vertex -8.75 0 -63.23821686258285
  endloop
endfacet
facet normal 0 -1 0
  outer loop
    vertex 3.651625530296363 0 -5.737543293354925
    vertex 1.442567934062132 0 -7.134948683186479
    vertex 3.326380545734695 0 -9.347434293614587
  endloop
endfacet
facet normal 0 -1 -0
  outer loop
    vertex 1.442567934062132 0 -7.134948683186479
    vertex 1.117322949500464 0 -10.74483968344614
    vertex 3.326380545734695 0 -9.347434293614587
  endloop
endfacet
facet normal 0 -1 0
  outer loop
    vertex 1.442567934062132 0 -7.134948683186479
    vertex -0.7664896621720994 0 -8.532354073018034
    vertex 1.117322949500464 0 -10.74483968344614
  endloop
endfacet
facet normal 0 -1 0
  outer loop
    vertex 3.326380545734695 0 -9.347434293614587
    vertex 1.117322949500464 0 -10.74483968344614
    vertex 3.001135561173026 0 -12.95732529387425
  endloop
endfacet
facet normal -0 -1 0
  outer loop
    vertex 3.622242574006693 0 -46.68204519607345
    vertex 1.840214361346134 0 -44.9094874092706
    vertex 0.2404993529632353 0 -46.86458887287102
  endloop
endfacet
facet normal 0 -1 0
  outer loop
    vertex 1.840214361346134 0 -44.9094874092706
    vertex -1.541528859697324 0 -45.09203108606818
    vertex 0.2404993529632353 0 -46.86458887287102
  endloop
endfacet
facet normal -0 -1 0
  outer loop
    vertex 1.840214361346134 0 -44.9094874092706
    vertex 0.05818614868557503 0 -43.13692962246775
    vertex -1.541528859697324 0 -45.09203108606818
  endloop
endfacet
facet normal -0 -1 0
  outer loop
    vertex 0.2404993529632353 0 -46.86458887287102
    vertex -1.541528859697324 0 -45.09203108606818
    vertex -3.141243868080222 0 -47.0471325496686
  endloop
endfacet
facet normal 0 -1 0
  outer loop
    vertex 4.219523433484301 0 -40.32884684176185
    vertex 2.138854791084938 0 -41.7328882321148
    vertex 3.920883003745497 0 -43.50544601891765
  endloop
endfacet
facet normal 0 -1 -0
  outer loop
    vertex 2.138854791084938 0 -41.7328882321148
    vertex 1.840214361346134 0 -44.9094874092706
    vertex 3.920883003745497 0 -43.50544601891765
  endloop
endfacet
facet normal 0 -1 0
  outer loop
    vertex 2.138854791084938 0 -41.7328882321148
    vertex 0.05818614868557503 0 -43.13692962246775
    vertex 1.840214361346134 0 -44.9094874092706
  endloop
endfacet
facet normal 0 -1 0
  outer loop
    vertex 3.920883003745497 0 -43.50544601891765
    vertex 1.840214361346134 0 -44.9094874092706
    vertex 3.622242574006693 0 -46.68204519607345
  endloop
endfacet
facet normal 0 -1 -0
  outer loop
    vertex 8.75 0 -36.19108431291425
    vertex 6.484761716742151 0 -38.25996557733805
    vertex 9.267857078530012 0 -38.12842684063331
  endloop
endfacet
facet normal 0 -1 0
  outer loop
    vertex 6.484761716742151 0 -38.25996557733805
    vertex 7.002618795272163 0 -40.19730810505711
    vertex 9.267857078530012 0 -38.12842684063331
  endloop
endfacet
facet normal 0 -1 -0
  outer loop
    vertex 6.484761716742151 0 -38.25996557733805
    vertex 4.219523433484301 0 -40.32884684176185
    vertex 7.002618795272163 0 -40.19730810505711
  endloop
endfacet
facet normal 0 -1 -0
  outer loop
    vertex 9.267857078530012 0 -38.12842684063331
    vertex 7.002618795272163 0 -40.19730810505711
    vertex 9.785714157060024 0 -40.06576936835237
  endloop
endfacet
facet normal 0 -1 -0
  outer loop
    vertex -2.841467714621041 0 -4.149018853320619
    vertex -3.933724269551446 0 -5.832743174333388
    vertex -1.803978688396571 0 -6.340686463169327
  endloop
endfacet
facet normal 0 -1 0
  outer loop
    vertex -3.933724269551446 0 -5.832743174333388
    vertex -2.896235243326975 0 -8.024410784182098
    vertex -1.803978688396571 0 -6.340686463169327
  endloop
endfacet
facet normal 0 -1 -0
  outer loop
    vertex -3.933724269551446 0 -5.832743174333388
    vertex -5.02598082448185 0 -7.516467495346163
    vertex -2.896235243326975 0 -8.024410784182098
  endloop
endfacet
facet normal 0 -1 -0
  outer loop
    vertex -1.803978688396571 0 -6.340686463169327
    vertex -2.896235243326975 0 -8.024410784182098
    vertex -0.7664896621720994 0 -8.532354073018034
  endloop
endfacet
facet normal 0 -1 0
  outer loop
    vertex -8.75 0 -101.9044578435429
    vertex -6.99751591921366 0 -100.3964959971715
    vertex -8.75 0 -98.88853415080004
  endloop
endfacet
facet normal 0 -1 0
  outer loop
    vertex -6.99751591921366 0 -100.3964959971715
    vertex -6.99751591921366 0 -97.3805723044286
    vertex -8.75 0 -98.88853415080004
  endloop
endfacet
facet normal 0 -1 0
  outer loop
    vertex -6.99751591921366 0 -100.3964959971715
    vertex -5.245031838427318 0 -98.88853415080003
    vertex -6.99751591921366 0 -97.3805723044286
  endloop
endfacet
facet normal 0 -1 0
  outer loop
    vertex -8.75 0 -98.88853415080004
    vertex -6.99751591921366 0 -97.3805723044286
    vertex -8.75 0 -95.87261045805718
  endloop
endfacet
facet normal 0 -1 0
  outer loop
    vertex 9.785714157060024 0 -40.06576936835237
    vertex 7.002618795272163 0 -40.19730810505711
    vertex 9.267857078530012 0 -41.93734252771905
  endloop
endfacet
facet normal 0 -1 -0
  outer loop
    vertex 7.002618795272163 0 -40.19730810505711
    vertex 6.484761716742151 0 -42.0688812644238
    vertex 9.267857078530012 0 -41.93734252771905
  endloop
endfacet
facet normal 0 -1 0
  outer loop
    vertex 7.002618795272163 0 -40.19730810505711
    vertex 4.219523433484301 0 -40.32884684176185
    vertex 6.484761716742151 0 -42.0688812644238
  endloop
endfacet
facet normal 0 -1 0
  outer loop
    vertex 9.267857078530012 0 -41.93734252771905
    vertex 6.484761716742151 0 -42.0688812644238
    vertex 8.75 0 -43.80891568708574
  endloop
endfacet
facet normal 0 -1 0
  outer loop
    vertex 3.001135561173026 0 -12.95732529387425
    vertex 1.117322949500464 0 -10.74483968344614
    vertex -0.5104055922215425 0 -12.61003649084179
  endloop
endfacet
facet normal -0 -1 0
  outer loop
    vertex 1.117322949500464 0 -10.74483968344614
    vertex -2.394218203894106 0 -10.39755088041368
    vertex -0.5104055922215425 0 -12.61003649084179
  endloop
endfacet
facet normal 0 -1 0
  outer loop
    vertex 1.117322949500464 0 -10.74483968344614
    vertex -0.7664896621720994 0 -8.532354073018034
    vertex -2.394218203894106 0 -10.39755088041368
  endloop
endfacet
facet normal 0 -1 0
  outer loop
    vertex -0.5104055922215425 0 -12.61003649084179
    vertex -2.394218203894106 0 -10.39755088041368
    vertex -4.021946745616111 0 -12.26274768780933
  endloop
endfacet
facet normal 0 -1 0
  outer loop
    vertex 0 0 -115.3807865688988
    vertex -2.319841292762829 0 -115.6201142980342
    vertex -1.458333333333334 0 -117.6903932844494
  endloop
endfacet
facet normal 0 -1 -0
  outer loop
    vertex -2.319841292762829 0 -115.6201142980342
    vertex -3.778174626096163 0 -117.9297210135848
    vertex -1.458333333333334 0 -117.6903932844494
  endloop
endfacet
facet normal 0 -1 0
  outer loop
    vertex -2.319841292762829 0 -115.6201142980342
    vertex -4.639682585525659 0 -115.8594420271696
    vertex -3.778174626096163 0 -117.9297210135848
  endloop
endfacet
facet normal 0 -1 0
  outer loop
    vertex -1.458333333333334 0 -117.6903932844494
    vertex -3.778174626096163 0 -117.9297210135848
    vertex -2.916666666666668 0 -120
  endloop
endfacet
facet normal 0 -1 0
  outer loop
    vertex 2.916666666666666 0 -120
    vertex 3.792519694849164 0 -117.9615983859866
    vertex 1.458333333333333 0 -117.6903932844494
  endloop
endfacet
facet normal 0 -1 0
  outer loop
    vertex 3.792519694849164 0 -117.9615983859866
    vertex 2.33418636151583 0 -115.651991670436
    vertex 1.458333333333333 0 -117.6903932844494
  endloop
endfacet
facet normal 0 -1 0
  outer loop
    vertex 3.792519694849164 0 -117.9615983859866
    vertex 4.668372723031661 0 -115.9231967719732
    vertex 2.33418636151583 0 -115.651991670436
  endloop
endfacet
facet normal 0 -1 0
  outer loop
    vertex 1.458333333333333 0 -117.6903932844494
    vertex 2.33418636151583 0 -115.651991670436
    vertex 0 0 -115.3807865688988
  endloop
endfacet
facet normal 0 -1 0
  outer loop
    vertex -8.75 0 -113.9681526145143
    vertex -6.694841292762829 0 -114.913797320842
    vertex -6.064808897315791 0 -112.3186666628549
  endloop
endfacet
facet normal 0 -1 0
  outer loop
    vertex -6.694841292762829 0 -114.913797320842
    vertex -4.009650190078618 0 -113.2643113691826
    vertex -6.064808897315791 0 -112.3186666628549
  endloop
endfacet
facet normal 0 -1 0
  outer loop
    vertex -6.694841292762829 0 -114.913797320842
    vertex -4.639682585525659 0 -115.8594420271696
    vertex -4.009650190078618 0 -113.2643113691826
  endloop
endfacet
facet normal 0 -1 0
  outer loop
    vertex -6.064808897315791 0 -112.3186666628549
    vertex -4.009650190078618 0 -113.2643113691826
    vertex -3.37961779463158 0 -110.6691807111955
  endloop
endfacet
facet normal 0 -1 0
  outer loop
    vertex 3.660781142190401 0 -111.2939772102701
    vertex 4.16457693261103 0 -113.6085869911217
    vertex 6.205390571095201 0 -112.6310649123922
  endloop
endfacet
facet normal 0 -1 0
  outer loop
    vertex 4.16457693261103 0 -113.6085869911217
    vertex 6.70918636151583 0 -114.9456746932437
    vertex 6.205390571095201 0 -112.6310649123922
  endloop
endfacet
facet normal 0 -1 0
  outer loop
    vertex 4.16457693261103 0 -113.6085869911217
    vertex 4.668372723031661 0 -115.9231967719732
    vertex 6.70918636151583 0 -114.9456746932437
  endloop
endfacet
facet normal 0 -1 0
  outer loop
    vertex 6.205390571095201 0 -112.6310649123922
    vertex 6.70918636151583 0 -114.9456746932437
    vertex 8.75 0 -113.9681526145143
  endloop
endfacet
facet normal 0 -1 -0
  outer loop
    vertex -3.37961779463158 0 -110.6691807111955
    vertex -4.009650190078618 0 -113.2643113691826
    vertex -1.68980889731579 0 -113.0249836400472
  endloop
endfacet
facet normal 0 -1 0
  outer loop
    vertex -4.009650190078618 0 -113.2643113691826
    vertex -2.319841292762829 0 -115.6201142980342
    vertex -1.68980889731579 0 -113.0249836400472
  endloop
endfacet
facet normal 0 -1 -0
  outer loop
    vertex -4.009650190078618 0 -113.2643113691826
    vertex -4.639682585525659 0 -115.8594420271696
    vertex -2.319841292762829 0 -115.6201142980342
  endloop
endfacet
facet normal 0 -1 -0
  outer loop
    vertex -1.68980889731579 0 -113.0249836400472
    vertex -2.319841292762829 0 -115.6201142980342
    vertex 0 0 -115.3807865688988
  endloop
endfacet
facet normal 0 -1 0
  outer loop
    vertex 0 0 -115.3807865688988
    vertex 2.33418636151583 0 -115.651991670436
    vertex 1.830390571095201 0 -113.3373818895845
  endloop
endfacet
facet normal 0 -1 0
  outer loop
    vertex 2.33418636151583 0 -115.651991670436
    vertex 4.16457693261103 0 -113.6085869911217
    vertex 1.830390571095201 0 -113.3373818895845
  endloop
endfacet
facet normal 0 -1 0
  outer loop
    vertex 2.33418636151583 0 -115.651991670436
    vertex 4.668372723031661 0 -115.9231967719732
    vertex 4.16457693261103 0 -113.6085869911217
  endloop
endfacet
facet normal 0 -1 0
  outer loop
    vertex 1.830390571095201 0 -113.3373818895845
    vertex 4.16457693261103 0 -113.6085869911217
    vertex 3.660781142190401 0 -111.2939772102701
  endloop
endfacet
facet normal -8.59913e-16 -1 0
  outer loop
    vertex -13.60452367590791 1.6660736373625e-15 -81.52601254431212
    vertex -11.66703237733937 0 -80.6356442887041
    vertex -13.60452367590791 1.6660736373625e-15 -80
  endloop
endfacet
facet normal -8.59913e-16 -1 0
  outer loop
    vertex -11.66703237733937 0 -80.6356442887041
    vertex -11.66703237733937 0 -79.10963174439198
    vertex -13.60452367590791 1.6660736373625e-15 -80
  endloop
endfacet
facet normal 0 -1 0
  outer loop
    vertex -11.66703237733937 0 -80.6356442887041
    vertex -9.729541078770835 0 -79.74527603309608
    vertex -11.66703237733937 0 -79.10963174439198
  endloop
endfacet
facet normal -8.59913e-16 -1 0
  outer loop
    vertex -13.60452367590791 1.6660736373625e-15 -80
    vertex -11.66703237733937 0 -79.10963174439198
    vertex -13.60452367590791 1.6660736373625e-15 -78.47398745568788
  endloop
endfacet
facet normal 0 -1 -0
  outer loop
    vertex 13.60452367590791 0 -78.47398745568788
    vertex 11.6222285282556 0 -79.31184447158755
    vertex 13.60452367590791 0 -80
  endloop
endfacet
facet normal 0 -1 0
  outer loop
    vertex 11.6222285282556 0 -79.31184447158755
    vertex 11.6222285282556 0 -80.83785701589967
    vertex 13.60452367590791 0 -80
  endloop
endfacet
facet normal 0 -1 -0
  outer loop
    vertex 11.6222285282556 0 -79.31184447158755
    vertex 9.639933380603292 0 -80.14970148748722
    vertex 11.6222285282556 0 -80.83785701589967
  endloop
endfacet
facet normal 0 -1 -0
  outer loop
    vertex 13.60452367590791 0 -80
    vertex 11.6222285282556 0 -80.83785701589967
    vertex 13.60452367590791 0 -81.52601254431212
  endloop
endfacet
facet normal -8.37246e-16 -1 0
  outer loop
    vertex -13.60452367590791 1.6660736373625e-15 -41.52601254431212
    vertex -11.61457873831428 0 -40.71059702654465
    vertex -13.60452367590791 1.6660736373625e-15 -39.99999999999999
  endloop
endfacet
facet normal -8.37246e-16 -1 0
  outer loop
    vertex -11.61457873831428 0 -40.71059702654465
    vertex -11.61457873831428 0 -39.18458448223252
    vertex -13.60452367590791 1.6660736373625e-15 -39.99999999999999
  endloop
endfacet
facet normal 0 -1 0
  outer loop
    vertex -11.61457873831428 0 -40.71059702654465
    vertex -9.62463380072065 0 -39.89518150877717
    vertex -11.61457873831428 0 -39.18458448223252
  endloop
endfacet
facet normal -8.37246e-16 -1 0
  outer loop
    vertex -13.60452367590791 1.6660736373625e-15 -39.99999999999999
    vertex -11.61457873831428 0 -39.18458448223252
    vertex -13.60452367590791 1.6660736373625e-15 -38.47398745568788
  endloop
endfacet
facet normal 0 -1 0
  outer loop
    vertex 5.875000000000016 0 0
    vertex 7.312500000000008 0 -1.5
    vertex 8.812500000000007 0 0
  endloop
endfacet
facet normal 0 -1 0
  outer loop
    vertex 7.312500000000008 0 -1.5
    vertex 10.25 0 -1.5
    vertex 8.812500000000007 0 0
  endloop
endfacet
facet normal 0 -1 0
  outer loop
    vertex 7.312500000000008 0 -1.5
    vertex 8.75 0 -3
    vertex 10.25 0 -1.5
  endloop
endfacet
facet normal 0 -1 0
  outer loop
    vertex 8.812500000000007 0 0
    vertex 10.25 0 -1.5
    vertex 11.75 0 0
  endloop
endfacet
facet normal 0 -1 0
  outer loop
    vertex -8.75 0 -3
    vertex -7.312499999999984 0 -1.5
    vertex -10.25 0 -1.5
  endloop
endfacet
facet normal 0 -1 0
  outer loop
    vertex -7.312499999999984 0 -1.5
    vertex -8.812499999999986 0 0
    vertex -10.25 0 -1.5
  endloop
endfacet
facet normal 0 -1 0
  outer loop
    vertex -7.312499999999984 0 -1.5
    vertex -5.874999999999972 0 0
    vertex -8.812499999999986 0 0
  endloop
endfacet
facet normal 0 -1 0
  outer loop
    vertex -10.25 0 -1.5
    vertex -8.812499999999986 0 0
    vertex -11.75 0 0
  endloop
endfacet
facet normal 0.385801 0.242415 -0.890164
  outer loop
    vertex 12.2572522946344 5.902781601416272 -41.52601254431212
    vertex 10.52273094269835 6.89362921005527 -42.00792798638675
    vertex 10.63644491380649 8.482281771074272 -41.52601254431212
  endloop
endfacet
facet normal 0.303227 0.256678 -0.917698
  outer loop
    vertex 10.52273094269835 6.89362921005527 -42.00792798638675
    vertex 8.621487276585706 9.253683404191243 -41.97603859365017
    vertex 10.63644491380649 8.482281771074272 -41.52601254431212
  endloop
endfacet
facet normal 0.354534 0.297588 -0.886424
  outer loop
    vertex 10.52273094269835 6.89362921005527 -42.00792798638675
    vertex 8.75 7.859445032514653 -42.3927086165222
    vertex 8.621487276585706 9.253683404191243 -41.97603859365017
  endloop
endfacet
facet normal 0.322148 0.322148 -0.890192
  outer loop
    vertex 10.63644491380649 8.482281771074272 -41.52601254431212
    vertex 8.621487276585706 9.253683404191243 -41.97603859365017
    vertex 8.482281771074268 10.63644491380649 -41.52601254431212
  endloop
endfacet
facet normal 0.24236 0.385714 -0.890217
  outer loop
    vertex 8.482281771074268 10.63644491380649 -41.52601254431212
    vertex 6.772672101428414 10.57102817771019 -42.01979513294394
    vertex 5.902781601416266 12.25725229463441 -41.52601254431212
  endloop
endfacet
facet normal 0.172222 0.357623 -0.917848
  outer loop
    vertex 6.772672101428414 10.57102817771019 -42.01979513294394
    vertex 4.042070644816692 11.88601653329326 -42.01979513294394
    vertex 5.902781601416266 12.25725229463441 -41.52601254431212
  endloop
endfacet
facet normal 0.200878 0.417128 -0.88637
  outer loop
    vertex 6.772672101428414 10.57102817771019 -42.01979513294394
    vertex 5.047653763846717 10.4815610431166 -42.45283923665023
    vertex 4.042070644816692 11.88601653329326 -42.01979513294394
  endloop
endfacet
facet normal 0.150454 0.429974 -0.890217
  outer loop
    vertex 5.902781601416266 12.25725229463441 -41.52601254431212
    vertex 4.042070644816692 11.88601653329326 -42.01979513294394
    vertex 3.027291314393816 13.26342986358108 -41.52601254431212
  endloop
endfacet
facet normal -0.150454 0.429974 -0.890217
  outer loop
    vertex -3.027291314393818 13.26342986358108 -41.52601254431212
    vertex -4.042070644813822 11.8860165332873 -42.01979513294702
    vertex -5.902781601416268 12.2572522946344 -41.52601254431212
  endloop
endfacet
facet normal -0.172222 0.357623 -0.917848
  outer loop
    vertex -4.042070644813822 11.8860165332873 -42.01979513294702
    vertex -6.772672101425542 10.57102817770422 -42.01979513294702
    vertex -5.902781601416268 12.2572522946344 -41.52601254431212
  endloop
endfacet
facet normal -0.200878 0.417128 -0.88637
  outer loop
    vertex -4.042070644813822 11.8860165332873 -42.01979513294702
    vertex -5.047653763840986 10.4815610431047 -42.45283923665644
    vertex -6.772672101425542 10.57102817770422 -42.01979513294702
  endloop
endfacet
facet normal -0.24236 0.385714 -0.890217
  outer loop
    vertex -5.902781601416268 12.2572522946344 -41.52601254431212
    vertex -6.772672101425542 10.57102817770422 -42.01979513294702
    vertex -8.482281771074268 10.63644491380649 -41.52601254431212
  endloop
endfacet
facet normal 0.339054 0.262397 -0.903433
  outer loop
    vertex 8.75 7.859445032514653 -42.3927086165222
    vertex 10.52273094269835 6.89362921005527 -42.00792798638675
    vertex 8.75 5.934690032647695 -42.95174362880579
  endloop
endfacet
facet normal 0.369415 0.208399 -0.905595
  outer loop
    vertex 10.52273094269835 6.89362921005527 -42.00792798638675
    vertex 10.5037350415985 4.942445180266781 -42.46469017073092
    vertex 8.75 5.934690032647695 -42.95174362880579
  endloop
endfacet
facet normal 0.370481 0.208292 -0.905184
  outer loop
    vertex 10.52273094269835 6.89362921005527 -42.00792798638675
    vertex 12.2572522946344 5.902781601416272 -41.52601254431212
    vertex 10.5037350415985 4.942445180266781 -42.46469017073092
  endloop
endfacet
facet normal 0.369749 0.209141 -0.905287
  outer loop
    vertex 8.75 5.934690032647695 -42.95174362880579
    vertex 10.5037350415985 4.942445180266781 -42.46469017073092
    vertex 8.75 3.98200628052018 -43.40285596819733
  endloop
endfacet
facet normal -0.369749 0.209141 -0.905287
  outer loop
    vertex -8.75 3.982006280520184 -43.40285596819733
    vertex -10.5037350415985 4.942445180266785 -42.46469017073092
    vertex -8.75 5.934690032647699 -42.95174362880579
  endloop
endfacet
facet normal -0.369415 0.208399 -0.905595
  outer loop
    vertex -10.5037350415985 4.942445180266785 -42.46469017073092
    vertex -10.52273094269835 6.893629210055272 -42.00792798638675
    vertex -8.75 5.934690032647699 -42.95174362880579
  endloop
endfacet
facet normal -0.370481 0.208292 -0.905184
  outer loop
    vertex -10.5037350415985 4.942445180266785 -42.46469017073092
    vertex -12.2572522946344 5.902781601416271 -41.52601254431212
    vertex -10.52273094269835 6.893629210055272 -42.00792798638675
  endloop
endfacet
facet normal -0.339054 0.262397 -0.903433
  outer loop
    vertex -8.75 5.934690032647699 -42.95174362880579
    vertex -10.52273094269835 6.893629210055272 -42.00792798638675
    vertex -8.75 7.859445032514655 -42.3927086165222
  endloop
endfacet
facet normal -0.282884 0.306631 -0.90882
  outer loop
    vertex -8.75 7.859445032514655 -42.3927086165222
    vertex -6.922982717384958 9.202613013360484 -42.50821870902876
    vertex -5.898684004071494 8.378515057469103 -43.10509301074686
  endloop
endfacet
facet normal -0.21372 0.384723 -0.897949
  outer loop
    vertex -6.922982717384958 9.202613013360484 -42.50821870902876
    vertex -4.012702256822676 9.608611729649974 -43.02694432600644
    vertex -5.898684004071494 8.378515057469103 -43.10509301074686
  endloop
endfacet
facet normal -0.211453 0.349576 -0.912734
  outer loop
    vertex -6.922982717384958 9.202613013360484 -42.50821870902876
    vertex -5.047653763840986 10.4815610431047 -42.45283923665644
    vertex -4.012702256822676 9.608611729649974 -43.02694432600644
  endloop
endfacet
facet normal -0.193263 0.354433 -0.914892
  outer loop
    vertex -5.898684004071494 8.378515057469103 -43.10509301074686
    vertex -4.012702256822676 9.608611729649974 -43.02694432600644
    vertex -2.97515254380736 8.729440884912577 -43.58671219695018
  endloop
endfacet
facet normal 0.193263 0.354433 -0.914892
  outer loop
    vertex 2.975152543807349 8.729440884912579 -43.58671219695018
    vertex 4.012702256825537 9.608611729655928 -43.02694432600335
    vertex 5.898684004071498 8.378515057469102 -43.10509301074685
  endloop
endfacet
facet normal 0.21372 0.384723 -0.897949
  outer loop
    vertex 4.012702256825537 9.608611729655928 -43.02694432600335
    vertex 6.922982717387836 9.202613013366456 -42.50821870902571
    vertex 5.898684004071498 8.378515057469102 -43.10509301074685
  endloop
endfacet
facet normal 0.211453 0.349576 -0.912734
  outer loop
    vertex 4.012702256825537 9.608611729655928 -43.02694432600335
    vertex 5.047653763846717 10.4815610431166 -42.45283923665023
    vertex 6.922982717387836 9.202613013366456 -42.50821870902571
  endloop
endfacet
facet normal 0.282884 0.306631 -0.90882
  outer loop
    vertex 5.898684004071498 8.378515057469102 -43.10509301074685
    vertex 6.922982717387836 9.202613013366456 -42.50821870902571
    vertex 8.75 7.859445032514653 -42.3927086165222
  endloop
endfacet
facet normal -0.427891 0.149725 -0.891343
  outer loop
    vertex -12.2572522946344 5.902781601416271 -41.52601254431212
    vertex -11.73694414377979 4.233218983419279 -42.05623638359571
    vertex -13.26342986358108 3.02729131439382 -41.52601254431212
  endloop
endfacet
facet normal -0.388634 0.0887032 -0.917112
  outer loop
    vertex -11.73694414377979 4.233218983419279 -42.05623638359571
    vertex -12.41134615888459 1.278470695842813 -42.05623638359571
    vertex -13.26342986358108 3.02729131439382 -41.52601254431212
  endloop
endfacet
facet normal -0.448529 0.102374 -0.887886
  outer loop
    vertex -11.73694414377979 4.233218983419279 -42.05623638359571
    vertex -11.1899625629056 2.554035933653283 -42.52616348742306
    vertex -12.41134615888459 1.278470695842813 -42.05623638359571
  endloop
endfacet
facet normal -0.45048 0.0507569 -0.891343
  outer loop
    vertex -13.26342986358108 3.02729131439382 -41.52601254431212
    vertex -12.41134615888459 1.278470695842813 -42.05623638359571
    vertex -13.60452367590791 1.6660736373625e-15 -41.52601254431212
  endloop
endfacet
facet normal 0.447248 0.0503927 -0.892989
  outer loop
    vertex 13.60452367590791 0 -41.52601254431212
    vertex 12.28835755561814 1.20179464265221 -42.11738646529027
    vertex 13.26342986358108 3.027291314393821 -41.52601254431212
  endloop
endfacet
facet normal 0.391436 0.0876649 -0.91602
  outer loop
    vertex 12.28835755561814 1.20179464265221 -42.11738646529027
    vertex 11.61601312923334 4.157001602759427 -42.12187523279582
    vertex 13.26342986358108 3.027291314393821 -41.52601254431212
  endloop
endfacet
facet normal 0.444902 0.0998685 -0.889994
  outer loop
    vertex 12.28835755561814 1.20179464265221 -42.11738646529027
    vertex 10.94639781614051 2.401066683466521 -42.6536493589494
    vertex 11.61601312923334 4.157001602759427 -42.12187523279582
  endloop
endfacet
facet normal 0.424932 0.14869 -0.89293
  outer loop
    vertex 13.26342986358108 3.027291314393821 -41.52601254431212
    vertex 11.61601312923334 4.157001602759427 -42.12187523279582
    vertex 12.2572522946344 5.902781601416272 -41.52601254431212
  endloop
endfacet
facet normal 0.277177 0.298484 -0.91328
  outer loop
    vertex 8.75 7.859445032514653 -42.3927086165222
    vertex 6.922982717387836 9.202613013366456 -42.50821870902571
    vertex 8.621487276585706 9.253683404191243 -41.97603859365017
  endloop
endfacet
facet normal 0.270502 0.349842 -0.896905
  outer loop
    vertex 6.922982717387836 9.202613013366456 -42.50821870902571
    vertex 6.772672101428414 10.57102817771019 -42.01979513294394
    vertex 8.621487276585706 9.253683404191243 -41.97603859365017
  endloop
endfacet
facet normal 0.211096 0.349066 -0.913012
  outer loop
    vertex 6.922982717387836 9.202613013366456 -42.50821870902571
    vertex 5.047653763846717 10.4815610431166 -42.45283923665023
    vertex 6.772672101428414 10.57102817771019 -42.01979513294394
  endloop
endfacet
facet normal 0.251271 0.322329 -0.91267
  outer loop
    vertex 8.621487276585706 9.253683404191243 -41.97603859365017
    vertex 6.772672101428414 10.57102817771019 -42.01979513294394
    vertex 8.482281771074268 10.63644491380649 -41.52601254431212
  endloop
endfacet
facet normal -0.251271 0.322329 -0.91267
  outer loop
    vertex -8.482281771074268 10.63644491380649 -41.52601254431212
    vertex -6.772672101425542 10.57102817770422 -42.01979513294702
    vertex -8.621487276585706 9.253683404191243 -41.97603859365017
  endloop
endfacet
facet normal -0.270502 0.349842 -0.896905
  outer loop
    vertex -6.772672101425542 10.57102817770422 -42.01979513294702
    vertex -6.922982717384958 9.202613013360484 -42.50821870902876
    vertex -8.621487276585706 9.253683404191243 -41.97603859365017
  endloop
endfacet
facet normal -0.211096 0.349066 -0.913012
  outer loop
    vertex -6.772672101425542 10.57102817770422 -42.01979513294702
    vertex -5.047653763840986 10.4815610431047 -42.45283923665644
    vertex -6.922982717384958 9.202613013360484 -42.50821870902876
  endloop
endfacet
facet normal -0.277177 0.298484 -0.91328
  outer loop
    vertex -8.621487276585706 9.253683404191243 -41.97603859365017
    vertex -6.922982717384958 9.202613013360484 -42.50821870902876
    vertex -8.75 7.859445032514655 -42.3927086165222
  endloop
endfacet
facet normal 0.425414 0.0258342 -0.90463
  outer loop
    vertex 8.75 0 -43.80891568708574
    vertex 9.858484356381895 1.201787177459779 -43.2533161274631
    vertex 11.17726183795395 0 -42.66746411569893
  endloop
endfacet
facet normal 0.423381 0.0231027 -0.905657
  outer loop
    vertex 9.858484356381895 1.201787177459779 -43.2533161274631
    vertex 12.28835755561814 1.20179464265221 -42.11738646529027
    vertex 11.17726183795395 0 -42.66746411569893
  endloop
endfacet
facet normal 0.422495 0.0686395 -0.903762
  outer loop
    vertex 9.858484356381895 1.201787177459779 -43.2533161274631
    vertex 10.94639781614051 2.401066683466521 -42.6536493589494
    vertex 12.28835755561814 1.20179464265221 -42.11738646529027
  endloop
endfacet
facet normal 0.425464 0.0207556 -0.904737
  outer loop
    vertex 11.17726183795395 0 -42.66746411569893
    vertex 12.28835755561814 1.20179464265221 -42.11738646529027
    vertex 13.60452367590791 0 -41.52601254431212
  endloop
endfacet
facet normal -0.425454 0.0218548 -0.904716
  outer loop
    vertex -13.60452367590791 1.6660736373625e-15 -41.52601254431212
    vertex -12.41134615888459 1.278470695842813 -42.05623638359571
    vertex -11.17726183795395 1.368819793308217e-15 -42.66746411569893
  endloop
endfacet
facet normal -0.423148 0.0245644 -0.905727
  outer loop
    vertex -12.41134615888459 1.278470695842813 -42.05623638359571
    vertex -9.981196301027234 1.278454457135959 -43.19158281690677
    vertex -11.17726183795395 1.368819793308217e-15 -42.66746411569893
  endloop
endfacet
facet normal -0.422197 0.0713373 -0.903693
  outer loop
    vertex -12.41134615888459 1.278470695842813 -42.05623638359571
    vertex -11.1899625629056 2.554035933653283 -42.52616348742306
    vertex -9.981196301027234 1.278454457135959 -43.19158281690677
  endloop
endfacet
facet normal -0.425399 0.0271331 -0.904599
  outer loop
    vertex -11.17726183795395 1.368819793308217e-15 -42.66746411569893
    vertex -9.981196301027234 1.278454457135959 -43.19158281690677
    vertex -8.75 1.071565949253934e-15 -43.80891568708574
  endloop
endfacet
facet normal 0.394354 0.163784 -0.904245
  outer loop
    vertex 12.2572522946344 5.902781601416272 -41.52601254431212
    vertex 11.61601312923334 4.157001602759427 -42.12187523279582
    vertex 10.5037350415985 4.942445180266781 -42.46469017073092
  endloop
endfacet
facet normal 0.391644 0.159065 -0.906263
  outer loop
    vertex 11.61601312923334 4.157001602759427 -42.12187523279582
    vertex 9.858125564034149 3.194753444297696 -43.05044218021391
    vertex 10.5037350415985 4.942445180266781 -42.46469017073092
  endloop
endfacet
facet normal 0.413663 0.115734 -0.903044
  outer loop
    vertex 11.61601312923334 4.157001602759427 -42.12187523279582
    vertex 10.94639781614051 2.401066683466521 -42.6536493589494
    vertex 9.858125564034149 3.194753444297696 -43.05044218021391
  endloop
endfacet
facet normal 0.398213 0.155864 -0.903954
  outer loop
    vertex 10.5037350415985 4.942445180266781 -42.46469017073092
    vertex 9.858125564034149 3.194753444297696 -43.05044218021391
    vertex 8.75 3.98200628052018 -43.40285596819733
  endloop
endfacet
facet normal -0.143121 0.405828 -0.902674
  outer loop
    vertex -2.97515254380736 8.729440884912577 -43.58671219695018
    vertex -4.012702256822676 9.608611729649974 -43.02694432600644
    vertex -3.001931414033792 10.99903491716677 -42.56209240364973
  endloop
endfacet
facet normal -0.132313 0.399467 -0.907149
  outer loop
    vertex -4.012702256822676 9.608611729649974 -43.02694432600644
    vertex -4.042070644813822 11.8860165332873 -42.01979513294702
    vertex -3.001931414033792 10.99903491716677 -42.56209240364973
  endloop
endfacet
facet normal -0.165826 0.397062 -0.902687
  outer loop
    vertex -4.012702256822676 9.608611729649974 -43.02694432600644
    vertex -5.047653763840986 10.4815610431047 -42.45283923665644
    vertex -4.042070644813822 11.8860165332873 -42.01979513294702
  endloop
endfacet
facet normal -0.119648 0.411971 -0.903307
  outer loop
    vertex -3.001931414033792 10.99903491716677 -42.56209240364973
    vertex -4.042070644813822 11.8860165332873 -42.01979513294702
    vertex -3.027291314393818 13.26342986358108 -41.52601254431212
  endloop
endfacet
facet normal 0.119648 0.411971 -0.903307
  outer loop
    vertex 3.027291314393816 13.26342986358108 -41.52601254431212
    vertex 4.042070644816692 11.88601653329326 -42.01979513294394
    vertex 3.001931414033786 10.99903491716677 -42.56209240364973
  endloop
endfacet
facet normal 0.132313 0.399467 -0.907149
  outer loop
    vertex 4.042070644816692 11.88601653329326 -42.01979513294394
    vertex 4.012702256825537 9.608611729655928 -43.02694432600335
    vertex 3.001931414033786 10.99903491716677 -42.56209240364973
  endloop
endfacet
facet normal 0.165826 0.397062 -0.902687
  outer loop
    vertex 4.042070644816692 11.88601653329326 -42.01979513294394
    vertex 5.047653763846717 10.4815610431166 -42.45283923665023
    vertex 4.012702256825537 9.608611729655928 -43.02694432600335
  endloop
endfacet
facet normal 0.143121 0.405828 -0.902674
  outer loop
    vertex 3.001931414033786 10.99903491716677 -42.56209240364973
    vertex 4.012702256825537 9.608611729655928 -43.02694432600335
    vertex 2.975152543807349 8.729440884912579 -43.58671219695018
  endloop
endfacet
facet normal -0.39779 0.156681 -0.903999
  outer loop
    vertex -8.75 3.982006280520184 -43.40285596819733
    vertex -9.979218755571576 3.271049022540548 -42.98518128549608
    vertex -10.5037350415985 4.942445180266785 -42.46469017073092
  endloop
endfacet
facet normal -0.391734 0.159264 -0.906189
  outer loop
    vertex -9.979218755571576 3.271049022540548 -42.98518128549608
    vertex -11.73694414377979 4.233218983419279 -42.05623638359571
    vertex -10.5037350415985 4.942445180266785 -42.46469017073092
  endloop
endfacet
facet normal -0.412538 0.118388 -0.903215
  outer loop
    vertex -9.979218755571576 3.271049022540548 -42.98518128549608
    vertex -11.1899625629056 2.554035933653283 -42.52616348742306
    vertex -11.73694414377979 4.233218983419279 -42.05623638359571
  endloop
endfacet
facet normal -0.394042 0.164381 -0.904273
  outer loop
    vertex -10.5037350415985 4.942445180266785 -42.46469017073092
    vertex -11.73694414377979 4.233218983419279 -42.05623638359571
    vertex -12.2572522946344 5.902781601416271 -41.52601254431212
  endloop
endfacet
facet normal -0.407069 0.0484144 -0.912113
  outer loop
    vertex -8.75 1.071565949253934e-15 -43.80891568708574
    vertex -9.981196301027234 1.278454457135959 -43.19158281690677
    vertex -8.75 2.000742298142954 -43.70271760723971
  endloop
endfacet
facet normal -0.428055 0.0935367 -0.898899
  outer loop
    vertex -9.981196301027234 1.278454457135959 -43.19158281690677
    vertex -9.979218755571576 3.271049022540548 -42.98518128549608
    vertex -8.75 2.000742298142954 -43.70271760723971
  endloop
endfacet
facet normal -0.401478 0.0947589 -0.910953
  outer loop
    vertex -9.981196301027234 1.278454457135959 -43.19158281690677
    vertex -11.1899625629056 2.554035933653283 -42.52616348742306
    vertex -9.979218755571576 3.271049022540548 -42.98518128549608
  endloop
endfacet
facet normal -0.3892 0.137845 -0.910781
  outer loop
    vertex -8.75 2.000742298142954 -43.70271760723971
    vertex -9.979218755571576 3.271049022540548 -42.98518128549608
    vertex -8.75 3.982006280520184 -43.40285596819733
  endloop
endfacet
facet normal 0.387827 0.137932 -0.911353
  outer loop
    vertex 8.75 3.98200628052018 -43.40285596819733
    vertex 9.858125564034149 3.194753444297696 -43.05044218021391
    vertex 8.75 2.000742298142952 -43.70271760723971
  endloop
endfacet
facet normal 0.430077 0.0915038 -0.898143
  outer loop
    vertex 9.858125564034149 3.194753444297696 -43.05044218021391
    vertex 9.858484356381895 1.201787177459779 -43.2533161274631
    vertex 8.75 2.000742298142952 -43.70271760723971
  endloop
endfacet
facet normal 0.400162 0.0928811 -0.911726
  outer loop
    vertex 9.858125564034149 3.194753444297696 -43.05044218021391
    vertex 10.94639781614051 2.401066683466521 -42.6536493589494
    vertex 9.858484356381895 1.201787177459779 -43.2533161274631
  endloop
endfacet
facet normal 0.405076 0.0484613 -0.912998
  outer loop
    vertex 8.75 2.000742298142952 -43.70271760723971
    vertex 9.858484356381895 1.201787177459779 -43.2533161274631
    vertex 8.75 0 -43.80891568708574
  endloop
endfacet
facet normal -0.322148 0.322148 -0.890192
  outer loop
    vertex -8.482281771074268 10.63644491380649 -41.52601254431212
    vertex -8.621487276585706 9.253683404191243 -41.97603859365017
    vertex -10.63644491380649 8.48228177107427 -41.52601254431212
  endloop
endfacet
facet normal -0.303227 0.256678 -0.917698
  outer loop
    vertex -8.621487276585706 9.253683404191243 -41.97603859365017
    vertex -10.52273094269835 6.893629210055272 -42.00792798638675
    vertex -10.63644491380649 8.48228177107427 -41.52601254431212
  endloop
endfacet
facet normal -0.354534 0.297588 -0.886424
  outer loop
    vertex -8.621487276585706 9.253683404191243 -41.97603859365017
    vertex -8.75 7.859445032514655 -42.3927086165222
    vertex -10.52273094269835 6.893629210055272 -42.00792798638675
  endloop
endfacet
facet normal -0.385801 0.242415 -0.890164
  outer loop
    vertex -10.63644491380649 8.48228177107427 -41.52601254431212
    vertex -10.52273094269835 6.893629210055272 -42.00792798638675
    vertex -12.2572522946344 5.902781601416271 -41.52601254431212
  endloop
endfacet
facet normal -0.0467795 0.415179 -0.908536
  outer loop
    vertex -3.027291314393818 13.26342986358108 -41.52601254431212
    vertex -2.187774266128955e-15 13.60452367590791 -41.52601254431212
    vertex -3.001931414033792 10.99903491716677 -42.56209240364973
  endloop
endfacet
facet normal -0.056441 0.424394 -0.903717
  outer loop
    vertex -2.187774266128955e-15 13.60452367590791 -41.52601254431212
    vertex 0.02624843740612458 11.07196208751439 -42.7169680665875
    vertex -3.001931414033792 10.99903491716677 -42.56209240364973
  endloop
endfacet
facet normal 0.0479389 0.425469 -0.903702
  outer loop
    vertex -2.187774266128955e-15 13.60452367590791 -41.52601254431212
    vertex 3.027291314393816 13.26342986358108 -41.52601254431212
    vertex 0.02624843740612458 11.07196208751439 -42.7169680665875
  endloop
endfacet
facet normal -0.0564333 0.410258 -0.910222
  outer loop
    vertex -3.001931414033792 10.99903491716677 -42.56209240364973
    vertex 0.02624843740612458 11.07196208751439 -42.7169680665875
    vertex -2.97515254380736 8.729440884912577 -43.58671219695018
  endloop
endfacet
facet normal 0.0701237 0.409767 -0.909491
  outer loop
    vertex 2.975152543807349 8.729440884912579 -43.58671219695018
    vertex -6.193564798044786e-15 8.855274311047296 -43.75940906777808
    vertex 3.001931414033786 10.99903491716677 -42.56209240364973
  endloop
endfacet
facet normal 0.0574335 0.424302 -0.903698
  outer loop
    vertex -6.193564798044786e-15 8.855274311047296 -43.75940906777808
    vertex 0.02624843740612458 11.07196208751439 -42.7169680665875
    vertex 3.001931414033786 10.99903491716677 -42.56209240364973
  endloop
endfacet
facet normal -0.0703623 0.425188 -0.902366
  outer loop
    vertex -6.193564798044786e-15 8.855274311047296 -43.75940906777808
    vertex -2.97515254380736 8.729440884912577 -43.58671219695018
    vertex 0.02624843740612458 11.07196208751439 -42.7169680665875
  endloop
endfacet
facet normal 0.0574297 0.414849 -0.908076
  outer loop
    vertex 3.001931414033786 10.99903491716677 -42.56209240364973
    vertex 0.02624843740612458 11.07196208751439 -42.7169680665875
    vertex 3.027291314393816 13.26342986358108 -41.52601254431212
  endloop
endfacet
facet normal 0.987277 0.111239 0.113626
  outer loop
    vertex 13.60452367590791 0 -38.47398745568788
    vertex 13.51898128653139 1.523223366008078 -39.22195503092092
    vertex 13.26342986358108 3.027291314393821 -38.47398745568788
  endloop
endfacet
facet normal 0.968614 0.22108 -0.113626
  outer loop
    vertex 13.51898128653139 1.523223366008078 -39.22195503092092
    vertex 12.84108311447499 4.493289318025728 -39.22195503092092
    vertex 13.26342986358108 3.027291314393821 -38.47398745568788
  endloop
endfacet
facet normal 0.968614 0.22108 0.113626
  outer loop
    vertex 13.51898128653139 1.523223366008078 -39.22195503092092
    vertex 13.26342986358108 3.027291314393821 -39.96992260615398
    vertex 12.84108311447499 4.493289318025728 -39.22195503092092
  endloop
endfacet
facet normal 0.93777 0.32814 0.113626
  outer loop
    vertex 13.26342986358108 3.027291314393821 -38.47398745568788
    vertex 12.84108311447499 4.493289318025728 -39.22195503092092
    vertex 12.2572522946344 5.902781601416272 -38.47398745568788
  endloop
endfacet
facet normal -0.84124 0.528586 -0.113626
  outer loop
    vertex -12.2572522946344 5.902781601416271 -41.52601254431212
    vertex -11.51927941536535 7.238042981295345 -40.77804496907906
    vertex -10.63644491380649 8.48228177107427 -41.52601254431212
  endloop
endfacet
facet normal -0.776768 0.619452 0.113626
  outer loop
    vertex -11.51927941536535 7.238042981295345 -40.77804496907906
    vertex -9.619850946047416 9.619850946047418 -40.77804496907906
    vertex -10.63644491380649 8.48228177107427 -41.52601254431212
  endloop
endfacet
facet normal -0.776768 0.619452 -0.113626
  outer loop
    vertex -11.51927941536535 7.238042981295345 -40.77804496907906
    vertex -10.63644491380649 8.48228177107427 -40.03007739384601
    vertex -9.619850946047416 9.619850946047418 -40.77804496907906
  endloop
endfacet
facet normal -0.702527 0.702527 -0.113626
  outer loop
    vertex -10.63644491380649 8.48228177107427 -41.52601254431212
    vertex -9.619850946047416 9.619850946047418 -40.77804496907906
    vertex -8.482281771074268 10.63644491380649 -41.52601254431212
  endloop
endfacet
facet normal -0.111239 0.987277 -0.113626
  outer loop
    vertex -3.027291314393818 13.26342986358108 -41.52601254431212
    vertex -1.523223366008079 13.51898128653139 -40.77804496907906
    vertex -2.187774266128955e-15 13.60452367590791 -41.52601254431212
  endloop
endfacet
facet normal -0 0.993524 0.113626
  outer loop
    vertex -1.523223366008079 13.51898128653139 -40.77804496907906
    vertex 1.523223366008075 13.51898128653139 -40.77804496907906
    vertex -2.187774266128955e-15 13.60452367590791 -41.52601254431212
  endloop
endfacet
facet normal 0 0.993524 -0.113626
  outer loop
    vertex -1.523223366008079 13.51898128653139 -40.77804496907906
    vertex -2.187774266128955e-15 13.60452367590791 -40.03007739384601
    vertex 1.523223366008075 13.51898128653139 -40.77804496907906
  endloop
endfacet
facet normal 0.111239 0.987277 -0.113626
  outer loop
    vertex -2.187774266128955e-15 13.60452367590791 -41.52601254431212
    vertex 1.523223366008075 13.51898128653139 -40.77804496907906
    vertex 3.027291314393816 13.26342986358108 -41.52601254431212
  endloop
endfacet
facet normal 0.702527 0.702527 -0.113626
  outer loop
    vertex 8.482281771074268 10.63644491380649 -41.52601254431212
    vertex 9.619850946047416 9.619850946047418 -40.77804496907906
    vertex 10.63644491380649 8.482281771074272 -41.52601254431212
  endloop
endfacet
facet normal 0.776768 0.619452 0.113626
  outer loop
    vertex 9.619850946047416 9.619850946047418 -40.77804496907906
    vertex 11.51927941536535 7.238042981295345 -40.77804496907906
    vertex 10.63644491380649 8.482281771074272 -41.52601254431212
  endloop
endfacet
facet normal 0.776768 0.619452 -0.113626
  outer loop
    vertex 9.619850946047416 9.619850946047418 -40.77804496907906
    vertex 10.63644491380649 8.48228177107427 -40.03007739384601
    vertex 11.51927941536535 7.238042981295345 -40.77804496907906
  endloop
endfacet
facet normal 0.84124 0.528586 -0.113626
  outer loop
    vertex 10.63644491380649 8.482281771074272 -41.52601254431212
    vertex 11.51927941536535 7.238042981295345 -40.77804496907906
    vertex 12.2572522946344 5.902781601416272 -41.52601254431212
  endloop
endfacet
facet normal -0.528586 0.84124 -0.113626
  outer loop
    vertex -8.482281771074268 10.63644491380649 -41.52601254431212
    vertex -7.238042981295347 11.51927941536535 -40.77804496907906
    vertex -5.902781601416268 12.2572522946344 -41.52601254431212
  endloop
endfacet
facet normal -0.431074 0.895134 0.113626
  outer loop
    vertex -7.238042981295347 11.51927941536535 -40.77804496907906
    vertex -4.493289318025727 12.84108311447499 -40.77804496907906
    vertex -5.902781601416268 12.2572522946344 -41.52601254431212
  endloop
endfacet
facet normal -0.431074 0.895134 -0.113626
  outer loop
    vertex -7.238042981295347 11.51927941536535 -40.77804496907906
    vertex -5.902781601416273 12.2572522946344 -40.03007739384601
    vertex -4.493289318025727 12.84108311447499 -40.77804496907906
  endloop
endfacet
facet normal -0.32814 0.93777 -0.113626
  outer loop
    vertex -5.902781601416268 12.2572522946344 -41.52601254431212
    vertex -4.493289318025727 12.84108311447499 -40.77804496907906
    vertex -3.027291314393818 13.26342986358108 -41.52601254431212
  endloop
endfacet
facet normal -0.93777 0.32814 0.113626
  outer loop
    vertex -12.2572522946344 5.902781601416271 -38.47398745568788
    vertex -12.84108311447499 4.493289318025732 -39.22195503092094
    vertex -13.26342986358108 3.02729131439382 -38.47398745568788
  endloop
endfacet
facet normal -0.968614 0.22108 -0.113626
  outer loop
    vertex -12.84108311447499 4.493289318025732 -39.22195503092094
    vertex -13.51898128653138 1.523223366008084 -39.22195503092094
    vertex -13.26342986358108 3.02729131439382 -38.47398745568788
  endloop
endfacet
facet normal -0.968614 0.22108 0.113626
  outer loop
    vertex -12.84108311447499 4.493289318025732 -39.22195503092094
    vertex -13.26342986358108 3.027291314393826 -39.96992260615399
    vertex -13.51898128653138 1.523223366008084 -39.22195503092094
  endloop
endfacet
facet normal -0.987277 0.111239 0.113626
  outer loop
    vertex -13.26342986358108 3.02729131439382 -38.47398745568788
    vertex -13.51898128653138 1.523223366008084 -39.22195503092094
    vertex -13.60452367590791 1.6660736373625e-15 -38.47398745568788
  endloop
endfacet
facet normal 0.328223 0.938009 -0.111397
  outer loop
    vertex 3.027291314393816 13.26342986358108 -41.52601254431212
    vertex 4.511166255535085 12.83481372919998 -40.76300627215606
    vertex 5.902781601416266 12.25725229463441 -41.52601254431212
  endloop
endfacet
facet normal 0.43243 0.89476 0.111397
  outer loop
    vertex 4.511166255535085 12.83481372919998 -40.76300627215606
    vertex 7.254076637190822 11.50918922383767 -40.76300627215606
    vertex 5.902781601416266 12.25725229463441 -41.52601254431212
  endloop
endfacet
facet normal 0.43243 0.89476 -0.111397
  outer loop
    vertex 4.511166255535085 12.83481372919998 -40.76300627215606
    vertex 5.936895287671317 12.24076544957728 -40
    vertex 7.254076637190822 11.50918922383767 -40.76300627215606
  endloop
endfacet
facet normal 0.528721 0.841454 -0.111397
  outer loop
    vertex 5.902781601416266 12.25725229463441 -41.52601254431212
    vertex 7.254076637190822 11.50918922383767 -40.76300627215606
    vertex 8.482281771074268 10.63644491380649 -41.52601254431212
  endloop
endfacet
facet normal 0.528721 0.841454 0.111397
  outer loop
    vertex 8.482281771074268 10.63644491380649 -38.47398745568788
    vertex 7.254076637190822 11.50918922383767 -39.23699372784394
    vertex 5.902781601416266 12.25725229463441 -38.47398745568788
  endloop
endfacet
facet normal 0.43243 0.89476 -0.111397
  outer loop
    vertex 7.254076637190822 11.50918922383767 -39.23699372784394
    vertex 4.511166255535085 12.83481372919998 -39.23699372784394
    vertex 5.902781601416266 12.25725229463441 -38.47398745568788
  endloop
endfacet
facet normal 0.43243 0.89476 0.111397
  outer loop
    vertex 7.254076637190822 11.50918922383767 -39.23699372784394
    vertex 5.936895287671317 12.24076544957728 -40
    vertex 4.511166255535085 12.83481372919998 -39.23699372784394
  endloop
endfacet
facet normal 0.328223 0.938009 0.111397
  outer loop
    vertex 5.902781601416266 12.25725229463441 -38.47398745568788
    vertex 4.511166255535085 12.83481372919998 -39.23699372784394
    vertex 3.027291314393816 13.26342986358108 -38.47398745568788
  endloop
endfacet
facet normal -0.98776 0.111294 -0.109287
  outer loop
    vertex -13.60452367590791 1.6660736373625e-15 -41.52601254431212
    vertex -13.51898128653138 1.523223366008084 -40.74796757523306
    vertex -13.26342986358108 3.02729131439382 -41.52601254431212
  endloop
endfacet
facet normal -0.969088 0.221188 0.109287
  outer loop
    vertex -13.51898128653138 1.523223366008084 -40.74796757523306
    vertex -12.84108311447499 4.493289318025732 -40.74796757523306
    vertex -13.26342986358108 3.02729131439382 -41.52601254431212
  endloop
endfacet
facet normal -0.969088 0.221188 -0.109287
  outer loop
    vertex -13.51898128653138 1.523223366008084 -40.74796757523306
    vertex -13.26342986358108 3.027291314393826 -39.96992260615399
    vertex -12.84108311447499 4.493289318025732 -40.74796757523306
  endloop
endfacet
facet normal -0.93823 0.328301 -0.109287
  outer loop
    vertex -13.26342986358108 3.02729131439382 -41.52601254431212
    vertex -12.84108311447499 4.493289318025732 -40.74796757523306
    vertex -12.2572522946344 5.902781601416271 -41.52601254431212
  endloop
endfacet
facet normal -0.328301 0.93823 0.109287
  outer loop
    vertex -3.027291314393818 13.26342986358108 -38.47398745568788
    vertex -4.493289318025727 12.84108311447499 -39.25203242476694
    vertex -5.902781601416268 12.2572522946344 -38.47398745568788
  endloop
endfacet
facet normal -0.431285 0.895572 -0.109287
  outer loop
    vertex -4.493289318025727 12.84108311447499 -39.25203242476694
    vertex -7.238042981295347 11.51927941536535 -39.25203242476694
    vertex -5.902781601416268 12.2572522946344 -38.47398745568788
  endloop
endfacet
facet normal -0.431285 0.895572 0.109287
  outer loop
    vertex -4.493289318025727 12.84108311447499 -39.25203242476694
    vertex -5.902781601416273 12.2572522946344 -40.03007739384601
    vertex -7.238042981295347 11.51927941536535 -39.25203242476694
  endloop
endfacet
facet normal -0.528845 0.841653 0.109287
  outer loop
    vertex -5.902781601416268 12.2572522946344 -38.47398745568788
    vertex -7.238042981295347 11.51927941536535 -39.25203242476694
    vertex -8.482281771074268 10.63644491380649 -38.47398745568788
  endloop
endfacet
facet normal 0.93823 0.328301 -0.109287
  outer loop
    vertex 12.2572522946344 5.902781601416272 -41.52601254431212
    vertex 12.84108311447499 4.493289318025728 -40.74796757523305
    vertex 13.26342986358108 3.027291314393821 -41.52601254431212
  endloop
endfacet
facet normal 0.969088 0.221188 0.109287
  outer loop
    vertex 12.84108311447499 4.493289318025728 -40.74796757523305
    vertex 13.51898128653139 1.523223366008078 -40.74796757523305
    vertex 13.26342986358108 3.027291314393821 -41.52601254431212
  endloop
endfacet
facet normal 0.969088 0.221188 -0.109287
  outer loop
    vertex 12.84108311447499 4.493289318025728 -40.74796757523305
    vertex 13.26342986358108 3.027291314393821 -39.96992260615398
    vertex 13.51898128653139 1.523223366008078 -40.74796757523305
  endloop
endfacet
facet normal 0.98776 0.111294 -0.109287
  outer loop
    vertex 13.26342986358108 3.027291314393821 -41.52601254431212
    vertex 13.51898128653139 1.523223366008078 -40.74796757523305
    vertex 13.60452367590791 0 -41.52601254431212
  endloop
endfacet
facet normal -0.702871 0.702871 0.109287
  outer loop
    vertex -8.482281771074268 10.63644491380649 -38.47398745568788
    vertex -9.619850946047416 9.619850946047418 -39.25203242476694
    vertex -10.63644491380649 8.48228177107427 -38.47398745568788
  endloop
endfacet
facet normal -0.777149 0.619755 -0.109287
  outer loop
    vertex -9.619850946047416 9.619850946047418 -39.25203242476694
    vertex -11.51927941536535 7.238042981295345 -39.25203242476694
    vertex -10.63644491380649 8.48228177107427 -38.47398745568788
  endloop
endfacet
facet normal -0.777149 0.619755 0.109287
  outer loop
    vertex -9.619850946047416 9.619850946047418 -39.25203242476694
    vertex -10.63644491380649 8.48228177107427 -40.03007739384601
    vertex -11.51927941536535 7.238042981295345 -39.25203242476694
  endloop
endfacet
facet normal -0.841653 0.528845 0.109287
  outer loop
    vertex -10.63644491380649 8.48228177107427 -38.47398745568788
    vertex -11.51927941536535 7.238042981295345 -39.25203242476694
    vertex -12.2572522946344 5.902781601416271 -38.47398745568788
  endloop
endfacet
facet normal 0.111294 0.98776 0.109287
  outer loop
    vertex 3.027291314393816 13.26342986358108 -38.47398745568788
    vertex 1.523223366008075 13.51898128653139 -39.25203242476694
    vertex -2.187774266128955e-15 13.60452367590791 -38.47398745568788
  endloop
endfacet
facet normal 0 0.99401 -0.109287
  outer loop
    vertex 1.523223366008075 13.51898128653139 -39.25203242476694
    vertex -1.523223366008079 13.51898128653139 -39.25203242476694
    vertex -2.187774266128955e-15 13.60452367590791 -38.47398745568788
  endloop
endfacet
facet normal 0 0.99401 0.109287
  outer loop
    vertex 1.523223366008075 13.51898128653139 -39.25203242476694
    vertex -2.187774266128955e-15 13.60452367590791 -40.03007739384601
    vertex -1.523223366008079 13.51898128653139 -39.25203242476694
  endloop
endfacet
facet normal -0.111294 0.98776 0.109287
  outer loop
    vertex -2.187774266128955e-15 13.60452367590791 -38.47398745568788
    vertex -1.523223366008079 13.51898128653139 -39.25203242476694
    vertex -3.027291314393818 13.26342986358108 -38.47398745568788
  endloop
endfacet
facet normal 0.841653 0.528845 0.109287
  outer loop
    vertex 12.2572522946344 5.902781601416272 -38.47398745568788
    vertex 11.51927941536535 7.238042981295345 -39.25203242476694
    vertex 10.63644491380649 8.482281771074272 -38.47398745568788
  endloop
endfacet
facet normal 0.777149 0.619755 -0.109287
  outer loop
    vertex 11.51927941536535 7.238042981295345 -39.25203242476694
    vertex 9.619850946047416 9.619850946047418 -39.25203242476694
    vertex 10.63644491380649 8.482281771074272 -38.47398745568788
  endloop
endfacet
facet normal 0.777149 0.619755 0.109287
  outer loop
    vertex 11.51927941536535 7.238042981295345 -39.25203242476694
    vertex 10.63644491380649 8.48228177107427 -40.03007739384601
    vertex 9.619850946047416 9.619850946047418 -39.25203242476694
  endloop
endfacet
facet normal 0.702871 0.702871 0.109287
  outer loop
    vertex 10.63644491380649 8.482281771074272 -38.47398745568788
    vertex 9.619850946047416 9.619850946047418 -39.25203242476694
    vertex 8.482281771074268 10.63644491380649 -38.47398745568788
  endloop
endfacet
facet normal 0.277504 0.960724 0
  outer loop
    vertex 3.027291314393816 13.26342986358108 -38.47398745568788
    vertex 4.511166255535085 12.83481372919998 -39.23699372784394
    vertex 3.027291314393816 13.26342986358108 -40
  endloop
endfacet
facet normal 0.277504 0.960724 0
  outer loop
    vertex 4.511166255535085 12.83481372919998 -39.23699372784394
    vertex 4.511166255535085 12.83481372919998 -40.76300627215606
    vertex 3.027291314393816 13.26342986358108 -40
  endloop
endfacet
facet normal 0.384612 0.923078 0
  outer loop
    vertex 4.511166255535085 12.83481372919998 -39.23699372784394
    vertex 5.936895287671317 12.24076544957728 -40
    vertex 4.511166255535085 12.83481372919998 -40.76300627215606
  endloop
endfacet
facet normal 0.277504 0.960724 0
  outer loop
    vertex 3.027291314393816 13.26342986358108 -40
    vertex 4.511166255535085 12.83481372919998 -40.76300627215606
    vertex 3.027291314393816 13.26342986358108 -41.52601254431212
  endloop
endfacet
facet normal 0.666347 0.745642 0
  outer loop
    vertex 8.482281771074268 10.63644491380649 -38.47398745568788
    vertex 9.619850946047416 9.619850946047418 -39.25203242476694
    vertex 8.482281771074268 10.63644491380649 -40
  endloop
endfacet
facet normal 0.666347 0.745642 0
  outer loop
    vertex 9.619850946047416 9.619850946047418 -39.25203242476694
    vertex 9.619850946047416 9.619850946047418 -40.77804496907906
    vertex 8.482281771074268 10.63644491380649 -40
  endloop
endfacet
facet normal 0.745642 0.666347 0
  outer loop
    vertex 9.619850946047416 9.619850946047418 -39.25203242476694
    vertex 10.63644491380649 8.48228177107427 -40.03007739384601
    vertex 9.619850946047416 9.619850946047418 -40.77804496907906
  endloop
endfacet
facet normal 0.666347 0.745642 0
  outer loop
    vertex 8.482281771074268 10.63644491380649 -40
    vertex 9.619850946047416 9.619850946047418 -40.77804496907906
    vertex 8.482281771074268 10.63644491380649 -41.52601254431212
  endloop
endfacet
facet normal 0.875223 0.483719 -0
  outer loop
    vertex 12.2572522946344 5.902781601416272 -41.52601254431212
    vertex 11.51927941536535 7.238042981295345 -40.77804496907906
    vertex 12.2572522946344 5.902781601416272 -40
  endloop
endfacet
facet normal 0.875223 0.483719 -0
  outer loop
    vertex 11.51927941536535 7.238042981295345 -40.77804496907906
    vertex 11.51927941536535 7.238042981295345 -39.25203242476694
    vertex 12.2572522946344 5.902781601416272 -40
  endloop
endfacet
facet normal 0.815561 0.578671 -0
  outer loop
    vertex 11.51927941536535 7.238042981295345 -40.77804496907906
    vertex 10.63644491380649 8.48228177107427 -40.03007739384601
    vertex 11.51927941536535 7.238042981295345 -39.25203242476694
  endloop
endfacet
facet normal 0.875223 0.483719 -0
  outer loop
    vertex 12.2572522946344 5.902781601416272 -40
    vertex 11.51927941536535 7.238042981295345 -39.25203242476694
    vertex 12.2572522946344 5.902781601416272 -38.47398745568788
  endloop
endfacet
facet normal -0.578671 0.815561 0
  outer loop
    vertex -8.482281771074268 10.63644491380649 -38.47398745568788
    vertex -7.238042981295347 11.51927941536535 -39.25203242476694
    vertex -8.482281771074268 10.63644491380649 -40
  endloop
endfacet
facet normal -0.578671 0.815561 0
  outer loop
    vertex -7.238042981295347 11.51927941536535 -39.25203242476694
    vertex -7.238042981295347 11.51927941536535 -40.77804496907906
    vertex -8.482281771074268 10.63644491380649 -40
  endloop
endfacet
facet normal -0.483719 0.875223 0
  outer loop
    vertex -7.238042981295347 11.51927941536535 -39.25203242476694
    vertex -5.902781601416273 12.2572522946344 -40.03007739384601
    vertex -7.238042981295347 11.51927941536535 -40.77804496907906
  endloop
endfacet
facet normal -0.578671 0.815561 0
  outer loop
    vertex -8.482281771074268 10.63644491380649 -40
    vertex -7.238042981295347 11.51927941536535 -40.77804496907906
    vertex -8.482281771074268 10.63644491380649 -41.52601254431212
  endloop
endfacet
facet normal -0.167506 0.985871 0
  outer loop
    vertex -3.027291314393818 13.26342986358108 -38.47398745568788
    vertex -1.523223366008079 13.51898128653139 -39.25203242476694
    vertex -3.027291314393818 13.26342986358108 -40
  endloop
endfacet
facet normal -0.167506 0.985871 0
  outer loop
    vertex -1.523223366008079 13.51898128653139 -39.25203242476694
    vertex -1.523223366008079 13.51898128653139 -40.77804496907906
    vertex -3.027291314393818 13.26342986358108 -40
  endloop
endfacet
facet normal -0.0560704 0.998427 0
  outer loop
    vertex -1.523223366008079 13.51898128653139 -39.25203242476694
    vertex -2.187774266128955e-15 13.60452367590791 -40.03007739384601
    vertex -1.523223366008079 13.51898128653139 -40.77804496907906
  endloop
endfacet
facet normal -0.167506 0.985871 0
  outer loop
    vertex -3.027291314393818 13.26342986358108 -40
    vertex -1.523223366008079 13.51898128653139 -40.77804496907906
    vertex -3.027291314393818 13.26342986358108 -41.52601254431212
  endloop
endfacet
facet normal -0.875223 0.483719 0
  outer loop
    vertex -12.2572522946344 5.902781601416271 -38.47398745568788
    vertex -11.51927941536535 7.238042981295345 -39.25203242476694
    vertex -12.2572522946344 5.902781601416271 -40
  endloop
endfacet
facet normal -0.875223 0.483719 0
  outer loop
    vertex -11.51927941536535 7.238042981295345 -39.25203242476694
    vertex -11.51927941536535 7.238042981295345 -40.77804496907906
    vertex -12.2572522946344 5.902781601416271 -40
  endloop
endfacet
facet normal -0.815561 0.578671 0
  outer loop
    vertex -11.51927941536535 7.238042981295345 -39.25203242476694
    vertex -10.63644491380649 8.48228177107427 -40.03007739384601
    vertex -11.51927941536535 7.238042981295345 -40.77804496907906
  endloop
endfacet
facet normal -0.875223 0.483719 0
  outer loop
    vertex -12.2572522946344 5.902781601416271 -40
    vertex -11.51927941536535 7.238042981295345 -40.77804496907906
    vertex -12.2572522946344 5.902781601416271 -41.52601254431212
  endloop
endfacet
facet normal 0.92388 0.382683 0
  outer loop
    vertex 12.2572522946344 5.902781601416272 -38.47398745568788
    vertex 12.84108311447499 4.493289318025728 -39.22195503092092
    vertex 12.2572522946344 5.902781601416272 -40
  endloop
endfacet
facet normal 0.92388 0.382683 0
  outer loop
    vertex 12.84108311447499 4.493289318025728 -39.22195503092092
    vertex 12.84108311447499 4.493289318025728 -40.74796757523305
    vertex 12.2572522946344 5.902781601416272 -40
  endloop
endfacet
facet normal 0.960917 0.276836 0
  outer loop
    vertex 12.84108311447499 4.493289318025728 -39.22195503092092
    vertex 13.26342986358108 3.027291314393821 -39.96992260615398
    vertex 12.84108311447499 4.493289318025728 -40.74796757523305
  endloop
endfacet
facet normal 0.92388 0.382683 0
  outer loop
    vertex 12.2572522946344 5.902781601416272 -40
    vertex 12.84108311447499 4.493289318025728 -40.74796757523305
    vertex 12.2572522946344 5.902781601416272 -41.52601254431212
  endloop
endfacet
facet normal -0.666347 0.745642 0
  outer loop
    vertex -8.482281771074268 10.63644491380649 -41.52601254431212
    vertex -9.619850946047416 9.619850946047418 -40.77804496907906
    vertex -8.482281771074268 10.63644491380649 -40
  endloop
endfacet
facet normal -0.666347 0.745642 0
  outer loop
    vertex -9.619850946047416 9.619850946047418 -40.77804496907906
    vertex -9.619850946047416 9.619850946047418 -39.25203242476694
    vertex -8.482281771074268 10.63644491380649 -40
  endloop
endfacet
facet normal -0.745642 0.666347 0
  outer loop
    vertex -9.619850946047416 9.619850946047418 -40.77804496907906
    vertex -10.63644491380649 8.48228177107427 -40.03007739384601
    vertex -9.619850946047416 9.619850946047418 -39.25203242476694
  endloop
endfacet
facet normal -0.666347 0.745642 0
  outer loop
    vertex -8.482281771074268 10.63644491380649 -40
    vertex -9.619850946047416 9.619850946047418 -39.25203242476694
    vertex -8.482281771074268 10.63644491380649 -38.47398745568788
  endloop
endfacet
facet normal 0.998427 0.0560704 -0
  outer loop
    vertex 13.60452367590791 0 -41.52601254431212
    vertex 13.51898128653139 1.523223366008078 -40.74796757523305
    vertex 13.60452367590791 0 -39.99999999999999
  endloop
endfacet
facet normal 0.998427 0.0560704 -0
  outer loop
    vertex 13.51898128653139 1.523223366008078 -40.74796757523305
    vertex 13.51898128653139 1.523223366008078 -39.22195503092092
    vertex 13.60452367590791 0 -39.99999999999999
  endloop
endfacet
facet normal 0.985871 0.167506 -0
  outer loop
    vertex 13.51898128653139 1.523223366008078 -40.74796757523305
    vertex 13.26342986358108 3.027291314393821 -39.96992260615398
    vertex 13.51898128653139 1.523223366008078 -39.22195503092092
  endloop
endfacet
facet normal 0.998427 0.0560704 -0
  outer loop
    vertex 13.60452367590791 0 -39.99999999999999
    vertex 13.51898128653139 1.523223366008078 -39.22195503092092
    vertex 13.60452367590791 0 -38.47398745568788
  endloop
endfacet
facet normal -0.92388 0.382683 0
  outer loop
    vertex -12.2572522946344 5.902781601416271 -41.52601254431212
    vertex -12.84108311447499 4.493289318025732 -40.74796757523306
    vertex -12.2572522946344 5.902781601416271 -40
  endloop
endfacet
facet normal -0.92388 0.382683 0
  outer loop
    vertex -12.84108311447499 4.493289318025732 -40.74796757523306
    vertex -12.84108311447499 4.493289318025732 -39.22195503092094
    vertex -12.2572522946344 5.902781601416271 -40
  endloop
endfacet
facet normal -0.960917 0.276836 0
  outer loop
    vertex -12.84108311447499 4.493289318025732 -40.74796757523306
    vertex -13.26342986358108 3.027291314393826 -39.96992260615399
    vertex -12.84108311447499 4.493289318025732 -39.22195503092094
  endloop
endfacet
facet normal -0.92388 0.382683 0
  outer loop
    vertex -12.2572522946344 5.902781601416271 -40
    vertex -12.84108311447499 4.493289318025732 -39.22195503092094
    vertex -12.2572522946344 5.902781601416271 -38.47398745568788
  endloop
endfacet
facet normal -0.998427 0.0560704 0
  outer loop
    vertex -13.60452367590791 1.6660736373625e-15 -38.47398745568788
    vertex -13.51898128653138 1.523223366008084 -39.22195503092094
    vertex -13.60452367590791 1.6660736373625e-15 -39.99999999999999
  endloop
endfacet
facet normal -0.998427 0.0560704 0
  outer loop
    vertex -13.51898128653138 1.523223366008084 -39.22195503092094
    vertex -13.51898128653138 1.523223366008084 -40.74796757523306
    vertex -13.60452367590791 1.6660736373625e-15 -39.99999999999999
  endloop
endfacet
facet normal -0.985871 0.167506 0
  outer loop
    vertex -13.51898128653138 1.523223366008084 -39.22195503092094
    vertex -13.26342986358108 3.027291314393826 -39.96992260615399
    vertex -13.51898128653138 1.523223366008084 -40.74796757523306
  endloop
endfacet
facet normal -0.998427 0.0560704 0
  outer loop
    vertex -13.60452367590791 1.6660736373625e-15 -39.99999999999999
    vertex -13.51898128653138 1.523223366008084 -40.74796757523306
    vertex -13.60452367590791 1.6660736373625e-15 -41.52601254431212
  endloop
endfacet
facet normal 0.167506 0.985871 -0
  outer loop
    vertex 3.027291314393816 13.26342986358108 -41.52601254431212
    vertex 1.523223366008075 13.51898128653139 -40.77804496907906
    vertex 3.027291314393816 13.26342986358108 -40
  endloop
endfacet
facet normal 0.167506 0.985871 -0
  outer loop
    vertex 1.523223366008075 13.51898128653139 -40.77804496907906
    vertex 1.523223366008075 13.51898128653139 -39.25203242476694
    vertex 3.027291314393816 13.26342986358108 -40
  endloop
endfacet
facet normal 0.0560704 0.998427 -0
  outer loop
    vertex 1.523223366008075 13.51898128653139 -40.77804496907906
    vertex -2.187774266128955e-15 13.60452367590791 -40.03007739384601
    vertex 1.523223366008075 13.51898128653139 -39.25203242476694
  endloop
endfacet
facet normal 0.167506 0.985871 -0
  outer loop
    vertex 3.027291314393816 13.26342986358108 -40
    vertex 1.523223366008075 13.51898128653139 -39.25203242476694
    vertex 3.027291314393816 13.26342986358108 -38.47398745568788
  endloop
endfacet
facet normal -0.276836 0.960917 0
  outer loop
    vertex -3.027291314393818 13.26342986358108 -41.52601254431212
    vertex -4.493289318025727 12.84108311447499 -40.77804496907906
    vertex -3.027291314393818 13.26342986358108 -40
  endloop
endfacet
facet normal -0.276836 0.960917 0
  outer loop
    vertex -4.493289318025727 12.84108311447499 -40.77804496907906
    vertex -4.493289318025727 12.84108311447499 -39.25203242476694
    vertex -3.027291314393818 13.26342986358108 -40
  endloop
endfacet
facet normal -0.382683 0.92388 0
  outer loop
    vertex -4.493289318025727 12.84108311447499 -40.77804496907906
    vertex -5.902781601416273 12.2572522946344 -40.03007739384601
    vertex -4.493289318025727 12.84108311447499 -39.25203242476694
  endloop
endfacet
facet normal -0.276836 0.960917 0
  outer loop
    vertex -3.027291314393818 13.26342986358108 -40
    vertex -4.493289318025727 12.84108311447499 -39.25203242476694
    vertex -3.027291314393818 13.26342986358108 -38.47398745568788
  endloop
endfacet
facet normal 0.579239 0.815158 -0
  outer loop
    vertex 8.482281771074268 10.63644491380649 -41.52601254431212
    vertex 7.254076637190822 11.50918922383767 -40.76300627215606
    vertex 8.482281771074268 10.63644491380649 -40
  endloop
endfacet
facet normal 0.579239 0.815158 -0
  outer loop
    vertex 7.254076637190822 11.50918922383767 -40.76300627215606
    vertex 7.254076637190822 11.50918922383767 -39.23699372784394
    vertex 8.482281771074268 10.63644491380649 -40
  endloop
endfacet
facet normal 0.485546 0.874211 -0
  outer loop
    vertex 7.254076637190822 11.50918922383767 -40.76300627215606
    vertex 5.936895287671317 12.24076544957728 -40
    vertex 7.254076637190822 11.50918922383767 -39.23699372784394
  endloop
endfacet
facet normal 0.579239 0.815158 -0
  outer loop
    vertex 8.482281771074268 10.63644491380649 -40
    vertex 7.254076637190822 11.50918922383767 -39.23699372784394
    vertex 8.482281771074268 10.63644491380649 -38.47398745568788
  endloop
endfacet
facet normal 0.150454 0.429974 0.890217
  outer loop
    vertex 3.027291314393816 13.26342986358108 -38.47398745568788
    vertex 4.042070644816834 11.88601653329355 -37.98020486705621
    vertex 5.902781601416266 12.25725229463441 -38.47398745568788
  endloop
endfacet
facet normal 0.172222 0.357623 0.917848
  outer loop
    vertex 4.042070644816834 11.88601653329355 -37.98020486705621
    vertex 6.772672101428554 10.57102817771048 -37.98020486705621
    vertex 5.902781601416266 12.25725229463441 -38.47398745568788
  endloop
endfacet
facet normal 0.200878 0.417128 0.88637
  outer loop
    vertex 4.042070644816834 11.88601653329355 -37.98020486705621
    vertex 5.047653763846997 10.48156104311718 -37.54716076335007
    vertex 6.772672101428554 10.57102817771048 -37.98020486705621
  endloop
endfacet
facet normal 0.24236 0.385714 0.890217
  outer loop
    vertex 5.902781601416266 12.25725229463441 -38.47398745568788
    vertex 6.772672101428554 10.57102817771048 -37.98020486705621
    vertex 8.482281771074268 10.63644491380649 -38.47398745568788
  endloop
endfacet
facet normal -0.24236 0.385714 0.890217
  outer loop
    vertex -8.482281771074268 10.63644491380649 -38.47398745568788
    vertex -6.772672101426453 10.57102817770611 -37.98020486705394
    vertex -5.902781601416268 12.2572522946344 -38.47398745568788
  endloop
endfacet
facet normal -0.172222 0.357623 0.917848
  outer loop
    vertex -6.772672101426453 10.57102817770611 -37.98020486705394
    vertex -4.04207064481473 11.88601653328918 -37.98020486705394
    vertex -5.902781601416268 12.2572522946344 -38.47398745568788
  endloop
endfacet
facet normal -0.200878 0.417128 0.88637
  outer loop
    vertex -6.772672101426453 10.57102817770611 -37.98020486705394
    vertex -5.047653763842797 10.48156104310846 -37.54716076334552
    vertex -4.04207064481473 11.88601653328918 -37.98020486705394
  endloop
endfacet
facet normal -0.150454 0.429974 0.890217
  outer loop
    vertex -5.902781601416268 12.2572522946344 -38.47398745568788
    vertex -4.04207064481473 11.88601653328918 -37.98020486705394
    vertex -3.027291314393818 13.26342986358108 -38.47398745568788
  endloop
endfacet
facet normal 0.339054 0.262397 0.903433
  outer loop
    vertex 8.75 7.859445032514662 -37.60729138347779
    vertex 8.75 5.934690032647713 -37.04825637119421
    vertex 10.52273094269835 6.893629210055272 -37.99207201361324
  endloop
endfacet
facet normal 0.369415 0.208399 0.905595
  outer loop
    vertex 8.75 5.934690032647713 -37.04825637119421
    vertex 10.5037350415985 4.942445180266783 -37.53530982926907
    vertex 10.52273094269835 6.893629210055272 -37.99207201361324
  endloop
endfacet
facet normal 0.369749 0.209141 0.905287
  outer loop
    vertex 8.75 5.934690032647713 -37.04825637119421
    vertex 8.75 3.982006280520186 -36.59714403180266
    vertex 10.5037350415985 4.942445180266783 -37.53530982926907
  endloop
endfacet
facet normal 0.370481 0.208292 0.905184
  outer loop
    vertex 10.52273094269835 6.893629210055272 -37.99207201361324
    vertex 10.5037350415985 4.942445180266783 -37.53530982926907
    vertex 12.2572522946344 5.902781601416272 -38.47398745568788
  endloop
endfacet
facet normal -0.369749 0.209141 0.905287
  outer loop
    vertex -8.75 3.982006280520188 -36.59714403180266
    vertex -8.75 5.934690032647714 -37.04825637119421
    vertex -10.50373504159849 4.942445180266784 -37.53530982926907
  endloop
endfacet
facet normal -0.369415 0.208399 0.905595
  outer loop
    vertex -8.75 5.934690032647714 -37.04825637119421
    vertex -10.52273094269835 6.893629210055272 -37.99207201361324
    vertex -10.50373504159849 4.942445180266784 -37.53530982926907
  endloop
endfacet
facet normal -0.339054 0.262397 0.903433
  outer loop
    vertex -8.75 5.934690032647714 -37.04825637119421
    vertex -8.75 7.859445032514662 -37.60729138347779
    vertex -10.52273094269835 6.893629210055272 -37.99207201361324
  endloop
endfacet
facet normal -0.370481 0.208292 0.905184
  outer loop
    vertex -10.50373504159849 4.942445180266784 -37.53530982926907
    vertex -10.52273094269835 6.893629210055272 -37.99207201361324
    vertex -12.2572522946344 5.902781601416271 -38.47398745568788
  endloop
endfacet
facet normal -0.193263 0.354433 0.914892
  outer loop
    vertex -2.975152543807333 8.729440884912584 -36.41328780304981
    vertex -4.012702256823568 9.608611729651859 -36.97305567399453
    vertex -5.898684004071487 8.378515057469109 -36.89490698925314
  endloop
endfacet
facet normal -0.21372 0.384723 0.897949
  outer loop
    vertex -4.012702256823568 9.608611729651859 -36.97305567399453
    vertex -6.922982717385867 9.202613013362374 -37.4917812909722
    vertex -5.898684004071487 8.378515057469109 -36.89490698925314
  endloop
endfacet
facet normal -0.211453 0.349576 0.912734
  outer loop
    vertex -4.012702256823568 9.608611729651859 -36.97305567399453
    vertex -5.047653763842797 10.48156104310846 -37.54716076334552
    vertex -6.922982717385867 9.202613013362374 -37.4917812909722
  endloop
endfacet
facet normal -0.282884 0.306631 0.90882
  outer loop
    vertex -5.898684004071487 8.378515057469109 -36.89490698925314
    vertex -6.922982717385867 9.202613013362374 -37.4917812909722
    vertex -8.75 7.859445032514662 -37.60729138347779
  endloop
endfacet
facet normal 0.282884 0.306631 0.90882
  outer loop
    vertex 8.75 7.859445032514662 -37.60729138347779
    vertex 6.922982717387974 9.202613013366753 -37.49178129097444
    vertex 5.898684004071492 8.378515057469109 -36.89490698925314
  endloop
endfacet
facet normal 0.21372 0.384723 0.897949
  outer loop
    vertex 6.922982717387974 9.202613013366753 -37.49178129097444
    vertex 4.012702256825685 9.608611729656223 -36.97305567399681
    vertex 5.898684004071492 8.378515057469109 -36.89490698925314
  endloop
endfacet
facet normal 0.211453 0.349576 0.912734
  outer loop
    vertex 6.922982717387974 9.202613013366753 -37.49178129097444
    vertex 5.047653763846997 10.48156104311718 -37.54716076335007
    vertex 4.012702256825685 9.608611729656223 -36.97305567399681
  endloop
endfacet
facet normal 0.193263 0.354433 0.914892
  outer loop
    vertex 5.898684004071492 8.378515057469109 -36.89490698925314
    vertex 4.012702256825685 9.608611729656223 -36.97305567399681
    vertex 2.975152543807363 8.729440884912584 -36.41328780304981
  endloop
endfacet
facet normal -0.447248 0.0503927 0.892989
  outer loop
    vertex -13.60452367590791 1.6660736373625e-15 -38.47398745568788
    vertex -12.2883575556051 1.201794642653371 -37.88261353470367
    vertex -13.26342986358108 3.02729131439382 -38.47398745568788
  endloop
endfacet
facet normal -0.391436 0.0876649 0.91602
  outer loop
    vertex -12.2883575556051 1.201794642653371 -37.88261353470367
    vertex -11.61601312922012 4.157001602760545 -37.87812476719849
    vertex -13.26342986358108 3.02729131439382 -38.47398745568788
  endloop
endfacet
facet normal -0.444902 0.0998685 0.889994
  outer loop
    vertex -12.2883575556051 1.201794642653371 -37.88261353470367
    vertex -10.94639781611429 2.401066683468821 -37.34635064103878
    vertex -11.61601312922012 4.157001602760545 -37.87812476719849
  endloop
endfacet
facet normal -0.424932 0.14869 0.89293
  outer loop
    vertex -13.26342986358108 3.02729131439382 -38.47398745568788
    vertex -11.61601312922012 4.157001602760545 -37.87812476719849
    vertex -12.2572522946344 5.902781601416271 -38.47398745568788
  endloop
endfacet
facet normal 0.251271 0.322329 0.91267
  outer loop
    vertex 8.482281771074268 10.63644491380649 -38.47398745568788
    vertex 6.772672101428554 10.57102817771048 -37.98020486705621
    vertex 8.621487276585702 9.253683404191243 -38.02396140634982
  endloop
endfacet
facet normal 0.270502 0.349842 0.896905
  outer loop
    vertex 6.772672101428554 10.57102817771048 -37.98020486705621
    vertex 6.922982717387974 9.202613013366753 -37.49178129097444
    vertex 8.621487276585702 9.253683404191243 -38.02396140634982
  endloop
endfacet
facet normal 0.211096 0.349066 0.913012
  outer loop
    vertex 6.772672101428554 10.57102817771048 -37.98020486705621
    vertex 5.047653763846997 10.48156104311718 -37.54716076335007
    vertex 6.922982717387974 9.202613013366753 -37.49178129097444
  endloop
endfacet
facet normal 0.277177 0.298484 0.91328
  outer loop
    vertex 8.621487276585702 9.253683404191243 -38.02396140634982
    vertex 6.922982717387974 9.202613013366753 -37.49178129097444
    vertex 8.75 7.859445032514662 -37.60729138347779
  endloop
endfacet
facet normal -0.277177 0.298484 0.91328
  outer loop
    vertex -8.75 7.859445032514662 -37.60729138347779
    vertex -6.922982717385867 9.202613013362374 -37.4917812909722
    vertex -8.621487276585704 9.253683404191241 -38.02396140634982
  endloop
endfacet
facet normal -0.270502 0.349842 0.896905
  outer loop
    vertex -6.922982717385867 9.202613013362374 -37.4917812909722
    vertex -6.772672101426453 10.57102817770611 -37.98020486705394
    vertex -8.621487276585704 9.253683404191241 -38.02396140634982
  endloop
endfacet
facet normal -0.211096 0.349066 0.913012
  outer loop
    vertex -6.922982717385867 9.202613013362374 -37.4917812909722
    vertex -5.047653763842797 10.48156104310846 -37.54716076334552
    vertex -6.772672101426453 10.57102817770611 -37.98020486705394
  endloop
endfacet
facet normal -0.251271 0.322329 0.91267
  outer loop
    vertex -8.621487276585704 9.253683404191241 -38.02396140634982
    vertex -6.772672101426453 10.57102817770611 -37.98020486705394
    vertex -8.482281771074268 10.63644491380649 -38.47398745568788
  endloop
endfacet
facet normal -0.425414 0.0258342 0.90463
  outer loop
    vertex -8.75 1.071565949253934e-15 -36.19108431291425
    vertex -9.858484356368843 1.201787177460939 -36.74668387253087
    vertex -11.17726183795395 1.368819793308217e-15 -37.33253588430107
  endloop
endfacet
facet normal -0.423381 0.0231027 0.905657
  outer loop
    vertex -9.858484356368843 1.201787177460939 -36.74668387253087
    vertex -12.2883575556051 1.201794642653371 -37.88261353470367
    vertex -11.17726183795395 1.368819793308217e-15 -37.33253588430107
  endloop
endfacet
facet normal -0.422495 0.0686395 0.903762
  outer loop
    vertex -9.858484356368843 1.201787177460939 -36.74668387253087
    vertex -10.94639781611429 2.401066683468821 -37.34635064103878
    vertex -12.2883575556051 1.201794642653371 -37.88261353470367
  endloop
endfacet
facet normal -0.425464 0.0207556 0.904737
  outer loop
    vertex -11.17726183795395 1.368819793308217e-15 -37.33253588430107
    vertex -12.2883575556051 1.201794642653371 -37.88261353470367
    vertex -13.60452367590791 1.6660736373625e-15 -38.47398745568788
  endloop
endfacet
facet normal -0.394354 0.163784 0.904245
  outer loop
    vertex -12.2572522946344 5.902781601416271 -38.47398745568788
    vertex -11.61601312922012 4.157001602760545 -37.87812476719849
    vertex -10.50373504159849 4.942445180266784 -37.53530982926907
  endloop
endfacet
facet normal -0.391644 0.159065 0.906263
  outer loop
    vertex -11.61601312922012 4.157001602760545 -37.87812476719849
    vertex -9.858125564020963 3.194753444298831 -36.94955781978036
    vertex -10.50373504159849 4.942445180266784 -37.53530982926907
  endloop
endfacet
facet normal -0.413663 0.115734 0.903044
  outer loop
    vertex -11.61601312922012 4.157001602760545 -37.87812476719849
    vertex -10.94639781611429 2.401066683468821 -37.34635064103878
    vertex -9.858125564020963 3.194753444298831 -36.94955781978036
  endloop
endfacet
facet normal -0.398213 0.155864 0.903954
  outer loop
    vertex -10.50373504159849 4.942445180266784 -37.53530982926907
    vertex -9.858125564020963 3.194753444298831 -36.94955781978036
    vertex -8.75 3.982006280520188 -36.59714403180266
  endloop
endfacet
facet normal -0.119648 0.411971 0.903307
  outer loop
    vertex -3.027291314393818 13.26342986358108 -38.47398745568788
    vertex -4.04207064481473 11.88601653328918 -37.98020486705394
    vertex -3.001931414033777 10.99903491716677 -37.43790759635026
  endloop
endfacet
facet normal -0.132313 0.399467 0.907149
  outer loop
    vertex -4.04207064481473 11.88601653328918 -37.98020486705394
    vertex -4.012702256823568 9.608611729651859 -36.97305567399453
    vertex -3.001931414033777 10.99903491716677 -37.43790759635026
  endloop
endfacet
facet normal -0.165826 0.397062 0.902687
  outer loop
    vertex -4.04207064481473 11.88601653328918 -37.98020486705394
    vertex -5.047653763842797 10.48156104310846 -37.54716076334552
    vertex -4.012702256823568 9.608611729651859 -36.97305567399453
  endloop
endfacet
facet normal -0.143121 0.405828 0.902674
  outer loop
    vertex -3.001931414033777 10.99903491716677 -37.43790759635026
    vertex -4.012702256823568 9.608611729651859 -36.97305567399453
    vertex -2.975152543807333 8.729440884912584 -36.41328780304981
  endloop
endfacet
facet normal 0.143121 0.405828 0.902674
  outer loop
    vertex 2.975152543807363 8.729440884912584 -36.41328780304981
    vertex 4.012702256825685 9.608611729656223 -36.97305567399681
    vertex 3.001931414033791 10.99903491716677 -37.43790759635026
  endloop
endfacet
facet normal 0.132313 0.399467 0.907149
  outer loop
    vertex 4.012702256825685 9.608611729656223 -36.97305567399681
    vertex 4.042070644816834 11.88601653329355 -37.98020486705621
    vertex 3.001931414033791 10.99903491716677 -37.43790759635026
  endloop
endfacet
facet normal 0.165826 0.397062 0.902687
  outer loop
    vertex 4.012702256825685 9.608611729656223 -36.97305567399681
    vertex 5.047653763846997 10.48156104311718 -37.54716076335007
    vertex 4.042070644816834 11.88601653329355 -37.98020486705621
  endloop
endfacet
facet normal 0.119648 0.411971 0.903307
  outer loop
    vertex 3.001931414033791 10.99903491716677 -37.43790759635026
    vertex 4.042070644816834 11.88601653329355 -37.98020486705621
    vertex 3.027291314393816 13.26342986358108 -38.47398745568788
  endloop
endfacet
facet normal -0.387827 0.137932 0.911353
  outer loop
    vertex -8.75 3.982006280520188 -36.59714403180266
    vertex -9.858125564020963 3.194753444298831 -36.94955781978036
    vertex -8.75 2.000742298142956 -36.29728239276029
  endloop
endfacet
facet normal -0.430077 0.0915038 0.898143
  outer loop
    vertex -9.858125564020963 3.194753444298831 -36.94955781978036
    vertex -9.858484356368843 1.201787177460939 -36.74668387253087
    vertex -8.75 2.000742298142956 -36.29728239276029
  endloop
endfacet
facet normal -0.400162 0.0928811 0.911726
  outer loop
    vertex -9.858125564020963 3.194753444298831 -36.94955781978036
    vertex -10.94639781611429 2.401066683468821 -37.34635064103878
    vertex -9.858484356368843 1.201787177460939 -36.74668387253087
  endloop
endfacet
facet normal -0.405076 0.0484613 0.912998
  outer loop
    vertex -8.75 2.000742298142956 -36.29728239276029
    vertex -9.858484356368843 1.201787177460939 -36.74668387253087
    vertex -8.75 1.071565949253934e-15 -36.19108431291425
  endloop
endfacet
facet normal 0.425066 0.0479779 0.90389
  outer loop
    vertex 8.75 0 -36.19108431291425
    vertex 11.17726183795395 0 -37.33253588430107
    vertex 8.75 2.000742298142955 -36.29728239276029
  endloop
endfacet
facet normal 0.41831 0.0379064 0.907513
  outer loop
    vertex 11.17726183795395 0 -37.33253588430107
    vertex 11.22286756668722 1.999126878474174 -37.43705998686103
    vertex 8.75 2.000742298142955 -36.29728239276029
  endloop
endfacet
facet normal 0.425256 0.0375796 0.904293
  outer loop
    vertex 11.17726183795395 0 -37.33253588430107
    vertex 13.60452367590791 0 -38.47398745568788
    vertex 11.22286756668722 1.999126878474174 -37.43705998686103
  endloop
endfacet
facet normal 0.414765 0.136166 0.899683
  outer loop
    vertex 8.75 2.000742298142955 -36.29728239276029
    vertex 11.22286756668722 1.999126878474174 -37.43705998686103
    vertex 8.75 3.982006280520186 -36.59714403180266
  endloop
endfacet
facet normal 0.405627 0.141935 0.902951
  outer loop
    vertex 12.2572522946344 5.902781601416272 -38.47398745568788
    vertex 10.5037350415985 4.942445180266783 -37.53530982926907
    vertex 13.26342986358108 3.027291314393821 -38.47398745568788
  endloop
endfacet
facet normal 0.397535 0.127461 0.908691
  outer loop
    vertex 10.5037350415985 4.942445180266783 -37.53530982926907
    vertex 11.22286756668722 1.999126878474174 -37.43705998686103
    vertex 13.26342986358108 3.027291314393821 -38.47398745568788
  endloop
endfacet
facet normal 0.411121 0.130564 0.902182
  outer loop
    vertex 10.5037350415985 4.942445180266783 -37.53530982926907
    vertex 8.75 3.982006280520186 -36.59714403180266
    vertex 11.22286756668722 1.999126878474174 -37.43705998686103
  endloop
endfacet
facet normal 0.432844 0.0487698 0.900149
  outer loop
    vertex 13.26342986358108 3.027291314393821 -38.47398745568788
    vertex 11.22286756668722 1.999126878474174 -37.43705998686103
    vertex 13.60452367590791 0 -38.47398745568788
  endloop
endfacet
facet normal 0.385801 0.242415 0.890164
  outer loop
    vertex 12.2572522946344 5.902781601416272 -38.47398745568788
    vertex 10.63644491380649 8.482281771074272 -38.47398745568788
    vertex 10.52273094269835 6.893629210055272 -37.99207201361324
  endloop
endfacet
facet normal 0.303227 0.256678 0.917698
  outer loop
    vertex 10.63644491380649 8.482281771074272 -38.47398745568788
    vertex 8.621487276585702 9.253683404191243 -38.02396140634982
    vertex 10.52273094269835 6.893629210055272 -37.99207201361324
  endloop
endfacet
facet normal 0.322148 0.322148 0.890192
  outer loop
    vertex 10.63644491380649 8.482281771074272 -38.47398745568788
    vertex 8.482281771074268 10.63644491380649 -38.47398745568788
    vertex 8.621487276585702 9.253683404191243 -38.02396140634982
  endloop
endfacet
facet normal 0.354534 0.297588 0.886424
  outer loop
    vertex 10.52273094269835 6.893629210055272 -37.99207201361324
    vertex 8.621487276585702 9.253683404191243 -38.02396140634982
    vertex 8.75 7.859445032514662 -37.60729138347779
  endloop
endfacet
facet normal -0.322148 0.322148 0.890192
  outer loop
    vertex -8.482281771074268 10.63644491380649 -38.47398745568788
    vertex -10.63644491380649 8.48228177107427 -38.47398745568788
    vertex -8.621487276585704 9.253683404191241 -38.02396140634982
  endloop
endfacet
facet normal -0.303227 0.256678 0.917698
  outer loop
    vertex -10.63644491380649 8.48228177107427 -38.47398745568788
    vertex -10.52273094269835 6.893629210055272 -37.99207201361324
    vertex -8.621487276585704 9.253683404191241 -38.02396140634982
  endloop
endfacet
facet normal -0.385801 0.242415 0.890164
  outer loop
    vertex -10.63644491380649 8.48228177107427 -38.47398745568788
    vertex -12.2572522946344 5.902781601416271 -38.47398745568788
    vertex -10.52273094269835 6.893629210055272 -37.99207201361324
  endloop
endfacet
facet normal -0.354534 0.297588 0.886424
  outer loop
    vertex -8.621487276585704 9.253683404191241 -38.02396140634982
    vertex -10.52273094269835 6.893629210055272 -37.99207201361324
    vertex -8.75 7.859445032514662 -37.60729138347779
  endloop
endfacet
facet normal -0.0467795 0.415179 0.908536
  outer loop
    vertex -3.027291314393818 13.26342986358108 -38.47398745568788
    vertex -3.001931414033777 10.99903491716677 -37.43790759635026
    vertex -2.187774266128955e-15 13.60452367590791 -38.47398745568788
  endloop
endfacet
facet normal -0.056441 0.424394 0.903717
  outer loop
    vertex -3.001931414033777 10.99903491716677 -37.43790759635026
    vertex 0.02624843740613934 11.07196208751439 -37.2830319334125
    vertex -2.187774266128955e-15 13.60452367590791 -38.47398745568788
  endloop
endfacet
facet normal -0.0564333 0.410258 0.910222
  outer loop
    vertex -3.001931414033777 10.99903491716677 -37.43790759635026
    vertex -2.975152543807333 8.729440884912584 -36.41328780304981
    vertex 0.02624843740613934 11.07196208751439 -37.2830319334125
  endloop
endfacet
facet normal 0.0479389 0.425469 0.903702
  outer loop
    vertex -2.187774266128955e-15 13.60452367590791 -38.47398745568788
    vertex 0.02624843740613934 11.07196208751439 -37.2830319334125
    vertex 3.027291314393816 13.26342986358108 -38.47398745568788
  endloop
endfacet
facet normal -0.0703623 0.425188 0.902366
  outer loop
    vertex -2.975152543807333 8.729440884912584 -36.41328780304981
    vertex 1.529008006193809e-14 8.855274311047301 -36.24059093222191
    vertex 0.02624843740613934 11.07196208751439 -37.2830319334125
  endloop
endfacet
facet normal 0.0574335 0.424302 0.903698
  outer loop
    vertex 1.529008006193809e-14 8.855274311047301 -36.24059093222191
    vertex 3.001931414033791 10.99903491716677 -37.43790759635026
    vertex 0.02624843740613934 11.07196208751439 -37.2830319334125
  endloop
endfacet
facet normal 0.0701237 0.409767 0.909491
  outer loop
    vertex 1.529008006193809e-14 8.855274311047301 -36.24059093222191
    vertex 2.975152543807363 8.729440884912584 -36.41328780304981
    vertex 3.001931414033791 10.99903491716677 -37.43790759635026
  endloop
endfacet
facet normal 0.0574297 0.414849 0.908076
  outer loop
    vertex 0.02624843740613934 11.07196208751439 -37.2830319334125
    vertex 3.001931414033791 10.99903491716677 -37.43790759635026
    vertex 3.027291314393816 13.26342986358108 -38.47398745568788
  endloop
endfacet
facet normal 1 0 0
  outer loop
    vertex 8.75 10.2870738794233 -23.39084481138562
    vertex 8.75 7.715809385173937 -25.52306061592249
    vertex 8.75 11.0966852838832 -27.72206901565333
  endloop
endfacet
facet normal 1 0 0
  outer loop
    vertex 8.75 7.715809385173937 -25.52306061592249
    vertex 8.75 8.525420789633836 -29.8542848201902
    vertex 8.75 11.0966852838832 -27.72206901565333
  endloop
endfacet
facet normal 1 0 0
  outer loop
    vertex 8.75 7.715809385173937 -25.52306061592249
    vertex 8.75 5.144544890924569 -27.65527642045936
    vertex 8.75 8.525420789633836 -29.8542848201902
  endloop
endfacet
facet normal 1 0 0
  outer loop
    vertex 8.75 11.0966852838832 -27.72206901565333
    vertex 8.75 8.525420789633836 -29.8542848201902
    vertex 8.75 11.9062966883431 -32.05329321992104
  endloop
endfacet
facet normal 1 0 0
  outer loop
    vertex 8.75 15.95314834417154 -26.4992950563643
    vertex 8.75 13.12011111179742 -24.94506993387496
    vertex 8.75 13.92972251625732 -29.27629413814267
  endloop
endfacet
facet normal 1 0 0
  outer loop
    vertex 8.75 13.12011111179742 -24.94506993387496
    vertex 8.75 11.0966852838832 -27.72206901565333
    vertex 8.75 13.92972251625732 -29.27629413814267
  endloop
endfacet
facet normal 1 0 0
  outer loop
    vertex 8.75 13.12011111179742 -24.94506993387496
    vertex 8.75 10.2870738794233 -23.39084481138562
    vertex 8.75 11.0966852838832 -27.72206901565333
  endloop
endfacet
facet normal 1 0 0
  outer loop
    vertex 8.75 13.92972251625732 -29.27629413814267
    vertex 8.75 11.0966852838832 -27.72206901565333
    vertex 8.75 11.9062966883431 -32.05329321992104
  endloop
endfacet
facet normal 1 0 0
  outer loop
    vertex 8.75 11.9062966883431 -32.05329321992104
    vertex 8.75 8.525420789633836 -29.8542848201902
    vertex 8.75 9.249697646130642 -32.49173185359265
  endloop
endfacet
facet normal 1 0 0
  outer loop
    vertex 8.75 8.525420789633836 -29.8542848201902
    vertex 8.75 5.868821747421377 -30.29272345386181
    vertex 8.75 9.249697646130642 -32.49173185359265
  endloop
endfacet
facet normal 1 0 0
  outer loop
    vertex 8.75 8.525420789633836 -29.8542848201902
    vertex 8.75 5.144544890924569 -27.65527642045936
    vertex 8.75 5.868821747421377 -30.29272345386181
  endloop
endfacet
facet normal 1 0 0
  outer loop
    vertex 8.75 9.249697646130642 -32.49173185359265
    vertex 8.75 5.868821747421377 -30.29272345386181
    vertex 8.75 6.593098603918183 -32.93017048726425
  endloop
endfacet
facet normal 1 0 0
  outer loop
    vertex 8.75 20 -20.94529689280753
    vertex 8.75 17.47390573990467 -19.99841283480167
    vertex 8.75 17.97657417208577 -23.72229597458591
  endloop
endfacet
facet normal 1 0 0
  outer loop
    vertex 8.75 17.47390573990467 -19.99841283480167
    vertex 8.75 15.45047991199044 -22.77541191658006
    vertex 8.75 17.97657417208577 -23.72229597458591
  endloop
endfacet
facet normal 1 0 0
  outer loop
    vertex 8.75 17.47390573990467 -19.99841283480167
    vertex 8.75 14.94781147980935 -19.05152877679582
    vertex 8.75 15.45047991199044 -22.77541191658006
  endloop
endfacet
facet normal 1 0 0
  outer loop
    vertex 8.75 17.97657417208577 -23.72229597458591
    vertex 8.75 15.45047991199044 -22.77541191658006
    vertex 8.75 15.95314834417154 -26.4992950563643
  endloop
endfacet
facet normal 1 0 0
  outer loop
    vertex 8.75 14.94781147980935 -19.05152877679582
    vertex 8.75 12.61744267961632 -21.22118679409072
    vertex 8.75 15.45047991199044 -22.77541191658006
  endloop
endfacet
facet normal 1 0 0
  outer loop
    vertex 8.75 12.61744267961632 -21.22118679409072
    vertex 8.75 13.12011111179742 -24.94506993387496
    vertex 8.75 15.45047991199044 -22.77541191658006
  endloop
endfacet
facet normal 1 0 0
  outer loop
    vertex 8.75 12.61744267961632 -21.22118679409072
    vertex 8.75 10.2870738794233 -23.39084481138562
    vertex 8.75 13.12011111179742 -24.94506993387496
  endloop
endfacet
facet normal 1 0 0
  outer loop
    vertex 8.75 15.45047991199044 -22.77541191658006
    vertex 8.75 13.12011111179742 -24.94506993387496
    vertex 8.75 15.95314834417154 -26.4992950563643
  endloop
endfacet
facet normal 1 0 0
  outer loop
    vertex 8.75 9.978828485518239 -8.633960522951595
    vertex 8.75 9.984256818716865 -12.358466457998
    vertex 8.75 12.48715358602742 -10.59310493749962
  endloop
endfacet
facet normal 1 -0 0
  outer loop
    vertex 8.75 9.984256818716865 -12.358466457998
    vertex 8.75 12.49258191922605 -14.31761087254602
    vertex 8.75 12.48715358602742 -10.59310493749962
  endloop
endfacet
facet normal 1 0 0
  outer loop
    vertex 8.75 9.984256818716865 -12.358466457998
    vertex 8.75 9.98968515191549 -16.0829723930444
    vertex 8.75 12.49258191922605 -14.31761087254602
  endloop
endfacet
facet normal 1 0 0
  outer loop
    vertex 8.75 12.48715358602742 -10.59310493749962
    vertex 8.75 12.49258191922605 -14.31761087254602
    vertex 8.75 14.9954786865366 -12.55224935204764
  endloop
endfacet
facet normal 1 -0 0
  outer loop
    vertex 8.75 4.846234487689077 -13.06973808391986
    vertex 8.75 7.417959819802284 -14.57635523848213
    vertex 8.75 7.412531486603659 -10.85184930343573
  endloop
endfacet
facet normal 1 0 -0
  outer loop
    vertex 8.75 7.417959819802284 -14.57635523848213
    vertex 8.75 9.984256818716865 -12.358466457998
    vertex 8.75 7.412531486603659 -10.85184930343573
  endloop
endfacet
facet normal 1 -0 0
  outer loop
    vertex 8.75 7.417959819802284 -14.57635523848213
    vertex 8.75 9.98968515191549 -16.0829723930444
    vertex 8.75 9.984256818716865 -12.358466457998
  endloop
endfacet
facet normal 1 -0 0
  outer loop
    vertex 8.75 7.412531486603659 -10.85184930343573
    vertex 8.75 9.984256818716865 -12.358466457998
    vertex 8.75 9.978828485518239 -8.633960522951595
  endloop
endfacet
facet normal 1 0 0
  outer loop
    vertex 8.75 0 -36.19108431291425
    vertex 8.75 1.457498008564643 -34.43966600314066
    vertex 8.75 0 -32.87197588162282
  endloop
endfacet
facet normal 1 0 -0
  outer loop
    vertex 8.75 1.457498008564643 -34.43966600314066
    vertex 8.75 1.457498008564643 -31.12055757184924
    vertex 8.75 0 -32.87197588162282
  endloop
endfacet
facet normal 1 0 0
  outer loop
    vertex 8.75 1.457498008564643 -34.43966600314066
    vertex 8.75 2.914996017129286 -32.68824769336707
    vertex 8.75 1.457498008564643 -31.12055757184924
  endloop
endfacet
facet normal 1 0 0
  outer loop
    vertex 8.75 0 -32.87197588162282
    vertex 8.75 1.457498008564643 -31.12055757184924
    vertex 8.75 0 -29.5528674503314
  endloop
endfacet
facet normal 1 0 0
  outer loop
    vertex 8.75 11.9062966883431 -32.05329321992104
    vertex 8.75 9.249697646130642 -32.49173185359265
    vertex 8.75 9.882870860428882 -34.83029230169942
  endloop
endfacet
facet normal 1 0 0
  outer loop
    vertex 8.75 9.249697646130642 -32.49173185359265
    vertex 8.75 7.226271818216423 -35.26873093537102
    vertex 8.75 9.882870860428882 -34.83029230169942
  endloop
endfacet
facet normal 1 0 0
  outer loop
    vertex 8.75 9.249697646130642 -32.49173185359265
    vertex 8.75 6.593098603918183 -32.93017048726425
    vertex 8.75 7.226271818216423 -35.26873093537102
  endloop
endfacet
facet normal 1 0 0
  outer loop
    vertex 8.75 9.882870860428882 -34.83029230169942
    vertex 8.75 7.226271818216423 -35.26873093537102
    vertex 8.75 7.859445032514662 -37.60729138347779
  endloop
endfacet
facet normal 1 0 0
  outer loop
    vertex 8.75 0 -16.27643372516569
    vertex 8.75 2.423117243844539 -14.67308590454277
    vertex 8.75 0 -12.95732529387425
  endloop
endfacet
facet normal 1 0 -0
  outer loop
    vertex 8.75 2.423117243844539 -14.67308590454277
    vertex 8.75 2.423117243844539 -11.35397747325133
    vertex 8.75 0 -12.95732529387425
  endloop
endfacet
facet normal 1 0 0
  outer loop
    vertex 8.75 2.423117243844539 -14.67308590454277
    vertex 8.75 4.846234487689077 -13.06973808391986
    vertex 8.75 2.423117243844539 -11.35397747325133
  endloop
endfacet
facet normal 1 0 0
  outer loop
    vertex 8.75 0 -12.95732529387425
    vertex 8.75 2.423117243844539 -11.35397747325133
    vertex 8.75 0 -9.638216862582812
  endloop
endfacet
facet normal 1 0 0
  outer loop
    vertex 8.75 20 -8.981765630935858
    vertex 8.75 17.4977393432683 -10.76700749149175
    vertex 8.75 20 -11.97264844640377
  endloop
endfacet
facet normal 1 0 0
  outer loop
    vertex 8.75 17.4977393432683 -10.76700749149175
    vertex 8.75 17.4977393432683 -13.75789030695966
    vertex 8.75 20 -11.97264844640377
  endloop
endfacet
facet normal 1 0 0
  outer loop
    vertex 8.75 17.4977393432683 -10.76700749149175
    vertex 8.75 14.9954786865366 -12.55224935204764
    vertex 8.75 17.4977393432683 -13.75789030695966
  endloop
endfacet
facet normal 1 0 0
  outer loop
    vertex 8.75 20 -11.97264844640377
    vertex 8.75 17.4977393432683 -13.75789030695966
    vertex 8.75 20 -14.96353126187169
  endloop
endfacet
facet normal 1 0 0
  outer loop
    vertex 8.75 20 -14.96353126187169
    vertex 8.75 17.47390573990467 -17.00753001933376
    vertex 8.75 20 -17.95441407733961
  endloop
endfacet
facet normal 1 0 0
  outer loop
    vertex 8.75 17.47390573990467 -17.00753001933376
    vertex 8.75 17.47390573990467 -19.99841283480167
    vertex 8.75 20 -17.95441407733961
  endloop
endfacet
facet normal 1 0 0
  outer loop
    vertex 8.75 17.47390573990467 -17.00753001933376
    vertex 8.75 14.94781147980935 -19.05152877679582
    vertex 8.75 17.47390573990467 -19.99841283480167
  endloop
endfacet
facet normal 1 0 0
  outer loop
    vertex 8.75 20 -17.95441407733961
    vertex 8.75 17.47390573990467 -19.99841283480167
    vertex 8.75 20 -20.94529689280753
  endloop
endfacet
facet normal 1 -0 0
  outer loop
    vertex 8.75 0 -3
    vertex 8.75 2.421376503837249 -5.417498558023354
    vertex 8.75 3.333333333333325 -3
  endloop
endfacet
facet normal 1 0 0
  outer loop
    vertex 8.75 2.421376503837249 -5.417498558023354
    vertex 8.75 5.754709837170575 -5.417498558023354
    vertex 8.75 3.333333333333325 -3
  endloop
endfacet
facet normal 1 -0 0
  outer loop
    vertex 8.75 2.421376503837249 -5.417498558023354
    vertex 8.75 4.842753007674498 -7.834997116046708
    vertex 8.75 5.754709837170575 -5.417498558023354
  endloop
endfacet
facet normal 1 -0 0
  outer loop
    vertex 8.75 3.333333333333325 -3
    vertex 8.75 5.754709837170575 -5.417498558023354
    vertex 8.75 6.666666666666651 -3
  endloop
endfacet
facet normal 1 0 0
  outer loop
    vertex 8.75 0 -9.638216862582812
    vertex 8.75 2.421376503837249 -8.73660698931476
    vertex 8.75 0 -6.319108431291404
  endloop
endfacet
facet normal 1 0 -0
  outer loop
    vertex 8.75 2.421376503837249 -8.73660698931476
    vertex 8.75 2.421376503837249 -5.417498558023354
    vertex 8.75 0 -6.319108431291404
  endloop
endfacet
facet normal 1 0 0
  outer loop
    vertex 8.75 2.421376503837249 -8.73660698931476
    vertex 8.75 4.842753007674498 -7.834997116046708
    vertex 8.75 2.421376503837249 -5.417498558023354
  endloop
endfacet
facet normal 1 0 0
  outer loop
    vertex 8.75 0 -6.319108431291404
    vertex 8.75 2.421376503837249 -5.417498558023354
    vertex 8.75 0 -3
  endloop
endfacet
facet normal 1 -0 0
  outer loop
    vertex 8.75 6.666666666666651 -3
    vertex 8.75 8.322747576092446 -5.816980261475798
    vertex 8.75 9.999999999999973 -3
  endloop
endfacet
facet normal 1 0 0
  outer loop
    vertex 8.75 8.322747576092446 -5.816980261475798
    vertex 8.75 11.65608090942577 -5.816980261475798
    vertex 8.75 9.999999999999973 -3
  endloop
endfacet
facet normal 1 -0 0
  outer loop
    vertex 8.75 8.322747576092446 -5.816980261475798
    vertex 8.75 9.978828485518239 -8.633960522951595
    vertex 8.75 11.65608090942577 -5.816980261475798
  endloop
endfacet
facet normal 1 -0 0
  outer loop
    vertex 8.75 9.999999999999973 -3
    vertex 8.75 11.65608090942577 -5.816980261475798
    vertex 8.75 13.33333333333329 -3
  endloop
endfacet
facet normal 1 -0 0
  outer loop
    vertex 8.75 0 -16.27643372516569
    vertex 8.75 2.441341946258185 -18.03797326816578
    vertex 8.75 2.423117243844539 -14.67308590454277
  endloop
endfacet
facet normal 1 0 -0
  outer loop
    vertex 8.75 2.441341946258185 -18.03797326816578
    vertex 8.75 4.864459190102724 -16.43462544754286
    vertex 8.75 2.423117243844539 -14.67308590454277
  endloop
endfacet
facet normal 1 -0 0
  outer loop
    vertex 8.75 2.441341946258185 -18.03797326816578
    vertex 8.75 4.88268389251637 -19.79951281116586
    vertex 8.75 4.864459190102724 -16.43462544754286
  endloop
endfacet
facet normal 1 -0 0
  outer loop
    vertex 8.75 2.423117243844539 -14.67308590454277
    vertex 8.75 4.864459190102724 -16.43462544754286
    vertex 8.75 4.846234487689077 -13.06973808391986
  endloop
endfacet
facet normal 1 0 0
  outer loop
    vertex 8.75 7.859445032514662 -37.60729138347779
    vertex 8.75 7.226271818216423 -35.26873093537102
    vertex 8.75 5.934690032647713 -37.04825637119421
  endloop
endfacet
facet normal 1 0 0
  outer loop
    vertex 8.75 7.226271818216423 -35.26873093537102
    vertex 8.75 5.287552442219185 -34.76365725953346
    vertex 8.75 5.934690032647713 -37.04825637119421
  endloop
endfacet
facet normal 1 0 0
  outer loop
    vertex 8.75 7.226271818216423 -35.26873093537102
    vertex 8.75 6.593098603918183 -32.93017048726425
    vertex 8.75 5.287552442219185 -34.76365725953346
  endloop
endfacet
facet normal 1 0 0
  outer loop
    vertex 8.75 5.934690032647713 -37.04825637119421
    vertex 8.75 5.287552442219185 -34.76365725953346
    vertex 8.75 3.982006280520186 -36.59714403180266
  endloop
endfacet
facet normal 1 0 0
  outer loop
    vertex 8.75 14.94781147980935 -19.05152877679582
    vertex 8.75 12.46874831586242 -17.56725058492011
    vertex 8.75 12.61744267961632 -21.22118679409072
  endloop
endfacet
facet normal 1 0 0
  outer loop
    vertex 8.75 12.46874831586242 -17.56725058492011
    vertex 8.75 10.1383795156694 -19.73690860221501
    vertex 8.75 12.61744267961632 -21.22118679409072
  endloop
endfacet
facet normal 1 0 0
  outer loop
    vertex 8.75 12.46874831586242 -17.56725058492011
    vertex 8.75 9.98968515191549 -16.0829723930444
    vertex 8.75 10.1383795156694 -19.73690860221501
  endloop
endfacet
facet normal 1 0 0
  outer loop
    vertex 8.75 12.61744267961632 -21.22118679409072
    vertex 8.75 10.1383795156694 -19.73690860221501
    vertex 8.75 10.2870738794233 -23.39084481138562
  endloop
endfacet
facet normal 1 0 0
  outer loop
    vertex 8.75 5.144544890924569 -27.65527642045936
    vertex 8.75 4.029770454026928 -30.17176205691322
    vertex 8.75 5.868821747421377 -30.29272345386181
  endloop
endfacet
facet normal 1 0 0
  outer loop
    vertex 8.75 4.029770454026928 -30.17176205691322
    vertex 8.75 4.754047310523735 -32.80920909031566
    vertex 8.75 5.868821747421377 -30.29272345386181
  endloop
endfacet
facet normal 1 0 0
  outer loop
    vertex 8.75 4.029770454026928 -30.17176205691322
    vertex 8.75 2.914996017129286 -32.68824769336707
    vertex 8.75 4.754047310523735 -32.80920909031566
  endloop
endfacet
facet normal 1 0 0
  outer loop
    vertex 8.75 5.868821747421377 -30.29272345386181
    vertex 8.75 4.754047310523735 -32.80920909031566
    vertex 8.75 6.593098603918183 -32.93017048726425
  endloop
endfacet
facet normal 1 -0 0
  outer loop
    vertex 8.75 13.33333333333329 -3
    vertex 8.75 14.49743071720546 -5.116797550593509
    vertex 8.75 16.66666666666665 -3
  endloop
endfacet
facet normal 1 0 0
  outer loop
    vertex 8.75 14.49743071720546 -5.116797550593509
    vertex 8.75 17.83076405053881 -5.116797550593509
    vertex 8.75 16.66666666666665 -3
  endloop
endfacet
facet normal 1 -0 0
  outer loop
    vertex 8.75 14.49743071720546 -5.116797550593509
    vertex 8.75 15.66152810107763 -7.233595101187017
    vertex 8.75 17.83076405053881 -5.116797550593509
  endloop
endfacet
facet normal 1 -0 0
  outer loop
    vertex 8.75 16.66666666666665 -3
    vertex 8.75 17.83076405053881 -5.116797550593509
    vertex 8.75 20 -3
  endloop
endfacet
facet normal 1 0 0
  outer loop
    vertex 8.75 14.9954786865366 -12.55224935204764
    vertex 8.75 12.49258191922605 -14.31761087254602
    vertex 8.75 14.97164508317297 -15.80188906442173
  endloop
endfacet
facet normal 1 0 0
  outer loop
    vertex 8.75 12.49258191922605 -14.31761087254602
    vertex 8.75 12.46874831586242 -17.56725058492011
    vertex 8.75 14.97164508317297 -15.80188906442173
  endloop
endfacet
facet normal 1 0 0
  outer loop
    vertex 8.75 12.49258191922605 -14.31761087254602
    vertex 8.75 9.98968515191549 -16.0829723930444
    vertex 8.75 12.46874831586242 -17.56725058492011
  endloop
endfacet
facet normal 1 0 0
  outer loop
    vertex 8.75 14.97164508317297 -15.80188906442173
    vertex 8.75 12.46874831586242 -17.56725058492011
    vertex 8.75 14.94781147980935 -19.05152877679582
  endloop
endfacet
facet normal 1 0 0
  outer loop
    vertex 8.75 0 -22.91465058774856
    vertex 8.75 2.441341946258185 -21.35708169945721
    vertex 8.75 0 -19.59554215645713
  endloop
endfacet
facet normal 1 0 -0
  outer loop
    vertex 8.75 2.441341946258185 -21.35708169945721
    vertex 8.75 2.441341946258185 -18.03797326816578
    vertex 8.75 0 -19.59554215645713
  endloop
endfacet
facet normal 1 0 0
  outer loop
    vertex 8.75 2.441341946258185 -21.35708169945721
    vertex 8.75 4.88268389251637 -19.79951281116586
    vertex 8.75 2.441341946258185 -18.03797326816578
  endloop
endfacet
facet normal 1 0 0
  outer loop
    vertex 8.75 0 -19.59554215645713
    vertex 8.75 2.441341946258185 -18.03797326816578
    vertex 8.75 0 -16.27643372516569
  endloop
endfacet
facet normal 1 0 0
  outer loop
    vertex 8.75 20 -3
    vertex 8.75 17.83076405053881 -5.116797550593509
    vertex 8.75 20 -5.990882815467929
  endloop
endfacet
facet normal 1 0 0
  outer loop
    vertex 8.75 17.83076405053881 -5.116797550593509
    vertex 8.75 17.83076405053881 -8.107680366061437
    vertex 8.75 20 -5.990882815467929
  endloop
endfacet
facet normal 1 0 0
  outer loop
    vertex 8.75 17.83076405053881 -5.116797550593509
    vertex 8.75 15.66152810107763 -7.233595101187017
    vertex 8.75 17.83076405053881 -8.107680366061437
  endloop
endfacet
facet normal 1 0 0
  outer loop
    vertex 8.75 20 -5.990882815467929
    vertex 8.75 17.83076405053881 -8.107680366061437
    vertex 8.75 20 -8.981765630935858
  endloop
endfacet
facet normal 1 0 0
  outer loop
    vertex 8.75 0 -29.5528674503314
    vertex 8.75 2.572272445462285 -28.60407193539538
    vertex 8.75 0 -26.23375901903998
  endloop
endfacet
facet normal 1 0 -0
  outer loop
    vertex 8.75 2.572272445462285 -28.60407193539538
    vertex 8.75 2.572272445462286 -25.28496350410396
    vertex 8.75 0 -26.23375901903998
  endloop
endfacet
facet normal 1 0 0
  outer loop
    vertex 8.75 2.572272445462285 -28.60407193539538
    vertex 8.75 5.144544890924569 -27.65527642045936
    vertex 8.75 2.572272445462286 -25.28496350410396
  endloop
endfacet
facet normal 1 0 0
  outer loop
    vertex 8.75 0 -26.23375901903998
    vertex 8.75 2.572272445462286 -25.28496350410396
    vertex 8.75 0 -22.91465058774856
  endloop
endfacet
facet normal 1 0 0
  outer loop
    vertex 8.75 20 -14.96353126187169
    vertex 8.75 17.4977393432683 -13.75789030695966
    vertex 8.75 17.47390573990467 -17.00753001933376
  endloop
endfacet
facet normal 1 0 0
  outer loop
    vertex 8.75 17.4977393432683 -13.75789030695966
    vertex 8.75 14.97164508317297 -15.80188906442173
    vertex 8.75 17.47390573990467 -17.00753001933376
  endloop
endfacet
facet normal 1 0 0
  outer loop
    vertex 8.75 17.4977393432683 -13.75789030695966
    vertex 8.75 14.9954786865366 -12.55224935204764
    vertex 8.75 14.97164508317297 -15.80188906442173
  endloop
endfacet
facet normal 1 0 0
  outer loop
    vertex 8.75 17.47390573990467 -17.00753001933376
    vertex 8.75 14.97164508317297 -15.80188906442173
    vertex 8.75 14.94781147980935 -19.05152877679582
  endloop
endfacet
facet normal 1 -0 0
  outer loop
    vertex 8.75 0 -29.5528674503314
    vertex 8.75 1.457498008564643 -31.12055757184924
    vertex 8.75 2.572272445462285 -28.60407193539538
  endloop
endfacet
facet normal 1 0 0
  outer loop
    vertex 8.75 1.457498008564643 -31.12055757184924
    vertex 8.75 4.029770454026928 -30.17176205691322
    vertex 8.75 2.572272445462285 -28.60407193539538
  endloop
endfacet
facet normal 1 -0 0
  outer loop
    vertex 8.75 1.457498008564643 -31.12055757184924
    vertex 8.75 2.914996017129286 -32.68824769336707
    vertex 8.75 4.029770454026928 -30.17176205691322
  endloop
endfacet
facet normal 1 -0 0
  outer loop
    vertex 8.75 2.572272445462285 -28.60407193539538
    vertex 8.75 4.029770454026928 -30.17176205691322
    vertex 8.75 5.144544890924569 -27.65527642045936
  endloop
endfacet
facet normal 1 -0 0
  outer loop
    vertex 8.75 0 -22.91465058774856
    vertex 8.75 2.572272445462286 -25.28496350410396
    vertex 8.75 2.441341946258185 -21.35708169945721
  endloop
endfacet
facet normal 1 0 -0
  outer loop
    vertex 8.75 2.572272445462286 -25.28496350410396
    vertex 8.75 5.01361439172047 -23.72739461581261
    vertex 8.75 2.441341946258185 -21.35708169945721
  endloop
endfacet
facet normal 1 -0 0
  outer loop
    vertex 8.75 2.572272445462286 -25.28496350410396
    vertex 8.75 5.144544890924569 -27.65527642045936
    vertex 8.75 5.01361439172047 -23.72739461581261
  endloop
endfacet
facet normal 1 -0 0
  outer loop
    vertex 8.75 2.441341946258185 -21.35708169945721
    vertex 8.75 5.01361439172047 -23.72739461581261
    vertex 8.75 4.88268389251637 -19.79951281116586
  endloop
endfacet
facet normal 1 0 0
  outer loop
    vertex 8.75 4.88268389251637 -19.79951281116586
    vertex 8.75 5.01361439172047 -23.72739461581261
    vertex 8.75 7.584878885969837 -21.59517881127574
  endloop
endfacet
facet normal 1 -0 0
  outer loop
    vertex 8.75 5.01361439172047 -23.72739461581261
    vertex 8.75 7.715809385173937 -25.52306061592249
    vertex 8.75 7.584878885969837 -21.59517881127574
  endloop
endfacet
facet normal 1 0 0
  outer loop
    vertex 8.75 5.01361439172047 -23.72739461581261
    vertex 8.75 5.144544890924569 -27.65527642045936
    vertex 8.75 7.715809385173937 -25.52306061592249
  endloop
endfacet
facet normal 1 0 0
  outer loop
    vertex 8.75 7.584878885969837 -21.59517881127574
    vertex 8.75 7.715809385173937 -25.52306061592249
    vertex 8.75 10.2870738794233 -23.39084481138562
  endloop
endfacet
facet normal 1 0 -0
  outer loop
    vertex 8.75 4.88268389251637 -19.79951281116586
    vertex 8.75 7.43618452221593 -17.94124260210513
    vertex 8.75 4.864459190102724 -16.43462544754286
  endloop
endfacet
facet normal 1 0 0
  outer loop
    vertex 8.75 7.43618452221593 -17.94124260210513
    vertex 8.75 7.417959819802284 -14.57635523848213
    vertex 8.75 4.864459190102724 -16.43462544754286
  endloop
endfacet
facet normal 1 0 -0
  outer loop
    vertex 8.75 7.43618452221593 -17.94124260210513
    vertex 8.75 9.98968515191549 -16.0829723930444
    vertex 8.75 7.417959819802284 -14.57635523848213
  endloop
endfacet
facet normal 1 0 -0
  outer loop
    vertex 8.75 4.864459190102724 -16.43462544754286
    vertex 8.75 7.417959819802284 -14.57635523848213
    vertex 8.75 4.846234487689077 -13.06973808391986
  endloop
endfacet
facet normal 1 0 0
  outer loop
    vertex 8.75 4.846234487689077 -13.06973808391986
    vertex 8.75 4.844493747681788 -10.45236759998328
    vertex 8.75 2.423117243844539 -11.35397747325133
  endloop
endfacet
facet normal 1 0 0
  outer loop
    vertex 8.75 4.844493747681788 -10.45236759998328
    vertex 8.75 2.421376503837249 -8.73660698931476
    vertex 8.75 2.423117243844539 -11.35397747325133
  endloop
endfacet
facet normal 1 0 0
  outer loop
    vertex 8.75 4.844493747681788 -10.45236759998328
    vertex 8.75 4.842753007674498 -7.834997116046708
    vertex 8.75 2.421376503837249 -8.73660698931476
  endloop
endfacet
facet normal 1 0 0
  outer loop
    vertex 8.75 2.423117243844539 -11.35397747325133
    vertex 8.75 2.421376503837249 -8.73660698931476
    vertex 8.75 0 -9.638216862582812
  endloop
endfacet
facet normal 1 0 0
  outer loop
    vertex 8.75 10.2870738794233 -23.39084481138562
    vertex 8.75 10.1383795156694 -19.73690860221501
    vertex 8.75 7.584878885969837 -21.59517881127574
  endloop
endfacet
facet normal 1 0 0
  outer loop
    vertex 8.75 10.1383795156694 -19.73690860221501
    vertex 8.75 7.43618452221593 -17.94124260210513
    vertex 8.75 7.584878885969837 -21.59517881127574
  endloop
endfacet
facet normal 1 0 0
  outer loop
    vertex 8.75 10.1383795156694 -19.73690860221501
    vertex 8.75 9.98968515191549 -16.0829723930444
    vertex 8.75 7.43618452221593 -17.94124260210513
  endloop
endfacet
facet normal 1 0 0
  outer loop
    vertex 8.75 7.584878885969837 -21.59517881127574
    vertex 8.75 7.43618452221593 -17.94124260210513
    vertex 8.75 4.88268389251637 -19.79951281116586
  endloop
endfacet
facet normal 1 0 0
  outer loop
    vertex 8.75 9.978828485518239 -8.633960522951595
    vertex 8.75 7.410790746596369 -8.234478819499152
    vertex 8.75 7.412531486603659 -10.85184930343573
  endloop
endfacet
facet normal 1 0 0
  outer loop
    vertex 8.75 7.410790746596369 -8.234478819499152
    vertex 8.75 4.844493747681788 -10.45236759998328
    vertex 8.75 7.412531486603659 -10.85184930343573
  endloop
endfacet
facet normal 1 0 0
  outer loop
    vertex 8.75 7.410790746596369 -8.234478819499152
    vertex 8.75 4.842753007674498 -7.834997116046708
    vertex 8.75 4.844493747681788 -10.45236759998328
  endloop
endfacet
facet normal 1 0 0
  outer loop
    vertex 8.75 7.412531486603659 -10.85184930343573
    vertex 8.75 4.844493747681788 -10.45236759998328
    vertex 8.75 4.846234487689077 -13.06973808391986
  endloop
endfacet
facet normal 1 0 0
  outer loop
    vertex 8.75 9.978828485518239 -8.633960522951595
    vertex 8.75 12.82017829329793 -7.933777812069305
    vertex 8.75 11.65608090942577 -5.816980261475798
  endloop
endfacet
facet normal 1 0 -0
  outer loop
    vertex 8.75 12.82017829329793 -7.933777812069305
    vertex 8.75 14.49743071720546 -5.116797550593509
    vertex 8.75 11.65608090942577 -5.816980261475798
  endloop
endfacet
facet normal 1 0 0
  outer loop
    vertex 8.75 12.82017829329793 -7.933777812069305
    vertex 8.75 15.66152810107763 -7.233595101187017
    vertex 8.75 14.49743071720546 -5.116797550593509
  endloop
endfacet
facet normal 1 0 0
  outer loop
    vertex 8.75 11.65608090942577 -5.816980261475798
    vertex 8.75 14.49743071720546 -5.116797550593509
    vertex 8.75 13.33333333333329 -3
  endloop
endfacet
facet normal 1 0 0
  outer loop
    vertex 8.75 6.666666666666651 -3
    vertex 8.75 5.754709837170575 -5.417498558023354
    vertex 8.75 8.322747576092446 -5.816980261475798
  endloop
endfacet
facet normal 1 0 0
  outer loop
    vertex 8.75 5.754709837170575 -5.417498558023354
    vertex 8.75 7.410790746596369 -8.234478819499152
    vertex 8.75 8.322747576092446 -5.816980261475798
  endloop
endfacet
facet normal 1 0 0
  outer loop
    vertex 8.75 5.754709837170575 -5.417498558023354
    vertex 8.75 4.842753007674498 -7.834997116046708
    vertex 8.75 7.410790746596369 -8.234478819499152
  endloop
endfacet
facet normal 1 0 0
  outer loop
    vertex 8.75 8.322747576092446 -5.816980261475798
    vertex 8.75 7.410790746596369 -8.234478819499152
    vertex 8.75 9.978828485518239 -8.633960522951595
  endloop
endfacet
facet normal 1 0 0
  outer loop
    vertex 8.75 3.982006280520186 -36.59714403180266
    vertex 8.75 3.448501148824736 -34.64269586258487
    vertex 8.75 2.000742298142955 -36.29728239276029
  endloop
endfacet
facet normal 1 0 0
  outer loop
    vertex 8.75 3.448501148824736 -34.64269586258487
    vertex 8.75 1.457498008564643 -34.43966600314066
    vertex 8.75 2.000742298142955 -36.29728239276029
  endloop
endfacet
facet normal 1 0 0
  outer loop
    vertex 8.75 3.448501148824736 -34.64269586258487
    vertex 8.75 2.914996017129286 -32.68824769336707
    vertex 8.75 1.457498008564643 -34.43966600314066
  endloop
endfacet
facet normal 1 0 0
  outer loop
    vertex 8.75 2.000742298142955 -36.29728239276029
    vertex 8.75 1.457498008564643 -34.43966600314066
    vertex 8.75 0 -36.19108431291425
  endloop
endfacet
facet normal 1 0 -0
  outer loop
    vertex 8.75 14.9954786865366 -12.55224935204764
    vertex 8.75 15.32850339380711 -9.892922226617326
    vertex 8.75 12.48715358602742 -10.59310493749962
  endloop
endfacet
facet normal 1 0 0
  outer loop
    vertex 8.75 15.32850339380711 -9.892922226617326
    vertex 8.75 12.82017829329793 -7.933777812069305
    vertex 8.75 12.48715358602742 -10.59310493749962
  endloop
endfacet
facet normal 1 0 -0
  outer loop
    vertex 8.75 15.32850339380711 -9.892922226617326
    vertex 8.75 15.66152810107763 -7.233595101187017
    vertex 8.75 12.82017829329793 -7.933777812069305
  endloop
endfacet
facet normal 1 0 -0
  outer loop
    vertex 8.75 12.48715358602742 -10.59310493749962
    vertex 8.75 12.82017829329793 -7.933777812069305
    vertex 8.75 9.978828485518239 -8.633960522951595
  endloop
endfacet
facet normal 1 0 0
  outer loop
    vertex 8.75 20 -8.981765630935858
    vertex 8.75 17.83076405053881 -8.107680366061437
    vertex 8.75 17.4977393432683 -10.76700749149175
  endloop
endfacet
facet normal 1 0 0
  outer loop
    vertex 8.75 17.83076405053881 -8.107680366061437
    vertex 8.75 15.32850339380711 -9.892922226617326
    vertex 8.75 17.4977393432683 -10.76700749149175
  endloop
endfacet
facet normal 1 0 0
  outer loop
    vertex 8.75 17.83076405053881 -8.107680366061437
    vertex 8.75 15.66152810107763 -7.233595101187017
    vertex 8.75 15.32850339380711 -9.892922226617326
  endloop
endfacet
facet normal 1 0 0
  outer loop
    vertex 8.75 17.4977393432683 -10.76700749149175
    vertex 8.75 15.32850339380711 -9.892922226617326
    vertex 8.75 14.9954786865366 -12.55224935204764
  endloop
endfacet
facet normal 1 0 0
  outer loop
    vertex 8.75 6.593098603918183 -32.93017048726425
    vertex 8.75 4.754047310523735 -32.80920909031566
    vertex 8.75 5.287552442219185 -34.76365725953346
  endloop
endfacet
facet normal 1 0 0
  outer loop
    vertex 8.75 4.754047310523735 -32.80920909031566
    vertex 8.75 3.448501148824736 -34.64269586258487
    vertex 8.75 5.287552442219185 -34.76365725953346
  endloop
endfacet
facet normal 1 0 0
  outer loop
    vertex 8.75 4.754047310523735 -32.80920909031566
    vertex 8.75 2.914996017129286 -32.68824769336707
    vertex 8.75 3.448501148824736 -34.64269586258487
  endloop
endfacet
facet normal 1 0 0
  outer loop
    vertex 8.75 5.287552442219185 -34.76365725953346
    vertex 8.75 3.448501148824736 -34.64269586258487
    vertex 8.75 3.982006280520186 -36.59714403180266
  endloop
endfacet
facet normal -0 0 -1
  outer loop
    vertex 11.75 23 -3
    vertex 10.25 21.5 -3
    vertex 8.812499999999986 23 -3
  endloop
endfacet
facet normal 0 0 -1
  outer loop
    vertex 10.25 21.5 -3
    vertex 7.312499999999986 21.5 -3
    vertex 8.812499999999986 23 -3
  endloop
endfacet
facet normal -0 0 -1
  outer loop
    vertex 10.25 21.5 -3
    vertex 8.75 20 -3
    vertex 7.312499999999986 21.5 -3
  endloop
endfacet
facet normal -0 0 -1
  outer loop
    vertex 8.812499999999986 23 -3
    vertex 7.312499999999986 21.5 -3
    vertex 5.874999999999972 23 -3
  endloop
endfacet
facet normal 0 0 -1
  outer loop
    vertex -11.75 23 -3
    vertex -8.812500000000007 23 -3
    vertex -10.25 21.5 -3
  endloop
endfacet
facet normal 0 -0 -1
  outer loop
    vertex -8.812500000000007 23 -3
    vertex -7.312500000000008 21.5 -3
    vertex -10.25 21.5 -3
  endloop
endfacet
facet normal 0 0 -1
  outer loop
    vertex -8.812500000000007 23 -3
    vertex -5.875000000000016 23 -3
    vertex -7.312500000000008 21.5 -3
  endloop
endfacet
facet normal 0 0 -1
  outer loop
    vertex -10.25 21.5 -3
    vertex -7.312500000000008 21.5 -3
    vertex -8.75 20 -3
  endloop
endfacet
facet normal 0 -0 -1
  outer loop
    vertex -5.875000000000016 23 -3
    vertex -4.395833333333341 21.5 -3
    vertex -7.312500000000008 21.5 -3
  endloop
endfacet
facet normal -0 0 -1
  outer loop
    vertex -4.395833333333341 21.5 -3
    vertex -5.833333333333333 20 -3
    vertex -7.312500000000008 21.5 -3
  endloop
endfacet
facet normal 0 -0 -1
  outer loop
    vertex -4.395833333333341 21.5 -3
    vertex -2.916666666666666 20 -3
    vertex -5.833333333333333 20 -3
  endloop
endfacet
facet normal 0 -0 -1
  outer loop
    vertex -7.312500000000008 21.5 -3
    vertex -5.833333333333333 20 -3
    vertex -8.75 20 -3
  endloop
endfacet
facet normal 0 0 -1
  outer loop
    vertex 8.75 20 -3
    vertex 5.833333333333336 20 -3
    vertex 7.312499999999986 21.5 -3
  endloop
endfacet
facet normal 0 0 -1
  outer loop
    vertex 5.833333333333336 20 -3
    vertex 4.395833333333321 21.5 -3
    vertex 7.312499999999986 21.5 -3
  endloop
endfacet
facet normal 0 0 -1
  outer loop
    vertex 5.833333333333336 20 -3
    vertex 2.916666666666668 20 -3
    vertex 4.395833333333321 21.5 -3
  endloop
endfacet
facet normal 0 0 -1
  outer loop
    vertex 7.312499999999986 21.5 -3
    vertex 4.395833333333321 21.5 -3
    vertex 5.874999999999972 23 -3
  endloop
endfacet
facet normal 0 0 -1
  outer loop
    vertex -2.916666666666666 20 -3
    vertex -4.395833333333341 21.5 -3
    vertex -1.458333333333352 21.5 -3
  endloop
endfacet
facet normal 0 0 -1
  outer loop
    vertex -4.395833333333341 21.5 -3
    vertex -2.937500000000027 23 -3
    vertex -1.458333333333352 21.5 -3
  endloop
endfacet
facet normal 0 0 -1
  outer loop
    vertex -4.395833333333341 21.5 -3
    vertex -5.875000000000016 23 -3
    vertex -2.937500000000027 23 -3
  endloop
endfacet
facet normal 0 0 -1
  outer loop
    vertex -1.458333333333352 21.5 -3
    vertex -2.937500000000027 23 -3
    vertex -3.730349362740526e-14 23 -3
  endloop
endfacet
facet normal 0 0 -1
  outer loop
    vertex 2.916666666666668 20 -3
    vertex 1.458333333333314 21.5 -3
    vertex 4.395833333333321 21.5 -3
  endloop
endfacet
facet normal 0 0 -1
  outer loop
    vertex 1.458333333333314 21.5 -3
    vertex 2.937499999999966 23 -3
    vertex 4.395833333333321 21.5 -3
  endloop
endfacet
facet normal 0 0 -1
  outer loop
    vertex 1.458333333333314 21.5 -3
    vertex -3.730349362740526e-14 23 -3
    vertex 2.937499999999966 23 -3
  endloop
endfacet
facet normal 0 0 -1
  outer loop
    vertex 4.395833333333321 21.5 -3
    vertex 2.937499999999966 23 -3
    vertex 5.874999999999972 23 -3
  endloop
endfacet
facet normal 0 0 -1
  outer loop
    vertex 2.916666666666668 20 -3
    vertex 0 20 -3
    vertex 1.458333333333314 21.5 -3
  endloop
endfacet
facet normal 0 0 -1
  outer loop
    vertex 0 20 -3
    vertex -1.458333333333352 21.5 -3
    vertex 1.458333333333314 21.5 -3
  endloop
endfacet
facet normal 0 0 -1
  outer loop
    vertex 0 20 -3
    vertex -2.916666666666666 20 -3
    vertex -1.458333333333352 21.5 -3
  endloop
endfacet
facet normal 0 0 -1
  outer loop
    vertex 1.458333333333314 21.5 -3
    vertex -1.458333333333352 21.5 -3
    vertex -3.730349362740526e-14 23 -3
  endloop
endfacet
facet normal 0 0 -1
  outer loop
    vertex 11.75 17.24999999999999 -3
    vertex 10.25 18.625 -3
    vertex 11.75 20.125 -3
  endloop
endfacet
facet normal 0 0 -1
  outer loop
    vertex 10.25 18.625 -3
    vertex 10.25 21.5 -3
    vertex 11.75 20.125 -3
  endloop
endfacet
facet normal 0 0 -1
  outer loop
    vertex 10.25 18.625 -3
    vertex 8.75 20 -3
    vertex 10.25 21.5 -3
  endloop
endfacet
facet normal 0 0 -1
  outer loop
    vertex 11.75 20.125 -3
    vertex 10.25 21.5 -3
    vertex 11.75 23 -3
  endloop
endfacet
facet normal 0 0 -1
  outer loop
    vertex -11.75 23 -3
    vertex -10.25 21.5 -3
    vertex -11.75 20.125 -3
  endloop
endfacet
facet normal 0 -0 -1
  outer loop
    vertex -10.25 21.5 -3
    vertex -10.25 18.625 -3
    vertex -11.75 20.125 -3
  endloop
endfacet
facet normal 0 0 -1
  outer loop
    vertex -10.25 21.5 -3
    vertex -8.75 20 -3
    vertex -10.25 18.625 -3
  endloop
endfacet
facet normal 0 0 -1
  outer loop
    vertex -11.75 20.125 -3
    vertex -10.25 18.625 -3
    vertex -11.75 17.24999999999999 -3
  endloop
endfacet
facet normal 0 0 -1
  outer loop
    vertex -11.75 5.749999999999988 -3
    vertex -10.25 6.208333333333346 -3
    vertex -11 4.427083333333331 -3
  endloop
endfacet
facet normal 0 -0 -1
  outer loop
    vertex -10.25 6.208333333333346 -3
    vertex -9.5 4.885416666666689 -3
    vertex -11 4.427083333333331 -3
  endloop
endfacet
facet normal 0 0 -1
  outer loop
    vertex -10.25 6.208333333333346 -3
    vertex -8.75 6.666666666666705 -3
    vertex -9.5 4.885416666666689 -3
  endloop
endfacet
facet normal 0 0 -1
  outer loop
    vertex -11 4.427083333333331 -3
    vertex -9.5 4.885416666666689 -3
    vertex -10.25 3.104166666666674 -3
  endloop
endfacet
facet normal 0 0 -1
  outer loop
    vertex 8.75 6.666666666666651 -3
    vertex 10.25 6.20833333333332 -3
    vertex 9.5 4.885416666666655 -3
  endloop
endfacet
facet normal 0 -0 -1
  outer loop
    vertex 10.25 6.20833333333332 -3
    vertex 11 4.427083333333324 -3
    vertex 9.5 4.885416666666655 -3
  endloop
endfacet
facet normal 0 0 -1
  outer loop
    vertex 10.25 6.20833333333332 -3
    vertex 11.75 5.749999999999988 -3
    vertex 11 4.427083333333324 -3
  endloop
endfacet
facet normal 0 0 -1
  outer loop
    vertex 9.5 4.885416666666655 -3
    vertex 11 4.427083333333324 -3
    vertex 10.25 3.10416666666666 -3
  endloop
endfacet
facet normal 0 0 -1
  outer loop
    vertex 11.75 0 -3
    vertex 10.25 0 -3
    vertex 11 1.55208333333333 -3
  endloop
endfacet
facet normal 0 0 -1
  outer loop
    vertex 10.25 0 -3
    vertex 9.5 1.55208333333333 -3
    vertex 11 1.55208333333333 -3
  endloop
endfacet
facet normal 0 0 -1
  outer loop
    vertex 10.25 0 -3
    vertex 8.75 0 -3
    vertex 9.5 1.55208333333333 -3
  endloop
endfacet
facet normal 0 0 -1
  outer loop
    vertex 11 1.55208333333333 -3
    vertex 9.5 1.55208333333333 -3
    vertex 10.25 3.10416666666666 -3
  endloop
endfacet
facet normal 0 0 -1
  outer loop
    vertex -8.75 0 -3
    vertex -10.25 0 -3
    vertex -9.5 1.552083333333337 -3
  endloop
endfacet
facet normal 0 0 -1
  outer loop
    vertex -10.25 0 -3
    vertex -11 1.552083333333337 -3
    vertex -9.5 1.552083333333337 -3
  endloop
endfacet
facet normal 0 0 -1
  outer loop
    vertex -10.25 0 -3
    vertex -11.75 0 -3
    vertex -11 1.552083333333337 -3
  endloop
endfacet
facet normal 0 0 -1
  outer loop
    vertex -9.5 1.552083333333337 -3
    vertex -11 1.552083333333337 -3
    vertex -10.25 3.104166666666674 -3
  endloop
endfacet
facet normal 0 0 -1
  outer loop
    vertex 8.75 0 -3
    vertex 8.75 3.333333333333325 -3
    vertex 9.5 1.55208333333333 -3
  endloop
endfacet
facet normal 0 0 -1
  outer loop
    vertex 8.75 3.333333333333325 -3
    vertex 9.5 4.885416666666655 -3
    vertex 9.5 1.55208333333333 -3
  endloop
endfacet
facet normal 0 0 -1
  outer loop
    vertex 8.75 3.333333333333325 -3
    vertex 8.75 6.666666666666651 -3
    vertex 9.5 4.885416666666655 -3
  endloop
endfacet
facet normal 0 0 -1
  outer loop
    vertex 9.5 1.55208333333333 -3
    vertex 9.5 4.885416666666655 -3
    vertex 10.25 3.10416666666666 -3
  endloop
endfacet
facet normal 0 -0 -1
  outer loop
    vertex 11.75 5.749999999999988 -3
    vertex 11.75 2.874999999999994 -3
    vertex 11 4.427083333333324 -3
  endloop
endfacet
facet normal -0 0 -1
  outer loop
    vertex 11.75 2.874999999999994 -3
    vertex 11 1.55208333333333 -3
    vertex 11 4.427083333333324 -3
  endloop
endfacet
facet normal 0 -0 -1
  outer loop
    vertex 11.75 2.874999999999994 -3
    vertex 11.75 0 -3
    vertex 11 1.55208333333333 -3
  endloop
endfacet
facet normal 0 -0 -1
  outer loop
    vertex 11 4.427083333333324 -3
    vertex 11 1.55208333333333 -3
    vertex 10.25 3.10416666666666 -3
  endloop
endfacet
facet normal 0 0 -1
  outer loop
    vertex -11.75 0 -3
    vertex -11.75 2.874999999999994 -3
    vertex -11 1.552083333333337 -3
  endloop
endfacet
facet normal 0 0 -1
  outer loop
    vertex -11.75 2.874999999999994 -3
    vertex -11 4.427083333333331 -3
    vertex -11 1.552083333333337 -3
  endloop
endfacet
facet normal 0 0 -1
  outer loop
    vertex -11.75 2.874999999999994 -3
    vertex -11.75 5.749999999999988 -3
    vertex -11 4.427083333333331 -3
  endloop
endfacet
facet normal 0 0 -1
  outer loop
    vertex -11 1.552083333333337 -3
    vertex -11 4.427083333333331 -3
    vertex -10.25 3.104166666666674 -3
  endloop
endfacet
facet normal 0 -0 -1
  outer loop
    vertex -8.75 6.666666666666705 -3
    vertex -8.75 3.333333333333353 -3
    vertex -9.5 4.885416666666689 -3
  endloop
endfacet
facet normal -0 0 -1
  outer loop
    vertex -8.75 3.333333333333353 -3
    vertex -9.5 1.552083333333337 -3
    vertex -9.5 4.885416666666689 -3
  endloop
endfacet
facet normal 0 -0 -1
  outer loop
    vertex -8.75 3.333333333333353 -3
    vertex -8.75 0 -3
    vertex -9.5 1.552083333333337 -3
  endloop
endfacet
facet normal 0 -0 -1
  outer loop
    vertex -9.5 4.885416666666689 -3
    vertex -9.5 1.552083333333337 -3
    vertex -10.25 3.104166666666674 -3
  endloop
endfacet
facet normal 0 0 -1
  outer loop
    vertex -11.75 17.24999999999999 -3
    vertex -10.25 18.625 -3
    vertex -10.25 15.29166666666667 -3
  endloop
endfacet
facet normal 0 0 -1
  outer loop
    vertex -10.25 18.625 -3
    vertex -8.75 16.66666666666667 -3
    vertex -10.25 15.29166666666667 -3
  endloop
endfacet
facet normal 0 0 -1
  outer loop
    vertex -10.25 18.625 -3
    vertex -8.75 20 -3
    vertex -8.75 16.66666666666667 -3
  endloop
endfacet
facet normal 0 0 -1
  outer loop
    vertex -10.25 15.29166666666667 -3
    vertex -8.75 16.66666666666667 -3
    vertex -8.75 13.33333333333335 -3
  endloop
endfacet
facet normal 0 0 -1
  outer loop
    vertex 8.75 20 -3
    vertex 10.25 18.625 -3
    vertex 8.75 16.66666666666665 -3
  endloop
endfacet
facet normal 0 -0 -1
  outer loop
    vertex 10.25 18.625 -3
    vertex 10.25 15.29166666666664 -3
    vertex 8.75 16.66666666666665 -3
  endloop
endfacet
facet normal 0 0 -1
  outer loop
    vertex 10.25 18.625 -3
    vertex 11.75 17.24999999999999 -3
    vertex 10.25 15.29166666666664 -3
  endloop
endfacet
facet normal 0 0 -1
  outer loop
    vertex 8.75 16.66666666666665 -3
    vertex 10.25 15.29166666666664 -3
    vertex 8.75 13.33333333333329 -3
  endloop
endfacet
facet normal -0 0 -1
  outer loop
    vertex 11.75 11.49999999999999 -3
    vertex 10.25 9.08333333333332 -3
    vertex 10.25 12.41666666666664 -3
  endloop
endfacet
facet normal 0 0 -1
  outer loop
    vertex 10.25 9.08333333333332 -3
    vertex 8.75 9.999999999999973 -3
    vertex 10.25 12.41666666666664 -3
  endloop
endfacet
facet normal -0 0 -1
  outer loop
    vertex 10.25 9.08333333333332 -3
    vertex 8.75 6.666666666666651 -3
    vertex 8.75 9.999999999999973 -3
  endloop
endfacet
facet normal -0 0 -1
  outer loop
    vertex 10.25 12.41666666666664 -3
    vertex 8.75 9.999999999999973 -3
    vertex 8.75 13.33333333333329 -3
  endloop
endfacet
facet normal 0 -0 -1
  outer loop
    vertex 11.75 11.49999999999999 -3
    vertex 11.75 8.624999999999989 -3
    vertex 10.25 9.08333333333332 -3
  endloop
endfacet
facet normal -0 0 -1
  outer loop
    vertex 11.75 8.624999999999989 -3
    vertex 10.25 6.20833333333332 -3
    vertex 10.25 9.08333333333332 -3
  endloop
endfacet
facet normal 0 -0 -1
  outer loop
    vertex 11.75 8.624999999999989 -3
    vertex 11.75 5.749999999999988 -3
    vertex 10.25 6.20833333333332 -3
  endloop
endfacet
facet normal 0 -0 -1
  outer loop
    vertex 10.25 9.08333333333332 -3
    vertex 10.25 6.20833333333332 -3
    vertex 8.75 6.666666666666651 -3
  endloop
endfacet
facet normal 0 -0 -1
  outer loop
    vertex 11.75 17.24999999999999 -3
    vertex 11.75 14.37499999999999 -3
    vertex 10.25 15.29166666666664 -3
  endloop
endfacet
facet normal -0 0 -1
  outer loop
    vertex 11.75 14.37499999999999 -3
    vertex 10.25 12.41666666666664 -3
    vertex 10.25 15.29166666666664 -3
  endloop
endfacet
facet normal 0 -0 -1
  outer loop
    vertex 11.75 14.37499999999999 -3
    vertex 11.75 11.49999999999999 -3
    vertex 10.25 12.41666666666664 -3
  endloop
endfacet
facet normal 0 -0 -1
  outer loop
    vertex 10.25 15.29166666666664 -3
    vertex 10.25 12.41666666666664 -3
    vertex 8.75 13.33333333333329 -3
  endloop
endfacet
facet normal 0 0 -1
  outer loop
    vertex -11.75 5.749999999999988 -3
    vertex -11.75 8.624999999999989 -3
    vertex -10.25 6.208333333333346 -3
  endloop
endfacet
facet normal 0 0 -1
  outer loop
    vertex -11.75 8.624999999999989 -3
    vertex -10.25 9.083333333333346 -3
    vertex -10.25 6.208333333333346 -3
  endloop
endfacet
facet normal 0 0 -1
  outer loop
    vertex -11.75 8.624999999999989 -3
    vertex -11.75 11.49999999999999 -3
    vertex -10.25 9.083333333333346 -3
  endloop
endfacet
facet normal 0 0 -1
  outer loop
    vertex -10.25 6.208333333333346 -3
    vertex -10.25 9.083333333333346 -3
    vertex -8.75 6.666666666666705 -3
  endloop
endfacet
facet normal 0 0 -1
  outer loop
    vertex -11.75 11.49999999999999 -3
    vertex -11.75 14.37499999999999 -3
    vertex -10.25 12.41666666666667 -3
  endloop
endfacet
facet normal 0 0 -1
  outer loop
    vertex -11.75 14.37499999999999 -3
    vertex -10.25 15.29166666666667 -3
    vertex -10.25 12.41666666666667 -3
  endloop
endfacet
facet normal 0 0 -1
  outer loop
    vertex -11.75 14.37499999999999 -3
    vertex -11.75 17.24999999999999 -3
    vertex -10.25 15.29166666666667 -3
  endloop
endfacet
facet normal 0 0 -1
  outer loop
    vertex -10.25 12.41666666666667 -3
    vertex -10.25 15.29166666666667 -3
    vertex -8.75 13.33333333333335 -3
  endloop
endfacet
facet normal 0 0 -1
  outer loop
    vertex -11.75 11.49999999999999 -3
    vertex -10.25 12.41666666666667 -3
    vertex -10.25 9.083333333333346 -3
  endloop
endfacet
facet normal 0 0 -1
  outer loop
    vertex -10.25 12.41666666666667 -3
    vertex -8.75 10.00000000000003 -3
    vertex -10.25 9.083333333333346 -3
  endloop
endfacet
facet normal 0 0 -1
  outer loop
    vertex -10.25 12.41666666666667 -3
    vertex -8.75 13.33333333333335 -3
    vertex -8.75 10.00000000000003 -3
  endloop
endfacet
facet normal 0 0 -1
  outer loop
    vertex -10.25 9.083333333333346 -3
    vertex -8.75 10.00000000000003 -3
    vertex -8.75 6.666666666666705 -3
  endloop
endfacet
facet normal 1 0 0
  outer loop
    vertex 11.75 11.49999999999999 -3
    vertex 11.75 12.93749999999999 -2.25
    vertex 11.75 11.49999999999999 -1.5
  endloop
endfacet
facet normal 1 0 -0
  outer loop
    vertex 11.75 12.93749999999999 -2.25
    vertex 11.75 12.93749999999999 -0.7500000000000004
    vertex 11.75 11.49999999999999 -1.5
  endloop
endfacet
facet normal 1 0 0
  outer loop
    vertex 11.75 12.93749999999999 -2.25
    vertex 11.75 14.37499999999999 -1.500000000000001
    vertex 11.75 12.93749999999999 -0.7500000000000004
  endloop
endfacet
facet normal 1 0 0
  outer loop
    vertex 11.75 11.49999999999999 -1.5
    vertex 11.75 12.93749999999999 -0.7500000000000004
    vertex 11.75 11.49999999999999 0
  endloop
endfacet
facet normal 1 0 0
  outer loop
    vertex 11.75 23 0
    vertex 11.75 21.5625 -0.75
    vertex 11.75 23 -1.5
  endloop
endfacet
facet normal 1 0 0
  outer loop
    vertex 11.75 21.5625 -0.75
    vertex 11.75 21.5625 -2.25
    vertex 11.75 23 -1.5
  endloop
endfacet
facet normal 1 0 0
  outer loop
    vertex 11.75 21.5625 -0.75
    vertex 11.75 20.125 -1.5
    vertex 11.75 21.5625 -2.25
  endloop
endfacet
facet normal 1 0 0
  outer loop
    vertex 11.75 23 -1.5
    vertex 11.75 21.5625 -2.25
    vertex 11.75 23 -3
  endloop
endfacet
facet normal 1 0 0
  outer loop
    vertex 11.75 11.49999999999999 0
    vertex 11.75 10.06249999999999 -0.75
    vertex 11.75 11.49999999999999 -1.5
  endloop
endfacet
facet normal 1 0 0
  outer loop
    vertex 11.75 10.06249999999999 -0.75
    vertex 11.75 10.06249999999999 -2.25
    vertex 11.75 11.49999999999999 -1.5
  endloop
endfacet
facet normal 1 0 0
  outer loop
    vertex 11.75 10.06249999999999 -0.75
    vertex 11.75 8.624999999999988 -1.5
    vertex 11.75 10.06249999999999 -2.25
  endloop
endfacet
facet normal 1 0 0
  outer loop
    vertex 11.75 11.49999999999999 -1.5
    vertex 11.75 10.06249999999999 -2.25
    vertex 11.75 11.49999999999999 -3
  endloop
endfacet
facet normal 1 0 0
  outer loop
    vertex 11.75 17.24999999999999 -3
    vertex 11.75 18.68749999999999 -2.25
    vertex 11.75 17.24999999999999 -1.5
  endloop
endfacet
facet normal 1 0 -0
  outer loop
    vertex 11.75 18.68749999999999 -2.25
    vertex 11.75 18.68749999999999 -0.75
    vertex 11.75 17.24999999999999 -1.5
  endloop
endfacet
facet normal 1 0 0
  outer loop
    vertex 11.75 18.68749999999999 -2.25
    vertex 11.75 20.125 -1.5
    vertex 11.75 18.68749999999999 -0.75
  endloop
endfacet
facet normal 1 0 0
  outer loop
    vertex 11.75 17.24999999999999 -1.5
    vertex 11.75 18.68749999999999 -0.75
    vertex 11.75 17.24999999999999 0
  endloop
endfacet
facet normal 1 0 0
  outer loop
    vertex 11.75 5.749999999999988 -3
    vertex 11.75 7.187499999999988 -2.25
    vertex 11.75 5.749999999999988 -1.5
  endloop
endfacet
facet normal 1 0 -0
  outer loop
    vertex 11.75 7.187499999999988 -2.25
    vertex 11.75 7.187499999999988 -0.75
    vertex 11.75 5.749999999999988 -1.5
  endloop
endfacet
facet normal 1 0 0
  outer loop
    vertex 11.75 7.187499999999988 -2.25
    vertex 11.75 8.624999999999988 -1.5
    vertex 11.75 7.187499999999988 -0.75
  endloop
endfacet
facet normal 1 0 0
  outer loop
    vertex 11.75 5.749999999999988 -1.5
    vertex 11.75 7.187499999999988 -0.75
    vertex 11.75 5.749999999999988 0
  endloop
endfacet
facet normal 1 0 0
  outer loop
    vertex 11.75 17.24999999999999 0
    vertex 11.75 15.81249999999999 -0.7500000000000004
    vertex 11.75 17.24999999999999 -1.5
  endloop
endfacet
facet normal 1 0 0
  outer loop
    vertex 11.75 15.81249999999999 -0.7500000000000004
    vertex 11.75 15.81249999999999 -2.25
    vertex 11.75 17.24999999999999 -1.5
  endloop
endfacet
facet normal 1 0 0
  outer loop
    vertex 11.75 15.81249999999999 -0.7500000000000004
    vertex 11.75 14.37499999999999 -1.500000000000001
    vertex 11.75 15.81249999999999 -2.25
  endloop
endfacet
facet normal 1 0 0
  outer loop
    vertex 11.75 17.24999999999999 -1.5
    vertex 11.75 15.81249999999999 -2.25
    vertex 11.75 17.24999999999999 -3
  endloop
endfacet
facet normal 1 0 0
  outer loop
    vertex 11.75 0 -3
    vertex 11.75 1.437499999999997 -2.25
    vertex 11.75 0 -1.5
  endloop
endfacet
facet normal 1 0 -0
  outer loop
    vertex 11.75 1.437499999999997 -2.25
    vertex 11.75 1.437499999999997 -0.75
    vertex 11.75 0 -1.5
  endloop
endfacet
facet normal 1 0 0
  outer loop
    vertex 11.75 1.437499999999997 -2.25
    vertex 11.75 2.874999999999994 -1.5
    vertex 11.75 1.437499999999997 -0.75
  endloop
endfacet
facet normal 1 0 0
  outer loop
    vertex 11.75 0 -1.5
    vertex 11.75 1.437499999999997 -0.75
    vertex 11.75 0 0
  endloop
endfacet
facet normal 1 0 0
  outer loop
    vertex 11.75 5.749999999999988 0
    vertex 11.75 4.312499999999991 -0.75
    vertex 11.75 5.749999999999988 -1.5
  endloop
endfacet
facet normal 1 0 0
  outer loop
    vertex 11.75 4.312499999999991 -0.75
    vertex 11.75 4.312499999999991 -2.25
    vertex 11.75 5.749999999999988 -1.5
  endloop
endfacet
facet normal 1 0 0
  outer loop
    vertex 11.75 4.312499999999991 -0.75
    vertex 11.75 2.874999999999994 -1.5
    vertex 11.75 4.312499999999991 -2.25
  endloop
endfacet
facet normal 1 0 0
  outer loop
    vertex 11.75 5.749999999999988 -1.5
    vertex 11.75 4.312499999999991 -2.25
    vertex 11.75 5.749999999999988 -3
  endloop
endfacet
facet normal 1 0 0
  outer loop
    vertex 11.75 5.749999999999988 -3
    vertex 11.75 4.312499999999991 -2.25
    vertex 11.75 2.874999999999994 -3
  endloop
endfacet
facet normal 1 0 0
  outer loop
    vertex 11.75 4.312499999999991 -2.25
    vertex 11.75 1.437499999999997 -2.25
    vertex 11.75 2.874999999999994 -3
  endloop
endfacet
facet normal 1 0 0
  outer loop
    vertex 11.75 4.312499999999991 -2.25
    vertex 11.75 2.874999999999994 -1.5
    vertex 11.75 1.437499999999997 -2.25
  endloop
endfacet
facet normal 1 0 0
  outer loop
    vertex 11.75 2.874999999999994 -3
    vertex 11.75 1.437499999999997 -2.25
    vertex 11.75 0 -3
  endloop
endfacet
facet normal 1 -0 0
  outer loop
    vertex 11.75 0 0
    vertex 11.75 1.437499999999997 -0.75
    vertex 11.75 2.874999999999994 0
  endloop
endfacet
facet normal 1 0 0
  outer loop
    vertex 11.75 1.437499999999997 -0.75
    vertex 11.75 4.312499999999991 -0.75
    vertex 11.75 2.874999999999994 0
  endloop
endfacet
facet normal 1 -0 0
  outer loop
    vertex 11.75 1.437499999999997 -0.75
    vertex 11.75 2.874999999999994 -1.5
    vertex 11.75 4.312499999999991 -0.75
  endloop
endfacet
facet normal 1 -0 0
  outer loop
    vertex 11.75 2.874999999999994 0
    vertex 11.75 4.312499999999991 -0.75
    vertex 11.75 5.749999999999988 0
  endloop
endfacet
facet normal 1 0 0
  outer loop
    vertex 11.75 23 -3
    vertex 11.75 21.5625 -2.25
    vertex 11.75 20.125 -3
  endloop
endfacet
facet normal 1 0 0
  outer loop
    vertex 11.75 21.5625 -2.25
    vertex 11.75 18.68749999999999 -2.25
    vertex 11.75 20.125 -3
  endloop
endfacet
facet normal 1 0 0
  outer loop
    vertex 11.75 21.5625 -2.25
    vertex 11.75 20.125 -1.5
    vertex 11.75 18.68749999999999 -2.25
  endloop
endfacet
facet normal 1 0 0
  outer loop
    vertex 11.75 20.125 -3
    vertex 11.75 18.68749999999999 -2.25
    vertex 11.75 17.24999999999999 -3
  endloop
endfacet
facet normal 1 -0 0
  outer loop
    vertex 11.75 17.24999999999999 0
    vertex 11.75 18.68749999999999 -0.75
    vertex 11.75 20.125 0
  endloop
endfacet
facet normal 1 0 0
  outer loop
    vertex 11.75 18.68749999999999 -0.75
    vertex 11.75 21.5625 -0.75
    vertex 11.75 20.125 0
  endloop
endfacet
facet normal 1 -0 0
  outer loop
    vertex 11.75 18.68749999999999 -0.75
    vertex 11.75 20.125 -1.5
    vertex 11.75 21.5625 -0.75
  endloop
endfacet
facet normal 1 -0 0
  outer loop
    vertex 11.75 20.125 0
    vertex 11.75 21.5625 -0.75
    vertex 11.75 23 0
  endloop
endfacet
facet normal 1 0 0
  outer loop
    vertex 11.75 11.49999999999999 -3
    vertex 11.75 10.06249999999999 -2.25
    vertex 11.75 8.624999999999989 -3
  endloop
endfacet
facet normal 1 0 0
  outer loop
    vertex 11.75 10.06249999999999 -2.25
    vertex 11.75 7.187499999999988 -2.25
    vertex 11.75 8.624999999999989 -3
  endloop
endfacet
facet normal 1 0 0
  outer loop
    vertex 11.75 10.06249999999999 -2.25
    vertex 11.75 8.624999999999988 -1.5
    vertex 11.75 7.187499999999988 -2.25
  endloop
endfacet
facet normal 1 0 0
  outer loop
    vertex 11.75 8.624999999999989 -3
    vertex 11.75 7.187499999999988 -2.25
    vertex 11.75 5.749999999999988 -3
  endloop
endfacet
facet normal 1 0 0
  outer loop
    vertex 11.75 17.24999999999999 -3
    vertex 11.75 15.81249999999999 -2.25
    vertex 11.75 14.37499999999999 -3
  endloop
endfacet
facet normal 1 0 0
  outer loop
    vertex 11.75 15.81249999999999 -2.25
    vertex 11.75 12.93749999999999 -2.25
    vertex 11.75 14.37499999999999 -3
  endloop
endfacet
facet normal 1 0 0
  outer loop
    vertex 11.75 15.81249999999999 -2.25
    vertex 11.75 14.37499999999999 -1.500000000000001
    vertex 11.75 12.93749999999999 -2.25
  endloop
endfacet
facet normal 1 0 0
  outer loop
    vertex 11.75 14.37499999999999 -3
    vertex 11.75 12.93749999999999 -2.25
    vertex 11.75 11.49999999999999 -3
  endloop
endfacet
facet normal 1 -0 0
  outer loop
    vertex 11.75 5.749999999999988 0
    vertex 11.75 7.187499999999988 -0.75
    vertex 11.75 8.624999999999989 0
  endloop
endfacet
facet normal 1 0 0
  outer loop
    vertex 11.75 7.187499999999988 -0.75
    vertex 11.75 10.06249999999999 -0.75
    vertex 11.75 8.624999999999989 0
  endloop
endfacet
facet normal 1 -0 0
  outer loop
    vertex 11.75 7.187499999999988 -0.75
    vertex 11.75 8.624999999999988 -1.5
    vertex 11.75 10.06249999999999 -0.75
  endloop
endfacet
facet normal 1 -0 0
  outer loop
    vertex 11.75 8.624999999999989 0
    vertex 11.75 10.06249999999999 -0.75
    vertex 11.75 11.49999999999999 0
  endloop
endfacet
facet normal 1 -0 0
  outer loop
    vertex 11.75 11.49999999999999 0
    vertex 11.75 12.93749999999999 -0.7500000000000004
    vertex 11.75 14.37499999999999 0
  endloop
endfacet
facet normal 1 0 0
  outer loop
    vertex 11.75 12.93749999999999 -0.7500000000000004
    vertex 11.75 15.81249999999999 -0.7500000000000004
    vertex 11.75 14.37499999999999 0
  endloop
endfacet
facet normal 1 -0 0
  outer loop
    vertex 11.75 12.93749999999999 -0.7500000000000004
    vertex 11.75 14.37499999999999 -1.500000000000001
    vertex 11.75 15.81249999999999 -0.7500000000000004
  endloop
endfacet
facet normal 1 -0 0
  outer loop
    vertex 11.75 14.37499999999999 0
    vertex 11.75 15.81249999999999 -0.7500000000000004
    vertex 11.75 17.24999999999999 0
  endloop
endfacet
facet normal 0 0 1
  outer loop
    vertex -6.619519168154188 14.39111856499582 0
    vertex -6.810237011878225 11.51798809600798 0
    vertex -3.253455011912536 12.95901739945239 0
  endloop
endfacet
facet normal -0 0 1
  outer loop
    vertex -6.810237011878225 11.51798809600798 0
    vertex -3.444172855636573 10.08588693046454 0
    vertex -3.253455011912536 12.95901739945239 0
  endloop
endfacet
facet normal 0 0 1
  outer loop
    vertex -6.810237011878225 11.51798809600798 0
    vertex -7.000954855602265 8.644857627020135 0
    vertex -3.444172855636573 10.08588693046454 0
  endloop
endfacet
facet normal 0 0 1
  outer loop
    vertex -3.253455011912536 12.95901739945239 0
    vertex -3.444172855636573 10.08588693046454 0
    vertex 0.1126091443291184 11.52691623390895 0
  endloop
endfacet
facet normal 0 0 1
  outer loop
    vertex 0.1126091443291184 11.52691623390895 0
    vertex -3.444172855636573 10.08588693046454 0
    vertex -1.297282458419485 8.20285688229273 0
  endloop
endfacet
facet normal 0 0 1
  outer loop
    vertex -3.444172855636573 10.08588693046454 0
    vertex -4.854064458385174 6.761827578848322 0
    vertex -1.297282458419485 8.20285688229273 0
  endloop
endfacet
facet normal 0 0 1
  outer loop
    vertex -3.444172855636573 10.08588693046454 0
    vertex -7.000954855602265 8.644857627020135 0
    vertex -4.854064458385174 6.761827578848322 0
  endloop
endfacet
facet normal 0 0 1
  outer loop
    vertex -1.297282458419485 8.20285688229273 0
    vertex -4.854064458385174 6.761827578848322 0
    vertex -2.707174061168086 4.878797530676509 0
  endloop
endfacet
facet normal 0 0 1
  outer loop
    vertex 0.1126091443291184 11.52691623390895 0
    vertex -1.339724686510438 14.84341904477955 0
    vertex -3.253455011912536 12.95901739945239 0
  endloop
endfacet
facet normal 0 0 1
  outer loop
    vertex -1.339724686510438 14.84341904477955 0
    vertex -4.705788842752092 16.27552021032299 0
    vertex -3.253455011912536 12.95901739945239 0
  endloop
endfacet
facet normal 0 0 1
  outer loop
    vertex -1.339724686510438 14.84341904477955 0
    vertex -2.792058517349995 18.15992185565015 0
    vertex -4.705788842752092 16.27552021032299 0
  endloop
endfacet
facet normal 0 0 1
  outer loop
    vertex -3.253455011912536 12.95901739945239 0
    vertex -4.705788842752092 16.27552021032299 0
    vertex -6.619519168154188 14.39111856499582 0
  endloop
endfacet
facet normal -0 0 1
  outer loop
    vertex -2.707174061168086 4.878797530676509 0
    vertex 0.1206607339626657 4.800122403841235 0
    vertex -1.297282458419485 8.20285688229273 0
  endloop
endfacet
facet normal 0 -0 1
  outer loop
    vertex 0.1206607339626657 4.800122403841235 0
    vertex 1.530552336711268 8.124181755457457 0
    vertex -1.297282458419485 8.20285688229273 0
  endloop
endfacet
facet normal -0 0 1
  outer loop
    vertex 0.1206607339626657 4.800122403841235 0
    vertex 2.948495529093417 4.721447277005962 0
    vertex 1.530552336711268 8.124181755457457 0
  endloop
endfacet
facet normal -0 0 1
  outer loop
    vertex -1.297282458419485 8.20285688229273 0
    vertex 1.530552336711268 8.124181755457457 0
    vertex 0.1126091443291184 11.52691623390895 0
  endloop
endfacet
facet normal 0 0 1
  outer loop
    vertex 3.157610638484558 18.22886740495932 0
    vertex 0.1827760605672815 18.19439463030474 0
    vertex 1.635109891406838 14.87789181943414 0
  endloop
endfacet
facet normal 0 0 1
  outer loop
    vertex 0.1827760605672815 18.19439463030474 0
    vertex -1.339724686510438 14.84341904477955 0
    vertex 1.635109891406838 14.87789181943414 0
  endloop
endfacet
facet normal 0 0 1
  outer loop
    vertex 0.1827760605672815 18.19439463030474 0
    vertex -2.792058517349995 18.15992185565015 0
    vertex -1.339724686510438 14.84341904477955 0
  endloop
endfacet
facet normal 0 0 1
  outer loop
    vertex 1.635109891406838 14.87789181943414 0
    vertex -1.339724686510438 14.84341904477955 0
    vertex 0.1126091443291184 11.52691623390895 0
  endloop
endfacet
facet normal -0 0 1
  outer loop
    vertex -3.730349362740526e-14 23 0
    vertex 1.57880531924226 20.61443370247966 0
    vertex 2.937499999999966 23 0
  endloop
endfacet
facet normal 0 0 1
  outer loop
    vertex 1.57880531924226 20.61443370247966 0
    vertex 4.516305319242265 20.61443370247966 0
    vertex 2.937499999999966 23 0
  endloop
endfacet
facet normal -0 0 1
  outer loop
    vertex 1.57880531924226 20.61443370247966 0
    vertex 3.157610638484558 18.22886740495932 0
    vertex 4.516305319242265 20.61443370247966 0
  endloop
endfacet
facet normal -0 0 1
  outer loop
    vertex 2.937499999999966 23 0
    vertex 4.516305319242265 20.61443370247966 0
    vertex 5.874999999999972 23 0
  endloop
endfacet
facet normal 0 0 1
  outer loop
    vertex 3.730349362740526e-14 0 0
    vertex -1.353587030584023 2.439398765338254 0
    vertex -2.937499999999966 0 0
  endloop
endfacet
facet normal 0 0 1
  outer loop
    vertex -1.353587030584023 2.439398765338254 0
    vertex -4.291087030584029 2.439398765338254 0
    vertex -2.937499999999966 0 0
  endloop
endfacet
facet normal 0 0 1
  outer loop
    vertex -1.353587030584023 2.439398765338254 0
    vertex -2.707174061168086 4.878797530676509 0
    vertex -4.291087030584029 2.439398765338254 0
  endloop
endfacet
facet normal 0 0 1
  outer loop
    vertex -2.937499999999966 0 0
    vertex -4.291087030584029 2.439398765338254 0
    vertex -5.874999999999972 0 0
  endloop
endfacet
facet normal 0 0 1
  outer loop
    vertex 0.1126091443291184 11.52691623390895 0
    vertex 1.530552336711268 8.124181755457457 0
    vertex 3.591282444899891 10.12173130227448 0
  endloop
endfacet
facet normal -0 0 1
  outer loop
    vertex 1.530552336711268 8.124181755457457 0
    vertex 5.00922563728204 6.718996823822981 0
    vertex 3.591282444899891 10.12173130227448 0
  endloop
endfacet
facet normal 0 0 1
  outer loop
    vertex 1.530552336711268 8.124181755457457 0
    vertex 2.948495529093417 4.721447277005962 0
    vertex 5.00922563728204 6.718996823822981 0
  endloop
endfacet
facet normal 0 0 1
  outer loop
    vertex 3.591282444899891 10.12173130227448 0
    vertex 5.00922563728204 6.718996823822981 0
    vertex 7.069955745470663 8.71654637064 0
  endloop
endfacet
facet normal 0 0 1
  outer loop
    vertex 11.75 11.49999999999999 0
    vertex 9.409977872735332 10.10827318531999 0
    vertex 11.75 8.624999999999989 0
  endloop
endfacet
facet normal 0 0 1
  outer loop
    vertex 9.409977872735332 10.10827318531999 0
    vertex 9.409977872735331 7.233273185319995 0
    vertex 11.75 8.624999999999989 0
  endloop
endfacet
facet normal 0 0 1
  outer loop
    vertex 9.409977872735332 10.10827318531999 0
    vertex 7.069955745470663 8.71654637064 0
    vertex 9.409977872735331 7.233273185319995 0
  endloop
endfacet
facet normal 0 0 1
  outer loop
    vertex 11.75 8.624999999999989 0
    vertex 9.409977872735331 7.233273185319995 0
    vertex 11.75 5.749999999999988 0
  endloop
endfacet
facet normal 0 0 1
  outer loop
    vertex -11.75 11.49999999999999 0
    vertex -9.184759584077092 12.94555928249791 0
    vertex -11.75 14.37499999999999 0
  endloop
endfacet
facet normal 0 -0 1
  outer loop
    vertex -9.184759584077092 12.94555928249791 0
    vertex -9.184759584077092 15.82055928249791 0
    vertex -11.75 14.37499999999999 0
  endloop
endfacet
facet normal 0 0 1
  outer loop
    vertex -9.184759584077092 12.94555928249791 0
    vertex -6.619519168154188 14.39111856499582 0
    vertex -9.184759584077092 15.82055928249791 0
  endloop
endfacet
facet normal 0 0 1
  outer loop
    vertex -11.75 14.37499999999999 0
    vertex -9.184759584077092 15.82055928249791 0
    vertex -11.75 17.24999999999999 0
  endloop
endfacet
facet normal -0 0 1
  outer loop
    vertex -5.875000000000016 23 0
    vertex -4.333529258675005 20.57996092782507 0
    vertex -2.937500000000027 23 0
  endloop
endfacet
facet normal 0 0 1
  outer loop
    vertex -4.333529258675005 20.57996092782507 0
    vertex -1.396029258675016 20.57996092782507 0
    vertex -2.937500000000027 23 0
  endloop
endfacet
facet normal -0 0 1
  outer loop
    vertex -4.333529258675005 20.57996092782507 0
    vertex -2.792058517349995 18.15992185565015 0
    vertex -1.396029258675016 20.57996092782507 0
  endloop
endfacet
facet normal -0 0 1
  outer loop
    vertex -2.937500000000027 23 0
    vertex -1.396029258675016 20.57996092782507 0
    vertex -3.730349362740526e-14 23 0
  endloop
endfacet
facet normal 0 0 1
  outer loop
    vertex 5.875000000000016 0 0
    vertex 4.411747764546717 2.360723638502981 0
    vertex 2.937500000000027 0 0
  endloop
endfacet
facet normal 0 0 1
  outer loop
    vertex 4.411747764546717 2.360723638502981 0
    vertex 1.474247764546727 2.360723638502981 0
    vertex 2.937500000000027 0 0
  endloop
endfacet
facet normal 0 0 1
  outer loop
    vertex 4.411747764546717 2.360723638502981 0
    vertex 2.948495529093417 4.721447277005962 0
    vertex 1.474247764546727 2.360723638502981 0
  endloop
endfacet
facet normal 0 0 1
  outer loop
    vertex 2.937500000000027 0 0
    vertex 1.474247764546727 2.360723638502981 0
    vertex 3.730349362740526e-14 0 0
  endloop
endfacet
facet normal 0 0 1
  outer loop
    vertex 11.75 17.24999999999999 0
    vertex 9.426436511057556 15.81249999999999 0
    vertex 11.75 14.37499999999999 0
  endloop
endfacet
facet normal 0 0 1
  outer loop
    vertex 9.426436511057556 15.81249999999999 0
    vertex 9.426436511057556 12.93749999999999 0
    vertex 11.75 14.37499999999999 0
  endloop
endfacet
facet normal 0 0 1
  outer loop
    vertex 9.426436511057556 15.81249999999999 0
    vertex 7.102873022115113 14.37499999999999 0
    vertex 9.426436511057556 12.93749999999999 0
  endloop
endfacet
facet normal 0 0 1
  outer loop
    vertex 11.75 14.37499999999999 0
    vertex 9.426436511057556 12.93749999999999 0
    vertex 11.75 11.49999999999999 0
  endloop
endfacet
facet normal 0 0 1
  outer loop
    vertex -11.75 5.749999999999988 0
    vertex -9.375477427801133 7.197428813510061 0
    vertex -11.75 8.624999999999989 0
  endloop
endfacet
facet normal 0 -0 1
  outer loop
    vertex -9.375477427801133 7.197428813510061 0
    vertex -9.375477427801133 10.07242881351006 0
    vertex -11.75 8.624999999999989 0
  endloop
endfacet
facet normal 0 0 1
  outer loop
    vertex -9.375477427801133 7.197428813510061 0
    vertex -7.000954855602265 8.644857627020135 0
    vertex -9.375477427801133 10.07242881351006 0
  endloop
endfacet
facet normal 0 0 1
  outer loop
    vertex -11.75 8.624999999999989 0
    vertex -9.375477427801133 10.07242881351006 0
    vertex -11.75 11.49999999999999 0
  endloop
endfacet
facet normal -0 0 1
  outer loop
    vertex -11.75 23 0
    vertex -9.639025859379707 20.90631446501839 0
    vertex -8.812500000000007 23 0
  endloop
endfacet
facet normal 0 0 1
  outer loop
    vertex -9.639025859379707 20.90631446501839 0
    vertex -6.701525859379714 20.90631446501839 0
    vertex -8.812500000000007 23 0
  endloop
endfacet
facet normal -0 0 1
  outer loop
    vertex -9.639025859379707 20.90631446501839 0
    vertex -7.528051718759411 18.81262893003678 0
    vertex -6.701525859379714 20.90631446501839 0
  endloop
endfacet
facet normal -0 0 1
  outer loop
    vertex -8.812500000000007 23 0
    vertex -6.701525859379714 20.90631446501839 0
    vertex -5.875000000000016 23 0
  endloop
endfacet
facet normal 0 0 1
  outer loop
    vertex 11.75 0 0
    vertex 9.639025859379709 2.093685534981602 0
    vertex 8.812500000000007 0 0
  endloop
endfacet
facet normal 0 0 1
  outer loop
    vertex 9.639025859379709 2.093685534981602 0
    vertex 6.701525859379717 2.093685534981603 0
    vertex 8.812500000000007 0 0
  endloop
endfacet
facet normal 0 0 1
  outer loop
    vertex 9.639025859379709 2.093685534981602 0
    vertex 7.528051718759418 4.187371069963204 0
    vertex 6.701525859379717 2.093685534981603 0
  endloop
endfacet
facet normal 0 0 1
  outer loop
    vertex 8.812500000000007 0 0
    vertex 6.701525859379717 2.093685534981603 0
    vertex 5.875000000000016 0 0
  endloop
endfacet
facet normal 0 0 1
  outer loop
    vertex -11.75 17.24999999999999 0
    vertex -9.639025859379707 18.03131446501839 0
    vertex -11.75 20.125 0
  endloop
endfacet
facet normal 0 -0 1
  outer loop
    vertex -9.639025859379707 18.03131446501839 0
    vertex -9.639025859379707 20.90631446501839 0
    vertex -11.75 20.125 0
  endloop
endfacet
facet normal 0 0 1
  outer loop
    vertex -9.639025859379707 18.03131446501839 0
    vertex -7.528051718759411 18.81262893003678 0
    vertex -9.639025859379707 20.90631446501839 0
  endloop
endfacet
facet normal 0 0 1
  outer loop
    vertex -11.75 20.125 0
    vertex -9.639025859379707 20.90631446501839 0
    vertex -11.75 23 0
  endloop
endfacet
facet normal 0 0 1
  outer loop
    vertex 11.75 5.749999999999988 0
    vertex 9.639025859379709 4.968685534981597 0
    vertex 11.75 2.874999999999994 0
  endloop
endfacet
facet normal 0 0 1
  outer loop
    vertex 9.639025859379709 4.968685534981597 0
    vertex 9.639025859379709 2.093685534981602 0
    vertex 11.75 2.874999999999994 0
  endloop
endfacet
facet normal 0 0 1
  outer loop
    vertex 9.639025859379709 4.968685534981597 0
    vertex 7.528051718759418 4.187371069963204 0
    vertex 9.639025859379709 2.093685534981602 0
  endloop
endfacet
facet normal 0 0 1
  outer loop
    vertex 11.75 2.874999999999994 0
    vertex 9.639025859379709 2.093685534981602 0
    vertex 11.75 0 0
  endloop
endfacet
facet normal 0 0 1
  outer loop
    vertex -5.874999999999972 0 0
    vertex -6.71449053842144 2.080439015091116 0
    vertex -8.812499999999986 0 0
  endloop
endfacet
facet normal 0 0 1
  outer loop
    vertex -6.71449053842144 2.080439015091116 0
    vertex -9.651990538421455 2.080439015091116 0
    vertex -8.812499999999986 0 0
  endloop
endfacet
facet normal 0 0 1
  outer loop
    vertex -6.71449053842144 2.080439015091116 0
    vertex -7.553981076842909 4.160878030182232 0
    vertex -9.651990538421455 2.080439015091116 0
  endloop
endfacet
facet normal 0 0 1
  outer loop
    vertex -8.812499999999986 0 0
    vertex -9.651990538421455 2.080439015091116 0
    vertex -11.75 0 0
  endloop
endfacet
facet normal -0 0 1
  outer loop
    vertex 5.874999999999972 23 0
    vertex 6.847746129591804 21.03800795318534 0
    vertex 8.812499999999986 23 0
  endloop
endfacet
facet normal 0 0 1
  outer loop
    vertex 6.847746129591804 21.03800795318534 0
    vertex 9.785246129591819 21.03800795318534 0
    vertex 8.812499999999986 23 0
  endloop
endfacet
facet normal -0 0 1
  outer loop
    vertex 6.847746129591804 21.03800795318534 0
    vertex 7.820492259183636 19.07601590637069 0
    vertex 9.785246129591819 21.03800795318534 0
  endloop
endfacet
facet normal -0 0 1
  outer loop
    vertex 8.812499999999986 23 0
    vertex 9.785246129591819 21.03800795318534 0
    vertex 11.75 23 0
  endloop
endfacet
facet normal 0 0 1
  outer loop
    vertex 11.75 23 0
    vertex 9.785246129591819 21.03800795318534 0
    vertex 11.75 20.125 0
  endloop
endfacet
facet normal 0 0 1
  outer loop
    vertex 9.785246129591819 21.03800795318534 0
    vertex 9.785246129591819 18.16300795318534 0
    vertex 11.75 20.125 0
  endloop
endfacet
facet normal 0 0 1
  outer loop
    vertex 9.785246129591819 21.03800795318534 0
    vertex 7.820492259183636 19.07601590637069 0
    vertex 9.785246129591819 18.16300795318534 0
  endloop
endfacet
facet normal 0 0 1
  outer loop
    vertex 11.75 20.125 0
    vertex 9.785246129591819 18.16300795318534 0
    vertex 11.75 17.24999999999999 0
  endloop
endfacet
facet normal 0 0 1
  outer loop
    vertex -11.75 0 0
    vertex -9.651990538421455 2.080439015091116 0
    vertex -11.75 2.874999999999994 0
  endloop
endfacet
facet normal 0 -0 1
  outer loop
    vertex -9.651990538421455 2.080439015091116 0
    vertex -9.651990538421455 4.955439015091111 0
    vertex -11.75 2.874999999999994 0
  endloop
endfacet
facet normal 0 0 1
  outer loop
    vertex -9.651990538421455 2.080439015091116 0
    vertex -7.553981076842909 4.160878030182232 0
    vertex -9.651990538421455 4.955439015091111 0
  endloop
endfacet
facet normal 0 0 1
  outer loop
    vertex -11.75 2.874999999999994 0
    vertex -9.651990538421455 4.955439015091111 0
    vertex -11.75 5.749999999999988 0
  endloop
endfacet
facet normal 0 0 1
  outer loop
    vertex 7.102873022115113 14.37499999999999 0
    vertex 3.607741083222116 12.95095811695447 0
    vertex 7.086414383792889 11.54577318532 0
  endloop
endfacet
facet normal 0 0 1
  outer loop
    vertex 3.607741083222116 12.95095811695447 0
    vertex 3.591282444899891 10.12173130227448 0
    vertex 7.086414383792889 11.54577318532 0
  endloop
endfacet
facet normal 0 0 1
  outer loop
    vertex 3.607741083222116 12.95095811695447 0
    vertex 0.1126091443291184 11.52691623390895 0
    vertex 3.591282444899891 10.12173130227448 0
  endloop
endfacet
facet normal 0 0 1
  outer loop
    vertex 7.086414383792889 11.54577318532 0
    vertex 3.591282444899891 10.12173130227448 0
    vertex 7.069955745470663 8.71654637064 0
  endloop
endfacet
facet normal 0 0 1
  outer loop
    vertex -3.730349362740526e-14 23 0
    vertex -1.396029258675016 20.57996092782507 0
    vertex 1.57880531924226 20.61443370247966 0
  endloop
endfacet
facet normal -0 0 1
  outer loop
    vertex -1.396029258675016 20.57996092782507 0
    vertex 0.1827760605672815 18.19439463030474 0
    vertex 1.57880531924226 20.61443370247966 0
  endloop
endfacet
facet normal 0 0 1
  outer loop
    vertex -1.396029258675016 20.57996092782507 0
    vertex -2.792058517349995 18.15992185565015 0
    vertex 0.1827760605672815 18.19439463030474 0
  endloop
endfacet
facet normal 0 0 1
  outer loop
    vertex 1.57880531924226 20.61443370247966 0
    vertex 0.1827760605672815 18.19439463030474 0
    vertex 3.157610638484558 18.22886740495932 0
  endloop
endfacet
facet normal 0 -0 1
  outer loop
    vertex 3.730349362740526e-14 0 0
    vertex 1.474247764546727 2.360723638502981 0
    vertex -1.353587030584023 2.439398765338254 0
  endloop
endfacet
facet normal 0 0 1
  outer loop
    vertex 1.474247764546727 2.360723638502981 0
    vertex 0.1206607339626657 4.800122403841235 0
    vertex -1.353587030584023 2.439398765338254 0
  endloop
endfacet
facet normal 0 -0 1
  outer loop
    vertex 1.474247764546727 2.360723638502981 0
    vertex 2.948495529093417 4.721447277005962 0
    vertex 0.1206607339626657 4.800122403841235 0
  endloop
endfacet
facet normal 0 -0 1
  outer loop
    vertex -1.353587030584023 2.439398765338254 0
    vertex 0.1206607339626657 4.800122403841235 0
    vertex -2.707174061168086 4.878797530676509 0
  endloop
endfacet
facet normal 0 0 1
  outer loop
    vertex 3.157610638484558 18.22886740495932 0
    vertex 1.635109891406838 14.87789181943414 0
    vertex 5.130241830299836 16.30193370247966 0
  endloop
endfacet
facet normal -0 0 1
  outer loop
    vertex 1.635109891406838 14.87789181943414 0
    vertex 3.607741083222116 12.95095811695447 0
    vertex 5.130241830299836 16.30193370247966 0
  endloop
endfacet
facet normal 0 0 1
  outer loop
    vertex 1.635109891406838 14.87789181943414 0
    vertex 0.1126091443291184 11.52691623390895 0
    vertex 3.607741083222116 12.95095811695447 0
  endloop
endfacet
facet normal 0 0 1
  outer loop
    vertex 5.130241830299836 16.30193370247966 0
    vertex 3.607741083222116 12.95095811695447 0
    vertex 7.102873022115113 14.37499999999999 0
  endloop
endfacet
facet normal 0 0 1
  outer loop
    vertex 11.75 11.49999999999999 0
    vertex 9.426436511057556 12.93749999999999 0
    vertex 9.409977872735332 10.10827318531999 0
  endloop
endfacet
facet normal 0 0 1
  outer loop
    vertex 9.426436511057556 12.93749999999999 0
    vertex 7.086414383792889 11.54577318532 0
    vertex 9.409977872735332 10.10827318531999 0
  endloop
endfacet
facet normal 0 0 1
  outer loop
    vertex 9.426436511057556 12.93749999999999 0
    vertex 7.102873022115113 14.37499999999999 0
    vertex 7.086414383792889 11.54577318532 0
  endloop
endfacet
facet normal 0 0 1
  outer loop
    vertex 9.409977872735332 10.10827318531999 0
    vertex 7.086414383792889 11.54577318532 0
    vertex 7.069955745470663 8.71654637064 0
  endloop
endfacet
facet normal -0 0 1
  outer loop
    vertex -11.75 11.49999999999999 0
    vertex -9.375477427801133 10.07242881351006 0
    vertex -9.184759584077092 12.94555928249791 0
  endloop
endfacet
facet normal 0 0 1
  outer loop
    vertex -9.375477427801133 10.07242881351006 0
    vertex -6.810237011878225 11.51798809600798 0
    vertex -9.184759584077092 12.94555928249791 0
  endloop
endfacet
facet normal -0 0 1
  outer loop
    vertex -9.375477427801133 10.07242881351006 0
    vertex -7.000954855602265 8.644857627020135 0
    vertex -6.810237011878225 11.51798809600798 0
  endloop
endfacet
facet normal -0 0 1
  outer loop
    vertex -9.184759584077092 12.94555928249791 0
    vertex -6.810237011878225 11.51798809600798 0
    vertex -6.619519168154188 14.39111856499582 0
  endloop
endfacet
facet normal 0 0 1
  outer loop
    vertex -2.707174061168086 4.878797530676509 0
    vertex -5.130577569005498 4.51983778042937 0
    vertex -4.291087030584029 2.439398765338254 0
  endloop
endfacet
facet normal 0 0 1
  outer loop
    vertex -5.130577569005498 4.51983778042937 0
    vertex -6.71449053842144 2.080439015091116 0
    vertex -4.291087030584029 2.439398765338254 0
  endloop
endfacet
facet normal 0 0 1
  outer loop
    vertex -5.130577569005498 4.51983778042937 0
    vertex -7.553981076842909 4.160878030182232 0
    vertex -6.71449053842144 2.080439015091116 0
  endloop
endfacet
facet normal 0 0 1
  outer loop
    vertex -4.291087030584029 2.439398765338254 0
    vertex -6.71449053842144 2.080439015091116 0
    vertex -5.874999999999972 0 0
  endloop
endfacet
facet normal 0 0 1
  outer loop
    vertex 3.157610638484558 18.22886740495932 0
    vertex 5.489051448834097 18.652441655665 0
    vertex 4.516305319242265 20.61443370247966 0
  endloop
endfacet
facet normal 0 -0 1
  outer loop
    vertex 5.489051448834097 18.652441655665 0
    vertex 6.847746129591804 21.03800795318534 0
    vertex 4.516305319242265 20.61443370247966 0
  endloop
endfacet
facet normal 0 0 1
  outer loop
    vertex 5.489051448834097 18.652441655665 0
    vertex 7.820492259183636 19.07601590637069 0
    vertex 6.847746129591804 21.03800795318534 0
  endloop
endfacet
facet normal 0 0 1
  outer loop
    vertex 4.516305319242265 20.61443370247966 0
    vertex 6.847746129591804 21.03800795318534 0
    vertex 5.874999999999972 23 0
  endloop
endfacet
facet normal 0 0 1
  outer loop
    vertex 7.069955745470663 8.71654637064 0
    vertex 7.29900373211504 6.451958720301603 0
    vertex 9.409977872735331 7.233273185319995 0
  endloop
endfacet
facet normal -0 0 1
  outer loop
    vertex 7.29900373211504 6.451958720301603 0
    vertex 9.639025859379709 4.968685534981597 0
    vertex 9.409977872735331 7.233273185319995 0
  endloop
endfacet
facet normal 0 0 1
  outer loop
    vertex 7.29900373211504 6.451958720301603 0
    vertex 7.528051718759418 4.187371069963204 0
    vertex 9.639025859379709 4.968685534981597 0
  endloop
endfacet
facet normal 0 0 1
  outer loop
    vertex 9.409977872735331 7.233273185319995 0
    vertex 9.639025859379709 4.968685534981597 0
    vertex 11.75 5.749999999999988 0
  endloop
endfacet
facet normal 0 0 1
  outer loop
    vertex -6.619519168154188 14.39111856499582 0
    vertex -7.073785443456799 16.6018737475163 0
    vertex -9.184759584077092 15.82055928249791 0
  endloop
endfacet
facet normal 0 0 1
  outer loop
    vertex -7.073785443456799 16.6018737475163 0
    vertex -9.639025859379707 18.03131446501839 0
    vertex -9.184759584077092 15.82055928249791 0
  endloop
endfacet
facet normal 0 0 1
  outer loop
    vertex -7.073785443456799 16.6018737475163 0
    vertex -7.528051718759411 18.81262893003678 0
    vertex -9.639025859379707 18.03131446501839 0
  endloop
endfacet
facet normal 0 0 1
  outer loop
    vertex -9.184759584077092 15.82055928249791 0
    vertex -9.639025859379707 18.03131446501839 0
    vertex -11.75 17.24999999999999 0
  endloop
endfacet
facet normal 0 0 1
  outer loop
    vertex -5.875000000000016 23 0
    vertex -6.701525859379714 20.90631446501839 0
    vertex -4.333529258675005 20.57996092782507 0
  endloop
endfacet
facet normal 0 0 1
  outer loop
    vertex -6.701525859379714 20.90631446501839 0
    vertex -5.160055118054704 18.48627539284346 0
    vertex -4.333529258675005 20.57996092782507 0
  endloop
endfacet
facet normal 0 0 1
  outer loop
    vertex -6.701525859379714 20.90631446501839 0
    vertex -7.528051718759411 18.81262893003678 0
    vertex -5.160055118054704 18.48627539284346 0
  endloop
endfacet
facet normal 0 0 1
  outer loop
    vertex -4.333529258675005 20.57996092782507 0
    vertex -5.160055118054704 18.48627539284346 0
    vertex -2.792058517349995 18.15992185565015 0
  endloop
endfacet
facet normal 0 -0 1
  outer loop
    vertex 5.875000000000016 0 0
    vertex 6.701525859379717 2.093685534981603 0
    vertex 4.411747764546717 2.360723638502981 0
  endloop
endfacet
facet normal 0 0 1
  outer loop
    vertex 6.701525859379717 2.093685534981603 0
    vertex 5.238273623926418 4.454409173484583 0
    vertex 4.411747764546717 2.360723638502981 0
  endloop
endfacet
facet normal 0 -0 1
  outer loop
    vertex 6.701525859379717 2.093685534981603 0
    vertex 7.528051718759418 4.187371069963204 0
    vertex 5.238273623926418 4.454409173484583 0
  endloop
endfacet
facet normal 0 -0 1
  outer loop
    vertex 4.411747764546717 2.360723638502981 0
    vertex 5.238273623926418 4.454409173484583 0
    vertex 2.948495529093417 4.721447277005962 0
  endloop
endfacet
facet normal 0 0 1
  outer loop
    vertex 11.75 17.24999999999999 0
    vertex 9.785246129591819 18.16300795318534 0
    vertex 9.426436511057556 15.81249999999999 0
  endloop
endfacet
facet normal 0 0 1
  outer loop
    vertex 9.785246129591819 18.16300795318534 0
    vertex 7.461682640649375 16.72550795318534 0
    vertex 9.426436511057556 15.81249999999999 0
  endloop
endfacet
facet normal 0 0 1
  outer loop
    vertex 9.785246129591819 18.16300795318534 0
    vertex 7.820492259183636 19.07601590637069 0
    vertex 7.461682640649375 16.72550795318534 0
  endloop
endfacet
facet normal 0 0 1
  outer loop
    vertex 9.426436511057556 15.81249999999999 0
    vertex 7.461682640649375 16.72550795318534 0
    vertex 7.102873022115113 14.37499999999999 0
  endloop
endfacet
facet normal -0 0 1
  outer loop
    vertex -11.75 5.749999999999988 0
    vertex -9.651990538421455 4.955439015091111 0
    vertex -9.375477427801133 7.197428813510061 0
  endloop
endfacet
facet normal 0 0 1
  outer loop
    vertex -9.651990538421455 4.955439015091111 0
    vertex -7.277467966222588 6.402867828601184 0
    vertex -9.375477427801133 7.197428813510061 0
  endloop
endfacet
facet normal -0 0 1
  outer loop
    vertex -9.651990538421455 4.955439015091111 0
    vertex -7.553981076842909 4.160878030182232 0
    vertex -7.277467966222588 6.402867828601184 0
  endloop
endfacet
facet normal -0 0 1
  outer loop
    vertex -9.375477427801133 7.197428813510061 0
    vertex -7.277467966222588 6.402867828601184 0
    vertex -7.000954855602265 8.644857627020135 0
  endloop
endfacet
facet normal 0 0 1
  outer loop
    vertex -2.792058517349995 18.15992185565015 0
    vertex -5.160055118054704 18.48627539284346 0
    vertex -4.705788842752092 16.27552021032299 0
  endloop
endfacet
facet normal 0 0 1
  outer loop
    vertex -5.160055118054704 18.48627539284346 0
    vertex -7.073785443456799 16.6018737475163 0
    vertex -4.705788842752092 16.27552021032299 0
  endloop
endfacet
facet normal 0 0 1
  outer loop
    vertex -5.160055118054704 18.48627539284346 0
    vertex -7.528051718759411 18.81262893003678 0
    vertex -7.073785443456799 16.6018737475163 0
  endloop
endfacet
facet normal 0 0 1
  outer loop
    vertex -4.705788842752092 16.27552021032299 0
    vertex -7.073785443456799 16.6018737475163 0
    vertex -6.619519168154188 14.39111856499582 0
  endloop
endfacet
facet normal -0 0 1
  outer loop
    vertex 2.948495529093417 4.721447277005962 0
    vertex 5.238273623926418 4.454409173484583 0
    vertex 5.00922563728204 6.718996823822981 0
  endloop
endfacet
facet normal 0 -0 1
  outer loop
    vertex 5.238273623926418 4.454409173484583 0
    vertex 7.29900373211504 6.451958720301603 0
    vertex 5.00922563728204 6.718996823822981 0
  endloop
endfacet
facet normal -0 0 1
  outer loop
    vertex 5.238273623926418 4.454409173484583 0
    vertex 7.528051718759418 4.187371069963204 0
    vertex 7.29900373211504 6.451958720301603 0
  endloop
endfacet
facet normal -0 0 1
  outer loop
    vertex 5.00922563728204 6.718996823822981 0
    vertex 7.29900373211504 6.451958720301603 0
    vertex 7.069955745470663 8.71654637064 0
  endloop
endfacet
facet normal 0 -0 1
  outer loop
    vertex 7.102873022115113 14.37499999999999 0
    vertex 7.461682640649375 16.72550795318534 0
    vertex 5.130241830299836 16.30193370247966 0
  endloop
endfacet
facet normal 0 0 1
  outer loop
    vertex 7.461682640649375 16.72550795318534 0
    vertex 5.489051448834097 18.652441655665 0
    vertex 5.130241830299836 16.30193370247966 0
  endloop
endfacet
facet normal 0 -0 1
  outer loop
    vertex 7.461682640649375 16.72550795318534 0
    vertex 7.820492259183636 19.07601590637069 0
    vertex 5.489051448834097 18.652441655665 0
  endloop
endfacet
facet normal 0 -0 1
  outer loop
    vertex 5.130241830299836 16.30193370247966 0
    vertex 5.489051448834097 18.652441655665 0
    vertex 3.157610638484558 18.22886740495932 0
  endloop
endfacet
facet normal 0 0 1
  outer loop
    vertex -7.000954855602265 8.644857627020135 0
    vertex -7.277467966222588 6.402867828601184 0
    vertex -4.854064458385174 6.761827578848322 0
  endloop
endfacet
facet normal -0 0 1
  outer loop
    vertex -7.277467966222588 6.402867828601184 0
    vertex -5.130577569005498 4.51983778042937 0
    vertex -4.854064458385174 6.761827578848322 0
  endloop
endfacet
facet normal 0 0 1
  outer loop
    vertex -7.277467966222588 6.402867828601184 0
    vertex -7.553981076842909 4.160878030182232 0
    vertex -5.130577569005498 4.51983778042937 0
  endloop
endfacet
facet normal 0 0 1
  outer loop
    vertex -4.854064458385174 6.761827578848322 0
    vertex -5.130577569005498 4.51983778042937 0
    vertex -2.707174061168086 4.878797530676509 0
  endloop
endfacet
facet normal -1 0 0
  outer loop
    vertex -11.75 17.24999999999999 -3
    vertex -11.75 17.24999999999999 -1.5
    vertex -11.75 18.68749999999999 -2.25
  endloop
endfacet
facet normal -1 0 0
  outer loop
    vertex -11.75 17.24999999999999 -1.5
    vertex -11.75 18.68749999999999 -0.75
    vertex -11.75 18.68749999999999 -2.25
  endloop
endfacet
facet normal -1 0 0
  outer loop
    vertex -11.75 17.24999999999999 -1.5
    vertex -11.75 17.24999999999999 0
    vertex -11.75 18.68749999999999 -0.75
  endloop
endfacet
facet normal -1 0 0
  outer loop
    vertex -11.75 18.68749999999999 -2.25
    vertex -11.75 18.68749999999999 -0.75
    vertex -11.75 20.125 -1.5
  endloop
endfacet
facet normal -1 0 0
  outer loop
    vertex -11.75 0 -3
    vertex -11.75 0 -1.5
    vertex -11.75 1.437499999999997 -2.25
  endloop
endfacet
facet normal -1 0 0
  outer loop
    vertex -11.75 0 -1.5
    vertex -11.75 1.437499999999997 -0.75
    vertex -11.75 1.437499999999997 -2.25
  endloop
endfacet
facet normal -1 0 0
  outer loop
    vertex -11.75 0 -1.5
    vertex -11.75 0 0
    vertex -11.75 1.437499999999997 -0.75
  endloop
endfacet
facet normal -1 0 0
  outer loop
    vertex -11.75 1.437499999999997 -2.25
    vertex -11.75 1.437499999999997 -0.75
    vertex -11.75 2.874999999999994 -1.5
  endloop
endfacet
facet normal -1 0 0
  outer loop
    vertex -11.75 11.49999999999999 -3
    vertex -11.75 11.49999999999999 -1.5
    vertex -11.75 12.93749999999999 -2.25
  endloop
endfacet
facet normal -1 0 0
  outer loop
    vertex -11.75 11.49999999999999 -1.5
    vertex -11.75 12.93749999999999 -0.75
    vertex -11.75 12.93749999999999 -2.25
  endloop
endfacet
facet normal -1 0 0
  outer loop
    vertex -11.75 11.49999999999999 -1.5
    vertex -11.75 11.49999999999999 0
    vertex -11.75 12.93749999999999 -0.75
  endloop
endfacet
facet normal -1 0 0
  outer loop
    vertex -11.75 12.93749999999999 -2.25
    vertex -11.75 12.93749999999999 -0.75
    vertex -11.75 14.37499999999999 -1.5
  endloop
endfacet
facet normal -1 0 -0
  outer loop
    vertex -11.75 11.49999999999999 0
    vertex -11.75 11.49999999999999 -1.5
    vertex -11.75 10.06249999999999 -0.75
  endloop
endfacet
facet normal -1 -0 0
  outer loop
    vertex -11.75 11.49999999999999 -1.5
    vertex -11.75 10.06249999999999 -2.25
    vertex -11.75 10.06249999999999 -0.75
  endloop
endfacet
facet normal -1 0 -0
  outer loop
    vertex -11.75 11.49999999999999 -1.5
    vertex -11.75 11.49999999999999 -3
    vertex -11.75 10.06249999999999 -2.25
  endloop
endfacet
facet normal -1 0 -0
  outer loop
    vertex -11.75 10.06249999999999 -0.75
    vertex -11.75 10.06249999999999 -2.25
    vertex -11.75 8.624999999999988 -1.5
  endloop
endfacet
facet normal -1 0 0
  outer loop
    vertex -11.75 5.749999999999988 -3
    vertex -11.75 5.749999999999988 -1.5
    vertex -11.75 7.187499999999988 -2.25
  endloop
endfacet
facet normal -1 0 0
  outer loop
    vertex -11.75 5.749999999999988 -1.5
    vertex -11.75 7.187499999999988 -0.75
    vertex -11.75 7.187499999999988 -2.25
  endloop
endfacet
facet normal -1 0 0
  outer loop
    vertex -11.75 5.749999999999988 -1.5
    vertex -11.75 5.749999999999988 0
    vertex -11.75 7.187499999999988 -0.75
  endloop
endfacet
facet normal -1 0 0
  outer loop
    vertex -11.75 7.187499999999988 -2.25
    vertex -11.75 7.187499999999988 -0.75
    vertex -11.75 8.624999999999988 -1.5
  endloop
endfacet
facet normal -1 0 -0
  outer loop
    vertex -11.75 17.24999999999999 0
    vertex -11.75 17.24999999999999 -1.5
    vertex -11.75 15.81249999999999 -0.75
  endloop
endfacet
facet normal -1 -0 0
  outer loop
    vertex -11.75 17.24999999999999 -1.5
    vertex -11.75 15.81249999999999 -2.25
    vertex -11.75 15.81249999999999 -0.75
  endloop
endfacet
facet normal -1 0 -0
  outer loop
    vertex -11.75 17.24999999999999 -1.5
    vertex -11.75 17.24999999999999 -3
    vertex -11.75 15.81249999999999 -2.25
  endloop
endfacet
facet normal -1 0 -0
  outer loop
    vertex -11.75 15.81249999999999 -0.75
    vertex -11.75 15.81249999999999 -2.25
    vertex -11.75 14.37499999999999 -1.5
  endloop
endfacet
facet normal -1 0 -0
  outer loop
    vertex -11.75 5.749999999999988 0
    vertex -11.75 5.749999999999988 -1.5
    vertex -11.75 4.312499999999991 -0.75
  endloop
endfacet
facet normal -1 -0 0
  outer loop
    vertex -11.75 5.749999999999988 -1.5
    vertex -11.75 4.312499999999991 -2.25
    vertex -11.75 4.312499999999991 -0.75
  endloop
endfacet
facet normal -1 0 -0
  outer loop
    vertex -11.75 5.749999999999988 -1.5
    vertex -11.75 5.749999999999988 -3
    vertex -11.75 4.312499999999991 -2.25
  endloop
endfacet
facet normal -1 0 -0
  outer loop
    vertex -11.75 4.312499999999991 -0.75
    vertex -11.75 4.312499999999991 -2.25
    vertex -11.75 2.874999999999994 -1.5
  endloop
endfacet
facet normal -1 0 -0
  outer loop
    vertex -11.75 23 0
    vertex -11.75 23 -1.5
    vertex -11.75 21.5625 -0.75
  endloop
endfacet
facet normal -1 -0 0
  outer loop
    vertex -11.75 23 -1.5
    vertex -11.75 21.5625 -2.25
    vertex -11.75 21.5625 -0.75
  endloop
endfacet
facet normal -1 0 -0
  outer loop
    vertex -11.75 23 -1.5
    vertex -11.75 23 -3
    vertex -11.75 21.5625 -2.25
  endloop
endfacet
facet normal -1 0 -0
  outer loop
    vertex -11.75 21.5625 -0.75
    vertex -11.75 21.5625 -2.25
    vertex -11.75 20.125 -1.5
  endloop
endfacet
facet normal -1 0 0
  outer loop
    vertex -11.75 0 0
    vertex -11.75 2.874999999999994 0
    vertex -11.75 1.437499999999997 -0.75
  endloop
endfacet
facet normal -1 0 -0
  outer loop
    vertex -11.75 2.874999999999994 0
    vertex -11.75 4.312499999999991 -0.75
    vertex -11.75 1.437499999999997 -0.75
  endloop
endfacet
facet normal -1 0 0
  outer loop
    vertex -11.75 2.874999999999994 0
    vertex -11.75 5.749999999999988 0
    vertex -11.75 4.312499999999991 -0.75
  endloop
endfacet
facet normal -1 0 0
  outer loop
    vertex -11.75 1.437499999999997 -0.75
    vertex -11.75 4.312499999999991 -0.75
    vertex -11.75 2.874999999999994 -1.5
  endloop
endfacet
facet normal -1 0 0
  outer loop
    vertex -11.75 5.749999999999988 -3
    vertex -11.75 2.874999999999994 -3
    vertex -11.75 4.312499999999991 -2.25
  endloop
endfacet
facet normal -1 0 0
  outer loop
    vertex -11.75 2.874999999999994 -3
    vertex -11.75 1.437499999999997 -2.25
    vertex -11.75 4.312499999999991 -2.25
  endloop
endfacet
facet normal -1 0 0
  outer loop
    vertex -11.75 2.874999999999994 -3
    vertex -11.75 0 -3
    vertex -11.75 1.437499999999997 -2.25
  endloop
endfacet
facet normal -1 0 0
  outer loop
    vertex -11.75 4.312499999999991 -2.25
    vertex -11.75 1.437499999999997 -2.25
    vertex -11.75 2.874999999999994 -1.5
  endloop
endfacet
facet normal -1 0 0
  outer loop
    vertex -11.75 23 -3
    vertex -11.75 20.125 -3
    vertex -11.75 21.5625 -2.25
  endloop
endfacet
facet normal -1 0 0
  outer loop
    vertex -11.75 20.125 -3
    vertex -11.75 18.68749999999999 -2.25
    vertex -11.75 21.5625 -2.25
  endloop
endfacet
facet normal -1 0 0
  outer loop
    vertex -11.75 20.125 -3
    vertex -11.75 17.24999999999999 -3
    vertex -11.75 18.68749999999999 -2.25
  endloop
endfacet
facet normal -1 0 0
  outer loop
    vertex -11.75 21.5625 -2.25
    vertex -11.75 18.68749999999999 -2.25
    vertex -11.75 20.125 -1.5
  endloop
endfacet
facet normal -1 0 0
  outer loop
    vertex -11.75 17.24999999999999 0
    vertex -11.75 20.125 0
    vertex -11.75 18.68749999999999 -0.75
  endloop
endfacet
facet normal -1 0 -0
  outer loop
    vertex -11.75 20.125 0
    vertex -11.75 21.5625 -0.75
    vertex -11.75 18.68749999999999 -0.75
  endloop
endfacet
facet normal -1 0 0
  outer loop
    vertex -11.75 20.125 0
    vertex -11.75 23 0
    vertex -11.75 21.5625 -0.75
  endloop
endfacet
facet normal -1 0 0
  outer loop
    vertex -11.75 18.68749999999999 -0.75
    vertex -11.75 21.5625 -0.75
    vertex -11.75 20.125 -1.5
  endloop
endfacet
facet normal -1 0 0
  outer loop
    vertex -11.75 11.49999999999999 -3
    vertex -11.75 8.624999999999989 -3
    vertex -11.75 10.06249999999999 -2.25
  endloop
endfacet
facet normal -1 0 0
  outer loop
    vertex -11.75 8.624999999999989 -3
    vertex -11.75 7.187499999999988 -2.25
    vertex -11.75 10.06249999999999 -2.25
  endloop
endfacet
facet normal -1 0 0
  outer loop
    vertex -11.75 8.624999999999989 -3
    vertex -11.75 5.749999999999988 -3
    vertex -11.75 7.187499999999988 -2.25
  endloop
endfacet
facet normal -1 0 0
  outer loop
    vertex -11.75 10.06249999999999 -2.25
    vertex -11.75 7.187499999999988 -2.25
    vertex -11.75 8.624999999999988 -1.5
  endloop
endfacet
facet normal -1 0 0
  outer loop
    vertex -11.75 17.24999999999999 -3
    vertex -11.75 14.37499999999999 -3
    vertex -11.75 15.81249999999999 -2.25
  endloop
endfacet
facet normal -1 0 0
  outer loop
    vertex -11.75 14.37499999999999 -3
    vertex -11.75 12.93749999999999 -2.25
    vertex -11.75 15.81249999999999 -2.25
  endloop
endfacet
facet normal -1 0 0
  outer loop
    vertex -11.75 14.37499999999999 -3
    vertex -11.75 11.49999999999999 -3
    vertex -11.75 12.93749999999999 -2.25
  endloop
endfacet
facet normal -1 0 0
  outer loop
    vertex -11.75 15.81249999999999 -2.25
    vertex -11.75 12.93749999999999 -2.25
    vertex -11.75 14.37499999999999 -1.5
  endloop
endfacet
facet normal -1 0 0
  outer loop
    vertex -11.75 5.749999999999988 0
    vertex -11.75 8.624999999999989 0
    vertex -11.75 7.187499999999988 -0.75
  endloop
endfacet
facet normal -1 0 -0
  outer loop
    vertex -11.75 8.624999999999989 0
    vertex -11.75 10.06249999999999 -0.75
    vertex -11.75 7.187499999999988 -0.75
  endloop
endfacet
facet normal -1 0 0
  outer loop
    vertex -11.75 8.624999999999989 0
    vertex -11.75 11.49999999999999 0
    vertex -11.75 10.06249999999999 -0.75
  endloop
endfacet
facet normal -1 0 0
  outer loop
    vertex -11.75 7.187499999999988 -0.75
    vertex -11.75 10.06249999999999 -0.75
    vertex -11.75 8.624999999999988 -1.5
  endloop
endfacet
facet normal -1 0 0
  outer loop
    vertex -11.75 11.49999999999999 0
    vertex -11.75 14.37499999999999 0
    vertex -11.75 12.93749999999999 -0.75
  endloop
endfacet
facet normal -1 0 -0
  outer loop
    vertex -11.75 14.37499999999999 0
    vertex -11.75 15.81249999999999 -0.75
    vertex -11.75 12.93749999999999 -0.75
  endloop
endfacet
facet normal -1 0 0
  outer loop
    vertex -11.75 14.37499999999999 0
    vertex -11.75 17.24999999999999 0
    vertex -11.75 15.81249999999999 -0.75
  endloop
endfacet
facet normal -1 0 0
  outer loop
    vertex -11.75 12.93749999999999 -0.75
    vertex -11.75 15.81249999999999 -0.75
    vertex -11.75 14.37499999999999 -1.5
  endloop
endfacet
facet normal -1 0 -0
  outer loop
    vertex -8.75 10.2870738794233 -23.39084481138562
    vertex -8.75 11.0966852838832 -27.72206901565333
    vertex -8.75 7.715809385173937 -25.52306061592249
  endloop
endfacet
facet normal -1 -0 0
  outer loop
    vertex -8.75 11.0966852838832 -27.72206901565333
    vertex -8.75 8.525420789633836 -29.8542848201902
    vertex -8.75 7.715809385173937 -25.52306061592249
  endloop
endfacet
facet normal -1 0 -0
  outer loop
    vertex -8.75 11.0966852838832 -27.72206901565333
    vertex -8.75 11.9062966883431 -32.05329321992104
    vertex -8.75 8.525420789633836 -29.8542848201902
  endloop
endfacet
facet normal -1 0 -0
  outer loop
    vertex -8.75 7.715809385173937 -25.52306061592249
    vertex -8.75 8.525420789633836 -29.8542848201902
    vertex -8.75 5.14454489092457 -27.65527642045936
  endloop
endfacet
facet normal -1 -0 0
  outer loop
    vertex -8.75 15.95314834417154 -26.4992950563643
    vertex -8.75 13.92972251625732 -29.27629413814267
    vertex -8.75 13.12011111179742 -24.94506993387496
  endloop
endfacet
facet normal -1 0 0
  outer loop
    vertex -8.75 13.92972251625732 -29.27629413814267
    vertex -8.75 11.0966852838832 -27.72206901565333
    vertex -8.75 13.12011111179742 -24.94506993387496
  endloop
endfacet
facet normal -1 -0 0
  outer loop
    vertex -8.75 13.92972251625732 -29.27629413814267
    vertex -8.75 11.9062966883431 -32.05329321992104
    vertex -8.75 11.0966852838832 -27.72206901565333
  endloop
endfacet
facet normal -1 -0 0
  outer loop
    vertex -8.75 13.12011111179742 -24.94506993387496
    vertex -8.75 11.0966852838832 -27.72206901565333
    vertex -8.75 10.2870738794233 -23.39084481138562
  endloop
endfacet
facet normal -1 -0 0
  outer loop
    vertex -8.75 11.9062966883431 -32.05329321992104
    vertex -8.75 9.249697646130642 -32.49173185359265
    vertex -8.75 8.525420789633836 -29.8542848201902
  endloop
endfacet
facet normal -1 0 0
  outer loop
    vertex -8.75 9.249697646130642 -32.49173185359265
    vertex -8.75 5.868821747421377 -30.2927234538618
    vertex -8.75 8.525420789633836 -29.8542848201902
  endloop
endfacet
facet normal -1 -0 0
  outer loop
    vertex -8.75 9.249697646130642 -32.49173185359265
    vertex -8.75 6.593098603918183 -32.93017048726425
    vertex -8.75 5.868821747421377 -30.2927234538618
  endloop
endfacet
facet normal -1 -0 0
  outer loop
    vertex -8.75 8.525420789633836 -29.8542848201902
    vertex -8.75 5.868821747421377 -30.2927234538618
    vertex -8.75 5.14454489092457 -27.65527642045936
  endloop
endfacet
facet normal -1 -0 0
  outer loop
    vertex -8.75 20 -20.94529689280753
    vertex -8.75 17.97657417208577 -23.72229597458591
    vertex -8.75 17.47390573990467 -19.99841283480167
  endloop
endfacet
facet normal -1 0 0
  outer loop
    vertex -8.75 17.97657417208577 -23.72229597458591
    vertex -8.75 15.45047991199044 -22.77541191658005
    vertex -8.75 17.47390573990467 -19.99841283480167
  endloop
endfacet
facet normal -1 -0 0
  outer loop
    vertex -8.75 17.97657417208577 -23.72229597458591
    vertex -8.75 15.95314834417154 -26.4992950563643
    vertex -8.75 15.45047991199044 -22.77541191658005
  endloop
endfacet
facet normal -1 -0 0
  outer loop
    vertex -8.75 17.47390573990467 -19.99841283480167
    vertex -8.75 15.45047991199044 -22.77541191658005
    vertex -8.75 14.94781147980935 -19.05152877679581
  endloop
endfacet
facet normal -1 0 -0
  outer loop
    vertex -8.75 14.94781147980935 -19.05152877679581
    vertex -8.75 15.45047991199044 -22.77541191658005
    vertex -8.75 12.61744267961632 -21.22118679409071
  endloop
endfacet
facet normal -1 -0 0
  outer loop
    vertex -8.75 15.45047991199044 -22.77541191658005
    vertex -8.75 13.12011111179742 -24.94506993387496
    vertex -8.75 12.61744267961632 -21.22118679409071
  endloop
endfacet
facet normal -1 0 -0
  outer loop
    vertex -8.75 15.45047991199044 -22.77541191658005
    vertex -8.75 15.95314834417154 -26.4992950563643
    vertex -8.75 13.12011111179742 -24.94506993387496
  endloop
endfacet
facet normal -1 0 -0
  outer loop
    vertex -8.75 12.61744267961632 -21.22118679409071
    vertex -8.75 13.12011111179742 -24.94506993387496
    vertex -8.75 10.2870738794233 -23.39084481138562
  endloop
endfacet
facet normal -1 0 0
  outer loop
    vertex -8.75 9.97882848551828 -8.633960522951577
    vertex -8.75 12.48715358602745 -10.5931049374996
    vertex -8.75 9.98425681871689 -12.35846645799798
  endloop
endfacet
facet normal -1 0 -0
  outer loop
    vertex -8.75 12.48715358602745 -10.5931049374996
    vertex -8.75 12.49258191922606 -14.31761087254601
    vertex -8.75 9.98425681871689 -12.35846645799798
  endloop
endfacet
facet normal -1 0 0
  outer loop
    vertex -8.75 12.48715358602745 -10.5931049374996
    vertex -8.75 14.99547868653662 -12.55224935204762
    vertex -8.75 12.49258191922606 -14.31761087254601
  endloop
endfacet
facet normal -1 0 0
  outer loop
    vertex -8.75 9.98425681871689 -12.35846645799798
    vertex -8.75 12.49258191922606 -14.31761087254601
    vertex -8.75 9.989685151915502 -16.08297239304439
  endloop
endfacet
facet normal -1 0 0
  outer loop
    vertex -8.75 4.846234487689092 -13.06973808391986
    vertex -8.75 7.412531486603686 -10.85184930343572
    vertex -8.75 7.417959819802297 -14.57635523848212
  endloop
endfacet
facet normal -1 0 0
  outer loop
    vertex -8.75 7.412531486603686 -10.85184930343572
    vertex -8.75 9.98425681871689 -12.35846645799798
    vertex -8.75 7.417959819802297 -14.57635523848212
  endloop
endfacet
facet normal -1 0 0
  outer loop
    vertex -8.75 7.412531486603686 -10.85184930343572
    vertex -8.75 9.97882848551828 -8.633960522951577
    vertex -8.75 9.98425681871689 -12.35846645799798
  endloop
endfacet
facet normal -1 0 0
  outer loop
    vertex -8.75 7.417959819802297 -14.57635523848212
    vertex -8.75 9.98425681871689 -12.35846645799798
    vertex -8.75 9.989685151915502 -16.08297239304439
  endloop
endfacet
facet normal -1 0 0
  outer loop
    vertex -8.75 1.071565949253934e-15 -36.19108431291425
    vertex -8.75 0 -32.87197588162283
    vertex -8.75 1.457498008564643 -34.43966600314066
  endloop
endfacet
facet normal -1 0 0
  outer loop
    vertex -8.75 0 -32.87197588162283
    vertex -8.75 1.457498008564643 -31.12055757184925
    vertex -8.75 1.457498008564643 -34.43966600314066
  endloop
endfacet
facet normal -1 0 0
  outer loop
    vertex -8.75 0 -32.87197588162283
    vertex -8.75 0 -29.55286745033142
    vertex -8.75 1.457498008564643 -31.12055757184925
  endloop
endfacet
facet normal -1 0 0
  outer loop
    vertex -8.75 1.457498008564643 -34.43966600314066
    vertex -8.75 1.457498008564643 -31.12055757184925
    vertex -8.75 2.914996017129286 -32.68824769336707
  endloop
endfacet
facet normal -1 0 0
  outer loop
    vertex -8.75 11.9062966883431 -32.05329321992104
    vertex -8.75 9.882870860428882 -34.83029230169942
    vertex -8.75 9.249697646130642 -32.49173185359265
  endloop
endfacet
facet normal -1 -0 0
  outer loop
    vertex -8.75 9.882870860428882 -34.83029230169942
    vertex -8.75 7.226271818216423 -35.26873093537102
    vertex -8.75 9.249697646130642 -32.49173185359265
  endloop
endfacet
facet normal -1 0 0
  outer loop
    vertex -8.75 9.882870860428882 -34.83029230169942
    vertex -8.75 7.859445032514662 -37.60729138347779
    vertex -8.75 7.226271818216423 -35.26873093537102
  endloop
endfacet
facet normal -1 0 0
  outer loop
    vertex -8.75 9.249697646130642 -32.49173185359265
    vertex -8.75 7.226271818216423 -35.26873093537102
    vertex -8.75 6.593098603918183 -32.93017048726425
  endloop
endfacet
facet normal -1 0 0
  outer loop
    vertex -8.75 0 -16.27643372516568
    vertex -8.75 0 -12.95732529387426
    vertex -8.75 2.423117243844546 -14.67308590454277
  endloop
endfacet
facet normal -1 0 0
  outer loop
    vertex -8.75 0 -12.95732529387426
    vertex -8.75 2.423117243844546 -11.35397747325135
    vertex -8.75 2.423117243844546 -14.67308590454277
  endloop
endfacet
facet normal -1 0 0
  outer loop
    vertex -8.75 0 -12.95732529387426
    vertex -8.75 0 -9.638216862582846
    vertex -8.75 2.423117243844546 -11.35397747325135
  endloop
endfacet
facet normal -1 0 0
  outer loop
    vertex -8.75 2.423117243844546 -14.67308590454277
    vertex -8.75 2.423117243844546 -11.35397747325135
    vertex -8.75 4.846234487689092 -13.06973808391986
  endloop
endfacet
facet normal -1 0 -0
  outer loop
    vertex -8.75 20 -14.96353126187167
    vertex -8.75 20 -17.9544140773396
    vertex -8.75 17.47390573990467 -17.00753001933374
  endloop
endfacet
facet normal -1 -0 0
  outer loop
    vertex -8.75 20 -17.9544140773396
    vertex -8.75 17.47390573990467 -19.99841283480167
    vertex -8.75 17.47390573990467 -17.00753001933374
  endloop
endfacet
facet normal -1 0 -0
  outer loop
    vertex -8.75 20 -17.9544140773396
    vertex -8.75 20 -20.94529689280753
    vertex -8.75 17.47390573990467 -19.99841283480167
  endloop
endfacet
facet normal -1 0 -0
  outer loop
    vertex -8.75 17.47390573990467 -17.00753001933374
    vertex -8.75 17.47390573990467 -19.99841283480167
    vertex -8.75 14.94781147980935 -19.05152877679581
  endloop
endfacet
facet normal -1 0 -0
  outer loop
    vertex -8.75 20 -8.981765630935834
    vertex -8.75 20 -11.97264844640375
    vertex -8.75 17.49773934326831 -10.76700749149173
  endloop
endfacet
facet normal -1 -0 0
  outer loop
    vertex -8.75 20 -11.97264844640375
    vertex -8.75 17.49773934326831 -13.75789030695964
    vertex -8.75 17.49773934326831 -10.76700749149173
  endloop
endfacet
facet normal -1 0 -0
  outer loop
    vertex -8.75 20 -11.97264844640375
    vertex -8.75 20 -14.96353126187167
    vertex -8.75 17.49773934326831 -13.75789030695964
  endloop
endfacet
facet normal -1 0 -0
  outer loop
    vertex -8.75 17.49773934326831 -10.76700749149173
    vertex -8.75 17.49773934326831 -13.75789030695964
    vertex -8.75 14.99547868653662 -12.55224935204762
  endloop
endfacet
facet normal -1 0 0
  outer loop
    vertex -8.75 0 -3
    vertex -8.75 3.333333333333353 -3
    vertex -8.75 2.42137650383726 -5.417498558023363
  endloop
endfacet
facet normal -1 0 -0
  outer loop
    vertex -8.75 3.333333333333353 -3
    vertex -8.75 5.754709837170614 -5.417498558023363
    vertex -8.75 2.42137650383726 -5.417498558023363
  endloop
endfacet
facet normal -1 0 0
  outer loop
    vertex -8.75 3.333333333333353 -3
    vertex -8.75 6.666666666666705 -3
    vertex -8.75 5.754709837170614 -5.417498558023363
  endloop
endfacet
facet normal -1 0 0
  outer loop
    vertex -8.75 2.42137650383726 -5.417498558023363
    vertex -8.75 5.754709837170614 -5.417498558023363
    vertex -8.75 4.842753007674522 -7.834997116046726
  endloop
endfacet
facet normal -1 0 0
  outer loop
    vertex -8.75 0 -9.638216862582846
    vertex -8.75 0 -6.319108431291423
    vertex -8.75 2.42137650383726 -8.736606989314787
  endloop
endfacet
facet normal -1 0 0
  outer loop
    vertex -8.75 0 -6.319108431291423
    vertex -8.75 2.42137650383726 -5.417498558023363
    vertex -8.75 2.42137650383726 -8.736606989314787
  endloop
endfacet
facet normal -1 0 0
  outer loop
    vertex -8.75 0 -6.319108431291423
    vertex -8.75 0 -3
    vertex -8.75 2.42137650383726 -5.417498558023363
  endloop
endfacet
facet normal -1 0 0
  outer loop
    vertex -8.75 2.42137650383726 -8.736606989314787
    vertex -8.75 2.42137650383726 -5.417498558023363
    vertex -8.75 4.842753007674522 -7.834997116046726
  endloop
endfacet
facet normal -1 0 0
  outer loop
    vertex -8.75 6.666666666666705 -3
    vertex -8.75 10.00000000000003 -3
    vertex -8.75 8.322747576092492 -5.816980261475788
  endloop
endfacet
facet normal -1 0 -0
  outer loop
    vertex -8.75 10.00000000000003 -3
    vertex -8.75 11.65608090942581 -5.816980261475788
    vertex -8.75 8.322747576092492 -5.816980261475788
  endloop
endfacet
facet normal -1 0 0
  outer loop
    vertex -8.75 10.00000000000003 -3
    vertex -8.75 13.33333333333335 -3
    vertex -8.75 11.65608090942581 -5.816980261475788
  endloop
endfacet
facet normal -1 0 0
  outer loop
    vertex -8.75 8.322747576092492 -5.816980261475788
    vertex -8.75 11.65608090942581 -5.816980261475788
    vertex -8.75 9.97882848551828 -8.633960522951577
  endloop
endfacet
facet normal -1 0 0
  outer loop
    vertex -8.75 0 -16.27643372516568
    vertex -8.75 2.423117243844546 -14.67308590454277
    vertex -8.75 2.441341946258186 -18.03797326816577
  endloop
endfacet
facet normal -1 0 0
  outer loop
    vertex -8.75 2.423117243844546 -14.67308590454277
    vertex -8.75 4.864459190102731 -16.43462544754286
    vertex -8.75 2.441341946258186 -18.03797326816577
  endloop
endfacet
facet normal -1 0 0
  outer loop
    vertex -8.75 2.423117243844546 -14.67308590454277
    vertex -8.75 4.846234487689092 -13.06973808391986
    vertex -8.75 4.864459190102731 -16.43462544754286
  endloop
endfacet
facet normal -1 0 0
  outer loop
    vertex -8.75 2.441341946258186 -18.03797326816577
    vertex -8.75 4.864459190102731 -16.43462544754286
    vertex -8.75 4.88268389251637 -19.79951281116586
  endloop
endfacet
facet normal -1 0 0
  outer loop
    vertex -8.75 7.859445032514662 -37.60729138347779
    vertex -8.75 5.934690032647714 -37.04825637119421
    vertex -8.75 7.226271818216423 -35.26873093537102
  endloop
endfacet
facet normal -1 0 0
  outer loop
    vertex -8.75 5.934690032647714 -37.04825637119421
    vertex -8.75 5.287552442219186 -34.76365725953346
    vertex -8.75 7.226271818216423 -35.26873093537102
  endloop
endfacet
facet normal -1 0 0
  outer loop
    vertex -8.75 5.934690032647714 -37.04825637119421
    vertex -8.75 3.982006280520188 -36.59714403180266
    vertex -8.75 5.287552442219186 -34.76365725953346
  endloop
endfacet
facet normal -1 0 0
  outer loop
    vertex -8.75 7.226271818216423 -35.26873093537102
    vertex -8.75 5.287552442219186 -34.76365725953346
    vertex -8.75 6.593098603918183 -32.93017048726425
  endloop
endfacet
facet normal -1 -0 0
  outer loop
    vertex -8.75 14.94781147980935 -19.05152877679581
    vertex -8.75 12.61744267961632 -21.22118679409071
    vertex -8.75 12.46874831586242 -17.5672505849201
  endloop
endfacet
facet normal -1 0 0
  outer loop
    vertex -8.75 12.61744267961632 -21.22118679409071
    vertex -8.75 10.1383795156694 -19.736908602215
    vertex -8.75 12.46874831586242 -17.5672505849201
  endloop
endfacet
facet normal -1 -0 0
  outer loop
    vertex -8.75 12.61744267961632 -21.22118679409071
    vertex -8.75 10.2870738794233 -23.39084481138562
    vertex -8.75 10.1383795156694 -19.736908602215
  endloop
endfacet
facet normal -1 -0 0
  outer loop
    vertex -8.75 12.46874831586242 -17.5672505849201
    vertex -8.75 10.1383795156694 -19.736908602215
    vertex -8.75 9.989685151915502 -16.08297239304439
  endloop
endfacet
facet normal -1 0 -0
  outer loop
    vertex -8.75 5.14454489092457 -27.65527642045936
    vertex -8.75 5.868821747421377 -30.2927234538618
    vertex -8.75 4.029770454026928 -30.17176205691322
  endloop
endfacet
facet normal -1 -0 0
  outer loop
    vertex -8.75 5.868821747421377 -30.2927234538618
    vertex -8.75 4.754047310523735 -32.80920909031566
    vertex -8.75 4.029770454026928 -30.17176205691322
  endloop
endfacet
facet normal -1 0 -0
  outer loop
    vertex -8.75 5.868821747421377 -30.2927234538618
    vertex -8.75 6.593098603918183 -32.93017048726425
    vertex -8.75 4.754047310523735 -32.80920909031566
  endloop
endfacet
facet normal -1 0 -0
  outer loop
    vertex -8.75 4.029770454026928 -30.17176205691322
    vertex -8.75 4.754047310523735 -32.80920909031566
    vertex -8.75 2.914996017129286 -32.68824769336707
  endloop
endfacet
facet normal -1 0 0
  outer loop
    vertex -8.75 13.33333333333335 -3
    vertex -8.75 16.66666666666667 -3
    vertex -8.75 14.4974307172055 -5.116797550593503
  endloop
endfacet
facet normal -1 0 -0
  outer loop
    vertex -8.75 16.66666666666667 -3
    vertex -8.75 17.83076405053882 -5.116797550593503
    vertex -8.75 14.4974307172055 -5.116797550593503
  endloop
endfacet
facet normal -1 0 0
  outer loop
    vertex -8.75 16.66666666666667 -3
    vertex -8.75 20 -3
    vertex -8.75 17.83076405053882 -5.116797550593503
  endloop
endfacet
facet normal -1 0 0
  outer loop
    vertex -8.75 14.4974307172055 -5.116797550593503
    vertex -8.75 17.83076405053882 -5.116797550593503
    vertex -8.75 15.66152810107765 -7.233595101187007
  endloop
endfacet
facet normal -1 0 0
  outer loop
    vertex -8.75 14.99547868653662 -12.55224935204762
    vertex -8.75 14.97164508317298 -15.80188906442172
    vertex -8.75 12.49258191922606 -14.31761087254601
  endloop
endfacet
facet normal -1 -0 0
  outer loop
    vertex -8.75 14.97164508317298 -15.80188906442172
    vertex -8.75 12.46874831586242 -17.5672505849201
    vertex -8.75 12.49258191922606 -14.31761087254601
  endloop
endfacet
facet normal -1 0 0
  outer loop
    vertex -8.75 14.97164508317298 -15.80188906442172
    vertex -8.75 14.94781147980935 -19.05152877679581
    vertex -8.75 12.46874831586242 -17.5672505849201
  endloop
endfacet
facet normal -1 0 0
  outer loop
    vertex -8.75 12.49258191922606 -14.31761087254601
    vertex -8.75 12.46874831586242 -17.5672505849201
    vertex -8.75 9.989685151915502 -16.08297239304439
  endloop
endfacet
facet normal -1 0 0
  outer loop
    vertex -8.75 0 -22.91465058774854
    vertex -8.75 0 -19.59554215645711
    vertex -8.75 2.441341946258186 -21.3570816994572
  endloop
endfacet
facet normal -1 0 0
  outer loop
    vertex -8.75 0 -19.59554215645711
    vertex -8.75 2.441341946258186 -18.03797326816577
    vertex -8.75 2.441341946258186 -21.3570816994572
  endloop
endfacet
facet normal -1 0 0
  outer loop
    vertex -8.75 0 -19.59554215645711
    vertex -8.75 0 -16.27643372516568
    vertex -8.75 2.441341946258186 -18.03797326816577
  endloop
endfacet
facet normal -1 0 0
  outer loop
    vertex -8.75 2.441341946258186 -21.3570816994572
    vertex -8.75 2.441341946258186 -18.03797326816577
    vertex -8.75 4.88268389251637 -19.79951281116586
  endloop
endfacet
facet normal -1 0 -0
  outer loop
    vertex -8.75 20 -3
    vertex -8.75 20 -5.990882815467917
    vertex -8.75 17.83076405053882 -5.116797550593503
  endloop
endfacet
facet normal -1 -0 0
  outer loop
    vertex -8.75 20 -5.990882815467917
    vertex -8.75 17.83076405053882 -8.10768036606142
    vertex -8.75 17.83076405053882 -5.116797550593503
  endloop
endfacet
facet normal -1 0 -0
  outer loop
    vertex -8.75 20 -5.990882815467917
    vertex -8.75 20 -8.981765630935834
    vertex -8.75 17.83076405053882 -8.10768036606142
  endloop
endfacet
facet normal -1 0 -0
  outer loop
    vertex -8.75 17.83076405053882 -5.116797550593503
    vertex -8.75 17.83076405053882 -8.10768036606142
    vertex -8.75 15.66152810107765 -7.233595101187007
  endloop
endfacet
facet normal -1 0 0
  outer loop
    vertex -8.75 0 -29.55286745033142
    vertex -8.75 0 -26.23375901903998
    vertex -8.75 2.572272445462286 -28.60407193539539
  endloop
endfacet
facet normal -1 0 0
  outer loop
    vertex -8.75 0 -26.23375901903998
    vertex -8.75 2.572272445462286 -25.28496350410395
    vertex -8.75 2.572272445462286 -28.60407193539539
  endloop
endfacet
facet normal -1 0 0
  outer loop
    vertex -8.75 0 -26.23375901903998
    vertex -8.75 0 -22.91465058774854
    vertex -8.75 2.572272445462286 -25.28496350410395
  endloop
endfacet
facet normal -1 0 0
  outer loop
    vertex -8.75 2.572272445462286 -28.60407193539539
    vertex -8.75 2.572272445462286 -25.28496350410395
    vertex -8.75 5.14454489092457 -27.65527642045936
  endloop
endfacet
facet normal -1 -0 0
  outer loop
    vertex -8.75 20 -14.96353126187167
    vertex -8.75 17.47390573990467 -17.00753001933374
    vertex -8.75 17.49773934326831 -13.75789030695964
  endloop
endfacet
facet normal -1 0 0
  outer loop
    vertex -8.75 17.47390573990467 -17.00753001933374
    vertex -8.75 14.97164508317298 -15.80188906442172
    vertex -8.75 17.49773934326831 -13.75789030695964
  endloop
endfacet
facet normal -1 -0 0
  outer loop
    vertex -8.75 17.47390573990467 -17.00753001933374
    vertex -8.75 14.94781147980935 -19.05152877679581
    vertex -8.75 14.97164508317298 -15.80188906442172
  endloop
endfacet
facet normal -1 -0 0
  outer loop
    vertex -8.75 17.49773934326831 -13.75789030695964
    vertex -8.75 14.97164508317298 -15.80188906442172
    vertex -8.75 14.99547868653662 -12.55224935204762
  endloop
endfacet
facet normal -1 0 0
  outer loop
    vertex -8.75 0 -29.55286745033142
    vertex -8.75 2.572272445462286 -28.60407193539539
    vertex -8.75 1.457498008564643 -31.12055757184925
  endloop
endfacet
facet normal -1 0 -0
  outer loop
    vertex -8.75 2.572272445462286 -28.60407193539539
    vertex -8.75 4.029770454026928 -30.17176205691322
    vertex -8.75 1.457498008564643 -31.12055757184925
  endloop
endfacet
facet normal -1 0 0
  outer loop
    vertex -8.75 2.572272445462286 -28.60407193539539
    vertex -8.75 5.14454489092457 -27.65527642045936
    vertex -8.75 4.029770454026928 -30.17176205691322
  endloop
endfacet
facet normal -1 0 0
  outer loop
    vertex -8.75 1.457498008564643 -31.12055757184925
    vertex -8.75 4.029770454026928 -30.17176205691322
    vertex -8.75 2.914996017129286 -32.68824769336707
  endloop
endfacet
facet normal -1 0 0
  outer loop
    vertex -8.75 0 -22.91465058774854
    vertex -8.75 2.441341946258186 -21.3570816994572
    vertex -8.75 2.572272445462286 -25.28496350410395
  endloop
endfacet
facet normal -1 0 0
  outer loop
    vertex -8.75 2.441341946258186 -21.3570816994572
    vertex -8.75 5.013614391720471 -23.72739461581261
    vertex -8.75 2.572272445462286 -25.28496350410395
  endloop
endfacet
facet normal -1 0 0
  outer loop
    vertex -8.75 2.441341946258186 -21.3570816994572
    vertex -8.75 4.88268389251637 -19.79951281116586
    vertex -8.75 5.013614391720471 -23.72739461581261
  endloop
endfacet
facet normal -1 0 0
  outer loop
    vertex -8.75 2.572272445462286 -25.28496350410395
    vertex -8.75 5.013614391720471 -23.72739461581261
    vertex -8.75 5.14454489092457 -27.65527642045936
  endloop
endfacet
facet normal -1 0 0
  outer loop
    vertex -8.75 4.88268389251637 -19.79951281116586
    vertex -8.75 7.584878885969838 -21.59517881127574
    vertex -8.75 5.013614391720471 -23.72739461581261
  endloop
endfacet
facet normal -1 0 -0
  outer loop
    vertex -8.75 7.584878885969838 -21.59517881127574
    vertex -8.75 7.715809385173937 -25.52306061592249
    vertex -8.75 5.013614391720471 -23.72739461581261
  endloop
endfacet
facet normal -1 0 0
  outer loop
    vertex -8.75 7.584878885969838 -21.59517881127574
    vertex -8.75 10.2870738794233 -23.39084481138562
    vertex -8.75 7.715809385173937 -25.52306061592249
  endloop
endfacet
facet normal -1 0 0
  outer loop
    vertex -8.75 5.013614391720471 -23.72739461581261
    vertex -8.75 7.715809385173937 -25.52306061592249
    vertex -8.75 5.14454489092457 -27.65527642045936
  endloop
endfacet
facet normal -1 0 0
  outer loop
    vertex -8.75 4.88268389251637 -19.79951281116586
    vertex -8.75 4.864459190102731 -16.43462544754286
    vertex -8.75 7.436184522215936 -17.94124260210512
  endloop
endfacet
facet normal -1 0 0
  outer loop
    vertex -8.75 4.864459190102731 -16.43462544754286
    vertex -8.75 7.417959819802297 -14.57635523848212
    vertex -8.75 7.436184522215936 -17.94124260210512
  endloop
endfacet
facet normal -1 0 0
  outer loop
    vertex -8.75 4.864459190102731 -16.43462544754286
    vertex -8.75 4.846234487689092 -13.06973808391986
    vertex -8.75 7.417959819802297 -14.57635523848212
  endloop
endfacet
facet normal -1 0 0
  outer loop
    vertex -8.75 7.436184522215936 -17.94124260210512
    vertex -8.75 7.417959819802297 -14.57635523848212
    vertex -8.75 9.989685151915502 -16.08297239304439
  endloop
endfacet
facet normal -1 0 0
  outer loop
    vertex -8.75 4.846234487689092 -13.06973808391986
    vertex -8.75 2.423117243844546 -11.35397747325135
    vertex -8.75 4.844493747681806 -10.45236759998329
  endloop
endfacet
facet normal -1 0 0
  outer loop
    vertex -8.75 2.423117243844546 -11.35397747325135
    vertex -8.75 2.42137650383726 -8.736606989314787
    vertex -8.75 4.844493747681806 -10.45236759998329
  endloop
endfacet
facet normal -1 0 0
  outer loop
    vertex -8.75 2.423117243844546 -11.35397747325135
    vertex -8.75 0 -9.638216862582846
    vertex -8.75 2.42137650383726 -8.736606989314787
  endloop
endfacet
facet normal -1 0 0
  outer loop
    vertex -8.75 4.844493747681806 -10.45236759998329
    vertex -8.75 2.42137650383726 -8.736606989314787
    vertex -8.75 4.842753007674522 -7.834997116046726
  endloop
endfacet
facet normal -1 0 0
  outer loop
    vertex -8.75 10.2870738794233 -23.39084481138562
    vertex -8.75 7.584878885969838 -21.59517881127574
    vertex -8.75 10.1383795156694 -19.736908602215
  endloop
endfacet
facet normal -1 0 0
  outer loop
    vertex -8.75 7.584878885969838 -21.59517881127574
    vertex -8.75 7.436184522215936 -17.94124260210512
    vertex -8.75 10.1383795156694 -19.736908602215
  endloop
endfacet
facet normal -1 0 0
  outer loop
    vertex -8.75 7.584878885969838 -21.59517881127574
    vertex -8.75 4.88268389251637 -19.79951281116586
    vertex -8.75 7.436184522215936 -17.94124260210512
  endloop
endfacet
facet normal -1 0 0
  outer loop
    vertex -8.75 10.1383795156694 -19.736908602215
    vertex -8.75 7.436184522215936 -17.94124260210512
    vertex -8.75 9.989685151915502 -16.08297239304439
  endloop
endfacet
facet normal -1 -0 0
  outer loop
    vertex -8.75 9.97882848551828 -8.633960522951577
    vertex -8.75 7.412531486603686 -10.85184930343572
    vertex -8.75 7.4107907465964 -8.234478819499152
  endloop
endfacet
facet normal -1 0 0
  outer loop
    vertex -8.75 7.412531486603686 -10.85184930343572
    vertex -8.75 4.844493747681806 -10.45236759998329
    vertex -8.75 7.4107907465964 -8.234478819499152
  endloop
endfacet
facet normal -1 -0 0
  outer loop
    vertex -8.75 7.412531486603686 -10.85184930343572
    vertex -8.75 4.846234487689092 -13.06973808391986
    vertex -8.75 4.844493747681806 -10.45236759998329
  endloop
endfacet
facet normal -1 -0 0
  outer loop
    vertex -8.75 7.4107907465964 -8.234478819499152
    vertex -8.75 4.844493747681806 -10.45236759998329
    vertex -8.75 4.842753007674522 -7.834997116046726
  endloop
endfacet
facet normal -1 0 0
  outer loop
    vertex -8.75 9.97882848551828 -8.633960522951577
    vertex -8.75 11.65608090942581 -5.816980261475788
    vertex -8.75 12.82017829329796 -7.933777812069291
  endloop
endfacet
facet normal -1 0 0
  outer loop
    vertex -8.75 11.65608090942581 -5.816980261475788
    vertex -8.75 14.4974307172055 -5.116797550593503
    vertex -8.75 12.82017829329796 -7.933777812069291
  endloop
endfacet
facet normal -1 0 0
  outer loop
    vertex -8.75 11.65608090942581 -5.816980261475788
    vertex -8.75 13.33333333333335 -3
    vertex -8.75 14.4974307172055 -5.116797550593503
  endloop
endfacet
facet normal -1 0 0
  outer loop
    vertex -8.75 12.82017829329796 -7.933777812069291
    vertex -8.75 14.4974307172055 -5.116797550593503
    vertex -8.75 15.66152810107765 -7.233595101187007
  endloop
endfacet
facet normal -1 0 -0
  outer loop
    vertex -8.75 6.666666666666705 -3
    vertex -8.75 8.322747576092492 -5.816980261475788
    vertex -8.75 5.754709837170614 -5.417498558023363
  endloop
endfacet
facet normal -1 -0 0
  outer loop
    vertex -8.75 8.322747576092492 -5.816980261475788
    vertex -8.75 7.4107907465964 -8.234478819499152
    vertex -8.75 5.754709837170614 -5.417498558023363
  endloop
endfacet
facet normal -1 0 -0
  outer loop
    vertex -8.75 8.322747576092492 -5.816980261475788
    vertex -8.75 9.97882848551828 -8.633960522951577
    vertex -8.75 7.4107907465964 -8.234478819499152
  endloop
endfacet
facet normal -1 0 -0
  outer loop
    vertex -8.75 5.754709837170614 -5.417498558023363
    vertex -8.75 7.4107907465964 -8.234478819499152
    vertex -8.75 4.842753007674522 -7.834997116046726
  endloop
endfacet
facet normal -1 0 0
  outer loop
    vertex -8.75 3.982006280520188 -36.59714403180266
    vertex -8.75 2.000742298142956 -36.29728239276029
    vertex -8.75 3.448501148824737 -34.64269586258487
  endloop
endfacet
facet normal -1 0 0
  outer loop
    vertex -8.75 2.000742298142956 -36.29728239276029
    vertex -8.75 1.457498008564643 -34.43966600314066
    vertex -8.75 3.448501148824737 -34.64269586258487
  endloop
endfacet
facet normal -1 0 0
  outer loop
    vertex -8.75 2.000742298142956 -36.29728239276029
    vertex -8.75 1.071565949253934e-15 -36.19108431291425
    vertex -8.75 1.457498008564643 -34.43966600314066
  endloop
endfacet
facet normal -1 0 0
  outer loop
    vertex -8.75 3.448501148824737 -34.64269586258487
    vertex -8.75 1.457498008564643 -34.43966600314066
    vertex -8.75 2.914996017129286 -32.68824769336707
  endloop
endfacet
facet normal -1 0 0
  outer loop
    vertex -8.75 14.99547868653662 -12.55224935204762
    vertex -8.75 12.48715358602745 -10.5931049374996
    vertex -8.75 15.32850339380713 -9.892922226617316
  endloop
endfacet
facet normal -1 0 0
  outer loop
    vertex -8.75 12.48715358602745 -10.5931049374996
    vertex -8.75 12.82017829329796 -7.933777812069291
    vertex -8.75 15.32850339380713 -9.892922226617316
  endloop
endfacet
facet normal -1 0 0
  outer loop
    vertex -8.75 12.48715358602745 -10.5931049374996
    vertex -8.75 9.97882848551828 -8.633960522951577
    vertex -8.75 12.82017829329796 -7.933777812069291
  endloop
endfacet
facet normal -1 0 0
  outer loop
    vertex -8.75 15.32850339380713 -9.892922226617316
    vertex -8.75 12.82017829329796 -7.933777812069291
    vertex -8.75 15.66152810107765 -7.233595101187007
  endloop
endfacet
facet normal -1 -0 0
  outer loop
    vertex -8.75 20 -8.981765630935834
    vertex -8.75 17.49773934326831 -10.76700749149173
    vertex -8.75 17.83076405053882 -8.10768036606142
  endloop
endfacet
facet normal -1 0 0
  outer loop
    vertex -8.75 17.49773934326831 -10.76700749149173
    vertex -8.75 15.32850339380713 -9.892922226617316
    vertex -8.75 17.83076405053882 -8.10768036606142
  endloop
endfacet
facet normal -1 -0 0
  outer loop
    vertex -8.75 17.49773934326831 -10.76700749149173
    vertex -8.75 14.99547868653662 -12.55224935204762
    vertex -8.75 15.32850339380713 -9.892922226617316
  endloop
endfacet
facet normal -1 -0 0
  outer loop
    vertex -8.75 17.83076405053882 -8.10768036606142
    vertex -8.75 15.32850339380713 -9.892922226617316
    vertex -8.75 15.66152810107765 -7.233595101187007
  endloop
endfacet
facet normal -1 -0 0
  outer loop
    vertex -8.75 6.593098603918183 -32.93017048726425
    vertex -8.75 5.287552442219186 -34.76365725953346
    vertex -8.75 4.754047310523735 -32.80920909031566
  endloop
endfacet
facet normal -1 0 0
  outer loop
    vertex -8.75 5.287552442219186 -34.76365725953346
    vertex -8.75 3.448501148824737 -34.64269586258487
    vertex -8.75 4.754047310523735 -32.80920909031566
  endloop
endfacet
facet normal -1 -0 0
  outer loop
    vertex -8.75 5.287552442219186 -34.76365725953346
    vertex -8.75 3.982006280520188 -36.59714403180266
    vertex -8.75 3.448501148824737 -34.64269586258487
  endloop
endfacet
facet normal -1 -0 0
  outer loop
    vertex -8.75 4.754047310523735 -32.80920909031566
    vertex -8.75 3.448501148824737 -34.64269586258487
    vertex -8.75 2.914996017129286 -32.68824769336707
  endloop
endfacet
facet normal -1 -0 0
  outer loop
    vertex -8.75 16.60131213133831 -60.14806026648112
    vertex -8.75 13.03177486875384 -62.89309573519827
    vertex -8.75 13.66754830613123 -58.41572143968345
  endloop
endfacet
facet normal -1 0 0
  outer loop
    vertex -8.75 13.03177486875384 -62.89309573519827
    vertex -8.75 10.09801104354676 -61.1607569084006
    vertex -8.75 13.66754830613123 -58.41572143968345
  endloop
endfacet
facet normal -1 -0 0
  outer loop
    vertex -8.75 13.03177486875384 -62.89309573519827
    vertex -8.75 9.462237606169376 -65.63813120391541
    vertex -8.75 10.09801104354676 -61.1607569084006
  endloop
endfacet
facet normal -1 -0 0
  outer loop
    vertex -8.75 13.66754830613123 -58.41572143968345
    vertex -8.75 10.09801104354676 -61.1607569084006
    vertex -8.75 10.73378448092414 -56.68338261288579
  endloop
endfacet
facet normal -1 0 0
  outer loop
    vertex -8.75 16.60131213133831 -60.14806026648112
    vertex -8.75 16.27723023775492 -63.32367766142271
    vertex -8.75 13.03177486875384 -62.89309573519827
  endloop
endfacet
facet normal -1 -0 0
  outer loop
    vertex -8.75 16.27723023775492 -63.32367766142271
    vertex -8.75 12.70769297517046 -66.06871313013986
    vertex -8.75 13.03177486875384 -62.89309573519827
  endloop
endfacet
facet normal -1 0 0
  outer loop
    vertex -8.75 16.27723023775492 -63.32367766142271
    vertex -8.75 15.95314834417154 -66.4992950563643
    vertex -8.75 12.70769297517046 -66.06871313013986
  endloop
endfacet
facet normal -1 0 0
  outer loop
    vertex -8.75 13.03177486875384 -62.89309573519827
    vertex -8.75 12.70769297517046 -66.06871313013986
    vertex -8.75 9.462237606169376 -65.63813120391541
  endloop
endfacet
facet normal -1 0 -0
  outer loop
    vertex -8.75 11.90629668834312 -47.94670678007898
    vertex -8.75 13.92972251625734 -50.72370586185735
    vertex -8.75 11.32004058463363 -52.31504469648238
  endloop
endfacet
facet normal -1 0 0
  outer loop
    vertex -8.75 13.92972251625734 -50.72370586185735
    vertex -8.75 13.34346641254785 -55.09204377826076
    vertex -8.75 11.32004058463363 -52.31504469648238
  endloop
endfacet
facet normal -1 0 -0
  outer loop
    vertex -8.75 13.92972251625734 -50.72370586185735
    vertex -8.75 15.95314834417156 -53.50070494363572
    vertex -8.75 13.34346641254785 -55.09204377826076
  endloop
endfacet
facet normal -1 0 -0
  outer loop
    vertex -8.75 11.32004058463363 -52.31504469648238
    vertex -8.75 13.34346641254785 -55.09204377826076
    vertex -8.75 10.73378448092414 -56.68338261288579
  endloop
endfacet
facet normal -1 0 0
  outer loop
    vertex -8.75 5.34451816743616 -52.36282726472958
    vertex -8.75 8.625407427889638 -50.15476702240428
    vertex -8.75 8.039151324180152 -54.52310493880768
  endloop
endfacet
facet normal -1 0 -0
  outer loop
    vertex -8.75 8.625407427889638 -50.15476702240428
    vertex -8.75 11.32004058463363 -52.31504469648238
    vertex -8.75 8.039151324180152 -54.52310493880768
  endloop
endfacet
facet normal -1 0 0
  outer loop
    vertex -8.75 8.625407427889638 -50.15476702240428
    vertex -8.75 11.90629668834312 -47.94670678007898
    vertex -8.75 11.32004058463363 -52.31504469648238
  endloop
endfacet
facet normal -1 0 0
  outer loop
    vertex -8.75 8.039151324180152 -54.52310493880768
    vertex -8.75 11.32004058463363 -52.31504469648238
    vertex -8.75 10.73378448092414 -56.68338261288579
  endloop
endfacet
facet normal -1 0 0
  outer loop
    vertex -8.75 9.462237606169376 -65.63813120391541
    vertex -8.75 7.298715777127863 -63.07099821119465
    vertex -8.75 10.09801104354676 -61.1607569084006
  endloop
endfacet
facet normal -1 0 0
  outer loop
    vertex -8.75 7.298715777127863 -63.07099821119465
    vertex -8.75 7.934489214505247 -58.59362391567984
    vertex -8.75 10.09801104354676 -61.1607569084006
  endloop
endfacet
facet normal -1 0 0
  outer loop
    vertex -8.75 7.298715777127863 -63.07099821119465
    vertex -8.75 5.135193948086351 -60.50386521847389
    vertex -8.75 7.934489214505247 -58.59362391567984
  endloop
endfacet
facet normal -1 0 0
  outer loop
    vertex -8.75 10.09801104354676 -61.1607569084006
    vertex -8.75 7.934489214505247 -58.59362391567984
    vertex -8.75 10.73378448092414 -56.68338261288579
  endloop
endfacet
facet normal -1 -0 0
  outer loop
    vertex -8.75 20 -60.94529689280753
    vertex -8.75 17.97657417208577 -63.72229597458592
    vertex -8.75 18.30065606566915 -60.54667857964432
  endloop
endfacet
facet normal -1 0 0
  outer loop
    vertex -8.75 17.97657417208577 -63.72229597458592
    vertex -8.75 16.27723023775492 -63.32367766142271
    vertex -8.75 18.30065606566915 -60.54667857964432
  endloop
endfacet
facet normal -1 -0 0
  outer loop
    vertex -8.75 17.97657417208577 -63.72229597458592
    vertex -8.75 15.95314834417154 -66.4992950563643
    vertex -8.75 16.27723023775492 -63.32367766142271
  endloop
endfacet
facet normal -1 -0 0
  outer loop
    vertex -8.75 18.30065606566915 -60.54667857964432
    vertex -8.75 16.27723023775492 -63.32367766142271
    vertex -8.75 16.60131213133831 -60.14806026648112
  endloop
endfacet
facet normal -1 0 0
  outer loop
    vertex -8.75 15.95314834417156 -53.50070494363572
    vertex -8.75 17.97657417208578 -56.2777040254141
    vertex -8.75 16.27723023775494 -56.82438260505842
  endloop
endfacet
facet normal -1 0 -0
  outer loop
    vertex -8.75 17.97657417208578 -56.2777040254141
    vertex -8.75 18.30065606566915 -59.6013816868368
    vertex -8.75 16.27723023775494 -56.82438260505842
  endloop
endfacet
facet normal -1 0 0
  outer loop
    vertex -8.75 17.97657417208578 -56.2777040254141
    vertex -8.75 20 -59.05470310719247
    vertex -8.75 18.30065606566915 -59.6013816868368
  endloop
endfacet
facet normal -1 0 0
  outer loop
    vertex -8.75 16.27723023775494 -56.82438260505842
    vertex -8.75 18.30065606566915 -59.6013816868368
    vertex -8.75 16.60131213133831 -60.14806026648112
  endloop
endfacet
facet normal -1 0 0
  outer loop
    vertex -8.75 0 -56.76178313741714
    vertex -8.75 0 -53.52356627483429
    vertex -8.75 2.67225908371808 -54.56230520107336
  endloop
endfacet
facet normal -1 0 0
  outer loop
    vertex -8.75 0 -53.52356627483429
    vertex -8.75 2.67225908371808 -51.32408833849051
    vertex -8.75 2.67225908371808 -54.56230520107336
  endloop
endfacet
facet normal -1 0 0
  outer loop
    vertex -8.75 0 -53.52356627483429
    vertex -8.75 0 -50.28534941225145
    vertex -8.75 2.67225908371808 -51.32408833849051
  endloop
endfacet
facet normal -1 0 0
  outer loop
    vertex -8.75 2.67225908371808 -54.56230520107336
    vertex -8.75 2.67225908371808 -51.32408833849051
    vertex -8.75 5.34451816743616 -52.36282726472958
  endloop
endfacet
facet normal -1 0 0
  outer loop
    vertex -8.75 0 -50.28534941225145
    vertex -8.75 0 -47.0471325496686
    vertex -8.75 1.391806204224132 -48.71809882361383
  endloop
endfacet
facet normal -1 0 0
  outer loop
    vertex -8.75 0 -47.0471325496686
    vertex -8.75 1.391806204224132 -45.47988196103098
    vertex -8.75 1.391806204224132 -48.71809882361383
  endloop
endfacet
facet normal -1 0 0
  outer loop
    vertex -8.75 0 -47.0471325496686
    vertex -8.75 1.071565949253934e-15 -43.80891568708574
    vertex -8.75 1.391806204224132 -45.47988196103098
  endloop
endfacet
facet normal -1 0 0
  outer loop
    vertex -8.75 1.391806204224132 -48.71809882361383
    vertex -8.75 1.391806204224132 -45.47988196103098
    vertex -8.75 2.783612408448264 -47.15084823497621
  endloop
endfacet
facet normal -1 0 0
  outer loop
    vertex -8.75 1.071565949253934e-15 -76.19108431291426
    vertex -8.75 0 -72.95286745033141
    vertex -8.75 1.342464582683009 -74.41796301485228
  endloop
endfacet
facet normal -1 0 0
  outer loop
    vertex -8.75 0 -72.95286745033141
    vertex -8.75 1.342464582683009 -71.17974615226943
    vertex -8.75 1.342464582683009 -74.41796301485228
  endloop
endfacet
facet normal -1 0 0
  outer loop
    vertex -8.75 0 -72.95286745033141
    vertex -8.75 0 -69.71465058774858
    vertex -8.75 1.342464582683009 -71.17974615226943
  endloop
endfacet
facet normal -1 0 0
  outer loop
    vertex -8.75 1.342464582683009 -74.41796301485228
    vertex -8.75 1.342464582683009 -71.17974615226943
    vertex -8.75 2.684929165366017 -72.64484171679028
  endloop
endfacet
facet normal -1 0 0
  outer loop
    vertex -8.75 5.135193948086351 -60.50386521847389
    vertex -8.75 2.567596974043175 -58.63282417794552
    vertex -8.75 5.239856057761255 -56.43334624160174
  endloop
endfacet
facet normal -1 0 0
  outer loop
    vertex -8.75 2.567596974043175 -58.63282417794552
    vertex -8.75 2.67225908371808 -54.56230520107336
    vertex -8.75 5.239856057761255 -56.43334624160174
  endloop
endfacet
facet normal -1 0 0
  outer loop
    vertex -8.75 2.567596974043175 -58.63282417794552
    vertex -8.75 0 -56.76178313741714
    vertex -8.75 2.67225908371808 -54.56230520107336
  endloop
endfacet
facet normal -1 0 0
  outer loop
    vertex -8.75 5.239856057761255 -56.43334624160174
    vertex -8.75 2.67225908371808 -54.56230520107336
    vertex -8.75 5.34451816743616 -52.36282726472958
  endloop
endfacet
facet normal -1 0 -0
  outer loop
    vertex -8.75 7.859445032514655 -42.3927086165222
    vertex -8.75 9.882870860428886 -45.16970769830059
    vertex -8.75 7.285553975353467 -44.39241837430784
  endloop
endfacet
facet normal -1 -0 0
  outer loop
    vertex -8.75 9.882870860428886 -45.16970769830059
    vertex -8.75 9.308979803267693 -47.16941745608622
    vertex -8.75 7.285553975353467 -44.39241837430784
  endloop
endfacet
facet normal -1 0 -0
  outer loop
    vertex -8.75 9.882870860428886 -45.16970769830059
    vertex -8.75 11.90629668834312 -47.94670678007898
    vertex -8.75 9.308979803267693 -47.16941745608622
  endloop
endfacet
facet normal -1 0 -0
  outer loop
    vertex -8.75 7.285553975353467 -44.39241837430784
    vertex -8.75 9.308979803267693 -47.16941745608622
    vertex -8.75 6.711662918192273 -46.39212813209347
  endloop
endfacet
facet normal -1 0 0
  outer loop
    vertex -8.75 11.90629668834311 -72.05329321992103
    vertex -8.75 9.882870860428891 -74.8302923016994
    vertex -8.75 9.478296708650028 -72.4098328126219
  endloop
endfacet
facet normal -1 -0 0
  outer loop
    vertex -8.75 9.882870860428891 -74.8302923016994
    vertex -8.75 7.45487088073581 -75.18683189440027
    vertex -8.75 9.478296708650028 -72.4098328126219
  endloop
endfacet
facet normal -1 0 0
  outer loop
    vertex -8.75 9.882870860428891 -74.8302923016994
    vertex -8.75 7.859445032514678 -77.60729138347777
    vertex -8.75 7.45487088073581 -75.18683189440027
  endloop
endfacet
facet normal -1 0 0
  outer loop
    vertex -8.75 9.478296708650028 -72.4098328126219
    vertex -8.75 7.45487088073581 -75.18683189440027
    vertex -8.75 7.050296728956945 -72.76637240532277
  endloop
endfacet
facet normal -1 -0 0
  outer loop
    vertex -8.75 15.95314834417154 -66.4992950563643
    vertex -8.75 13.92972251625732 -69.27629413814266
    vertex -8.75 12.70769297517046 -66.06871313013986
  endloop
endfacet
facet normal -1 0 0
  outer loop
    vertex -8.75 13.92972251625732 -69.27629413814266
    vertex -8.75 10.68426714725624 -68.84571221191823
    vertex -8.75 12.70769297517046 -66.06871313013986
  endloop
endfacet
facet normal -1 -0 0
  outer loop
    vertex -8.75 13.92972251625732 -69.27629413814266
    vertex -8.75 11.90629668834311 -72.05329321992103
    vertex -8.75 10.68426714725624 -68.84571221191823
  endloop
endfacet
facet normal -1 -0 0
  outer loop
    vertex -8.75 12.70769297517046 -66.06871313013986
    vertex -8.75 10.68426714725624 -68.84571221191823
    vertex -8.75 9.462237606169376 -65.63813120391541
  endloop
endfacet
facet normal -1 0 -0
  outer loop
    vertex -8.75 6.711662918192273 -46.39212813209347
    vertex -8.75 9.308979803267693 -47.16941745608622
    vertex -8.75 6.028090542814216 -49.37747769841152
  endloop
endfacet
facet normal -1 0 0
  outer loop
    vertex -8.75 9.308979803267693 -47.16941745608622
    vertex -8.75 8.625407427889638 -50.15476702240428
    vertex -8.75 6.028090542814216 -49.37747769841152
  endloop
endfacet
facet normal -1 0 -0
  outer loop
    vertex -8.75 9.308979803267693 -47.16941745608622
    vertex -8.75 11.90629668834312 -47.94670678007898
    vertex -8.75 8.625407427889638 -50.15476702240428
  endloop
endfacet
facet normal -1 0 -0
  outer loop
    vertex -8.75 6.028090542814216 -49.37747769841152
    vertex -8.75 8.625407427889638 -50.15476702240428
    vertex -8.75 5.34451816743616 -52.36282726472958
  endloop
endfacet
facet normal -1 0 0
  outer loop
    vertex -8.75 0 -63.23821686258285
    vertex -8.75 0 -59.99999999999999
    vertex -8.75 2.567596974043175 -61.87104104052838
  endloop
endfacet
facet normal -1 0 0
  outer loop
    vertex -8.75 0 -59.99999999999999
    vertex -8.75 2.567596974043175 -58.63282417794552
    vertex -8.75 2.567596974043175 -61.87104104052838
  endloop
endfacet
facet normal -1 0 0
  outer loop
    vertex -8.75 0 -59.99999999999999
    vertex -8.75 0 -56.76178313741714
    vertex -8.75 2.567596974043175 -58.63282417794552
  endloop
endfacet
facet normal -1 0 0
  outer loop
    vertex -8.75 2.567596974043175 -61.87104104052838
    vertex -8.75 2.567596974043175 -58.63282417794552
    vertex -8.75 5.135193948086351 -60.50386521847389
  endloop
endfacet
facet normal -1 0 0
  outer loop
    vertex -8.75 9.462237606169376 -65.63813120391541
    vertex -8.75 8.256267167563161 -69.2022518046191
    vertex -8.75 6.758840257132912 -66.52790543486051
  endloop
endfacet
facet normal -1 -0 0
  outer loop
    vertex -8.75 8.256267167563161 -69.2022518046191
    vertex -8.75 5.552869818526696 -70.0920260355642
    vertex -8.75 6.758840257132912 -66.52790543486051
  endloop
endfacet
facet normal -1 0 0
  outer loop
    vertex -8.75 8.256267167563161 -69.2022518046191
    vertex -8.75 7.050296728956945 -72.76637240532277
    vertex -8.75 5.552869818526696 -70.0920260355642
  endloop
endfacet
facet normal -1 0 0
  outer loop
    vertex -8.75 6.758840257132912 -66.52790543486051
    vertex -8.75 5.552869818526696 -70.0920260355642
    vertex -8.75 4.055442908096448 -67.41767966580564
  endloop
endfacet
facet normal -1 0 0
  outer loop
    vertex -8.75 5.135193948086351 -60.50386521847389
    vertex -8.75 5.239856057761255 -56.43334624160174
    vertex -8.75 7.934489214505247 -58.59362391567984
  endloop
endfacet
facet normal -1 0 0
  outer loop
    vertex -8.75 5.239856057761255 -56.43334624160174
    vertex -8.75 8.039151324180152 -54.52310493880768
    vertex -8.75 7.934489214505247 -58.59362391567984
  endloop
endfacet
facet normal -1 0 0
  outer loop
    vertex -8.75 5.239856057761255 -56.43334624160174
    vertex -8.75 5.34451816743616 -52.36282726472958
    vertex -8.75 8.039151324180152 -54.52310493880768
  endloop
endfacet
facet normal -1 0 0
  outer loop
    vertex -8.75 7.934489214505247 -58.59362391567984
    vertex -8.75 8.039151324180152 -54.52310493880768
    vertex -8.75 10.73378448092414 -56.68338261288579
  endloop
endfacet
facet normal -1 0 0
  outer loop
    vertex -8.75 5.34451816743616 -52.36282726472958
    vertex -8.75 2.67225908371808 -51.32408833849051
    vertex -8.75 4.064065287942212 -49.75683774985289
  endloop
endfacet
facet normal -1 0 0
  outer loop
    vertex -8.75 2.67225908371808 -51.32408833849051
    vertex -8.75 1.391806204224132 -48.71809882361383
    vertex -8.75 4.064065287942212 -49.75683774985289
  endloop
endfacet
facet normal -1 0 0
  outer loop
    vertex -8.75 2.67225908371808 -51.32408833849051
    vertex -8.75 0 -50.28534941225145
    vertex -8.75 1.391806204224132 -48.71809882361383
  endloop
endfacet
facet normal -1 0 0
  outer loop
    vertex -8.75 4.064065287942212 -49.75683774985289
    vertex -8.75 1.391806204224132 -48.71809882361383
    vertex -8.75 2.783612408448264 -47.15084823497621
  endloop
endfacet
facet normal -1 -0 0
  outer loop
    vertex -8.75 11.90629668834311 -72.05329321992103
    vertex -8.75 9.478296708650028 -72.4098328126219
    vertex -8.75 10.68426714725624 -68.84571221191823
  endloop
endfacet
facet normal -1 0 0
  outer loop
    vertex -8.75 9.478296708650028 -72.4098328126219
    vertex -8.75 8.256267167563161 -69.2022518046191
    vertex -8.75 10.68426714725624 -68.84571221191823
  endloop
endfacet
facet normal -1 -0 0
  outer loop
    vertex -8.75 9.478296708650028 -72.4098328126219
    vertex -8.75 7.050296728956945 -72.76637240532277
    vertex -8.75 8.256267167563161 -69.2022518046191
  endloop
endfacet
facet normal -1 -0 0
  outer loop
    vertex -8.75 10.68426714725624 -68.84571221191823
    vertex -8.75 8.256267167563161 -69.2022518046191
    vertex -8.75 9.462237606169376 -65.63813120391541
  endloop
endfacet
facet normal -1 0 0
  outer loop
    vertex -8.75 7.859445032514678 -77.60729138347777
    vertex -8.75 5.934690032647723 -77.04825637119421
    vertex -8.75 7.45487088073581 -75.18683189440027
  endloop
endfacet
facet normal -1 0 0
  outer loop
    vertex -8.75 5.934690032647723 -77.04825637119421
    vertex -8.75 5.516151504738569 -74.68175821856272
    vertex -8.75 7.45487088073581 -75.18683189440027
  endloop
endfacet
facet normal -1 0 0
  outer loop
    vertex -8.75 5.934690032647723 -77.04825637119421
    vertex -8.75 3.982006280520193 -76.59714403180267
    vertex -8.75 5.516151504738569 -74.68175821856272
  endloop
endfacet
facet normal -1 0 0
  outer loop
    vertex -8.75 7.45487088073581 -75.18683189440027
    vertex -8.75 5.516151504738569 -74.68175821856272
    vertex -8.75 7.050296728956945 -72.76637240532277
  endloop
endfacet
facet normal -1 0 0
  outer loop
    vertex -8.75 6.711662918192273 -46.39212813209347
    vertex -8.75 6.028090542814216 -49.37747769841152
    vertex -8.75 4.747637663320269 -46.77148818353484
  endloop
endfacet
facet normal -1 -0 0
  outer loop
    vertex -8.75 6.028090542814216 -49.37747769841152
    vertex -8.75 4.064065287942212 -49.75683774985289
    vertex -8.75 4.747637663320269 -46.77148818353484
  endloop
endfacet
facet normal -1 0 0
  outer loop
    vertex -8.75 6.028090542814216 -49.37747769841152
    vertex -8.75 5.34451816743616 -52.36282726472958
    vertex -8.75 4.064065287942212 -49.75683774985289
  endloop
endfacet
facet normal -1 0 0
  outer loop
    vertex -8.75 4.747637663320269 -46.77148818353484
    vertex -8.75 4.064065287942212 -49.75683774985289
    vertex -8.75 2.783612408448264 -47.15084823497621
  endloop
endfacet
facet normal -1 0 -0
  outer loop
    vertex -8.75 15.95314834417156 -53.50070494363572
    vertex -8.75 16.27723023775494 -56.82438260505842
    vertex -8.75 13.34346641254785 -55.09204377826076
  endloop
endfacet
facet normal -1 -0 0
  outer loop
    vertex -8.75 16.27723023775494 -56.82438260505842
    vertex -8.75 13.66754830613123 -58.41572143968345
    vertex -8.75 13.34346641254785 -55.09204377826076
  endloop
endfacet
facet normal -1 0 -0
  outer loop
    vertex -8.75 16.27723023775494 -56.82438260505842
    vertex -8.75 16.60131213133831 -60.14806026648112
    vertex -8.75 13.66754830613123 -58.41572143968345
  endloop
endfacet
facet normal -1 0 -0
  outer loop
    vertex -8.75 13.34346641254785 -55.09204377826076
    vertex -8.75 13.66754830613123 -58.41572143968345
    vertex -8.75 10.73378448092414 -56.68338261288579
  endloop
endfacet
facet normal -1 0 0
  outer loop
    vertex -8.75 0 -63.23821686258285
    vertex -8.75 2.567596974043175 -61.87104104052838
    vertex -8.75 2.027721454048224 -65.32794826419425
  endloop
endfacet
facet normal -1 0 -0
  outer loop
    vertex -8.75 2.567596974043175 -61.87104104052838
    vertex -8.75 4.595318428091399 -63.96077244213976
    vertex -8.75 2.027721454048224 -65.32794826419425
  endloop
endfacet
facet normal -1 0 0
  outer loop
    vertex -8.75 2.567596974043175 -61.87104104052838
    vertex -8.75 5.135193948086351 -60.50386521847389
    vertex -8.75 4.595318428091399 -63.96077244213976
  endloop
endfacet
facet normal -1 0 0
  outer loop
    vertex -8.75 2.027721454048224 -65.32794826419425
    vertex -8.75 4.595318428091399 -63.96077244213976
    vertex -8.75 4.055442908096448 -67.41767966580564
  endloop
endfacet
facet normal -1 0 -0
  outer loop
    vertex -8.75 5.135193948086351 -60.50386521847389
    vertex -8.75 7.298715777127863 -63.07099821119465
    vertex -8.75 4.595318428091399 -63.96077244213976
  endloop
endfacet
facet normal -1 0 0
  outer loop
    vertex -8.75 7.298715777127863 -63.07099821119465
    vertex -8.75 6.758840257132912 -66.52790543486051
    vertex -8.75 4.595318428091399 -63.96077244213976
  endloop
endfacet
facet normal -1 0 -0
  outer loop
    vertex -8.75 7.298715777127863 -63.07099821119465
    vertex -8.75 9.462237606169376 -65.63813120391541
    vertex -8.75 6.758840257132912 -66.52790543486051
  endloop
endfacet
facet normal -1 0 -0
  outer loop
    vertex -8.75 4.595318428091399 -63.96077244213976
    vertex -8.75 6.758840257132912 -66.52790543486051
    vertex -8.75 4.055442908096448 -67.41767966580564
  endloop
endfacet
facet normal -1 0 0
  outer loop
    vertex -8.75 7.050296728956945 -72.76637240532277
    vertex -8.75 4.867612947161481 -72.70560706105653
    vertex -8.75 5.552869818526696 -70.0920260355642
  endloop
endfacet
facet normal -1 0 0
  outer loop
    vertex -8.75 4.867612947161481 -72.70560706105653
    vertex -8.75 3.370186036731233 -70.03126069129796
    vertex -8.75 5.552869818526696 -70.0920260355642
  endloop
endfacet
facet normal -1 0 0
  outer loop
    vertex -8.75 4.867612947161481 -72.70560706105653
    vertex -8.75 2.684929165366017 -72.64484171679028
    vertex -8.75 3.370186036731233 -70.03126069129796
  endloop
endfacet
facet normal -1 0 0
  outer loop
    vertex -8.75 5.552869818526696 -70.0920260355642
    vertex -8.75 3.370186036731233 -70.03126069129796
    vertex -8.75 4.055442908096448 -67.41767966580564
  endloop
endfacet
facet normal -1 0 0
  outer loop
    vertex -8.75 0 -69.71465058774858
    vertex -8.75 0 -66.47643372516572
    vertex -8.75 2.027721454048224 -68.56616512677711
  endloop
endfacet
facet normal -1 0 0
  outer loop
    vertex -8.75 0 -66.47643372516572
    vertex -8.75 2.027721454048224 -65.32794826419425
    vertex -8.75 2.027721454048224 -68.56616512677711
  endloop
endfacet
facet normal -1 0 0
  outer loop
    vertex -8.75 0 -66.47643372516572
    vertex -8.75 0 -63.23821686258285
    vertex -8.75 2.027721454048224 -65.32794826419425
  endloop
endfacet
facet normal -1 0 0
  outer loop
    vertex -8.75 2.027721454048224 -68.56616512677711
    vertex -8.75 2.027721454048224 -65.32794826419425
    vertex -8.75 4.055442908096448 -67.41767966580564
  endloop
endfacet
facet normal -1 0 0
  outer loop
    vertex -8.75 2.684929165366017 -72.64484171679028
    vertex -8.75 1.342464582683009 -71.17974615226943
    vertex -8.75 3.370186036731233 -70.03126069129796
  endloop
endfacet
facet normal -1 0 0
  outer loop
    vertex -8.75 1.342464582683009 -71.17974615226943
    vertex -8.75 2.027721454048224 -68.56616512677711
    vertex -8.75 3.370186036731233 -70.03126069129796
  endloop
endfacet
facet normal -1 0 0
  outer loop
    vertex -8.75 1.342464582683009 -71.17974615226943
    vertex -8.75 0 -69.71465058774858
    vertex -8.75 2.027721454048224 -68.56616512677711
  endloop
endfacet
facet normal -1 0 0
  outer loop
    vertex -8.75 3.370186036731233 -70.03126069129796
    vertex -8.75 2.027721454048224 -68.56616512677711
    vertex -8.75 4.055442908096448 -67.41767966580564
  endloop
endfacet
facet normal -1 0 0
  outer loop
    vertex -8.75 3.982006280520184 -43.40285596819733
    vertex -8.75 5.934690032647699 -42.95174362880579
    vertex -8.75 5.346834599356228 -44.8974920501454
  endloop
endfacet
facet normal -1 0 -0
  outer loop
    vertex -8.75 5.934690032647699 -42.95174362880579
    vertex -8.75 7.285553975353467 -44.39241837430784
    vertex -8.75 5.346834599356228 -44.8974920501454
  endloop
endfacet
facet normal -1 0 0
  outer loop
    vertex -8.75 5.934690032647699 -42.95174362880579
    vertex -8.75 7.859445032514655 -42.3927086165222
    vertex -8.75 7.285553975353467 -44.39241837430784
  endloop
endfacet
facet normal -1 0 0
  outer loop
    vertex -8.75 5.346834599356228 -44.8974920501454
    vertex -8.75 7.285553975353467 -44.39241837430784
    vertex -8.75 6.711662918192273 -46.39212813209347
  endloop
endfacet
facet normal -1 0 0
  outer loop
    vertex -8.75 1.071565949253934e-15 -43.80891568708574
    vertex -8.75 2.000742298142954 -43.70271760723971
    vertex -8.75 1.391806204224132 -45.47988196103098
  endloop
endfacet
facet normal -1 0 -0
  outer loop
    vertex -8.75 2.000742298142954 -43.70271760723971
    vertex -8.75 3.382809344484224 -45.27685210158677
    vertex -8.75 1.391806204224132 -45.47988196103098
  endloop
endfacet
facet normal -1 0 0
  outer loop
    vertex -8.75 2.000742298142954 -43.70271760723971
    vertex -8.75 3.982006280520184 -43.40285596819733
    vertex -8.75 3.382809344484224 -45.27685210158677
  endloop
endfacet
facet normal -1 0 0
  outer loop
    vertex -8.75 1.391806204224132 -45.47988196103098
    vertex -8.75 3.382809344484224 -45.27685210158677
    vertex -8.75 2.783612408448264 -47.15084823497621
  endloop
endfacet
facet normal -1 0 0
  outer loop
    vertex -8.75 3.982006280520193 -76.59714403180267
    vertex -8.75 2.000742298142959 -76.29728239276028
    vertex -8.75 3.333467722943105 -74.62099287429648
  endloop
endfacet
facet normal -1 0 0
  outer loop
    vertex -8.75 2.000742298142959 -76.29728239276028
    vertex -8.75 1.342464582683009 -74.41796301485228
    vertex -8.75 3.333467722943105 -74.62099287429648
  endloop
endfacet
facet normal -1 0 0
  outer loop
    vertex -8.75 2.000742298142959 -76.29728239276028
    vertex -8.75 1.071565949253934e-15 -76.19108431291426
    vertex -8.75 1.342464582683009 -74.41796301485228
  endloop
endfacet
facet normal -1 0 0
  outer loop
    vertex -8.75 3.333467722943105 -74.62099287429648
    vertex -8.75 1.342464582683009 -74.41796301485228
    vertex -8.75 2.684929165366017 -72.64484171679028
  endloop
endfacet
facet normal -1 -0 0
  outer loop
    vertex -8.75 7.050296728956945 -72.76637240532277
    vertex -8.75 5.516151504738569 -74.68175821856272
    vertex -8.75 4.867612947161481 -72.70560706105653
  endloop
endfacet
facet normal -1 0 0
  outer loop
    vertex -8.75 5.516151504738569 -74.68175821856272
    vertex -8.75 3.333467722943105 -74.62099287429648
    vertex -8.75 4.867612947161481 -72.70560706105653
  endloop
endfacet
facet normal -1 -0 0
  outer loop
    vertex -8.75 5.516151504738569 -74.68175821856272
    vertex -8.75 3.982006280520193 -76.59714403180267
    vertex -8.75 3.333467722943105 -74.62099287429648
  endloop
endfacet
facet normal -1 -0 0
  outer loop
    vertex -8.75 4.867612947161481 -72.70560706105653
    vertex -8.75 3.333467722943105 -74.62099287429648
    vertex -8.75 2.684929165366017 -72.64484171679028
  endloop
endfacet
facet normal -1 0 -0
  outer loop
    vertex -8.75 3.982006280520184 -43.40285596819733
    vertex -8.75 5.346834599356228 -44.8974920501454
    vertex -8.75 3.382809344484224 -45.27685210158677
  endloop
endfacet
facet normal -1 0 0
  outer loop
    vertex -8.75 5.346834599356228 -44.8974920501454
    vertex -8.75 4.747637663320269 -46.77148818353484
    vertex -8.75 3.382809344484224 -45.27685210158677
  endloop
endfacet
facet normal -1 0 -0
  outer loop
    vertex -8.75 5.346834599356228 -44.8974920501454
    vertex -8.75 6.711662918192273 -46.39212813209347
    vertex -8.75 4.747637663320269 -46.77148818353484
  endloop
endfacet
facet normal -1 0 -0
  outer loop
    vertex -8.75 3.382809344484224 -45.27685210158677
    vertex -8.75 4.747637663320269 -46.77148818353484
    vertex -8.75 2.783612408448264 -47.15084823497621
  endloop
endfacet
facet normal -1 0 -0
  outer loop
    vertex -8.75 20 -59.05470310719247
    vertex -8.75 20 -60
    vertex -8.75 18.30065606566915 -59.6013816868368
  endloop
endfacet
facet normal -1 -0 0
  outer loop
    vertex -8.75 20 -60
    vertex -8.75 18.30065606566915 -60.54667857964432
    vertex -8.75 18.30065606566915 -59.6013816868368
  endloop
endfacet
facet normal -1 0 -0
  outer loop
    vertex -8.75 20 -60
    vertex -8.75 20 -60.94529689280753
    vertex -8.75 18.30065606566915 -60.54667857964432
  endloop
endfacet
facet normal -1 0 -0
  outer loop
    vertex -8.75 18.30065606566915 -59.6013816868368
    vertex -8.75 18.30065606566915 -60.54667857964432
    vertex -8.75 16.60131213133831 -60.14806026648112
  endloop
endfacet
facet normal 0.150454 0.429974 0.890217
  outer loop
    vertex 3.027291314393816 13.26342986358108 -78.47398745568788
    vertex 4.042070644817215 11.88601653329434 -77.98020486705661
    vertex 5.902781601416266 12.25725229463441 -78.47398745568788
  endloop
endfacet
facet normal 0.172222 0.357623 0.917848
  outer loop
    vertex 4.042070644817215 11.88601653329434 -77.98020486705661
    vertex 6.77267210142894 10.57102817771127 -77.98020486705661
    vertex 5.902781601416266 12.25725229463441 -78.47398745568788
  endloop
endfacet
facet normal 0.200878 0.417128 0.88637
  outer loop
    vertex 4.042070644817215 11.88601653329434 -77.98020486705661
    vertex 5.047653763847763 10.48156104311877 -77.5471607633509
    vertex 6.77267210142894 10.57102817771127 -77.98020486705661
  endloop
endfacet
facet normal 0.24236 0.385714 0.890217
  outer loop
    vertex 5.902781601416266 12.25725229463441 -78.47398745568788
    vertex 6.77267210142894 10.57102817771127 -77.98020486705661
    vertex 8.482281771074268 10.63644491380649 -78.47398745568788
  endloop
endfacet
facet normal -0.24236 0.385714 0.890217
  outer loop
    vertex -8.482281771074268 10.63644491380649 -78.47398745568788
    vertex -6.772672101426497 10.5710281777062 -77.980204867054
    vertex -5.902781601416268 12.2572522946344 -78.47398745568788
  endloop
endfacet
facet normal -0.172222 0.357623 0.917848
  outer loop
    vertex -6.772672101426497 10.5710281777062 -77.980204867054
    vertex -4.042070644814773 11.88601653328927 -77.980204867054
    vertex -5.902781601416268 12.2572522946344 -78.47398745568788
  endloop
endfacet
facet normal -0.200878 0.417128 0.88637
  outer loop
    vertex -6.772672101426497 10.5710281777062 -77.980204867054
    vertex -5.047653763842886 10.48156104310864 -77.54716076334562
    vertex -4.042070644814773 11.88601653328927 -77.980204867054
  endloop
endfacet
facet normal -0.150454 0.429974 0.890217
  outer loop
    vertex -5.902781601416268 12.2572522946344 -78.47398745568788
    vertex -4.042070644814773 11.88601653328927 -77.980204867054
    vertex -3.027291314393818 13.26342986358108 -78.47398745568788
  endloop
endfacet
facet normal 0.339054 0.262397 0.903433
  outer loop
    vertex 8.75 7.859445032514667 -77.60729138347779
    vertex 8.75 5.934690032647716 -77.04825637119421
    vertex 10.52273094269835 6.893629210055276 -77.99207201361324
  endloop
endfacet
facet normal 0.369415 0.208399 0.905595
  outer loop
    vertex 8.75 5.934690032647716 -77.04825637119421
    vertex 10.50373504159849 4.942445180266785 -77.53530982926907
    vertex 10.52273094269835 6.893629210055276 -77.99207201361324
  endloop
endfacet
facet normal 0.369749 0.209141 0.905287
  outer loop
    vertex 8.75 5.934690032647716 -77.04825637119421
    vertex 8.75 3.982006280520188 -76.59714403180266
    vertex 10.50373504159849 4.942445180266785 -77.53530982926907
  endloop
endfacet
facet normal 0.370481 0.208292 0.905184
  outer loop
    vertex 10.52273094269835 6.893629210055276 -77.99207201361324
    vertex 10.50373504159849 4.942445180266785 -77.53530982926907
    vertex 12.2572522946344 5.902781601416272 -78.47398745568788
  endloop
endfacet
facet normal -0.369749 0.209141 0.905287
  outer loop
    vertex -8.75 3.982006280520193 -76.59714403180267
    vertex -8.75 5.934690032647723 -77.04825637119421
    vertex -10.5037350415985 4.942445180266791 -77.53530982926908
  endloop
endfacet
facet normal -0.369415 0.208399 0.905595
  outer loop
    vertex -8.75 5.934690032647723 -77.04825637119421
    vertex -10.52273094269834 6.893629210055276 -77.99207201361324
    vertex -10.5037350415985 4.942445180266791 -77.53530982926908
  endloop
endfacet
facet normal -0.339054 0.262397 0.903433
  outer loop
    vertex -8.75 5.934690032647723 -77.04825637119421
    vertex -8.75 7.859445032514678 -77.60729138347777
    vertex -10.52273094269834 6.893629210055276 -77.99207201361324
  endloop
endfacet
facet normal -0.370481 0.208292 0.905184
  outer loop
    vertex -10.5037350415985 4.942445180266791 -77.53530982926908
    vertex -10.52273094269834 6.893629210055276 -77.99207201361324
    vertex -12.2572522946344 5.902781601416271 -78.47398745568788
  endloop
endfacet
facet normal -0.193263 0.354433 0.914892
  outer loop
    vertex -2.975152543807326 8.729440884912586 -76.41328780304981
    vertex -4.012702256823609 9.608611729651953 -76.97305567399458
    vertex -5.898684004071482 8.378515057469111 -76.89490698925314
  endloop
endfacet
facet normal -0.21372 0.384723 0.897949
  outer loop
    vertex -4.012702256823609 9.608611729651953 -76.97305567399458
    vertex -6.92298271738591 9.202613013362472 -77.49178129097226
    vertex -5.898684004071482 8.378515057469111 -76.89490698925314
  endloop
endfacet
facet normal -0.211453 0.349576 0.912734
  outer loop
    vertex -4.012702256823609 9.608611729651953 -76.97305567399458
    vertex -5.047653763842886 10.48156104310864 -77.54716076334562
    vertex -6.92298271738591 9.202613013362472 -77.49178129097226
  endloop
endfacet
facet normal -0.282884 0.306631 0.90882
  outer loop
    vertex -5.898684004071482 8.378515057469111 -76.89490698925314
    vertex -6.92298271738591 9.202613013362472 -77.49178129097226
    vertex -8.75 7.859445032514678 -77.60729138347777
  endloop
endfacet
facet normal 0.282884 0.306631 0.90882
  outer loop
    vertex 8.75 7.859445032514667 -77.60729138347779
    vertex 6.922982717388361 9.202613013367554 -77.49178129097486
    vertex 5.898684004071493 8.378515057469109 -76.89490698925314
  endloop
endfacet
facet normal 0.21372 0.384723 0.897949
  outer loop
    vertex 6.922982717388361 9.202613013367554 -77.49178129097486
    vertex 4.012702256826067 9.608611729657017 -76.97305567399722
    vertex 5.898684004071493 8.378515057469109 -76.89490698925314
  endloop
endfacet
facet normal 0.211453 0.349576 0.912734
  outer loop
    vertex 6.922982717388361 9.202613013367554 -77.49178129097486
    vertex 5.047653763847763 10.48156104311877 -77.5471607633509
    vertex 4.012702256826067 9.608611729657017 -76.97305567399722
  endloop
endfacet
facet normal 0.193263 0.354433 0.914892
  outer loop
    vertex 5.898684004071493 8.378515057469109 -76.89490698925314
    vertex 4.012702256826067 9.608611729657017 -76.97305567399722
    vertex 2.975152543807364 8.729440884912584 -76.41328780304981
  endloop
endfacet
facet normal -0.447248 0.0503927 0.892989
  outer loop
    vertex -13.60452367590791 1.6660736373625e-15 -78.47398745568788
    vertex -12.2883575556064 1.201794642652771 -77.88261353470425
    vertex -13.26342986358108 3.02729131439382 -78.47398745568788
  endloop
endfacet
facet normal -0.391436 0.0876649 0.91602
  outer loop
    vertex -12.2883575556064 1.201794642652771 -77.88261353470425
    vertex -11.61601312922147 4.157001602759956 -77.878124767199
    vertex -13.26342986358108 3.02729131439382 -78.47398745568788
  endloop
endfacet
facet normal -0.444902 0.0998685 0.889994
  outer loop
    vertex -12.2883575556064 1.201794642652771 -77.88261353470425
    vertex -10.94639781611694 2.401066683467623 -77.34635064103988
    vertex -11.61601312922147 4.157001602759956 -77.878124767199
  endloop
endfacet
facet normal -0.424932 0.14869 0.89293
  outer loop
    vertex -13.26342986358108 3.02729131439382 -78.47398745568788
    vertex -11.61601312922147 4.157001602759956 -77.878124767199
    vertex -12.2572522946344 5.902781601416271 -78.47398745568788
  endloop
endfacet
facet normal 0.251271 0.322329 0.91267
  outer loop
    vertex 8.482281771074268 10.63644491380649 -78.47398745568788
    vertex 6.77267210142894 10.57102817771127 -77.98020486705661
    vertex 8.621487276585704 9.253683404191245 -78.02396140634983
  endloop
endfacet
facet normal 0.270502 0.349842 0.896905
  outer loop
    vertex 6.77267210142894 10.57102817771127 -77.98020486705661
    vertex 6.922982717388361 9.202613013367554 -77.49178129097486
    vertex 8.621487276585704 9.253683404191245 -78.02396140634983
  endloop
endfacet
facet normal 0.211096 0.349066 0.913012
  outer loop
    vertex 6.77267210142894 10.57102817771127 -77.98020486705661
    vertex 5.047653763847763 10.48156104311877 -77.5471607633509
    vertex 6.922982717388361 9.202613013367554 -77.49178129097486
  endloop
endfacet
facet normal 0.277177 0.298484 0.91328
  outer loop
    vertex 8.621487276585704 9.253683404191245 -78.02396140634983
    vertex 6.922982717388361 9.202613013367554 -77.49178129097486
    vertex 8.75 7.859445032514667 -77.60729138347779
  endloop
endfacet
facet normal -0.277177 0.298484 0.91328
  outer loop
    vertex -8.75 7.859445032514678 -77.60729138347777
    vertex -6.92298271738591 9.202613013362472 -77.49178129097226
    vertex -8.6214872765857 9.253683404191246 -78.02396140634983
  endloop
endfacet
facet normal -0.270502 0.349842 0.896905
  outer loop
    vertex -6.92298271738591 9.202613013362472 -77.49178129097226
    vertex -6.772672101426497 10.5710281777062 -77.980204867054
    vertex -8.6214872765857 9.253683404191246 -78.02396140634983
  endloop
endfacet
facet normal -0.211096 0.349066 0.913012
  outer loop
    vertex -6.92298271738591 9.202613013362472 -77.49178129097226
    vertex -5.047653763842886 10.48156104310864 -77.54716076334562
    vertex -6.772672101426497 10.5710281777062 -77.980204867054
  endloop
endfacet
facet normal -0.251271 0.322329 0.91267
  outer loop
    vertex -8.6214872765857 9.253683404191246 -78.02396140634983
    vertex -6.772672101426497 10.5710281777062 -77.980204867054
    vertex -8.482281771074268 10.63644491380649 -78.47398745568788
  endloop
endfacet
facet normal -0.425414 0.0258342 0.90463
  outer loop
    vertex -8.75 1.071565949253934e-15 -76.19108431291426
    vertex -9.858484356370148 1.201787177460338 -76.74668387253143
    vertex -11.17726183795395 1.368819793308217e-15 -77.33253588430107
  endloop
endfacet
facet normal -0.423381 0.0231027 0.905657
  outer loop
    vertex -9.858484356370148 1.201787177460338 -76.74668387253143
    vertex -12.2883575556064 1.201794642652771 -77.88261353470425
    vertex -11.17726183795395 1.368819793308217e-15 -77.33253588430107
  endloop
endfacet
facet normal -0.422495 0.0686395 0.903762
  outer loop
    vertex -9.858484356370148 1.201787177460338 -76.74668387253143
    vertex -10.94639781611694 2.401066683467623 -77.34635064103988
    vertex -12.2883575556064 1.201794642652771 -77.88261353470425
  endloop
endfacet
facet normal -0.425464 0.0207556 0.904737
  outer loop
    vertex -11.17726183795395 1.368819793308217e-15 -77.33253588430107
    vertex -12.2883575556064 1.201794642652771 -77.88261353470425
    vertex -13.60452367590791 1.6660736373625e-15 -78.47398745568788
  endloop
endfacet
facet normal -0.394354 0.163784 0.904245
  outer loop
    vertex -12.2572522946344 5.902781601416271 -78.47398745568788
    vertex -11.61601312922147 4.157001602759956 -77.878124767199
    vertex -10.5037350415985 4.942445180266791 -77.53530982926908
  endloop
endfacet
facet normal -0.391644 0.159065 0.906263
  outer loop
    vertex -11.61601312922147 4.157001602759956 -77.878124767199
    vertex -9.8581255640223 3.194753444298239 -76.94955781978086
    vertex -10.5037350415985 4.942445180266791 -77.53530982926908
  endloop
endfacet
facet normal -0.413663 0.115734 0.903044
  outer loop
    vertex -11.61601312922147 4.157001602759956 -77.878124767199
    vertex -10.94639781611694 2.401066683467623 -77.34635064103988
    vertex -9.8581255640223 3.194753444298239 -76.94955781978086
  endloop
endfacet
facet normal -0.398213 0.155864 0.903954
  outer loop
    vertex -10.5037350415985 4.942445180266791 -77.53530982926908
    vertex -9.8581255640223 3.194753444298239 -76.94955781978086
    vertex -8.75 3.982006280520193 -76.59714403180267
  endloop
endfacet
facet normal -0.119648 0.411971 0.903307
  outer loop
    vertex -3.027291314393818 13.26342986358108 -78.47398745568788
    vertex -4.042070644814773 11.88601653328927 -77.980204867054
    vertex -3.001931414033775 10.99903491716678 -77.43790759635026
  endloop
endfacet
facet normal -0.132313 0.399467 0.907149
  outer loop
    vertex -4.042070644814773 11.88601653328927 -77.980204867054
    vertex -4.012702256823609 9.608611729651953 -76.97305567399458
    vertex -3.001931414033775 10.99903491716678 -77.43790759635026
  endloop
endfacet
facet normal -0.165826 0.397062 0.902687
  outer loop
    vertex -4.042070644814773 11.88601653328927 -77.980204867054
    vertex -5.047653763842886 10.48156104310864 -77.54716076334562
    vertex -4.012702256823609 9.608611729651953 -76.97305567399458
  endloop
endfacet
facet normal -0.143121 0.405828 0.902674
  outer loop
    vertex -3.001931414033775 10.99903491716678 -77.43790759635026
    vertex -4.012702256823609 9.608611729651953 -76.97305567399458
    vertex -2.975152543807326 8.729440884912586 -76.41328780304981
  endloop
endfacet
facet normal 0.143121 0.405828 0.902674
  outer loop
    vertex 2.975152543807364 8.729440884912584 -76.41328780304981
    vertex 4.012702256826067 9.608611729657017 -76.97305567399722
    vertex 3.001931414033794 10.99903491716677 -77.43790759635027
  endloop
endfacet
facet normal 0.132313 0.399467 0.907149
  outer loop
    vertex 4.012702256826067 9.608611729657017 -76.97305567399722
    vertex 4.042070644817215 11.88601653329434 -77.98020486705661
    vertex 3.001931414033794 10.99903491716677 -77.43790759635027
  endloop
endfacet
facet normal 0.165826 0.397062 0.902687
  outer loop
    vertex 4.012702256826067 9.608611729657017 -76.97305567399722
    vertex 5.047653763847763 10.48156104311877 -77.5471607633509
    vertex 4.042070644817215 11.88601653329434 -77.98020486705661
  endloop
endfacet
facet normal 0.119648 0.411971 0.903307
  outer loop
    vertex 3.001931414033794 10.99903491716677 -77.43790759635027
    vertex 4.042070644817215 11.88601653329434 -77.98020486705661
    vertex 3.027291314393816 13.26342986358108 -78.47398745568788
  endloop
endfacet
facet normal -0.387827 0.137932 0.911353
  outer loop
    vertex -8.75 3.982006280520193 -76.59714403180267
    vertex -9.8581255640223 3.194753444298239 -76.94955781978086
    vertex -8.75 2.000742298142959 -76.29728239276028
  endloop
endfacet
facet normal -0.430077 0.0915038 0.898143
  outer loop
    vertex -9.8581255640223 3.194753444298239 -76.94955781978086
    vertex -9.858484356370148 1.201787177460338 -76.74668387253143
    vertex -8.75 2.000742298142959 -76.29728239276028
  endloop
endfacet
facet normal -0.400162 0.0928811 0.911726
  outer loop
    vertex -9.8581255640223 3.194753444298239 -76.94955781978086
    vertex -10.94639781611694 2.401066683467623 -77.34635064103988
    vertex -9.858484356370148 1.201787177460338 -76.74668387253143
  endloop
endfacet
facet normal -0.405076 0.0484613 0.912998
  outer loop
    vertex -8.75 2.000742298142959 -76.29728239276028
    vertex -9.858484356370148 1.201787177460338 -76.74668387253143
    vertex -8.75 1.071565949253934e-15 -76.19108431291426
  endloop
endfacet
facet normal 0.425066 0.0479779 0.90389
  outer loop
    vertex 8.75 0 -76.19108431291426
    vertex 11.17726183795395 0 -77.33253588430107
    vertex 8.75 2.000742298142955 -76.29728239276028
  endloop
endfacet
facet normal 0.41831 0.0379064 0.907513
  outer loop
    vertex 11.17726183795395 0 -77.33253588430107
    vertex 11.22286756668722 1.999126878474175 -77.43705998686103
    vertex 8.75 2.000742298142955 -76.29728239276028
  endloop
endfacet
facet normal 0.425256 0.0375796 0.904293
  outer loop
    vertex 11.17726183795395 0 -77.33253588430107
    vertex 13.60452367590791 0 -78.47398745568788
    vertex 11.22286756668722 1.999126878474175 -77.43705998686103
  endloop
endfacet
facet normal 0.414765 0.136166 0.899683
  outer loop
    vertex 8.75 2.000742298142955 -76.29728239276028
    vertex 11.22286756668722 1.999126878474175 -77.43705998686103
    vertex 8.75 3.982006280520188 -76.59714403180266
  endloop
endfacet
facet normal 0.405627 0.141935 0.902951
  outer loop
    vertex 12.2572522946344 5.902781601416272 -78.47398745568788
    vertex 10.50373504159849 4.942445180266785 -77.53530982926907
    vertex 13.26342986358108 3.027291314393821 -78.47398745568788
  endloop
endfacet
facet normal 0.397535 0.127461 0.908691
  outer loop
    vertex 10.50373504159849 4.942445180266785 -77.53530982926907
    vertex 11.22286756668722 1.999126878474175 -77.43705998686103
    vertex 13.26342986358108 3.027291314393821 -78.47398745568788
  endloop
endfacet
facet normal 0.411121 0.130564 0.902182
  outer loop
    vertex 10.50373504159849 4.942445180266785 -77.53530982926907
    vertex 8.75 3.982006280520188 -76.59714403180266
    vertex 11.22286756668722 1.999126878474175 -77.43705998686103
  endloop
endfacet
facet normal 0.432844 0.0487698 0.900149
  outer loop
    vertex 13.26342986358108 3.027291314393821 -78.47398745568788
    vertex 11.22286756668722 1.999126878474175 -77.43705998686103
    vertex 13.60452367590791 0 -78.47398745568788
  endloop
endfacet
facet normal -0.322148 0.322148 0.890192
  outer loop
    vertex -8.482281771074268 10.63644491380649 -78.47398745568788
    vertex -10.63644491380649 8.48228177107427 -78.47398745568788
    vertex -8.6214872765857 9.253683404191246 -78.02396140634983
  endloop
endfacet
facet normal -0.303227 0.256678 0.917698
  outer loop
    vertex -10.63644491380649 8.48228177107427 -78.47398745568788
    vertex -10.52273094269834 6.893629210055276 -77.99207201361324
    vertex -8.6214872765857 9.253683404191246 -78.02396140634983
  endloop
endfacet
facet normal -0.385801 0.242415 0.890164
  outer loop
    vertex -10.63644491380649 8.48228177107427 -78.47398745568788
    vertex -12.2572522946344 5.902781601416271 -78.47398745568788
    vertex -10.52273094269834 6.893629210055276 -77.99207201361324
  endloop
endfacet
facet normal -0.354534 0.297588 0.886424
  outer loop
    vertex -8.6214872765857 9.253683404191246 -78.02396140634983
    vertex -10.52273094269834 6.893629210055276 -77.99207201361324
    vertex -8.75 7.859445032514678 -77.60729138347777
  endloop
endfacet
facet normal 0.385801 0.242415 0.890164
  outer loop
    vertex 12.2572522946344 5.902781601416272 -78.47398745568788
    vertex 10.63644491380649 8.482281771074272 -78.47398745568788
    vertex 10.52273094269835 6.893629210055276 -77.99207201361324
  endloop
endfacet
facet normal 0.303227 0.256678 0.917698
  outer loop
    vertex 10.63644491380649 8.482281771074272 -78.47398745568788
    vertex 8.621487276585704 9.253683404191245 -78.02396140634983
    vertex 10.52273094269835 6.893629210055276 -77.99207201361324
  endloop
endfacet
facet normal 0.322148 0.322148 0.890192
  outer loop
    vertex 10.63644491380649 8.482281771074272 -78.47398745568788
    vertex 8.482281771074268 10.63644491380649 -78.47398745568788
    vertex 8.621487276585704 9.253683404191245 -78.02396140634983
  endloop
endfacet
facet normal 0.354534 0.297588 0.886424
  outer loop
    vertex 10.52273094269835 6.893629210055276 -77.99207201361324
    vertex 8.621487276585704 9.253683404191245 -78.02396140634983
    vertex 8.75 7.859445032514667 -77.60729138347779
  endloop
endfacet
facet normal -0.0703623 0.425188 0.902366
  outer loop
    vertex -2.975152543807326 8.729440884912586 -76.41328780304981
    vertex 1.893196028784486e-14 8.855274311047301 -76.24059093222192
    vertex 0.02624843740614427 11.07196208751439 -77.2830319334125
  endloop
endfacet
facet normal 0.0574335 0.424302 0.903698
  outer loop
    vertex 1.893196028784486e-14 8.855274311047301 -76.24059093222192
    vertex 3.001931414033794 10.99903491716677 -77.43790759635027
    vertex 0.02624843740614427 11.07196208751439 -77.2830319334125
  endloop
endfacet
facet normal 0.0701237 0.409767 0.909491
  outer loop
    vertex 1.893196028784486e-14 8.855274311047301 -76.24059093222192
    vertex 2.975152543807364 8.729440884912584 -76.41328780304981
    vertex 3.001931414033794 10.99903491716677 -77.43790759635027
  endloop
endfacet
facet normal 0.0574297 0.414849 0.908076
  outer loop
    vertex 0.02624843740614427 11.07196208751439 -77.2830319334125
    vertex 3.001931414033794 10.99903491716677 -77.43790759635027
    vertex 3.027291314393816 13.26342986358108 -78.47398745568788
  endloop
endfacet
facet normal -0.0467795 0.415179 0.908536
  outer loop
    vertex -3.027291314393818 13.26342986358108 -78.47398745568788
    vertex -3.001931414033775 10.99903491716678 -77.43790759635026
    vertex -2.187774266128955e-15 13.60452367590791 -78.47398745568788
  endloop
endfacet
facet normal -0.056441 0.424394 0.903717
  outer loop
    vertex -3.001931414033775 10.99903491716678 -77.43790759635026
    vertex 0.02624843740614427 11.07196208751439 -77.2830319334125
    vertex -2.187774266128955e-15 13.60452367590791 -78.47398745568788
  endloop
endfacet
facet normal -0.0564333 0.410258 0.910222
  outer loop
    vertex -3.001931414033775 10.99903491716678 -77.43790759635026
    vertex -2.975152543807326 8.729440884912586 -76.41328780304981
    vertex 0.02624843740614427 11.07196208751439 -77.2830319334125
  endloop
endfacet
facet normal 0.0479389 0.425469 0.903702
  outer loop
    vertex -2.187774266128955e-15 13.60452367590791 -78.47398745568788
    vertex 0.02624843740614427 11.07196208751439 -77.2830319334125
    vertex 3.027291314393816 13.26342986358108 -78.47398745568788
  endloop
endfacet
facet normal 0.528586 0.84124 0.113626
  outer loop
    vertex 8.482281771074268 10.63644491380649 -78.47398745568788
    vertex 7.238042981295343 11.51927941536535 -79.22195503092092
    vertex 5.902781601416266 12.25725229463441 -78.47398745568788
  endloop
endfacet
facet normal 0.431074 0.895134 -0.113626
  outer loop
    vertex 7.238042981295343 11.51927941536535 -79.22195503092092
    vertex 4.493289318025726 12.84108311447499 -79.22195503092092
    vertex 5.902781601416266 12.25725229463441 -78.47398745568788
  endloop
endfacet
facet normal 0.431074 0.895134 0.113626
  outer loop
    vertex 7.238042981295343 11.51927941536535 -79.22195503092092
    vertex 5.90278160141627 12.2572522946344 -79.96992260615397
    vertex 4.493289318025726 12.84108311447499 -79.22195503092092
  endloop
endfacet
facet normal 0.32814 0.93777 0.113626
  outer loop
    vertex 5.902781601416266 12.25725229463441 -78.47398745568788
    vertex 4.493289318025726 12.84108311447499 -79.22195503092092
    vertex 3.027291314393816 13.26342986358108 -78.47398745568788
  endloop
endfacet
facet normal -0.32814 0.93777 0.113626
  outer loop
    vertex -3.027291314393818 13.26342986358108 -78.47398745568788
    vertex -4.493289318025723 12.84108311447499 -79.22195503092092
    vertex -5.902781601416268 12.2572522946344 -78.47398745568788
  endloop
endfacet
facet normal -0.431074 0.895134 -0.113626
  outer loop
    vertex -4.493289318025723 12.84108311447499 -79.22195503092092
    vertex -7.238042981295341 11.51927941536536 -79.22195503092092
    vertex -5.902781601416268 12.2572522946344 -78.47398745568788
  endloop
endfacet
facet normal -0.431074 0.895134 0.113626
  outer loop
    vertex -4.493289318025723 12.84108311447499 -79.22195503092092
    vertex -5.902781601416268 12.2572522946344 -79.96992260615399
    vertex -7.238042981295341 11.51927941536536 -79.22195503092092
  endloop
endfacet
facet normal -0.528586 0.84124 0.113626
  outer loop
    vertex -5.902781601416268 12.2572522946344 -78.47398745568788
    vertex -7.238042981295341 11.51927941536536 -79.22195503092092
    vertex -8.482281771074268 10.63644491380649 -78.47398745568788
  endloop
endfacet
facet normal -0.987277 0.111239 -0.113626
  outer loop
    vertex -13.60452367590791 1.6660736373625e-15 -81.52601254431212
    vertex -13.51898128653139 1.523223366008078 -80.77804496907908
    vertex -13.26342986358108 3.02729131439382 -81.52601254431212
  endloop
endfacet
facet normal -0.968614 0.22108 0.113626
  outer loop
    vertex -13.51898128653139 1.523223366008078 -80.77804496907908
    vertex -12.84108311447499 4.493289318025727 -80.77804496907908
    vertex -13.26342986358108 3.02729131439382 -81.52601254431212
  endloop
endfacet
facet normal -0.968614 0.22108 -0.113626
  outer loop
    vertex -13.51898128653139 1.523223366008078 -80.77804496907908
    vertex -13.26342986358108 3.027291314393814 -80.03007739384601
    vertex -12.84108311447499 4.493289318025727 -80.77804496907908
  endloop
endfacet
facet normal -0.93777 0.32814 -0.113626
  outer loop
    vertex -13.26342986358108 3.02729131439382 -81.52601254431212
    vertex -12.84108311447499 4.493289318025727 -80.77804496907908
    vertex -12.2572522946344 5.902781601416271 -81.52601254431212
  endloop
endfacet
facet normal -0.702527 0.702527 0.113626
  outer loop
    vertex -8.482281771074268 10.63644491380649 -78.47398745568788
    vertex -9.619850946047421 9.619850946047412 -79.22195503092092
    vertex -10.63644491380649 8.48228177107427 -78.47398745568788
  endloop
endfacet
facet normal -0.776768 0.619452 -0.113626
  outer loop
    vertex -9.619850946047421 9.619850946047412 -79.22195503092092
    vertex -11.51927941536535 7.238042981295345 -79.22195503092092
    vertex -10.63644491380649 8.48228177107427 -78.47398745568788
  endloop
endfacet
facet normal -0.776768 0.619452 0.113626
  outer loop
    vertex -9.619850946047421 9.619850946047412 -79.22195503092092
    vertex -10.63644491380649 8.482281771074266 -79.96992260615399
    vertex -11.51927941536535 7.238042981295345 -79.22195503092092
  endloop
endfacet
facet normal -0.84124 0.528586 0.113626
  outer loop
    vertex -10.63644491380649 8.48228177107427 -78.47398745568788
    vertex -11.51927941536535 7.238042981295345 -79.22195503092092
    vertex -12.2572522946344 5.902781601416271 -78.47398745568788
  endloop
endfacet
facet normal 0.111239 0.987277 0.113626
  outer loop
    vertex 3.027291314393816 13.26342986358108 -78.47398745568788
    vertex 1.523223366008075 13.51898128653139 -79.22195503092092
    vertex -2.187774266128955e-15 13.60452367590791 -78.47398745568788
  endloop
endfacet
facet normal 0 0.993524 -0.113626
  outer loop
    vertex 1.523223366008075 13.51898128653139 -79.22195503092092
    vertex -1.523223366008079 13.51898128653139 -79.22195503092092
    vertex -2.187774266128955e-15 13.60452367590791 -78.47398745568788
  endloop
endfacet
facet normal 0 0.993524 0.113626
  outer loop
    vertex 1.523223366008075 13.51898128653139 -79.22195503092092
    vertex -2.187774266128955e-15 13.60452367590791 -79.96992260615399
    vertex -1.523223366008079 13.51898128653139 -79.22195503092092
  endloop
endfacet
facet normal -0.111239 0.987277 0.113626
  outer loop
    vertex -2.187774266128955e-15 13.60452367590791 -78.47398745568788
    vertex -1.523223366008079 13.51898128653139 -79.22195503092092
    vertex -3.027291314393818 13.26342986358108 -78.47398745568788
  endloop
endfacet
facet normal 0.938009 0.328223 -0.111397
  outer loop
    vertex 12.2572522946344 5.902781601416272 -81.52601254431212
    vertex 12.84732759991682 4.475403667687903 -80.76300627215606
    vertex 13.26342986358108 3.027291314393821 -81.52601254431212
  endloop
endfacet
facet normal 0.969167 0.219787 0.111397
  outer loop
    vertex 12.84732759991682 4.475403667687903 -80.76300627215606
    vertex 13.52108927806825 1.504396617533615 -80.76300627215606
    vertex 13.26342986358108 3.027291314393821 -81.52601254431212
  endloop
endfacet
facet normal 0.969167 0.219787 -0.111397
  outer loop
    vertex 12.84732759991682 4.475403667687903 -80.76300627215606
    vertex 13.27180946455268 2.990340780738644 -80
    vertex 13.52108927806825 1.504396617533615 -80.76300627215606
  endloop
endfacet
facet normal 0.987527 0.111268 -0.111397
  outer loop
    vertex 13.26342986358108 3.027291314393821 -81.52601254431212
    vertex 13.52108927806825 1.504396617533615 -80.76300627215606
    vertex 13.60452367590791 0 -81.52601254431212
  endloop
endfacet
facet normal 0.987527 0.111268 0.111397
  outer loop
    vertex 13.60452367590791 0 -78.47398745568788
    vertex 13.52108927806825 1.504396617533615 -79.23699372784394
    vertex 13.26342986358108 3.027291314393821 -78.47398745568788
  endloop
endfacet
facet normal 0.969167 0.219787 -0.111397
  outer loop
    vertex 13.52108927806825 1.504396617533615 -79.23699372784394
    vertex 12.84732759991682 4.475403667687903 -79.23699372784394
    vertex 13.26342986358108 3.027291314393821 -78.47398745568788
  endloop
endfacet
facet normal 0.969167 0.219787 0.111397
  outer loop
    vertex 13.52108927806825 1.504396617533615 -79.23699372784394
    vertex 13.27180946455268 2.990340780738644 -80
    vertex 12.84732759991682 4.475403667687903 -79.23699372784394
  endloop
endfacet
facet normal 0.938009 0.328223 0.111397
  outer loop
    vertex 13.26342986358108 3.027291314393821 -78.47398745568788
    vertex 12.84732759991682 4.475403667687903 -79.23699372784394
    vertex 12.2572522946344 5.902781601416272 -78.47398745568788
  endloop
endfacet
facet normal 0.841454 0.528721 0.111397
  outer loop
    vertex 12.2572522946344 5.902781601416272 -78.47398745568788
    vertex 11.52934727013739 7.221995290286069 -79.23699372784394
    vertex 10.63644491380649 8.482281771074272 -78.47398745568788
  endloop
endfacet
facet normal 0.777827 0.618527 -0.111397
  outer loop
    vertex 11.52934727013739 7.221995290286069 -79.23699372784394
    vertex 9.633237325871699 9.606445912603217 -79.23699372784394
    vertex 10.63644491380649 8.482281771074272 -78.47398745568788
  endloop
endfacet
facet normal 0.777827 0.618527 0.111397
  outer loop
    vertex 11.52934727013739 7.221995290286069 -79.23699372784394
    vertex 10.66002690911204 8.452626263200447 -80
    vertex 9.633237325871699 9.606445912603217 -79.23699372784394
  endloop
endfacet
facet normal 0.702706 0.702706 0.111397
  outer loop
    vertex 10.63644491380649 8.482281771074272 -78.47398745568788
    vertex 9.633237325871699 9.606445912603217 -79.23699372784394
    vertex 8.482281771074268 10.63644491380649 -78.47398745568788
  endloop
endfacet
facet normal 0.702706 0.702706 -0.111397
  outer loop
    vertex 8.482281771074268 10.63644491380649 -81.52601254431212
    vertex 9.633237325871699 9.606445912603217 -80.76300627215606
    vertex 10.63644491380649 8.482281771074272 -81.52601254431212
  endloop
endfacet
facet normal 0.777827 0.618527 0.111397
  outer loop
    vertex 9.633237325871699 9.606445912603217 -80.76300627215606
    vertex 11.52934727013739 7.221995290286069 -80.76300627215606
    vertex 10.63644491380649 8.482281771074272 -81.52601254431212
  endloop
endfacet
facet normal 0.777827 0.618527 -0.111397
  outer loop
    vertex 9.633237325871699 9.606445912603217 -80.76300627215606
    vertex 10.66002690911204 8.452626263200447 -80
    vertex 11.52934727013739 7.221995290286069 -80.76300627215606
  endloop
endfacet
facet normal 0.841454 0.528721 -0.111397
  outer loop
    vertex 10.63644491380649 8.482281771074272 -81.52601254431212
    vertex 11.52934727013739 7.221995290286069 -80.76300627215606
    vertex 12.2572522946344 5.902781601416272 -81.52601254431212
  endloop
endfacet
facet normal -0.841653 0.528845 -0.109287
  outer loop
    vertex -12.2572522946344 5.902781601416271 -81.52601254431212
    vertex -11.51927941536535 7.238042981295345 -80.74796757523305
    vertex -10.63644491380649 8.48228177107427 -81.52601254431212
  endloop
endfacet
facet normal -0.777149 0.619755 0.109287
  outer loop
    vertex -11.51927941536535 7.238042981295345 -80.74796757523305
    vertex -9.619850946047421 9.619850946047412 -80.74796757523305
    vertex -10.63644491380649 8.48228177107427 -81.52601254431212
  endloop
endfacet
facet normal -0.777149 0.619755 -0.109287
  outer loop
    vertex -11.51927941536535 7.238042981295345 -80.74796757523305
    vertex -10.63644491380649 8.482281771074266 -79.96992260615399
    vertex -9.619850946047421 9.619850946047412 -80.74796757523305
  endloop
endfacet
facet normal -0.702871 0.702871 -0.109287
  outer loop
    vertex -10.63644491380649 8.48228177107427 -81.52601254431212
    vertex -9.619850946047421 9.619850946047412 -80.74796757523305
    vertex -8.482281771074268 10.63644491380649 -81.52601254431212
  endloop
endfacet
facet normal -0.93823 0.328301 0.109287
  outer loop
    vertex -12.2572522946344 5.902781601416271 -78.47398745568788
    vertex -12.84108311447499 4.493289318025727 -79.25203242476695
    vertex -13.26342986358108 3.02729131439382 -78.47398745568788
  endloop
endfacet
facet normal -0.969088 0.221188 -0.109287
  outer loop
    vertex -12.84108311447499 4.493289318025727 -79.25203242476695
    vertex -13.51898128653139 1.523223366008078 -79.25203242476695
    vertex -13.26342986358108 3.02729131439382 -78.47398745568788
  endloop
endfacet
facet normal -0.969088 0.221188 0.109287
  outer loop
    vertex -12.84108311447499 4.493289318025727 -79.25203242476695
    vertex -13.26342986358108 3.027291314393814 -80.03007739384601
    vertex -13.51898128653139 1.523223366008078 -79.25203242476695
  endloop
endfacet
facet normal -0.98776 0.111294 0.109287
  outer loop
    vertex -13.26342986358108 3.02729131439382 -78.47398745568788
    vertex -13.51898128653139 1.523223366008078 -79.25203242476695
    vertex -13.60452367590791 1.6660736373625e-15 -78.47398745568788
  endloop
endfacet
facet normal -0.111294 0.98776 -0.109287
  outer loop
    vertex -3.027291314393818 13.26342986358108 -81.52601254431212
    vertex -1.523223366008079 13.51898128653139 -80.74796757523305
    vertex -2.187774266128955e-15 13.60452367590791 -81.52601254431212
  endloop
endfacet
facet normal -0 0.99401 0.109287
  outer loop
    vertex -1.523223366008079 13.51898128653139 -80.74796757523305
    vertex 1.523223366008075 13.51898128653139 -80.74796757523305
    vertex -2.187774266128955e-15 13.60452367590791 -81.52601254431212
  endloop
endfacet
facet normal 0 0.99401 -0.109287
  outer loop
    vertex -1.523223366008079 13.51898128653139 -80.74796757523305
    vertex -2.187774266128955e-15 13.60452367590791 -79.96992260615399
    vertex 1.523223366008075 13.51898128653139 -80.74796757523305
  endloop
endfacet
facet normal 0.111294 0.98776 -0.109287
  outer loop
    vertex -2.187774266128955e-15 13.60452367590791 -81.52601254431212
    vertex 1.523223366008075 13.51898128653139 -80.74796757523305
    vertex 3.027291314393816 13.26342986358108 -81.52601254431212
  endloop
endfacet
facet normal 0.328301 0.93823 -0.109287
  outer loop
    vertex 3.027291314393816 13.26342986358108 -81.52601254431212
    vertex 4.493289318025726 12.84108311447499 -80.74796757523305
    vertex 5.902781601416266 12.25725229463441 -81.52601254431212
  endloop
endfacet
facet normal 0.431285 0.895572 0.109287
  outer loop
    vertex 4.493289318025726 12.84108311447499 -80.74796757523305
    vertex 7.238042981295343 11.51927941536535 -80.74796757523305
    vertex 5.902781601416266 12.25725229463441 -81.52601254431212
  endloop
endfacet
facet normal 0.431285 0.895572 -0.109287
  outer loop
    vertex 4.493289318025726 12.84108311447499 -80.74796757523305
    vertex 5.90278160141627 12.2572522946344 -79.96992260615397
    vertex 7.238042981295343 11.51927941536535 -80.74796757523305
  endloop
endfacet
facet normal 0.528845 0.841653 -0.109287
  outer loop
    vertex 5.902781601416266 12.25725229463441 -81.52601254431212
    vertex 7.238042981295343 11.51927941536535 -80.74796757523305
    vertex 8.482281771074268 10.63644491380649 -81.52601254431212
  endloop
endfacet
facet normal -0.528845 0.841653 -0.109287
  outer loop
    vertex -8.482281771074268 10.63644491380649 -81.52601254431212
    vertex -7.238042981295341 11.51927941536536 -80.74796757523305
    vertex -5.902781601416268 12.2572522946344 -81.52601254431212
  endloop
endfacet
facet normal -0.431285 0.895572 0.109287
  outer loop
    vertex -7.238042981295341 11.51927941536536 -80.74796757523305
    vertex -4.493289318025723 12.84108311447499 -80.74796757523305
    vertex -5.902781601416268 12.2572522946344 -81.52601254431212
  endloop
endfacet
facet normal -0.431285 0.895572 -0.109287
  outer loop
    vertex -7.238042981295341 11.51927941536536 -80.74796757523305
    vertex -5.902781601416268 12.2572522946344 -79.96992260615399
    vertex -4.493289318025723 12.84108311447499 -80.74796757523305
  endloop
endfacet
facet normal -0.328301 0.93823 -0.109287
  outer loop
    vertex -5.902781601416268 12.2572522946344 -81.52601254431212
    vertex -4.493289318025723 12.84108311447499 -80.74796757523305
    vertex -3.027291314393818 13.26342986358108 -81.52601254431212
  endloop
endfacet
facet normal 0.924146 0.38204 0
  outer loop
    vertex 12.2572522946344 5.902781601416272 -78.47398745568788
    vertex 12.84732759991682 4.475403667687903 -79.23699372784394
    vertex 12.2572522946344 5.902781601416272 -80
  endloop
endfacet
facet normal 0.924146 0.38204 0
  outer loop
    vertex 12.84732759991682 4.475403667687903 -79.23699372784394
    vertex 12.84732759991682 4.475403667687903 -80.76300627215606
    vertex 12.2572522946344 5.902781601416272 -80
  endloop
endfacet
facet normal 0.961493 0.274828 0
  outer loop
    vertex 12.84732759991682 4.475403667687903 -79.23699372784394
    vertex 13.27180946455268 2.990340780738644 -80
    vertex 12.84732759991682 4.475403667687903 -80.76300627215606
  endloop
endfacet
facet normal 0.924146 0.38204 0
  outer loop
    vertex 12.2572522946344 5.902781601416272 -80
    vertex 12.84732759991682 4.475403667687903 -80.76300627215606
    vertex 12.2572522946344 5.902781601416272 -81.52601254431212
  endloop
endfacet
facet normal 0.666866 0.745178 0
  outer loop
    vertex 8.482281771074268 10.63644491380649 -78.47398745568788
    vertex 9.633237325871699 9.606445912603217 -79.23699372784394
    vertex 8.482281771074268 10.63644491380649 -80
  endloop
endfacet
facet normal 0.666866 0.745178 0
  outer loop
    vertex 9.633237325871699 9.606445912603217 -79.23699372784394
    vertex 9.633237325871699 9.606445912603217 -80.76300627215606
    vertex 8.482281771074268 10.63644491380649 -80
  endloop
endfacet
facet normal 0.747032 0.664788 0
  outer loop
    vertex 9.633237325871699 9.606445912603217 -79.23699372784394
    vertex 10.66002690911204 8.452626263200447 -80
    vertex 9.633237325871699 9.606445912603217 -80.76300627215606
  endloop
endfacet
facet normal 0.666866 0.745178 0
  outer loop
    vertex 8.482281771074268 10.63644491380649 -80
    vertex 9.633237325871699 9.606445912603217 -80.76300627215606
    vertex 8.482281771074268 10.63644491380649 -81.52601254431212
  endloop
endfacet
facet normal 0.578671 0.815561 -0
  outer loop
    vertex 8.482281771074268 10.63644491380649 -81.52601254431212
    vertex 7.238042981295343 11.51927941536535 -80.74796757523305
    vertex 8.482281771074268 10.63644491380649 -80
  endloop
endfacet
facet normal 0.578671 0.815561 -0
  outer loop
    vertex 7.238042981295343 11.51927941536535 -80.74796757523305
    vertex 7.238042981295343 11.51927941536535 -79.22195503092092
    vertex 8.482281771074268 10.63644491380649 -80
  endloop
endfacet
facet normal 0.483719 0.875223 -0
  outer loop
    vertex 7.238042981295343 11.51927941536535 -80.74796757523305
    vertex 5.90278160141627 12.2572522946344 -79.96992260615397
    vertex 7.238042981295343 11.51927941536535 -79.22195503092092
  endloop
endfacet
facet normal 0.578671 0.815561 -0
  outer loop
    vertex 8.482281771074268 10.63644491380649 -80
    vertex 7.238042981295343 11.51927941536535 -79.22195503092092
    vertex 8.482281771074268 10.63644491380649 -78.47398745568788
  endloop
endfacet
facet normal -0.666347 0.745642 0
  outer loop
    vertex -8.482281771074268 10.63644491380649 -81.52601254431212
    vertex -9.619850946047421 9.619850946047412 -80.74796757523305
    vertex -8.482281771074268 10.63644491380649 -80
  endloop
endfacet
facet normal -0.666347 0.745642 0
  outer loop
    vertex -9.619850946047421 9.619850946047412 -80.74796757523305
    vertex -9.619850946047421 9.619850946047412 -79.22195503092092
    vertex -8.482281771074268 10.63644491380649 -80
  endloop
endfacet
facet normal -0.745642 0.666347 0
  outer loop
    vertex -9.619850946047421 9.619850946047412 -80.74796757523305
    vertex -10.63644491380649 8.482281771074266 -79.96992260615399
    vertex -9.619850946047421 9.619850946047412 -79.22195503092092
  endloop
endfacet
facet normal -0.666347 0.745642 0
  outer loop
    vertex -8.482281771074268 10.63644491380649 -80
    vertex -9.619850946047421 9.619850946047412 -79.22195503092092
    vertex -8.482281771074268 10.63644491380649 -78.47398745568788
  endloop
endfacet
facet normal -0.276836 0.960917 0
  outer loop
    vertex -3.027291314393818 13.26342986358108 -81.52601254431212
    vertex -4.493289318025723 12.84108311447499 -80.74796757523305
    vertex -3.027291314393818 13.26342986358108 -80
  endloop
endfacet
facet normal -0.276836 0.960917 0
  outer loop
    vertex -4.493289318025723 12.84108311447499 -80.74796757523305
    vertex -4.493289318025723 12.84108311447499 -79.22195503092092
    vertex -3.027291314393818 13.26342986358108 -80
  endloop
endfacet
facet normal -0.382683 0.92388 0
  outer loop
    vertex -4.493289318025723 12.84108311447499 -80.74796757523305
    vertex -5.902781601416268 12.2572522946344 -79.96992260615399
    vertex -4.493289318025723 12.84108311447499 -79.22195503092092
  endloop
endfacet
facet normal -0.276836 0.960917 0
  outer loop
    vertex -3.027291314393818 13.26342986358108 -80
    vertex -4.493289318025723 12.84108311447499 -79.22195503092092
    vertex -3.027291314393818 13.26342986358108 -78.47398745568788
  endloop
endfacet
facet normal -0.998427 0.0560704 0
  outer loop
    vertex -13.60452367590791 1.6660736373625e-15 -78.47398745568788
    vertex -13.51898128653139 1.523223366008078 -79.25203242476695
    vertex -13.60452367590791 1.6660736373625e-15 -80
  endloop
endfacet
facet normal -0.998427 0.0560704 0
  outer loop
    vertex -13.51898128653139 1.523223366008078 -79.25203242476695
    vertex -13.51898128653139 1.523223366008078 -80.77804496907908
    vertex -13.60452367590791 1.6660736373625e-15 -80
  endloop
endfacet
facet normal -0.985871 0.167506 0
  outer loop
    vertex -13.51898128653139 1.523223366008078 -79.25203242476695
    vertex -13.26342986358108 3.027291314393814 -80.03007739384601
    vertex -13.51898128653139 1.523223366008078 -80.77804496907908
  endloop
endfacet
facet normal -0.998427 0.0560704 0
  outer loop
    vertex -13.60452367590791 1.6660736373625e-15 -80
    vertex -13.51898128653139 1.523223366008078 -80.77804496907908
    vertex -13.60452367590791 1.6660736373625e-15 -81.52601254431212
  endloop
endfacet
facet normal 0.167506 0.985871 -0
  outer loop
    vertex 3.027291314393816 13.26342986358108 -81.52601254431212
    vertex 1.523223366008075 13.51898128653139 -80.74796757523305
    vertex 3.027291314393816 13.26342986358108 -80
  endloop
endfacet
facet normal 0.167506 0.985871 -0
  outer loop
    vertex 1.523223366008075 13.51898128653139 -80.74796757523305
    vertex 1.523223366008075 13.51898128653139 -79.22195503092092
    vertex 3.027291314393816 13.26342986358108 -80
  endloop
endfacet
facet normal 0.0560704 0.998427 -0
  outer loop
    vertex 1.523223366008075 13.51898128653139 -80.74796757523305
    vertex -2.187774266128955e-15 13.60452367590791 -79.96992260615399
    vertex 1.523223366008075 13.51898128653139 -79.22195503092092
  endloop
endfacet
facet normal 0.167506 0.985871 -0
  outer loop
    vertex 3.027291314393816 13.26342986358108 -80
    vertex 1.523223366008075 13.51898128653139 -79.22195503092092
    vertex 3.027291314393816 13.26342986358108 -78.47398745568788
  endloop
endfacet
facet normal -0.92388 0.382683 0
  outer loop
    vertex -12.2572522946344 5.902781601416271 -81.52601254431212
    vertex -12.84108311447499 4.493289318025727 -80.77804496907908
    vertex -12.2572522946344 5.902781601416271 -80
  endloop
endfacet
facet normal -0.92388 0.382683 0
  outer loop
    vertex -12.84108311447499 4.493289318025727 -80.77804496907908
    vertex -12.84108311447499 4.493289318025727 -79.25203242476695
    vertex -12.2572522946344 5.902781601416271 -80
  endloop
endfacet
facet normal -0.960917 0.276836 0
  outer loop
    vertex -12.84108311447499 4.493289318025727 -80.77804496907908
    vertex -13.26342986358108 3.027291314393814 -80.03007739384601
    vertex -12.84108311447499 4.493289318025727 -79.25203242476695
  endloop
endfacet
facet normal -0.92388 0.382683 0
  outer loop
    vertex -12.2572522946344 5.902781601416271 -80
    vertex -12.84108311447499 4.493289318025727 -79.25203242476695
    vertex -12.2572522946344 5.902781601416271 -78.47398745568788
  endloop
endfacet
facet normal 0.276836 0.960917 0
  outer loop
    vertex 3.027291314393816 13.26342986358108 -78.47398745568788
    vertex 4.493289318025726 12.84108311447499 -79.22195503092092
    vertex 3.027291314393816 13.26342986358108 -80
  endloop
endfacet
facet normal 0.276836 0.960917 0
  outer loop
    vertex 4.493289318025726 12.84108311447499 -79.22195503092092
    vertex 4.493289318025726 12.84108311447499 -80.74796757523305
    vertex 3.027291314393816 13.26342986358108 -80
  endloop
endfacet
facet normal 0.382683 0.92388 0
  outer loop
    vertex 4.493289318025726 12.84108311447499 -79.22195503092092
    vertex 5.90278160141627 12.2572522946344 -79.96992260615397
    vertex 4.493289318025726 12.84108311447499 -80.74796757523305
  endloop
endfacet
facet normal 0.276836 0.960917 0
  outer loop
    vertex 3.027291314393816 13.26342986358108 -80
    vertex 4.493289318025726 12.84108311447499 -80.74796757523305
    vertex 3.027291314393816 13.26342986358108 -81.52601254431212
  endloop
endfacet
facet normal -0.578671 0.815561 0
  outer loop
    vertex -8.482281771074268 10.63644491380649 -78.47398745568788
    vertex -7.238042981295341 11.51927941536536 -79.22195503092092
    vertex -8.482281771074268 10.63644491380649 -80
  endloop
endfacet
facet normal -0.578671 0.815561 0
  outer loop
    vertex -7.238042981295341 11.51927941536536 -79.22195503092092
    vertex -7.238042981295341 11.51927941536536 -80.74796757523305
    vertex -8.482281771074268 10.63644491380649 -80
  endloop
endfacet
facet normal -0.483719 0.875223 0
  outer loop
    vertex -7.238042981295341 11.51927941536536 -79.22195503092092
    vertex -5.902781601416268 12.2572522946344 -79.96992260615399
    vertex -7.238042981295341 11.51927941536536 -80.74796757523305
  endloop
endfacet
facet normal -0.578671 0.815561 0
  outer loop
    vertex -8.482281771074268 10.63644491380649 -80
    vertex -7.238042981295341 11.51927941536536 -80.74796757523305
    vertex -8.482281771074268 10.63644491380649 -81.52601254431212
  endloop
endfacet
facet normal -0.875223 0.483719 0
  outer loop
    vertex -12.2572522946344 5.902781601416271 -78.47398745568788
    vertex -11.51927941536535 7.238042981295345 -79.22195503092092
    vertex -12.2572522946344 5.902781601416271 -80
  endloop
endfacet
facet normal -0.875223 0.483719 0
  outer loop
    vertex -11.51927941536535 7.238042981295345 -79.22195503092092
    vertex -11.51927941536535 7.238042981295345 -80.74796757523305
    vertex -12.2572522946344 5.902781601416271 -80
  endloop
endfacet
facet normal -0.815561 0.578671 0
  outer loop
    vertex -11.51927941536535 7.238042981295345 -79.22195503092092
    vertex -10.63644491380649 8.482281771074266 -79.96992260615399
    vertex -11.51927941536535 7.238042981295345 -80.74796757523305
  endloop
endfacet
facet normal -0.875223 0.483719 0
  outer loop
    vertex -12.2572522946344 5.902781601416271 -80
    vertex -11.51927941536535 7.238042981295345 -80.74796757523305
    vertex -12.2572522946344 5.902781601416271 -81.52601254431212
  endloop
endfacet
facet normal -0.167506 0.985871 0
  outer loop
    vertex -3.027291314393818 13.26342986358108 -78.47398745568788
    vertex -1.523223366008079 13.51898128653139 -79.22195503092092
    vertex -3.027291314393818 13.26342986358108 -80
  endloop
endfacet
facet normal -0.167506 0.985871 0
  outer loop
    vertex -1.523223366008079 13.51898128653139 -79.22195503092092
    vertex -1.523223366008079 13.51898128653139 -80.74796757523305
    vertex -3.027291314393818 13.26342986358108 -80
  endloop
endfacet
facet normal -0.0560704 0.998427 0
  outer loop
    vertex -1.523223366008079 13.51898128653139 -79.22195503092092
    vertex -2.187774266128955e-15 13.60452367590791 -79.96992260615399
    vertex -1.523223366008079 13.51898128653139 -80.74796757523305
  endloop
endfacet
facet normal -0.167506 0.985871 0
  outer loop
    vertex -3.027291314393818 13.26342986358108 -80
    vertex -1.523223366008079 13.51898128653139 -80.74796757523305
    vertex -3.027291314393818 13.26342986358108 -81.52601254431212
  endloop
endfacet
facet normal 0.998466 0.0553753 -0
  outer loop
    vertex 13.60452367590791 0 -81.52601254431212
    vertex 13.52108927806825 1.504396617533615 -80.76300627215606
    vertex 13.60452367590791 0 -80
  endloop
endfacet
facet normal 0.998466 0.0553753 -0
  outer loop
    vertex 13.52108927806825 1.504396617533615 -80.76300627215606
    vertex 13.52108927806825 1.504396617533615 -79.23699372784394
    vertex 13.60452367590791 0 -80
  endloop
endfacet
facet normal 0.986219 0.165447 -0
  outer loop
    vertex 13.52108927806825 1.504396617533615 -80.76300627215606
    vertex 13.27180946455268 2.990340780738644 -80
    vertex 13.52108927806825 1.504396617533615 -79.23699372784394
  endloop
endfacet
facet normal 0.998466 0.0553753 -0
  outer loop
    vertex 13.60452367590791 0 -80
    vertex 13.52108927806825 1.504396617533615 -79.23699372784394
    vertex 13.60452367590791 0 -78.47398745568788
  endloop
endfacet
facet normal 0.87556 0.483109 -0
  outer loop
    vertex 12.2572522946344 5.902781601416272 -81.52601254431212
    vertex 11.52934727013739 7.221995290286069 -80.76300627215606
    vertex 12.2572522946344 5.902781601416272 -80
  endloop
endfacet
facet normal 0.87556 0.483109 -0
  outer loop
    vertex 11.52934727013739 7.221995290286069 -80.76300627215606
    vertex 11.52934727013739 7.221995290286069 -79.23699372784394
    vertex 12.2572522946344 5.902781601416272 -80
  endloop
endfacet
facet normal 0.816768 0.576967 -0
  outer loop
    vertex 11.52934727013739 7.221995290286069 -80.76300627215606
    vertex 10.66002690911204 8.452626263200447 -80
    vertex 11.52934727013739 7.221995290286069 -79.23699372784394
  endloop
endfacet
facet normal 0.87556 0.483109 -0
  outer loop
    vertex 12.2572522946344 5.902781601416272 -80
    vertex 11.52934727013739 7.221995290286069 -79.23699372784394
    vertex 12.2572522946344 5.902781601416272 -78.47398745568788
  endloop
endfacet
facet normal 0.385801 0.242415 -0.890164
  outer loop
    vertex 12.2572522946344 5.902781601416272 -81.52601254431212
    vertex 10.52273094269835 6.893629210055273 -82.00792798638676
    vertex 10.63644491380649 8.482281771074272 -81.52601254431212
  endloop
endfacet
facet normal 0.303227 0.256678 -0.917698
  outer loop
    vertex 10.52273094269835 6.893629210055273 -82.00792798638676
    vertex 8.621487276585704 9.253683404191245 -81.97603859365017
    vertex 10.63644491380649 8.482281771074272 -81.52601254431212
  endloop
endfacet
facet normal 0.354534 0.297588 -0.886424
  outer loop
    vertex 10.52273094269835 6.893629210055273 -82.00792798638676
    vertex 8.75 7.859445032514666 -82.39270861652221
    vertex 8.621487276585704 9.253683404191245 -81.97603859365017
  endloop
endfacet
facet normal 0.322148 0.322148 -0.890192
  outer loop
    vertex 10.63644491380649 8.482281771074272 -81.52601254431212
    vertex 8.621487276585704 9.253683404191245 -81.97603859365017
    vertex 8.482281771074268 10.63644491380649 -81.52601254431212
  endloop
endfacet
facet normal 0.24236 0.385714 -0.890217
  outer loop
    vertex 8.482281771074268 10.63644491380649 -81.52601254431212
    vertex 6.772672101427491 10.57102817770827 -82.01979513294494
    vertex 5.902781601416266 12.25725229463441 -81.52601254431212
  endloop
endfacet
facet normal 0.172222 0.357623 -0.917848
  outer loop
    vertex 6.772672101427491 10.57102817770827 -82.01979513294494
    vertex 4.042070644815769 11.88601653329134 -82.01979513294494
    vertex 5.902781601416266 12.25725229463441 -81.52601254431212
  endloop
endfacet
facet normal 0.200878 0.417128 -0.88637
  outer loop
    vertex 6.772672101427491 10.57102817770827 -82.01979513294494
    vertex 5.04765376384487 10.48156104311277 -82.45283923665224
    vertex 4.042070644815769 11.88601653329134 -82.01979513294494
  endloop
endfacet
facet normal 0.150454 0.429974 -0.890217
  outer loop
    vertex 5.902781601416266 12.25725229463441 -81.52601254431212
    vertex 4.042070644815769 11.88601653329134 -82.01979513294494
    vertex 3.027291314393816 13.26342986358108 -81.52601254431212
  endloop
endfacet
facet normal -0.150454 0.429974 -0.890217
  outer loop
    vertex -3.027291314393818 13.26342986358108 -81.52601254431212
    vertex -4.042070644814591 11.88601653328889 -82.0197951329462
    vertex -5.902781601416268 12.2572522946344 -81.52601254431212
  endloop
endfacet
facet normal -0.172222 0.357623 -0.917848
  outer loop
    vertex -4.042070644814591 11.88601653328889 -82.0197951329462
    vertex -6.772672101426311 10.57102817770582 -82.0197951329462
    vertex -5.902781601416268 12.2572522946344 -81.52601254431212
  endloop
endfacet
facet normal -0.200878 0.417128 -0.88637
  outer loop
    vertex -4.042070644814591 11.88601653328889 -82.0197951329462
    vertex -5.047653763842518 10.48156104310788 -82.45283923665478
    vertex -6.772672101426311 10.57102817770582 -82.0197951329462
  endloop
endfacet
facet normal -0.24236 0.385714 -0.890217
  outer loop
    vertex -5.902781601416268 12.2572522946344 -81.52601254431212
    vertex -6.772672101426311 10.57102817770582 -82.0197951329462
    vertex -8.482281771074268 10.63644491380649 -81.52601254431212
  endloop
endfacet
facet normal -0.369749 0.209141 -0.905287
  outer loop
    vertex -8.75 3.982006280520187 -83.40285596819734
    vertex -10.50373504159849 4.942445180266784 -82.46469017073092
    vertex -8.75 5.934690032647705 -82.95174362880579
  endloop
endfacet
facet normal -0.369415 0.208399 -0.905595
  outer loop
    vertex -10.50373504159849 4.942445180266784 -82.46469017073092
    vertex -10.52273094269834 6.893629210055277 -82.00792798638676
    vertex -8.75 5.934690032647705 -82.95174362880579
  endloop
endfacet
facet normal -0.370481 0.208292 -0.905184
  outer loop
    vertex -10.50373504159849 4.942445180266784 -82.46469017073092
    vertex -12.2572522946344 5.902781601416271 -81.52601254431212
    vertex -10.52273094269834 6.893629210055277 -82.00792798638676
  endloop
endfacet
facet normal -0.339054 0.262397 -0.903433
  outer loop
    vertex -8.75 5.934690032647705 -82.95174362880579
    vertex -10.52273094269834 6.893629210055277 -82.00792798638676
    vertex -8.75 7.859445032514666 -82.39270861652221
  endloop
endfacet
facet normal 0.339054 0.262397 -0.903433
  outer loop
    vertex 8.75 7.859445032514666 -82.39270861652221
    vertex 10.52273094269835 6.893629210055273 -82.00792798638676
    vertex 8.75 5.934690032647704 -82.95174362880579
  endloop
endfacet
facet normal 0.369415 0.208399 -0.905595
  outer loop
    vertex 10.52273094269835 6.893629210055273 -82.00792798638676
    vertex 10.5037350415985 4.942445180266782 -82.46469017073092
    vertex 8.75 5.934690032647704 -82.95174362880579
  endloop
endfacet
facet normal 0.370481 0.208292 -0.905184
  outer loop
    vertex 10.52273094269835 6.893629210055273 -82.00792798638676
    vertex 12.2572522946344 5.902781601416272 -81.52601254431212
    vertex 10.5037350415985 4.942445180266782 -82.46469017073092
  endloop
endfacet
facet normal 0.369749 0.209141 -0.905287
  outer loop
    vertex 8.75 5.934690032647704 -82.95174362880579
    vertex 10.5037350415985 4.942445180266782 -82.46469017073092
    vertex 8.75 3.982006280520184 -83.40285596819734
  endloop
endfacet
facet normal -0.282884 0.306631 -0.90882
  outer loop
    vertex -8.75 7.859445032514666 -82.39270861652221
    vertex -6.922982717385729 9.202613013362088 -82.50821870902794
    vertex -5.898684004071491 8.378515057469118 -83.10509301074686
  endloop
endfacet
facet normal -0.21372 0.384723 -0.897949
  outer loop
    vertex -6.922982717385729 9.202613013362088 -82.50821870902794
    vertex -4.012702256823443 9.608611729651571 -83.02694432600561
    vertex -5.898684004071491 8.378515057469118 -83.10509301074686
  endloop
endfacet
facet normal -0.211453 0.349576 -0.912734
  outer loop
    vertex -6.922982717385729 9.202613013362088 -82.50821870902794
    vertex -5.047653763842518 10.48156104310788 -82.45283923665478
    vertex -4.012702256823443 9.608611729651571 -83.02694432600561
  endloop
endfacet
facet normal -0.193263 0.354433 -0.914892
  outer loop
    vertex -5.898684004071491 8.378515057469118 -83.10509301074686
    vertex -4.012702256823443 9.608611729651571 -83.02694432600561
    vertex -2.97515254380736 8.729440884912592 -83.58671219695017
  endloop
endfacet
facet normal 0.193263 0.354433 -0.914892
  outer loop
    vertex 2.975152543807333 8.729440884912595 -83.58671219695019
    vertex 4.012702256824605 9.608611729654021 -83.02694432600434
    vertex 5.898684004071487 8.378515057469118 -83.10509301074686
  endloop
endfacet
facet normal 0.21372 0.384723 -0.897949
  outer loop
    vertex 4.012702256824605 9.608611729654021 -83.02694432600434
    vertex 6.922982717386907 9.202613013364536 -82.50821870902669
    vertex 5.898684004071487 8.378515057469118 -83.10509301074686
  endloop
endfacet
facet normal 0.211453 0.349576 -0.912734
  outer loop
    vertex 4.012702256824605 9.608611729654021 -83.02694432600434
    vertex 5.04765376384487 10.48156104311277 -82.45283923665224
    vertex 6.922982717386907 9.202613013364536 -82.50821870902669
  endloop
endfacet
facet normal 0.282884 0.306631 -0.90882
  outer loop
    vertex 5.898684004071487 8.378515057469118 -83.10509301074686
    vertex 6.922982717386907 9.202613013364536 -82.50821870902669
    vertex 8.75 7.859445032514666 -82.39270861652221
  endloop
endfacet
facet normal -0.427891 0.149725 -0.891343
  outer loop
    vertex -12.2572522946344 5.902781601416271 -81.52601254431212
    vertex -11.73694414377938 4.233218983419185 -82.0562363835959
    vertex -13.26342986358108 3.02729131439382 -81.52601254431212
  endloop
endfacet
facet normal -0.388634 0.0887032 -0.917112
  outer loop
    vertex -11.73694414377938 4.233218983419185 -82.0562363835959
    vertex -12.41134615888418 1.278470695842721 -82.0562363835959
    vertex -13.26342986358108 3.02729131439382 -81.52601254431212
  endloop
endfacet
facet normal -0.448529 0.102374 -0.887886
  outer loop
    vertex -11.73694414377938 4.233218983419185 -82.0562363835959
    vertex -11.18996256290479 2.554035933653096 -82.52616348742345
    vertex -12.41134615888418 1.278470695842721 -82.0562363835959
  endloop
endfacet
facet normal -0.45048 0.0507569 -0.891343
  outer loop
    vertex -13.26342986358108 3.02729131439382 -81.52601254431212
    vertex -12.41134615888418 1.278470695842721 -82.0562363835959
    vertex -13.60452367590791 1.6660736373625e-15 -81.52601254431212
  endloop
endfacet
facet normal 0.447248 0.0503927 -0.892989
  outer loop
    vertex 13.60452367590791 0 -81.52601254431212
    vertex 12.28835755561845 1.201794642652319 -82.11738646529012
    vertex 13.26342986358108 3.027291314393821 -81.52601254431212
  endloop
endfacet
facet normal 0.391436 0.0876649 -0.91602
  outer loop
    vertex 12.28835755561845 1.201794642652319 -82.11738646529012
    vertex 11.61601312923365 4.157001602759535 -82.12187523279567
    vertex 13.26342986358108 3.027291314393821 -81.52601254431212
  endloop
endfacet
facet normal 0.444902 0.0998685 -0.889994
  outer loop
    vertex 12.28835755561845 1.201794642652319 -82.11738646529012
    vertex 10.94639781614113 2.401066683466736 -82.6536493589491
    vertex 11.61601312923365 4.157001602759535 -82.12187523279567
  endloop
endfacet
facet normal 0.424932 0.14869 -0.89293
  outer loop
    vertex 13.26342986358108 3.027291314393821 -81.52601254431212
    vertex 11.61601312923365 4.157001602759535 -82.12187523279567
    vertex 12.2572522946344 5.902781601416272 -81.52601254431212
  endloop
endfacet
facet normal 0.277177 0.298484 -0.91328
  outer loop
    vertex 8.75 7.859445032514666 -82.39270861652221
    vertex 6.922982717386907 9.202613013364536 -82.50821870902669
    vertex 8.621487276585704 9.253683404191245 -81.97603859365017
  endloop
endfacet
facet normal 0.270502 0.349842 -0.896905
  outer loop
    vertex 6.922982717386907 9.202613013364536 -82.50821870902669
    vertex 6.772672101427491 10.57102817770827 -82.01979513294494
    vertex 8.621487276585704 9.253683404191245 -81.97603859365017
  endloop
endfacet
facet normal 0.211096 0.349066 -0.913012
  outer loop
    vertex 6.922982717386907 9.202613013364536 -82.50821870902669
    vertex 5.04765376384487 10.48156104311277 -82.45283923665224
    vertex 6.772672101427491 10.57102817770827 -82.01979513294494
  endloop
endfacet
facet normal 0.251271 0.322329 -0.91267
  outer loop
    vertex 8.621487276585704 9.253683404191245 -81.97603859365017
    vertex 6.772672101427491 10.57102817770827 -82.01979513294494
    vertex 8.482281771074268 10.63644491380649 -81.52601254431212
  endloop
endfacet
facet normal -0.251271 0.322329 -0.91267
  outer loop
    vertex -8.482281771074268 10.63644491380649 -81.52601254431212
    vertex -6.772672101426311 10.57102817770582 -82.0197951329462
    vertex -8.621487276585706 9.253683404191243 -81.97603859365017
  endloop
endfacet
facet normal -0.270502 0.349842 -0.896905
  outer loop
    vertex -6.772672101426311 10.57102817770582 -82.0197951329462
    vertex -6.922982717385729 9.202613013362088 -82.50821870902794
    vertex -8.621487276585706 9.253683404191243 -81.97603859365017
  endloop
endfacet
facet normal -0.211096 0.349066 -0.913012
  outer loop
    vertex -6.772672101426311 10.57102817770582 -82.0197951329462
    vertex -5.047653763842518 10.48156104310788 -82.45283923665478
    vertex -6.922982717385729 9.202613013362088 -82.50821870902794
  endloop
endfacet
facet normal -0.277177 0.298484 -0.91328
  outer loop
    vertex -8.621487276585706 9.253683404191243 -81.97603859365017
    vertex -6.922982717385729 9.202613013362088 -82.50821870902794
    vertex -8.75 7.859445032514666 -82.39270861652221
  endloop
endfacet
facet normal 0.425414 0.0258342 -0.90463
  outer loop
    vertex 8.75 0 -83.80891568708574
    vertex 9.858484356382203 1.201787177459886 -83.25331612746295
    vertex 11.17726183795395 0 -82.66746411569893
  endloop
endfacet
facet normal 0.423381 0.0231027 -0.905657
  outer loop
    vertex 9.858484356382203 1.201787177459886 -83.25331612746295
    vertex 12.28835755561845 1.201794642652319 -82.11738646529012
    vertex 11.17726183795395 0 -82.66746411569893
  endloop
endfacet
facet normal 0.422495 0.0686395 -0.903762
  outer loop
    vertex 9.858484356382203 1.201787177459886 -83.25331612746295
    vertex 10.94639781614113 2.401066683466736 -82.6536493589491
    vertex 12.28835755561845 1.201794642652319 -82.11738646529012
  endloop
endfacet
facet normal 0.425464 0.0207556 -0.904737
  outer loop
    vertex 11.17726183795395 0 -82.66746411569893
    vertex 12.28835755561845 1.201794642652319 -82.11738646529012
    vertex 13.60452367590791 0 -81.52601254431212
  endloop
endfacet
facet normal -0.425454 0.0218548 -0.904716
  outer loop
    vertex -13.60452367590791 1.6660736373625e-15 -81.52601254431212
    vertex -12.41134615888418 1.278470695842721 -82.0562363835959
    vertex -11.17726183795395 1.368819793308217e-15 -82.66746411569893
  endloop
endfacet
facet normal -0.423148 0.0245644 -0.905727
  outer loop
    vertex -12.41134615888418 1.278470695842721 -82.0562363835959
    vertex -9.981196301026829 1.278454457135866 -83.19158281690696
    vertex -11.17726183795395 1.368819793308217e-15 -82.66746411569893
  endloop
endfacet
facet normal -0.422197 0.0713373 -0.903693
  outer loop
    vertex -12.41134615888418 1.278470695842721 -82.0562363835959
    vertex -11.18996256290479 2.554035933653096 -82.52616348742345
    vertex -9.981196301026829 1.278454457135866 -83.19158281690696
  endloop
endfacet
facet normal -0.425399 0.0271331 -0.904599
  outer loop
    vertex -11.17726183795395 1.368819793308217e-15 -82.66746411569893
    vertex -9.981196301026829 1.278454457135866 -83.19158281690696
    vertex -8.75 1.071565949253934e-15 -83.80891568708574
  endloop
endfacet
facet normal 0.394354 0.163784 -0.904245
  outer loop
    vertex 12.2572522946344 5.902781601416272 -81.52601254431212
    vertex 11.61601312923365 4.157001602759535 -82.12187523279567
    vertex 10.5037350415985 4.942445180266782 -82.46469017073092
  endloop
endfacet
facet normal 0.391644 0.159065 -0.906263
  outer loop
    vertex 11.61601312923365 4.157001602759535 -82.12187523279567
    vertex 9.858125564034454 3.194753444297805 -83.05044218021375
    vertex 10.5037350415985 4.942445180266782 -82.46469017073092
  endloop
endfacet
facet normal 0.413663 0.115734 -0.903044
  outer loop
    vertex 11.61601312923365 4.157001602759535 -82.12187523279567
    vertex 10.94639781614113 2.401066683466736 -82.6536493589491
    vertex 9.858125564034454 3.194753444297805 -83.05044218021375
  endloop
endfacet
facet normal 0.398213 0.155864 -0.903954
  outer loop
    vertex 10.5037350415985 4.942445180266782 -82.46469017073092
    vertex 9.858125564034454 3.194753444297805 -83.05044218021375
    vertex 8.75 3.982006280520184 -83.40285596819734
  endloop
endfacet
facet normal -0.143121 0.405828 -0.902674
  outer loop
    vertex -2.97515254380736 8.729440884912592 -83.58671219695017
    vertex -4.012702256823443 9.608611729651571 -83.02694432600561
    vertex -3.001931414033791 10.99903491716678 -82.56209240364973
  endloop
endfacet
facet normal -0.132313 0.399467 -0.907149
  outer loop
    vertex -4.012702256823443 9.608611729651571 -83.02694432600561
    vertex -4.042070644814591 11.88601653328889 -82.0197951329462
    vertex -3.001931414033791 10.99903491716678 -82.56209240364973
  endloop
endfacet
facet normal -0.165826 0.397062 -0.902687
  outer loop
    vertex -4.012702256823443 9.608611729651571 -83.02694432600561
    vertex -5.047653763842518 10.48156104310788 -82.45283923665478
    vertex -4.042070644814591 11.88601653328889 -82.0197951329462
  endloop
endfacet
facet normal -0.119648 0.411971 -0.903307
  outer loop
    vertex -3.001931414033791 10.99903491716678 -82.56209240364973
    vertex -4.042070644814591 11.88601653328889 -82.0197951329462
    vertex -3.027291314393818 13.26342986358108 -81.52601254431212
  endloop
endfacet
facet normal 0.119648 0.411971 -0.903307
  outer loop
    vertex 3.027291314393816 13.26342986358108 -81.52601254431212
    vertex 4.042070644815769 11.88601653329134 -82.01979513294494
    vertex 3.001931414033778 10.99903491716678 -82.56209240364973
  endloop
endfacet
facet normal 0.132313 0.399467 -0.907149
  outer loop
    vertex 4.042070644815769 11.88601653329134 -82.01979513294494
    vertex 4.012702256824605 9.608611729654021 -83.02694432600434
    vertex 3.001931414033778 10.99903491716678 -82.56209240364973
  endloop
endfacet
facet normal 0.165826 0.397062 -0.902687
  outer loop
    vertex 4.042070644815769 11.88601653329134 -82.01979513294494
    vertex 5.04765376384487 10.48156104311277 -82.45283923665224
    vertex 4.012702256824605 9.608611729654021 -83.02694432600434
  endloop
endfacet
facet normal 0.143121 0.405828 -0.902674
  outer loop
    vertex 3.001931414033778 10.99903491716678 -82.56209240364973
    vertex 4.012702256824605 9.608611729654021 -83.02694432600434
    vertex 2.975152543807333 8.729440884912595 -83.58671219695019
  endloop
endfacet
facet normal -0.39779 0.156681 -0.903999
  outer loop
    vertex -8.75 3.982006280520187 -83.40285596819734
    vertex -9.979218755571173 3.271049022540454 -82.98518128549628
    vertex -10.50373504159849 4.942445180266784 -82.46469017073092
  endloop
endfacet
facet normal -0.391734 0.159264 -0.906189
  outer loop
    vertex -9.979218755571173 3.271049022540454 -82.98518128549628
    vertex -11.73694414377938 4.233218983419185 -82.0562363835959
    vertex -10.50373504159849 4.942445180266784 -82.46469017073092
  endloop
endfacet
facet normal -0.412538 0.118388 -0.903215
  outer loop
    vertex -9.979218755571173 3.271049022540454 -82.98518128549628
    vertex -11.18996256290479 2.554035933653096 -82.52616348742345
    vertex -11.73694414377938 4.233218983419185 -82.0562363835959
  endloop
endfacet
facet normal -0.394042 0.164381 -0.904273
  outer loop
    vertex -10.50373504159849 4.942445180266784 -82.46469017073092
    vertex -11.73694414377938 4.233218983419185 -82.0562363835959
    vertex -12.2572522946344 5.902781601416271 -81.52601254431212
  endloop
endfacet
facet normal -0.407069 0.0484144 -0.912113
  outer loop
    vertex -8.75 1.071565949253934e-15 -83.80891568708574
    vertex -9.981196301026829 1.278454457135866 -83.19158281690696
    vertex -8.75 2.000742298142955 -83.70271760723972
  endloop
endfacet
facet normal -0.428055 0.0935367 -0.898899
  outer loop
    vertex -9.981196301026829 1.278454457135866 -83.19158281690696
    vertex -9.979218755571173 3.271049022540454 -82.98518128549628
    vertex -8.75 2.000742298142955 -83.70271760723972
  endloop
endfacet
facet normal -0.401478 0.0947589 -0.910953
  outer loop
    vertex -9.981196301026829 1.278454457135866 -83.19158281690696
    vertex -11.18996256290479 2.554035933653096 -82.52616348742345
    vertex -9.979218755571173 3.271049022540454 -82.98518128549628
  endloop
endfacet
facet normal -0.3892 0.137845 -0.910781
  outer loop
    vertex -8.75 2.000742298142955 -83.70271760723972
    vertex -9.979218755571173 3.271049022540454 -82.98518128549628
    vertex -8.75 3.982006280520187 -83.40285596819734
  endloop
endfacet
facet normal 0.387827 0.137932 -0.911353
  outer loop
    vertex 8.75 3.982006280520184 -83.40285596819734
    vertex 9.858125564034454 3.194753444297805 -83.05044218021375
    vertex 8.75 2.000742298142954 -83.70271760723972
  endloop
endfacet
facet normal 0.430077 0.0915038 -0.898143
  outer loop
    vertex 9.858125564034454 3.194753444297805 -83.05044218021375
    vertex 9.858484356382203 1.201787177459886 -83.25331612746295
    vertex 8.75 2.000742298142954 -83.70271760723972
  endloop
endfacet
facet normal 0.400162 0.0928811 -0.911726
  outer loop
    vertex 9.858125564034454 3.194753444297805 -83.05044218021375
    vertex 10.94639781614113 2.401066683466736 -82.6536493589491
    vertex 9.858484356382203 1.201787177459886 -83.25331612746295
  endloop
endfacet
facet normal 0.405076 0.0484613 -0.912998
  outer loop
    vertex 8.75 2.000742298142954 -83.70271760723972
    vertex 9.858484356382203 1.201787177459886 -83.25331612746295
    vertex 8.75 0 -83.80891568708574
  endloop
endfacet
facet normal -0.322148 0.322148 -0.890192
  outer loop
    vertex -8.482281771074268 10.63644491380649 -81.52601254431212
    vertex -8.621487276585706 9.253683404191243 -81.97603859365017
    vertex -10.63644491380649 8.48228177107427 -81.52601254431212
  endloop
endfacet
facet normal -0.303227 0.256678 -0.917698
  outer loop
    vertex -8.621487276585706 9.253683404191243 -81.97603859365017
    vertex -10.52273094269834 6.893629210055277 -82.00792798638676
    vertex -10.63644491380649 8.48228177107427 -81.52601254431212
  endloop
endfacet
facet normal -0.354534 0.297588 -0.886424
  outer loop
    vertex -8.621487276585706 9.253683404191243 -81.97603859365017
    vertex -8.75 7.859445032514666 -82.39270861652221
    vertex -10.52273094269834 6.893629210055277 -82.00792798638676
  endloop
endfacet
facet normal -0.385801 0.242415 -0.890164
  outer loop
    vertex -10.63644491380649 8.48228177107427 -81.52601254431212
    vertex -10.52273094269834 6.893629210055277 -82.00792798638676
    vertex -12.2572522946344 5.902781601416271 -81.52601254431212
  endloop
endfacet
facet normal -0.0467795 0.415179 -0.908536
  outer loop
    vertex -3.027291314393818 13.26342986358108 -81.52601254431212
    vertex -2.187774266128955e-15 13.60452367590791 -81.52601254431212
    vertex -3.001931414033791 10.99903491716678 -82.56209240364973
  endloop
endfacet
facet normal -0.056441 0.424394 -0.903717
  outer loop
    vertex -2.187774266128955e-15 13.60452367590791 -81.52601254431212
    vertex 0.02624843740612707 11.0719620875144 -82.7169680665875
    vertex -3.001931414033791 10.99903491716678 -82.56209240364973
  endloop
endfacet
facet normal 0.0479389 0.425469 -0.903702
  outer loop
    vertex -2.187774266128955e-15 13.60452367590791 -81.52601254431212
    vertex 3.027291314393816 13.26342986358108 -81.52601254431212
    vertex 0.02624843740612707 11.0719620875144 -82.7169680665875
  endloop
endfacet
facet normal -0.0564333 0.410258 -0.910222
  outer loop
    vertex -3.001931414033791 10.99903491716678 -82.56209240364973
    vertex 0.02624843740612707 11.0719620875144 -82.7169680665875
    vertex -2.97515254380736 8.729440884912592 -83.58671219695017
  endloop
endfacet
facet normal 0.0701237 0.409767 -0.909491
  outer loop
    vertex 2.975152543807333 8.729440884912595 -83.58671219695019
    vertex -1.414345906465461e-14 8.85527431104731 -83.75940906777808
    vertex 3.001931414033778 10.99903491716678 -82.56209240364973
  endloop
endfacet
facet normal 0.0574335 0.424302 -0.903698
  outer loop
    vertex -1.414345906465461e-14 8.85527431104731 -83.75940906777808
    vertex 0.02624843740612707 11.0719620875144 -82.7169680665875
    vertex 3.001931414033778 10.99903491716678 -82.56209240364973
  endloop
endfacet
facet normal -0.0703623 0.425188 -0.902366
  outer loop
    vertex -1.414345906465461e-14 8.85527431104731 -83.75940906777808
    vertex -2.97515254380736 8.729440884912592 -83.58671219695017
    vertex 0.02624843740612707 11.0719620875144 -82.7169680665875
  endloop
endfacet
facet normal 0.0574297 0.414849 -0.908076
  outer loop
    vertex 3.001931414033778 10.99903491716678 -82.56209240364973
    vertex 0.02624843740612707 11.0719620875144 -82.7169680665875
    vertex 3.027291314393816 13.26342986358108 -81.52601254431212
  endloop
endfacet
facet normal -1 0 -0
  outer loop
    vertex -8.75 15.95314834417156 -93.50070494363572
    vertex -8.75 17.97657417208578 -96.2777040254141
    vertex -8.75 15.72245625949789 -96.84361247662011
  endloop
endfacet
facet normal -1 0 0
  outer loop
    vertex -8.75 17.97657417208578 -96.2777040254141
    vertex -8.75 17.74588208741211 -99.62061155839848
    vertex -8.75 15.72245625949789 -96.84361247662011
  endloop
endfacet
facet normal -1 0 -0
  outer loop
    vertex -8.75 17.97657417208578 -96.2777040254141
    vertex -8.75 20 -99.05470310719247
    vertex -8.75 17.74588208741211 -99.62061155839848
  endloop
endfacet
facet normal -1 0 -0
  outer loop
    vertex -8.75 15.72245625949789 -96.84361247662011
    vertex -8.75 17.74588208741211 -99.62061155839848
    vertex -8.75 15.49176417482421 -100.1865200096045
  endloop
endfacet
facet normal -1 0 0
  outer loop
    vertex -8.75 11.90629668834313 -87.94670678007898
    vertex -8.75 11.2769651062156 -92.19165024777965
    vertex -8.75 8.527282031791453 -89.84628324466682
  endloop
endfacet
facet normal -1 -0 0
  outer loop
    vertex -8.75 11.2769651062156 -92.19165024777965
    vertex -8.75 7.897950449663924 -94.09122671236747
    vertex -8.75 8.527282031791453 -89.84628324466682
  endloop
endfacet
facet normal -1 0 0
  outer loop
    vertex -8.75 11.2769651062156 -92.19165024777965
    vertex -8.75 10.64763352408807 -96.43659371548031
    vertex -8.75 7.897950449663924 -94.09122671236747
  endloop
endfacet
facet normal -1 0 0
  outer loop
    vertex -8.75 8.527282031791453 -89.84628324466682
    vertex -8.75 7.897950449663924 -94.09122671236747
    vertex -8.75 5.148267375239776 -91.74585970925465
  endloop
endfacet
facet normal -1 0 0
  outer loop
    vertex -8.75 10.64763352408807 -96.43659371548031
    vertex -8.75 10.46126890098101 -100.359807260787
    vertex -8.75 7.77556662050732 -97.77540469417272
  endloop
endfacet
facet normal -1 -0 0
  outer loop
    vertex -8.75 10.46126890098101 -100.359807260787
    vertex -8.75 7.589201997400254 -101.6986182394794
    vertex -8.75 7.77556662050732 -97.77540469417272
  endloop
endfacet
facet normal -1 0 0
  outer loop
    vertex -8.75 10.46126890098101 -100.359807260787
    vertex -8.75 10.27490427787394 -104.2830208060937
    vertex -8.75 7.589201997400254 -101.6986182394794
  endloop
endfacet
facet normal -1 0 0
  outer loop
    vertex -8.75 7.77556662050732 -97.77540469417272
    vertex -8.75 7.589201997400254 -101.6986182394794
    vertex -8.75 4.903499716926568 -99.11421567286513
  endloop
endfacet
facet normal -1 0 -0
  outer loop
    vertex -8.75 11.90629668834313 -87.94670678007898
    vertex -8.75 13.92972251625735 -90.72370586185735
    vertex -8.75 11.2769651062156 -92.19165024777965
  endloop
endfacet
facet normal -1 0 0
  outer loop
    vertex -8.75 13.92972251625735 -90.72370586185735
    vertex -8.75 13.30039093412982 -94.96864932955802
    vertex -8.75 11.2769651062156 -92.19165024777965
  endloop
endfacet
facet normal -1 0 -0
  outer loop
    vertex -8.75 13.92972251625735 -90.72370586185735
    vertex -8.75 15.95314834417156 -93.50070494363572
    vertex -8.75 13.30039093412982 -94.96864932955802
  endloop
endfacet
facet normal -1 0 -0
  outer loop
    vertex -8.75 11.2769651062156 -92.19165024777965
    vertex -8.75 13.30039093412982 -94.96864932955802
    vertex -8.75 10.64763352408807 -96.43659371548031
  endloop
endfacet
facet normal -1 -0 0
  outer loop
    vertex -8.75 10.27490427787394 -104.2830208060937
    vertex -8.75 7.205578020605775 -104.633703981906
    vertex -8.75 7.589201997400254 -101.6986182394794
  endloop
endfacet
facet normal -1 0 0
  outer loop
    vertex -8.75 7.205578020605775 -104.633703981906
    vertex -8.75 4.519875740132089 -102.0493014152917
    vertex -8.75 7.589201997400254 -101.6986182394794
  endloop
endfacet
facet normal -1 -0 0
  outer loop
    vertex -8.75 7.205578020605775 -104.633703981906
    vertex -8.75 4.13625176333761 -104.9843871577183
    vertex -8.75 4.519875740132089 -102.0493014152917
  endloop
endfacet
facet normal -1 -0 0
  outer loop
    vertex -8.75 7.589201997400254 -101.6986182394794
    vertex -8.75 4.519875740132089 -102.0493014152917
    vertex -8.75 4.903499716926568 -99.11421567286513
  endloop
endfacet
facet normal -1 -0 0
  outer loop
    vertex -8.75 13.05801383527291 -110.4726484464038
    vertex -8.75 9.422544478506182 -110.5477245974271
    vertex -8.75 11.66645905657342 -107.3778346262487
  endloop
endfacet
facet normal -1 0 0
  outer loop
    vertex -8.75 9.422544478506182 -110.5477245974271
    vertex -8.75 8.0309896998067 -107.4529107772721
    vertex -8.75 11.66645905657342 -107.3778346262487
  endloop
endfacet
facet normal -1 -0 0
  outer loop
    vertex -8.75 9.422544478506182 -110.5477245974271
    vertex -8.75 5.787075121739458 -110.6228007484505
    vertex -8.75 8.0309896998067 -107.4529107772721
  endloop
endfacet
facet normal -1 -0 0
  outer loop
    vertex -8.75 11.66645905657342 -107.3778346262487
    vertex -8.75 8.0309896998067 -107.4529107772721
    vertex -8.75 10.27490427787394 -104.2830208060937
  endloop
endfacet
facet normal -1 0 0
  outer loop
    vertex -8.75 13.05801383527291 -110.4726484464038
    vertex -8.75 11.32251729409113 -112.8544863348028
    vertex -8.75 9.422544478506182 -110.5477245974271
  endloop
endfacet
facet normal -1 -0 0
  outer loop
    vertex -8.75 11.32251729409113 -112.8544863348028
    vertex -8.75 7.687047937324412 -112.9295624858262
    vertex -8.75 9.422544478506182 -110.5477245974271
  endloop
endfacet
facet normal -1 0 0
  outer loop
    vertex -8.75 11.32251729409113 -112.8544863348028
    vertex -8.75 9.587020752909364 -115.2363242232019
    vertex -8.75 7.687047937324412 -112.9295624858262
  endloop
endfacet
facet normal -1 0 0
  outer loop
    vertex -8.75 9.422544478506182 -110.5477245974271
    vertex -8.75 7.687047937324412 -112.9295624858262
    vertex -8.75 5.787075121739458 -110.6228007484505
  endloop
endfacet
facet normal -1 0 -0
  outer loop
    vertex -8.75 10.64763352408807 -96.43659371548031
    vertex -8.75 13.06969884945614 -98.3115568625424
    vertex -8.75 10.46126890098101 -100.359807260787
  endloop
endfacet
facet normal -1 0 0
  outer loop
    vertex -8.75 13.06969884945614 -98.3115568625424
    vertex -8.75 12.88333422634907 -102.2347704078491
    vertex -8.75 10.46126890098101 -100.359807260787
  endloop
endfacet
facet normal -1 0 -0
  outer loop
    vertex -8.75 13.06969884945614 -98.3115568625424
    vertex -8.75 15.49176417482421 -100.1865200096045
    vertex -8.75 12.88333422634907 -102.2347704078491
  endloop
endfacet
facet normal -1 0 -0
  outer loop
    vertex -8.75 10.46126890098101 -100.359807260787
    vertex -8.75 12.88333422634907 -102.2347704078491
    vertex -8.75 10.27490427787394 -104.2830208060937
  endloop
endfacet
facet normal -1 0 -0
  outer loop
    vertex -8.75 6.588714543724563 -86.41097040796591
    vertex -8.75 9.247505616033846 -87.17883859402245
    vertex -8.75 5.86849095948217 -89.07841505861028
  endloop
endfacet
facet normal -1 0 0
  outer loop
    vertex -8.75 9.247505616033846 -87.17883859402245
    vertex -8.75 8.527282031791453 -89.84628324466682
    vertex -8.75 5.86849095948217 -89.07841505861028
  endloop
endfacet
facet normal -1 0 -0
  outer loop
    vertex -8.75 9.247505616033846 -87.17883859402245
    vertex -8.75 11.90629668834313 -87.94670678007898
    vertex -8.75 8.527282031791453 -89.84628324466682
  endloop
endfacet
facet normal -1 0 -0
  outer loop
    vertex -8.75 5.86849095948217 -89.07841505861028
    vertex -8.75 8.527282031791453 -89.84628324466682
    vertex -8.75 5.148267375239776 -91.74585970925465
  endloop
endfacet
facet normal -1 0 0
  outer loop
    vertex -8.75 15.95314834417156 -93.50070494363572
    vertex -8.75 15.72245625949789 -96.84361247662011
    vertex -8.75 13.30039093412982 -94.96864932955802
  endloop
endfacet
facet normal -1 -0 0
  outer loop
    vertex -8.75 15.72245625949789 -96.84361247662011
    vertex -8.75 13.06969884945614 -98.3115568625424
    vertex -8.75 13.30039093412982 -94.96864932955802
  endloop
endfacet
facet normal -1 0 0
  outer loop
    vertex -8.75 15.72245625949789 -96.84361247662011
    vertex -8.75 15.49176417482421 -100.1865200096045
    vertex -8.75 13.06969884945614 -98.3115568625424
  endloop
endfacet
facet normal -1 0 0
  outer loop
    vertex -8.75 13.30039093412982 -94.96864932955802
    vertex -8.75 13.06969884945614 -98.3115568625424
    vertex -8.75 10.64763352408807 -96.43659371548031
  endloop
endfacet
facet normal -1 0 -0
  outer loop
    vertex -8.75 20 -99.05470310719247
    vertex -8.75 20 -100
    vertex -8.75 17.74588208741211 -99.62061155839848
  endloop
endfacet
facet normal -1 -0 0
  outer loop
    vertex -8.75 20 -100
    vertex -8.75 17.74588208741211 -100.565908451206
    vertex -8.75 17.74588208741211 -99.62061155839848
  endloop
endfacet
facet normal -1 0 -0
  outer loop
    vertex -8.75 20 -100
    vertex -8.75 20 -100.9452968928075
    vertex -8.75 17.74588208741211 -100.565908451206
  endloop
endfacet
facet normal -1 0 -0
  outer loop
    vertex -8.75 17.74588208741211 -99.62061155839848
    vertex -8.75 17.74588208741211 -100.565908451206
    vertex -8.75 15.49176417482421 -100.1865200096045
  endloop
endfacet
facet normal -1 -0 0
  outer loop
    vertex -8.75 20 -100.9452968928075
    vertex -8.75 18.26450345881823 -103.3271347812066
    vertex -8.75 17.74588208741211 -100.565908451206
  endloop
endfacet
facet normal -1 0 0
  outer loop
    vertex -8.75 18.26450345881823 -103.3271347812066
    vertex -8.75 16.01038554623033 -102.9477463396051
    vertex -8.75 17.74588208741211 -100.565908451206
  endloop
endfacet
facet normal -1 -0 0
  outer loop
    vertex -8.75 18.26450345881823 -103.3271347812066
    vertex -8.75 16.52900691763645 -105.7089726696057
    vertex -8.75 16.01038554623033 -102.9477463396051
  endloop
endfacet
facet normal -1 -0 0
  outer loop
    vertex -8.75 17.74588208741211 -100.565908451206
    vertex -8.75 16.01038554623033 -102.9477463396051
    vertex -8.75 15.49176417482421 -100.1865200096045
  endloop
endfacet
facet normal -1 0 -0
  outer loop
    vertex -8.75 7.859445032514666 -82.39270861652221
    vertex -8.75 9.882870860428898 -85.1697076983006
    vertex -8.75 7.224079788119614 -84.40183951224407
  endloop
endfacet
facet normal -1 -0 0
  outer loop
    vertex -8.75 9.882870860428898 -85.1697076983006
    vertex -8.75 9.247505616033846 -87.17883859402245
    vertex -8.75 7.224079788119614 -84.40183951224407
  endloop
endfacet
facet normal -1 0 -0
  outer loop
    vertex -8.75 9.882870860428898 -85.1697076983006
    vertex -8.75 11.90629668834313 -87.94670678007898
    vertex -8.75 9.247505616033846 -87.17883859402245
  endloop
endfacet
facet normal -1 0 -0
  outer loop
    vertex -8.75 7.224079788119614 -84.40183951224407
    vertex -8.75 9.247505616033846 -87.17883859402245
    vertex -8.75 6.588714543724563 -86.41097040796591
  endloop
endfacet
facet normal -1 0 0
  outer loop
    vertex -8.75 5.787075121739458 -110.6228007484505
    vertex -8.75 4.961663442538534 -107.8035939530844
    vertex -8.75 8.0309896998067 -107.4529107772721
  endloop
endfacet
facet normal -1 0 0
  outer loop
    vertex -8.75 4.961663442538534 -107.8035939530844
    vertex -8.75 7.205578020605775 -104.633703981906
    vertex -8.75 8.0309896998067 -107.4529107772721
  endloop
endfacet
facet normal -1 0 0
  outer loop
    vertex -8.75 4.961663442538534 -107.8035939530844
    vertex -8.75 4.13625176333761 -104.9843871577183
    vertex -8.75 7.205578020605775 -104.633703981906
  endloop
endfacet
facet normal -1 0 0
  outer loop
    vertex -8.75 8.0309896998067 -107.4529107772721
    vertex -8.75 7.205578020605775 -104.633703981906
    vertex -8.75 10.27490427787394 -104.2830208060937
  endloop
endfacet
facet normal -1 0 0
  outer loop
    vertex -8.75 0 -89.84076307257146
    vertex -8.75 0 -86.8248393798286
    vertex -8.75 1.369969174219682 -88.38816693772718
  endloop
endfacet
facet normal -1 0 0
  outer loop
    vertex -8.75 0 -86.8248393798286
    vertex -8.75 1.369969174219682 -85.37224324498432
    vertex -8.75 1.369969174219682 -88.38816693772718
  endloop
endfacet
facet normal -1 0 0
  outer loop
    vertex -8.75 0 -86.8248393798286
    vertex -8.75 1.071565949253934e-15 -83.80891568708574
    vertex -8.75 1.369969174219682 -85.37224324498432
  endloop
endfacet
facet normal -1 0 0
  outer loop
    vertex -8.75 1.369969174219682 -88.38816693772718
    vertex -8.75 1.369969174219682 -85.37224324498432
    vertex -8.75 2.739938348439365 -86.93557080288289
  endloop
endfacet
facet normal -1 0 0
  outer loop
    vertex -8.75 0 -107.9363052290286
    vertex -8.75 0 -104.9203815362858
    vertex -8.75 2.068125881668804 -106.4603461933734
  endloop
endfacet
facet normal -1 0 0
  outer loop
    vertex -8.75 0 -104.9203815362858
    vertex -8.75 2.068125881668805 -103.4444225006306
    vertex -8.75 2.068125881668804 -106.4603461933734
  endloop
endfacet
facet normal -1 0 0
  outer loop
    vertex -8.75 0 -104.9203815362858
    vertex -8.75 0 -101.9044578435429
    vertex -8.75 2.068125881668805 -103.4444225006306
  endloop
endfacet
facet normal -1 0 0
  outer loop
    vertex -8.75 2.068125881668804 -106.4603461933734
    vertex -8.75 2.068125881668805 -103.4444225006306
    vertex -8.75 4.13625176333761 -104.9843871577183
  endloop
endfacet
facet normal -1 0 0
  outer loop
    vertex -8.75 0 -113.9681526145143
    vertex -8.75 0 -110.9522289217715
    vertex -8.75 2.89353756086973 -112.2954766814824
  endloop
endfacet
facet normal -1 0 0
  outer loop
    vertex -8.75 0 -110.9522289217715
    vertex -8.75 2.893537560869729 -109.2795529887395
    vertex -8.75 2.89353756086973 -112.2954766814824
  endloop
endfacet
facet normal -1 0 0
  outer loop
    vertex -8.75 0 -110.9522289217715
    vertex -8.75 0 -107.9363052290286
    vertex -8.75 2.893537560869729 -109.2795529887395
  endloop
endfacet
facet normal -1 0 0
  outer loop
    vertex -8.75 2.89353756086973 -112.2954766814824
    vertex -8.75 2.893537560869729 -109.2795529887395
    vertex -8.75 5.787075121739458 -110.6228007484505
  endloop
endfacet
facet normal -1 0 0
  outer loop
    vertex -8.75 0 -95.87261045805718
    vertex -8.75 0 -92.85668676531432
    vertex -8.75 2.574133687619888 -93.80923508365591
  endloop
endfacet
facet normal -1 0 0
  outer loop
    vertex -8.75 0 -92.85668676531432
    vertex -8.75 2.574133687619888 -90.79331139091305
    vertex -8.75 2.574133687619888 -93.80923508365591
  endloop
endfacet
facet normal -1 0 0
  outer loop
    vertex -8.75 0 -92.85668676531432
    vertex -8.75 0 -89.84076307257146
    vertex -8.75 2.574133687619888 -90.79331139091305
  endloop
endfacet
facet normal -1 0 0
  outer loop
    vertex -8.75 2.574133687619888 -93.80923508365591
    vertex -8.75 2.574133687619888 -90.79331139091305
    vertex -8.75 5.148267375239776 -91.74585970925465
  endloop
endfacet
facet normal -1 0 0
  outer loop
    vertex -8.75 6.116027670545821 -120
    vertex -8.75 3.05801383527291 -120
    vertex -8.75 5.270037228878192 -117.7994895197696
  endloop
endfacet
facet normal -1 0 0
  outer loop
    vertex -8.75 3.05801383527291 -120
    vertex -8.75 2.212023393605282 -117.7994895197696
    vertex -8.75 5.270037228878192 -117.7994895197696
  endloop
endfacet
facet normal -1 0 0
  outer loop
    vertex -8.75 3.05801383527291 -120
    vertex -8.75 0 -120
    vertex -8.75 2.212023393605282 -117.7994895197696
  endloop
endfacet
facet normal -1 0 0
  outer loop
    vertex -8.75 5.270037228878192 -117.7994895197696
    vertex -8.75 2.212023393605282 -117.7994895197696
    vertex -8.75 4.424046787210564 -115.5989790395392
  endloop
endfacet
facet normal -1 -0 0
  outer loop
    vertex -8.75 16.52900691763645 -105.7089726696057
    vertex -8.75 14.79351037645468 -108.0908105580047
    vertex -8.75 13.4019555977552 -104.9959967378497
  endloop
endfacet
facet normal -1 0 0
  outer loop
    vertex -8.75 14.79351037645468 -108.0908105580047
    vertex -8.75 11.66645905657342 -107.3778346262487
    vertex -8.75 13.4019555977552 -104.9959967378497
  endloop
endfacet
facet normal -1 -0 0
  outer loop
    vertex -8.75 14.79351037645468 -108.0908105580047
    vertex -8.75 13.05801383527291 -110.4726484464038
    vertex -8.75 11.66645905657342 -107.3778346262487
  endloop
endfacet
facet normal -1 -0 0
  outer loop
    vertex -8.75 13.4019555977552 -104.9959967378497
    vertex -8.75 11.66645905657342 -107.3778346262487
    vertex -8.75 10.27490427787394 -104.2830208060937
  endloop
endfacet
facet normal -1 0 0
  outer loop
    vertex -8.75 0 -120
    vertex -8.75 0 -116.9840763072572
    vertex -8.75 2.212023393605282 -117.7994895197696
  endloop
endfacet
facet normal -1 0 0
  outer loop
    vertex -8.75 0 -116.9840763072572
    vertex -8.75 2.212023393605282 -114.7835658270267
    vertex -8.75 2.212023393605282 -117.7994895197696
  endloop
endfacet
facet normal -1 0 0
  outer loop
    vertex -8.75 0 -116.9840763072572
    vertex -8.75 0 -113.9681526145143
    vertex -8.75 2.212023393605282 -114.7835658270267
  endloop
endfacet
facet normal -1 0 0
  outer loop
    vertex -8.75 2.212023393605282 -117.7994895197696
    vertex -8.75 2.212023393605282 -114.7835658270267
    vertex -8.75 4.424046787210564 -115.5989790395392
  endloop
endfacet
facet normal -1 0 0
  outer loop
    vertex -8.75 0 -107.9363052290286
    vertex -8.75 2.068125881668804 -106.4603461933734
    vertex -8.75 2.893537560869729 -109.2795529887395
  endloop
endfacet
facet normal -1 0 0
  outer loop
    vertex -8.75 2.068125881668804 -106.4603461933734
    vertex -8.75 4.961663442538534 -107.8035939530844
    vertex -8.75 2.893537560869729 -109.2795529887395
  endloop
endfacet
facet normal -1 0 0
  outer loop
    vertex -8.75 2.068125881668804 -106.4603461933734
    vertex -8.75 4.13625176333761 -104.9843871577183
    vertex -8.75 4.961663442538534 -107.8035939530844
  endloop
endfacet
facet normal -1 0 0
  outer loop
    vertex -8.75 2.893537560869729 -109.2795529887395
    vertex -8.75 4.961663442538534 -107.8035939530844
    vertex -8.75 5.787075121739458 -110.6228007484505
  endloop
endfacet
facet normal -1 0 0
  outer loop
    vertex -8.75 0 -101.9044578435429
    vertex -8.75 0 -98.88853415080004
    vertex -8.75 2.451749858463284 -100.509336758204
  endloop
endfacet
facet normal -1 0 0
  outer loop
    vertex -8.75 0 -98.88853415080004
    vertex -8.75 2.451749858463284 -97.49341306546116
    vertex -8.75 2.451749858463284 -100.509336758204
  endloop
endfacet
facet normal -1 0 0
  outer loop
    vertex -8.75 0 -98.88853415080004
    vertex -8.75 0 -95.87261045805718
    vertex -8.75 2.451749858463284 -97.49341306546116
  endloop
endfacet
facet normal -1 0 0
  outer loop
    vertex -8.75 2.451749858463284 -100.509336758204
    vertex -8.75 2.451749858463284 -97.49341306546116
    vertex -8.75 4.903499716926568 -99.11421567286513
  endloop
endfacet
facet normal -1 0 0
  outer loop
    vertex -8.75 6.588714543724563 -86.41097040796591
    vertex -8.75 5.86849095948217 -89.07841505861028
    vertex -8.75 4.664326446081963 -86.67327060542441
  endloop
endfacet
facet normal -1 -0 0
  outer loop
    vertex -8.75 5.86849095948217 -89.07841505861028
    vertex -8.75 3.94410286183957 -89.34071525606876
    vertex -8.75 4.664326446081963 -86.67327060542441
  endloop
endfacet
facet normal -1 0 0
  outer loop
    vertex -8.75 5.86849095948217 -89.07841505861028
    vertex -8.75 5.148267375239776 -91.74585970925465
    vertex -8.75 3.94410286183957 -89.34071525606876
  endloop
endfacet
facet normal -1 0 0
  outer loop
    vertex -8.75 4.664326446081963 -86.67327060542441
    vertex -8.75 3.94410286183957 -89.34071525606876
    vertex -8.75 2.739938348439365 -86.93557080288289
  endloop
endfacet
facet normal -1 0 0
  outer loop
    vertex -8.75 4.13625176333761 -104.9843871577183
    vertex -8.75 2.068125881668805 -103.4444225006306
    vertex -8.75 4.519875740132089 -102.0493014152917
  endloop
endfacet
facet normal -1 0 0
  outer loop
    vertex -8.75 2.068125881668805 -103.4444225006306
    vertex -8.75 2.451749858463284 -100.509336758204
    vertex -8.75 4.519875740132089 -102.0493014152917
  endloop
endfacet
facet normal -1 0 0
  outer loop
    vertex -8.75 2.068125881668805 -103.4444225006306
    vertex -8.75 0 -101.9044578435429
    vertex -8.75 2.451749858463284 -100.509336758204
  endloop
endfacet
facet normal -1 0 0
  outer loop
    vertex -8.75 4.519875740132089 -102.0493014152917
    vertex -8.75 2.451749858463284 -100.509336758204
    vertex -8.75 4.903499716926568 -99.11421567286513
  endloop
endfacet
facet normal -1 0 0
  outer loop
    vertex -8.75 0 -95.87261045805718
    vertex -8.75 2.574133687619888 -93.80923508365591
    vertex -8.75 2.451749858463284 -97.49341306546116
  endloop
endfacet
facet normal -1 0 -0
  outer loop
    vertex -8.75 2.574133687619888 -93.80923508365591
    vertex -8.75 5.025883546083172 -95.43003769105988
    vertex -8.75 2.451749858463284 -97.49341306546116
  endloop
endfacet
facet normal -1 0 0
  outer loop
    vertex -8.75 2.574133687619888 -93.80923508365591
    vertex -8.75 5.148267375239776 -91.74585970925465
    vertex -8.75 5.025883546083172 -95.43003769105988
  endloop
endfacet
facet normal -1 0 0
  outer loop
    vertex -8.75 2.451749858463284 -97.49341306546116
    vertex -8.75 5.025883546083172 -95.43003769105988
    vertex -8.75 4.903499716926568 -99.11421567286513
  endloop
endfacet
facet normal -1 0 0
  outer loop
    vertex -8.75 5.148267375239776 -91.74585970925465
    vertex -8.75 2.574133687619888 -90.79331139091305
    vertex -8.75 3.94410286183957 -89.34071525606876
  endloop
endfacet
facet normal -1 0 0
  outer loop
    vertex -8.75 2.574133687619888 -90.79331139091305
    vertex -8.75 1.369969174219682 -88.38816693772718
    vertex -8.75 3.94410286183957 -89.34071525606876
  endloop
endfacet
facet normal -1 0 0
  outer loop
    vertex -8.75 2.574133687619888 -90.79331139091305
    vertex -8.75 0 -89.84076307257146
    vertex -8.75 1.369969174219682 -88.38816693772718
  endloop
endfacet
facet normal -1 0 0
  outer loop
    vertex -8.75 3.94410286183957 -89.34071525606876
    vertex -8.75 1.369969174219682 -88.38816693772718
    vertex -8.75 2.739938348439365 -86.93557080288289
  endloop
endfacet
facet normal -1 0 0
  outer loop
    vertex -8.75 9.587020752909364 -115.2363242232019
    vertex -8.75 7.851524211727592 -117.6181621116009
    vertex -8.75 7.005533770059964 -115.4176516313705
  endloop
endfacet
facet normal -1 -0 0
  outer loop
    vertex -8.75 7.851524211727592 -117.6181621116009
    vertex -8.75 5.270037228878192 -117.7994895197696
    vertex -8.75 7.005533770059964 -115.4176516313705
  endloop
endfacet
facet normal -1 0 0
  outer loop
    vertex -8.75 7.851524211727592 -117.6181621116009
    vertex -8.75 6.116027670545821 -120
    vertex -8.75 5.270037228878192 -117.7994895197696
  endloop
endfacet
facet normal -1 0 0
  outer loop
    vertex -8.75 7.005533770059964 -115.4176516313705
    vertex -8.75 5.270037228878192 -117.7994895197696
    vertex -8.75 4.424046787210564 -115.5989790395392
  endloop
endfacet
facet normal -1 0 -0
  outer loop
    vertex -8.75 15.49176417482421 -100.1865200096045
    vertex -8.75 16.01038554623033 -102.9477463396051
    vertex -8.75 12.88333422634907 -102.2347704078491
  endloop
endfacet
facet normal -1 -0 0
  outer loop
    vertex -8.75 16.01038554623033 -102.9477463396051
    vertex -8.75 13.4019555977552 -104.9959967378497
    vertex -8.75 12.88333422634907 -102.2347704078491
  endloop
endfacet
facet normal -1 0 -0
  outer loop
    vertex -8.75 16.01038554623033 -102.9477463396051
    vertex -8.75 16.52900691763645 -105.7089726696057
    vertex -8.75 13.4019555977552 -104.9959967378497
  endloop
endfacet
facet normal -1 0 -0
  outer loop
    vertex -8.75 12.88333422634907 -102.2347704078491
    vertex -8.75 13.4019555977552 -104.9959967378497
    vertex -8.75 10.27490427787394 -104.2830208060937
  endloop
endfacet
facet normal -1 0 -0
  outer loop
    vertex -8.75 5.148267375239776 -91.74585970925465
    vertex -8.75 7.897950449663924 -94.09122671236747
    vertex -8.75 5.025883546083172 -95.43003769105988
  endloop
endfacet
facet normal -1 0 0
  outer loop
    vertex -8.75 7.897950449663924 -94.09122671236747
    vertex -8.75 7.77556662050732 -97.77540469417272
    vertex -8.75 5.025883546083172 -95.43003769105988
  endloop
endfacet
facet normal -1 0 -0
  outer loop
    vertex -8.75 7.897950449663924 -94.09122671236747
    vertex -8.75 10.64763352408807 -96.43659371548031
    vertex -8.75 7.77556662050732 -97.77540469417272
  endloop
endfacet
facet normal -1 0 -0
  outer loop
    vertex -8.75 5.025883546083172 -95.43003769105988
    vertex -8.75 7.77556662050732 -97.77540469417272
    vertex -8.75 4.903499716926568 -99.11421567286513
  endloop
endfacet
facet normal -1 0 -0
  outer loop
    vertex -8.75 5.787075121739458 -110.6228007484505
    vertex -8.75 7.687047937324412 -112.9295624858262
    vertex -8.75 5.105560954475012 -113.1108898939948
  endloop
endfacet
facet normal -1 0 0
  outer loop
    vertex -8.75 7.687047937324412 -112.9295624858262
    vertex -8.75 7.005533770059964 -115.4176516313705
    vertex -8.75 5.105560954475012 -113.1108898939948
  endloop
endfacet
facet normal -1 0 -0
  outer loop
    vertex -8.75 7.687047937324412 -112.9295624858262
    vertex -8.75 9.587020752909364 -115.2363242232019
    vertex -8.75 7.005533770059964 -115.4176516313705
  endloop
endfacet
facet normal -1 0 -0
  outer loop
    vertex -8.75 5.105560954475012 -113.1108898939948
    vertex -8.75 7.005533770059964 -115.4176516313705
    vertex -8.75 4.424046787210564 -115.5989790395392
  endloop
endfacet
facet normal -1 0 0
  outer loop
    vertex -8.75 3.982006280520187 -83.40285596819734
    vertex -8.75 5.934690032647705 -82.95174362880579
    vertex -8.75 5.285360412122375 -84.90691318808162
  endloop
endfacet
facet normal -1 0 -0
  outer loop
    vertex -8.75 5.934690032647705 -82.95174362880579
    vertex -8.75 7.224079788119614 -84.40183951224407
    vertex -8.75 5.285360412122375 -84.90691318808162
  endloop
endfacet
facet normal -1 0 0
  outer loop
    vertex -8.75 5.934690032647705 -82.95174362880579
    vertex -8.75 7.859445032514666 -82.39270861652221
    vertex -8.75 7.224079788119614 -84.40183951224407
  endloop
endfacet
facet normal -1 0 0
  outer loop
    vertex -8.75 5.285360412122375 -84.90691318808162
    vertex -8.75 7.224079788119614 -84.40183951224407
    vertex -8.75 6.588714543724563 -86.41097040796591
  endloop
endfacet
facet normal -1 0 0
  outer loop
    vertex -8.75 0 -113.9681526145143
    vertex -8.75 2.89353756086973 -112.2954766814824
    vertex -8.75 2.212023393605282 -114.7835658270267
  endloop
endfacet
facet normal -1 0 -0
  outer loop
    vertex -8.75 2.89353756086973 -112.2954766814824
    vertex -8.75 5.105560954475012 -113.1108898939948
    vertex -8.75 2.212023393605282 -114.7835658270267
  endloop
endfacet
facet normal -1 0 0
  outer loop
    vertex -8.75 2.89353756086973 -112.2954766814824
    vertex -8.75 5.787075121739458 -110.6228007484505
    vertex -8.75 5.105560954475012 -113.1108898939948
  endloop
endfacet
facet normal -1 0 0
  outer loop
    vertex -8.75 2.212023393605282 -114.7835658270267
    vertex -8.75 5.105560954475012 -113.1108898939948
    vertex -8.75 4.424046787210564 -115.5989790395392
  endloop
endfacet
facet normal -1 0 0
  outer loop
    vertex -8.75 1.071565949253934e-15 -83.80891568708574
    vertex -8.75 2.000742298142955 -83.70271760723972
    vertex -8.75 1.369969174219682 -85.37224324498432
  endloop
endfacet
facet normal -1 0 -0
  outer loop
    vertex -8.75 2.000742298142955 -83.70271760723972
    vertex -8.75 3.360972314479776 -85.16921338554012
    vertex -8.75 1.369969174219682 -85.37224324498432
  endloop
endfacet
facet normal -1 0 0
  outer loop
    vertex -8.75 2.000742298142955 -83.70271760723972
    vertex -8.75 3.982006280520187 -83.40285596819734
    vertex -8.75 3.360972314479776 -85.16921338554012
  endloop
endfacet
facet normal -1 0 0
  outer loop
    vertex -8.75 1.369969174219682 -85.37224324498432
    vertex -8.75 3.360972314479776 -85.16921338554012
    vertex -8.75 2.739938348439365 -86.93557080288289
  endloop
endfacet
facet normal -1 0 -0
  outer loop
    vertex -8.75 3.982006280520187 -83.40285596819734
    vertex -8.75 5.285360412122375 -84.90691318808162
    vertex -8.75 3.360972314479776 -85.16921338554012
  endloop
endfacet
facet normal -1 0 0
  outer loop
    vertex -8.75 5.285360412122375 -84.90691318808162
    vertex -8.75 4.664326446081963 -86.67327060542441
    vertex -8.75 3.360972314479776 -85.16921338554012
  endloop
endfacet
facet normal -1 0 -0
  outer loop
    vertex -8.75 5.285360412122375 -84.90691318808162
    vertex -8.75 6.588714543724563 -86.41097040796591
    vertex -8.75 4.664326446081963 -86.67327060542441
  endloop
endfacet
facet normal -1 0 -0
  outer loop
    vertex -8.75 3.360972314479776 -85.16921338554012
    vertex -8.75 4.664326446081963 -86.67327060542441
    vertex -8.75 2.739938348439365 -86.93557080288289
  endloop
endfacet
facet normal 0 0 -1
  outer loop
    vertex -8.75 6.116027670545821 -120
    vertex -7.291666666666668 4.587020752909365 -120
    vertex -8.75 3.05801383527291 -120
  endloop
endfacet
facet normal 0 -0 -1
  outer loop
    vertex -7.291666666666668 4.587020752909365 -120
    vertex -7.291666666666668 1.529006917636455 -120
    vertex -8.75 3.05801383527291 -120
  endloop
endfacet
facet normal 0 0 -1
  outer loop
    vertex -7.291666666666668 4.587020752909365 -120
    vertex -5.833333333333334 3.05801383527291 -120
    vertex -7.291666666666668 1.529006917636455 -120
  endloop
endfacet
facet normal 0 0 -1
  outer loop
    vertex -8.75 3.05801383527291 -120
    vertex -7.291666666666668 1.529006917636455 -120
    vertex -8.75 0 -120
  endloop
endfacet
facet normal 0 0 -1
  outer loop
    vertex 8.75 0 -120
    vertex 7.291666666666666 1.529006917636455 -120
    vertex 8.75 3.05801383527291 -120
  endloop
endfacet
facet normal 0 0 -1
  outer loop
    vertex 7.291666666666666 1.529006917636455 -120
    vertex 7.291666666666666 4.587020752909365 -120
    vertex 8.75 3.05801383527291 -120
  endloop
endfacet
facet normal 0 0 -1
  outer loop
    vertex 7.291666666666666 1.529006917636455 -120
    vertex 5.833333333333333 3.05801383527291 -120
    vertex 7.291666666666666 4.587020752909365 -120
  endloop
endfacet
facet normal 0 0 -1
  outer loop
    vertex 8.75 3.05801383527291 -120
    vertex 7.291666666666666 4.587020752909365 -120
    vertex 8.75 6.116027670545821 -120
  endloop
endfacet
facet normal -0 0 -1
  outer loop
    vertex 8.75 6.116027670545821 -120
    vertex 7.291666666666666 4.587020752909365 -120
    vertex 5.833333333333333 6.116027670545821 -120
  endloop
endfacet
facet normal 0 0 -1
  outer loop
    vertex 7.291666666666666 4.587020752909365 -120
    vertex 4.375 4.587020752909365 -120
    vertex 5.833333333333333 6.116027670545821 -120
  endloop
endfacet
facet normal -0 0 -1
  outer loop
    vertex 7.291666666666666 4.587020752909365 -120
    vertex 5.833333333333333 3.05801383527291 -120
    vertex 4.375 4.587020752909365 -120
  endloop
endfacet
facet normal -0 0 -1
  outer loop
    vertex 5.833333333333333 6.116027670545821 -120
    vertex 4.375 4.587020752909365 -120
    vertex 2.916666666666666 6.116027670545821 -120
  endloop
endfacet
facet normal -0 0 -1
  outer loop
    vertex 2.916666666666666 6.116027670545821 -120
    vertex 1.458333333333333 4.587020752909365 -120
    vertex 0 6.116027670545821 -120
  endloop
endfacet
facet normal 0 0 -1
  outer loop
    vertex 1.458333333333333 4.587020752909365 -120
    vertex -1.458333333333334 4.587020752909365 -120
    vertex 0 6.116027670545821 -120
  endloop
endfacet
facet normal -0 0 -1
  outer loop
    vertex 1.458333333333333 4.587020752909365 -120
    vertex 0 3.05801383527291 -120
    vertex -1.458333333333334 4.587020752909365 -120
  endloop
endfacet
facet normal -0 0 -1
  outer loop
    vertex 0 6.116027670545821 -120
    vertex -1.458333333333334 4.587020752909365 -120
    vertex -2.916666666666668 6.116027670545821 -120
  endloop
endfacet
facet normal 0 0 -1
  outer loop
    vertex -2.916666666666668 0 -120
    vertex -1.458333333333334 1.529006917636455 -120
    vertex 0 0 -120
  endloop
endfacet
facet normal 0 0 -1
  outer loop
    vertex -1.458333333333334 1.529006917636455 -120
    vertex 1.458333333333333 1.529006917636455 -120
    vertex 0 0 -120
  endloop
endfacet
facet normal 0 0 -1
  outer loop
    vertex -1.458333333333334 1.529006917636455 -120
    vertex 0 3.05801383527291 -120
    vertex 1.458333333333333 1.529006917636455 -120
  endloop
endfacet
facet normal 0 0 -1
  outer loop
    vertex 0 0 -120
    vertex 1.458333333333333 1.529006917636455 -120
    vertex 2.916666666666666 0 -120
  endloop
endfacet
facet normal 0 0 -1
  outer loop
    vertex 2.916666666666666 0 -120
    vertex 4.375 1.529006917636455 -120
    vertex 5.833333333333333 0 -120
  endloop
endfacet
facet normal 0 0 -1
  outer loop
    vertex 4.375 1.529006917636455 -120
    vertex 7.291666666666666 1.529006917636455 -120
    vertex 5.833333333333333 0 -120
  endloop
endfacet
facet normal 0 0 -1
  outer loop
    vertex 4.375 1.529006917636455 -120
    vertex 5.833333333333333 3.05801383527291 -120
    vertex 7.291666666666666 1.529006917636455 -120
  endloop
endfacet
facet normal 0 0 -1
  outer loop
    vertex 5.833333333333333 0 -120
    vertex 7.291666666666666 1.529006917636455 -120
    vertex 8.75 0 -120
  endloop
endfacet
facet normal 0 0 -1
  outer loop
    vertex -8.75 0 -120
    vertex -7.291666666666668 1.529006917636455 -120
    vertex -5.833333333333334 0 -120
  endloop
endfacet
facet normal 0 0 -1
  outer loop
    vertex -7.291666666666668 1.529006917636455 -120
    vertex -4.375 1.529006917636455 -120
    vertex -5.833333333333334 0 -120
  endloop
endfacet
facet normal 0 0 -1
  outer loop
    vertex -7.291666666666668 1.529006917636455 -120
    vertex -5.833333333333334 3.05801383527291 -120
    vertex -4.375 1.529006917636455 -120
  endloop
endfacet
facet normal 0 0 -1
  outer loop
    vertex -5.833333333333334 0 -120
    vertex -4.375 1.529006917636455 -120
    vertex -2.916666666666668 0 -120
  endloop
endfacet
facet normal -0 0 -1
  outer loop
    vertex -2.916666666666668 6.116027670545821 -120
    vertex -4.375 4.587020752909365 -120
    vertex -5.833333333333334 6.116027670545821 -120
  endloop
endfacet
facet normal 0 0 -1
  outer loop
    vertex -4.375 4.587020752909365 -120
    vertex -7.291666666666668 4.587020752909365 -120
    vertex -5.833333333333334 6.116027670545821 -120
  endloop
endfacet
facet normal -0 0 -1
  outer loop
    vertex -4.375 4.587020752909365 -120
    vertex -5.833333333333334 3.05801383527291 -120
    vertex -7.291666666666668 4.587020752909365 -120
  endloop
endfacet
facet normal -0 0 -1
  outer loop
    vertex -5.833333333333334 6.116027670545821 -120
    vertex -7.291666666666668 4.587020752909365 -120
    vertex -8.75 6.116027670545821 -120
  endloop
endfacet
facet normal 0 0 -1
  outer loop
    vertex 0 3.05801383527291 -120
    vertex -2.916666666666668 3.05801383527291 -120
    vertex -1.458333333333334 4.587020752909365 -120
  endloop
endfacet
facet normal 0 0 -1
  outer loop
    vertex -2.916666666666668 3.05801383527291 -120
    vertex -4.375 4.587020752909365 -120
    vertex -1.458333333333334 4.587020752909365 -120
  endloop
endfacet
facet normal 0 0 -1
  outer loop
    vertex -2.916666666666668 3.05801383527291 -120
    vertex -5.833333333333334 3.05801383527291 -120
    vertex -4.375 4.587020752909365 -120
  endloop
endfacet
facet normal 0 0 -1
  outer loop
    vertex -1.458333333333334 4.587020752909365 -120
    vertex -4.375 4.587020752909365 -120
    vertex -2.916666666666668 6.116027670545821 -120
  endloop
endfacet
facet normal 0 0 -1
  outer loop
    vertex -2.916666666666668 0 -120
    vertex -4.375 1.529006917636455 -120
    vertex -1.458333333333334 1.529006917636455 -120
  endloop
endfacet
facet normal 0 0 -1
  outer loop
    vertex -4.375 1.529006917636455 -120
    vertex -2.916666666666668 3.05801383527291 -120
    vertex -1.458333333333334 1.529006917636455 -120
  endloop
endfacet
facet normal 0 0 -1
  outer loop
    vertex -4.375 1.529006917636455 -120
    vertex -5.833333333333334 3.05801383527291 -120
    vertex -2.916666666666668 3.05801383527291 -120
  endloop
endfacet
facet normal 0 0 -1
  outer loop
    vertex -1.458333333333334 1.529006917636455 -120
    vertex -2.916666666666668 3.05801383527291 -120
    vertex 0 3.05801383527291 -120
  endloop
endfacet
facet normal 0 0 -1
  outer loop
    vertex 5.833333333333333 3.05801383527291 -120
    vertex 2.916666666666666 3.05801383527291 -120
    vertex 4.375 4.587020752909365 -120
  endloop
endfacet
facet normal 0 0 -1
  outer loop
    vertex 2.916666666666666 3.05801383527291 -120
    vertex 1.458333333333333 4.587020752909365 -120
    vertex 4.375 4.587020752909365 -120
  endloop
endfacet
facet normal 0 0 -1
  outer loop
    vertex 2.916666666666666 3.05801383527291 -120
    vertex 0 3.05801383527291 -120
    vertex 1.458333333333333 4.587020752909365 -120
  endloop
endfacet
facet normal 0 0 -1
  outer loop
    vertex 4.375 4.587020752909365 -120
    vertex 1.458333333333333 4.587020752909365 -120
    vertex 2.916666666666666 6.116027670545821 -120
  endloop
endfacet
facet normal 0 0 -1
  outer loop
    vertex 2.916666666666666 0 -120
    vertex 1.458333333333333 1.529006917636455 -120
    vertex 4.375 1.529006917636455 -120
  endloop
endfacet
facet normal 0 0 -1
  outer loop
    vertex 1.458333333333333 1.529006917636455 -120
    vertex 2.916666666666666 3.05801383527291 -120
    vertex 4.375 1.529006917636455 -120
  endloop
endfacet
facet normal 0 0 -1
  outer loop
    vertex 1.458333333333333 1.529006917636455 -120
    vertex 0 3.05801383527291 -120
    vertex 2.916666666666666 3.05801383527291 -120
  endloop
endfacet
facet normal 0 0 -1
  outer loop
    vertex 4.375 1.529006917636455 -120
    vertex 2.916666666666666 3.05801383527291 -120
    vertex 5.833333333333333 3.05801383527291 -120
  endloop
endfacet
facet normal 1 0 0
  outer loop
    vertex 8.75 15.95314834417156 -93.50070494363572
    vertex 8.75 15.72245625949789 -96.84361247662011
    vertex 8.75 17.97657417208578 -96.2777040254141
  endloop
endfacet
facet normal 1 -0 0
  outer loop
    vertex 8.75 15.72245625949789 -96.84361247662011
    vertex 8.75 17.74588208741211 -99.62061155839848
    vertex 8.75 17.97657417208578 -96.2777040254141
  endloop
endfacet
facet normal 1 0 0
  outer loop
    vertex 8.75 15.72245625949789 -96.84361247662011
    vertex 8.75 15.49176417482421 -100.1865200096045
    vertex 8.75 17.74588208741211 -99.62061155839848
  endloop
endfacet
facet normal 1 0 0
  outer loop
    vertex 8.75 17.97657417208578 -96.2777040254141
    vertex 8.75 17.74588208741211 -99.62061155839848
    vertex 8.75 20 -99.05470310719247
  endloop
endfacet
facet normal 1 0 0
  outer loop
    vertex 8.75 11.90629668834313 -87.94670678007898
    vertex 8.75 8.527282031791453 -89.84628324466682
    vertex 8.75 11.2769651062156 -92.19165024777965
  endloop
endfacet
facet normal 1 0 0
  outer loop
    vertex 8.75 8.527282031791453 -89.84628324466682
    vertex 8.75 7.897950449663924 -94.09122671236747
    vertex 8.75 11.2769651062156 -92.19165024777965
  endloop
endfacet
facet normal 1 0 0
  outer loop
    vertex 8.75 8.527282031791453 -89.84628324466682
    vertex 8.75 5.148267375239776 -91.74585970925465
    vertex 8.75 7.897950449663924 -94.09122671236747
  endloop
endfacet
facet normal 1 0 0
  outer loop
    vertex 8.75 11.2769651062156 -92.19165024777965
    vertex 8.75 7.897950449663924 -94.09122671236747
    vertex 8.75 10.64763352408807 -96.43659371548031
  endloop
endfacet
facet normal 1 0 0
  outer loop
    vertex 8.75 10.64763352408807 -96.43659371548031
    vertex 8.75 7.77556662050732 -97.77540469417272
    vertex 8.75 10.46126890098101 -100.359807260787
  endloop
endfacet
facet normal 1 0 0
  outer loop
    vertex 8.75 7.77556662050732 -97.77540469417272
    vertex 8.75 7.589201997400254 -101.6986182394794
    vertex 8.75 10.46126890098101 -100.359807260787
  endloop
endfacet
facet normal 1 0 0
  outer loop
    vertex 8.75 7.77556662050732 -97.77540469417272
    vertex 8.75 4.903499716926568 -99.11421567286513
    vertex 8.75 7.589201997400254 -101.6986182394794
  endloop
endfacet
facet normal 1 0 0
  outer loop
    vertex 8.75 10.46126890098101 -100.359807260787
    vertex 8.75 7.589201997400254 -101.6986182394794
    vertex 8.75 10.27490427787394 -104.2830208060937
  endloop
endfacet
facet normal 1 0 0
  outer loop
    vertex 8.75 11.90629668834313 -87.94670678007898
    vertex 8.75 11.2769651062156 -92.19165024777965
    vertex 8.75 13.92972251625735 -90.72370586185735
  endloop
endfacet
facet normal 1 -0 0
  outer loop
    vertex 8.75 11.2769651062156 -92.19165024777965
    vertex 8.75 13.30039093412982 -94.96864932955802
    vertex 8.75 13.92972251625735 -90.72370586185735
  endloop
endfacet
facet normal 1 0 0
  outer loop
    vertex 8.75 11.2769651062156 -92.19165024777965
    vertex 8.75 10.64763352408807 -96.43659371548031
    vertex 8.75 13.30039093412982 -94.96864932955802
  endloop
endfacet
facet normal 1 0 0
  outer loop
    vertex 8.75 13.92972251625735 -90.72370586185735
    vertex 8.75 13.30039093412982 -94.96864932955802
    vertex 8.75 15.95314834417156 -93.50070494363572
  endloop
endfacet
facet normal 1 0 0
  outer loop
    vertex 8.75 10.27490427787394 -104.2830208060937
    vertex 8.75 7.589201997400254 -101.6986182394794
    vertex 8.75 7.205578020605774 -104.633703981906
  endloop
endfacet
facet normal 1 0 0
  outer loop
    vertex 8.75 7.589201997400254 -101.6986182394794
    vertex 8.75 4.519875740132089 -102.0493014152917
    vertex 8.75 7.205578020605774 -104.633703981906
  endloop
endfacet
facet normal 1 0 0
  outer loop
    vertex 8.75 7.589201997400254 -101.6986182394794
    vertex 8.75 4.903499716926568 -99.11421567286513
    vertex 8.75 4.519875740132089 -102.0493014152917
  endloop
endfacet
facet normal 1 0 0
  outer loop
    vertex 8.75 7.205578020605774 -104.633703981906
    vertex 8.75 4.519875740132089 -102.0493014152917
    vertex 8.75 4.13625176333761 -104.9843871577183
  endloop
endfacet
facet normal 1 0 0
  outer loop
    vertex 8.75 13.05801383527291 -110.4726484464038
    vertex 8.75 11.66645905657342 -107.3778346262487
    vertex 8.75 9.422544478506182 -110.5477245974271
  endloop
endfacet
facet normal 1 0 0
  outer loop
    vertex 8.75 11.66645905657342 -107.3778346262487
    vertex 8.75 8.0309896998067 -107.4529107772721
    vertex 8.75 9.422544478506182 -110.5477245974271
  endloop
endfacet
facet normal 1 0 0
  outer loop
    vertex 8.75 11.66645905657342 -107.3778346262487
    vertex 8.75 10.27490427787394 -104.2830208060937
    vertex 8.75 8.0309896998067 -107.4529107772721
  endloop
endfacet
facet normal 1 0 0
  outer loop
    vertex 8.75 9.422544478506182 -110.5477245974271
    vertex 8.75 8.0309896998067 -107.4529107772721
    vertex 8.75 5.787075121739458 -110.6228007484505
  endloop
endfacet
facet normal 1 0 0
  outer loop
    vertex 8.75 13.05801383527291 -110.4726484464038
    vertex 8.75 9.422544478506182 -110.5477245974271
    vertex 8.75 11.32251729409113 -112.8544863348028
  endloop
endfacet
facet normal 1 0 0
  outer loop
    vertex 8.75 9.422544478506182 -110.5477245974271
    vertex 8.75 7.687047937324411 -112.9295624858262
    vertex 8.75 11.32251729409113 -112.8544863348028
  endloop
endfacet
facet normal 1 0 0
  outer loop
    vertex 8.75 9.422544478506182 -110.5477245974271
    vertex 8.75 5.787075121739458 -110.6228007484505
    vertex 8.75 7.687047937324411 -112.9295624858262
  endloop
endfacet
facet normal 1 0 0
  outer loop
    vertex 8.75 11.32251729409113 -112.8544863348028
    vertex 8.75 7.687047937324411 -112.9295624858262
    vertex 8.75 9.587020752909364 -115.2363242232019
  endloop
endfacet
facet normal 1 0 0
  outer loop
    vertex 8.75 10.64763352408807 -96.43659371548031
    vertex 8.75 10.46126890098101 -100.359807260787
    vertex 8.75 13.06969884945614 -98.3115568625424
  endloop
endfacet
facet normal 1 -0 0
  outer loop
    vertex 8.75 10.46126890098101 -100.359807260787
    vertex 8.75 12.88333422634907 -102.2347704078491
    vertex 8.75 13.06969884945614 -98.3115568625424
  endloop
endfacet
facet normal 1 0 0
  outer loop
    vertex 8.75 10.46126890098101 -100.359807260787
    vertex 8.75 10.27490427787394 -104.2830208060937
    vertex 8.75 12.88333422634907 -102.2347704078491
  endloop
endfacet
facet normal 1 0 0
  outer loop
    vertex 8.75 13.06969884945614 -98.3115568625424
    vertex 8.75 12.88333422634907 -102.2347704078491
    vertex 8.75 15.49176417482421 -100.1865200096045
  endloop
endfacet
facet normal 1 0 0
  outer loop
    vertex 8.75 6.588714543724562 -86.41097040796591
    vertex 8.75 5.868490959482169 -89.07841505861028
    vertex 8.75 9.247505616033845 -87.17883859402245
  endloop
endfacet
facet normal 1 -0 0
  outer loop
    vertex 8.75 5.868490959482169 -89.07841505861028
    vertex 8.75 8.527282031791453 -89.84628324466682
    vertex 8.75 9.247505616033845 -87.17883859402245
  endloop
endfacet
facet normal 1 0 0
  outer loop
    vertex 8.75 5.868490959482169 -89.07841505861028
    vertex 8.75 5.148267375239776 -91.74585970925465
    vertex 8.75 8.527282031791453 -89.84628324466682
  endloop
endfacet
facet normal 1 0 0
  outer loop
    vertex 8.75 9.247505616033845 -87.17883859402245
    vertex 8.75 8.527282031791453 -89.84628324466682
    vertex 8.75 11.90629668834313 -87.94670678007898
  endloop
endfacet
facet normal 1 0 0
  outer loop
    vertex 8.75 15.95314834417156 -93.50070494363572
    vertex 8.75 13.30039093412982 -94.96864932955802
    vertex 8.75 15.72245625949789 -96.84361247662011
  endloop
endfacet
facet normal 1 0 0
  outer loop
    vertex 8.75 13.30039093412982 -94.96864932955802
    vertex 8.75 13.06969884945614 -98.3115568625424
    vertex 8.75 15.72245625949789 -96.84361247662011
  endloop
endfacet
facet normal 1 0 0
  outer loop
    vertex 8.75 13.30039093412982 -94.96864932955802
    vertex 8.75 10.64763352408807 -96.43659371548031
    vertex 8.75 13.06969884945614 -98.3115568625424
  endloop
endfacet
facet normal 1 0 0
  outer loop
    vertex 8.75 15.72245625949789 -96.84361247662011
    vertex 8.75 13.06969884945614 -98.3115568625424
    vertex 8.75 15.49176417482421 -100.1865200096045
  endloop
endfacet
facet normal 1 0 0
  outer loop
    vertex 8.75 20 -99.05470310719247
    vertex 8.75 17.74588208741211 -99.62061155839848
    vertex 8.75 20 -100
  endloop
endfacet
facet normal 1 0 0
  outer loop
    vertex 8.75 17.74588208741211 -99.62061155839848
    vertex 8.75 17.74588208741211 -100.565908451206
    vertex 8.75 20 -100
  endloop
endfacet
facet normal 1 0 0
  outer loop
    vertex 8.75 17.74588208741211 -99.62061155839848
    vertex 8.75 15.49176417482421 -100.1865200096045
    vertex 8.75 17.74588208741211 -100.565908451206
  endloop
endfacet
facet normal 1 0 0
  outer loop
    vertex 8.75 20 -100
    vertex 8.75 17.74588208741211 -100.565908451206
    vertex 8.75 20 -100.9452968928075
  endloop
endfacet
facet normal 1 0 0
  outer loop
    vertex 8.75 20 -100.9452968928075
    vertex 8.75 17.74588208741211 -100.565908451206
    vertex 8.75 18.26450345881823 -103.3271347812066
  endloop
endfacet
facet normal 1 0 0
  outer loop
    vertex 8.75 17.74588208741211 -100.565908451206
    vertex 8.75 16.01038554623033 -102.9477463396051
    vertex 8.75 18.26450345881823 -103.3271347812066
  endloop
endfacet
facet normal 1 0 0
  outer loop
    vertex 8.75 17.74588208741211 -100.565908451206
    vertex 8.75 15.49176417482421 -100.1865200096045
    vertex 8.75 16.01038554623033 -102.9477463396051
  endloop
endfacet
facet normal 1 0 0
  outer loop
    vertex 8.75 18.26450345881823 -103.3271347812066
    vertex 8.75 16.01038554623033 -102.9477463396051
    vertex 8.75 16.52900691763645 -105.7089726696057
  endloop
endfacet
facet normal 1 0 0
  outer loop
    vertex 8.75 7.859445032514666 -82.39270861652221
    vertex 8.75 7.224079788119614 -84.40183951224407
    vertex 8.75 9.882870860428898 -85.1697076983006
  endloop
endfacet
facet normal 1 0 0
  outer loop
    vertex 8.75 7.224079788119614 -84.40183951224407
    vertex 8.75 9.247505616033845 -87.17883859402245
    vertex 8.75 9.882870860428898 -85.1697076983006
  endloop
endfacet
facet normal 1 0 0
  outer loop
    vertex 8.75 7.224079788119614 -84.40183951224407
    vertex 8.75 6.588714543724562 -86.41097040796591
    vertex 8.75 9.247505616033845 -87.17883859402245
  endloop
endfacet
facet normal 1 0 0
  outer loop
    vertex 8.75 9.882870860428898 -85.1697076983006
    vertex 8.75 9.247505616033845 -87.17883859402245
    vertex 8.75 11.90629668834313 -87.94670678007898
  endloop
endfacet
facet normal 1 0 -0
  outer loop
    vertex 8.75 5.787075121739458 -110.6228007484505
    vertex 8.75 8.0309896998067 -107.4529107772721
    vertex 8.75 4.961663442538534 -107.8035939530844
  endloop
endfacet
facet normal 1 0 0
  outer loop
    vertex 8.75 8.0309896998067 -107.4529107772721
    vertex 8.75 7.205578020605774 -104.633703981906
    vertex 8.75 4.961663442538534 -107.8035939530844
  endloop
endfacet
facet normal 1 0 -0
  outer loop
    vertex 8.75 8.0309896998067 -107.4529107772721
    vertex 8.75 10.27490427787394 -104.2830208060937
    vertex 8.75 7.205578020605774 -104.633703981906
  endloop
endfacet
facet normal 1 0 -0
  outer loop
    vertex 8.75 4.961663442538534 -107.8035939530844
    vertex 8.75 7.205578020605774 -104.633703981906
    vertex 8.75 4.13625176333761 -104.9843871577183
  endloop
endfacet
facet normal 1 0 0
  outer loop
    vertex 8.75 0 -89.84076307257146
    vertex 8.75 1.369969174219682 -88.38816693772718
    vertex 8.75 0 -86.8248393798286
  endloop
endfacet
facet normal 1 0 -0
  outer loop
    vertex 8.75 1.369969174219682 -88.38816693772718
    vertex 8.75 1.369969174219682 -85.37224324498432
    vertex 8.75 0 -86.8248393798286
  endloop
endfacet
facet normal 1 0 0
  outer loop
    vertex 8.75 1.369969174219682 -88.38816693772718
    vertex 8.75 2.739938348439364 -86.93557080288289
    vertex 8.75 1.369969174219682 -85.37224324498432
  endloop
endfacet
facet normal 1 0 0
  outer loop
    vertex 8.75 0 -86.8248393798286
    vertex 8.75 1.369969174219682 -85.37224324498432
    vertex 8.75 0 -83.80891568708574
  endloop
endfacet
facet normal 1 0 0
  outer loop
    vertex 8.75 0 -107.9363052290286
    vertex 8.75 2.068125881668805 -106.4603461933734
    vertex 8.75 0 -104.9203815362858
  endloop
endfacet
facet normal 1 0 0
  outer loop
    vertex 8.75 2.068125881668805 -106.4603461933734
    vertex 8.75 2.068125881668804 -103.4444225006306
    vertex 8.75 0 -104.9203815362858
  endloop
endfacet
facet normal 1 0 -0
  outer loop
    vertex 8.75 2.068125881668805 -106.4603461933734
    vertex 8.75 4.13625176333761 -104.9843871577183
    vertex 8.75 2.068125881668804 -103.4444225006306
  endloop
endfacet
facet normal 1 0 0
  outer loop
    vertex 8.75 0 -104.9203815362858
    vertex 8.75 2.068125881668804 -103.4444225006306
    vertex 8.75 0 -101.9044578435429
  endloop
endfacet
facet normal 1 0 0
  outer loop
    vertex 8.75 0 -113.9681526145143
    vertex 8.75 2.893537560869729 -112.2954766814824
    vertex 8.75 0 -110.9522289217715
  endloop
endfacet
facet normal 1 0 -0
  outer loop
    vertex 8.75 2.893537560869729 -112.2954766814824
    vertex 8.75 2.89353756086973 -109.2795529887395
    vertex 8.75 0 -110.9522289217715
  endloop
endfacet
facet normal 1 0 0
  outer loop
    vertex 8.75 2.893537560869729 -112.2954766814824
    vertex 8.75 5.787075121739458 -110.6228007484505
    vertex 8.75 2.89353756086973 -109.2795529887395
  endloop
endfacet
facet normal 1 0 0
  outer loop
    vertex 8.75 0 -110.9522289217715
    vertex 8.75 2.89353756086973 -109.2795529887395
    vertex 8.75 0 -107.9363052290286
  endloop
endfacet
facet normal 1 0 0
  outer loop
    vertex 8.75 0 -95.87261045805718
    vertex 8.75 2.574133687619888 -93.80923508365591
    vertex 8.75 0 -92.85668676531432
  endloop
endfacet
facet normal 1 0 -0
  outer loop
    vertex 8.75 2.574133687619888 -93.80923508365591
    vertex 8.75 2.574133687619888 -90.79331139091305
    vertex 8.75 0 -92.85668676531432
  endloop
endfacet
facet normal 1 0 0
  outer loop
    vertex 8.75 2.574133687619888 -93.80923508365591
    vertex 8.75 5.148267375239776 -91.74585970925465
    vertex 8.75 2.574133687619888 -90.79331139091305
  endloop
endfacet
facet normal 1 0 0
  outer loop
    vertex 8.75 0 -92.85668676531432
    vertex 8.75 2.574133687619888 -90.79331139091305
    vertex 8.75 0 -89.84076307257146
  endloop
endfacet
facet normal 1 0 0
  outer loop
    vertex 8.75 6.116027670545821 -120
    vertex 8.75 5.270037228878192 -117.7994895197696
    vertex 8.75 3.05801383527291 -120
  endloop
endfacet
facet normal 1 0 0
  outer loop
    vertex 8.75 5.270037228878192 -117.7994895197696
    vertex 8.75 2.212023393605282 -117.7994895197696
    vertex 8.75 3.05801383527291 -120
  endloop
endfacet
facet normal 1 0 0
  outer loop
    vertex 8.75 5.270037228878192 -117.7994895197696
    vertex 8.75 4.424046787210564 -115.5989790395392
    vertex 8.75 2.212023393605282 -117.7994895197696
  endloop
endfacet
facet normal 1 0 0
  outer loop
    vertex 8.75 3.05801383527291 -120
    vertex 8.75 2.212023393605282 -117.7994895197696
    vertex 8.75 0 -120
  endloop
endfacet
facet normal 1 0 0
  outer loop
    vertex 8.75 16.52900691763645 -105.7089726696057
    vertex 8.75 13.4019555977552 -104.9959967378497
    vertex 8.75 14.79351037645468 -108.0908105580047
  endloop
endfacet
facet normal 1 0 0
  outer loop
    vertex 8.75 13.4019555977552 -104.9959967378497
    vertex 8.75 11.66645905657342 -107.3778346262487
    vertex 8.75 14.79351037645468 -108.0908105580047
  endloop
endfacet
facet normal 1 0 0
  outer loop
    vertex 8.75 13.4019555977552 -104.9959967378497
    vertex 8.75 10.27490427787394 -104.2830208060937
    vertex 8.75 11.66645905657342 -107.3778346262487
  endloop
endfacet
facet normal 1 0 0
  outer loop
    vertex 8.75 14.79351037645468 -108.0908105580047
    vertex 8.75 11.66645905657342 -107.3778346262487
    vertex 8.75 13.05801383527291 -110.4726484464038
  endloop
endfacet
facet normal 1 0 0
  outer loop
    vertex 8.75 0 -120
    vertex 8.75 2.212023393605282 -117.7994895197696
    vertex 8.75 0 -116.9840763072572
  endloop
endfacet
facet normal 1 0 -0
  outer loop
    vertex 8.75 2.212023393605282 -117.7994895197696
    vertex 8.75 2.212023393605282 -114.7835658270267
    vertex 8.75 0 -116.9840763072572
  endloop
endfacet
facet normal 1 0 0
  outer loop
    vertex 8.75 2.212023393605282 -117.7994895197696
    vertex 8.75 4.424046787210564 -115.5989790395392
    vertex 8.75 2.212023393605282 -114.7835658270267
  endloop
endfacet
facet normal 1 0 0
  outer loop
    vertex 8.75 0 -116.9840763072572
    vertex 8.75 2.212023393605282 -114.7835658270267
    vertex 8.75 0 -113.9681526145143
  endloop
endfacet
facet normal 1 -0 0
  outer loop
    vertex 8.75 0 -107.9363052290286
    vertex 8.75 2.89353756086973 -109.2795529887395
    vertex 8.75 2.068125881668805 -106.4603461933734
  endloop
endfacet
facet normal 1 0 -0
  outer loop
    vertex 8.75 2.89353756086973 -109.2795529887395
    vertex 8.75 4.961663442538534 -107.8035939530844
    vertex 8.75 2.068125881668805 -106.4603461933734
  endloop
endfacet
facet normal 1 -0 0
  outer loop
    vertex 8.75 2.89353756086973 -109.2795529887395
    vertex 8.75 5.787075121739458 -110.6228007484505
    vertex 8.75 4.961663442538534 -107.8035939530844
  endloop
endfacet
facet normal 1 -0 0
  outer loop
    vertex 8.75 2.068125881668805 -106.4603461933734
    vertex 8.75 4.961663442538534 -107.8035939530844
    vertex 8.75 4.13625176333761 -104.9843871577183
  endloop
endfacet
facet normal 1 0 0
  outer loop
    vertex 8.75 0 -101.9044578435429
    vertex 8.75 2.451749858463284 -100.509336758204
    vertex 8.75 0 -98.88853415080004
  endloop
endfacet
facet normal 1 0 -0
  outer loop
    vertex 8.75 2.451749858463284 -100.509336758204
    vertex 8.75 2.451749858463284 -97.49341306546116
    vertex 8.75 0 -98.88853415080004
  endloop
endfacet
facet normal 1 0 0
  outer loop
    vertex 8.75 2.451749858463284 -100.509336758204
    vertex 8.75 4.903499716926568 -99.11421567286513
    vertex 8.75 2.451749858463284 -97.49341306546116
  endloop
endfacet
facet normal 1 0 0
  outer loop
    vertex 8.75 0 -98.88853415080004
    vertex 8.75 2.451749858463284 -97.49341306546116
    vertex 8.75 0 -95.87261045805718
  endloop
endfacet
facet normal 1 0 0
  outer loop
    vertex 8.75 6.588714543724562 -86.41097040796591
    vertex 8.75 4.664326446081963 -86.67327060542441
    vertex 8.75 5.868490959482169 -89.07841505861028
  endloop
endfacet
facet normal 1 0 0
  outer loop
    vertex 8.75 4.664326446081963 -86.67327060542441
    vertex 8.75 3.94410286183957 -89.34071525606876
    vertex 8.75 5.868490959482169 -89.07841505861028
  endloop
endfacet
facet normal 1 0 0
  outer loop
    vertex 8.75 4.664326446081963 -86.67327060542441
    vertex 8.75 2.739938348439364 -86.93557080288289
    vertex 8.75 3.94410286183957 -89.34071525606876
  endloop
endfacet
facet normal 1 0 0
  outer loop
    vertex 8.75 5.868490959482169 -89.07841505861028
    vertex 8.75 3.94410286183957 -89.34071525606876
    vertex 8.75 5.148267375239776 -91.74585970925465
  endloop
endfacet
facet normal 1 0 -0
  outer loop
    vertex 8.75 4.13625176333761 -104.9843871577183
    vertex 8.75 4.519875740132089 -102.0493014152917
    vertex 8.75 2.068125881668804 -103.4444225006306
  endloop
endfacet
facet normal 1 0 0
  outer loop
    vertex 8.75 4.519875740132089 -102.0493014152917
    vertex 8.75 2.451749858463284 -100.509336758204
    vertex 8.75 2.068125881668804 -103.4444225006306
  endloop
endfacet
facet normal 1 0 -0
  outer loop
    vertex 8.75 4.519875740132089 -102.0493014152917
    vertex 8.75 4.903499716926568 -99.11421567286513
    vertex 8.75 2.451749858463284 -100.509336758204
  endloop
endfacet
facet normal 1 0 -0
  outer loop
    vertex 8.75 2.068125881668804 -103.4444225006306
    vertex 8.75 2.451749858463284 -100.509336758204
    vertex 8.75 0 -101.9044578435429
  endloop
endfacet
facet normal 1 -0 0
  outer loop
    vertex 8.75 0 -95.87261045805718
    vertex 8.75 2.451749858463284 -97.49341306546116
    vertex 8.75 2.574133687619888 -93.80923508365591
  endloop
endfacet
facet normal 1 0 0
  outer loop
    vertex 8.75 2.451749858463284 -97.49341306546116
    vertex 8.75 5.025883546083172 -95.43003769105988
    vertex 8.75 2.574133687619888 -93.80923508365591
  endloop
endfacet
facet normal 1 -0 0
  outer loop
    vertex 8.75 2.451749858463284 -97.49341306546116
    vertex 8.75 4.903499716926568 -99.11421567286513
    vertex 8.75 5.025883546083172 -95.43003769105988
  endloop
endfacet
facet normal 1 -0 0
  outer loop
    vertex 8.75 2.574133687619888 -93.80923508365591
    vertex 8.75 5.025883546083172 -95.43003769105988
    vertex 8.75 5.148267375239776 -91.74585970925465
  endloop
endfacet
facet normal 1 0 0
  outer loop
    vertex 8.75 5.148267375239776 -91.74585970925465
    vertex 8.75 3.94410286183957 -89.34071525606876
    vertex 8.75 2.574133687619888 -90.79331139091305
  endloop
endfacet
facet normal 1 0 0
  outer loop
    vertex 8.75 3.94410286183957 -89.34071525606876
    vertex 8.75 1.369969174219682 -88.38816693772718
    vertex 8.75 2.574133687619888 -90.79331139091305
  endloop
endfacet
facet normal 1 0 0
  outer loop
    vertex 8.75 3.94410286183957 -89.34071525606876
    vertex 8.75 2.739938348439364 -86.93557080288289
    vertex 8.75 1.369969174219682 -88.38816693772718
  endloop
endfacet
facet normal 1 0 0
  outer loop
    vertex 8.75 2.574133687619888 -90.79331139091305
    vertex 8.75 1.369969174219682 -88.38816693772718
    vertex 8.75 0 -89.84076307257146
  endloop
endfacet
facet normal 1 0 0
  outer loop
    vertex 8.75 9.587020752909364 -115.2363242232019
    vertex 8.75 7.005533770059964 -115.4176516313705
    vertex 8.75 7.851524211727592 -117.6181621116009
  endloop
endfacet
facet normal 1 0 0
  outer loop
    vertex 8.75 7.005533770059964 -115.4176516313705
    vertex 8.75 5.270037228878192 -117.7994895197696
    vertex 8.75 7.851524211727592 -117.6181621116009
  endloop
endfacet
facet normal 1 0 0
  outer loop
    vertex 8.75 7.005533770059964 -115.4176516313705
    vertex 8.75 4.424046787210564 -115.5989790395392
    vertex 8.75 5.270037228878192 -117.7994895197696
  endloop
endfacet
facet normal 1 0 0
  outer loop
    vertex 8.75 7.851524211727592 -117.6181621116009
    vertex 8.75 5.270037228878192 -117.7994895197696
    vertex 8.75 6.116027670545821 -120
  endloop
endfacet
facet normal 1 0 0
  outer loop
    vertex 8.75 15.49176417482421 -100.1865200096045
    vertex 8.75 12.88333422634907 -102.2347704078491
    vertex 8.75 16.01038554623033 -102.9477463396051
  endloop
endfacet
facet normal 1 0 0
  outer loop
    vertex 8.75 12.88333422634907 -102.2347704078491
    vertex 8.75 13.4019555977552 -104.9959967378497
    vertex 8.75 16.01038554623033 -102.9477463396051
  endloop
endfacet
facet normal 1 0 0
  outer loop
    vertex 8.75 12.88333422634907 -102.2347704078491
    vertex 8.75 10.27490427787394 -104.2830208060937
    vertex 8.75 13.4019555977552 -104.9959967378497
  endloop
endfacet
facet normal 1 0 0
  outer loop
    vertex 8.75 16.01038554623033 -102.9477463396051
    vertex 8.75 13.4019555977552 -104.9959967378497
    vertex 8.75 16.52900691763645 -105.7089726696057
  endloop
endfacet
facet normal 1 0 0
  outer loop
    vertex 8.75 5.148267375239776 -91.74585970925465
    vertex 8.75 5.025883546083172 -95.43003769105988
    vertex 8.75 7.897950449663924 -94.09122671236747
  endloop
endfacet
facet normal 1 -0 0
  outer loop
    vertex 8.75 5.025883546083172 -95.43003769105988
    vertex 8.75 7.77556662050732 -97.77540469417272
    vertex 8.75 7.897950449663924 -94.09122671236747
  endloop
endfacet
facet normal 1 0 0
  outer loop
    vertex 8.75 5.025883546083172 -95.43003769105988
    vertex 8.75 4.903499716926568 -99.11421567286513
    vertex 8.75 7.77556662050732 -97.77540469417272
  endloop
endfacet
facet normal 1 0 0
  outer loop
    vertex 8.75 7.897950449663924 -94.09122671236747
    vertex 8.75 7.77556662050732 -97.77540469417272
    vertex 8.75 10.64763352408807 -96.43659371548031
  endloop
endfacet
facet normal 1 0 0
  outer loop
    vertex 8.75 5.787075121739458 -110.6228007484505
    vertex 8.75 5.105560954475012 -113.1108898939948
    vertex 8.75 7.687047937324411 -112.9295624858262
  endloop
endfacet
facet normal 1 -0 0
  outer loop
    vertex 8.75 5.105560954475012 -113.1108898939948
    vertex 8.75 7.005533770059964 -115.4176516313705
    vertex 8.75 7.687047937324411 -112.9295624858262
  endloop
endfacet
facet normal 1 0 0
  outer loop
    vertex 8.75 5.105560954475012 -113.1108898939948
    vertex 8.75 4.424046787210564 -115.5989790395392
    vertex 8.75 7.005533770059964 -115.4176516313705
  endloop
endfacet
facet normal 1 0 0
  outer loop
    vertex 8.75 7.687047937324411 -112.9295624858262
    vertex 8.75 7.005533770059964 -115.4176516313705
    vertex 8.75 9.587020752909364 -115.2363242232019
  endloop
endfacet
facet normal 1 -0 0
  outer loop
    vertex 8.75 3.982006280520184 -83.40285596819734
    vertex 8.75 5.285360412122373 -84.90691318808162
    vertex 8.75 5.934690032647704 -82.95174362880579
  endloop
endfacet
facet normal 1 0 0
  outer loop
    vertex 8.75 5.285360412122373 -84.90691318808162
    vertex 8.75 7.224079788119614 -84.40183951224407
    vertex 8.75 5.934690032647704 -82.95174362880579
  endloop
endfacet
facet normal 1 -0 0
  outer loop
    vertex 8.75 5.285360412122373 -84.90691318808162
    vertex 8.75 6.588714543724562 -86.41097040796591
    vertex 8.75 7.224079788119614 -84.40183951224407
  endloop
endfacet
facet normal 1 -0 0
  outer loop
    vertex 8.75 5.934690032647704 -82.95174362880579
    vertex 8.75 7.224079788119614 -84.40183951224407
    vertex 8.75 7.859445032514666 -82.39270861652221
  endloop
endfacet
facet normal 1 -0 0
  outer loop
    vertex 8.75 0 -113.9681526145143
    vertex 8.75 2.212023393605282 -114.7835658270267
    vertex 8.75 2.893537560869729 -112.2954766814824
  endloop
endfacet
facet normal 1 0 0
  outer loop
    vertex 8.75 2.212023393605282 -114.7835658270267
    vertex 8.75 5.105560954475012 -113.1108898939948
    vertex 8.75 2.893537560869729 -112.2954766814824
  endloop
endfacet
facet normal 1 -0 0
  outer loop
    vertex 8.75 2.212023393605282 -114.7835658270267
    vertex 8.75 4.424046787210564 -115.5989790395392
    vertex 8.75 5.105560954475012 -113.1108898939948
  endloop
endfacet
facet normal 1 -0 0
  outer loop
    vertex 8.75 2.893537560869729 -112.2954766814824
    vertex 8.75 5.105560954475012 -113.1108898939948
    vertex 8.75 5.787075121739458 -110.6228007484505
  endloop
endfacet
facet normal 1 -0 0
  outer loop
    vertex 8.75 0 -83.80891568708574
    vertex 8.75 1.369969174219682 -85.37224324498432
    vertex 8.75 2.000742298142954 -83.70271760723972
  endloop
endfacet
facet normal 1 0 0
  outer loop
    vertex 8.75 1.369969174219682 -85.37224324498432
    vertex 8.75 3.360972314479774 -85.16921338554012
    vertex 8.75 2.000742298142954 -83.70271760723972
  endloop
endfacet
facet normal 1 -0 0
  outer loop
    vertex 8.75 1.369969174219682 -85.37224324498432
    vertex 8.75 2.739938348439364 -86.93557080288289
    vertex 8.75 3.360972314479774 -85.16921338554012
  endloop
endfacet
facet normal 1 -0 0
  outer loop
    vertex 8.75 2.000742298142954 -83.70271760723972
    vertex 8.75 3.360972314479774 -85.16921338554012
    vertex 8.75 3.982006280520184 -83.40285596819734
  endloop
endfacet
facet normal 1 0 0
  outer loop
    vertex 8.75 3.982006280520184 -83.40285596819734
    vertex 8.75 3.360972314479774 -85.16921338554012
    vertex 8.75 5.285360412122373 -84.90691318808162
  endloop
endfacet
facet normal 1 -0 0
  outer loop
    vertex 8.75 3.360972314479774 -85.16921338554012
    vertex 8.75 4.664326446081963 -86.67327060542441
    vertex 8.75 5.285360412122373 -84.90691318808162
  endloop
endfacet
facet normal 1 0 0
  outer loop
    vertex 8.75 3.360972314479774 -85.16921338554012
    vertex 8.75 2.739938348439364 -86.93557080288289
    vertex 8.75 4.664326446081963 -86.67327060542441
  endloop
endfacet
facet normal 1 0 0
  outer loop
    vertex 8.75 5.285360412122373 -84.90691318808162
    vertex 8.75 4.664326446081963 -86.67327060542441
    vertex 8.75 6.588714543724562 -86.41097040796591
  endloop
endfacet
facet normal 1 0 0
  outer loop
    vertex 8.75 20 -60.94529689280753
    vertex 8.75 17.18457327271329 -59.92575408634627
    vertex 8.75 17.97657417208577 -63.72229597458592
  endloop
endfacet
facet normal 1 0 0
  outer loop
    vertex 8.75 17.18457327271329 -59.92575408634627
    vertex 8.75 15.16114744479906 -62.70275316812466
    vertex 8.75 17.97657417208577 -63.72229597458592
  endloop
endfacet
facet normal 1 0 0
  outer loop
    vertex 8.75 17.18457327271329 -59.92575408634627
    vertex 8.75 14.36914654542658 -58.90621127988501
    vertex 8.75 15.16114744479906 -62.70275316812466
  endloop
endfacet
facet normal 1 0 0
  outer loop
    vertex 8.75 17.97657417208577 -63.72229597458592
    vertex 8.75 15.16114744479906 -62.70275316812466
    vertex 8.75 15.95314834417154 -66.4992950563643
  endloop
endfacet
facet normal 1 0 0
  outer loop
    vertex 8.75 7.859445032514667 -77.60729138347779
    vertex 8.75 6.791608208469097 -74.50628871607617
    vertex 8.75 5.934690032647716 -77.04825637119421
  endloop
endfacet
facet normal 1 0 0
  outer loop
    vertex 8.75 6.791608208469097 -74.50628871607617
    vertex 8.75 4.852888832471857 -74.00121504023861
    vertex 8.75 5.934690032647716 -77.04825637119421
  endloop
endfacet
facet normal 1 0 0
  outer loop
    vertex 8.75 6.791608208469097 -74.50628871607617
    vertex 8.75 5.723771384423526 -71.40528604867455
    vertex 8.75 4.852888832471857 -74.00121504023861
  endloop
endfacet
facet normal 1 0 0
  outer loop
    vertex 8.75 5.934690032647716 -77.04825637119421
    vertex 8.75 4.852888832471857 -74.00121504023861
    vertex 8.75 3.982006280520188 -76.59714403180266
  endloop
endfacet
facet normal 1 0 0
  outer loop
    vertex 8.75 14.36914654542658 -58.90621127988501
    vertex 8.75 10.30818095785379 -59.30951437021893
    vertex 8.75 11.91568556415048 -62.35225016837978
  endloop
endfacet
facet normal 1 0 0
  outer loop
    vertex 8.75 10.30818095785379 -59.30951437021893
    vertex 8.75 7.854719976577687 -62.7555532587137
    vertex 8.75 11.91568556415048 -62.35225016837978
  endloop
endfacet
facet normal 1 0 0
  outer loop
    vertex 8.75 10.30818095785379 -59.30951437021893
    vertex 8.75 6.247215370281002 -59.71281746055285
    vertex 8.75 7.854719976577687 -62.7555532587137
  endloop
endfacet
facet normal 1 0 0
  outer loop
    vertex 8.75 11.91568556415048 -62.35225016837978
    vertex 8.75 7.854719976577687 -62.7555532587137
    vertex 8.75 9.46222458287437 -65.79828905687454
  endloop
endfacet
facet normal 1 0 0
  outer loop
    vertex 8.75 14.36914654542658 -58.90621127988501
    vertex 8.75 11.91568556415048 -62.35225016837978
    vertex 8.75 15.16114744479906 -62.70275316812466
  endloop
endfacet
facet normal 1 0 0
  outer loop
    vertex 8.75 11.91568556415048 -62.35225016837978
    vertex 8.75 12.70768646352296 -66.14879205661941
    vertex 8.75 15.16114744479906 -62.70275316812466
  endloop
endfacet
facet normal 1 0 0
  outer loop
    vertex 8.75 11.91568556415048 -62.35225016837978
    vertex 8.75 9.46222458287437 -65.79828905687454
    vertex 8.75 12.70768646352296 -66.14879205661941
  endloop
endfacet
facet normal 1 0 0
  outer loop
    vertex 8.75 15.16114744479906 -62.70275316812466
    vertex 8.75 12.70768646352296 -66.14879205661941
    vertex 8.75 15.95314834417154 -66.4992950563643
  endloop
endfacet
facet normal 1 0 0
  outer loop
    vertex 8.75 20 -59.05470310719247
    vertex 8.75 17.18457327271329 -58.98045719353874
    vertex 8.75 20 -60
  endloop
endfacet
facet normal 1 0 0
  outer loop
    vertex 8.75 17.18457327271329 -58.98045719353874
    vertex 8.75 17.18457327271329 -59.92575408634627
    vertex 8.75 20 -60
  endloop
endfacet
facet normal 1 0 0
  outer loop
    vertex 8.75 17.18457327271329 -58.98045719353874
    vertex 8.75 14.36914654542658 -58.90621127988501
    vertex 8.75 17.18457327271329 -59.92575408634627
  endloop
endfacet
facet normal 1 0 0
  outer loop
    vertex 8.75 20 -60
    vertex 8.75 17.18457327271329 -59.92575408634627
    vertex 8.75 20 -60.94529689280753
  endloop
endfacet
facet normal 1 0 0
  outer loop
    vertex 8.75 11.9062966883431 -72.05329321992104
    vertex 8.75 8.815034036383315 -71.7292896342978
    vertex 8.75 9.882870860428884 -74.83029230169942
  endloop
endfacet
facet normal 1 0 0
  outer loop
    vertex 8.75 8.815034036383315 -71.7292896342978
    vertex 8.75 6.791608208469097 -74.50628871607617
    vertex 8.75 9.882870860428884 -74.83029230169942
  endloop
endfacet
facet normal 1 0 0
  outer loop
    vertex 8.75 8.815034036383315 -71.7292896342978
    vertex 8.75 5.723771384423526 -71.40528604867455
    vertex 8.75 6.791608208469097 -74.50628871607617
  endloop
endfacet
facet normal 1 0 0
  outer loop
    vertex 8.75 9.882870860428884 -74.83029230169942
    vertex 8.75 6.791608208469097 -74.50628871607617
    vertex 8.75 7.859445032514667 -77.60729138347779
  endloop
endfacet
facet normal 1 0 0
  outer loop
    vertex 8.75 14.36914654542658 -58.90621127988501
    vertex 8.75 12.5669556523057 -56.64854645248164
    vertex 8.75 10.30818095785379 -59.30951437021893
  endloop
endfacet
facet normal 1 0 0
  outer loop
    vertex 8.75 12.5669556523057 -56.64854645248164
    vertex 8.75 8.505990064732908 -57.05184954281556
    vertex 8.75 10.30818095785379 -59.30951437021893
  endloop
endfacet
facet normal 1 0 0
  outer loop
    vertex 8.75 12.5669556523057 -56.64854645248164
    vertex 8.75 10.76476475918481 -54.39088162507826
    vertex 8.75 8.505990064732908 -57.05184954281556
  endloop
endfacet
facet normal 1 0 0
  outer loop
    vertex 8.75 10.30818095785379 -59.30951437021893
    vertex 8.75 8.505990064732908 -57.05184954281556
    vertex 8.75 6.247215370281002 -59.71281746055285
  endloop
endfacet
facet normal 1 0 0
  outer loop
    vertex 8.75 15.95314834417156 -53.50070494363572
    vertex 8.75 15.16114744479907 -56.20345811176037
    vertex 8.75 17.97657417208578 -56.2777040254141
  endloop
endfacet
facet normal 1 0 0
  outer loop
    vertex 8.75 15.16114744479907 -56.20345811176037
    vertex 8.75 17.18457327271329 -58.98045719353874
    vertex 8.75 17.97657417208578 -56.2777040254141
  endloop
endfacet
facet normal 1 0 0
  outer loop
    vertex 8.75 15.16114744479907 -56.20345811176037
    vertex 8.75 14.36914654542658 -58.90621127988501
    vertex 8.75 17.18457327271329 -58.98045719353874
  endloop
endfacet
facet normal 1 0 0
  outer loop
    vertex 8.75 17.97657417208578 -56.2777040254141
    vertex 8.75 17.18457327271329 -58.98045719353874
    vertex 8.75 20 -59.05470310719247
  endloop
endfacet
facet normal 1 0 0
  outer loop
    vertex 8.75 11.90629668834311 -47.94670678007898
    vertex 8.75 9.096916792342958 -47.24109054761008
    vertex 8.75 8.627156768022463 -49.91733722065888
  endloop
endfacet
facet normal 1 0 0
  outer loop
    vertex 8.75 9.096916792342958 -47.24109054761008
    vertex 8.75 5.817776872022307 -49.21172098818998
    vertex 8.75 8.627156768022463 -49.91733722065888
  endloop
endfacet
facet normal 1 0 0
  outer loop
    vertex 8.75 9.096916792342958 -47.24109054761008
    vertex 8.75 6.287536896342801 -46.53547431514118
    vertex 8.75 5.817776872022307 -49.21172098818998
  endloop
endfacet
facet normal 1 0 0
  outer loop
    vertex 8.75 8.627156768022463 -49.91733722065888
    vertex 8.75 5.817776872022307 -49.21172098818998
    vertex 8.75 5.348016847701812 -51.88796766123878
  endloop
endfacet
facet normal 1 -0 0
  outer loop
    vertex 8.75 5.348016847701812 -51.88796766123878
    vertex 8.75 8.056390803443312 -53.13942464315852
    vertex 8.75 8.627156768022463 -49.91733722065888
  endloop
endfacet
facet normal 1 0 0
  outer loop
    vertex 8.75 8.056390803443312 -53.13942464315852
    vertex 8.75 11.33553072376396 -51.16879420257862
    vertex 8.75 8.627156768022463 -49.91733722065888
  endloop
endfacet
facet normal 1 -0 0
  outer loop
    vertex 8.75 8.056390803443312 -53.13942464315852
    vertex 8.75 10.76476475918481 -54.39088162507826
    vertex 8.75 11.33553072376396 -51.16879420257862
  endloop
endfacet
facet normal 1 -0 0
  outer loop
    vertex 8.75 8.627156768022463 -49.91733722065888
    vertex 8.75 11.33553072376396 -51.16879420257862
    vertex 8.75 11.90629668834311 -47.94670678007898
  endloop
endfacet
facet normal 1 0 0
  outer loop
    vertex 8.75 0 -50.28534941225145
    vertex 8.75 1.313378251499103 -48.69120090426802
    vertex 8.75 0 -47.0471325496686
  endloop
endfacet
facet normal 1 0 -0
  outer loop
    vertex 8.75 1.313378251499103 -48.69120090426802
    vertex 8.75 1.313378251499103 -45.45298404168517
    vertex 8.75 0 -47.0471325496686
  endloop
endfacet
facet normal 1 0 0
  outer loop
    vertex 8.75 1.313378251499103 -48.69120090426802
    vertex 8.75 2.626756502998207 -47.0970523962846
    vertex 8.75 1.313378251499103 -45.45298404168517
  endloop
endfacet
facet normal 1 0 0
  outer loop
    vertex 8.75 0 -47.0471325496686
    vertex 8.75 1.313378251499103 -45.45298404168517
    vertex 8.75 0 -43.80891568708574
  endloop
endfacet
facet normal 1 0 0
  outer loop
    vertex 8.75 0 -76.19108431291426
    vertex 8.75 1.17095981631712 -74.57197588162283
    vertex 8.75 0 -72.95286745033141
  endloop
endfacet
facet normal 1 0 -0
  outer loop
    vertex 8.75 1.17095981631712 -74.57197588162283
    vertex 8.75 1.17095981631712 -71.33375901904
    vertex 8.75 0 -72.95286745033141
  endloop
endfacet
facet normal 1 0 0
  outer loop
    vertex 8.75 1.17095981631712 -74.57197588162283
    vertex 8.75 2.341919632634242 -72.95286745033141
    vertex 8.75 1.17095981631712 -71.33375901904
  endloop
endfacet
facet normal 1 0 0
  outer loop
    vertex 8.75 0 -72.95286745033141
    vertex 8.75 1.17095981631712 -71.33375901904
    vertex 8.75 0 -69.71465058774858
  endloop
endfacet
facet normal 1 0 0
  outer loop
    vertex 8.75 7.859445032514653 -42.3927086165222
    vertex 8.75 7.073490964428728 -44.46409146583169
    vertex 8.75 9.882870860428881 -45.16970769830058
  endloop
endfacet
facet normal 1 0 0
  outer loop
    vertex 8.75 7.073490964428728 -44.46409146583169
    vertex 8.75 9.096916792342958 -47.24109054761008
    vertex 8.75 9.882870860428881 -45.16970769830058
  endloop
endfacet
facet normal 1 0 0
  outer loop
    vertex 8.75 7.073490964428728 -44.46409146583169
    vertex 8.75 6.287536896342801 -46.53547431514118
    vertex 8.75 9.096916792342958 -47.24109054761008
  endloop
endfacet
facet normal 1 0 0
  outer loop
    vertex 8.75 9.882870860428881 -45.16970769830058
    vertex 8.75 9.096916792342958 -47.24109054761008
    vertex 8.75 11.90629668834311 -47.94670678007898
  endloop
endfacet
facet normal 1 0 0
  outer loop
    vertex 8.75 15.95314834417154 -66.4992950563643
    vertex 8.75 12.70768646352296 -66.14879205661941
    vertex 8.75 13.92972251625732 -69.27629413814267
  endloop
endfacet
facet normal 1 0 0
  outer loop
    vertex 8.75 12.70768646352296 -66.14879205661941
    vertex 8.75 10.68426063560874 -68.92579113839778
    vertex 8.75 13.92972251625732 -69.27629413814267
  endloop
endfacet
facet normal 1 0 0
  outer loop
    vertex 8.75 12.70768646352296 -66.14879205661941
    vertex 8.75 9.46222458287437 -65.79828905687454
    vertex 8.75 10.68426063560874 -68.92579113839778
  endloop
endfacet
facet normal 1 0 0
  outer loop
    vertex 8.75 13.92972251625732 -69.27629413814267
    vertex 8.75 10.68426063560874 -68.92579113839778
    vertex 8.75 11.9062966883431 -72.05329321992104
  endloop
endfacet
facet normal 1 0 0
  outer loop
    vertex 8.75 0 -63.23821686258285
    vertex 8.75 3.123607685140501 -61.47551716156785
    vertex 8.75 0 -59.99999999999999
  endloop
endfacet
facet normal 1 0 0
  outer loop
    vertex 8.75 3.123607685140501 -61.47551716156785
    vertex 8.75 3.123607685140501 -58.23730029898499
    vertex 8.75 0 -59.99999999999999
  endloop
endfacet
facet normal 1 0 -0
  outer loop
    vertex 8.75 3.123607685140501 -61.47551716156785
    vertex 8.75 6.247215370281002 -59.71281746055285
    vertex 8.75 3.123607685140501 -58.23730029898499
  endloop
endfacet
facet normal 1 0 0
  outer loop
    vertex 8.75 0 -59.99999999999999
    vertex 8.75 3.123607685140501 -58.23730029898499
    vertex 8.75 0 -56.76178313741714
  endloop
endfacet
facet normal 1 0 0
  outer loop
    vertex 8.75 0 -56.76178313741714
    vertex 8.75 2.674008423850906 -54.32487539932796
    vertex 8.75 0 -53.52356627483429
  endloop
endfacet
facet normal 1 0 -0
  outer loop
    vertex 8.75 2.674008423850906 -54.32487539932796
    vertex 8.75 2.674008423850907 -51.08665853674511
    vertex 8.75 0 -53.52356627483429
  endloop
endfacet
facet normal 1 0 0
  outer loop
    vertex 8.75 2.674008423850906 -54.32487539932796
    vertex 8.75 5.348016847701812 -51.88796766123878
    vertex 8.75 2.674008423850907 -51.08665853674511
  endloop
endfacet
facet normal 1 0 0
  outer loop
    vertex 8.75 0 -53.52356627483429
    vertex 8.75 2.674008423850907 -51.08665853674511
    vertex 8.75 0 -50.28534941225145
  endloop
endfacet
facet normal 1 0 0
  outer loop
    vertex 8.75 6.287536896342801 -46.53547431514118
    vertex 8.75 4.457146699670504 -46.81626335571289
    vertex 8.75 5.817776872022307 -49.21172098818998
  endloop
endfacet
facet normal 1 0 0
  outer loop
    vertex 8.75 4.457146699670504 -46.81626335571289
    vertex 8.75 3.98738667535001 -49.49251002876169
    vertex 8.75 5.817776872022307 -49.21172098818998
  endloop
endfacet
facet normal 1 0 0
  outer loop
    vertex 8.75 4.457146699670504 -46.81626335571289
    vertex 8.75 2.626756502998207 -47.0970523962846
    vertex 8.75 3.98738667535001 -49.49251002876169
  endloop
endfacet
facet normal 1 0 0
  outer loop
    vertex 8.75 5.817776872022307 -49.21172098818998
    vertex 8.75 3.98738667535001 -49.49251002876169
    vertex 8.75 5.348016847701812 -51.88796766123878
  endloop
endfacet
facet normal 1 -0 0
  outer loop
    vertex 8.75 0 -56.76178313741714
    vertex 8.75 3.123607685140501 -58.23730029898499
    vertex 8.75 2.674008423850906 -54.32487539932796
  endloop
endfacet
facet normal 1 0 -0
  outer loop
    vertex 8.75 3.123607685140501 -58.23730029898499
    vertex 8.75 5.797616108991408 -55.80039256089582
    vertex 8.75 2.674008423850906 -54.32487539932796
  endloop
endfacet
facet normal 1 -0 0
  outer loop
    vertex 8.75 3.123607685140501 -58.23730029898499
    vertex 8.75 6.247215370281002 -59.71281746055285
    vertex 8.75 5.797616108991408 -55.80039256089582
  endloop
endfacet
facet normal 1 -0 0
  outer loop
    vertex 8.75 2.674008423850906 -54.32487539932796
    vertex 8.75 5.797616108991408 -55.80039256089582
    vertex 8.75 5.348016847701812 -51.88796766123878
  endloop
endfacet
facet normal 1 0 0
  outer loop
    vertex 8.75 11.90629668834311 -47.94670678007898
    vertex 8.75 11.33553072376396 -51.16879420257862
    vertex 8.75 13.92972251625734 -50.72370586185735
  endloop
endfacet
facet normal 1 -0 0
  outer loop
    vertex 8.75 11.33553072376396 -51.16879420257862
    vertex 8.75 13.35895655167818 -53.94579328435699
    vertex 8.75 13.92972251625734 -50.72370586185735
  endloop
endfacet
facet normal 1 0 0
  outer loop
    vertex 8.75 11.33553072376396 -51.16879420257862
    vertex 8.75 10.76476475918481 -54.39088162507826
    vertex 8.75 13.35895655167818 -53.94579328435699
  endloop
endfacet
facet normal 1 0 0
  outer loop
    vertex 8.75 13.92972251625734 -50.72370586185735
    vertex 8.75 13.35895655167818 -53.94579328435699
    vertex 8.75 15.95314834417156 -53.50070494363572
  endloop
endfacet
facet normal 1 0 -0
  outer loop
    vertex 8.75 6.247215370281002 -59.71281746055285
    vertex 8.75 8.505990064732908 -57.05184954281556
    vertex 8.75 5.797616108991408 -55.80039256089582
  endloop
endfacet
facet normal 1 0 0
  outer loop
    vertex 8.75 8.505990064732908 -57.05184954281556
    vertex 8.75 8.056390803443312 -53.13942464315852
    vertex 8.75 5.797616108991408 -55.80039256089582
  endloop
endfacet
facet normal 1 0 -0
  outer loop
    vertex 8.75 8.505990064732908 -57.05184954281556
    vertex 8.75 10.76476475918481 -54.39088162507826
    vertex 8.75 8.056390803443312 -53.13942464315852
  endloop
endfacet
facet normal 1 0 -0
  outer loop
    vertex 8.75 5.797616108991408 -55.80039256089582
    vertex 8.75 8.056390803443312 -53.13942464315852
    vertex 8.75 5.348016847701812 -51.88796766123878
  endloop
endfacet
facet normal 1 0 0
  outer loop
    vertex 8.75 5.348016847701812 -51.88796766123878
    vertex 8.75 3.98738667535001 -49.49251002876169
    vertex 8.75 2.674008423850907 -51.08665853674511
  endloop
endfacet
facet normal 1 0 0
  outer loop
    vertex 8.75 3.98738667535001 -49.49251002876169
    vertex 8.75 1.313378251499103 -48.69120090426802
    vertex 8.75 2.674008423850907 -51.08665853674511
  endloop
endfacet
facet normal 1 0 0
  outer loop
    vertex 8.75 3.98738667535001 -49.49251002876169
    vertex 8.75 2.626756502998207 -47.0970523962846
    vertex 8.75 1.313378251499103 -48.69120090426802
  endloop
endfacet
facet normal 1 0 0
  outer loop
    vertex 8.75 2.674008423850907 -51.08665853674511
    vertex 8.75 1.313378251499103 -48.69120090426802
    vertex 8.75 0 -50.28534941225145
  endloop
endfacet
facet normal 1 0 0
  outer loop
    vertex 8.75 9.46222458287437 -65.79828905687454
    vertex 8.75 7.592997983648949 -68.60178755277454
    vertex 8.75 10.68426063560874 -68.92579113839778
  endloop
endfacet
facet normal 1 0 0
  outer loop
    vertex 8.75 7.592997983648949 -68.60178755277454
    vertex 8.75 8.815034036383315 -71.7292896342978
    vertex 8.75 10.68426063560874 -68.92579113839778
  endloop
endfacet
facet normal 1 0 0
  outer loop
    vertex 8.75 7.592997983648949 -68.60178755277454
    vertex 8.75 5.723771384423526 -71.40528604867455
    vertex 8.75 8.815034036383315 -71.7292896342978
  endloop
endfacet
facet normal 1 0 0
  outer loop
    vertex 8.75 10.68426063560874 -68.92579113839778
    vertex 8.75 8.815034036383315 -71.7292896342978
    vertex 8.75 11.9062966883431 -72.05329321992104
  endloop
endfacet
facet normal 1 0 0
  outer loop
    vertex 8.75 6.247215370281002 -59.71281746055285
    vertex 8.75 5.266928818898391 -62.84333473191976
    vertex 8.75 7.854719976577687 -62.7555532587137
  endloop
endfacet
facet normal 1 -0 0
  outer loop
    vertex 8.75 5.266928818898391 -62.84333473191976
    vertex 8.75 6.874433425195075 -65.88607053008062
    vertex 8.75 7.854719976577687 -62.7555532587137
  endloop
endfacet
facet normal 1 0 0
  outer loop
    vertex 8.75 5.266928818898391 -62.84333473191976
    vertex 8.75 4.286642267515779 -65.97385200328668
    vertex 8.75 6.874433425195075 -65.88607053008062
  endloop
endfacet
facet normal 1 0 0
  outer loop
    vertex 8.75 7.854719976577687 -62.7555532587137
    vertex 8.75 6.874433425195075 -65.88607053008062
    vertex 8.75 9.46222458287437 -65.79828905687454
  endloop
endfacet
facet normal 1 -0 0
  outer loop
    vertex 8.75 0 -63.23821686258285
    vertex 8.75 2.143321133757889 -64.60603443293476
    vertex 8.75 3.123607685140501 -61.47551716156785
  endloop
endfacet
facet normal 1 0 0
  outer loop
    vertex 8.75 2.143321133757889 -64.60603443293476
    vertex 8.75 5.266928818898391 -62.84333473191976
    vertex 8.75 3.123607685140501 -61.47551716156785
  endloop
endfacet
facet normal 1 -0 0
  outer loop
    vertex 8.75 2.143321133757889 -64.60603443293476
    vertex 8.75 4.286642267515779 -65.97385200328668
    vertex 8.75 5.266928818898391 -62.84333473191976
  endloop
endfacet
facet normal 1 -0 0
  outer loop
    vertex 8.75 3.123607685140501 -61.47551716156785
    vertex 8.75 5.266928818898391 -62.84333473191976
    vertex 8.75 6.247215370281002 -59.71281746055285
  endloop
endfacet
facet normal 1 0 0
  outer loop
    vertex 8.75 5.723771384423526 -71.40528604867455
    vertex 8.75 4.032845508528884 -72.17907674950298
    vertex 8.75 4.852888832471857 -74.00121504023861
  endloop
endfacet
facet normal 1 0 0
  outer loop
    vertex 8.75 4.032845508528884 -72.17907674950298
    vertex 8.75 3.161962956577215 -74.77500574106705
    vertex 8.75 4.852888832471857 -74.00121504023861
  endloop
endfacet
facet normal 1 0 0
  outer loop
    vertex 8.75 4.032845508528884 -72.17907674950298
    vertex 8.75 2.341919632634242 -72.95286745033141
    vertex 8.75 3.161962956577215 -74.77500574106705
  endloop
endfacet
facet normal 1 0 0
  outer loop
    vertex 8.75 4.852888832471857 -74.00121504023861
    vertex 8.75 3.161962956577215 -74.77500574106705
    vertex 8.75 3.982006280520188 -76.59714403180266
  endloop
endfacet
facet normal 1 0 0
  outer loop
    vertex 8.75 0 -69.71465058774858
    vertex 8.75 2.143321133757889 -67.84425129551764
    vertex 8.75 0 -66.47643372516572
  endloop
endfacet
facet normal 1 0 -0
  outer loop
    vertex 8.75 2.143321133757889 -67.84425129551764
    vertex 8.75 2.143321133757889 -64.60603443293476
    vertex 8.75 0 -66.47643372516572
  endloop
endfacet
facet normal 1 0 0
  outer loop
    vertex 8.75 2.143321133757889 -67.84425129551764
    vertex 8.75 4.286642267515779 -65.97385200328668
    vertex 8.75 2.143321133757889 -64.60603443293476
  endloop
endfacet
facet normal 1 0 0
  outer loop
    vertex 8.75 0 -66.47643372516572
    vertex 8.75 2.143321133757889 -64.60603443293476
    vertex 8.75 0 -63.23821686258285
  endloop
endfacet
facet normal 1 -0 0
  outer loop
    vertex 8.75 3.98200628052018 -43.40285596819733
    vertex 8.75 5.134771588431491 -44.96916514166925
    vertex 8.75 5.934690032647695 -42.95174362880579
  endloop
endfacet
facet normal 1 0 0
  outer loop
    vertex 8.75 5.134771588431491 -44.96916514166925
    vertex 8.75 7.073490964428728 -44.46409146583169
    vertex 8.75 5.934690032647695 -42.95174362880579
  endloop
endfacet
facet normal 1 -0 0
  outer loop
    vertex 8.75 5.134771588431491 -44.96916514166925
    vertex 8.75 6.287536896342801 -46.53547431514118
    vertex 8.75 7.073490964428728 -44.46409146583169
  endloop
endfacet
facet normal 1 -0 0
  outer loop
    vertex 8.75 5.934690032647695 -42.95174362880579
    vertex 8.75 7.073490964428728 -44.46409146583169
    vertex 8.75 7.859445032514653 -42.3927086165222
  endloop
endfacet
facet normal 1 -0 0
  outer loop
    vertex 8.75 0 -43.80891568708574
    vertex 8.75 1.313378251499103 -45.45298404168517
    vertex 8.75 2.000742298142952 -43.70271760723971
  endloop
endfacet
facet normal 1 0 0
  outer loop
    vertex 8.75 1.313378251499103 -45.45298404168517
    vertex 8.75 3.304381391759193 -45.24995418224096
    vertex 8.75 2.000742298142952 -43.70271760723971
  endloop
endfacet
facet normal 1 -0 0
  outer loop
    vertex 8.75 1.313378251499103 -45.45298404168517
    vertex 8.75 2.626756502998207 -47.0970523962846
    vertex 8.75 3.304381391759193 -45.24995418224096
  endloop
endfacet
facet normal 1 -0 0
  outer loop
    vertex 8.75 2.000742298142952 -43.70271760723971
    vertex 8.75 3.304381391759193 -45.24995418224096
    vertex 8.75 3.98200628052018 -43.40285596819733
  endloop
endfacet
facet normal 1 0 0
  outer loop
    vertex 8.75 3.982006280520188 -76.59714403180266
    vertex 8.75 3.161962956577215 -74.77500574106705
    vertex 8.75 2.000742298142955 -76.29728239276028
  endloop
endfacet
facet normal 1 0 0
  outer loop
    vertex 8.75 3.161962956577215 -74.77500574106705
    vertex 8.75 1.17095981631712 -74.57197588162283
    vertex 8.75 2.000742298142955 -76.29728239276028
  endloop
endfacet
facet normal 1 0 0
  outer loop
    vertex 8.75 3.161962956577215 -74.77500574106705
    vertex 8.75 2.341919632634242 -72.95286745033141
    vertex 8.75 1.17095981631712 -74.57197588162283
  endloop
endfacet
facet normal 1 0 0
  outer loop
    vertex 8.75 2.000742298142955 -76.29728239276028
    vertex 8.75 1.17095981631712 -74.57197588162283
    vertex 8.75 0 -76.19108431291426
  endloop
endfacet
facet normal 1 0 0
  outer loop
    vertex 8.75 5.723771384423526 -71.40528604867455
    vertex 8.75 5.005206825969653 -68.68956902598062
    vertex 8.75 2.861885692211763 -70.55996831821156
  endloop
endfacet
facet normal 1 0 0
  outer loop
    vertex 8.75 5.005206825969653 -68.68956902598062
    vertex 8.75 2.143321133757889 -67.84425129551764
    vertex 8.75 2.861885692211763 -70.55996831821156
  endloop
endfacet
facet normal 1 0 0
  outer loop
    vertex 8.75 5.005206825969653 -68.68956902598062
    vertex 8.75 4.286642267515779 -65.97385200328668
    vertex 8.75 2.143321133757889 -67.84425129551764
  endloop
endfacet
facet normal 1 0 0
  outer loop
    vertex 8.75 2.861885692211763 -70.55996831821156
    vertex 8.75 2.143321133757889 -67.84425129551764
    vertex 8.75 0 -69.71465058774858
  endloop
endfacet
facet normal 1 0 0
  outer loop
    vertex 8.75 9.46222458287437 -65.79828905687454
    vertex 8.75 6.874433425195075 -65.88607053008062
    vertex 8.75 7.592997983648949 -68.60178755277454
  endloop
endfacet
facet normal 1 0 0
  outer loop
    vertex 8.75 6.874433425195075 -65.88607053008062
    vertex 8.75 5.005206825969653 -68.68956902598062
    vertex 8.75 7.592997983648949 -68.60178755277454
  endloop
endfacet
facet normal 1 0 0
  outer loop
    vertex 8.75 6.874433425195075 -65.88607053008062
    vertex 8.75 4.286642267515779 -65.97385200328668
    vertex 8.75 5.005206825969653 -68.68956902598062
  endloop
endfacet
facet normal 1 0 0
  outer loop
    vertex 8.75 7.592997983648949 -68.60178755277454
    vertex 8.75 5.005206825969653 -68.68956902598062
    vertex 8.75 5.723771384423526 -71.40528604867455
  endloop
endfacet
facet normal 1 0 0
  outer loop
    vertex 8.75 15.95314834417156 -53.50070494363572
    vertex 8.75 13.35895655167818 -53.94579328435699
    vertex 8.75 15.16114744479907 -56.20345811176037
  endloop
endfacet
facet normal 1 0 0
  outer loop
    vertex 8.75 13.35895655167818 -53.94579328435699
    vertex 8.75 12.5669556523057 -56.64854645248164
    vertex 8.75 15.16114744479907 -56.20345811176037
  endloop
endfacet
facet normal 1 0 0
  outer loop
    vertex 8.75 13.35895655167818 -53.94579328435699
    vertex 8.75 10.76476475918481 -54.39088162507826
    vertex 8.75 12.5669556523057 -56.64854645248164
  endloop
endfacet
facet normal 1 0 0
  outer loop
    vertex 8.75 15.16114744479907 -56.20345811176037
    vertex 8.75 12.5669556523057 -56.64854645248164
    vertex 8.75 14.36914654542658 -58.90621127988501
  endloop
endfacet
facet normal 1 0 0
  outer loop
    vertex 8.75 0 -69.71465058774858
    vertex 8.75 1.17095981631712 -71.33375901904
    vertex 8.75 2.861885692211763 -70.55996831821156
  endloop
endfacet
facet normal 1 -0 0
  outer loop
    vertex 8.75 1.17095981631712 -71.33375901904
    vertex 8.75 4.032845508528884 -72.17907674950298
    vertex 8.75 2.861885692211763 -70.55996831821156
  endloop
endfacet
facet normal 1 0 0
  outer loop
    vertex 8.75 1.17095981631712 -71.33375901904
    vertex 8.75 2.341919632634242 -72.95286745033141
    vertex 8.75 4.032845508528884 -72.17907674950298
  endloop
endfacet
facet normal 1 0 0
  outer loop
    vertex 8.75 2.861885692211763 -70.55996831821156
    vertex 8.75 4.032845508528884 -72.17907674950298
    vertex 8.75 5.723771384423526 -71.40528604867455
  endloop
endfacet
facet normal 1 0 0
  outer loop
    vertex 8.75 3.98200628052018 -43.40285596819733
    vertex 8.75 3.304381391759193 -45.24995418224096
    vertex 8.75 5.134771588431491 -44.96916514166925
  endloop
endfacet
facet normal 1 -0 0
  outer loop
    vertex 8.75 3.304381391759193 -45.24995418224096
    vertex 8.75 4.457146699670504 -46.81626335571289
    vertex 8.75 5.134771588431491 -44.96916514166925
  endloop
endfacet
facet normal 1 0 0
  outer loop
    vertex 8.75 3.304381391759193 -45.24995418224096
    vertex 8.75 2.626756502998207 -47.0970523962846
    vertex 8.75 4.457146699670504 -46.81626335571289
  endloop
endfacet
facet normal 1 0 0
  outer loop
    vertex 8.75 5.134771588431491 -44.96916514166925
    vertex 8.75 4.457146699670504 -46.81626335571289
    vertex 8.75 6.287536896342801 -46.53547431514118
  endloop
endfacet
facet normal 2.55962e-16 0.808211 0.588893
  outer loop
    vertex 8.75 11.90629668834311 -47.94670678007898
    vertex 4.413196009104878 11.77633426808164 -47.76834317675192
    vertex 5.862576271903674 10.31786878662785 -45.76670948851458
  endloop
endfacet
facet normal 2.40906e-16 0.808211 0.588893
  outer loop
    vertex 4.413196009104878 11.77633426808164 -47.76834317675192
    vertex 1.525772281008552 10.18790636636637 -45.58834588518752
    vertex 5.862576271903674 10.31786878662785 -45.76670948851458
  endloop
endfacet
facet normal 2.55962e-16 0.808211 0.588893
  outer loop
    vertex 4.413196009104878 11.77633426808164 -47.76834317675192
    vertex 0.07639201820975572 11.64637184782016 -47.58997957342486
    vertex 1.525772281008552 10.18790636636637 -45.58834588518752
  endloop
endfacet
facet normal 2.55962e-16 0.808211 0.588893
  outer loop
    vertex 5.862576271903674 10.31786878662785 -45.76670948851458
    vertex 1.525772281008552 10.18790636636637 -45.58834588518752
    vertex 2.975152543807349 8.729440884912579 -43.58671219695018
  endloop
endfacet
facet normal 3.94166e-17 0.808211 0.588893
  outer loop
    vertex -2.97515254380736 8.729440884912577 -43.58671219695018
    vertex -1.449380262798803 10.18790636636637 -45.58834588518752
    vertex -5.862576271903681 10.31786878662785 -45.76670948851458
  endloop
endfacet
facet normal 5.9125e-17 0.808211 0.588893
  outer loop
    vertex -1.449380262798803 10.18790636636637 -45.58834588518752
    vertex -4.336803990895122 11.77633426808164 -47.76834317675192
    vertex -5.862576271903681 10.31786878662785 -45.76670948851458
  endloop
endfacet
facet normal 7.88333e-17 0.808211 0.588893
  outer loop
    vertex -1.449380262798803 10.18790636636637 -45.58834588518752
    vertex 0.07639201820975572 11.64637184782016 -47.58997957342486
    vertex -4.336803990895122 11.77633426808164 -47.76834317675192
  endloop
endfacet
facet normal -2.365e-16 0.808211 0.588893
  outer loop
    vertex -5.862576271903681 10.31786878662785 -45.76670948851458
    vertex -4.336803990895122 11.77633426808164 -47.76834317675192
    vertex -8.75 11.90629668834312 -47.94670678007898
  endloop
endfacet
facet normal 2.77373e-16 0.808211 0.588893
  outer loop
    vertex 2.975152543807349 8.729440884912579 -43.58671219695018
    vertex 5.898684004071498 8.378515057469102 -43.10509301074685
    vertex 5.862576271903674 10.31786878662785 -45.76670948851458
  endloop
endfacet
facet normal 9.36675e-17 0.808211 0.588893
  outer loop
    vertex 5.898684004071498 8.378515057469102 -43.10509301074685
    vertex 8.75 9.882870860428881 -45.16970769830058
    vertex 5.862576271903674 10.31786878662785 -45.76670948851458
  endloop
endfacet
facet normal 0 0.808211 0.588893
  outer loop
    vertex 5.898684004071498 8.378515057469102 -43.10509301074685
    vertex 8.75 7.859445032514653 -42.3927086165222
    vertex 8.75 9.882870860428881 -45.16970769830058
  endloop
endfacet
facet normal 1.56667e-16 0.808211 0.588893
  outer loop
    vertex 5.862576271903674 10.31786878662785 -45.76670948851458
    vertex 8.75 9.882870860428881 -45.16970769830058
    vertex 8.75 11.90629668834311 -47.94670678007898
  endloop
endfacet
facet normal -4.62289e-16 0.808211 0.588893
  outer loop
    vertex -2.97515254380736 8.729440884912577 -43.58671219695018
    vertex -5.862576271903681 10.31786878662785 -45.76670948851458
    vertex -5.898684004071494 8.378515057469103 -43.10509301074686
  endloop
endfacet
facet normal -2.57586e-16 0.808211 0.588893
  outer loop
    vertex -5.862576271903681 10.31786878662785 -45.76670948851458
    vertex -8.75 9.882870860428886 -45.16970769830059
    vertex -5.898684004071494 8.378515057469103 -43.10509301074686
  endloop
endfacet
facet normal -5.14762e-16 0.808211 0.588893
  outer loop
    vertex -5.862576271903681 10.31786878662785 -45.76670948851458
    vertex -8.75 11.90629668834312 -47.94670678007898
    vertex -8.75 9.882870860428886 -45.16970769830059
  endloop
endfacet
facet normal 1.35986e-15 0.808211 0.588893
  outer loop
    vertex -5.898684004071494 8.378515057469103 -43.10509301074686
    vertex -8.75 9.882870860428886 -45.16970769830059
    vertex -8.75 7.859445032514655 -42.3927086165222
  endloop
endfacet
facet normal 3.03178e-16 0.808211 0.588893
  outer loop
    vertex 8.75 11.90629668834311 -47.94670678007898
    vertex 6.031794706472599 13.39119075130657 -49.9846116997954
    vertex 4.413196009104878 11.77633426808164 -47.76834317675192
  endloop
endfacet
facet normal -6.92979e-16 0.808211 0.588893
  outer loop
    vertex 6.031794706472599 13.39119075130657 -49.9846116997954
    vertex 1.694990715577477 13.2612283310451 -49.80624809646835
    vertex 4.413196009104878 11.77633426808164 -47.76834317675192
  endloop
endfacet
facet normal -6.88167e-16 0.808211 0.588893
  outer loop
    vertex 6.031794706472599 13.39119075130657 -49.9846116997954
    vertex 3.313589412945198 14.87608481427003 -52.02251661951183
    vertex 1.694990715577477 13.2612283310451 -49.80624809646835
  endloop
endfacet
facet normal 2.26181e-16 0.808211 0.588893
  outer loop
    vertex 4.413196009104878 11.77633426808164 -47.76834317675192
    vertex 1.694990715577477 13.2612283310451 -49.80624809646835
    vertex 0.07639201820975572 11.64637184782016 -47.58997957342486
  endloop
endfacet
facet normal 1.19981e-16 0.808211 0.588893
  outer loop
    vertex 0.07639201820975572 11.64637184782016 -47.58997957342486
    vertex -1.614837580618847 13.30135639724893 -49.86132083571299
    vertex -4.336803990895122 11.77633426808164 -47.76834317675192
  endloop
endfacet
facet normal 1.19981e-16 0.808211 0.588893
  outer loop
    vertex -1.614837580618847 13.30135639724893 -49.86132083571299
    vertex -6.028033589723725 13.4313188175104 -50.03968443904004
    vertex -4.336803990895122 11.77633426808164 -47.76834317675192
  endloop
endfacet
facet normal 1.84586e-17 0.808211 0.588893
  outer loop
    vertex -1.614837580618847 13.30135639724893 -49.86132083571299
    vertex -3.306067179447449 14.95634094667769 -52.13266209800111
    vertex -6.028033589723725 13.4313188175104 -50.03968443904004
  endloop
endfacet
facet normal -2.12274e-16 0.808211 0.588893
  outer loop
    vertex -4.336803990895122 11.77633426808164 -47.76834317675192
    vertex -6.028033589723725 13.4313188175104 -50.03968443904004
    vertex -8.75 11.90629668834312 -47.94670678007898
  endloop
endfacet
facet normal -6.41185e-17 0.808211 0.588893
  outer loop
    vertex 0.1069488254936637 17.37956981337549 -55.45836064594112
    vertex -1.599559176976893 16.16795538002659 -53.79551137197111
    vertex 1.710269119219431 16.12782731382276 -53.74043863272647
  endloop
endfacet
facet normal -1.40259e-16 0.808211 0.588893
  outer loop
    vertex -1.599559176976893 16.16795538002659 -53.79551137197111
    vertex 0.003761116748874471 14.91621288047386 -52.07758935875647
    vertex 1.710269119219431 16.12782731382276 -53.74043863272647
  endloop
endfacet
facet normal 3.20592e-16 0.808211 0.588893
  outer loop
    vertex -1.599559176976893 16.16795538002659 -53.79551137197111
    vertex -3.306067179447449 14.95634094667769 -52.13266209800111
    vertex 0.003761116748874471 14.91621288047386 -52.07758935875647
  endloop
endfacet
facet normal -1.28237e-16 0.808211 0.588893
  outer loop
    vertex 1.710269119219431 16.12782731382276 -53.74043863272647
    vertex 0.003761116748874471 14.91621288047386 -52.07758935875647
    vertex 3.313589412945198 14.87608481427003 -52.02251661951183
  endloop
endfacet
facet normal -1.3294e-16 0.808211 0.588893
  outer loop
    vertex 3.313589412945198 14.87608481427003 -52.02251661951183
    vertex 0.003761116748874471 14.91621288047386 -52.07758935875647
    vertex 1.694990715577477 13.2612283310451 -49.80624809646835
  endloop
endfacet
facet normal -9.66833e-17 0.808211 0.588893
  outer loop
    vertex 0.003761116748874471 14.91621288047386 -52.07758935875647
    vertex -1.614837580618847 13.30135639724893 -49.86132083571299
    vertex 1.694990715577477 13.2612283310451 -49.80624809646835
  endloop
endfacet
facet normal 2.94582e-16 0.808211 0.588893
  outer loop
    vertex 0.003761116748874471 14.91621288047386 -52.07758935875647
    vertex -3.306067179447449 14.95634094667769 -52.13266209800111
    vertex -1.614837580618847 13.30135639724893 -49.86132083571299
  endloop
endfacet
facet normal -1.02726e-16 0.808211 0.588893
  outer loop
    vertex 1.694990715577477 13.2612283310451 -49.80624809646835
    vertex -1.614837580618847 13.30135639724893 -49.86132083571299
    vertex 0.07639201820975572 11.64637184782016 -47.58997957342486
  endloop
endfacet
facet normal 8.36317e-16 0.808211 0.588893
  outer loop
    vertex 3.313589412945198 14.87608481427003 -52.02251661951183
    vertex 4.040515196983153 16.25892270431672 -53.92035715210328
    vertex 1.710269119219431 16.12782731382276 -53.74043863272647
  endloop
endfacet
facet normal 8.67679e-16 0.808211 0.588893
  outer loop
    vertex 4.040515196983153 16.25892270431672 -53.92035715210328
    vertex 2.437194903257385 17.51066520386945 -55.63827916531792
    vertex 1.710269119219431 16.12782731382276 -53.74043863272647
  endloop
endfacet
facet normal 9.19949e-16 0.808211 0.588893
  outer loop
    vertex 4.040515196983153 16.25892270431672 -53.92035715210328
    vertex 4.767440981021106 17.64176059436342 -55.81819768469472
    vertex 2.437194903257385 17.51066520386945 -55.63827916531792
  endloop
endfacet
facet normal -9.19949e-16 0.808211 0.588893
  outer loop
    vertex 1.710269119219431 16.12782731382276 -53.74043863272647
    vertex 2.437194903257385 17.51066520386945 -55.63827916531792
    vertex 0.1069488254936637 17.37956981337549 -55.45836064594112
  endloop
endfacet
facet normal -7.8643e-17 0.808211 0.588893
  outer loop
    vertex 2.975152543807349 8.729440884912579 -43.58671219695018
    vertex 1.525772281008552 10.18790636636637 -45.58834588518752
    vertex -6.193564798044786e-15 8.855274311047296 -43.75940906777808
  endloop
endfacet
facet normal 0 0.808211 0.588893
  outer loop
    vertex 1.525772281008552 10.18790636636637 -45.58834588518752
    vertex -1.449380262798803 10.18790636636637 -45.58834588518752
    vertex -6.193564798044786e-15 8.855274311047296 -43.75940906777808
  endloop
endfacet
facet normal 0 0.808211 0.588893
  outer loop
    vertex 1.525772281008552 10.18790636636637 -45.58834588518752
    vertex 0.07639201820975572 11.64637184782016 -47.58997957342486
    vertex -1.449380262798803 10.18790636636637 -45.58834588518752
  endloop
endfacet
facet normal -3.86244e-16 0.808211 0.588893
  outer loop
    vertex -6.193564798044786e-15 8.855274311047296 -43.75940906777808
    vertex -1.449380262798803 10.18790636636637 -45.58834588518752
    vertex -2.97515254380736 8.729440884912577 -43.58671219695018
  endloop
endfacet
facet normal -0 0.808211 0.588893
  outer loop
    vertex -2.916666666666668 20 -59.05470310719247
    vertex -1.404858920586502 18.68978490668774 -57.2565318765668
    vertex 0 20 -59.05470310719247
  endloop
endfacet
facet normal -0 0.808211 0.588893
  outer loop
    vertex -1.404858920586502 18.68978490668774 -57.2565318765668
    vertex 1.511807746080165 18.68978490668774 -57.2565318765668
    vertex 0 20 -59.05470310719247
  endloop
endfacet
facet normal -0 0.808211 0.588893
  outer loop
    vertex -1.404858920586502 18.68978490668774 -57.2565318765668
    vertex 0.1069488254936637 17.37956981337549 -55.45836064594112
    vertex 1.511807746080165 18.68978490668774 -57.2565318765668
  endloop
endfacet
facet normal -0 0.808211 0.588893
  outer loop
    vertex 0 20 -59.05470310719247
    vertex 1.511807746080165 18.68978490668774 -57.2565318765668
    vertex 2.916666666666666 20 -59.05470310719247
  endloop
endfacet
facet normal 3.79863e-16 0.808211 0.588893
  outer loop
    vertex -8.75 11.90629668834312 -47.94670678007898
    vertex -6.028033589723725 13.4313188175104 -50.03968443904004
    vertex -8.75 13.92972251625734 -50.72370586185735
  endloop
endfacet
facet normal 0 0.808211 0.588893
  outer loop
    vertex -6.028033589723725 13.4313188175104 -50.03968443904004
    vertex -6.028033589723725 15.45474464542463 -52.81668352081842
    vertex -8.75 13.92972251625734 -50.72370586185735
  endloop
endfacet
facet normal 0 0.808211 0.588893
  outer loop
    vertex -6.028033589723725 13.4313188175104 -50.03968443904004
    vertex -3.306067179447449 14.95634094667769 -52.13266209800111
    vertex -6.028033589723725 15.45474464542463 -52.81668352081842
  endloop
endfacet
facet normal 0 0.808211 0.588893
  outer loop
    vertex -8.75 13.92972251625734 -50.72370586185735
    vertex -6.028033589723725 15.45474464542463 -52.81668352081842
    vertex -8.75 15.95314834417156 -53.50070494363572
  endloop
endfacet
facet normal -1.10341e-15 0.808211 0.588893
  outer loop
    vertex 8.75 20 -59.05470310719247
    vertex 6.758720490510553 18.82088029718171 -57.4364503959436
    vertex 8.75 17.97657417208578 -56.2777040254141
  endloop
endfacet
facet normal -1.68756e-15 0.808211 0.588893
  outer loop
    vertex 6.758720490510553 18.82088029718171 -57.4364503959436
    vertex 6.758720490510553 16.79745446926749 -54.65945131416522
    vertex 8.75 17.97657417208578 -56.2777040254141
  endloop
endfacet
facet normal 3.24532e-16 0.808211 0.588893
  outer loop
    vertex 6.758720490510553 18.82088029718171 -57.4364503959436
    vertex 4.767440981021106 17.64176059436342 -55.81819768469472
    vertex 6.758720490510553 16.79745446926749 -54.65945131416522
  endloop
endfacet
facet normal -9.73595e-16 0.808211 0.588893
  outer loop
    vertex 8.75 17.97657417208578 -56.2777040254141
    vertex 6.758720490510553 16.79745446926749 -54.65945131416522
    vertex 8.75 15.95314834417156 -53.50070494363572
  endloop
endfacet
facet normal 5.1354e-16 0.808211 0.588893
  outer loop
    vertex -8.75 15.95314834417156 -53.50070494363572
    vertex -6.736578502062045 16.80548008250825 -54.67046586201415
    vertex -8.75 17.97657417208578 -56.2777040254141
  endloop
endfacet
facet normal -7.06118e-16 0.808211 0.588893
  outer loop
    vertex -6.736578502062045 16.80548008250825 -54.67046586201415
    vertex -6.736578502062045 18.82890591042247 -57.44746494379253
    vertex -8.75 17.97657417208578 -56.2777040254141
  endloop
endfacet
facet normal -7.70311e-16 0.808211 0.588893
  outer loop
    vertex -6.736578502062045 16.80548008250825 -54.67046586201415
    vertex -4.72315700412409 17.65781182084495 -55.84022678039258
    vertex -6.736578502062045 18.82890591042247 -57.44746494379253
  endloop
endfacet
facet normal -7.70311e-16 0.808211 0.588893
  outer loop
    vertex -8.75 17.97657417208578 -56.2777040254141
    vertex -6.736578502062045 18.82890591042247 -57.44746494379253
    vertex -8.75 20 -59.05470310719247
  endloop
endfacet
facet normal -2.37743e-16 0.808211 0.588893
  outer loop
    vertex 8.75 15.95314834417156 -53.50070494363572
    vertex 6.031794706472599 15.41461657922079 -52.76161078157378
    vertex 8.75 13.92972251625734 -50.72370586185735
  endloop
endfacet
facet normal -1.90194e-16 0.808211 0.588893
  outer loop
    vertex 6.031794706472599 15.41461657922079 -52.76161078157378
    vertex 6.031794706472599 13.39119075130657 -49.9846116997954
    vertex 8.75 13.92972251625734 -50.72370586185735
  endloop
endfacet
facet normal -2.37743e-16 0.808211 0.588893
  outer loop
    vertex 6.031794706472599 15.41461657922079 -52.76161078157378
    vertex 3.313589412945198 14.87608481427003 -52.02251661951183
    vertex 6.031794706472599 13.39119075130657 -49.9846116997954
  endloop
endfacet
facet normal 1.6642e-16 0.808211 0.588893
  outer loop
    vertex 8.75 13.92972251625734 -50.72370586185735
    vertex 6.031794706472599 13.39119075130657 -49.9846116997954
    vertex 8.75 11.90629668834311 -47.94670678007898
  endloop
endfacet
facet normal -1.74743e-16 0.808211 0.588893
  outer loop
    vertex 8.75 15.95314834417156 -53.50070494363572
    vertex 6.758720490510553 16.79745446926749 -54.65945131416522
    vertex 6.031794706472599 15.41461657922079 -52.76161078157378
  endloop
endfacet
facet normal -1.94159e-16 0.808211 0.588893
  outer loop
    vertex 6.758720490510553 16.79745446926749 -54.65945131416522
    vertex 4.040515196983153 16.25892270431672 -53.92035715210328
    vertex 6.031794706472599 15.41461657922079 -52.76161078157378
  endloop
endfacet
facet normal 3.88317e-17 0.808211 0.588893
  outer loop
    vertex 6.758720490510553 16.79745446926749 -54.65945131416522
    vertex 4.767440981021106 17.64176059436342 -55.81819768469472
    vertex 4.040515196983153 16.25892270431672 -53.92035715210328
  endloop
endfacet
facet normal -1.74743e-16 0.808211 0.588893
  outer loop
    vertex 6.031794706472599 15.41461657922079 -52.76161078157378
    vertex 4.040515196983153 16.25892270431672 -53.92035715210328
    vertex 3.313589412945198 14.87608481427003 -52.02251661951183
  endloop
endfacet
facet normal -1.80835e-16 0.808211 0.588893
  outer loop
    vertex 0.1069488254936637 17.37956981337549 -55.45836064594112
    vertex -2.308104089315213 17.51869081711022 -55.64929371316685
    vertex -1.599559176976893 16.16795538002659 -53.79551137197111
  endloop
endfacet
facet normal -7.44009e-16 0.808211 0.588893
  outer loop
    vertex -2.308104089315213 17.51869081711022 -55.64929371316685
    vertex -4.01461209178577 16.30707638376132 -53.98644443919684
    vertex -1.599559176976893 16.16795538002659 -53.79551137197111
  endloop
endfacet
facet normal 8.57677e-16 0.808211 0.588893
  outer loop
    vertex -2.308104089315213 17.51869081711022 -55.64929371316685
    vertex -4.72315700412409 17.65781182084495 -55.84022678039258
    vertex -4.01461209178577 16.30707638376132 -53.98644443919684
  endloop
endfacet
facet normal -7.44009e-16 0.808211 0.588893
  outer loop
    vertex -1.599559176976893 16.16795538002659 -53.79551137197111
    vertex -4.01461209178577 16.30707638376132 -53.98644443919684
    vertex -3.306067179447449 14.95634094667769 -52.13266209800111
  endloop
endfacet
facet normal -1.11666e-15 0.808211 0.588893
  outer loop
    vertex 0.1069488254936637 17.37956981337549 -55.45836064594112
    vertex 2.437194903257385 17.51066520386945 -55.63827916531792
    vertex 1.511807746080165 18.68978490668774 -57.2565318765668
  endloop
endfacet
facet normal -5.46933e-16 0.808211 0.588893
  outer loop
    vertex 2.437194903257385 17.51066520386945 -55.63827916531792
    vertex 3.842053823843885 18.82088029718171 -57.4364503959436
    vertex 1.511807746080165 18.68978490668774 -57.2565318765668
  endloop
endfacet
facet normal 7.34942e-16 0.808211 0.588893
  outer loop
    vertex 2.437194903257385 17.51066520386945 -55.63827916531792
    vertex 4.767440981021106 17.64176059436342 -55.81819768469472
    vertex 3.842053823843885 18.82088029718171 -57.4364503959436
  endloop
endfacet
facet normal -3.87411e-16 0.808211 0.588893
  outer loop
    vertex 1.511807746080165 18.68978490668774 -57.2565318765668
    vertex 3.842053823843885 18.82088029718171 -57.4364503959436
    vertex 2.916666666666666 20 -59.05470310719247
  endloop
endfacet
facet normal 9.73871e-16 0.808211 0.588893
  outer loop
    vertex -2.916666666666668 20 -59.05470310719247
    vertex -3.819911835395379 18.82890591042247 -57.44746494379253
    vertex -1.404858920586502 18.68978490668774 -57.2565318765668
  endloop
endfacet
facet normal 9.40671e-16 0.808211 0.588893
  outer loop
    vertex -3.819911835395379 18.82890591042247 -57.44746494379253
    vertex -2.308104089315213 17.51869081711022 -55.64929371316685
    vertex -1.404858920586502 18.68978490668774 -57.2565318765668
  endloop
endfacet
facet normal 9.73871e-16 0.808211 0.588893
  outer loop
    vertex -3.819911835395379 18.82890591042247 -57.44746494379253
    vertex -4.72315700412409 17.65781182084495 -55.84022678039258
    vertex -2.308104089315213 17.51869081711022 -55.64929371316685
  endloop
endfacet
facet normal -1.77067e-16 0.808211 0.588893
  outer loop
    vertex -1.404858920586502 18.68978490668774 -57.2565318765668
    vertex -2.308104089315213 17.51869081711022 -55.64929371316685
    vertex 0.1069488254936637 17.37956981337549 -55.45836064594112
  endloop
endfacet
facet normal 4.918e-16 0.808211 0.588893
  outer loop
    vertex -3.306067179447449 14.95634094667769 -52.13266209800111
    vertex -4.01461209178577 16.30707638376132 -53.98644443919684
    vertex -6.028033589723725 15.45474464542463 -52.81668352081842
  endloop
endfacet
facet normal 5.11472e-16 0.808211 0.588893
  outer loop
    vertex -4.01461209178577 16.30707638376132 -53.98644443919684
    vertex -6.736578502062045 16.80548008250825 -54.67046586201415
    vertex -6.028033589723725 15.45474464542463 -52.81668352081842
  endloop
endfacet
facet normal -1.37704e-16 0.808211 0.588893
  outer loop
    vertex -4.01461209178577 16.30707638376132 -53.98644443919684
    vertex -4.72315700412409 17.65781182084495 -55.84022678039258
    vertex -6.736578502062045 16.80548008250825 -54.67046586201415
  endloop
endfacet
facet normal 4.918e-16 0.808211 0.588893
  outer loop
    vertex -6.028033589723725 15.45474464542463 -52.81668352081842
    vertex -6.736578502062045 16.80548008250825 -54.67046586201415
    vertex -8.75 15.95314834417156 -53.50070494363572
  endloop
endfacet
facet normal -0 0.808211 0.588893
  outer loop
    vertex 2.916666666666666 20 -59.05470310719247
    vertex 3.842053823843885 18.82088029718171 -57.4364503959436
    vertex 5.833333333333333 20 -59.05470310719247
  endloop
endfacet
facet normal -0 0.808211 0.588893
  outer loop
    vertex 3.842053823843885 18.82088029718171 -57.4364503959436
    vertex 6.758720490510553 18.82088029718171 -57.4364503959436
    vertex 5.833333333333333 20 -59.05470310719247
  endloop
endfacet
facet normal -0 0.808211 0.588893
  outer loop
    vertex 3.842053823843885 18.82088029718171 -57.4364503959436
    vertex 4.767440981021106 17.64176059436342 -55.81819768469472
    vertex 6.758720490510553 18.82088029718171 -57.4364503959436
  endloop
endfacet
facet normal -0 0.808211 0.588893
  outer loop
    vertex 5.833333333333333 20 -59.05470310719247
    vertex 6.758720490510553 18.82088029718171 -57.4364503959436
    vertex 8.75 20 -59.05470310719247
  endloop
endfacet
facet normal -0 0.808211 0.588893
  outer loop
    vertex -8.75 20 -59.05470310719247
    vertex -6.736578502062045 18.82890591042247 -57.44746494379253
    vertex -5.833333333333334 20 -59.05470310719247
  endloop
endfacet
facet normal -0 0.808211 0.588893
  outer loop
    vertex -6.736578502062045 18.82890591042247 -57.44746494379253
    vertex -3.819911835395379 18.82890591042247 -57.44746494379253
    vertex -5.833333333333334 20 -59.05470310719247
  endloop
endfacet
facet normal -0 0.808211 0.588893
  outer loop
    vertex -6.736578502062045 18.82890591042247 -57.44746494379253
    vertex -4.72315700412409 17.65781182084495 -55.84022678039258
    vertex -3.819911835395379 18.82890591042247 -57.44746494379253
  endloop
endfacet
facet normal -0 0.808211 0.588893
  outer loop
    vertex -5.833333333333334 20 -59.05470310719247
    vertex -3.819911835395379 18.82890591042247 -57.44746494379253
    vertex -2.916666666666668 20 -59.05470310719247
  endloop
endfacet
facet normal 4.0151e-17 0.808211 -0.588893
  outer loop
    vertex -8.75 11.9062966883431 -32.05329321992104
    vertex -4.413196009104876 11.77633426808163 -32.23165682324809
    vertex -5.862576271903666 10.31786878662784 -34.23329051148543
  endloop
endfacet
facet normal 3.61359e-16 0.808211 -0.588893
  outer loop
    vertex -4.413196009104876 11.77633426808163 -32.23165682324809
    vertex -1.525772281008543 10.18790636636637 -34.41165411481248
    vertex -5.862576271903666 10.31786878662784 -34.23329051148543
  endloop
endfacet
facet normal 7.07661e-16 0.808211 -0.588893
  outer loop
    vertex -4.413196009104876 11.77633426808163 -32.23165682324809
    vertex -0.07639201820975217 11.64637184782016 -32.41002042657514
    vertex -1.525772281008543 10.18790636636637 -34.41165411481248
  endloop
endfacet
facet normal 3.91472e-16 0.808211 -0.588893
  outer loop
    vertex -5.862576271903666 10.31786878662784 -34.23329051148543
    vertex -1.525772281008543 10.18790636636637 -34.41165411481248
    vertex -2.975152543807333 8.729440884912584 -36.41328780304981
  endloop
endfacet
facet normal -3.94166e-17 0.808211 -0.588893
  outer loop
    vertex 2.975152543807363 8.729440884912584 -36.41328780304981
    vertex 1.449380262798805 10.18790636636637 -34.41165411481248
    vertex 5.862576271903682 10.31786878662784 -34.23329051148543
  endloop
endfacet
facet normal -9.85416e-18 0.808211 -0.588893
  outer loop
    vertex 1.449380262798805 10.18790636636637 -34.41165411481248
    vertex 4.336803990895124 11.77633426808163 -32.23165682324809
    vertex 5.862576271903682 10.31786878662784 -34.23329051148543
  endloop
endfacet
facet normal -6.70083e-16 0.808211 -0.588893
  outer loop
    vertex 1.449380262798805 10.18790636636637 -34.41165411481248
    vertex -0.07639201820975217 11.64637184782016 -32.41002042657514
    vertex 4.336803990895124 11.77633426808163 -32.23165682324809
  endloop
endfacet
facet normal 0 0.808211 -0.588893
  outer loop
    vertex 5.862576271903682 10.31786878662784 -34.23329051148543
    vertex 4.336803990895124 11.77633426808163 -32.23165682324809
    vertex 8.75 11.9062966883431 -32.05329321992104
  endloop
endfacet
facet normal -7.2526e-16 0.808211 -0.588893
  outer loop
    vertex -8.75 7.859445032514662 -37.60729138347779
    vertex -8.75 9.882870860428882 -34.83029230169942
    vertex -5.898684004071487 8.378515057469109 -36.89490698925314
  endloop
endfacet
facet normal -1.05376e-16 0.808211 -0.588893
  outer loop
    vertex -8.75 9.882870860428882 -34.83029230169942
    vertex -5.862576271903666 10.31786878662784 -34.23329051148543
    vertex -5.898684004071487 8.378515057469109 -36.89490698925314
  endloop
endfacet
facet normal -4.47619e-17 0.808211 -0.588893
  outer loop
    vertex -8.75 9.882870860428882 -34.83029230169942
    vertex -8.75 11.9062966883431 -32.05329321992104
    vertex -5.862576271903666 10.31786878662784 -34.23329051148543
  endloop
endfacet
facet normal 1.96473e-16 0.808211 -0.588893
  outer loop
    vertex -5.898684004071487 8.378515057469109 -36.89490698925314
    vertex -5.862576271903666 10.31786878662784 -34.23329051148543
    vertex -2.975152543807333 8.729440884912584 -36.41328780304981
  endloop
endfacet
facet normal -4.47619e-16 0.808211 -0.588893
  outer loop
    vertex 8.75 11.9062966883431 -32.05329321992104
    vertex 8.75 9.882870860428882 -34.83029230169942
    vertex 5.862576271903682 10.31786878662784 -34.23329051148543
  endloop
endfacet
facet normal -2.81002e-16 0.808211 -0.588893
  outer loop
    vertex 8.75 9.882870860428882 -34.83029230169942
    vertex 5.898684004071492 8.378515057469109 -36.89490698925314
    vertex 5.862576271903682 10.31786878662784 -34.23329051148543
  endloop
endfacet
facet normal 7.2526e-16 0.808211 -0.588893
  outer loop
    vertex 8.75 9.882870860428882 -34.83029230169942
    vertex 8.75 7.859445032514662 -37.60729138347779
    vertex 5.898684004071492 8.378515057469109 -36.89490698925314
  endloop
endfacet
facet normal -9.24578e-17 0.808211 -0.588893
  outer loop
    vertex 5.862576271903682 10.31786878662784 -34.23329051148543
    vertex 5.898684004071492 8.378515057469109 -36.89490698925314
    vertex 2.975152543807363 8.729440884912584 -36.41328780304981
  endloop
endfacet
facet normal 3.84988e-17 0.808211 -0.588893
  outer loop
    vertex -8.75 11.9062966883431 -32.05329321992104
    vertex -6.031794706472599 13.39119075130656 -30.01538830020461
    vertex -4.413196009104876 11.77633426808163 -32.23165682324809
  endloop
endfacet
facet normal 3.36865e-17 0.808211 -0.588893
  outer loop
    vertex -6.031794706472599 13.39119075130656 -30.01538830020461
    vertex -1.694990715577475 13.26122833104509 -30.19375190353166
    vertex -4.413196009104876 11.77633426808163 -32.23165682324809
  endloop
endfacet
facet normal 3.84988e-17 0.808211 -0.588893
  outer loop
    vertex -6.031794706472599 13.39119075130656 -30.01538830020461
    vertex -3.3135894129452 14.87608481427002 -27.97748338048818
    vertex -1.694990715577475 13.26122833104509 -30.19375190353166
  endloop
endfacet
facet normal 6.64105e-16 0.808211 -0.588893
  outer loop
    vertex -4.413196009104876 11.77633426808163 -32.23165682324809
    vertex -1.694990715577475 13.26122833104509 -30.19375190353166
    vertex -0.07639201820975217 11.64637184782016 -32.41002042657514
  endloop
endfacet
facet normal -6.50667e-16 0.808211 -0.588893
  outer loop
    vertex -0.07639201820975217 11.64637184782016 -32.41002042657514
    vertex 1.61483758061885 13.30135639724892 -30.13867916428703
    vertex 4.336803990895124 11.77633426808163 -32.23165682324809
  endloop
endfacet
facet normal 1.10752e-16 0.808211 -0.588893
  outer loop
    vertex 1.61483758061885 13.30135639724892 -30.13867916428703
    vertex 6.028033589723726 13.43131881751039 -29.96031556095998
    vertex 4.336803990895124 11.77633426808163 -32.23165682324809
  endloop
endfacet
facet normal 1.19981e-16 0.808211 -0.588893
  outer loop
    vertex 1.61483758061885 13.30135639724892 -30.13867916428703
    vertex 3.306067179447453 14.95634094667768 -27.86733790199892
    vertex 6.028033589723726 13.43131881751039 -29.96031556095998
  endloop
endfacet
facet normal -4.61466e-17 0.808211 -0.588893
  outer loop
    vertex 4.336803990895124 11.77633426808163 -32.23165682324809
    vertex 6.028033589723726 13.43131881751039 -29.96031556095998
    vertex 8.75 11.9062966883431 -32.05329321992104
  endloop
endfacet
facet normal -5.12948e-16 0.808211 -0.588893
  outer loop
    vertex -0.1069488254936637 17.37956981337548 -24.54163935405889
    vertex 1.599559176976895 16.16795538002658 -26.2044886280289
    vertex -1.710269119219433 16.12782731382275 -26.25956136727354
  endloop
endfacet
facet normal -5.20963e-16 0.808211 -0.588893
  outer loop
    vertex 1.599559176976895 16.16795538002658 -26.2044886280289
    vertex -0.003761116748872695 14.91621288047385 -27.92241064124355
    vertex -1.710269119219433 16.12782731382275 -26.25956136727354
  endloop
endfacet
facet normal -6.41185e-17 0.808211 -0.588893
  outer loop
    vertex 1.599559176976895 16.16795538002658 -26.2044886280289
    vertex 3.306067179447453 14.95634094667768 -27.86733790199892
    vertex -0.003761116748872695 14.91621288047385 -27.92241064124355
  endloop
endfacet
facet normal -6.41185e-17 0.808211 -0.588893
  outer loop
    vertex -1.710269119219433 16.12782731382275 -26.25956136727354
    vertex -0.003761116748872695 14.91621288047385 -27.92241064124355
    vertex -3.3135894129452 14.87608481427002 -27.97748338048818
  endloop
endfacet
facet normal -7.40231e-17 0.808211 -0.588893
  outer loop
    vertex -3.3135894129452 14.87608481427002 -27.97748338048818
    vertex -0.003761116748872695 14.91621288047385 -27.92241064124355
    vertex -1.694990715577475 13.26122833104509 -30.19375190353166
  endloop
endfacet
facet normal -9.66833e-17 0.808211 -0.588893
  outer loop
    vertex -0.003761116748872695 14.91621288047385 -27.92241064124355
    vertex 1.61483758061885 13.30135639724892 -30.13867916428703
    vertex -1.694990715577475 13.26122833104509 -30.19375190353166
  endloop
endfacet
facet normal -7.40231e-17 0.808211 -0.588893
  outer loop
    vertex -0.003761116748872695 14.91621288047385 -27.92241064124355
    vertex 3.306067179447453 14.95634094667768 -27.86733790199892
    vertex 1.61483758061885 13.30135639724892 -30.13867916428703
  endloop
endfacet
facet normal -5.28737e-17 0.808211 -0.588893
  outer loop
    vertex -1.694990715577475 13.26122833104509 -30.19375190353166
    vertex 1.61483758061885 13.30135639724892 -30.13867916428703
    vertex -0.07639201820975217 11.64637184782016 -32.41002042657514
  endloop
endfacet
facet normal 1.33811e-15 0.808211 -0.588893
  outer loop
    vertex -3.3135894129452 14.87608481427002 -27.97748338048818
    vertex -4.040515196983153 16.25892270431671 -26.07964284789674
    vertex -1.710269119219433 16.12782731382275 -26.25956136727354
  endloop
endfacet
facet normal 1.29629e-15 0.808211 -0.588893
  outer loop
    vertex -4.040515196983153 16.25892270431671 -26.07964284789674
    vertex -2.437194903257385 17.51066520386945 -24.36172083468209
    vertex -1.710269119219433 16.12782731382275 -26.25956136727354
  endloop
endfacet
facet normal 8.36317e-17 0.808211 -0.588893
  outer loop
    vertex -4.040515196983153 16.25892270431671 -26.07964284789674
    vertex -4.767440981021105 17.64176059436341 -24.18180231530529
    vertex -2.437194903257385 17.51066520386945 -24.36172083468209
  endloop
endfacet
facet normal 3.34527e-16 0.808211 -0.588893
  outer loop
    vertex -1.710269119219433 16.12782731382275 -26.25956136727354
    vertex -2.437194903257385 17.51066520386945 -24.36172083468209
    vertex -0.1069488254936637 17.37956981337548 -24.54163935405889
  endloop
endfacet
facet normal 2.35929e-17 0.808211 -0.588893
  outer loop
    vertex -2.975152543807333 8.729440884912584 -36.41328780304981
    vertex -1.525772281008543 10.18790636636637 -34.41165411481248
    vertex 1.529008006193809e-14 8.855274311047301 -36.24059093222191
  endloop
endfacet
facet normal 0 0.808211 -0.588893
  outer loop
    vertex -1.525772281008543 10.18790636636637 -34.41165411481248
    vertex 1.449380262798805 10.18790636636637 -34.41165411481248
    vertex 1.529008006193809e-14 8.855274311047301 -36.24059093222191
  endloop
endfacet
facet normal 0 0.808211 -0.588893
  outer loop
    vertex -1.525772281008543 10.18790636636637 -34.41165411481248
    vertex -0.07639201820975217 11.64637184782016 -32.41002042657514
    vertex 1.449380262798805 10.18790636636637 -34.41165411481248
  endloop
endfacet
facet normal -2.36476e-17 0.808211 -0.588893
  outer loop
    vertex 1.529008006193809e-14 8.855274311047301 -36.24059093222191
    vertex 1.449380262798805 10.18790636636637 -34.41165411481248
    vertex 2.975152543807363 8.729440884912584 -36.41328780304981
  endloop
endfacet
facet normal 0 0.808211 -0.588893
  outer loop
    vertex 2.916666666666666 20 -20.94529689280753
    vertex 1.404858920586501 18.68978490668774 -22.74346812343321
    vertex 0 20 -20.94529689280753
  endloop
endfacet
facet normal 0 0.808211 -0.588893
  outer loop
    vertex 1.404858920586501 18.68978490668774 -22.74346812343321
    vertex -1.511807746080166 18.68978490668774 -22.74346812343321
    vertex 0 20 -20.94529689280753
  endloop
endfacet
facet normal 0 0.808211 -0.588893
  outer loop
    vertex 1.404858920586501 18.68978490668774 -22.74346812343321
    vertex -0.1069488254936637 17.37956981337548 -24.54163935405889
    vertex -1.511807746080166 18.68978490668774 -22.74346812343321
  endloop
endfacet
facet normal 0 0.808211 -0.588893
  outer loop
    vertex 0 20 -20.94529689280753
    vertex -1.511807746080166 18.68978490668774 -22.74346812343321
    vertex -2.916666666666668 20 -20.94529689280753
  endloop
endfacet
facet normal -6.64759e-16 0.808211 -0.588893
  outer loop
    vertex 8.75 11.9062966883431 -32.05329321992104
    vertex 6.028033589723726 13.43131881751039 -29.96031556095998
    vertex 8.75 13.92972251625732 -29.27629413814267
  endloop
endfacet
facet normal -8.78432e-16 0.808211 -0.588893
  outer loop
    vertex 6.028033589723726 13.43131881751039 -29.96031556095998
    vertex 6.028033589723726 15.45474464542461 -27.18331647918161
    vertex 8.75 13.92972251625732 -29.27629413814267
  endloop
endfacet
facet normal 6.64759e-16 0.808211 -0.588893
  outer loop
    vertex 6.028033589723726 13.43131881751039 -29.96031556095998
    vertex 3.306067179447453 14.95634094667768 -27.86733790199892
    vertex 6.028033589723726 15.45474464542461 -27.18331647918161
  endloop
endfacet
facet normal -1.32952e-15 0.808211 -0.588893
  outer loop
    vertex 8.75 13.92972251625732 -29.27629413814267
    vertex 6.028033589723726 15.45474464542461 -27.18331647918161
    vertex 8.75 15.95314834417154 -26.4992950563643
  endloop
endfacet
facet normal 1.94719e-16 0.808211 -0.588893
  outer loop
    vertex -8.75 20 -20.94529689280753
    vertex -6.758720490510552 18.8208802971817 -22.56354960405641
    vertex -8.75 17.97657417208577 -23.72229597458591
  endloop
endfacet
facet normal 6.49063e-17 0.808211 -0.588893
  outer loop
    vertex -6.758720490510552 18.8208802971817 -22.56354960405641
    vertex -6.758720490510552 16.79745446926747 -25.34054868583479
    vertex -8.75 17.97657417208577 -23.72229597458591
  endloop
endfacet
facet normal 0 0.808211 -0.588893
  outer loop
    vertex -6.758720490510552 18.8208802971817 -22.56354960405641
    vertex -4.767440981021105 17.64176059436341 -24.18180231530529
    vertex -6.758720490510552 16.79745446926747 -25.34054868583479
  endloop
endfacet
facet normal 1.94719e-16 0.808211 -0.588893
  outer loop
    vertex -8.75 17.97657417208577 -23.72229597458591
    vertex -6.758720490510552 16.79745446926747 -25.34054868583479
    vertex -8.75 15.95314834417154 -26.4992950563643
  endloop
endfacet
facet normal -5.77733e-16 0.808211 -0.588893
  outer loop
    vertex 8.75 15.95314834417154 -26.4992950563643
    vertex 6.736578502062045 16.80548008250824 -25.32953413798587
    vertex 8.75 17.97657417208577 -23.72229597458591
  endloop
endfacet
facet normal -1.92578e-16 0.808211 -0.588893
  outer loop
    vertex 6.736578502062045 16.80548008250824 -25.32953413798587
    vertex 6.736578502062045 18.82890591042247 -22.55253505620748
    vertex 8.75 17.97657417208577 -23.72229597458591
  endloop
endfacet
facet normal -1.92578e-16 0.808211 -0.588893
  outer loop
    vertex 6.736578502062045 16.80548008250824 -25.32953413798587
    vertex 4.723157004124091 17.65781182084494 -24.15977321960743
    vertex 6.736578502062045 18.82890591042247 -22.55253505620748
  endloop
endfacet
facet normal -1.92578e-16 0.808211 -0.588893
  outer loop
    vertex 8.75 17.97657417208577 -23.72229597458591
    vertex 6.736578502062045 18.82890591042247 -22.55253505620748
    vertex 8.75 20 -20.94529689280753
  endloop
endfacet
facet normal 5.94357e-16 0.808211 -0.588893
  outer loop
    vertex -8.75 15.95314834417154 -26.4992950563643
    vertex -6.031794706472599 15.41461657922078 -27.23838921842624
    vertex -8.75 13.92972251625732 -29.27629413814267
  endloop
endfacet
facet normal 5.70582e-16 0.808211 -0.588893
  outer loop
    vertex -6.031794706472599 15.41461657922078 -27.23838921842624
    vertex -6.031794706472599 13.39119075130656 -30.01538830020461
    vertex -8.75 13.92972251625732 -29.27629413814267
  endloop
endfacet
facet normal 7.13228e-17 0.808211 -0.588893
  outer loop
    vertex -6.031794706472599 15.41461657922078 -27.23838921842624
    vertex -3.3135894129452 14.87608481427002 -27.97748338048818
    vertex -6.031794706472599 13.39119075130656 -30.01538830020461
  endloop
endfacet
facet normal 4.51711e-16 0.808211 -0.588893
  outer loop
    vertex -8.75 13.92972251625732 -29.27629413814267
    vertex -6.031794706472599 13.39119075130656 -30.01538830020461
    vertex -8.75 11.9062966883431 -32.05329321992104
  endloop
endfacet
facet normal 5.82476e-16 0.808211 -0.588893
  outer loop
    vertex -8.75 15.95314834417154 -26.4992950563643
    vertex -6.758720490510552 16.79745446926747 -25.34054868583479
    vertex -6.031794706472599 15.41461657922078 -27.23838921842624
  endloop
endfacet
facet normal -2.71822e-16 0.808211 -0.588893
  outer loop
    vertex -6.758720490510552 16.79745446926747 -25.34054868583479
    vertex -4.040515196983153 16.25892270431671 -26.07964284789674
    vertex -6.031794706472599 15.41461657922078 -27.23838921842624
  endloop
endfacet
facet normal -3.88317e-17 0.808211 -0.588893
  outer loop
    vertex -6.758720490510552 16.79745446926747 -25.34054868583479
    vertex -4.767440981021105 17.64176059436341 -24.18180231530529
    vertex -4.040515196983153 16.25892270431671 -26.07964284789674
  endloop
endfacet
facet normal -9.70793e-17 0.808211 -0.588893
  outer loop
    vertex -6.031794706472599 15.41461657922078 -27.23838921842624
    vertex -4.040515196983153 16.25892270431671 -26.07964284789674
    vertex -3.3135894129452 14.87608481427002 -27.97748338048818
  endloop
endfacet
facet normal -1.13668e-16 0.808211 -0.588893
  outer loop
    vertex -0.1069488254936637 17.37956981337548 -24.54163935405889
    vertex 2.308104089315213 17.51869081711021 -24.35070628683316
    vertex 1.599559176976895 16.16795538002658 -26.2044886280289
  endloop
endfacet
facet normal -8.26676e-17 0.808211 -0.588893
  outer loop
    vertex 2.308104089315213 17.51869081711021 -24.35070628683316
    vertex 4.014612091785771 16.30707638376131 -26.01355556080317
    vertex 1.599559176976895 16.16795538002658 -26.2044886280289
  endloop
endfacet
facet normal -1.13668e-16 0.808211 -0.588893
  outer loop
    vertex 2.308104089315213 17.51869081711021 -24.35070628683316
    vertex 4.723157004124091 17.65781182084494 -24.15977321960743
    vertex 4.014612091785771 16.30707638376131 -26.01355556080317
  endloop
endfacet
facet normal -1.13668e-16 0.808211 -0.588893
  outer loop
    vertex 1.599559176976895 16.16795538002658 -26.2044886280289
    vertex 4.014612091785771 16.30707638376131 -26.01355556080317
    vertex 3.306067179447453 14.95634094667768 -27.86733790199892
  endloop
endfacet
facet normal -8.85337e-17 0.808211 -0.588893
  outer loop
    vertex 2.916666666666666 20 -20.94529689280753
    vertex 3.819911835395379 18.82890591042247 -22.55253505620748
    vertex 1.404858920586501 18.68978490668774 -22.74346812343321
  endloop
endfacet
facet normal -7.7467e-17 0.808211 -0.588893
  outer loop
    vertex 3.819911835395379 18.82890591042247 -22.55253505620748
    vertex 2.308104089315213 17.51869081711021 -24.35070628683316
    vertex 1.404858920586501 18.68978490668774 -22.74346812343321
  endloop
endfacet
facet normal -8.85337e-17 0.808211 -0.588893
  outer loop
    vertex 3.819911835395379 18.82890591042247 -22.55253505620748
    vertex 4.723157004124091 17.65781182084494 -24.15977321960743
    vertex 2.308104089315213 17.51869081711021 -24.35070628683316
  endloop
endfacet
facet normal -8.85337e-17 0.808211 -0.588893
  outer loop
    vertex 1.404858920586501 18.68978490668774 -22.74346812343321
    vertex 2.308104089315213 17.51869081711021 -24.35070628683316
    vertex -0.1069488254936637 17.37956981337548 -24.54163935405889
  endloop
endfacet
facet normal 4.50081e-16 0.808211 -0.588893
  outer loop
    vertex -0.1069488254936637 17.37956981337548 -24.54163935405889
    vertex -2.437194903257385 17.51066520386945 -24.36172083468209
    vertex -1.511807746080166 18.68978490668774 -22.74346812343321
  endloop
endfacet
facet normal 9.11556e-17 0.808211 -0.588893
  outer loop
    vertex -2.437194903257385 17.51066520386945 -24.36172083468209
    vertex -3.842053823843887 18.8208802971817 -22.56354960405641
    vertex -1.511807746080166 18.68978490668774 -22.74346812343321
  endloop
endfacet
facet normal 1.31036e-16 0.808211 -0.588893
  outer loop
    vertex -2.437194903257385 17.51066520386945 -24.36172083468209
    vertex -4.767440981021105 17.64176059436341 -24.18180231530529
    vertex -3.842053823843887 18.8208802971817 -22.56354960405641
  endloop
endfacet
facet normal 9.11556e-17 0.808211 -0.588893
  outer loop
    vertex -1.511807746080166 18.68978490668774 -22.74346812343321
    vertex -3.842053823843887 18.8208802971817 -22.56354960405641
    vertex -2.916666666666668 20 -20.94529689280753
  endloop
endfacet
facet normal 7.67209e-16 0.808211 -0.588893
  outer loop
    vertex 3.306067179447453 14.95634094667768 -27.86733790199892
    vertex 4.014612091785771 16.30707638376131 -26.01355556080317
    vertex 6.028033589723726 15.45474464542461 -27.18331647918161
  endloop
endfacet
facet normal 2.55736e-16 0.808211 -0.588893
  outer loop
    vertex 4.014612091785771 16.30707638376131 -26.01355556080317
    vertex 6.736578502062045 16.80548008250824 -25.32953413798587
    vertex 6.028033589723726 15.45474464542461 -27.18331647918161
  endloop
endfacet
facet normal -7.86881e-17 0.808211 -0.588893
  outer loop
    vertex 4.014612091785771 16.30707638376131 -26.01355556080317
    vertex 4.723157004124091 17.65781182084494 -24.15977321960743
    vertex 6.736578502062045 16.80548008250824 -25.32953413798587
  endloop
endfacet
facet normal -1.18032e-15 0.808211 -0.588893
  outer loop
    vertex 6.028033589723726 15.45474464542461 -27.18331647918161
    vertex 6.736578502062045 16.80548008250824 -25.32953413798587
    vertex 8.75 15.95314834417154 -26.4992950563643
  endloop
endfacet
facet normal 0 0.808211 -0.588893
  outer loop
    vertex 8.75 20 -20.94529689280753
    vertex 6.736578502062045 18.82890591042247 -22.55253505620748
    vertex 5.833333333333333 20 -20.94529689280753
  endloop
endfacet
facet normal 0 0.808211 -0.588893
  outer loop
    vertex 6.736578502062045 18.82890591042247 -22.55253505620748
    vertex 3.819911835395379 18.82890591042247 -22.55253505620748
    vertex 5.833333333333333 20 -20.94529689280753
  endloop
endfacet
facet normal 0 0.808211 -0.588893
  outer loop
    vertex 6.736578502062045 18.82890591042247 -22.55253505620748
    vertex 4.723157004124091 17.65781182084494 -24.15977321960743
    vertex 3.819911835395379 18.82890591042247 -22.55253505620748
  endloop
endfacet
facet normal 0 0.808211 -0.588893
  outer loop
    vertex 5.833333333333333 20 -20.94529689280753
    vertex 3.819911835395379 18.82890591042247 -22.55253505620748
    vertex 2.916666666666666 20 -20.94529689280753
  endloop
endfacet
facet normal 0 0.808211 -0.588893
  outer loop
    vertex -2.916666666666668 20 -20.94529689280753
    vertex -3.842053823843887 18.8208802971817 -22.56354960405641
    vertex -5.833333333333334 20 -20.94529689280753
  endloop
endfacet
facet normal 0 0.808211 -0.588893
  outer loop
    vertex -3.842053823843887 18.8208802971817 -22.56354960405641
    vertex -6.758720490510552 18.8208802971817 -22.56354960405641
    vertex -5.833333333333334 20 -20.94529689280753
  endloop
endfacet
facet normal 0 0.808211 -0.588893
  outer loop
    vertex -3.842053823843887 18.8208802971817 -22.56354960405641
    vertex -4.767440981021105 17.64176059436341 -24.18180231530529
    vertex -6.758720490510552 18.8208802971817 -22.56354960405641
  endloop
endfacet
facet normal 0 0.808211 -0.588893
  outer loop
    vertex -5.833333333333334 20 -20.94529689280753
    vertex -6.758720490510552 18.8208802971817 -22.56354960405641
    vertex -8.75 20 -20.94529689280753
  endloop
endfacet
facet normal 0 1 0
  outer loop
    vertex 1.77635683940025e-15 20 -8.051814855409225
    vertex 2.209311963091121 20 -9.999690732684272
    vertex 0 20 -11.89740293707042
  endloop
endfacet
facet normal 0 1 0
  outer loop
    vertex 2.209311963091121 20 -9.999690732684272
    vertex 2.209311963091119 20 -13.84527881434546
    vertex 0 20 -11.89740293707042
  endloop
endfacet
facet normal 0 1 0
  outer loop
    vertex 2.209311963091121 20 -9.999690732684272
    vertex 4.418623926182242 20 -11.94756660995932
    vertex 2.209311963091119 20 -13.84527881434546
  endloop
endfacet
facet normal 0 1 0
  outer loop
    vertex 0 20 -11.89740293707042
    vertex 2.209311963091119 20 -13.84527881434546
    vertex -3.552713678800501e-15 20 -15.74299101873161
  endloop
endfacet
facet normal 0 1 -0
  outer loop
    vertex -3.552713678800501e-15 20 -15.74299101873161
    vertex -2.209311963091123 20 -13.84527881434546
    vertex 0 20 -11.89740293707042
  endloop
endfacet
facet normal 0 1 0
  outer loop
    vertex -2.209311963091123 20 -13.84527881434546
    vertex -2.20931196309112 20 -9.999690732684268
    vertex 0 20 -11.89740293707042
  endloop
endfacet
facet normal 0 1 -0
  outer loop
    vertex -2.209311963091123 20 -13.84527881434546
    vertex -4.418623926182242 20 -11.94756660995931
    vertex -2.20931196309112 20 -9.999690732684268
  endloop
endfacet
facet normal 0 1 -0
  outer loop
    vertex 0 20 -11.89740293707042
    vertex -2.20931196309112 20 -9.999690732684268
    vertex 1.77635683940025e-15 20 -8.051814855409225
  endloop
endfacet
facet normal 0 1 0
  outer loop
    vertex 2.916666666666668 20 -3
    vertex 1.458333333333336 20 -5.525907427704613
    vertex 0 20 -3
  endloop
endfacet
facet normal 0 1 0
  outer loop
    vertex 1.458333333333336 20 -5.525907427704613
    vertex -1.458333333333332 20 -5.525907427704613
    vertex 0 20 -3
  endloop
endfacet
facet normal 0 1 0
  outer loop
    vertex 1.458333333333336 20 -5.525907427704613
    vertex 1.77635683940025e-15 20 -8.051814855409225
    vertex -1.458333333333332 20 -5.525907427704613
  endloop
endfacet
facet normal 0 1 0
  outer loop
    vertex 0 20 -3
    vertex -1.458333333333332 20 -5.525907427704613
    vertex -2.916666666666666 20 -3
  endloop
endfacet
facet normal 0 1 0
  outer loop
    vertex -2.916666666666668 20 -20.94529689280753
    vertex -1.458333333333336 20 -18.34414395576957
    vertex 0 20 -20.94529689280753
  endloop
endfacet
facet normal -0 1 0
  outer loop
    vertex -1.458333333333336 20 -18.34414395576957
    vertex 1.458333333333332 20 -18.34414395576957
    vertex 0 20 -20.94529689280753
  endloop
endfacet
facet normal 0 1 0
  outer loop
    vertex -1.458333333333336 20 -18.34414395576957
    vertex -3.552713678800501e-15 20 -15.74299101873161
    vertex 1.458333333333332 20 -18.34414395576957
  endloop
endfacet
facet normal 0 1 0
  outer loop
    vertex 0 20 -20.94529689280753
    vertex 1.458333333333332 20 -18.34414395576957
    vertex 2.916666666666666 20 -20.94529689280753
  endloop
endfacet
facet normal 0 1 -0
  outer loop
    vertex 8.75 20 -14.96353126187169
    vertex 6.584311963091121 20 -13.45554893591551
    vertex 8.75 20 -11.97264844640377
  endloop
endfacet
facet normal 0 1 0
  outer loop
    vertex 6.584311963091121 20 -13.45554893591551
    vertex 6.584311963091121 20 -10.46466612044759
    vertex 8.75 20 -11.97264844640377
  endloop
endfacet
facet normal 0 1 -0
  outer loop
    vertex 6.584311963091121 20 -13.45554893591551
    vertex 4.418623926182242 20 -11.94756660995932
    vertex 6.584311963091121 20 -10.46466612044759
  endloop
endfacet
facet normal 0 1 -0
  outer loop
    vertex 8.75 20 -11.97264844640377
    vertex 6.584311963091121 20 -10.46466612044759
    vertex 8.75 20 -8.981765630935858
  endloop
endfacet
facet normal 0 1 0
  outer loop
    vertex -8.75 20 -8.981765630935834
    vertex -6.584311963091121 20 -10.46466612044757
    vertex -8.75 20 -11.97264844640375
  endloop
endfacet
facet normal 0 1 0
  outer loop
    vertex -6.584311963091121 20 -10.46466612044757
    vertex -6.584311963091121 20 -13.45554893591549
    vertex -8.75 20 -11.97264844640375
  endloop
endfacet
facet normal 0 1 0
  outer loop
    vertex -6.584311963091121 20 -10.46466612044757
    vertex -4.418623926182242 20 -11.94756660995931
    vertex -6.584311963091121 20 -13.45554893591549
  endloop
endfacet
facet normal 0 1 0
  outer loop
    vertex -8.75 20 -11.97264844640375
    vertex -6.584311963091121 20 -13.45554893591549
    vertex -8.75 20 -14.96353126187167
  endloop
endfacet
facet normal 0 1 0
  outer loop
    vertex -8.75 20 -14.96353126187167
    vertex -6.627935889273364 20 -15.81171179263245
    vertex -8.75 20 -17.9544140773396
  endloop
endfacet
facet normal 0 1 0
  outer loop
    vertex -6.627935889273364 20 -15.81171179263245
    vertex -6.627935889273364 20 -18.80259460810038
    vertex -8.75 20 -17.9544140773396
  endloop
endfacet
facet normal 0 1 0
  outer loop
    vertex -6.627935889273364 20 -15.81171179263245
    vertex -4.505871778546728 20 -16.65989232339323
    vertex -6.627935889273364 20 -18.80259460810038
  endloop
endfacet
facet normal 0 1 0
  outer loop
    vertex -8.75 20 -17.9544140773396
    vertex -6.627935889273364 20 -18.80259460810038
    vertex -8.75 20 -20.94529689280753
  endloop
endfacet
facet normal 0 1 -0
  outer loop
    vertex 8.75 20 -8.981765630935858
    vertex 6.627935889273363 20 -8.133585100175077
    vertex 8.75 20 -5.990882815467929
  endloop
endfacet
facet normal 0 1 0
  outer loop
    vertex 6.627935889273363 20 -8.133585100175077
    vertex 6.627935889273363 20 -5.142702284707148
    vertex 8.75 20 -5.990882815467929
  endloop
endfacet
facet normal 0 1 -0
  outer loop
    vertex 6.627935889273363 20 -8.133585100175077
    vertex 4.505871778546728 20 -7.285404569414297
    vertex 6.627935889273363 20 -5.142702284707148
  endloop
endfacet
facet normal 0 1 -0
  outer loop
    vertex 8.75 20 -5.990882815467929
    vertex 6.627935889273363 20 -5.142702284707148
    vertex 8.75 20 -3
  endloop
endfacet
facet normal 0 1 -0
  outer loop
    vertex 8.75 20 -20.94529689280753
    vertex 6.62793588927336 20 -18.80259460810038
    vertex 8.75 20 -17.95441407733961
  endloop
endfacet
facet normal 0 1 0
  outer loop
    vertex 6.62793588927336 20 -18.80259460810038
    vertex 6.62793588927336 20 -15.81171179263246
    vertex 8.75 20 -17.95441407733961
  endloop
endfacet
facet normal 0 1 -0
  outer loop
    vertex 6.62793588927336 20 -18.80259460810038
    vertex 4.505871778546718 20 -16.65989232339323
    vertex 6.62793588927336 20 -15.81171179263246
  endloop
endfacet
facet normal 0 1 -0
  outer loop
    vertex 8.75 20 -17.95441407733961
    vertex 6.62793588927336 20 -15.81171179263246
    vertex 8.75 20 -14.96353126187169
  endloop
endfacet
facet normal 0 1 0
  outer loop
    vertex -8.75 20 -3
    vertex -6.627935889273362 20 -5.142702284707148
    vertex -8.75 20 -5.990882815467917
  endloop
endfacet
facet normal 0 1 0
  outer loop
    vertex -6.627935889273362 20 -5.142702284707148
    vertex -6.627935889273362 20 -8.133585100175067
    vertex -8.75 20 -5.990882815467917
  endloop
endfacet
facet normal 0 1 0
  outer loop
    vertex -6.627935889273362 20 -5.142702284707148
    vertex -4.505871778546723 20 -7.285404569414299
    vertex -6.627935889273362 20 -8.133585100175067
  endloop
endfacet
facet normal 0 1 0
  outer loop
    vertex -8.75 20 -5.990882815467917
    vertex -6.627935889273362 20 -8.133585100175067
    vertex -8.75 20 -8.981765630935834
  endloop
endfacet
facet normal 0 1 0
  outer loop
    vertex 2.916666666666666 20 -20.94529689280753
    vertex 3.711269222606692 20 -18.80259460810038
    vertex 5.833333333333333 20 -20.94529689280753
  endloop
endfacet
facet normal -0 1 0
  outer loop
    vertex 3.711269222606692 20 -18.80259460810038
    vertex 6.62793588927336 20 -18.80259460810038
    vertex 5.833333333333333 20 -20.94529689280753
  endloop
endfacet
facet normal 0 1 0
  outer loop
    vertex 3.711269222606692 20 -18.80259460810038
    vertex 4.505871778546718 20 -16.65989232339323
    vertex 6.62793588927336 20 -18.80259460810038
  endloop
endfacet
facet normal 0 1 0
  outer loop
    vertex 5.833333333333333 20 -20.94529689280753
    vertex 6.62793588927336 20 -18.80259460810038
    vertex 8.75 20 -20.94529689280753
  endloop
endfacet
facet normal 0 1 0
  outer loop
    vertex -2.916666666666666 20 -3
    vertex -3.711269222606695 20 -5.142702284707148
    vertex -5.833333333333333 20 -3
  endloop
endfacet
facet normal 0 1 0
  outer loop
    vertex -3.711269222606695 20 -5.142702284707148
    vertex -6.627935889273362 20 -5.142702284707148
    vertex -5.833333333333333 20 -3
  endloop
endfacet
facet normal 0 1 0
  outer loop
    vertex -3.711269222606695 20 -5.142702284707148
    vertex -4.505871778546723 20 -7.285404569414299
    vertex -6.627935889273362 20 -5.142702284707148
  endloop
endfacet
facet normal 0 1 0
  outer loop
    vertex -5.833333333333333 20 -3
    vertex -6.627935889273362 20 -5.142702284707148
    vertex -8.75 20 -3
  endloop
endfacet
facet normal 0 1 0
  outer loop
    vertex -8.75 20 -20.94529689280753
    vertex -6.627935889273364 20 -18.80259460810038
    vertex -5.833333333333334 20 -20.94529689280753
  endloop
endfacet
facet normal -0 1 0
  outer loop
    vertex -6.627935889273364 20 -18.80259460810038
    vertex -3.711269222606698 20 -18.80259460810038
    vertex -5.833333333333334 20 -20.94529689280753
  endloop
endfacet
facet normal 0 1 0
  outer loop
    vertex -6.627935889273364 20 -18.80259460810038
    vertex -4.505871778546728 20 -16.65989232339323
    vertex -3.711269222606698 20 -18.80259460810038
  endloop
endfacet
facet normal 0 1 0
  outer loop
    vertex -5.833333333333334 20 -20.94529689280753
    vertex -3.711269222606698 20 -18.80259460810038
    vertex -2.916666666666668 20 -20.94529689280753
  endloop
endfacet
facet normal 0 1 0
  outer loop
    vertex 8.75 20 -3
    vertex 6.627935889273363 20 -5.142702284707148
    vertex 5.833333333333336 20 -3
  endloop
endfacet
facet normal 0 1 0
  outer loop
    vertex 6.627935889273363 20 -5.142702284707148
    vertex 3.711269222606699 20 -5.142702284707148
    vertex 5.833333333333336 20 -3
  endloop
endfacet
facet normal 0 1 0
  outer loop
    vertex 6.627935889273363 20 -5.142702284707148
    vertex 4.505871778546728 20 -7.285404569414297
    vertex 3.711269222606699 20 -5.142702284707148
  endloop
endfacet
facet normal 0 1 0
  outer loop
    vertex 5.833333333333336 20 -3
    vertex 3.711269222606699 20 -5.142702284707148
    vertex 2.916666666666668 20 -3
  endloop
endfacet
facet normal 0 1 0
  outer loop
    vertex -3.552713678800501e-15 20 -15.74299101873161
    vertex 2.252935889273356 20 -16.20144167106242
    vertex 1.458333333333332 20 -18.34414395576957
  endloop
endfacet
facet normal 0 1 0
  outer loop
    vertex 2.252935889273356 20 -16.20144167106242
    vertex 3.711269222606692 20 -18.80259460810038
    vertex 1.458333333333332 20 -18.34414395576957
  endloop
endfacet
facet normal 0 1 0
  outer loop
    vertex 2.252935889273356 20 -16.20144167106242
    vertex 4.505871778546718 20 -16.65989232339323
    vertex 3.711269222606692 20 -18.80259460810038
  endloop
endfacet
facet normal 0 1 0
  outer loop
    vertex 1.458333333333332 20 -18.34414395576957
    vertex 3.711269222606692 20 -18.80259460810038
    vertex 2.916666666666666 20 -20.94529689280753
  endloop
endfacet
facet normal 0 1 -0
  outer loop
    vertex -2.916666666666668 20 -20.94529689280753
    vertex -3.711269222606698 20 -18.80259460810038
    vertex -1.458333333333336 20 -18.34414395576957
  endloop
endfacet
facet normal 0 1 0
  outer loop
    vertex -3.711269222606698 20 -18.80259460810038
    vertex -2.252935889273366 20 -16.20144167106242
    vertex -1.458333333333336 20 -18.34414395576957
  endloop
endfacet
facet normal 0 1 -0
  outer loop
    vertex -3.711269222606698 20 -18.80259460810038
    vertex -4.505871778546728 20 -16.65989232339323
    vertex -2.252935889273366 20 -16.20144167106242
  endloop
endfacet
facet normal 0 1 -0
  outer loop
    vertex -1.458333333333336 20 -18.34414395576957
    vertex -2.252935889273366 20 -16.20144167106242
    vertex -3.552713678800501e-15 20 -15.74299101873161
  endloop
endfacet
facet normal 0 1 0
  outer loop
    vertex 1.77635683940025e-15 20 -8.051814855409225
    vertex -2.252935889273361 20 -7.668609712411762
    vertex -1.458333333333332 20 -5.525907427704613
  endloop
endfacet
facet normal 0 1 -0
  outer loop
    vertex -2.252935889273361 20 -7.668609712411762
    vertex -3.711269222606695 20 -5.142702284707148
    vertex -1.458333333333332 20 -5.525907427704613
  endloop
endfacet
facet normal 0 1 0
  outer loop
    vertex -2.252935889273361 20 -7.668609712411762
    vertex -4.505871778546723 20 -7.285404569414299
    vertex -3.711269222606695 20 -5.142702284707148
  endloop
endfacet
facet normal 0 1 0
  outer loop
    vertex -1.458333333333332 20 -5.525907427704613
    vertex -3.711269222606695 20 -5.142702284707148
    vertex -2.916666666666666 20 -3
  endloop
endfacet
facet normal 0 1 0
  outer loop
    vertex 2.916666666666668 20 -3
    vertex 3.711269222606699 20 -5.142702284707148
    vertex 1.458333333333336 20 -5.525907427704613
  endloop
endfacet
facet normal 0 1 0
  outer loop
    vertex 3.711269222606699 20 -5.142702284707148
    vertex 2.252935889273365 20 -7.668609712411762
    vertex 1.458333333333336 20 -5.525907427704613
  endloop
endfacet
facet normal 0 1 0
  outer loop
    vertex 3.711269222606699 20 -5.142702284707148
    vertex 4.505871778546728 20 -7.285404569414297
    vertex 2.252935889273365 20 -7.668609712411762
  endloop
endfacet
facet normal 0 1 0
  outer loop
    vertex 1.458333333333336 20 -5.525907427704613
    vertex 2.252935889273365 20 -7.668609712411762
    vertex 1.77635683940025e-15 20 -8.051814855409225
  endloop
endfacet
facet normal 0 1 0
  outer loop
    vertex 4.418623926182242 20 -11.94756660995932
    vertex 4.462247852364484 20 -9.616485589686807
    vertex 6.584311963091121 20 -10.46466612044759
  endloop
endfacet
facet normal -0 1 0
  outer loop
    vertex 4.462247852364484 20 -9.616485589686807
    vertex 6.627935889273363 20 -8.133585100175077
    vertex 6.584311963091121 20 -10.46466612044759
  endloop
endfacet
facet normal 0 1 0
  outer loop
    vertex 4.462247852364484 20 -9.616485589686807
    vertex 4.505871778546728 20 -7.285404569414297
    vertex 6.627935889273363 20 -8.133585100175077
  endloop
endfacet
facet normal 0 1 0
  outer loop
    vertex 6.584311963091121 20 -10.46466612044759
    vertex 6.627935889273363 20 -8.133585100175077
    vertex 8.75 20 -8.981765630935858
  endloop
endfacet
facet normal 0 1 0
  outer loop
    vertex -4.418623926182242 20 -11.94756660995931
    vertex -4.462247852364485 20 -14.30372946667627
    vertex -6.584311963091121 20 -13.45554893591549
  endloop
endfacet
facet normal 0 1 0
  outer loop
    vertex -4.462247852364485 20 -14.30372946667627
    vertex -6.627935889273364 20 -15.81171179263245
    vertex -6.584311963091121 20 -13.45554893591549
  endloop
endfacet
facet normal 0 1 0
  outer loop
    vertex -4.462247852364485 20 -14.30372946667627
    vertex -4.505871778546728 20 -16.65989232339323
    vertex -6.627935889273364 20 -15.81171179263245
  endloop
endfacet
facet normal 0 1 0
  outer loop
    vertex -6.584311963091121 20 -13.45554893591549
    vertex -6.627935889273364 20 -15.81171179263245
    vertex -8.75 20 -14.96353126187167
  endloop
endfacet
facet normal 0 1 0
  outer loop
    vertex 8.75 20 -14.96353126187169
    vertex 6.62793588927336 20 -15.81171179263246
    vertex 6.584311963091121 20 -13.45554893591551
  endloop
endfacet
facet normal 0 1 0
  outer loop
    vertex 6.62793588927336 20 -15.81171179263246
    vertex 4.462247852364481 20 -14.30372946667627
    vertex 6.584311963091121 20 -13.45554893591551
  endloop
endfacet
facet normal 0 1 0
  outer loop
    vertex 6.62793588927336 20 -15.81171179263246
    vertex 4.505871778546718 20 -16.65989232339323
    vertex 4.462247852364481 20 -14.30372946667627
  endloop
endfacet
facet normal 0 1 0
  outer loop
    vertex 6.584311963091121 20 -13.45554893591551
    vertex 4.462247852364481 20 -14.30372946667627
    vertex 4.418623926182242 20 -11.94756660995932
  endloop
endfacet
facet normal -0 1 0
  outer loop
    vertex -8.75 20 -8.981765630935834
    vertex -6.627935889273362 20 -8.133585100175067
    vertex -6.584311963091121 20 -10.46466612044757
  endloop
endfacet
facet normal 0 1 0
  outer loop
    vertex -6.627935889273362 20 -8.133585100175067
    vertex -4.462247852364483 20 -9.616485589686805
    vertex -6.584311963091121 20 -10.46466612044757
  endloop
endfacet
facet normal -0 1 0
  outer loop
    vertex -6.627935889273362 20 -8.133585100175067
    vertex -4.505871778546723 20 -7.285404569414299
    vertex -4.462247852364483 20 -9.616485589686805
  endloop
endfacet
facet normal -0 1 0
  outer loop
    vertex -6.584311963091121 20 -10.46466612044757
    vertex -4.462247852364483 20 -9.616485589686805
    vertex -4.418623926182242 20 -11.94756660995931
  endloop
endfacet
facet normal -0 1 0
  outer loop
    vertex 1.77635683940025e-15 20 -8.051814855409225
    vertex 2.252935889273365 20 -7.668609712411762
    vertex 2.209311963091121 20 -9.999690732684272
  endloop
endfacet
facet normal 0 1 0
  outer loop
    vertex 2.252935889273365 20 -7.668609712411762
    vertex 4.462247852364484 20 -9.616485589686807
    vertex 2.209311963091121 20 -9.999690732684272
  endloop
endfacet
facet normal -0 1 0
  outer loop
    vertex 2.252935889273365 20 -7.668609712411762
    vertex 4.505871778546728 20 -7.285404569414297
    vertex 4.462247852364484 20 -9.616485589686807
  endloop
endfacet
facet normal -0 1 0
  outer loop
    vertex 2.209311963091121 20 -9.999690732684272
    vertex 4.462247852364484 20 -9.616485589686807
    vertex 4.418623926182242 20 -11.94756660995932
  endloop
endfacet
facet normal 0 1 0
  outer loop
    vertex -3.552713678800501e-15 20 -15.74299101873161
    vertex -2.252935889273366 20 -16.20144167106242
    vertex -2.209311963091123 20 -13.84527881434546
  endloop
endfacet
facet normal 0 1 -0
  outer loop
    vertex -2.252935889273366 20 -16.20144167106242
    vertex -4.462247852364485 20 -14.30372946667627
    vertex -2.209311963091123 20 -13.84527881434546
  endloop
endfacet
facet normal 0 1 0
  outer loop
    vertex -2.252935889273366 20 -16.20144167106242
    vertex -4.505871778546728 20 -16.65989232339323
    vertex -4.462247852364485 20 -14.30372946667627
  endloop
endfacet
facet normal 0 1 0
  outer loop
    vertex -2.209311963091123 20 -13.84527881434546
    vertex -4.462247852364485 20 -14.30372946667627
    vertex -4.418623926182242 20 -11.94756660995931
  endloop
endfacet
facet normal 0 1 -0
  outer loop
    vertex -4.418623926182242 20 -11.94756660995931
    vertex -4.462247852364483 20 -9.616485589686805
    vertex -2.20931196309112 20 -9.999690732684268
  endloop
endfacet
facet normal -0 1 0
  outer loop
    vertex -4.462247852364483 20 -9.616485589686805
    vertex -2.252935889273361 20 -7.668609712411762
    vertex -2.20931196309112 20 -9.999690732684268
  endloop
endfacet
facet normal 0 1 -0
  outer loop
    vertex -4.462247852364483 20 -9.616485589686805
    vertex -4.505871778546723 20 -7.285404569414299
    vertex -2.252935889273361 20 -7.668609712411762
  endloop
endfacet
facet normal 0 1 -0
  outer loop
    vertex -2.20931196309112 20 -9.999690732684268
    vertex -2.252935889273361 20 -7.668609712411762
    vertex 1.77635683940025e-15 20 -8.051814855409225
  endloop
endfacet
facet normal 0 1 0
  outer loop
    vertex 4.418623926182242 20 -11.94756660995932
    vertex 4.462247852364481 20 -14.30372946667627
    vertex 2.209311963091119 20 -13.84527881434546
  endloop
endfacet
facet normal 0 1 0
  outer loop
    vertex 4.462247852364481 20 -14.30372946667627
    vertex 2.252935889273356 20 -16.20144167106242
    vertex 2.209311963091119 20 -13.84527881434546
  endloop
endfacet
facet normal 0 1 0
  outer loop
    vertex 4.462247852364481 20 -14.30372946667627
    vertex 4.505871778546718 20 -16.65989232339323
    vertex 2.252935889273356 20 -16.20144167106242
  endloop
endfacet
facet normal 0 1 0
  outer loop
    vertex 2.209311963091119 20 -13.84527881434546
    vertex 2.252935889273356 20 -16.20144167106242
    vertex -3.552713678800501e-15 20 -15.74299101873161
  endloop
endfacet
facet normal 0 1 0
  outer loop
    vertex 5.874999999999972 23 0
    vertex 7.343749999999979 23 -0.75
    vertex 5.874999999999972 23 -1.5
  endloop
endfacet
facet normal 0 1 0
  outer loop
    vertex 7.343749999999979 23 -0.75
    vertex 7.343749999999979 23 -2.25
    vertex 5.874999999999972 23 -1.5
  endloop
endfacet
facet normal 0 1 0
  outer loop
    vertex 7.343749999999979 23 -0.75
    vertex 8.812499999999986 23 -1.5
    vertex 7.343749999999979 23 -2.25
  endloop
endfacet
facet normal 0 1 0
  outer loop
    vertex 5.874999999999972 23 -1.5
    vertex 7.343749999999979 23 -2.25
    vertex 5.874999999999972 23 -3
  endloop
endfacet
facet normal 0 1 -0
  outer loop
    vertex 5.874999999999972 23 -3
    vertex 4.406249999999968 23 -2.25
    vertex 5.874999999999972 23 -1.5
  endloop
endfacet
facet normal 0 1 0
  outer loop
    vertex 4.406249999999968 23 -2.25
    vertex 4.406249999999968 23 -0.75
    vertex 5.874999999999972 23 -1.5
  endloop
endfacet
facet normal 0 1 -0
  outer loop
    vertex 4.406249999999968 23 -2.25
    vertex 2.937499999999966 23 -1.5
    vertex 4.406249999999968 23 -0.75
  endloop
endfacet
facet normal 0 1 -0
  outer loop
    vertex 5.874999999999972 23 -1.5
    vertex 4.406249999999968 23 -0.75
    vertex 5.874999999999972 23 0
  endloop
endfacet
facet normal 0 1 0
  outer loop
    vertex -3.730349362740526e-14 23 0
    vertex 1.468749999999964 23 -0.75
    vertex -3.730349362740526e-14 23 -1.5
  endloop
endfacet
facet normal 0 1 0
  outer loop
    vertex 1.468749999999964 23 -0.75
    vertex 1.468749999999964 23 -2.25
    vertex -3.730349362740526e-14 23 -1.5
  endloop
endfacet
facet normal 0 1 0
  outer loop
    vertex 1.468749999999964 23 -0.75
    vertex 2.937499999999966 23 -1.5
    vertex 1.468749999999964 23 -2.25
  endloop
endfacet
facet normal 0 1 0
  outer loop
    vertex -3.730349362740526e-14 23 -1.5
    vertex 1.468749999999964 23 -2.25
    vertex -3.730349362740526e-14 23 -3
  endloop
endfacet
facet normal 0 1 0
  outer loop
    vertex -11.75 23 0
    vertex -10.28125 23 -0.75
    vertex -11.75 23 -1.5
  endloop
endfacet
facet normal 0 1 0
  outer loop
    vertex -10.28125 23 -0.75
    vertex -10.28125 23 -2.25
    vertex -11.75 23 -1.5
  endloop
endfacet
facet normal 0 1 0
  outer loop
    vertex -10.28125 23 -0.75
    vertex -8.812500000000007 23 -1.5
    vertex -10.28125 23 -2.25
  endloop
endfacet
facet normal 0 1 0
  outer loop
    vertex -11.75 23 -1.5
    vertex -10.28125 23 -2.25
    vertex -11.75 23 -3
  endloop
endfacet
facet normal 0 1 -0
  outer loop
    vertex -5.875000000000016 23 -3
    vertex -7.343750000000012 23 -2.25
    vertex -5.875000000000016 23 -1.5
  endloop
endfacet
facet normal 0 1 0
  outer loop
    vertex -7.343750000000012 23 -2.25
    vertex -7.343750000000012 23 -0.75
    vertex -5.875000000000016 23 -1.5
  endloop
endfacet
facet normal 0 1 -0
  outer loop
    vertex -7.343750000000012 23 -2.25
    vertex -8.812500000000007 23 -1.5
    vertex -7.343750000000012 23 -0.75
  endloop
endfacet
facet normal 0 1 -0
  outer loop
    vertex -5.875000000000016 23 -1.5
    vertex -7.343750000000012 23 -0.75
    vertex -5.875000000000016 23 0
  endloop
endfacet
facet normal 0 1 -0
  outer loop
    vertex -3.730349362740526e-14 23 -3
    vertex -1.468750000000032 23 -2.25
    vertex -3.730349362740526e-14 23 -1.5
  endloop
endfacet
facet normal 0 1 0
  outer loop
    vertex -1.468750000000032 23 -2.25
    vertex -1.468750000000032 23 -0.7499999999999996
    vertex -3.730349362740526e-14 23 -1.5
  endloop
endfacet
facet normal 0 1 -0
  outer loop
    vertex -1.468750000000032 23 -2.25
    vertex -2.937500000000027 23 -1.499999999999999
    vertex -1.468750000000032 23 -0.7499999999999996
  endloop
endfacet
facet normal 0 1 -0
  outer loop
    vertex -3.730349362740526e-14 23 -1.5
    vertex -1.468750000000032 23 -0.7499999999999996
    vertex -3.730349362740526e-14 23 0
  endloop
endfacet
facet normal 0 1 0
  outer loop
    vertex -5.875000000000016 23 0
    vertex -4.406250000000021 23 -0.7499999999999996
    vertex -5.875000000000016 23 -1.5
  endloop
endfacet
facet normal 0 1 0
  outer loop
    vertex -4.406250000000021 23 -0.7499999999999996
    vertex -4.406250000000021 23 -2.25
    vertex -5.875000000000016 23 -1.5
  endloop
endfacet
facet normal 0 1 0
  outer loop
    vertex -4.406250000000021 23 -0.7499999999999996
    vertex -2.937500000000027 23 -1.499999999999999
    vertex -4.406250000000021 23 -2.25
  endloop
endfacet
facet normal 0 1 0
  outer loop
    vertex -5.875000000000016 23 -1.5
    vertex -4.406250000000021 23 -2.25
    vertex -5.875000000000016 23 -3
  endloop
endfacet
facet normal 0 1 -0
  outer loop
    vertex 11.75 23 -3
    vertex 10.28124999999999 23 -2.25
    vertex 11.75 23 -1.5
  endloop
endfacet
facet normal 0 1 0
  outer loop
    vertex 10.28124999999999 23 -2.25
    vertex 10.28124999999999 23 -0.75
    vertex 11.75 23 -1.5
  endloop
endfacet
facet normal 0 1 -0
  outer loop
    vertex 10.28124999999999 23 -2.25
    vertex 8.812499999999986 23 -1.5
    vertex 10.28124999999999 23 -0.75
  endloop
endfacet
facet normal 0 1 -0
  outer loop
    vertex 11.75 23 -1.5
    vertex 10.28124999999999 23 -0.75
    vertex 11.75 23 0
  endloop
endfacet
facet normal 0 1 0
  outer loop
    vertex 5.874999999999972 23 -3
    vertex 7.343749999999979 23 -2.25
    vertex 8.812499999999986 23 -3
  endloop
endfacet
facet normal -0 1 0
  outer loop
    vertex 7.343749999999979 23 -2.25
    vertex 10.28124999999999 23 -2.25
    vertex 8.812499999999986 23 -3
  endloop
endfacet
facet normal 0 1 0
  outer loop
    vertex 7.343749999999979 23 -2.25
    vertex 8.812499999999986 23 -1.5
    vertex 10.28124999999999 23 -2.25
  endloop
endfacet
facet normal 0 1 0
  outer loop
    vertex 8.812499999999986 23 -3
    vertex 10.28124999999999 23 -2.25
    vertex 11.75 23 -3
  endloop
endfacet
facet normal 0 1 0
  outer loop
    vertex -11.75 23 -3
    vertex -10.28125 23 -2.25
    vertex -8.812500000000007 23 -3
  endloop
endfacet
facet normal -0 1 0
  outer loop
    vertex -10.28125 23 -2.25
    vertex -7.343750000000012 23 -2.25
    vertex -8.812500000000007 23 -3
  endloop
endfacet
facet normal 0 1 0
  outer loop
    vertex -10.28125 23 -2.25
    vertex -8.812500000000007 23 -1.5
    vertex -7.343750000000012 23 -2.25
  endloop
endfacet
facet normal 0 1 0
  outer loop
    vertex -8.812500000000007 23 -3
    vertex -7.343750000000012 23 -2.25
    vertex -5.875000000000016 23 -3
  endloop
endfacet
facet normal 0 1 0
  outer loop
    vertex 11.75 23 0
    vertex 10.28124999999999 23 -0.75
    vertex 8.812499999999986 23 0
  endloop
endfacet
facet normal 0 1 0
  outer loop
    vertex 10.28124999999999 23 -0.75
    vertex 7.343749999999979 23 -0.75
    vertex 8.812499999999986 23 0
  endloop
endfacet
facet normal 0 1 0
  outer loop
    vertex 10.28124999999999 23 -0.75
    vertex 8.812499999999986 23 -1.5
    vertex 7.343749999999979 23 -0.75
  endloop
endfacet
facet normal 0 1 0
  outer loop
    vertex 8.812499999999986 23 0
    vertex 7.343749999999979 23 -0.75
    vertex 5.874999999999972 23 0
  endloop
endfacet
facet normal 0 1 0
  outer loop
    vertex -5.875000000000016 23 0
    vertex -7.343750000000012 23 -0.75
    vertex -8.812500000000007 23 0
  endloop
endfacet
facet normal 0 1 0
  outer loop
    vertex -7.343750000000012 23 -0.75
    vertex -10.28125 23 -0.75
    vertex -8.812500000000007 23 0
  endloop
endfacet
facet normal 0 1 0
  outer loop
    vertex -7.343750000000012 23 -0.75
    vertex -8.812500000000007 23 -1.5
    vertex -10.28125 23 -0.75
  endloop
endfacet
facet normal 0 1 0
  outer loop
    vertex -8.812500000000007 23 0
    vertex -10.28125 23 -0.75
    vertex -11.75 23 0
  endloop
endfacet
facet normal 0 1 0
  outer loop
    vertex -5.875000000000016 23 -3
    vertex -4.406250000000021 23 -2.25
    vertex -2.937500000000027 23 -3
  endloop
endfacet
facet normal -0 1 0
  outer loop
    vertex -4.406250000000021 23 -2.25
    vertex -1.468750000000032 23 -2.25
    vertex -2.937500000000027 23 -3
  endloop
endfacet
facet normal 0 1 0
  outer loop
    vertex -4.406250000000021 23 -2.25
    vertex -2.937500000000027 23 -1.499999999999999
    vertex -1.468750000000032 23 -2.25
  endloop
endfacet
facet normal 0 1 0
  outer loop
    vertex -2.937500000000027 23 -3
    vertex -1.468750000000032 23 -2.25
    vertex -3.730349362740526e-14 23 -3
  endloop
endfacet
facet normal 0 1 0
  outer loop
    vertex -3.730349362740526e-14 23 -3
    vertex 1.468749999999964 23 -2.25
    vertex 2.937499999999966 23 -3
  endloop
endfacet
facet normal -0 1 0
  outer loop
    vertex 1.468749999999964 23 -2.25
    vertex 4.406249999999968 23 -2.25
    vertex 2.937499999999966 23 -3
  endloop
endfacet
facet normal 0 1 0
  outer loop
    vertex 1.468749999999964 23 -2.25
    vertex 2.937499999999966 23 -1.5
    vertex 4.406249999999968 23 -2.25
  endloop
endfacet
facet normal 0 1 0
  outer loop
    vertex 2.937499999999966 23 -3
    vertex 4.406249999999968 23 -2.25
    vertex 5.874999999999972 23 -3
  endloop
endfacet
facet normal 0 1 0
  outer loop
    vertex -3.730349362740526e-14 23 0
    vertex -1.468750000000032 23 -0.7499999999999996
    vertex -2.937500000000027 23 0
  endloop
endfacet
facet normal 0 1 0
  outer loop
    vertex -1.468750000000032 23 -0.7499999999999996
    vertex -4.406250000000021 23 -0.7499999999999996
    vertex -2.937500000000027 23 0
  endloop
endfacet
facet normal 0 1 0
  outer loop
    vertex -1.468750000000032 23 -0.7499999999999996
    vertex -2.937500000000027 23 -1.499999999999999
    vertex -4.406250000000021 23 -0.7499999999999996
  endloop
endfacet
facet normal 0 1 0
  outer loop
    vertex -2.937500000000027 23 0
    vertex -4.406250000000021 23 -0.7499999999999996
    vertex -5.875000000000016 23 0
  endloop
endfacet
facet normal 0 1 0
  outer loop
    vertex 5.874999999999972 23 0
    vertex 4.406249999999968 23 -0.75
    vertex 2.937499999999966 23 0
  endloop
endfacet
facet normal 0 1 0
  outer loop
    vertex 4.406249999999968 23 -0.75
    vertex 1.468749999999964 23 -0.75
    vertex 2.937499999999966 23 0
  endloop
endfacet
facet normal 0 1 0
  outer loop
    vertex 4.406249999999968 23 -0.75
    vertex 2.937499999999966 23 -1.5
    vertex 1.468749999999964 23 -0.75
  endloop
endfacet
facet normal 0 1 0
  outer loop
    vertex 2.937499999999966 23 0
    vertex 1.468749999999964 23 -0.75
    vertex -3.730349362740526e-14 23 0
  endloop
endfacet
facet normal 0 1 0
  outer loop
    vertex -2.916666666666668 20 -60.94529689280753
    vertex -5.833333333333334 20 -60.94529689280753
    vertex -5.833333333333334 20 -60
  endloop
endfacet
facet normal 0 1 -0
  outer loop
    vertex -5.833333333333334 20 -60.94529689280753
    vertex -8.75 20 -60
    vertex -5.833333333333334 20 -60
  endloop
endfacet
facet normal 0 1 0
  outer loop
    vertex -5.833333333333334 20 -60.94529689280753
    vertex -8.75 20 -60.94529689280753
    vertex -8.75 20 -60
  endloop
endfacet
facet normal 0 1 0
  outer loop
    vertex -5.833333333333334 20 -60
    vertex -8.75 20 -60
    vertex -8.75 20 -59.05470310719247
  endloop
endfacet
facet normal 0 1 -0
  outer loop
    vertex -2.916666666666668 20 -60.94529689280753
    vertex -5.833333333333334 20 -60
    vertex -2.916666666666668 20 -60
  endloop
endfacet
facet normal 0 1 0
  outer loop
    vertex -5.833333333333334 20 -60
    vertex -5.833333333333334 20 -59.05470310719247
    vertex -2.916666666666668 20 -60
  endloop
endfacet
facet normal 0 1 -0
  outer loop
    vertex -5.833333333333334 20 -60
    vertex -8.75 20 -59.05470310719247
    vertex -5.833333333333334 20 -59.05470310719247
  endloop
endfacet
facet normal 0 1 -0
  outer loop
    vertex -2.916666666666668 20 -60
    vertex -5.833333333333334 20 -59.05470310719247
    vertex -2.916666666666668 20 -59.05470310719247
  endloop
endfacet
facet normal 0 1 0
  outer loop
    vertex 8.75 20 -59.05470310719247
    vertex 8.75 20 -60
    vertex 5.833333333333333 20 -59.05470310719247
  endloop
endfacet
facet normal 0 1 0
  outer loop
    vertex 8.75 20 -60
    vertex 5.833333333333333 20 -60
    vertex 5.833333333333333 20 -59.05470310719247
  endloop
endfacet
facet normal 0 1 0
  outer loop
    vertex 8.75 20 -60
    vertex 8.75 20 -60.94529689280753
    vertex 5.833333333333333 20 -60
  endloop
endfacet
facet normal 0 1 0
  outer loop
    vertex 5.833333333333333 20 -59.05470310719247
    vertex 5.833333333333333 20 -60
    vertex 2.916666666666666 20 -59.05470310719247
  endloop
endfacet
facet normal 0 1 0
  outer loop
    vertex 8.75 20 -60.94529689280753
    vertex 5.833333333333333 20 -60.94529689280753
    vertex 5.833333333333333 20 -60
  endloop
endfacet
facet normal 0 1 -0
  outer loop
    vertex 5.833333333333333 20 -60.94529689280753
    vertex 2.916666666666666 20 -60
    vertex 5.833333333333333 20 -60
  endloop
endfacet
facet normal 0 1 0
  outer loop
    vertex 5.833333333333333 20 -60.94529689280753
    vertex 2.916666666666666 20 -60.94529689280753
    vertex 2.916666666666666 20 -60
  endloop
endfacet
facet normal 0 1 0
  outer loop
    vertex 5.833333333333333 20 -60
    vertex 2.916666666666666 20 -60
    vertex 2.916666666666666 20 -59.05470310719247
  endloop
endfacet
facet normal 0 1 0
  outer loop
    vertex 2.916666666666666 20 -59.05470310719247
    vertex 0 20 -60
    vertex 0 20 -59.05470310719247
  endloop
endfacet
facet normal 0 1 -0
  outer loop
    vertex 0 20 -60
    vertex -2.916666666666668 20 -60
    vertex 0 20 -59.05470310719247
  endloop
endfacet
facet normal 0 1 0
  outer loop
    vertex 0 20 -60
    vertex -2.916666666666668 20 -60.94529689280753
    vertex -2.916666666666668 20 -60
  endloop
endfacet
facet normal 0 1 0
  outer loop
    vertex 0 20 -59.05470310719247
    vertex -2.916666666666668 20 -60
    vertex -2.916666666666668 20 -59.05470310719247
  endloop
endfacet
facet normal 0 1 0
  outer loop
    vertex 2.916666666666666 20 -59.05470310719247
    vertex 2.916666666666666 20 -60
    vertex 0 20 -60
  endloop
endfacet
facet normal 0 1 0
  outer loop
    vertex 2.916666666666666 20 -60
    vertex 0 20 -60.94529689280753
    vertex 0 20 -60
  endloop
endfacet
facet normal 0 1 0
  outer loop
    vertex 2.916666666666666 20 -60
    vertex 2.916666666666666 20 -60.94529689280753
    vertex 0 20 -60.94529689280753
  endloop
endfacet
facet normal 0 1 0
  outer loop
    vertex 0 20 -60
    vertex 0 20 -60.94529689280753
    vertex -2.916666666666668 20 -60.94529689280753
  endloop
endfacet
facet normal -2.25849e-16 0.808211 -0.588893
  outer loop
    vertex -8.75 11.90629668834311 -72.05329321992103
    vertex -4.413196009104873 11.77633426808163 -72.23165682324809
    vertex -5.862576271903663 10.31786878662785 -74.23329051148542
  endloop
endfacet
facet normal 8.03019e-17 0.808211 -0.588893
  outer loop
    vertex -4.413196009104873 11.77633426808163 -72.23165682324809
    vertex -1.525772281008535 10.18790636636637 -74.41165411481248
    vertex -5.862576271903663 10.31786878662785 -74.23329051148542
  endloop
endfacet
facet normal 9.53585e-17 0.808211 -0.588893
  outer loop
    vertex -4.413196009104873 11.77633426808163 -72.23165682324809
    vertex -0.07639201820974684 11.64637184782016 -72.41002042657514
    vertex -1.525772281008535 10.18790636636637 -74.41165411481248
  endloop
endfacet
facet normal 9.53585e-17 0.808211 -0.588893
  outer loop
    vertex -5.862576271903663 10.31786878662785 -74.23329051148542
    vertex -1.525772281008535 10.18790636636637 -74.41165411481248
    vertex -2.975152543807326 8.729440884912586 -76.41328780304981
  endloop
endfacet
facet normal 5.51833e-16 0.808211 -0.588893
  outer loop
    vertex 2.975152543807364 8.729440884912584 -76.41328780304981
    vertex 1.449380262798808 10.18790636636637 -74.41165411481248
    vertex 5.862576271903682 10.31786878662784 -74.23329051148542
  endloop
endfacet
facet normal 5.66614e-16 0.808211 -0.588893
  outer loop
    vertex 1.449380262798808 10.18790636636637 -74.41165411481248
    vertex 4.336803990895127 11.77633426808163 -72.23165682324809
    vertex 5.862576271903682 10.31786878662784 -74.23329051148542
  endloop
endfacet
facet normal 5.9125e-16 0.808211 -0.588893
  outer loop
    vertex 1.449380262798808 10.18790636636637 -74.41165411481248
    vertex -0.07639201820974684 11.64637184782016 -72.41002042657514
    vertex 4.336803990895127 11.77633426808163 -72.23165682324809
  endloop
endfacet
facet normal -1.26133e-15 0.808211 -0.588893
  outer loop
    vertex 5.862576271903682 10.31786878662784 -74.23329051148542
    vertex 4.336803990895127 11.77633426808163 -72.23165682324809
    vertex 8.75 11.9062966883431 -72.05329321992104
  endloop
endfacet
facet normal -6.26667e-16 0.808211 -0.588893
  outer loop
    vertex -8.75 11.90629668834311 -72.05329321992103
    vertex -5.862576271903663 10.31786878662785 -74.23329051148542
    vertex -8.75 9.882870860428891 -74.8302923016994
  endloop
endfacet
facet normal -6.55672e-16 0.808211 -0.588893
  outer loop
    vertex -5.862576271903663 10.31786878662785 -74.23329051148542
    vertex -5.898684004071482 8.378515057469111 -76.89490698925314
    vertex -8.75 9.882870860428891 -74.8302923016994
  endloop
endfacet
facet normal 9.24578e-17 0.808211 -0.588893
  outer loop
    vertex -5.862576271903663 10.31786878662785 -74.23329051148542
    vertex -2.975152543807326 8.729440884912586 -76.41328780304981
    vertex -5.898684004071482 8.378515057469111 -76.89490698925314
  endloop
endfacet
facet normal -1.81315e-16 0.808211 -0.588893
  outer loop
    vertex -8.75 9.882870860428891 -74.8302923016994
    vertex -5.898684004071482 8.378515057469111 -76.89490698925314
    vertex -8.75 7.859445032514678 -77.60729138347777
  endloop
endfacet
facet normal -1.88e-15 0.808211 -0.588893
  outer loop
    vertex 8.75 11.9062966883431 -72.05329321992104
    vertex 8.75 9.882870860428884 -74.83029230169942
    vertex 5.862576271903682 10.31786878662784 -74.23329051148542
  endloop
endfacet
facet normal -1.5221e-15 0.808211 -0.588893
  outer loop
    vertex 8.75 9.882870860428884 -74.83029230169942
    vertex 5.898684004071493 8.378515057469109 -76.89490698925314
    vertex 5.862576271903682 10.31786878662784 -74.23329051148542
  endloop
endfacet
facet normal -5.43945e-16 0.808211 -0.588893
  outer loop
    vertex 8.75 9.882870860428884 -74.83029230169942
    vertex 8.75 7.859445032514667 -77.60729138347779
    vertex 5.898684004071493 8.378515057469109 -76.89490698925314
  endloop
endfacet
facet normal 9.24578e-17 0.808211 -0.588893
  outer loop
    vertex 5.862576271903682 10.31786878662784 -74.23329051148542
    vertex 5.898684004071493 8.378515057469109 -76.89490698925314
    vertex 2.975152543807364 8.729440884912584 -76.41328780304981
  endloop
endfacet
facet normal -3.03178e-16 0.808211 -0.588893
  outer loop
    vertex -8.75 11.90629668834311 -72.05329321992103
    vertex -6.031794706472597 13.39119075130657 -70.01538830020461
    vertex -4.413196009104873 11.77633426808163 -72.23165682324809
  endloop
endfacet
facet normal 3.84988e-17 0.808211 -0.588893
  outer loop
    vertex -6.031794706472597 13.39119075130657 -70.01538830020461
    vertex -1.694990715577472 13.26122833104509 -70.19375190353166
    vertex -4.413196009104873 11.77633426808163 -72.23165682324809
  endloop
endfacet
facet normal 6.7373e-17 0.808211 -0.588893
  outer loop
    vertex -6.031794706472597 13.39119075130657 -70.01538830020461
    vertex -3.313589412945195 14.87608481427002 -67.97748338048818
    vertex -1.694990715577472 13.26122833104509 -70.19375190353166
  endloop
endfacet
facet normal 3.84988e-17 0.808211 -0.588893
  outer loop
    vertex -4.413196009104873 11.77633426808163 -72.23165682324809
    vertex -1.694990715577472 13.26122833104509 -70.19375190353166
    vertex -0.07639201820974684 11.64637184782016 -72.41002042657514
  endloop
endfacet
facet normal 6.27594e-16 0.808211 -0.588893
  outer loop
    vertex -0.07639201820974684 11.64637184782016 -72.41002042657514
    vertex 1.614837580618855 13.30135639724892 -70.13867916428703
    vertex 4.336803990895127 11.77633426808163 -72.23165682324809
  endloop
endfacet
facet normal 6.22979e-16 0.808211 -0.588893
  outer loop
    vertex 1.614837580618855 13.30135639724892 -70.13867916428703
    vertex 6.028033589723728 13.43131881751039 -69.96031556095997
    vertex 4.336803990895127 11.77633426808163 -72.23165682324809
  endloop
endfacet
facet normal 5.99906e-16 0.808211 -0.588893
  outer loop
    vertex 1.614837580618855 13.30135639724892 -70.13867916428703
    vertex 3.306067179447457 14.95634094667768 -67.86733790199891
    vertex 6.028033589723728 13.43131881751039 -69.96031556095997
  endloop
endfacet
facet normal -1.32902e-15 0.808211 -0.588893
  outer loop
    vertex 4.336803990895127 11.77633426808163 -72.23165682324809
    vertex 6.028033589723728 13.43131881751039 -69.96031556095997
    vertex 8.75 11.9062966883431 -72.05329321992104
  endloop
endfacet
facet normal 9.61777e-16 0.808211 -0.588893
  outer loop
    vertex -0.1069488254936601 17.37956981337549 -64.54163935405889
    vertex 1.599559176976898 16.16795538002658 -66.2044886280289
    vertex -1.710269119219427 16.12782731382276 -66.25956136727353
  endloop
endfacet
facet normal 9.93837e-16 0.808211 -0.588893
  outer loop
    vertex 1.599559176976898 16.16795538002658 -66.2044886280289
    vertex -0.003761116748869142 14.91621288047385 -67.92241064124354
    vertex -1.710269119219427 16.12782731382276 -66.25956136727353
  endloop
endfacet
facet normal 6.41185e-17 0.808211 -0.588893
  outer loop
    vertex 1.599559176976898 16.16795538002658 -66.2044886280289
    vertex 3.306067179447457 14.95634094667768 -67.86733790199891
    vertex -0.003761116748869142 14.91621288047385 -67.92241064124354
  endloop
endfacet
facet normal 1.28237e-16 0.808211 -0.588893
  outer loop
    vertex -1.710269119219427 16.12782731382276 -66.25956136727353
    vertex -0.003761116748869142 14.91621288047385 -67.92241064124354
    vertex -3.313589412945195 14.87608481427002 -67.97748338048818
  endloop
endfacet
facet normal 1.22365e-16 0.808211 -0.588893
  outer loop
    vertex -3.313589412945195 14.87608481427002 -67.97748338048818
    vertex -0.003761116748869142 14.91621288047385 -67.92241064124354
    vertex -1.694990715577472 13.26122833104509 -70.19375190353166
  endloop
endfacet
facet normal 9.66833e-17 0.808211 -0.588893
  outer loop
    vertex -0.003761116748869142 14.91621288047385 -67.92241064124354
    vertex 1.614837580618855 13.30135639724892 -70.13867916428703
    vertex -1.694990715577472 13.26122833104509 -70.19375190353166
  endloop
endfacet
facet normal 1.22365e-16 0.808211 -0.588893
  outer loop
    vertex -0.003761116748869142 14.91621288047385 -67.92241064124354
    vertex 3.306067179447457 14.95634094667768 -67.86733790199891
    vertex 1.614837580618855 13.30135639724892 -70.13867916428703
  endloop
endfacet
facet normal 1.3294e-16 0.808211 -0.588893
  outer loop
    vertex -1.694990715577472 13.26122833104509 -70.19375190353166
    vertex 1.614837580618855 13.30135639724892 -70.13867916428703
    vertex -0.07639201820974684 11.64637184782016 -72.41002042657514
  endloop
endfacet
facet normal -3.34527e-16 0.808211 -0.588893
  outer loop
    vertex -3.313589412945195 14.87608481427002 -67.97748338048818
    vertex -4.040515196983151 16.25892270431671 -66.07964284789674
    vertex -1.710269119219427 16.12782731382276 -66.25956136727353
  endloop
endfacet
facet normal -2.82257e-16 0.808211 -0.588893
  outer loop
    vertex -4.040515196983151 16.25892270431671 -66.07964284789674
    vertex -2.437194903257382 17.51066520386945 -64.36172083468209
    vertex -1.710269119219427 16.12782731382276 -66.25956136727353
  endloop
endfacet
facet normal -3.34527e-16 0.808211 -0.588893
  outer loop
    vertex -4.040515196983151 16.25892270431671 -66.07964284789674
    vertex -4.767440981021105 17.64176059436341 -64.18180231530529
    vertex -2.437194903257382 17.51066520386945 -64.36172083468209
  endloop
endfacet
facet normal 9.19949e-16 0.808211 -0.588893
  outer loop
    vertex -1.710269119219427 16.12782731382276 -66.25956136727353
    vertex -2.437194903257382 17.51066520386945 -64.36172083468209
    vertex -0.1069488254936601 17.37956981337549 -64.54163935405889
  endloop
endfacet
facet normal -9.35851e-16 0.808211 -0.588893
  outer loop
    vertex -2.975152543807326 8.729440884912586 -76.41328780304981
    vertex -1.525772281008535 10.18790636636637 -74.41165411481248
    vertex 1.893196028784486e-14 8.855274311047301 -76.24059093222192
  endloop
endfacet
facet normal 4.82554e-16 0.808211 -0.588893
  outer loop
    vertex -1.525772281008535 10.18790636636637 -74.41165411481248
    vertex 1.449380262798808 10.18790636636637 -74.41165411481248
    vertex 1.893196028784486e-14 8.855274311047301 -76.24059093222192
  endloop
endfacet
facet normal 4.82554e-16 0.808211 -0.588893
  outer loop
    vertex -1.525772281008535 10.18790636636637 -74.41165411481248
    vertex -0.07639201820974684 11.64637184782016 -72.41002042657514
    vertex 1.449380262798808 10.18790636636637 -74.41165411481248
  endloop
endfacet
facet normal 1.44644e-15 0.808211 -0.588893
  outer loop
    vertex 1.893196028784486e-14 8.855274311047301 -76.24059093222192
    vertex 1.449380262798808 10.18790636636637 -74.41165411481248
    vertex 2.975152543807364 8.729440884912584 -76.41328780304981
  endloop
endfacet
facet normal 0 0.808211 -0.588893
  outer loop
    vertex 2.916666666666666 20 -60.94529689280753
    vertex 1.404858920586503 18.68978490668774 -62.7434681234332
    vertex 0 20 -60.94529689280753
  endloop
endfacet
facet normal 0 0.808211 -0.588893
  outer loop
    vertex 1.404858920586503 18.68978490668774 -62.7434681234332
    vertex -1.511807746080164 18.68978490668774 -62.7434681234332
    vertex 0 20 -60.94529689280753
  endloop
endfacet
facet normal 0 0.808211 -0.588893
  outer loop
    vertex 1.404858920586503 18.68978490668774 -62.7434681234332
    vertex -0.1069488254936601 17.37956981337549 -64.54163935405889
    vertex -1.511807746080164 18.68978490668774 -62.7434681234332
  endloop
endfacet
facet normal 0 0.808211 -0.588893
  outer loop
    vertex 0 20 -60.94529689280753
    vertex -1.511807746080164 18.68978490668774 -62.7434681234332
    vertex -2.916666666666668 20 -60.94529689280753
  endloop
endfacet
facet normal -1.80435e-15 0.808211 -0.588893
  outer loop
    vertex 8.75 11.9062966883431 -72.05329321992104
    vertex 6.028033589723728 13.43131881751039 -69.96031556095997
    vertex 8.75 13.92972251625732 -69.27629413814267
  endloop
endfacet
facet normal -1.75686e-15 0.808211 -0.588893
  outer loop
    vertex 6.028033589723728 13.43131881751039 -69.96031556095997
    vertex 6.028033589723728 15.45474464542461 -67.1833164791816
    vertex 8.75 13.92972251625732 -69.27629413814267
  endloop
endfacet
facet normal 7.59725e-16 0.808211 -0.588893
  outer loop
    vertex 6.028033589723728 13.43131881751039 -69.96031556095997
    vertex 3.306067179447457 14.95634094667768 -67.86733790199891
    vertex 6.028033589723728 15.45474464542461 -67.1833164791816
  endloop
endfacet
facet normal -2.18421e-15 0.808211 -0.588893
  outer loop
    vertex 8.75 13.92972251625732 -69.27629413814267
    vertex 6.028033589723728 15.45474464542461 -67.1833164791816
    vertex 8.75 15.95314834417154 -66.4992950563643
  endloop
endfacet
facet normal 1.88228e-15 0.808211 -0.588893
  outer loop
    vertex -8.75 20 -60.94529689280753
    vertex -6.758720490510552 18.8208802971817 -62.5635496040564
    vertex -8.75 17.97657417208577 -63.72229597458592
  endloop
endfacet
facet normal 2.14191e-15 0.808211 -0.588893
  outer loop
    vertex -6.758720490510552 18.8208802971817 -62.5635496040564
    vertex -6.758720490510552 16.79745446926747 -65.34054868583479
    vertex -8.75 17.97657417208577 -63.72229597458592
  endloop
endfacet
facet normal -2.14191e-15 0.808211 -0.588893
  outer loop
    vertex -6.758720490510552 18.8208802971817 -62.5635496040564
    vertex -4.767440981021105 17.64176059436341 -64.18180231530529
    vertex -6.758720490510552 16.79745446926747 -65.34054868583479
  endloop
endfacet
facet normal 2.077e-15 0.808211 -0.588893
  outer loop
    vertex -8.75 17.97657417208577 -63.72229597458592
    vertex -6.758720490510552 16.79745446926747 -65.34054868583479
    vertex -8.75 15.95314834417154 -66.4992950563643
  endloop
endfacet
facet normal -2.11835e-15 0.808211 -0.588893
  outer loop
    vertex 8.75 15.95314834417154 -66.4992950563643
    vertex 6.736578502062047 16.80548008250824 -65.32953413798586
    vertex 8.75 17.97657417208577 -63.72229597458592
  endloop
endfacet
facet normal -2.05416e-15 0.808211 -0.588893
  outer loop
    vertex 6.736578502062047 16.80548008250824 -65.32953413798586
    vertex 6.736578502062047 18.82890591042247 -62.55253505620747
    vertex 8.75 17.97657417208577 -63.72229597458592
  endloop
endfacet
facet normal 6.41925e-16 0.808211 -0.588893
  outer loop
    vertex 6.736578502062047 16.80548008250824 -65.32953413798586
    vertex 4.723157004124093 17.65781182084494 -64.15977321960743
    vertex 6.736578502062047 18.82890591042247 -62.55253505620747
  endloop
endfacet
facet normal -1.86158e-15 0.808211 -0.588893
  outer loop
    vertex 8.75 17.97657417208577 -63.72229597458592
    vertex 6.736578502062047 18.82890591042247 -62.55253505620747
    vertex 8.75 20 -60.94529689280753
  endloop
endfacet
facet normal 1.45023e-15 0.808211 -0.588893
  outer loop
    vertex -8.75 15.95314834417154 -66.4992950563643
    vertex -6.031794706472597 15.41461657922078 -67.23838921842624
    vertex -8.75 13.92972251625732 -69.27629413814266
  endloop
endfacet
facet normal -1.14116e-15 0.808211 -0.588893
  outer loop
    vertex -6.031794706472597 15.41461657922078 -67.23838921842624
    vertex -6.031794706472597 13.39119075130657 -70.01538830020461
    vertex -8.75 13.92972251625732 -69.27629413814266
  endloop
endfacet
facet normal -6.65679e-16 0.808211 -0.588893
  outer loop
    vertex -6.031794706472597 15.41461657922078 -67.23838921842624
    vertex -3.313589412945195 14.87608481427002 -67.97748338048818
    vertex -6.031794706472597 13.39119075130657 -70.01538830020461
  endloop
endfacet
facet normal -1.33136e-15 0.808211 -0.588893
  outer loop
    vertex -8.75 13.92972251625732 -69.27629413814266
    vertex -6.031794706472597 13.39119075130657 -70.01538830020461
    vertex -8.75 11.90629668834311 -72.05329321992103
  endloop
endfacet
facet normal 2.21341e-15 0.808211 -0.588893
  outer loop
    vertex -8.75 15.95314834417154 -66.4992950563643
    vertex -6.758720490510552 16.79745446926747 -65.34054868583479
    vertex -6.031794706472597 15.41461657922078 -67.23838921842624
  endloop
endfacet
facet normal -1.24261e-15 0.808211 -0.588893
  outer loop
    vertex -6.758720490510552 16.79745446926747 -65.34054868583479
    vertex -4.040515196983151 16.25892270431671 -66.07964284789674
    vertex -6.031794706472597 15.41461657922078 -67.23838921842624
  endloop
endfacet
facet normal -1.2232e-15 0.808211 -0.588893
  outer loop
    vertex -6.758720490510552 16.79745446926747 -65.34054868583479
    vertex -4.767440981021105 17.64176059436341 -64.18180231530529
    vertex -4.040515196983151 16.25892270431671 -66.07964284789674
  endloop
endfacet
facet normal -1.2232e-15 0.808211 -0.588893
  outer loop
    vertex -6.031794706472597 15.41461657922078 -67.23838921842624
    vertex -4.040515196983151 16.25892270431671 -66.07964284789674
    vertex -3.313589412945195 14.87608481427002 -67.97748338048818
  endloop
endfacet
facet normal -7.85342e-16 0.808211 -0.588893
  outer loop
    vertex -0.1069488254936601 17.37956981337549 -64.54163935405889
    vertex 2.308104089315217 17.51869081711022 -64.35070628683316
    vertex 1.599559176976898 16.16795538002658 -66.2044886280289
  endloop
endfacet
facet normal -7.44009e-16 0.808211 -0.588893
  outer loop
    vertex 2.308104089315217 17.51869081711022 -64.35070628683316
    vertex 4.014612091785775 16.30707638376131 -66.01355556080317
    vertex 1.599559176976898 16.16795538002658 -66.2044886280289
  endloop
endfacet
facet normal 1.41052e-15 0.808211 -0.588893
  outer loop
    vertex 2.308104089315217 17.51869081711022 -64.35070628683316
    vertex 4.723157004124093 17.65781182084494 -64.15977321960743
    vertex 4.014612091785775 16.30707638376131 -66.01355556080317
  endloop
endfacet
facet normal -9.14511e-16 0.808211 -0.588893
  outer loop
    vertex 1.599559176976898 16.16795538002658 -66.2044886280289
    vertex 4.014612091785775 16.30707638376131 -66.01355556080317
    vertex 3.306067179447457 14.95634094667768 -67.86733790199891
  endloop
endfacet
facet normal 1.17363e-15 0.808211 -0.588893
  outer loop
    vertex -0.1069488254936601 17.37956981337549 -64.54163935405889
    vertex -2.437194903257382 17.51066520386945 -64.36172083468209
    vertex -1.511807746080164 18.68978490668774 -62.7434681234332
  endloop
endfacet
facet normal 0 0.808211 -0.588893
  outer loop
    vertex -2.437194903257382 17.51066520386945 -64.36172083468209
    vertex -3.842053823843887 18.8208802971817 -62.5635496040564
    vertex -1.511807746080164 18.68978490668774 -62.7434681234332
  endloop
endfacet
facet normal -5.69722e-18 0.808211 -0.588893
  outer loop
    vertex -2.437194903257382 17.51066520386945 -64.36172083468209
    vertex -4.767440981021105 17.64176059436341 -64.18180231530529
    vertex -3.842053823843887 18.8208802971817 -62.5635496040564
  endloop
endfacet
facet normal -3.24742e-16 0.808211 -0.588893
  outer loop
    vertex -1.511807746080164 18.68978490668774 -62.7434681234332
    vertex -3.842053823843887 18.8208802971817 -62.5635496040564
    vertex -2.916666666666668 20 -60.94529689280753
  endloop
endfacet
facet normal 3.54135e-16 0.808211 -0.588893
  outer loop
    vertex 2.916666666666666 20 -60.94529689280753
    vertex 3.819911835395379 18.82890591042247 -62.55253505620747
    vertex 1.404858920586503 18.68978490668774 -62.7434681234332
  endloop
endfacet
facet normal 0 0.808211 -0.588893
  outer loop
    vertex 3.819911835395379 18.82890591042247 -62.55253505620747
    vertex 2.308104089315217 17.51869081711022 -64.35070628683316
    vertex 1.404858920586503 18.68978490668774 -62.7434681234332
  endloop
endfacet
facet normal 1.23947e-15 0.808211 -0.588893
  outer loop
    vertex 3.819911835395379 18.82890591042247 -62.55253505620747
    vertex 4.723157004124093 17.65781182084494 -64.15977321960743
    vertex 2.308104089315217 17.51869081711022 -64.35070628683316
  endloop
endfacet
facet normal -1.15094e-15 0.808211 -0.588893
  outer loop
    vertex 1.404858920586503 18.68978490668774 -62.7434681234332
    vertex 2.308104089315217 17.51869081711022 -64.35070628683316
    vertex -0.1069488254936601 17.37956981337549 -64.54163935405889
  endloop
endfacet
facet normal 1.08196e-15 0.808211 -0.588893
  outer loop
    vertex 3.306067179447457 14.95634094667768 -67.86733790199891
    vertex 4.014612091785775 16.30707638376131 -66.01355556080317
    vertex 6.028033589723728 15.45474464542461 -67.1833164791816
  endloop
endfacet
facet normal 1.10163e-15 0.808211 -0.588893
  outer loop
    vertex 4.014612091785775 16.30707638376131 -66.01355556080317
    vertex 6.736578502062047 16.80548008250824 -65.32953413798586
    vertex 6.028033589723728 15.45474464542461 -67.1833164791816
  endloop
endfacet
facet normal 6.68849e-16 0.808211 -0.588893
  outer loop
    vertex 4.014612091785775 16.30707638376131 -66.01355556080317
    vertex 4.723157004124093 17.65781182084494 -64.15977321960743
    vertex 6.736578502062047 16.80548008250824 -65.32953413798586
  endloop
endfacet
facet normal -2.30163e-15 0.808211 -0.588893
  outer loop
    vertex 6.028033589723728 15.45474464542461 -67.1833164791816
    vertex 6.736578502062047 16.80548008250824 -65.32953413798586
    vertex 8.75 15.95314834417154 -66.4992950563643
  endloop
endfacet
facet normal 0 0.808211 -0.588893
  outer loop
    vertex 8.75 20 -60.94529689280753
    vertex 6.736578502062047 18.82890591042247 -62.55253505620747
    vertex 5.833333333333333 20 -60.94529689280753
  endloop
endfacet
facet normal 0 0.808211 -0.588893
  outer loop
    vertex 6.736578502062047 18.82890591042247 -62.55253505620747
    vertex 3.819911835395379 18.82890591042247 -62.55253505620747
    vertex 5.833333333333333 20 -60.94529689280753
  endloop
endfacet
facet normal 0 0.808211 -0.588893
  outer loop
    vertex 6.736578502062047 18.82890591042247 -62.55253505620747
    vertex 4.723157004124093 17.65781182084494 -64.15977321960743
    vertex 3.819911835395379 18.82890591042247 -62.55253505620747
  endloop
endfacet
facet normal 0 0.808211 -0.588893
  outer loop
    vertex 5.833333333333333 20 -60.94529689280753
    vertex 3.819911835395379 18.82890591042247 -62.55253505620747
    vertex 2.916666666666666 20 -60.94529689280753
  endloop
endfacet
facet normal 0 0.808211 -0.588893
  outer loop
    vertex -2.916666666666668 20 -60.94529689280753
    vertex -3.842053823843887 18.8208802971817 -62.5635496040564
    vertex -5.833333333333334 20 -60.94529689280753
  endloop
endfacet
facet normal 0 0.808211 -0.588893
  outer loop
    vertex -3.842053823843887 18.8208802971817 -62.5635496040564
    vertex -6.758720490510552 18.8208802971817 -62.5635496040564
    vertex -5.833333333333334 20 -60.94529689280753
  endloop
endfacet
facet normal 0 0.808211 -0.588893
  outer loop
    vertex -3.842053823843887 18.8208802971817 -62.5635496040564
    vertex -4.767440981021105 17.64176059436341 -64.18180231530529
    vertex -6.758720490510552 18.8208802971817 -62.5635496040564
  endloop
endfacet
facet normal 0 0.808211 -0.588893
  outer loop
    vertex -5.833333333333334 20 -60.94529689280753
    vertex -6.758720490510552 18.8208802971817 -62.5635496040564
    vertex -8.75 20 -60.94529689280753
  endloop
endfacet
facet normal -6.52453e-16 0.808211 0.588893
  outer loop
    vertex 8.75 11.90629668834313 -87.94670678007898
    vertex 4.413196009104873 11.77633426808165 -87.76834317675193
    vertex 5.862576271903666 10.31786878662786 -85.76670948851459
  endloop
endfacet
facet normal 1.56589e-15 0.808211 0.588893
  outer loop
    vertex 4.413196009104873 11.77633426808165 -87.76834317675193
    vertex 1.52577228100854 10.18790636636638 -85.58834588518752
    vertex 5.862576271903666 10.31786878662786 -85.76670948851459
  endloop
endfacet
facet normal -8.48189e-16 0.808211 0.588893
  outer loop
    vertex 4.413196009104873 11.77633426808165 -87.76834317675193
    vertex 0.07639201820974684 11.64637184782017 -87.58997957342487
    vertex 1.52577228100854 10.18790636636638 -85.58834588518752
  endloop
endfacet
facet normal 1.45547e-15 0.808211 0.588893
  outer loop
    vertex 5.862576271903666 10.31786878662786 -85.76670948851459
    vertex 1.52577228100854 10.18790636636638 -85.58834588518752
    vertex 2.975152543807333 8.729440884912595 -83.58671219695019
  endloop
endfacet
facet normal 8.67166e-16 0.808211 0.588893
  outer loop
    vertex -2.97515254380736 8.729440884912592 -83.58671219695017
    vertex -1.449380262798806 10.18790636636638 -85.58834588518752
    vertex -5.862576271903681 10.31786878662786 -85.76670948851458
  endloop
endfacet
facet normal 7.78479e-16 0.808211 0.588893
  outer loop
    vertex -1.449380262798806 10.18790636636638 -85.58834588518752
    vertex -4.336803990895127 11.77633426808165 -87.76834317675193
    vertex -5.862576271903681 10.31786878662786 -85.76670948851458
  endloop
endfacet
facet normal 7.88333e-16 0.808211 0.588893
  outer loop
    vertex -1.449380262798806 10.18790636636638 -85.58834588518752
    vertex 0.07639201820974684 11.64637184782017 -87.58997957342487
    vertex -4.336803990895127 11.77633426808165 -87.76834317675193
  endloop
endfacet
facet normal 7.88333e-16 0.808211 0.588893
  outer loop
    vertex -5.862576271903681 10.31786878662786 -85.76670948851458
    vertex -4.336803990895127 11.77633426808165 -87.76834317675193
    vertex -8.75 11.90629668834313 -87.94670678007898
  endloop
endfacet
facet normal -8.95238e-16 0.808211 0.588893
  outer loop
    vertex -8.75 11.90629668834313 -87.94670678007898
    vertex -8.75 9.882870860428898 -85.1697076983006
    vertex -5.862576271903681 10.31786878662786 -85.76670948851458
  endloop
endfacet
facet normal -1.05376e-15 0.808211 0.588893
  outer loop
    vertex -8.75 9.882870860428898 -85.1697076983006
    vertex -5.898684004071491 8.378515057469118 -83.10509301074686
    vertex -5.862576271903681 10.31786878662786 -85.76670948851458
  endloop
endfacet
facet normal -2.08512e-15 0.808211 0.588893
  outer loop
    vertex -8.75 9.882870860428898 -85.1697076983006
    vertex -8.75 7.859445032514666 -82.39270861652221
    vertex -5.898684004071491 8.378515057469118 -83.10509301074686
  endloop
endfacet
facet normal -2.12653e-15 0.808211 0.588893
  outer loop
    vertex -5.862576271903681 10.31786878662786 -85.76670948851458
    vertex -5.898684004071491 8.378515057469118 -83.10509301074686
    vertex -2.97515254380736 8.729440884912592 -83.58671219695017
  endloop
endfacet
facet normal 7.16548e-16 0.808211 0.588893
  outer loop
    vertex 2.975152543807333 8.729440884912595 -83.58671219695019
    vertex 5.898684004071487 8.378515057469118 -83.10509301074686
    vertex 5.862576271903666 10.31786878662786 -85.76670948851459
  endloop
endfacet
facet normal -7.4934e-16 0.808211 0.588893
  outer loop
    vertex 5.898684004071487 8.378515057469118 -83.10509301074686
    vertex 8.75 9.882870860428898 -85.1697076983006
    vertex 5.862576271903666 10.31786878662786 -85.76670948851459
  endloop
endfacet
facet normal 2.06246e-15 0.808211 0.588893
  outer loop
    vertex 5.898684004071487 8.378515057469118 -83.10509301074686
    vertex 8.75 7.859445032514666 -82.39270861652221
    vertex 8.75 9.882870860428898 -85.1697076983006
  endloop
endfacet
facet normal -1.54429e-15 0.808211 0.588893
  outer loop
    vertex 5.862576271903666 10.31786878662786 -85.76670948851459
    vertex 8.75 9.882870860428898 -85.1697076983006
    vertex 8.75 11.90629668834313 -87.94670678007898
  endloop
endfacet
facet normal -7.17041e-16 0.808211 0.588893
  outer loop
    vertex 8.75 11.90629668834313 -87.94670678007898
    vertex 6.031794706472597 13.39119075130658 -89.98461169979541
    vertex 4.413196009104873 11.77633426808165 -87.76834317675193
  endloop
endfacet
facet normal -3.80176e-16 0.808211 0.588893
  outer loop
    vertex 6.031794706472597 13.39119075130658 -89.98461169979541
    vertex 1.694990715577471 13.2612283310451 -89.80624809646835
    vertex 4.413196009104873 11.77633426808165 -87.76834317675193
  endloop
endfacet
facet normal -3.80176e-16 0.808211 0.588893
  outer loop
    vertex 6.031794706472597 13.39119075130658 -89.98461169979541
    vertex 3.313589412945195 14.87608481427004 -92.02251661951183
    vertex 1.694990715577471 13.2612283310451 -89.80624809646835
  endloop
endfacet
facet normal -6.92979e-16 0.808211 0.588893
  outer loop
    vertex 4.413196009104873 11.77633426808165 -87.76834317675193
    vertex 1.694990715577471 13.2612283310451 -89.80624809646835
    vertex 0.07639201820974684 11.64637184782017 -87.58997957342487
  endloop
endfacet
facet normal 6.87584e-16 0.808211 0.588893
  outer loop
    vertex 0.07639201820974684 11.64637184782017 -87.58997957342487
    vertex -1.614837580618854 13.30135639724893 -89.86132083571299
    vertex -4.336803990895127 11.77633426808165 -87.76834317675193
  endloop
endfacet
facet normal 3.83017e-16 0.808211 0.588893
  outer loop
    vertex -1.614837580618854 13.30135639724893 -89.86132083571299
    vertex -6.028033589723726 13.43131881751041 -90.03968443904004
    vertex -4.336803990895127 11.77633426808165 -87.76834317675193
  endloop
endfacet
facet normal 4.0609e-16 0.808211 0.588893
  outer loop
    vertex -1.614837580618854 13.30135639724893 -89.86132083571299
    vertex -3.306067179447455 14.9563409466777 -92.13266209800111
    vertex -6.028033589723726 13.43131881751041 -90.03968443904004
  endloop
endfacet
facet normal 7.15272e-16 0.808211 0.588893
  outer loop
    vertex -4.336803990895127 11.77633426808165 -87.76834317675193
    vertex -6.028033589723726 13.43131881751041 -90.03968443904004
    vertex -8.75 11.90629668834313 -87.94670678007898
  endloop
endfacet
facet normal -1.92355e-16 0.808211 0.588893
  outer loop
    vertex 0.1069488254936584 17.3795698133755 -95.45836064594111
    vertex -1.599559176976898 16.1679553800266 -93.79551137197112
    vertex 1.710269119219427 16.12782731382277 -93.74043863272648
  endloop
endfacet
facet normal -9.81814e-17 0.808211 0.588893
  outer loop
    vertex -1.599559176976898 16.1679553800266 -93.79551137197112
    vertex 0.003761116748869142 14.91621288047387 -92.07758935875647
    vertex 1.710269119219427 16.12782731382277 -93.74043863272648
  endloop
endfacet
facet normal -5.12948e-16 0.808211 0.588893
  outer loop
    vertex -1.599559176976898 16.1679553800266 -93.79551137197112
    vertex -3.306067179447455 14.9563409466777 -92.13266209800111
    vertex 0.003761116748869142 14.91621288047387 -92.07758935875647
  endloop
endfacet
facet normal -6.41185e-17 0.808211 0.588893
  outer loop
    vertex 1.710269119219427 16.12782731382277 -93.74043863272648
    vertex 0.003761116748869142 14.91621288047387 -92.07758935875647
    vertex 3.313589412945195 14.87608481427004 -92.02251661951183
  endloop
endfacet
facet normal -1.3294e-16 0.808211 0.588893
  outer loop
    vertex 3.313589412945195 14.87608481427004 -92.02251661951183
    vertex 0.003761116748869142 14.91621288047387 -92.07758935875647
    vertex 1.694990715577471 13.2612283310451 -89.80624809646835
  endloop
endfacet
facet normal -9.66833e-17 0.808211 0.588893
  outer loop
    vertex 0.003761116748869142 14.91621288047387 -92.07758935875647
    vertex -1.614837580618854 13.30135639724893 -89.86132083571299
    vertex 1.694990715577471 13.2612283310451 -89.80624809646835
  endloop
endfacet
facet normal -5.61972e-16 0.808211 0.588893
  outer loop
    vertex 0.003761116748869142 14.91621288047387 -92.07758935875647
    vertex -3.306067179447455 14.9563409466777 -92.13266209800111
    vertex -1.614837580618854 13.30135639724893 -89.86132083571299
  endloop
endfacet
facet normal -1.43514e-16 0.808211 0.588893
  outer loop
    vertex 1.694990715577471 13.2612283310451 -89.80624809646835
    vertex -1.614837580618854 13.30135639724893 -89.86132083571299
    vertex 0.07639201820974684 11.64637184782017 -87.58997957342487
  endloop
endfacet
facet normal -1.08721e-15 0.808211 0.588893
  outer loop
    vertex 3.313589412945195 14.87608481427004 -92.02251661951183
    vertex 4.040515196983149 16.25892270431673 -93.92035715210328
    vertex 1.710269119219427 16.12782731382277 -93.74043863272648
  endloop
endfacet
facet normal -1.10812e-15 0.808211 0.588893
  outer loop
    vertex 4.040515196983149 16.25892270431673 -93.92035715210328
    vertex 2.437194903257382 17.51066520386946 -95.63827916531793
    vertex 1.710269119219427 16.12782731382277 -93.74043863272648
  endloop
endfacet
facet normal -1.17084e-15 0.808211 0.588893
  outer loop
    vertex 4.040515196983149 16.25892270431673 -93.92035715210328
    vertex 4.767440981021103 17.64176059436342 -95.81819768469472
    vertex 2.437194903257382 17.51066520386946 -95.63827916531793
  endloop
endfacet
facet normal 2.59258e-15 0.808211 0.588893
  outer loop
    vertex 1.710269119219427 16.12782731382277 -93.74043863272648
    vertex 2.437194903257382 17.51066520386946 -95.63827916531793
    vertex 0.1069488254936584 17.3795698133755 -95.45836064594111
  endloop
endfacet
facet normal 9.35851e-16 0.808211 0.588893
  outer loop
    vertex 2.975152543807333 8.729440884912595 -83.58671219695019
    vertex 1.52577228100854 10.18790636636638 -85.58834588518752
    vertex -1.414345906465461e-14 8.85527431104731 -83.75940906777808
  endloop
endfacet
facet normal -9.65108e-16 0.808211 0.588893
  outer loop
    vertex 1.52577228100854 10.18790636636638 -85.58834588518752
    vertex -1.449380262798806 10.18790636636638 -85.58834588518752
    vertex -1.414345906465461e-14 8.85527431104731 -83.75940906777808
  endloop
endfacet
facet normal -9.65108e-16 0.808211 0.588893
  outer loop
    vertex 1.52577228100854 10.18790636636638 -85.58834588518752
    vertex 0.07639201820974684 11.64637184782017 -87.58997957342487
    vertex -1.449380262798806 10.18790636636638 -85.58834588518752
  endloop
endfacet
facet normal 7.37016e-16 0.808211 0.588893
  outer loop
    vertex -1.414345906465461e-14 8.85527431104731 -83.75940906777808
    vertex -1.449380262798806 10.18790636636638 -85.58834588518752
    vertex -2.97515254380736 8.729440884912592 -83.58671219695017
  endloop
endfacet
facet normal -0 0.808211 0.588893
  outer loop
    vertex -2.916666666666668 20 -99.05470310719247
    vertex -1.404858920586506 18.68978490668775 -97.2565318765668
    vertex 0 20 -99.05470310719247
  endloop
endfacet
facet normal -0 0.808211 0.588893
  outer loop
    vertex -1.404858920586506 18.68978490668775 -97.2565318765668
    vertex 1.511807746080162 18.68978490668775 -97.2565318765668
    vertex 0 20 -99.05470310719247
  endloop
endfacet
facet normal -0 0.808211 0.588893
  outer loop
    vertex -1.404858920586506 18.68978490668775 -97.2565318765668
    vertex 0.1069488254936584 17.3795698133755 -95.45836064594111
    vertex 1.511807746080162 18.68978490668775 -97.2565318765668
  endloop
endfacet
facet normal -0 0.808211 0.588893
  outer loop
    vertex 0 20 -99.05470310719247
    vertex 1.511807746080162 18.68978490668775 -97.2565318765668
    vertex 2.916666666666666 20 -99.05470310719247
  endloop
endfacet
facet normal 3.79863e-16 0.808211 0.588893
  outer loop
    vertex -8.75 11.90629668834313 -87.94670678007898
    vertex -6.028033589723726 13.43131881751041 -90.03968443904004
    vertex -8.75 13.92972251625735 -90.72370586185735
  endloop
endfacet
facet normal 4.03604e-16 0.808211 0.588893
  outer loop
    vertex -6.028033589723726 13.43131881751041 -90.03968443904004
    vertex -6.028033589723726 15.45474464542463 -92.81668352081842
    vertex -8.75 13.92972251625735 -90.72370586185735
  endloop
endfacet
facet normal 3.79863e-16 0.808211 0.588893
  outer loop
    vertex -6.028033589723726 13.43131881751041 -90.03968443904004
    vertex -3.306067179447455 14.9563409466777 -92.13266209800111
    vertex -6.028033589723726 15.45474464542463 -92.81668352081842
  endloop
endfacet
facet normal 8.54691e-16 0.808211 0.588893
  outer loop
    vertex -8.75 13.92972251625735 -90.72370586185735
    vertex -6.028033589723726 15.45474464542463 -92.81668352081842
    vertex -8.75 15.95314834417156 -93.50070494363572
  endloop
endfacet
facet normal 1.79739e-15 0.808211 0.588893
  outer loop
    vertex -8.75 15.95314834417156 -93.50070494363572
    vertex -6.736578502062047 16.80548008250826 -94.67046586201415
    vertex -8.75 17.97657417208578 -96.2777040254141
  endloop
endfacet
facet normal 2.18255e-15 0.808211 0.588893
  outer loop
    vertex -6.736578502062047 16.80548008250826 -94.67046586201415
    vertex -6.736578502062047 18.82890591042247 -97.44746494379253
    vertex -8.75 17.97657417208578 -96.2777040254141
  endloop
endfacet
facet normal -3.4022e-15 0.808211 0.588893
  outer loop
    vertex -6.736578502062047 16.80548008250826 -94.67046586201415
    vertex -4.723157004124094 17.65781182084495 -95.84022678039257
    vertex -6.736578502062047 18.82890591042247 -97.44746494379253
  endloop
endfacet
facet normal 2.18255e-15 0.808211 0.588893
  outer loop
    vertex -8.75 17.97657417208578 -96.2777040254141
    vertex -6.736578502062047 18.82890591042247 -97.44746494379253
    vertex -8.75 20 -99.05470310719247
  endloop
endfacet
facet normal -7.78876e-16 0.808211 0.588893
  outer loop
    vertex 8.75 20 -99.05470310719247
    vertex 6.758720490510552 18.82088029718171 -97.4364503959436
    vertex 8.75 17.97657417208578 -96.2777040254141
  endloop
endfacet
facet normal -7.1397e-16 0.808211 0.588893
  outer loop
    vertex 6.758720490510552 18.82088029718171 -97.4364503959436
    vertex 6.758720490510552 16.79745446926749 -94.65945131416522
    vertex 8.75 17.97657417208578 -96.2777040254141
  endloop
endfacet
facet normal -7.78876e-16 0.808211 0.588893
  outer loop
    vertex 6.758720490510552 18.82088029718171 -97.4364503959436
    vertex 4.767440981021103 17.64176059436342 -95.81819768469472
    vertex 6.758720490510552 16.79745446926749 -94.65945131416522
  endloop
endfacet
facet normal -3.89438e-16 0.808211 0.588893
  outer loop
    vertex 8.75 17.97657417208578 -96.2777040254141
    vertex 6.758720490510552 16.79745446926749 -94.65945131416522
    vertex 8.75 15.95314834417156 -93.50070494363572
  endloop
endfacet
facet normal -1.18871e-16 0.808211 0.588893
  outer loop
    vertex 8.75 15.95314834417156 -93.50070494363572
    vertex 6.031794706472597 15.4146165792208 -92.76161078157378
    vertex 8.75 13.92972251625735 -90.72370586185735
  endloop
endfacet
facet normal -9.5097e-17 0.808211 0.588893
  outer loop
    vertex 6.031794706472597 15.4146165792208 -92.76161078157378
    vertex 6.031794706472597 13.39119075130658 -89.98461169979541
    vertex 8.75 13.92972251625735 -90.72370586185735
  endloop
endfacet
facet normal -1.18871e-16 0.808211 0.588893
  outer loop
    vertex 6.031794706472597 15.4146165792208 -92.76161078157378
    vertex 3.313589412945195 14.87608481427004 -92.02251661951183
    vertex 6.031794706472597 13.39119075130658 -89.98461169979541
  endloop
endfacet
facet normal -2.61517e-16 0.808211 0.588893
  outer loop
    vertex 8.75 13.92972251625735 -90.72370586185735
    vertex 6.031794706472597 13.39119075130658 -89.98461169979541
    vertex 8.75 11.90629668834313 -87.94670678007898
  endloop
endfacet
facet normal -1.74743e-16 0.808211 0.588893
  outer loop
    vertex 8.75 15.95314834417156 -93.50070494363572
    vertex 6.758720490510552 16.79745446926749 -94.65945131416522
    vertex 6.031794706472597 15.4146165792208 -92.76161078157378
  endloop
endfacet
facet normal -1.94159e-16 0.808211 0.588893
  outer loop
    vertex 6.758720490510552 16.79745446926749 -94.65945131416522
    vertex 4.040515196983149 16.25892270431673 -93.92035715210328
    vertex 6.031794706472597 15.4146165792208 -92.76161078157378
  endloop
endfacet
facet normal -4.07733e-16 0.808211 0.588893
  outer loop
    vertex 6.758720490510552 16.79745446926749 -94.65945131416522
    vertex 4.767440981021103 17.64176059436342 -95.81819768469472
    vertex 4.040515196983149 16.25892270431673 -93.92035715210328
  endloop
endfacet
facet normal -1.74743e-16 0.808211 0.588893
  outer loop
    vertex 6.031794706472597 15.4146165792208 -92.76161078157378
    vertex 4.040515196983149 16.25892270431673 -93.92035715210328
    vertex 3.313589412945195 14.87608481427004 -92.02251661951183
  endloop
endfacet
facet normal -4.28838e-16 0.808211 0.588893
  outer loop
    vertex 0.1069488254936584 17.3795698133755 -95.45836064594111
    vertex -2.308104089315218 17.51869081711022 -95.64929371316684
    vertex -1.599559176976898 16.1679553800266 -93.79551137197112
  endloop
endfacet
facet normal -4.13338e-16 0.808211 0.588893
  outer loop
    vertex -2.308104089315218 17.51869081711022 -95.64929371316684
    vertex -4.014612091785775 16.30707638376132 -93.98644443919684
    vertex -1.599559176976898 16.1679553800266 -93.79551137197112
  endloop
endfacet
facet normal 6.71674e-16 0.808211 0.588893
  outer loop
    vertex -2.308104089315218 17.51869081711022 -95.64929371316684
    vertex -4.723157004124094 17.65781182084495 -95.84022678039257
    vertex -4.014612091785775 16.30707638376132 -93.98644443919684
  endloop
endfacet
facet normal -1.80835e-16 0.808211 0.588893
  outer loop
    vertex -1.599559176976898 16.1679553800266 -93.79551137197112
    vertex -4.014612091785775 16.30707638376132 -93.98644443919684
    vertex -3.306067179447455 14.9563409466777 -92.13266209800111
  endloop
endfacet
facet normal 2.51247e-15 0.808211 0.588893
  outer loop
    vertex 0.1069488254936584 17.3795698133755 -95.45836064594111
    vertex 2.437194903257382 17.51066520386946 -95.63827916531793
    vertex 1.511807746080162 18.68978490668775 -97.2565318765668
  endloop
endfacet
facet normal -9.11556e-16 0.808211 0.588893
  outer loop
    vertex 2.437194903257382 17.51066520386946 -95.63827916531793
    vertex 3.842053823843885 18.82088029718171 -97.4364503959436
    vertex 1.511807746080162 18.68978490668775 -97.2565318765668
  endloop
endfacet
facet normal -9.2295e-16 0.808211 0.588893
  outer loop
    vertex 2.437194903257382 17.51066520386946 -95.63827916531793
    vertex 4.767440981021103 17.64176059436342 -95.81819768469472
    vertex 3.842053823843885 18.82088029718171 -97.4364503959436
  endloop
endfacet
facet normal -9.2295e-16 0.808211 0.588893
  outer loop
    vertex 1.511807746080162 18.68978490668775 -97.2565318765668
    vertex 3.842053823843885 18.82088029718171 -97.4364503959436
    vertex 2.916666666666666 20 -99.05470310719247
  endloop
endfacet
facet normal -4.42669e-16 0.808211 0.588893
  outer loop
    vertex -2.916666666666668 20 -99.05470310719247
    vertex -3.819911835395381 18.82890591042247 -97.44746494379253
    vertex -1.404858920586506 18.68978490668775 -97.2565318765668
  endloop
endfacet
facet normal 0 0.808211 0.588893
  outer loop
    vertex -3.819911835395381 18.82890591042247 -97.44746494379253
    vertex -2.308104089315218 17.51869081711022 -95.64929371316684
    vertex -1.404858920586506 18.68978490668775 -97.2565318765668
  endloop
endfacet
facet normal 1.23947e-15 0.808211 0.588893
  outer loop
    vertex -3.819911835395381 18.82890591042247 -97.44746494379253
    vertex -4.723157004124094 17.65781182084495 -95.84022678039257
    vertex -2.308104089315218 17.51869081711022 -95.64929371316684
  endloop
endfacet
facet normal 0 0.808211 0.588893
  outer loop
    vertex -1.404858920586506 18.68978490668775 -97.2565318765668
    vertex -2.308104089315218 17.51869081711022 -95.64929371316684
    vertex 0.1069488254936584 17.3795698133755 -95.45836064594111
  endloop
endfacet
facet normal 4.918e-16 0.808211 0.588893
  outer loop
    vertex -3.306067179447455 14.9563409466777 -92.13266209800111
    vertex -4.014612091785775 16.30707638376132 -93.98644443919684
    vertex -6.028033589723726 15.45474464542463 -92.81668352081842
  endloop
endfacet
facet normal 5.11472e-16 0.808211 0.588893
  outer loop
    vertex -4.014612091785775 16.30707638376132 -93.98644443919684
    vertex -6.736578502062047 16.80548008250826 -94.67046586201415
    vertex -6.028033589723726 15.45474464542463 -92.81668352081842
  endloop
endfacet
facet normal -7.67209e-16 0.808211 0.588893
  outer loop
    vertex -4.014612091785775 16.30707638376132 -93.98644443919684
    vertex -4.723157004124094 17.65781182084495 -95.84022678039257
    vertex -6.736578502062047 16.80548008250826 -94.67046586201415
  endloop
endfacet
facet normal 1.08196e-15 0.808211 0.588893
  outer loop
    vertex -6.028033589723726 15.45474464542463 -92.81668352081842
    vertex -6.736578502062047 16.80548008250826 -94.67046586201415
    vertex -8.75 15.95314834417156 -93.50070494363572
  endloop
endfacet
facet normal -0 0.808211 0.588893
  outer loop
    vertex 2.916666666666666 20 -99.05470310719247
    vertex 3.842053823843885 18.82088029718171 -97.4364503959436
    vertex 5.833333333333333 20 -99.05470310719247
  endloop
endfacet
facet normal -0 0.808211 0.588893
  outer loop
    vertex 3.842053823843885 18.82088029718171 -97.4364503959436
    vertex 6.758720490510552 18.82088029718171 -97.4364503959436
    vertex 5.833333333333333 20 -99.05470310719247
  endloop
endfacet
facet normal -0 0.808211 0.588893
  outer loop
    vertex 3.842053823843885 18.82088029718171 -97.4364503959436
    vertex 4.767440981021103 17.64176059436342 -95.81819768469472
    vertex 6.758720490510552 18.82088029718171 -97.4364503959436
  endloop
endfacet
facet normal -0 0.808211 0.588893
  outer loop
    vertex 5.833333333333333 20 -99.05470310719247
    vertex 6.758720490510552 18.82088029718171 -97.4364503959436
    vertex 8.75 20 -99.05470310719247
  endloop
endfacet
facet normal -0 0.808211 0.588893
  outer loop
    vertex -8.75 20 -99.05470310719247
    vertex -6.736578502062047 18.82890591042247 -97.44746494379253
    vertex -5.833333333333334 20 -99.05470310719247
  endloop
endfacet
facet normal -0 0.808211 0.588893
  outer loop
    vertex -6.736578502062047 18.82890591042247 -97.44746494379253
    vertex -3.819911835395381 18.82890591042247 -97.44746494379253
    vertex -5.833333333333334 20 -99.05470310719247
  endloop
endfacet
facet normal -0 0.808211 0.588893
  outer loop
    vertex -6.736578502062047 18.82890591042247 -97.44746494379253
    vertex -4.723157004124094 17.65781182084495 -95.84022678039257
    vertex -3.819911835395381 18.82890591042247 -97.44746494379253
  endloop
endfacet
facet normal -0 0.808211 0.588893
  outer loop
    vertex -5.833333333333334 20 -99.05470310719247
    vertex -3.819911835395381 18.82890591042247 -97.44746494379253
    vertex -2.916666666666668 20 -99.05470310719247
  endloop
endfacet
facet normal 0 1 0
  outer loop
    vertex -2.916666666666668 20 -100.9452968928075
    vertex -5.833333333333334 20 -100.9452968928075
    vertex -5.833333333333334 20 -100
  endloop
endfacet
facet normal 0 1 -0
  outer loop
    vertex -5.833333333333334 20 -100.9452968928075
    vertex -8.75 20 -100
    vertex -5.833333333333334 20 -100
  endloop
endfacet
facet normal 0 1 0
  outer loop
    vertex -5.833333333333334 20 -100.9452968928075
    vertex -8.75 20 -100.9452968928075
    vertex -8.75 20 -100
  endloop
endfacet
facet normal 0 1 0
  outer loop
    vertex -5.833333333333334 20 -100
    vertex -8.75 20 -100
    vertex -8.75 20 -99.05470310719247
  endloop
endfacet
facet normal 0 1 0
  outer loop
    vertex -2.916666666666668 20 -99.05470310719247
    vertex -2.916666666666668 20 -100
    vertex -5.833333333333334 20 -99.05470310719247
  endloop
endfacet
facet normal 0 1 0
  outer loop
    vertex -2.916666666666668 20 -100
    vertex -5.833333333333334 20 -100
    vertex -5.833333333333334 20 -99.05470310719247
  endloop
endfacet
facet normal 0 1 0
  outer loop
    vertex -2.916666666666668 20 -100
    vertex -2.916666666666668 20 -100.9452968928075
    vertex -5.833333333333334 20 -100
  endloop
endfacet
facet normal 0 1 0
  outer loop
    vertex -5.833333333333334 20 -99.05470310719247
    vertex -5.833333333333334 20 -100
    vertex -8.75 20 -99.05470310719247
  endloop
endfacet
facet normal 0 1 0
  outer loop
    vertex 8.75 20 -99.05470310719247
    vertex 8.75 20 -100
    vertex 5.833333333333333 20 -100
  endloop
endfacet
facet normal 0 1 0
  outer loop
    vertex 8.75 20 -100
    vertex 5.833333333333333 20 -100.9452968928075
    vertex 5.833333333333333 20 -100
  endloop
endfacet
facet normal 0 1 0
  outer loop
    vertex 8.75 20 -100
    vertex 8.75 20 -100.9452968928075
    vertex 5.833333333333333 20 -100.9452968928075
  endloop
endfacet
facet normal 0 1 0
  outer loop
    vertex 5.833333333333333 20 -100
    vertex 5.833333333333333 20 -100.9452968928075
    vertex 2.916666666666666 20 -100.9452968928075
  endloop
endfacet
facet normal 0 1 0
  outer loop
    vertex 8.75 20 -99.05470310719247
    vertex 5.833333333333333 20 -100
    vertex 5.833333333333333 20 -99.05470310719247
  endloop
endfacet
facet normal 0 1 -0
  outer loop
    vertex 5.833333333333333 20 -100
    vertex 2.916666666666666 20 -100
    vertex 5.833333333333333 20 -99.05470310719247
  endloop
endfacet
facet normal 0 1 0
  outer loop
    vertex 5.833333333333333 20 -100
    vertex 2.916666666666666 20 -100.9452968928075
    vertex 2.916666666666666 20 -100
  endloop
endfacet
facet normal 0 1 0
  outer loop
    vertex 5.833333333333333 20 -99.05470310719247
    vertex 2.916666666666666 20 -100
    vertex 2.916666666666666 20 -99.05470310719247
  endloop
endfacet
facet normal 0 1 0
  outer loop
    vertex 2.916666666666666 20 -99.05470310719247
    vertex 0 20 -100
    vertex 0 20 -99.05470310719247
  endloop
endfacet
facet normal 0 1 -0
  outer loop
    vertex 0 20 -100
    vertex -2.916666666666668 20 -100
    vertex 0 20 -99.05470310719247
  endloop
endfacet
facet normal 0 1 0
  outer loop
    vertex 0 20 -100
    vertex -2.916666666666668 20 -100.9452968928075
    vertex -2.916666666666668 20 -100
  endloop
endfacet
facet normal 0 1 0
  outer loop
    vertex 0 20 -99.05470310719247
    vertex -2.916666666666668 20 -100
    vertex -2.916666666666668 20 -99.05470310719247
  endloop
endfacet
facet normal 0 1 0
  outer loop
    vertex 2.916666666666666 20 -99.05470310719247
    vertex 2.916666666666666 20 -100
    vertex 0 20 -100
  endloop
endfacet
facet normal 0 1 0
  outer loop
    vertex 2.916666666666666 20 -100
    vertex 0 20 -100.9452968928075
    vertex 0 20 -100
  endloop
endfacet
facet normal 0 1 0
  outer loop
    vertex 2.916666666666666 20 -100
    vertex 2.916666666666666 20 -100.9452968928075
    vertex 0 20 -100.9452968928075
  endloop
endfacet
facet normal 0 1 0
  outer loop
    vertex 0 20 -100
    vertex 0 20 -100.9452968928075
    vertex -2.916666666666668 20 -100.9452968928075
  endloop
endfacet
facet normal -5.53452e-16 0.808211 -0.588893
  outer loop
    vertex 8.75 13.05801383527291 -110.4726484464038
    vertex 5.482734211880762 13.41112853170941 -109.9880252028735
    vertex 8.75 14.79351037645468 -108.0908105580047
  endloop
endfacet
facet normal -1.84484e-16 0.808211 -0.588893
  outer loop
    vertex 5.482734211880762 13.41112853170941 -109.9880252028735
    vertex 5.482734211880762 15.14662507289118 -107.6061873144745
    vertex 8.75 14.79351037645468 -108.0908105580047
  endloop
endfacet
facet normal 2.30605e-16 0.808211 -0.588893
  outer loop
    vertex 5.482734211880762 13.41112853170941 -109.9880252028735
    vertex 2.215468423761526 13.76424322814591 -109.5034019593433
    vertex 5.482734211880762 15.14662507289118 -107.6061873144745
  endloop
endfacet
facet normal -6.34163e-16 0.808211 -0.588893
  outer loop
    vertex 8.75 14.79351037645468 -108.0908105580047
    vertex 5.482734211880762 15.14662507289118 -107.6061873144745
    vertex 8.75 16.52900691763645 -105.7089726696057
  endloop
endfacet
facet normal 2.07341e-15 0.808211 -0.588893
  outer loop
    vertex 2.215468423761526 13.76424322814591 -109.5034019593433
    vertex 3.33856534999757 15.62918323918672 -106.9439126878386
    vertex 5.482734211880762 15.14662507289118 -107.6061873144745
  endloop
endfacet
facet normal 1.79984e-15 0.808211 -0.588893
  outer loop
    vertex 3.33856534999757 15.62918323918672 -106.9439126878386
    vertex 6.605831138116806 17.01156508393199 -105.0466980429697
    vertex 5.482734211880762 15.14662507289118 -107.6061873144745
  endloop
endfacet
facet normal -1.61265e-15 0.808211 -0.588893
  outer loop
    vertex 3.33856534999757 15.62918323918672 -106.9439126878386
    vertex 4.461662276233612 17.49412325022752 -104.3844234163338
    vertex 6.605831138116806 17.01156508393199 -105.0466980429697
  endloop
endfacet
facet normal -4.60758e-16 0.808211 -0.588893
  outer loop
    vertex 5.482734211880762 15.14662507289118 -107.6061873144745
    vertex 6.605831138116806 17.01156508393199 -105.0466980429697
    vertex 8.75 16.52900691763645 -105.7089726696057
  endloop
endfacet
facet normal 2.10378e-15 0.808211 -0.588893
  outer loop
    vertex -1.77635683940025e-15 9.091005730521285 -115.9170673681779
    vertex -1.98545773038234 10.28951396248704 -114.2722053654508
    vertex 1.107734211880762 11.4276244793336 -112.7102346637606
  endloop
endfacet
facet normal 5.25945e-16 0.808211 -0.588893
  outer loop
    vertex -1.98545773038234 10.28951396248704 -114.2722053654508
    vertex -0.8777235185015773 12.62613271129935 -111.0653726610335
    vertex 1.107734211880762 11.4276244793336 -112.7102346637606
  endloop
endfacet
facet normal -2.71738e-15 0.808211 -0.588893
  outer loop
    vertex -1.98545773038234 10.28951396248704 -114.2722053654508
    vertex -3.970915460764679 11.48802219445279 -112.6273433627237
    vertex -0.8777235185015773 12.62613271129935 -111.0653726610335
  endloop
endfacet
facet normal 5.25945e-16 0.808211 -0.588893
  outer loop
    vertex 1.107734211880762 11.4276244793336 -112.7102346637606
    vertex -0.8777235185015773 12.62613271129935 -111.0653726610335
    vertex 2.215468423761526 13.76424322814591 -109.5034019593433
  endloop
endfacet
facet normal 7.73251e-16 0.808211 -0.588893
  outer loop
    vertex 2.215468423761526 13.76424322814591 -109.5034019593433
    vertex -0.8777235185015773 12.62613271129935 -111.0653726610335
    vertex -0.9176530317401674 14.27887680230029 -108.797106258674
  endloop
endfacet
facet normal 7.85927e-16 0.808211 -0.588893
  outer loop
    vertex -0.8777235185015773 12.62613271129935 -111.0653726610335
    vertex -4.01084497400327 13.14076628545373 -110.3590769603642
    vertex -0.9176530317401674 14.27887680230029 -108.797106258674
  endloop
endfacet
facet normal -6.33812e-17 0.808211 -0.588893
  outer loop
    vertex -0.8777235185015773 12.62613271129935 -111.0653726610335
    vertex -3.970915460764679 11.48802219445279 -112.6273433627237
    vertex -4.01084497400327 13.14076628545373 -110.3590769603642
  endloop
endfacet
facet normal -7.60575e-16 0.808211 -0.588893
  outer loop
    vertex -0.9176530317401674 14.27887680230029 -108.797106258674
    vertex -4.01084497400327 13.14076628545373 -110.3590769603642
    vertex -4.050774487241862 14.79351037645468 -108.0908105580047
  endloop
endfacet
facet normal 0 0.808211 -0.588893
  outer loop
    vertex -2.916666666666668 6.116027670545821 -120
    vertex -1.458333333333336 7.603516700533553 -117.9585336840889
    vertex 0 6.116027670545821 -120
  endloop
endfacet
facet normal 0 0.808211 -0.588893
  outer loop
    vertex -1.458333333333336 7.603516700533553 -117.9585336840889
    vertex 1.458333333333332 7.603516700533553 -117.9585336840889
    vertex 0 6.116027670545821 -120
  endloop
endfacet
facet normal 0 0.808211 -0.588893
  outer loop
    vertex -1.458333333333336 7.603516700533553 -117.9585336840889
    vertex -1.77635683940025e-15 9.091005730521285 -115.9170673681779
    vertex 1.458333333333332 7.603516700533553 -117.9585336840889
  endloop
endfacet
facet normal 0 0.808211 -0.588893
  outer loop
    vertex 0 6.116027670545821 -120
    vertex 1.458333333333332 7.603516700533553 -117.9585336840889
    vertex 2.916666666666666 6.116027670545821 -120
  endloop
endfacet
facet normal 0 0.808211 -0.588893
  outer loop
    vertex 2.916666666666666 20 -100.9452968928075
    vertex 1.296421478703269 18.58868305267763 -102.8822227799563
    vertex 0 20 -100.9452968928075
  endloop
endfacet
facet normal 0 0.808211 -0.588893
  outer loop
    vertex 1.296421478703269 18.58868305267763 -102.8822227799563
    vertex -1.620245187963398 18.58868305267763 -102.8822227799563
    vertex 0 20 -100.9452968928075
  endloop
endfacet
facet normal 0 0.808211 -0.588893
  outer loop
    vertex 1.296421478703269 18.58868305267763 -102.8822227799563
    vertex -0.3238237092601288 17.17736610535526 -104.8191486671051
    vertex -1.620245187963398 18.58868305267763 -102.8822227799563
  endloop
endfacet
facet normal 0 0.808211 -0.588893
  outer loop
    vertex 0 20 -100.9452968928075
    vertex -1.620245187963398 18.58868305267763 -102.8822227799563
    vertex -2.916666666666668 20 -100.9452968928075
  endloop
endfacet
facet normal -4.80687e-16 0.808211 -0.588893
  outer loop
    vertex -0.3238237092601288 17.17736610535526 -104.8191486671051
    vertex 2.068919283486742 17.33574467779139 -104.6017860417194
    vertex 0.9458223572506981 15.47080466675059 -107.1612753132242
  endloop
endfacet
facet normal -4.88317e-16 0.808211 -0.588893
  outer loop
    vertex 2.068919283486742 17.33574467779139 -104.6017860417194
    vertex 3.33856534999757 15.62918323918672 -106.9439126878386
    vertex 0.9458223572506981 15.47080466675059 -107.1612753132242
  endloop
endfacet
facet normal -4.80687e-16 0.808211 -0.588893
  outer loop
    vertex 2.068919283486742 17.33574467779139 -104.6017860417194
    vertex 4.461662276233612 17.49412325022752 -104.3844234163338
    vertex 3.33856534999757 15.62918323918672 -106.9439126878386
  endloop
endfacet
facet normal -1.75489e-16 0.808211 -0.588893
  outer loop
    vertex 0.9458223572506981 15.47080466675059 -107.1612753132242
    vertex 3.33856534999757 15.62918323918672 -106.9439126878386
    vertex 2.215468423761526 13.76424322814591 -109.5034019593433
  endloop
endfacet
facet normal 0 0.808211 -0.588893
  outer loop
    vertex 2.215468423761526 13.76424322814591 -109.5034019593433
    vertex 3.52678196206301 12.21594175950023 -111.6283287530165
    vertex 1.107734211880762 11.4276244793336 -112.7102346637606
  endloop
endfacet
facet normal 0 0.808211 -0.588893
  outer loop
    vertex 3.52678196206301 12.21594175950023 -111.6283287530165
    vertex 2.419047750182247 9.879323010687912 -114.8351614574337
    vertex 1.107734211880762 11.4276244793336 -112.7102346637606
  endloop
endfacet
facet normal 0 0.808211 -0.588893
  outer loop
    vertex 3.52678196206301 12.21594175950023 -111.6283287530165
    vertex 4.838095500364496 10.66764029085454 -113.7532555466896
    vertex 2.419047750182247 9.879323010687912 -114.8351614574337
  endloop
endfacet
facet normal -2.73606e-15 0.808211 -0.588893
  outer loop
    vertex 1.107734211880762 11.4276244793336 -112.7102346637606
    vertex 2.419047750182247 9.879323010687912 -114.8351614574337
    vertex -1.77635683940025e-15 9.091005730521285 -115.9170673681779
  endloop
endfacet
facet normal 1.15562e-16 0.808211 -0.588893
  outer loop
    vertex 8.75 9.587020752909364 -115.2363242232019
    vertex 6.794047750182248 10.12733052188195 -114.4947898849457
    vertex 8.75 11.32251729409113 -112.8544863348028
  endloop
endfacet
facet normal 7.70415e-17 0.808211 -0.588893
  outer loop
    vertex 6.794047750182248 10.12733052188195 -114.4947898849457
    vertex 6.794047750182248 11.86282706306372 -112.1129519965467
    vertex 8.75 11.32251729409113 -112.8544863348028
  endloop
endfacet
facet normal 1.15562e-16 0.808211 -0.588893
  outer loop
    vertex 6.794047750182248 10.12733052188195 -114.4947898849457
    vertex 4.838095500364496 10.66764029085454 -113.7532555466896
    vertex 6.794047750182248 11.86282706306372 -112.1129519965467
  endloop
endfacet
facet normal -3.46687e-16 0.808211 -0.588893
  outer loop
    vertex 8.75 11.32251729409113 -112.8544863348028
    vertex 6.794047750182248 11.86282706306372 -112.1129519965467
    vertex 8.75 13.05801383527291 -110.4726484464038
  endloop
endfacet
facet normal -6.68645e-16 0.808211 -0.588893
  outer loop
    vertex 8.75 13.05801383527291 -110.4726484464038
    vertex 6.794047750182248 11.86282706306372 -112.1129519965467
    vertex 5.482734211880762 13.41112853170941 -109.9880252028735
  endloop
endfacet
facet normal 2.98756e-16 0.808211 -0.588893
  outer loop
    vertex 6.794047750182248 11.86282706306372 -112.1129519965467
    vertex 3.52678196206301 12.21594175950023 -111.6283287530165
    vertex 5.482734211880762 13.41112853170941 -109.9880252028735
  endloop
endfacet
facet normal 2.8453e-16 0.808211 -0.588893
  outer loop
    vertex 6.794047750182248 11.86282706306372 -112.1129519965467
    vertex 4.838095500364496 10.66764029085454 -113.7532555466896
    vertex 3.52678196206301 12.21594175950023 -111.6283287530165
  endloop
endfacet
facet normal 2.8453e-16 0.808211 -0.588893
  outer loop
    vertex 5.482734211880762 13.41112853170941 -109.9880252028735
    vertex 3.52678196206301 12.21594175950023 -111.6283287530165
    vertex 2.215468423761526 13.76424322814591 -109.5034019593433
  endloop
endfacet
facet normal 1.33729e-15 0.808211 -0.588893
  outer loop
    vertex -0.3238237092601288 17.17736610535526 -104.8191486671051
    vertex 0.9458223572506981 15.47080466675059 -107.1612753132242
    vertex -2.187299098250996 15.98543824090497 -106.4549796125549
  endloop
endfacet
facet normal 4.31832e-16 0.808211 -0.588893
  outer loop
    vertex 0.9458223572506981 15.47080466675059 -107.1612753132242
    vertex -0.9176530317401674 14.27887680230029 -108.797106258674
    vertex -2.187299098250996 15.98543824090497 -106.4549796125549
  endloop
endfacet
facet normal 4.45762e-16 0.808211 -0.588893
  outer loop
    vertex 0.9458223572506981 15.47080466675059 -107.1612753132242
    vertex 2.215468423761526 13.76424322814591 -109.5034019593433
    vertex -0.9176530317401674 14.27887680230029 -108.797106258674
  endloop
endfacet
facet normal -2.11737e-15 0.808211 -0.588893
  outer loop
    vertex -2.187299098250996 15.98543824090497 -106.4549796125549
    vertex -0.9176530317401674 14.27887680230029 -108.797106258674
    vertex -4.050774487241862 14.79351037645468 -108.0908105580047
  endloop
endfacet
facet normal -7.25214e-16 0.808211 -0.588893
  outer loop
    vertex -8.75 13.05801383527291 -110.4726484464038
    vertex -6.36045773038234 12.27301801486285 -111.5499959045637
    vertex -8.75 11.32251729409113 -112.8544863348028
  endloop
endfacet
facet normal -7.56745e-16 0.808211 -0.588893
  outer loop
    vertex -6.36045773038234 12.27301801486285 -111.5499959045637
    vertex -6.36045773038234 10.53752147368107 -113.9318337929628
    vertex -8.75 11.32251729409113 -112.8544863348028
  endloop
endfacet
facet normal 2.80626e-15 0.808211 -0.588893
  outer loop
    vertex -6.36045773038234 12.27301801486285 -111.5499959045637
    vertex -3.970915460764679 11.48802219445279 -112.6273433627237
    vertex -6.36045773038234 10.53752147368107 -113.9318337929628
  endloop
endfacet
facet normal -1.57655e-16 0.808211 -0.588893
  outer loop
    vertex -8.75 11.32251729409113 -112.8544863348028
    vertex -6.36045773038234 10.53752147368107 -113.9318337929628
    vertex -8.75 9.587020752909364 -115.2363242232019
  endloop
endfacet
facet normal 5.77204e-16 0.808211 -0.588893
  outer loop
    vertex -8.75 16.52900691763645 -105.7089726696057
    vertex -6.40038724362093 15.66125864704556 -106.8998916138052
    vertex -8.75 14.79351037645468 -108.0908105580047
  endloop
endfacet
facet normal -1.15441e-15 0.808211 -0.588893
  outer loop
    vertex -6.40038724362093 15.66125864704556 -106.8998916138052
    vertex -6.40038724362093 13.92576210586379 -109.2817295022042
    vertex -8.75 14.79351037645468 -108.0908105580047
  endloop
endfacet
facet normal 1.73161e-15 0.808211 -0.588893
  outer loop
    vertex -6.40038724362093 15.66125864704556 -106.8998916138052
    vertex -4.050774487241862 14.79351037645468 -108.0908105580047
    vertex -6.40038724362093 13.92576210586379 -109.2817295022042
  endloop
endfacet
facet normal -1.15441e-15 0.808211 -0.588893
  outer loop
    vertex -8.75 14.79351037645468 -108.0908105580047
    vertex -6.40038724362093 13.92576210586379 -109.2817295022042
    vertex -8.75 13.05801383527291 -110.4726484464038
  endloop
endfacet
facet normal -7.07493e-16 0.808211 -0.588893
  outer loop
    vertex -8.75 9.587020752909364 -115.2363242232019
    vertex -6.620093350553876 9.110679998160979 -115.8900659222062
    vertex -8.75 7.851524211727592 -117.6181621116009
  endloop
endfacet
facet normal -7.07493e-16 0.808211 -0.588893
  outer loop
    vertex -6.620093350553876 9.110679998160979 -115.8900659222062
    vertex -6.620093350553876 7.375183456979207 -118.2719038106053
    vertex -8.75 7.851524211727592 -117.6181621116009
  endloop
endfacet
facet normal -7.07493e-16 0.808211 -0.588893
  outer loop
    vertex -6.620093350553876 9.110679998160979 -115.8900659222062
    vertex -4.490186701107753 8.634339243412594 -116.5438076212105
    vertex -6.620093350553876 7.375183456979207 -118.2719038106053
  endloop
endfacet
facet normal 3.53747e-16 0.808211 -0.588893
  outer loop
    vertex -8.75 7.851524211727592 -117.6181621116009
    vertex -6.620093350553876 7.375183456979207 -118.2719038106053
    vertex -8.75 6.116027670545821 -120
  endloop
endfacet
facet normal -3.53747e-16 0.808211 -0.588893
  outer loop
    vertex -8.75 20 -100.9452968928075
    vertex -6.620093350553876 18.74084421356661 -102.6733930822023
    vertex -8.75 18.26450345881823 -103.3271347812066
  endloop
endfacet
facet normal -1.41499e-15 0.808211 -0.588893
  outer loop
    vertex -6.620093350553876 18.74084421356661 -102.6733930822023
    vertex -6.620093350553876 17.00534767238484 -105.0552309706013
    vertex -8.75 18.26450345881823 -103.3271347812066
  endloop
endfacet
facet normal -1.41499e-15 0.808211 -0.588893
  outer loop
    vertex -6.620093350553876 18.74084421356661 -102.6733930822023
    vertex -4.490186701107755 17.48168842713323 -104.401489271597
    vertex -6.620093350553876 17.00534767238484 -105.0552309706013
  endloop
endfacet
facet normal 1.41499e-15 0.808211 -0.588893
  outer loop
    vertex -8.75 18.26450345881823 -103.3271347812066
    vertex -6.620093350553876 17.00534767238484 -105.0552309706013
    vertex -8.75 16.52900691763645 -105.7089726696057
  endloop
endfacet
facet normal 1.44071e-15 0.808211 -0.588893
  outer loop
    vertex 8.75 16.52900691763645 -105.7089726696057
    vertex 6.605831138116806 17.01156508393199 -105.0466980429697
    vertex 8.75 18.26450345881823 -103.3271347812066
  endloop
endfacet
facet normal 4.21672e-15 0.808211 -0.588893
  outer loop
    vertex 6.605831138116806 17.01156508393199 -105.0466980429697
    vertex 6.605831138116806 18.74706162511377 -102.6648601545707
    vertex 8.75 18.26450345881823 -103.3271347812066
  endloop
endfacet
facet normal -2.3192e-15 0.808211 -0.588893
  outer loop
    vertex 6.605831138116806 17.01156508393199 -105.0466980429697
    vertex 4.461662276233612 17.49412325022752 -104.3844234163338
    vertex 6.605831138116806 18.74706162511377 -102.6648601545707
  endloop
endfacet
facet normal 3.16254e-15 0.808211 -0.588893
  outer loop
    vertex 8.75 18.26450345881823 -103.3271347812066
    vertex 6.605831138116806 18.74706162511377 -102.6648601545707
    vertex 8.75 20 -100.9452968928075
  endloop
endfacet
facet normal 0 0.808211 -0.588893
  outer loop
    vertex 8.75 20 -100.9452968928075
    vertex 6.605831138116806 18.74706162511377 -102.6648601545707
    vertex 5.833333333333333 20 -100.9452968928075
  endloop
endfacet
facet normal 0 0.808211 -0.588893
  outer loop
    vertex 6.605831138116806 18.74706162511377 -102.6648601545707
    vertex 3.689164471450139 18.74706162511377 -102.6648601545707
    vertex 5.833333333333333 20 -100.9452968928075
  endloop
endfacet
facet normal 0 0.808211 -0.588893
  outer loop
    vertex 6.605831138116806 18.74706162511377 -102.6648601545707
    vertex 4.461662276233612 17.49412325022752 -104.3844234163338
    vertex 3.689164471450139 18.74706162511377 -102.6648601545707
  endloop
endfacet
facet normal 0 0.808211 -0.588893
  outer loop
    vertex 5.833333333333333 20 -100.9452968928075
    vertex 3.689164471450139 18.74706162511377 -102.6648601545707
    vertex 2.916666666666666 20 -100.9452968928075
  endloop
endfacet
facet normal 0 0.808211 -0.588893
  outer loop
    vertex -2.916666666666668 20 -100.9452968928075
    vertex -3.703426683887212 18.74084421356661 -102.6733930822023
    vertex -5.833333333333334 20 -100.9452968928075
  endloop
endfacet
facet normal 0 0.808211 -0.588893
  outer loop
    vertex -3.703426683887212 18.74084421356661 -102.6733930822023
    vertex -6.620093350553876 18.74084421356661 -102.6733930822023
    vertex -5.833333333333334 20 -100.9452968928075
  endloop
endfacet
facet normal 0 0.808211 -0.588893
  outer loop
    vertex -3.703426683887212 18.74084421356661 -102.6733930822023
    vertex -4.490186701107755 17.48168842713323 -104.401489271597
    vertex -6.620093350553876 18.74084421356661 -102.6733930822023
  endloop
endfacet
facet normal 0 0.808211 -0.588893
  outer loop
    vertex -5.833333333333334 20 -100.9452968928075
    vertex -6.620093350553876 18.74084421356661 -102.6733930822023
    vertex -8.75 20 -100.9452968928075
  endloop
endfacet
facet normal 0 0.808211 -0.588893
  outer loop
    vertex -8.75 6.116027670545821 -120
    vertex -6.620093350553876 7.375183456979207 -118.2719038106053
    vertex -5.833333333333334 6.116027670545821 -120
  endloop
endfacet
facet normal 0 0.808211 -0.588893
  outer loop
    vertex -6.620093350553876 7.375183456979207 -118.2719038106053
    vertex -3.70342668388721 7.375183456979207 -118.2719038106053
    vertex -5.833333333333334 6.116027670545821 -120
  endloop
endfacet
facet normal 0 0.808211 -0.588893
  outer loop
    vertex -6.620093350553876 7.375183456979207 -118.2719038106053
    vertex -4.490186701107753 8.634339243412594 -116.5438076212105
    vertex -3.70342668388721 7.375183456979207 -118.2719038106053
  endloop
endfacet
facet normal 0 0.808211 -0.588893
  outer loop
    vertex -5.833333333333334 6.116027670545821 -120
    vertex -3.70342668388721 7.375183456979207 -118.2719038106053
    vertex -2.916666666666668 6.116027670545821 -120
  endloop
endfacet
facet normal 7.34243e-16 0.808211 -0.588893
  outer loop
    vertex -4.050774487241862 14.79351037645468 -108.0908105580047
    vertex -4.01084497400327 13.14076628545373 -110.3590769603642
    vertex -6.40038724362093 13.92576210586379 -109.2817295022042
  endloop
endfacet
facet normal -6.50806e-16 0.808211 -0.588893
  outer loop
    vertex -4.01084497400327 13.14076628545373 -110.3590769603642
    vertex -6.36045773038234 12.27301801486285 -111.5499959045637
    vertex -6.40038724362093 13.92576210586379 -109.2817295022042
  endloop
endfacet
facet normal 1.20149e-15 0.808211 -0.588893
  outer loop
    vertex -4.01084497400327 13.14076628545373 -110.3590769603642
    vertex -3.970915460764679 11.48802219445279 -112.6273433627237
    vertex -6.36045773038234 12.27301801486285 -111.5499959045637
  endloop
endfacet
facet normal -6.34119e-16 0.808211 -0.588893
  outer loop
    vertex -6.40038724362093 13.92576210586379 -109.2817295022042
    vertex -6.36045773038234 12.27301801486285 -111.5499959045637
    vertex -8.75 13.05801383527291 -110.4726484464038
  endloop
endfacet
facet normal -1.02258e-15 0.808211 -0.588893
  outer loop
    vertex -1.77635683940025e-15 9.091005730521285 -115.9170673681779
    vertex 2.637244916692701 8.636986475177213 -116.5401744956083
    vertex 1.458333333333332 7.603516700533553 -117.9585336840889
  endloop
endfacet
facet normal -1.28324e-15 0.808211 -0.588893
  outer loop
    vertex 2.637244916692701 8.636986475177213 -116.5401744956083
    vertex 4.095578250026035 7.149497445189482 -118.5816408115194
    vertex 1.458333333333332 7.603516700533553 -117.9585336840889
  endloop
endfacet
facet normal -1.584e-15 0.808211 -0.588893
  outer loop
    vertex 2.637244916692701 8.636986475177213 -116.5401744956083
    vertex 5.274489833385404 8.182967219833143 -117.1632816230388
    vertex 4.095578250026035 7.149497445189482 -118.5816408115194
  endloop
endfacet
facet normal -1.36344e-15 0.808211 -0.588893
  outer loop
    vertex 1.458333333333332 7.603516700533553 -117.9585336840889
    vertex 4.095578250026035 7.149497445189482 -118.5816408115194
    vertex 2.916666666666666 6.116027670545821 -120
  endloop
endfacet
facet normal 1.7343e-15 0.808211 -0.588893
  outer loop
    vertex 8.75 6.116027670545821 -120
    vertex 7.012244916692702 7.149497445189482 -118.5816408115194
    vertex 8.75 7.851524211727592 -117.6181621116009
  endloop
endfacet
facet normal 1.56087e-15 0.808211 -0.588893
  outer loop
    vertex 7.012244916692702 7.149497445189482 -118.5816408115194
    vertex 7.012244916692702 8.884993986371253 -116.1998029231203
    vertex 8.75 7.851524211727592 -117.6181621116009
  endloop
endfacet
facet normal 1.99445e-15 0.808211 -0.588893
  outer loop
    vertex 7.012244916692702 7.149497445189482 -118.5816408115194
    vertex 5.274489833385404 8.182967219833143 -117.1632816230388
    vertex 7.012244916692702 8.884993986371253 -116.1998029231203
  endloop
endfacet
facet normal -1.56087e-15 0.808211 -0.588893
  outer loop
    vertex 8.75 7.851524211727592 -117.6181621116009
    vertex 7.012244916692702 8.884993986371253 -116.1998029231203
    vertex 8.75 9.587020752909364 -115.2363242232019
  endloop
endfacet
facet normal 0 0.808211 -0.588893
  outer loop
    vertex 2.916666666666666 6.116027670545821 -120
    vertex 4.095578250026035 7.149497445189482 -118.5816408115194
    vertex 5.833333333333333 6.116027670545821 -120
  endloop
endfacet
facet normal 0 0.808211 -0.588893
  outer loop
    vertex 4.095578250026035 7.149497445189482 -118.5816408115194
    vertex 7.012244916692702 7.149497445189482 -118.5816408115194
    vertex 5.833333333333333 6.116027670545821 -120
  endloop
endfacet
facet normal 0 0.808211 -0.588893
  outer loop
    vertex 4.095578250026035 7.149497445189482 -118.5816408115194
    vertex 5.274489833385404 8.182967219833143 -117.1632816230388
    vertex 7.012244916692702 7.149497445189482 -118.5816408115194
  endloop
endfacet
facet normal 0 0.808211 -0.588893
  outer loop
    vertex 5.833333333333333 6.116027670545821 -120
    vertex 7.012244916692702 7.149497445189482 -118.5816408115194
    vertex 8.75 6.116027670545821 -120
  endloop
endfacet
facet normal 1.52273e-15 0.808211 -0.588893
  outer loop
    vertex 4.838095500364496 10.66764029085454 -113.7532555466896
    vertex 5.05629266687495 9.42530375534384 -115.4582685848642
    vertex 2.419047750182247 9.879323010687912 -114.8351614574337
  endloop
endfacet
facet normal 1.52273e-15 0.808211 -0.588893
  outer loop
    vertex 5.05629266687495 9.42530375534384 -115.4582685848642
    vertex 2.637244916692701 8.636986475177213 -116.5401744956083
    vertex 2.419047750182247 9.879323010687912 -114.8351614574337
  endloop
endfacet
facet normal -9.05407e-16 0.808211 -0.588893
  outer loop
    vertex 5.05629266687495 9.42530375534384 -115.4582685848642
    vertex 5.274489833385404 8.182967219833143 -117.1632816230388
    vertex 2.637244916692701 8.636986475177213 -116.5401744956083
  endloop
endfacet
facet normal -1.76966e-15 0.808211 -0.588893
  outer loop
    vertex 2.419047750182247 9.879323010687912 -114.8351614574337
    vertex 2.637244916692701 8.636986475177213 -116.5401744956083
    vertex -1.77635683940025e-15 9.091005730521285 -115.9170673681779
  endloop
endfacet
facet normal -3.47933e-16 0.808211 -0.588893
  outer loop
    vertex -2.916666666666668 6.116027670545821 -120
    vertex -3.70342668388721 7.375183456979207 -118.2719038106053
    vertex -1.458333333333336 7.603516700533553 -117.9585336840889
  endloop
endfacet
facet normal -3.80552e-16 0.808211 -0.588893
  outer loop
    vertex -3.70342668388721 7.375183456979207 -118.2719038106053
    vertex -2.245093350553876 8.86267248696694 -116.2304374946942
    vertex -1.458333333333336 7.603516700533553 -117.9585336840889
  endloop
endfacet
facet normal 3.82726e-15 0.808211 -0.588893
  outer loop
    vertex -3.70342668388721 7.375183456979207 -118.2719038106053
    vertex -4.490186701107753 8.634339243412594 -116.5438076212105
    vertex -2.245093350553876 8.86267248696694 -116.2304374946942
  endloop
endfacet
facet normal -3.47933e-16 0.808211 -0.588893
  outer loop
    vertex -1.458333333333336 7.603516700533553 -117.9585336840889
    vertex -2.245093350553876 8.86267248696694 -116.2304374946942
    vertex -1.77635683940025e-15 9.091005730521285 -115.9170673681779
  endloop
endfacet
facet normal -1.42481e-15 0.808211 -0.588893
  outer loop
    vertex 2.916666666666666 20 -100.9452968928075
    vertex 3.689164471450139 18.74706162511377 -102.6648601545707
    vertex 1.296421478703269 18.58868305267763 -102.8822227799563
  endloop
endfacet
facet normal -1.341e-15 0.808211 -0.588893
  outer loop
    vertex 3.689164471450139 18.74706162511377 -102.6648601545707
    vertex 2.068919283486742 17.33574467779139 -104.6017860417194
    vertex 1.296421478703269 18.58868305267763 -102.8822227799563
  endloop
endfacet
facet normal 0 0.808211 -0.588893
  outer loop
    vertex 3.689164471450139 18.74706162511377 -102.6648601545707
    vertex 4.461662276233612 17.49412325022752 -104.3844234163338
    vertex 2.068919283486742 17.33574467779139 -104.6017860417194
  endloop
endfacet
facet normal -1.67625e-16 0.808211 -0.588893
  outer loop
    vertex 1.296421478703269 18.58868305267763 -102.8822227799563
    vertex 2.068919283486742 17.33574467779139 -104.6017860417194
    vertex -0.3238237092601288 17.17736610535526 -104.8191486671051
  endloop
endfacet
facet normal 1.41832e-15 0.808211 -0.588893
  outer loop
    vertex -0.3238237092601288 17.17736610535526 -104.8191486671051
    vertex -2.407005205183943 17.32952726624424 -104.610318969351
    vertex -1.620245187963398 18.58868305267763 -102.8822227799563
  endloop
endfacet
facet normal -1.04884e-15 0.808211 -0.588893
  outer loop
    vertex -2.407005205183943 17.32952726624424 -104.610318969351
    vertex -3.703426683887212 18.74084421356661 -102.6733930822023
    vertex -1.620245187963398 18.58868305267763 -102.8822227799563
  endloop
endfacet
facet normal 3.81398e-16 0.808211 -0.588893
  outer loop
    vertex -2.407005205183943 17.32952726624424 -104.610318969351
    vertex -4.490186701107755 17.48168842713323 -104.401489271597
    vertex -3.703426683887212 18.74084421356661 -102.6733930822023
  endloop
endfacet
facet normal -1.4064e-15 0.808211 -0.588893
  outer loop
    vertex -1.620245187963398 18.58868305267763 -102.8822227799563
    vertex -3.703426683887212 18.74084421356661 -102.6733930822023
    vertex -2.916666666666668 20 -100.9452968928075
  endloop
endfacet
facet normal 2.22529e-15 0.808211 -0.588893
  outer loop
    vertex -8.75 16.52900691763645 -105.7089726696057
    vertex -6.620093350553876 17.00534767238484 -105.0552309706013
    vertex -6.40038724362093 15.66125864704556 -106.8998916138052
  endloop
endfacet
facet normal -1.58634e-15 0.808211 -0.588893
  outer loop
    vertex -6.620093350553876 17.00534767238484 -105.0552309706013
    vertex -4.270480594174808 16.13759940179395 -106.2461499148009
    vertex -6.40038724362093 15.66125864704556 -106.8998916138052
  endloop
endfacet
facet normal -1.56431e-15 0.808211 -0.588893
  outer loop
    vertex -6.620093350553876 17.00534767238484 -105.0552309706013
    vertex -4.490186701107755 17.48168842713323 -104.401489271597
    vertex -4.270480594174808 16.13759940179395 -106.2461499148009
  endloop
endfacet
facet normal -4.62684e-16 0.808211 -0.588893
  outer loop
    vertex -6.40038724362093 15.66125864704556 -106.8998916138052
    vertex -4.270480594174808 16.13759940179395 -106.2461499148009
    vertex -4.050774487241862 14.79351037645468 -108.0908105580047
  endloop
endfacet
facet normal 6.20166e-16 0.808211 -0.588893
  outer loop
    vertex -3.970915460764679 11.48802219445279 -112.6273433627237
    vertex -4.230551080936216 10.06118071893269 -114.5855754919671
    vertex -6.36045773038234 10.53752147368107 -113.9318337929628
  endloop
endfacet
facet normal -4.34116e-16 0.808211 -0.588893
  outer loop
    vertex -4.230551080936216 10.06118071893269 -114.5855754919671
    vertex -6.620093350553876 9.110679998160979 -115.8900659222062
    vertex -6.36045773038234 10.53752147368107 -113.9318337929628
  endloop
endfacet
facet normal 4.13444e-17 0.808211 -0.588893
  outer loop
    vertex -4.230551080936216 10.06118071893269 -114.5855754919671
    vertex -4.490186701107753 8.634339243412594 -116.5438076212105
    vertex -6.620093350553876 9.110679998160979 -115.8900659222062
  endloop
endfacet
facet normal 2.06722e-16 0.808211 -0.588893
  outer loop
    vertex -6.36045773038234 10.53752147368107 -113.9318337929628
    vertex -6.620093350553876 9.110679998160979 -115.8900659222062
    vertex -8.75 9.587020752909364 -115.2363242232019
  endloop
endfacet
facet normal -1.44218e-15 0.808211 -0.588893
  outer loop
    vertex 8.75 9.587020752909364 -115.2363242232019
    vertex 7.012244916692702 8.884993986371253 -116.1998029231203
    vertex 6.794047750182248 10.12733052188195 -114.4947898849457
  endloop
endfacet
facet normal -1.4139e-15 0.808211 -0.588893
  outer loop
    vertex 7.012244916692702 8.884993986371253 -116.1998029231203
    vertex 5.05629266687495 9.42530375534384 -115.4582685848642
    vertex 6.794047750182248 10.12733052188195 -114.4947898849457
  endloop
endfacet
facet normal 8.48339e-16 0.808211 -0.588893
  outer loop
    vertex 7.012244916692702 8.884993986371253 -116.1998029231203
    vertex 5.274489833385404 8.182967219833143 -117.1632816230388
    vertex 5.05629266687495 9.42530375534384 -115.4582685848642
  endloop
endfacet
facet normal -1.44218e-15 0.808211 -0.588893
  outer loop
    vertex 6.794047750182248 10.12733052188195 -114.4947898849457
    vertex 5.05629266687495 9.42530375534384 -115.4582685848642
    vertex 4.838095500364496 10.66764029085454 -113.7532555466896
  endloop
endfacet
facet normal -1.51247e-15 0.808211 -0.588893
  outer loop
    vertex -4.050774487241862 14.79351037645468 -108.0908105580047
    vertex -4.270480594174808 16.13759940179395 -106.2461499148009
    vertex -2.187299098250996 15.98543824090497 -106.4549796125549
  endloop
endfacet
facet normal -9.51204e-16 0.808211 -0.588893
  outer loop
    vertex -4.270480594174808 16.13759940179395 -106.2461499148009
    vertex -2.407005205183943 17.32952726624424 -104.610318969351
    vertex -2.187299098250996 15.98543824090497 -106.4549796125549
  endloop
endfacet
facet normal 2.83589e-16 0.808211 -0.588893
  outer loop
    vertex -4.270480594174808 16.13759940179395 -106.2461499148009
    vertex -4.490186701107755 17.48168842713323 -104.401489271597
    vertex -2.407005205183943 17.32952726624424 -104.610318969351
  endloop
endfacet
facet normal 1.70153e-15 0.808211 -0.588893
  outer loop
    vertex -2.187299098250996 15.98543824090497 -106.4549796125549
    vertex -2.407005205183943 17.32952726624424 -104.610318969351
    vertex -0.3238237092601288 17.17736610535526 -104.8191486671051
  endloop
endfacet
facet normal 4.1589e-16 0.808211 -0.588893
  outer loop
    vertex -1.77635683940025e-15 9.091005730521285 -115.9170673681779
    vertex -2.245093350553876 8.86267248696694 -116.2304374946942
    vertex -1.98545773038234 10.28951396248704 -114.2722053654508
  endloop
endfacet
facet normal 4.1589e-16 0.808211 -0.588893
  outer loop
    vertex -2.245093350553876 8.86267248696694 -116.2304374946942
    vertex -4.230551080936216 10.06118071893269 -114.5855754919671
    vertex -1.98545773038234 10.28951396248704 -114.2722053654508
  endloop
endfacet
facet normal 3.60785e-15 0.808211 -0.588893
  outer loop
    vertex -2.245093350553876 8.86267248696694 -116.2304374946942
    vertex -4.490186701107753 8.634339243412594 -116.5438076212105
    vertex -4.230551080936216 10.06118071893269 -114.5855754919671
  endloop
endfacet
facet normal -8.00589e-16 0.808211 -0.588893
  outer loop
    vertex -1.98545773038234 10.28951396248704 -114.2722053654508
    vertex -4.230551080936216 10.06118071893269 -114.5855754919671
    vertex -3.970915460764679 11.48802219445279 -112.6273433627237
  endloop
endfacet
facet normal 0 0 1
  outer loop
    vertex 2.583956649580444 5.935497595391744 -83.80891568708574
    vertex 1.29197832479022 4.044149875962905 -83.80891568708574
    vertex 4.73837310492105 4.410757756936218 -83.80891568708574
  endloop
endfacet
facet normal -0 0 1
  outer loop
    vertex 1.29197832479022 4.044149875962905 -83.80891568708574
    vertex 3.052556573866994 2.152802156534067 -83.80891568708574
    vertex 4.73837310492105 4.410757756936218 -83.80891568708574
  endloop
endfacet
facet normal 0 0 1
  outer loop
    vertex 1.29197832479022 4.044149875962905 -83.80891568708574
    vertex -4.440892098500626e-15 2.152802156534067 -83.80891568708574
    vertex 3.052556573866994 2.152802156534067 -83.80891568708574
  endloop
endfacet
facet normal 0 0 1
  outer loop
    vertex 4.73837310492105 4.410757756936218 -83.80891568708574
    vertex 3.052556573866994 2.152802156534067 -83.80891568708574
    vertex 6.105113147733991 2.152802156534067 -83.80891568708574
  endloop
endfacet
facet normal 0 0 1
  outer loop
    vertex -4.440892098500626e-15 2.152802156534067 -83.80891568708574
    vertex -1.291978324790213 4.04414987596291 -83.80891568708574
    vertex -3.052556573866997 2.152802156534067 -83.80891568708574
  endloop
endfacet
facet normal 0 0 1
  outer loop
    vertex -1.291978324790213 4.04414987596291 -83.80891568708574
    vertex -4.738373104921038 4.41075775693623 -83.80891568708574
    vertex -3.052556573866997 2.152802156534067 -83.80891568708574
  endloop
endfacet
facet normal 0 0 1
  outer loop
    vertex -1.291978324790213 4.04414987596291 -83.80891568708574
    vertex -2.583956649580422 5.935497595391753 -83.80891568708574
    vertex -4.738373104921038 4.41075775693623 -83.80891568708574
  endloop
endfacet
facet normal 0 0 1
  outer loop
    vertex -3.052556573866997 2.152802156534067 -83.80891568708574
    vertex -4.738373104921038 4.41075775693623 -83.80891568708574
    vertex -6.10511314773399 2.152802156534069 -83.80891568708574
  endloop
endfacet
facet normal -0 0 1
  outer loop
    vertex -2.583956649580422 5.935497595391753 -83.80891568708574
    vertex -1.291978324790213 4.04414987596291 -83.80891568708574
    vertex 1.333316043045709e-14 6.473558810408087 -83.80891568708574
  endloop
endfacet
facet normal -0 0 1
  outer loop
    vertex -1.291978324790213 4.04414987596291 -83.80891568708574
    vertex 1.29197832479022 4.044149875962905 -83.80891568708574
    vertex 1.333316043045709e-14 6.473558810408087 -83.80891568708574
  endloop
endfacet
facet normal 0 0 1
  outer loop
    vertex -1.291978324790213 4.04414987596291 -83.80891568708574
    vertex -4.440892098500626e-15 2.152802156534067 -83.80891568708574
    vertex 1.29197832479022 4.044149875962905 -83.80891568708574
  endloop
endfacet
facet normal 0 0 1
  outer loop
    vertex 1.333316043045709e-14 6.473558810408087 -83.80891568708574
    vertex 1.29197832479022 4.044149875962905 -83.80891568708574
    vertex 2.583956649580444 5.935497595391744 -83.80891568708574
  endloop
endfacet
facet normal 0.280314 -0.339777 0.897762
  outer loop
    vertex -8.342165877318504 7.663792878991572 -81.52601254431212
    vertex -5.483299174433234 6.824834523636643 -82.73617485320611
    vertex -5.93877379600339 9.646575486496884 -81.52601254431212
  endloop
endfacet
facet normal 0.195646 -0.359691 0.912329
  outer loop
    vertex -5.483299174433234 6.824834523636643 -82.73617485320611
    vertex -2.836116627800167 8.420754299375105 -82.67465428980756
    vertex -5.93877379600339 9.646575486496884 -81.52601254431212
  endloop
endfacet
facet normal 0.212903 -0.387719 0.896854
  outer loop
    vertex -5.483299174433234 6.824834523636643 -82.73617485320611
    vertex -2.583956649580422 5.935497595391753 -83.80891568708574
    vertex -2.836116627800167 8.420754299375105 -82.67465428980756
  endloop
endfacet
facet normal 0.175392 -0.399299 0.899888
  outer loop
    vertex -5.93877379600339 9.646575486496884 -81.52601254431212
    vertex -2.836116627800167 8.420754299375105 -82.67465428980756
    vertex -3.086118111419966 10.89960218627931 -81.52601254431212
  endloop
endfacet
facet normal -0.175392 -0.399299 0.899888
  outer loop
    vertex 3.086118111419936 10.89960218627932 -81.52601254431212
    vertex 2.836116627800164 8.420754299375107 -82.67465428980756
    vertex 5.938773796003368 9.646575486496898 -81.52601254431212
  endloop
endfacet
facet normal -0.195646 -0.359691 0.912329
  outer loop
    vertex 2.836116627800164 8.420754299375107 -82.67465428980756
    vertex 5.483299174433238 6.824834523636644 -82.73617485320611
    vertex 5.938773796003368 9.646575486496898 -81.52601254431212
  endloop
endfacet
facet normal -0.212903 -0.387719 0.896854
  outer loop
    vertex 2.836116627800164 8.420754299375107 -82.67465428980756
    vertex 2.583956649580444 5.935497595391744 -83.80891568708574
    vertex 5.483299174433238 6.824834523636644 -82.73617485320611
  endloop
endfacet
facet normal -0.280314 -0.339777 0.897762
  outer loop
    vertex 5.938773796003368 9.646575486496898 -81.52601254431212
    vertex 5.483299174433238 6.824834523636644 -82.73617485320611
    vertex 8.342165877318491 7.663792878991583 -81.52601254431212
  endloop
endfacet
facet normal -0.412282 -0.139795 0.900267
  outer loop
    vertex 8.617356773374013 2.152802156534067 -82.67622288825248
    vertex 9.870136601668603 2.152802156534067 -82.10250656679469
    vertex 7.921737259124037 3.335376457448856 -82.81115354535538
  endloop
endfacet
facet normal -0.398753 -0.111521 0.910252
  outer loop
    vertex 9.870136601668603 2.152802156534067 -82.10250656679469
    vertex 9.183899648965397 3.337988205266207 -82.2579203550507
    vertex 7.921737259124037 3.335376457448856 -82.81115354535538
  endloop
endfacet
facet normal -0.415249 -0.122226 0.901459
  outer loop
    vertex 9.870136601668603 2.152802156534067 -82.10250656679469
    vertex 11.12164087226347 2.152802156534067 -81.52601254431212
    vertex 9.183899648965397 3.337988205266207 -82.2579203550507
  endloop
endfacet
facet normal -0.39251 -0.205686 0.896454
  outer loop
    vertex 7.921737259124037 3.335376457448856 -82.81115354535538
    vertex 9.183899648965397 3.337988205266207 -82.2579203550507
    vertex 7.190332714979543 4.502883792326391 -82.86351851812857
  endloop
endfacet
facet normal 0.415249 -0.122226 0.901459
  outer loop
    vertex -11.12164087226347 2.152802156534069 -81.52601254431212
    vertex -9.870136601668589 2.152802156534067 -82.1025065667947
    vertex -9.1838996489669 3.337988205267386 -82.25792035504985
  endloop
endfacet
facet normal 0.398753 -0.111521 0.910252
  outer loop
    vertex -9.870136601668589 2.152802156534067 -82.1025065667947
    vertex -7.921737259125531 3.33537645745003 -82.81115354535451
    vertex -9.1838996489669 3.337988205267386 -82.25792035504985
  endloop
endfacet
facet normal 0.412282 -0.139795 0.900267
  outer loop
    vertex -9.870136601668589 2.152802156534067 -82.1025065667947
    vertex -8.617356773374013 2.152802156534067 -82.67622288825248
    vertex -7.921737259125531 3.33537645745003 -82.81115354535451
  endloop
endfacet
facet normal 0.39251 -0.205686 0.896454
  outer loop
    vertex -9.1838996489669 3.337988205267386 -82.25792035504985
    vertex -7.921737259125531 3.33537645745003 -82.81115354535451
    vertex -7.190332714982514 4.502883792328729 -82.8635185181268
  endloop
endfacet
facet normal 0.368601 -0.254933 0.893948
  outer loop
    vertex -8.342165877318504 7.663792878991572 -81.52601254431212
    vertex -10.11447961993208 5.101250320730959 -81.52601254431212
    vertex -7.77206989207006 6.087897634871848 -82.21048797156277
  endloop
endfacet
facet normal 0.350048 -0.19552 0.916099
  outer loop
    vertex -10.11447961993208 5.101250320730959 -81.52601254431212
    vertex -9.1838996489669 3.337988205267386 -82.25792035504985
    vertex -7.77206989207006 6.087897634871848 -82.21048797156277
  endloop
endfacet
facet normal 0.426281 -0.145613 0.892794
  outer loop
    vertex -10.11447961993208 5.101250320730959 -81.52601254431212
    vertex -11.12164087226347 2.152802156534069 -81.52601254431212
    vertex -9.1838996489669 3.337988205267386 -82.25792035504985
  endloop
endfacet
facet normal 0.399077 -0.220242 0.890074
  outer loop
    vertex -7.77206989207006 6.087897634871848 -82.21048797156277
    vertex -9.1838996489669 3.337988205267386 -82.25792035504985
    vertex -7.190332714982514 4.502883792328729 -82.8635185181268
  endloop
endfacet
facet normal -0.426281 -0.145613 0.892794
  outer loop
    vertex 11.12164087226347 2.152802156534067 -81.52601254431212
    vertex 10.11447961993207 5.101250320730968 -81.52601254431212
    vertex 9.183899648965397 3.337988205266207 -82.2579203550507
  endloop
endfacet
facet normal -0.350048 -0.19552 0.916099
  outer loop
    vertex 10.11447961993207 5.101250320730968 -81.52601254431212
    vertex 7.772069892068566 6.087897634870686 -82.21048797156365
    vertex 9.183899648965397 3.337988205266207 -82.2579203550507
  endloop
endfacet
facet normal -0.368601 -0.254933 0.893948
  outer loop
    vertex 10.11447961993207 5.101250320730968 -81.52601254431212
    vertex 8.342165877318491 7.663792878991583 -81.52601254431212
    vertex 7.772069892068566 6.087897634870686 -82.21048797156365
  endloop
endfacet
facet normal -0.399077 -0.220242 0.890074
  outer loop
    vertex 9.183899648965397 3.337988205266207 -82.2579203550507
    vertex 7.772069892068566 6.087897634870686 -82.21048797156365
    vertex 7.190332714979543 4.502883792326391 -82.86351851812857
  endloop
endfacet
facet normal 0.232416 -0.341015 0.910874
  outer loop
    vertex -2.583956649580422 5.935497595391753 -83.80891568708574
    vertex -5.483299174433234 6.824834523636643 -82.73617485320611
    vertex -4.927822213262852 5.262631967845227 -83.46276983041437
  endloop
endfacet
facet normal 0.306448 -0.309682 0.900104
  outer loop
    vertex -5.483299174433234 6.824834523636643 -82.73617485320611
    vertex -7.77206989207006 6.087897634871848 -82.21048797156277
    vertex -4.927822213262852 5.262631967845227 -83.46276983041437
  endloop
endfacet
facet normal 0.301072 -0.28618 0.909646
  outer loop
    vertex -5.483299174433234 6.824834523636643 -82.73617485320611
    vertex -8.342165877318504 7.663792878991572 -81.52601254431212
    vertex -7.77206989207006 6.087897634871848 -82.21048797156277
  endloop
endfacet
facet normal 0.326687 -0.255049 0.910069
  outer loop
    vertex -4.927822213262852 5.262631967845227 -83.46276983041437
    vertex -7.77206989207006 6.087897634871848 -82.21048797156277
    vertex -7.190332714982514 4.502883792328729 -82.8635185181268
  endloop
endfacet
facet normal -0.301072 -0.28618 0.909646
  outer loop
    vertex 8.342165877318491 7.663792878991583 -81.52601254431212
    vertex 5.483299174433238 6.824834523636644 -82.73617485320611
    vertex 7.772069892068566 6.087897634870686 -82.21048797156365
  endloop
endfacet
facet normal -0.306448 -0.309682 0.900104
  outer loop
    vertex 5.483299174433238 6.824834523636644 -82.73617485320611
    vertex 4.927822213261375 5.262631967844054 -83.46276983041524
    vertex 7.772069892068566 6.087897634870686 -82.21048797156365
  endloop
endfacet
facet normal -0.232416 -0.341015 0.910874
  outer loop
    vertex 5.483299174433238 6.824834523636644 -82.73617485320611
    vertex 2.583956649580444 5.935497595391744 -83.80891568708574
    vertex 4.927822213261375 5.262631967844054 -83.46276983041524
  endloop
endfacet
facet normal -0.326687 -0.255049 0.910069
  outer loop
    vertex 7.772069892068566 6.087897634870686 -82.21048797156365
    vertex 4.927822213261375 5.262631967844054 -83.46276983041524
    vertex 7.190332714979543 4.502883792326391 -82.86351851812857
  endloop
endfacet
facet normal 0.332285 -0.201132 0.921484
  outer loop
    vertex -6.10511314773399 2.152802156534069 -83.80891568708574
    vertex -4.738373104921038 4.41075775693623 -83.80891568708574
    vertex -6.654941618553281 3.331456641504269 -83.35338339276224
  endloop
endfacet
facet normal 0.367803 -0.278688 0.887161
  outer loop
    vertex -4.738373104921038 4.41075775693623 -83.80891568708574
    vertex -4.927822213262852 5.262631967845227 -83.46276983041437
    vertex -6.654941618553281 3.331456641504269 -83.35338339276224
  endloop
endfacet
facet normal 0.22825 -0.322512 0.918634
  outer loop
    vertex -4.738373104921038 4.41075775693623 -83.80891568708574
    vertex -2.583956649580422 5.935497595391753 -83.80891568708574
    vertex -4.927822213262852 5.262631967845227 -83.46276983041437
  endloop
endfacet
facet normal 0.322117 -0.236153 0.916773
  outer loop
    vertex -6.654941618553281 3.331456641504269 -83.35338339276224
    vertex -4.927822213262852 5.262631967845227 -83.46276983041437
    vertex -7.190332714982514 4.502883792328729 -82.8635185181268
  endloop
endfacet
facet normal -0.22825 -0.322512 0.918634
  outer loop
    vertex 2.583956649580444 5.935497595391744 -83.80891568708574
    vertex 4.73837310492105 4.410757756936218 -83.80891568708574
    vertex 4.927822213261375 5.262631967844054 -83.46276983041524
  endloop
endfacet
facet normal -0.367803 -0.278688 0.887161
  outer loop
    vertex 4.73837310492105 4.410757756936218 -83.80891568708574
    vertex 6.654941618551794 3.331456641503095 -83.35338339276311
    vertex 4.927822213261375 5.262631967844054 -83.46276983041524
  endloop
endfacet
facet normal -0.332285 -0.201132 0.921484
  outer loop
    vertex 4.73837310492105 4.410757756936218 -83.80891568708574
    vertex 6.105113147733991 2.152802156534067 -83.80891568708574
    vertex 6.654941618551794 3.331456641503095 -83.35338339276311
  endloop
endfacet
facet normal -0.322117 -0.236153 0.916773
  outer loop
    vertex 4.927822213261375 5.262631967844054 -83.46276983041524
    vertex 6.654941618551794 3.331456641503095 -83.35338339276311
    vertex 7.190332714979543 4.502883792326391 -82.86351851812857
  endloop
endfacet
facet normal -0.0624488 -0.449786 0.890951
  outer loop
    vertex 3.086118111419936 10.89960218627932 -81.52601254431212
    vertex -1.4398392603526e-14 11.32808248631599 -81.52601254431212
    vertex 1.535752875982165 9.835656383868308 -82.17180167510367
  endloop
endfacet
facet normal 0.00042566 -0.396757 0.917923
  outer loop
    vertex -1.4398392603526e-14 11.32808248631599 -81.52601254431212
    vertex -1.555635536027586 9.835097431987061 -82.17060973306171
    vertex 1.535752875982165 9.835656383868308 -82.17180167510367
  endloop
endfacet
facet normal 0.0624426 -0.449741 0.890973
  outer loop
    vertex -1.4398392603526e-14 11.32808248631599 -81.52601254431212
    vertex -3.086118111419966 10.89960218627931 -81.52601254431212
    vertex -1.555635536027586 9.835097431987061 -82.17060973306171
  endloop
endfacet
facet normal 0.000425472 -0.462729 0.8865
  outer loop
    vertex 1.535752875982165 9.835656383868308 -82.17180167510367
    vertex -1.555635536027586 9.835097431987061 -82.17060973306171
    vertex -0.01993645299834542 8.737612677125881 -82.74420409933363
  endloop
endfacet
facet normal -0.113817 -0.402919 0.908131
  outer loop
    vertex 2.583956649580444 5.935497595391744 -83.80891568708574
    vertex 2.836116627800164 8.420754299375107 -82.67465428980756
    vertex 1.286931513585309 7.364718904003619 -83.33735677057709
  endloop
endfacet
facet normal -0.103058 -0.415845 0.903577
  outer loop
    vertex 2.836116627800164 8.420754299375107 -82.67465428980756
    vertex 1.535752875982165 9.835656383868308 -82.17180167510367
    vertex 1.286931513585309 7.364718904003619 -83.33735677057709
  endloop
endfacet
facet normal -0.0960044 -0.410504 0.906791
  outer loop
    vertex 2.836116627800164 8.420754299375107 -82.67465428980756
    vertex 3.086118111419936 10.89960218627932 -81.52601254431212
    vertex 1.535752875982165 9.835656383868308 -82.17180167510367
  endloop
endfacet
facet normal -0.034107 -0.423565 0.905224
  outer loop
    vertex 1.286931513585309 7.364718904003619 -83.33735677057709
    vertex 1.535752875982165 9.835656383868308 -82.17180167510367
    vertex -0.01993645299834542 8.737612677125881 -82.74420409933363
  endloop
endfacet
facet normal 0.0964227 -0.410452 0.90677
  outer loop
    vertex -3.086118111419966 10.89960218627931 -81.52601254431212
    vertex -2.836116627800167 8.420754299375105 -82.67465428980756
    vertex -1.555635536027586 9.835097431987061 -82.17060973306171
  endloop
endfacet
facet normal 0.103516 -0.415735 0.903575
  outer loop
    vertex -2.836116627800167 8.420754299375105 -82.67465428980756
    vertex -1.306832769087062 7.364089297507553 -83.33602523876358
    vertex -1.555635536027586 9.835097431987061 -82.17060973306171
  endloop
endfacet
facet normal 0.114376 -0.402845 0.908093
  outer loop
    vertex -2.836116627800167 8.420754299375105 -82.67465428980756
    vertex -2.583956649580422 5.935497595391753 -83.80891568708574
    vertex -1.306832769087062 7.364089297507553 -83.33602523876358
  endloop
endfacet
facet normal 0.0355584 -0.423372 0.905258
  outer loop
    vertex -1.555635536027586 9.835097431987061 -82.17060973306171
    vertex -1.306832769087062 7.364089297507553 -83.33602523876358
    vertex -0.01993645299834542 8.737612677125881 -82.74420409933363
  endloop
endfacet
facet normal 0.0782133 -0.375607 0.923473
  outer loop
    vertex -2.583956649580422 5.935497595391753 -83.80891568708574
    vertex 1.333316043045709e-14 6.473558810408087 -83.80891568708574
    vertex -1.306832769087062 7.364089297507553 -83.33602523876358
  endloop
endfacet
facet normal 0.000567261 -0.468348 0.883544
  outer loop
    vertex 1.333316043045709e-14 6.473558810408087 -83.80891568708574
    vertex 1.286931513585309 7.364718904003619 -83.33735677057709
    vertex -1.306832769087062 7.364089297507553 -83.33602523876358
  endloop
endfacet
facet normal -0.0782271 -0.375674 0.923444
  outer loop
    vertex 1.333316043045709e-14 6.473558810408087 -83.80891568708574
    vertex 2.583956649580444 5.935497595391744 -83.80891568708574
    vertex 1.286931513585309 7.364718904003619 -83.33735677057709
  endloop
endfacet
facet normal 0.00056752 -0.396157 0.918183
  outer loop
    vertex -1.306832769087062 7.364089297507553 -83.33602523876358
    vertex 1.286931513585309 7.364718904003619 -83.33735677057709
    vertex -0.01993645299834542 8.737612677125881 -82.74420409933363
  endloop
endfacet
facet normal 0.409426 -0.137933 0.901856
  outer loop
    vertex -8.617356773374013 2.152802156534067 -82.67622288825248
    vertex -7.362697388445587 2.152802156534067 -83.24581470618888
    vertex -7.921737259125531 3.33537645745003 -82.81115354535451
  endloop
endfacet
facet normal 0.388631 -0.150402 0.909035
  outer loop
    vertex -7.362697388445587 2.152802156534067 -83.24581470618888
    vertex -6.654941618553281 3.331456641504269 -83.35338339276224
    vertex -7.921737259125531 3.33537645745003 -82.81115354535451
  endloop
endfacet
facet normal 0.403401 -0.160012 0.900924
  outer loop
    vertex -7.362697388445587 2.152802156534067 -83.24581470618888
    vertex -6.10511314773399 2.152802156534069 -83.80891568708574
    vertex -6.654941618553281 3.331456641504269 -83.35338339276224
  endloop
endfacet
facet normal 0.384964 -0.200763 0.900831
  outer loop
    vertex -7.921737259125531 3.33537645745003 -82.81115354535451
    vertex -6.654941618553281 3.331456641504269 -83.35338339276224
    vertex -7.190332714982514 4.502883792328729 -82.8635185181268
  endloop
endfacet
facet normal -0.403401 -0.160012 0.900924
  outer loop
    vertex 6.105113147733991 2.152802156534067 -83.80891568708574
    vertex 7.362697388445673 2.152802156534067 -83.24581470618885
    vertex 6.654941618551794 3.331456641503095 -83.35338339276311
  endloop
endfacet
facet normal -0.388631 -0.150402 0.909035
  outer loop
    vertex 7.362697388445673 2.152802156534067 -83.24581470618885
    vertex 7.921737259124037 3.335376457448856 -82.81115354535538
    vertex 6.654941618551794 3.331456641503095 -83.35338339276311
  endloop
endfacet
facet normal -0.409426 -0.137933 0.901856
  outer loop
    vertex 7.362697388445673 2.152802156534067 -83.24581470618885
    vertex 8.617356773374013 2.152802156534067 -82.67622288825248
    vertex 7.921737259124037 3.335376457448856 -82.81115354535538
  endloop
endfacet
facet normal -0.384964 -0.200763 0.900831
  outer loop
    vertex 6.654941618551794 3.331456641503095 -83.35338339276311
    vertex 7.921737259124037 3.335376457448856 -82.81115354535538
    vertex 7.190332714979543 4.502883792326391 -82.86351851812857
  endloop
endfacet
facet normal 0 1 0
  outer loop
    vertex 6.105113147733991 2.152802156534067 -76.19108431291426
    vertex 6.080171486782795 2.152802156534067 -77.8460109535834
    vertex 3.052556573866999 2.152802156534067 -76.19108431291426
  endloop
endfacet
facet normal 0 1 0
  outer loop
    vertex 6.080171486782795 2.152802156534067 -77.8460109535834
    vertex 3.027614912915805 2.152802156534067 -77.8460109535834
    vertex 3.052556573866999 2.152802156534067 -76.19108431291426
  endloop
endfacet
facet normal 0 1 0
  outer loop
    vertex 6.080171486782795 2.152802156534067 -77.8460109535834
    vertex 6.055229825831603 2.152802156534067 -79.50093759425255
    vertex 3.027614912915805 2.152802156534067 -77.8460109535834
  endloop
endfacet
facet normal 0 1 0
  outer loop
    vertex 3.052556573866999 2.152802156534067 -76.19108431291426
    vertex 3.027614912915805 2.152802156534067 -77.8460109535834
    vertex 6.217248937900877e-15 2.152802156534067 -76.19108431291426
  endloop
endfacet
facet normal 0 1 0
  outer loop
    vertex 6.217248937900877e-15 2.152802156534067 -76.19108431291426
    vertex -1.45802735403478 2.152802156534067 -78.45144015339575
    vertex -3.052556573866992 2.152802156534067 -76.19108431291426
  endloop
endfacet
facet normal 0 1 0
  outer loop
    vertex -1.45802735403478 2.152802156534067 -78.45144015339575
    vertex -4.510583927901777 2.152802156534067 -78.45144015339575
    vertex -3.052556573866992 2.152802156534067 -76.19108431291426
  endloop
endfacet
facet normal 0 1 0
  outer loop
    vertex -1.45802735403478 2.152802156534067 -78.45144015339575
    vertex -2.916054708069566 2.152802156534067 -80.71179599387726
    vertex -4.510583927901777 2.152802156534067 -78.45144015339575
  endloop
endfacet
facet normal 5.81924e-16 1 -3.75366e-16
  outer loop
    vertex -3.052556573866992 2.152802156534067 -76.19108431291426
    vertex -4.510583927901777 2.152802156534067 -78.45144015339575
    vertex -6.10511314773399 2.152802156534069 -76.19108431291426
  endloop
endfacet
facet normal -2.01788e-16 1 -9.28222e-16
  outer loop
    vertex -6.10511314773399 2.152802156534069 -76.19108431291426
    vertex -4.510583927901777 2.152802156534067 -78.45144015339575
    vertex -6.420883928244608 2.152802156534067 -78.03615741262826
  endloop
endfacet
facet normal 0 1 0
  outer loop
    vertex -4.510583927901777 2.152802156534067 -78.45144015339575
    vertex -4.826354708412396 2.152802156534067 -80.29651325310977
    vertex -6.420883928244608 2.152802156534067 -78.03615741262826
  endloop
endfacet
facet normal 0 1 0
  outer loop
    vertex -4.510583927901777 2.152802156534067 -78.45144015339575
    vertex -2.916054708069566 2.152802156534067 -80.71179599387726
    vertex -4.826354708412396 2.152802156534067 -80.29651325310977
  endloop
endfacet
facet normal 0 1 0
  outer loop
    vertex -6.420883928244608 2.152802156534067 -78.03615741262826
    vertex -4.826354708412396 2.152802156534067 -80.29651325310977
    vertex -6.736654708755227 2.152802156534067 -79.88123051234226
  endloop
endfacet
facet normal 0 1 0
  outer loop
    vertex -4.440892098500626e-15 2.152802156534067 -83.80891568708574
    vertex 1.118401751399491 2.152802156534067 -82.45777430185757
    vertex 3.052556573866994 2.152802156534067 -83.80891568708574
  endloop
endfacet
facet normal -0 1 0
  outer loop
    vertex 1.118401751399491 2.152802156534067 -82.45777430185757
    vertex 4.17095832526649 2.152802156534067 -82.45777430185757
    vertex 3.052556573866994 2.152802156534067 -83.80891568708574
  endloop
endfacet
facet normal 0 1 0
  outer loop
    vertex 1.118401751399491 2.152802156534067 -82.45777430185757
    vertex 2.236803502798985 2.152802156534067 -81.10663291662939
    vertex 4.17095832526649 2.152802156534067 -82.45777430185757
  endloop
endfacet
facet normal 0 1 0
  outer loop
    vertex 3.052556573866994 2.152802156534067 -83.80891568708574
    vertex 4.17095832526649 2.152802156534067 -82.45777430185757
    vertex 6.105113147733991 2.152802156534067 -83.80891568708574
  endloop
endfacet
facet normal 5.81924e-16 1 5.47904e-16
  outer loop
    vertex -6.10511314773399 2.152802156534069 -83.80891568708574
    vertex -4.510583927901777 2.152802156534067 -82.26035584048149
    vertex -3.052556573866997 2.152802156534067 -83.80891568708574
  endloop
endfacet
facet normal -0 1 0
  outer loop
    vertex -4.510583927901777 2.152802156534067 -82.26035584048149
    vertex -1.458027354034785 2.152802156534067 -82.26035584048149
    vertex -3.052556573866997 2.152802156534067 -83.80891568708574
  endloop
endfacet
facet normal 0 1 0
  outer loop
    vertex -4.510583927901777 2.152802156534067 -82.26035584048149
    vertex -2.916054708069566 2.152802156534067 -80.71179599387726
    vertex -1.458027354034785 2.152802156534067 -82.26035584048149
  endloop
endfacet
facet normal 0 1 0
  outer loop
    vertex -3.052556573866997 2.152802156534067 -83.80891568708574
    vertex -1.458027354034785 2.152802156534067 -82.26035584048149
    vertex -4.440892098500626e-15 2.152802156534067 -83.80891568708574
  endloop
endfacet
facet normal -0 1 0
  outer loop
    vertex -8.617356773374013 2.152802156534067 -82.67622288825248
    vertex -7.67700574106462 2.152802156534067 -81.27872670029737
    vertex -7.362697388445587 2.152802156534067 -83.24581470618888
  endloop
endfacet
facet normal 0 1 0
  outer loop
    vertex -7.67700574106462 2.152802156534067 -81.27872670029737
    vertex -6.420883928244608 2.152802156534067 -81.845073099714
    vertex -7.362697388445587 2.152802156534067 -83.24581470618888
  endloop
endfacet
facet normal -0 1 0
  outer loop
    vertex -7.67700574106462 2.152802156534067 -81.27872670029737
    vertex -6.736654708755227 2.152802156534067 -79.88123051234226
    vertex -6.420883928244608 2.152802156534067 -81.845073099714
  endloop
endfacet
facet normal -1.08566e-15 1 7.29965e-16
  outer loop
    vertex -7.362697388445587 2.152802156534067 -83.24581470618888
    vertex -6.420883928244608 2.152802156534067 -81.845073099714
    vertex -6.10511314773399 2.152802156534069 -83.80891568708574
  endloop
endfacet
facet normal 0 1 -0
  outer loop
    vertex 6.105113147733991 2.152802156534067 -83.80891568708574
    vertex 6.080171486782795 2.152802156534067 -81.65492664066915
    vertex 7.362697388445673 2.152802156534067 -83.24581470618885
  endloop
endfacet
facet normal -0 1 0
  outer loop
    vertex 6.080171486782795 2.152802156534067 -81.65492664066915
    vertex 7.336293299602808 2.152802156534067 -81.08858024125252
    vertex 7.362697388445673 2.152802156534067 -83.24581470618885
  endloop
endfacet
facet normal 0 1 -0
  outer loop
    vertex 6.080171486782795 2.152802156534067 -81.65492664066915
    vertex 6.055229825831603 2.152802156534067 -79.50093759425255
    vertex 7.336293299602808 2.152802156534067 -81.08858024125252
  endloop
endfacet
facet normal 0 1 -0
  outer loop
    vertex 7.362697388445673 2.152802156534067 -83.24581470618885
    vertex 7.336293299602808 2.152802156534067 -81.08858024125252
    vertex 8.617356773374013 2.152802156534067 -82.67622288825248
  endloop
endfacet
facet normal 0 1 0
  outer loop
    vertex 2.236803502798985 2.152802156534067 -81.10663291662939
    vertex -0.3396256026352908 2.152802156534067 -80.90921445525333
    vertex 1.118401751399496 2.152802156534067 -78.64885861477183
  endloop
endfacet
facet normal 0 1 -0
  outer loop
    vertex -0.3396256026352908 2.152802156534067 -80.90921445525333
    vertex -1.45802735403478 2.152802156534067 -78.45144015339575
    vertex 1.118401751399496 2.152802156534067 -78.64885861477183
  endloop
endfacet
facet normal 0 1 0
  outer loop
    vertex -0.3396256026352908 2.152802156534067 -80.90921445525333
    vertex -2.916054708069566 2.152802156534067 -80.71179599387726
    vertex -1.45802735403478 2.152802156534067 -78.45144015339575
  endloop
endfacet
facet normal 0 1 0
  outer loop
    vertex 1.118401751399496 2.152802156534067 -78.64885861477183
    vertex -1.45802735403478 2.152802156534067 -78.45144015339575
    vertex 6.217248937900877e-15 2.152802156534067 -76.19108431291426
  endloop
endfacet
facet normal 0 1 0
  outer loop
    vertex 6.055229825831603 2.152802156534067 -79.50093759425255
    vertex 4.146016664315294 2.152802156534067 -80.30378525544097
    vertex 3.027614912915805 2.152802156534067 -77.8460109535834
  endloop
endfacet
facet normal 0 1 0
  outer loop
    vertex 4.146016664315294 2.152802156534067 -80.30378525544097
    vertex 1.118401751399496 2.152802156534067 -78.64885861477183
    vertex 3.027614912915805 2.152802156534067 -77.8460109535834
  endloop
endfacet
facet normal 0 1 0
  outer loop
    vertex 4.146016664315294 2.152802156534067 -80.30378525544097
    vertex 2.236803502798985 2.152802156534067 -81.10663291662939
    vertex 1.118401751399496 2.152802156534067 -78.64885861477183
  endloop
endfacet
facet normal 0 1 0
  outer loop
    vertex 3.027614912915805 2.152802156534067 -77.8460109535834
    vertex 1.118401751399496 2.152802156534067 -78.64885861477183
    vertex 6.217248937900877e-15 2.152802156534067 -76.19108431291426
  endloop
endfacet
facet normal 0 1 -0
  outer loop
    vertex -4.440892098500626e-15 2.152802156534067 -83.80891568708574
    vertex -1.458027354034785 2.152802156534067 -82.26035584048149
    vertex 1.118401751399491 2.152802156534067 -82.45777430185757
  endloop
endfacet
facet normal -0 1 0
  outer loop
    vertex -1.458027354034785 2.152802156534067 -82.26035584048149
    vertex -0.3396256026352908 2.152802156534067 -80.90921445525333
    vertex 1.118401751399491 2.152802156534067 -82.45777430185757
  endloop
endfacet
facet normal 0 1 -0
  outer loop
    vertex -1.458027354034785 2.152802156534067 -82.26035584048149
    vertex -2.916054708069566 2.152802156534067 -80.71179599387726
    vertex -0.3396256026352908 2.152802156534067 -80.90921445525333
  endloop
endfacet
facet normal 0 1 -0
  outer loop
    vertex 1.118401751399491 2.152802156534067 -82.45777430185757
    vertex -0.3396256026352908 2.152802156534067 -80.90921445525333
    vertex 2.236803502798985 2.152802156534067 -81.10663291662939
  endloop
endfacet
facet normal 0 1 0
  outer loop
    vertex -6.736654708755227 2.152802156534067 -79.88123051234226
    vertex -4.826354708412396 2.152802156534067 -80.29651325310977
    vertex -6.420883928244608 2.152802156534067 -81.845073099714
  endloop
endfacet
facet normal 0 1 0
  outer loop
    vertex -4.826354708412396 2.152802156534067 -80.29651325310977
    vertex -4.510583927901777 2.152802156534067 -82.26035584048149
    vertex -6.420883928244608 2.152802156534067 -81.845073099714
  endloop
endfacet
facet normal 0 1 0
  outer loop
    vertex -4.826354708412396 2.152802156534067 -80.29651325310977
    vertex -2.916054708069566 2.152802156534067 -80.71179599387726
    vertex -4.510583927901777 2.152802156534067 -82.26035584048149
  endloop
endfacet
facet normal 2.0376e-16 1 9.37294e-16
  outer loop
    vertex -6.420883928244608 2.152802156534067 -81.845073099714
    vertex -4.510583927901777 2.152802156534067 -82.26035584048149
    vertex -6.10511314773399 2.152802156534069 -83.80891568708574
  endloop
endfacet
facet normal 0 1 0
  outer loop
    vertex 6.105113147733991 2.152802156534067 -83.80891568708574
    vertex 4.17095832526649 2.152802156534067 -82.45777430185757
    vertex 6.080171486782795 2.152802156534067 -81.65492664066915
  endloop
endfacet
facet normal 0 1 -0
  outer loop
    vertex 4.17095832526649 2.152802156534067 -82.45777430185757
    vertex 4.146016664315294 2.152802156534067 -80.30378525544097
    vertex 6.080171486782795 2.152802156534067 -81.65492664066915
  endloop
endfacet
facet normal 0 1 0
  outer loop
    vertex 4.17095832526649 2.152802156534067 -82.45777430185757
    vertex 2.236803502798985 2.152802156534067 -81.10663291662939
    vertex 4.146016664315294 2.152802156534067 -80.30378525544097
  endloop
endfacet
facet normal 0 1 0
  outer loop
    vertex 6.080171486782795 2.152802156534067 -81.65492664066915
    vertex 4.146016664315294 2.152802156534067 -80.30378525544097
    vertex 6.055229825831603 2.152802156534067 -79.50093759425255
  endloop
endfacet
facet normal 0 1 0
  outer loop
    vertex 6.055229825831603 2.152802156534067 -79.50093759425255
    vertex 7.580937424626455 2.152802156534067 -79.70056255655153
    vertex 7.336293299602808 2.152802156534067 -81.08858024125252
  endloop
endfacet
facet normal 0 1 0
  outer loop
    vertex 7.580937424626455 2.152802156534067 -79.70056255655153
    vertex 8.86200089839766 2.152802156534067 -81.28820520355148
    vertex 7.336293299602808 2.152802156534067 -81.08858024125252
  endloop
endfacet
facet normal 0 1 0
  outer loop
    vertex 7.580937424626455 2.152802156534067 -79.70056255655153
    vertex 9.106645023421311 2.152802156534067 -79.90018751885052
    vertex 8.86200089839766 2.152802156534067 -81.28820520355148
  endloop
endfacet
facet normal 0 1 0
  outer loop
    vertex 7.336293299602808 2.152802156534067 -81.08858024125252
    vertex 8.86200089839766 2.152802156534067 -81.28820520355148
    vertex 8.617356773374013 2.152802156534067 -82.67622288825248
  endloop
endfacet
facet normal 0 1 -0
  outer loop
    vertex -8.617356773374013 2.152802156534067 -82.67622288825248
    vertex -8.930143386690025 2.152802156534067 -81.32623449536045
    vertex -7.67700574106462 2.152802156534067 -81.27872670029737
  endloop
endfacet
facet normal 0 1 0
  outer loop
    vertex -8.930143386690025 2.152802156534067 -81.32623449536045
    vertex -7.989792354380633 2.152802156534067 -79.92873830740535
    vertex -7.67700574106462 2.152802156534067 -81.27872670029737
  endloop
endfacet
facet normal 0 1 -0
  outer loop
    vertex -8.930143386690025 2.152802156534067 -81.32623449536045
    vertex -9.242930000006037 2.152802156534067 -79.97624610246845
    vertex -7.989792354380633 2.152802156534067 -79.92873830740535
  endloop
endfacet
facet normal 0 1 -0
  outer loop
    vertex -7.67700574106462 2.152802156534067 -81.27872670029737
    vertex -7.989792354380633 2.152802156534067 -79.92873830740535
    vertex -6.736654708755227 2.152802156534067 -79.88123051234226
  endloop
endfacet
facet normal 9.60237e-16 1 -1.16405e-15
  outer loop
    vertex -11.12164087226347 2.152802156534069 -78.47398745568788
    vertex -10.18228543613475 2.152802156534067 -79.22511677907816
    vertex -11.12164087226347 2.152802156534067 -80
  endloop
endfacet
facet normal 0 1 0
  outer loop
    vertex -10.18228543613475 2.152802156534067 -79.22511677907816
    vertex -10.18228543613475 2.152802156534067 -80.75112932339029
    vertex -11.12164087226347 2.152802156534067 -80
  endloop
endfacet
facet normal 0 1 0
  outer loop
    vertex -10.18228543613475 2.152802156534067 -79.22511677907816
    vertex -9.242930000006037 2.152802156534067 -79.97624610246845
    vertex -10.18228543613475 2.152802156534067 -80.75112932339029
  endloop
endfacet
facet normal 9.30801e-16 1 1.16405e-15
  outer loop
    vertex -11.12164087226347 2.152802156534067 -80
    vertex -10.18228543613475 2.152802156534067 -80.75112932339029
    vertex -11.12164087226347 2.152802156534069 -81.52601254431212
  endloop
endfacet
facet normal 0 1 -0
  outer loop
    vertex 11.12164087226347 2.152802156534067 -81.52601254431212
    vertex 10.11414294784239 2.152802156534067 -80.71310003158132
    vertex 11.12164087226347 2.152802156534067 -80
  endloop
endfacet
facet normal 0 1 0
  outer loop
    vertex 10.11414294784239 2.152802156534067 -80.71310003158132
    vertex 10.11414294784239 2.152802156534067 -79.1870874872692
    vertex 11.12164087226347 2.152802156534067 -80
  endloop
endfacet
facet normal 0 1 -0
  outer loop
    vertex 10.11414294784239 2.152802156534067 -80.71310003158132
    vertex 9.106645023421311 2.152802156534067 -79.90018751885052
    vertex 10.11414294784239 2.152802156534067 -79.1870874872692
  endloop
endfacet
facet normal 0 1 -0
  outer loop
    vertex 11.12164087226347 2.152802156534067 -80
    vertex 10.11414294784239 2.152802156534067 -79.1870874872692
    vertex 11.12164087226347 2.152802156534067 -78.47398745568788
  endloop
endfacet
facet normal -1.06288e-15 1 -7.80853e-16
  outer loop
    vertex -6.10511314773399 2.152802156534069 -76.19108431291426
    vertex -6.420883928244608 2.152802156534067 -78.03615741262826
    vertex -7.362697388445673 2.152802156534067 -76.75418529381116
  endloop
endfacet
facet normal 0 1 0
  outer loop
    vertex -6.420883928244608 2.152802156534067 -78.03615741262826
    vertex -7.67700574106462 2.152802156534067 -78.60250381204489
    vertex -7.362697388445673 2.152802156534067 -76.75418529381116
  endloop
endfacet
facet normal 0 1 0
  outer loop
    vertex -6.420883928244608 2.152802156534067 -78.03615741262826
    vertex -6.736654708755227 2.152802156534067 -79.88123051234226
    vertex -7.67700574106462 2.152802156534067 -78.60250381204489
  endloop
endfacet
facet normal 0 1 0
  outer loop
    vertex -7.362697388445673 2.152802156534067 -76.75418529381116
    vertex -7.67700574106462 2.152802156534067 -78.60250381204489
    vertex -8.617356773374013 2.152802156534067 -77.32377711174752
  endloop
endfacet
facet normal 0 1 0
  outer loop
    vertex 8.617356773374013 2.152802156534067 -77.32377711174752
    vertex 7.336293299602808 2.152802156534067 -78.41235735300003
    vertex 7.362697388445587 2.152802156534067 -76.75418529381112
  endloop
endfacet
facet normal 0 1 -0
  outer loop
    vertex 7.336293299602808 2.152802156534067 -78.41235735300003
    vertex 6.080171486782795 2.152802156534067 -77.8460109535834
    vertex 7.362697388445587 2.152802156534067 -76.75418529381112
  endloop
endfacet
facet normal 0 1 0
  outer loop
    vertex 7.336293299602808 2.152802156534067 -78.41235735300003
    vertex 6.055229825831603 2.152802156534067 -79.50093759425255
    vertex 6.080171486782795 2.152802156534067 -77.8460109535834
  endloop
endfacet
facet normal 0 1 0
  outer loop
    vertex 7.362697388445587 2.152802156534067 -76.75418529381112
    vertex 6.080171486782795 2.152802156534067 -77.8460109535834
    vertex 6.105113147733991 2.152802156534067 -76.19108431291426
  endloop
endfacet
facet normal 0 1 0
  outer loop
    vertex 8.617356773374013 2.152802156534067 -82.67622288825248
    vertex 8.86200089839766 2.152802156534067 -81.28820520355148
    vertex 9.870136601668603 2.152802156534067 -82.10250656679469
  endloop
endfacet
facet normal -0 1 0
  outer loop
    vertex 8.86200089839766 2.152802156534067 -81.28820520355148
    vertex 10.11414294784239 2.152802156534067 -80.71310003158132
    vertex 9.870136601668603 2.152802156534067 -82.10250656679469
  endloop
endfacet
facet normal 0 1 0
  outer loop
    vertex 8.86200089839766 2.152802156534067 -81.28820520355148
    vertex 9.106645023421311 2.152802156534067 -79.90018751885052
    vertex 10.11414294784239 2.152802156534067 -80.71310003158132
  endloop
endfacet
facet normal 0 1 0
  outer loop
    vertex 9.870136601668603 2.152802156534067 -82.10250656679469
    vertex 10.11414294784239 2.152802156534067 -80.71310003158132
    vertex 11.12164087226347 2.152802156534067 -81.52601254431212
  endloop
endfacet
facet normal 1.58838e-15 1 3.66894e-16
  outer loop
    vertex -11.12164087226347 2.152802156534069 -81.52601254431212
    vertex -10.18228543613475 2.152802156534067 -80.75112932339029
    vertex -9.870136601668589 2.152802156534067 -82.1025065667947
  endloop
endfacet
facet normal 0 1 0
  outer loop
    vertex -10.18228543613475 2.152802156534067 -80.75112932339029
    vertex -8.930143386690025 2.152802156534067 -81.32623449536045
    vertex -9.870136601668589 2.152802156534067 -82.1025065667947
  endloop
endfacet
facet normal -0 1 0
  outer loop
    vertex -10.18228543613475 2.152802156534067 -80.75112932339029
    vertex -9.242930000006037 2.152802156534067 -79.97624610246845
    vertex -8.930143386690025 2.152802156534067 -81.32623449536045
  endloop
endfacet
facet normal -0 1 0
  outer loop
    vertex -9.870136601668589 2.152802156534067 -82.1025065667947
    vertex -8.930143386690025 2.152802156534067 -81.32623449536045
    vertex -8.617356773374013 2.152802156534067 -82.67622288825248
  endloop
endfacet
facet normal 0 1 0
  outer loop
    vertex 11.12164087226347 2.152802156534067 -78.47398745568788
    vertex 10.11414294784239 2.152802156534067 -79.1870874872692
    vertex 9.870136601668589 2.152802156534067 -77.8974934332053
  endloop
endfacet
facet normal 0 1 0
  outer loop
    vertex 10.11414294784239 2.152802156534067 -79.1870874872692
    vertex 8.86200089839766 2.152802156534067 -78.61198231529902
    vertex 9.870136601668589 2.152802156534067 -77.8974934332053
  endloop
endfacet
facet normal 0 1 0
  outer loop
    vertex 10.11414294784239 2.152802156534067 -79.1870874872692
    vertex 9.106645023421311 2.152802156534067 -79.90018751885052
    vertex 8.86200089839766 2.152802156534067 -78.61198231529902
  endloop
endfacet
facet normal 0 1 0
  outer loop
    vertex 9.870136601668589 2.152802156534067 -77.8974934332053
    vertex 8.86200089839766 2.152802156534067 -78.61198231529902
    vertex 8.617356773374013 2.152802156534067 -77.32377711174752
  endloop
endfacet
facet normal 0 1 0
  outer loop
    vertex -8.617356773374013 2.152802156534067 -77.32377711174752
    vertex -8.930143386690025 2.152802156534067 -78.65001160710798
    vertex -9.870136601668603 2.152802156534067 -77.89749343320531
  endloop
endfacet
facet normal 0 1 0
  outer loop
    vertex -8.930143386690025 2.152802156534067 -78.65001160710798
    vertex -10.18228543613475 2.152802156534067 -79.22511677907816
    vertex -9.870136601668603 2.152802156534067 -77.89749343320531
  endloop
endfacet
facet normal 0 1 0
  outer loop
    vertex -8.930143386690025 2.152802156534067 -78.65001160710798
    vertex -9.242930000006037 2.152802156534067 -79.97624610246845
    vertex -10.18228543613475 2.152802156534067 -79.22511677907816
  endloop
endfacet
facet normal 1.59177e-15 1 -3.74256e-16
  outer loop
    vertex -9.870136601668603 2.152802156534067 -77.89749343320531
    vertex -10.18228543613475 2.152802156534067 -79.22511677907816
    vertex -11.12164087226347 2.152802156534069 -78.47398745568788
  endloop
endfacet
facet normal 0 1 0
  outer loop
    vertex 8.617356773374013 2.152802156534067 -77.32377711174752
    vertex 8.86200089839766 2.152802156534067 -78.61198231529902
    vertex 7.336293299602808 2.152802156534067 -78.41235735300003
  endloop
endfacet
facet normal 0 1 0
  outer loop
    vertex 8.86200089839766 2.152802156534067 -78.61198231529902
    vertex 7.580937424626455 2.152802156534067 -79.70056255655153
    vertex 7.336293299602808 2.152802156534067 -78.41235735300003
  endloop
endfacet
facet normal 0 1 0
  outer loop
    vertex 8.86200089839766 2.152802156534067 -78.61198231529902
    vertex 9.106645023421311 2.152802156534067 -79.90018751885052
    vertex 7.580937424626455 2.152802156534067 -79.70056255655153
  endloop
endfacet
facet normal 0 1 0
  outer loop
    vertex 7.336293299602808 2.152802156534067 -78.41235735300003
    vertex 7.580937424626455 2.152802156534067 -79.70056255655153
    vertex 6.055229825831603 2.152802156534067 -79.50093759425255
  endloop
endfacet
facet normal 0 1 0
  outer loop
    vertex -6.736654708755227 2.152802156534067 -79.88123051234226
    vertex -7.989792354380633 2.152802156534067 -79.92873830740535
    vertex -7.67700574106462 2.152802156534067 -78.60250381204489
  endloop
endfacet
facet normal 0 1 -0
  outer loop
    vertex -7.989792354380633 2.152802156534067 -79.92873830740535
    vertex -8.930143386690025 2.152802156534067 -78.65001160710798
    vertex -7.67700574106462 2.152802156534067 -78.60250381204489
  endloop
endfacet
facet normal 0 1 0
  outer loop
    vertex -7.989792354380633 2.152802156534067 -79.92873830740535
    vertex -9.242930000006037 2.152802156534067 -79.97624610246845
    vertex -8.930143386690025 2.152802156534067 -78.65001160710798
  endloop
endfacet
facet normal 0 1 0
  outer loop
    vertex -7.67700574106462 2.152802156534067 -78.60250381204489
    vertex -8.930143386690025 2.152802156534067 -78.65001160710798
    vertex -8.617356773374013 2.152802156534067 -77.32377711174752
  endloop
endfacet
facet normal -0.936438 -0.319878 -0.144089
  outer loop
    vertex 11.12164087226347 2.152802156534067 -78.47398745568788
    vertex 10.11447961993207 5.101250320730968 -78.47398745568788
    vertex 10.7199132475035 3.661818234535705 -79.21317149884936
  endloop
endfacet
facet normal -0.88355 -0.44562 0.144089
  outer loop
    vertex 10.11447961993207 5.101250320730968 -78.47398745568788
    vertex 9.316844790137868 6.443745492588917 -79.21317149884936
    vertex 10.7199132475035 3.661818234535705 -79.21317149884936
  endloop
endfacet
facet normal -0.813873 -0.562893 -0.144089
  outer loop
    vertex 10.11447961993207 5.101250320730968 -78.47398745568788
    vertex 8.342165877318491 7.663792878991583 -78.47398745568788
    vertex 9.316844790137868 6.443745492588917 -79.21317149884936
  endloop
endfacet
facet normal -0.88355 -0.44562 -0.144089
  outer loop
    vertex 10.7199132475035 3.661818234535705 -79.21317149884936
    vertex 9.316844790137868 6.443745492588917 -79.21317149884936
    vertex 10.11447961993207 5.101250320730968 -79.95235554201085
  endloop
endfacet
facet normal -0.629739 -0.763326 -0.144089
  outer loop
    vertex 8.342165877318491 7.663792878991583 -78.47398745568788
    vertex 5.938773796003368 9.646575486496898 -78.47398745568788
    vertex 7.208964294919275 8.738208432588349 -79.21317149884936
  endloop
endfacet
facet normal -0.518782 -0.842677 0.144089
  outer loop
    vertex 5.938773796003368 9.646575486496898 -78.47398745568788
    vertex 4.555731276399056 10.37163272363703 -79.21317149884936
    vertex 7.208964294919275 8.738208432588349 -79.21317149884936
  endloop
endfacet
facet normal -0.397966 -0.906014 -0.144089
  outer loop
    vertex 5.938773796003368 9.646575486496898 -78.47398745568788
    vertex 3.086118111419936 10.89960218627932 -78.47398745568788
    vertex 4.555731276399056 10.37163272363703 -79.21317149884936
  endloop
endfacet
facet normal -0.518782 -0.842677 -0.144089
  outer loop
    vertex 7.208964294919275 8.738208432588349 -79.21317149884936
    vertex 4.555731276399056 10.37163272363703 -79.21317149884936
    vertex 5.938773796003368 9.646575486496898 -79.95235554201086
  endloop
endfacet
facet normal 0.813873 -0.562893 -0.144089
  outer loop
    vertex -8.342165877318504 7.663792878991572 -78.47398745568788
    vertex -10.11447961993208 5.101250320730959 -78.47398745568788
    vertex -9.316844790137875 6.443745492588905 -79.21317149884936
  endloop
endfacet
facet normal 0.88355 -0.44562 0.144089
  outer loop
    vertex -10.11447961993208 5.101250320730959 -78.47398745568788
    vertex -10.7199132475035 3.661818234535703 -79.21317149884936
    vertex -9.316844790137875 6.443745492588905 -79.21317149884936
  endloop
endfacet
facet normal 0.936438 -0.319878 -0.144089
  outer loop
    vertex -10.11447961993208 5.101250320730959 -78.47398745568788
    vertex -11.12164087226347 2.152802156534069 -78.47398745568788
    vertex -10.7199132475035 3.661818234535703 -79.21317149884936
  endloop
endfacet
facet normal 0.88355 -0.44562 -0.144089
  outer loop
    vertex -9.316844790137875 6.443745492588905 -79.21317149884936
    vertex -10.7199132475035 3.661818234535703 -79.21317149884936
    vertex -10.11447961993208 5.101250320730959 -79.95235554201086
  endloop
endfacet
facet normal 0.629739 -0.763326 0.144089
  outer loop
    vertex -8.342165877318504 7.663792878991572 -81.52601254431212
    vertex -5.93877379600339 9.646575486496884 -81.52601254431212
    vertex -7.20896429491929 8.738208432588339 -80.78682850115064
  endloop
endfacet
facet normal 0.518782 -0.842677 -0.144089
  outer loop
    vertex -5.93877379600339 9.646575486496884 -81.52601254431212
    vertex -4.555731276399083 10.37163272363702 -80.78682850115064
    vertex -7.20896429491929 8.738208432588339 -80.78682850115064
  endloop
endfacet
facet normal 0.397966 -0.906014 0.144089
  outer loop
    vertex -5.93877379600339 9.646575486496884 -81.52601254431212
    vertex -3.086118111419966 10.89960218627931 -81.52601254431212
    vertex -4.555731276399083 10.37163272363702 -80.78682850115064
  endloop
endfacet
facet normal 0.518782 -0.842677 0.144089
  outer loop
    vertex -7.20896429491929 8.738208432588339 -80.78682850115064
    vertex -4.555731276399083 10.37163272363702 -80.78682850115064
    vertex -5.93877379600339 9.646575486496884 -80.04764445798914
  endloop
endfacet
facet normal 0.136087 -0.980163 0.144089
  outer loop
    vertex -3.086118111419966 10.89960218627931 -81.52601254431212
    vertex -1.4398392603526e-14 11.32808248631599 -81.52601254431212
    vertex -1.557860741943414 11.22045109278101 -80.78682850115064
  endloop
endfacet
facet normal 1.69345e-15 -0.989565 -0.144089
  outer loop
    vertex -1.4398392603526e-14 11.32808248631599 -81.52601254431212
    vertex 1.557860741943385 11.22045109278102 -80.78682850115064
    vertex -1.557860741943414 11.22045109278101 -80.78682850115064
  endloop
endfacet
facet normal -0.136087 -0.980163 0.144089
  outer loop
    vertex -1.4398392603526e-14 11.32808248631599 -81.52601254431212
    vertex 3.086118111419936 10.89960218627932 -81.52601254431212
    vertex 1.557860741943385 11.22045109278102 -80.78682850115064
  endloop
endfacet
facet normal 1.69253e-15 -0.989565 0.144089
  outer loop
    vertex -1.557860741943414 11.22045109278101 -80.78682850115064
    vertex 1.557860741943385 11.22045109278102 -80.78682850115064
    vertex -1.4398392603526e-14 11.32808248631599 -80.04764445798914
  endloop
endfacet
facet normal -0.398452 -0.907121 0.135529
  outer loop
    vertex 3.086118111419936 10.89960218627932 -81.52601254431212
    vertex 5.938773796003368 9.646575486496898 -81.52601254431212
    vertex 4.555731276399056 10.37163272363703 -80.73918404316149
  endloop
endfacet
facet normal -0.519415 -0.843706 -0.135529
  outer loop
    vertex 5.938773796003368 9.646575486496898 -81.52601254431212
    vertex 7.208964294919275 8.738208432588349 -80.73918404316149
    vertex 4.555731276399056 10.37163272363703 -80.73918404316149
  endloop
endfacet
facet normal -0.630508 -0.764259 0.135529
  outer loop
    vertex 5.938773796003368 9.646575486496898 -81.52601254431212
    vertex 8.342165877318491 7.663792878991583 -81.52601254431212
    vertex 7.208964294919275 8.738208432588349 -80.73918404316149
  endloop
endfacet
facet normal -0.519415 -0.843706 0.135529
  outer loop
    vertex 4.555731276399056 10.37163272363703 -80.73918404316149
    vertex 7.208964294919275 8.738208432588349 -80.73918404316149
    vertex 5.938773796003368 9.646575486496898 -79.95235554201086
  endloop
endfacet
facet normal 0.937582 -0.320269 0.135529
  outer loop
    vertex -11.12164087226347 2.152802156534069 -81.52601254431212
    vertex -10.11447961993208 5.101250320730959 -81.52601254431212
    vertex -10.7199132475035 3.661818234535703 -80.73918404316149
  endloop
endfacet
facet normal 0.88463 -0.446164 -0.135529
  outer loop
    vertex -10.11447961993208 5.101250320730959 -81.52601254431212
    vertex -9.316844790137875 6.443745492588905 -80.73918404316149
    vertex -10.7199132475035 3.661818234535703 -80.73918404316149
  endloop
endfacet
facet normal 0.814867 -0.563581 0.135529
  outer loop
    vertex -10.11447961993208 5.101250320730959 -81.52601254431212
    vertex -8.342165877318504 7.663792878991572 -81.52601254431212
    vertex -9.316844790137875 6.443745492588905 -80.73918404316149
  endloop
endfacet
facet normal 0.88463 -0.446164 0.135529
  outer loop
    vertex -10.7199132475035 3.661818234535703 -80.73918404316149
    vertex -9.316844790137875 6.443745492588905 -80.73918404316149
    vertex -10.11447961993208 5.101250320730959 -79.95235554201086
  endloop
endfacet
facet normal 0.398452 -0.907121 -0.135529
  outer loop
    vertex -3.086118111419966 10.89960218627931 -78.47398745568788
    vertex -5.93877379600339 9.646575486496884 -78.47398745568788
    vertex -4.555731276399083 10.37163272363702 -79.26081595683851
  endloop
endfacet
facet normal 0.519415 -0.843706 0.135529
  outer loop
    vertex -5.93877379600339 9.646575486496884 -78.47398745568788
    vertex -7.20896429491929 8.738208432588339 -79.26081595683851
    vertex -4.555731276399083 10.37163272363702 -79.26081595683851
  endloop
endfacet
facet normal 0.630508 -0.764259 -0.135529
  outer loop
    vertex -5.93877379600339 9.646575486496884 -78.47398745568788
    vertex -8.342165877318504 7.663792878991572 -78.47398745568788
    vertex -7.20896429491929 8.738208432588339 -79.26081595683851
  endloop
endfacet
facet normal 0.519415 -0.843706 -0.135529
  outer loop
    vertex -4.555731276399083 10.37163272363702 -79.26081595683851
    vertex -7.20896429491929 8.738208432588339 -79.26081595683851
    vertex -5.93877379600339 9.646575486496884 -80.04764445798914
  endloop
endfacet
facet normal -0.136253 -0.98136 -0.135529
  outer loop
    vertex 3.086118111419936 10.89960218627932 -78.47398745568788
    vertex -1.4398392603526e-14 11.32808248631599 -78.47398745568788
    vertex 1.557860741943385 11.22045109278102 -79.26081595683851
  endloop
endfacet
facet normal 1.6938e-15 -0.990773 0.135529
  outer loop
    vertex -1.4398392603526e-14 11.32808248631599 -78.47398745568788
    vertex -1.557860741943414 11.22045109278101 -79.26081595683851
    vertex 1.557860741943385 11.22045109278102 -79.26081595683851
  endloop
endfacet
facet normal 0.136253 -0.98136 -0.135529
  outer loop
    vertex -1.4398392603526e-14 11.32808248631599 -78.47398745568788
    vertex -3.086118111419966 10.89960218627931 -78.47398745568788
    vertex -1.557860741943414 11.22045109278101 -79.26081595683851
  endloop
endfacet
facet normal 1.6946e-15 -0.990773 -0.135529
  outer loop
    vertex 1.557860741943385 11.22045109278102 -79.26081595683851
    vertex -1.557860741943414 11.22045109278101 -79.26081595683851
    vertex -1.4398392603526e-14 11.32808248631599 -80.04764445798914
  endloop
endfacet
facet normal -0.814867 -0.563581 0.135529
  outer loop
    vertex 8.342165877318491 7.663792878991583 -81.52601254431212
    vertex 10.11447961993207 5.101250320730968 -81.52601254431212
    vertex 9.316844790137868 6.443745492588917 -80.73918404316149
  endloop
endfacet
facet normal -0.88463 -0.446164 -0.135529
  outer loop
    vertex 10.11447961993207 5.101250320730968 -81.52601254431212
    vertex 10.7199132475035 3.661818234535705 -80.73918404316149
    vertex 9.316844790137868 6.443745492588917 -80.73918404316149
  endloop
endfacet
facet normal -0.937582 -0.320269 0.135529
  outer loop
    vertex 10.11447961993207 5.101250320730968 -81.52601254431212
    vertex 11.12164087226347 2.152802156534067 -81.52601254431212
    vertex 10.7199132475035 3.661818234535705 -80.73918404316149
  endloop
endfacet
facet normal -0.88463 -0.446164 0.135529
  outer loop
    vertex 9.316844790137868 6.443745492588917 -80.73918404316149
    vertex 10.7199132475035 3.661818234535705 -80.73918404316149
    vertex 10.11447961993207 5.101250320730968 -79.95235554201085
  endloop
endfacet
facet normal -0.781293 -0.624164 -0
  outer loop
    vertex 8.342165877318491 7.663792878991583 -78.47398745568788
    vertex 8.342165877318491 7.663792878991583 -80
    vertex 9.316844790137868 6.443745492588917 -79.21317149884936
  endloop
endfacet
facet normal -0.781293 -0.624164 0
  outer loop
    vertex 8.342165877318491 7.663792878991583 -80
    vertex 9.316844790137868 6.443745492588917 -80.73918404316149
    vertex 9.316844790137868 6.443745492588917 -79.21317149884936
  endloop
endfacet
facet normal -0.781293 -0.624164 -0
  outer loop
    vertex 8.342165877318491 7.663792878991583 -80
    vertex 8.342165877318491 7.663792878991583 -81.52601254431212
    vertex 9.316844790137868 6.443745492588917 -80.73918404316149
  endloop
endfacet
facet normal -0.859706 -0.510789 -0
  outer loop
    vertex 9.316844790137868 6.443745492588917 -79.21317149884936
    vertex 9.316844790137868 6.443745492588917 -80.73918404316149
    vertex 10.11447961993207 5.101250320730968 -79.95235554201085
  endloop
endfacet
facet normal -0.338101 -0.94111 -0
  outer loop
    vertex 3.086118111419936 10.89960218627932 -78.47398745568788
    vertex 3.086118111419936 10.89960218627932 -80
    vertex 4.555731276399056 10.37163272363703 -79.21317149884936
  endloop
endfacet
facet normal -0.338101 -0.94111 0
  outer loop
    vertex 3.086118111419936 10.89960218627932 -80
    vertex 4.555731276399056 10.37163272363703 -80.73918404316149
    vertex 4.555731276399056 10.37163272363703 -79.21317149884936
  endloop
endfacet
facet normal -0.338101 -0.94111 -0
  outer loop
    vertex 3.086118111419936 10.89960218627932 -80
    vertex 3.086118111419936 10.89960218627932 -81.52601254431212
    vertex 4.555731276399056 10.37163272363703 -80.73918404316149
  endloop
endfacet
facet normal -0.464312 -0.885672 -0
  outer loop
    vertex 4.555731276399056 10.37163272363703 -79.21317149884936
    vertex 4.555731276399056 10.37163272363703 -80.73918404316149
    vertex 5.938773796003368 9.646575486496898 -79.95235554201086
  endloop
endfacet
facet normal -0.966343 -0.257258 0
  outer loop
    vertex 11.12164087226347 2.152802156534067 -81.52601254431212
    vertex 11.12164087226347 2.152802156534067 -80
    vertex 10.7199132475035 3.661818234535705 -80.73918404316149
  endloop
endfacet
facet normal -0.966343 -0.257258 0
  outer loop
    vertex 11.12164087226347 2.152802156534067 -80
    vertex 10.7199132475035 3.661818234535705 -79.21317149884936
    vertex 10.7199132475035 3.661818234535705 -80.73918404316149
  endloop
endfacet
facet normal -0.966343 -0.257258 0
  outer loop
    vertex 11.12164087226347 2.152802156534067 -80
    vertex 11.12164087226347 2.152802156534067 -78.47398745568788
    vertex 10.7199132475035 3.661818234535705 -79.21317149884936
  endloop
endfacet
facet normal -0.921783 -0.387707 0
  outer loop
    vertex 10.7199132475035 3.661818234535705 -80.73918404316149
    vertex 10.7199132475035 3.661818234535705 -79.21317149884936
    vertex 10.11447961993207 5.101250320730968 -79.95235554201085
  endloop
endfacet
facet normal 0.966343 -0.257258 -8.25411e-16
  outer loop
    vertex -11.12164087226347 2.152802156534069 -78.47398745568788
    vertex -11.12164087226347 2.152802156534067 -80
    vertex -10.7199132475035 3.661818234535703 -79.21317149884936
  endloop
endfacet
facet normal 0.966343 -0.257258 0
  outer loop
    vertex -11.12164087226347 2.152802156534067 -80
    vertex -10.7199132475035 3.661818234535703 -80.73918404316149
    vertex -10.7199132475035 3.661818234535703 -79.21317149884936
  endloop
endfacet
facet normal 0.966343 -0.257258 8.25411e-16
  outer loop
    vertex -11.12164087226347 2.152802156534067 -80
    vertex -11.12164087226347 2.152802156534069 -81.52601254431212
    vertex -10.7199132475035 3.661818234535703 -80.73918404316149
  endloop
endfacet
facet normal 0.921783 -0.387707 0
  outer loop
    vertex -10.7199132475035 3.661818234535703 -79.21317149884936
    vertex -10.7199132475035 3.661818234535703 -80.73918404316149
    vertex -10.11447961993208 5.101250320730959 -79.95235554201086
  endloop
endfacet
facet normal 0.205465 -0.978664 0
  outer loop
    vertex -3.086118111419966 10.89960218627931 -78.47398745568788
    vertex -3.086118111419966 10.89960218627931 -80
    vertex -1.557860741943414 11.22045109278101 -79.26081595683851
  endloop
endfacet
facet normal 0.205465 -0.978664 0
  outer loop
    vertex -3.086118111419966 10.89960218627931 -80
    vertex -1.557860741943414 11.22045109278101 -80.78682850115064
    vertex -1.557860741943414 11.22045109278101 -79.26081595683851
  endloop
endfacet
facet normal 0.205465 -0.978664 0
  outer loop
    vertex -3.086118111419966 10.89960218627931 -80
    vertex -3.086118111419966 10.89960218627931 -81.52601254431212
    vertex -1.557860741943414 11.22045109278101 -80.78682850115064
  endloop
endfacet
facet normal 0.0689249 -0.997622 0
  outer loop
    vertex -1.557860741943414 11.22045109278101 -79.26081595683851
    vertex -1.557860741943414 11.22045109278101 -80.78682850115064
    vertex -1.4398392603526e-14 11.32808248631599 -80.04764445798914
  endloop
endfacet
facet normal -0.688034 -0.725679 0
  outer loop
    vertex 8.342165877318491 7.663792878991583 -81.52601254431212
    vertex 8.342165877318491 7.663792878991583 -80
    vertex 7.208964294919275 8.738208432588349 -80.73918404316149
  endloop
endfacet
facet normal -0.688034 -0.725679 0
  outer loop
    vertex 8.342165877318491 7.663792878991583 -80
    vertex 7.208964294919275 8.738208432588349 -79.21317149884936
    vertex 7.208964294919275 8.738208432588349 -80.73918404316149
  endloop
endfacet
facet normal -0.688034 -0.725679 0
  outer loop
    vertex 8.342165877318491 7.663792878991583 -80
    vertex 8.342165877318491 7.663792878991583 -78.47398745568788
    vertex 7.208964294919275 8.738208432588349 -79.21317149884936
  endloop
endfacet
facet normal -0.5817 -0.813404 0
  outer loop
    vertex 7.208964294919275 8.738208432588349 -80.73918404316149
    vertex 7.208964294919275 8.738208432588349 -79.21317149884936
    vertex 5.938773796003368 9.646575486496898 -79.95235554201086
  endloop
endfacet
facet normal 0.781293 -0.624164 -2.53261e-18
  outer loop
    vertex -8.342165877318504 7.663792878991572 -81.52601254431212
    vertex -8.3421658773185 7.663792878991576 -80
    vertex -9.316844790137875 6.443745492588905 -80.73918404316149
  endloop
endfacet
facet normal 0.781293 -0.624164 0
  outer loop
    vertex -8.3421658773185 7.663792878991576 -80
    vertex -9.316844790137875 6.443745492588905 -79.21317149884936
    vertex -9.316844790137875 6.443745492588905 -80.73918404316149
  endloop
endfacet
facet normal 0.781293 -0.624164 2.53261e-18
  outer loop
    vertex -8.3421658773185 7.663792878991576 -80
    vertex -8.342165877318504 7.663792878991572 -78.47398745568788
    vertex -9.316844790137875 6.443745492588905 -79.21317149884936
  endloop
endfacet
facet normal 0.859706 -0.510789 0
  outer loop
    vertex -9.316844790137875 6.443745492588905 -80.73918404316149
    vertex -9.316844790137875 6.443745492588905 -79.21317149884936
    vertex -10.11447961993208 5.101250320730959 -79.95235554201086
  endloop
endfacet
facet normal 0.338101 -0.94111 0
  outer loop
    vertex -3.086118111419966 10.89960218627931 -81.52601254431212
    vertex -3.086118111419966 10.89960218627931 -80
    vertex -4.555731276399083 10.37163272363702 -80.78682850115064
  endloop
endfacet
facet normal 0.338101 -0.94111 0
  outer loop
    vertex -3.086118111419966 10.89960218627931 -80
    vertex -4.555731276399083 10.37163272363702 -79.26081595683851
    vertex -4.555731276399083 10.37163272363702 -80.78682850115064
  endloop
endfacet
facet normal 0.338101 -0.94111 0
  outer loop
    vertex -3.086118111419966 10.89960218627931 -80
    vertex -3.086118111419966 10.89960218627931 -78.47398745568788
    vertex -4.555731276399083 10.37163272363702 -79.26081595683851
  endloop
endfacet
facet normal 0.464312 -0.885672 0
  outer loop
    vertex -4.555731276399083 10.37163272363702 -80.78682850115064
    vertex -4.555731276399083 10.37163272363702 -79.26081595683851
    vertex -5.93877379600339 9.646575486496884 -80.04764445798914
  endloop
endfacet
facet normal 0.688034 -0.725679 -5.10006e-16
  outer loop
    vertex -8.342165877318504 7.663792878991572 -78.47398745568788
    vertex -8.3421658773185 7.663792878991576 -80
    vertex -7.20896429491929 8.738208432588339 -79.26081595683851
  endloop
endfacet
facet normal 0.688034 -0.725679 0
  outer loop
    vertex -8.3421658773185 7.663792878991576 -80
    vertex -7.20896429491929 8.738208432588339 -80.78682850115064
    vertex -7.20896429491929 8.738208432588339 -79.26081595683851
  endloop
endfacet
facet normal 0.688034 -0.725679 5.10006e-16
  outer loop
    vertex -8.3421658773185 7.663792878991576 -80
    vertex -8.342165877318504 7.663792878991572 -81.52601254431212
    vertex -7.20896429491929 8.738208432588339 -80.78682850115064
  endloop
endfacet
facet normal 0.5817 -0.813404 0
  outer loop
    vertex -7.20896429491929 8.738208432588339 -79.26081595683851
    vertex -7.20896429491929 8.738208432588339 -80.78682850115064
    vertex -5.93877379600339 9.646575486496884 -80.04764445798914
  endloop
endfacet
facet normal -0.205465 -0.978664 0
  outer loop
    vertex 3.086118111419936 10.89960218627932 -81.52601254431212
    vertex 3.086118111419936 10.89960218627932 -80
    vertex 1.557860741943385 11.22045109278102 -80.78682850115064
  endloop
endfacet
facet normal -0.205465 -0.978664 0
  outer loop
    vertex 3.086118111419936 10.89960218627932 -80
    vertex 1.557860741943385 11.22045109278102 -79.26081595683851
    vertex 1.557860741943385 11.22045109278102 -80.78682850115064
  endloop
endfacet
facet normal -0.205465 -0.978664 0
  outer loop
    vertex 3.086118111419936 10.89960218627932 -80
    vertex 3.086118111419936 10.89960218627932 -78.47398745568788
    vertex 1.557860741943385 11.22045109278102 -79.26081595683851
  endloop
endfacet
facet normal -0.0689249 -0.997622 0
  outer loop
    vertex 1.557860741943385 11.22045109278102 -80.78682850115064
    vertex 1.557860741943385 11.22045109278102 -79.26081595683851
    vertex -1.4398392603526e-14 11.32808248631599 -80.04764445798914
  endloop
endfacet
facet normal 0.280314 -0.339777 -0.897762
  outer loop
    vertex -8.342165877318504 7.663792878991572 -78.47398745568788
    vertex -5.93877379600339 9.646575486496884 -78.47398745568788
    vertex -5.483299174433234 6.824834523636643 -77.26382514679388
  endloop
endfacet
facet normal 0.195646 -0.359691 -0.912329
  outer loop
    vertex -5.93877379600339 9.646575486496884 -78.47398745568788
    vertex -2.836116627800167 8.420754299375105 -77.32534571019244
    vertex -5.483299174433234 6.824834523636643 -77.26382514679388
  endloop
endfacet
facet normal 0.175392 -0.399299 -0.899888
  outer loop
    vertex -5.93877379600339 9.646575486496884 -78.47398745568788
    vertex -3.086118111419966 10.89960218627931 -78.47398745568788
    vertex -2.836116627800167 8.420754299375105 -77.32534571019244
  endloop
endfacet
facet normal 0.212903 -0.387719 -0.896854
  outer loop
    vertex -5.483299174433234 6.824834523636643 -77.26382514679388
    vertex -2.836116627800167 8.420754299375105 -77.32534571019244
    vertex -2.583956649580422 5.935497595391753 -76.19108431291426
  endloop
endfacet
facet normal -0.280314 -0.339777 -0.897762
  outer loop
    vertex 8.342165877318491 7.663792878991583 -78.47398745568788
    vertex 5.483299174433238 6.824834523636644 -77.26382514679388
    vertex 5.938773796003368 9.646575486496898 -78.47398745568788
  endloop
endfacet
facet normal -0.195646 -0.359691 -0.912329
  outer loop
    vertex 5.483299174433238 6.824834523636644 -77.26382514679388
    vertex 2.836116627800163 8.420754299375105 -77.32534571019244
    vertex 5.938773796003368 9.646575486496898 -78.47398745568788
  endloop
endfacet
facet normal -0.212903 -0.387719 -0.896854
  outer loop
    vertex 5.483299174433238 6.824834523636644 -77.26382514679388
    vertex 2.583956649580444 5.935497595391744 -76.19108431291426
    vertex 2.836116627800163 8.420754299375105 -77.32534571019244
  endloop
endfacet
facet normal -0.175392 -0.399299 -0.899888
  outer loop
    vertex 5.938773796003368 9.646575486496898 -78.47398745568788
    vertex 2.836116627800163 8.420754299375105 -77.32534571019244
    vertex 3.086118111419936 10.89960218627932 -78.47398745568788
  endloop
endfacet
facet normal -0.415249 -0.122226 -0.901459
  outer loop
    vertex 11.12164087226347 2.152802156534067 -78.47398745568788
    vertex 9.870136601668589 2.152802156534067 -77.8974934332053
    vertex 9.183899648965397 3.337988205266206 -77.7420796449493
  endloop
endfacet
facet normal -0.398753 -0.111521 -0.910252
  outer loop
    vertex 9.870136601668589 2.152802156534067 -77.8974934332053
    vertex 7.921737259124037 3.335376457448856 -77.18884645464462
    vertex 9.183899648965397 3.337988205266206 -77.7420796449493
  endloop
endfacet
facet normal -0.412282 -0.139795 -0.900267
  outer loop
    vertex 9.870136601668589 2.152802156534067 -77.8974934332053
    vertex 8.617356773374013 2.152802156534067 -77.32377711174752
    vertex 7.921737259124037 3.335376457448856 -77.18884645464462
  endloop
endfacet
facet normal -0.39251 -0.205686 -0.896454
  outer loop
    vertex 9.183899648965397 3.337988205266206 -77.7420796449493
    vertex 7.921737259124037 3.335376457448856 -77.18884645464462
    vertex 7.190332714979542 4.50288379232639 -77.13648148187143
  endloop
endfacet
facet normal 0.412282 -0.139795 -0.900267
  outer loop
    vertex -8.617356773374013 2.152802156534067 -77.32377711174752
    vertex -9.870136601668603 2.152802156534067 -77.89749343320531
    vertex -7.921737259125531 3.33537645745003 -77.18884645464547
  endloop
endfacet
facet normal 0.398753 -0.111521 -0.910252
  outer loop
    vertex -9.870136601668603 2.152802156534067 -77.89749343320531
    vertex -9.1838996489669 3.337988205267386 -77.74207964495015
    vertex -7.921737259125531 3.33537645745003 -77.18884645464547
  endloop
endfacet
facet normal 0.415249 -0.122226 -0.901459
  outer loop
    vertex -9.870136601668603 2.152802156534067 -77.89749343320531
    vertex -11.12164087226347 2.152802156534069 -78.47398745568788
    vertex -9.1838996489669 3.337988205267386 -77.74207964495015
  endloop
endfacet
facet normal 0.39251 -0.205686 -0.896454
  outer loop
    vertex -7.921737259125531 3.33537645745003 -77.18884645464547
    vertex -9.1838996489669 3.337988205267386 -77.74207964495015
    vertex -7.190332714982516 4.502883792328729 -77.1364814818732
  endloop
endfacet
facet normal 0.426281 -0.145613 -0.892794
  outer loop
    vertex -11.12164087226347 2.152802156534069 -78.47398745568788
    vertex -10.11447961993208 5.101250320730959 -78.47398745568788
    vertex -9.1838996489669 3.337988205267386 -77.74207964495015
  endloop
endfacet
facet normal 0.350048 -0.19552 -0.916099
  outer loop
    vertex -10.11447961993208 5.101250320730959 -78.47398745568788
    vertex -7.77206989207006 6.087897634871848 -77.78951202843723
    vertex -9.1838996489669 3.337988205267386 -77.74207964495015
  endloop
endfacet
facet normal 0.368601 -0.254933 -0.893948
  outer loop
    vertex -10.11447961993208 5.101250320730959 -78.47398745568788
    vertex -8.342165877318504 7.663792878991572 -78.47398745568788
    vertex -7.77206989207006 6.087897634871848 -77.78951202843723
  endloop
endfacet
facet normal 0.399077 -0.220242 -0.890074
  outer loop
    vertex -9.1838996489669 3.337988205267386 -77.74207964495015
    vertex -7.77206989207006 6.087897634871848 -77.78951202843723
    vertex -7.190332714982516 4.502883792328729 -77.1364814818732
  endloop
endfacet
facet normal -0.368601 -0.254933 -0.893948
  outer loop
    vertex 8.342165877318491 7.663792878991583 -78.47398745568788
    vertex 10.11447961993207 5.101250320730968 -78.47398745568788
    vertex 7.772069892068566 6.087897634870683 -77.78951202843633
  endloop
endfacet
facet normal -0.350048 -0.19552 -0.916099
  outer loop
    vertex 10.11447961993207 5.101250320730968 -78.47398745568788
    vertex 9.183899648965397 3.337988205266206 -77.7420796449493
    vertex 7.772069892068566 6.087897634870683 -77.78951202843633
  endloop
endfacet
facet normal -0.426281 -0.145613 -0.892794
  outer loop
    vertex 10.11447961993207 5.101250320730968 -78.47398745568788
    vertex 11.12164087226347 2.152802156534067 -78.47398745568788
    vertex 9.183899648965397 3.337988205266206 -77.7420796449493
  endloop
endfacet
facet normal -0.399077 -0.220242 -0.890074
  outer loop
    vertex 7.772069892068566 6.087897634870683 -77.78951202843633
    vertex 9.183899648965397 3.337988205266206 -77.7420796449493
    vertex 7.190332714979542 4.50288379232639 -77.13648148187143
  endloop
endfacet
facet normal 0.301072 -0.28618 -0.909646
  outer loop
    vertex -8.342165877318504 7.663792878991572 -78.47398745568788
    vertex -5.483299174433234 6.824834523636643 -77.26382514679388
    vertex -7.77206989207006 6.087897634871848 -77.78951202843723
  endloop
endfacet
facet normal 0.306448 -0.309682 -0.900104
  outer loop
    vertex -5.483299174433234 6.824834523636643 -77.26382514679388
    vertex -4.927822213262852 5.262631967845226 -76.53723016958563
    vertex -7.77206989207006 6.087897634871848 -77.78951202843723
  endloop
endfacet
facet normal 0.232416 -0.341015 -0.910874
  outer loop
    vertex -5.483299174433234 6.824834523636643 -77.26382514679388
    vertex -2.583956649580422 5.935497595391753 -76.19108431291426
    vertex -4.927822213262852 5.262631967845226 -76.53723016958563
  endloop
endfacet
facet normal 0.326687 -0.255049 -0.910069
  outer loop
    vertex -7.77206989207006 6.087897634871848 -77.78951202843723
    vertex -4.927822213262852 5.262631967845226 -76.53723016958563
    vertex -7.190332714982516 4.502883792328729 -77.1364814818732
  endloop
endfacet
facet normal -0.232416 -0.341015 -0.910874
  outer loop
    vertex 2.583956649580444 5.935497595391744 -76.19108431291426
    vertex 5.483299174433238 6.824834523636644 -77.26382514679388
    vertex 4.927822213261375 5.262631967844053 -76.53723016958475
  endloop
endfacet
facet normal -0.306448 -0.309682 -0.900104
  outer loop
    vertex 5.483299174433238 6.824834523636644 -77.26382514679388
    vertex 7.772069892068566 6.087897634870683 -77.78951202843633
    vertex 4.927822213261375 5.262631967844053 -76.53723016958475
  endloop
endfacet
facet normal -0.301072 -0.28618 -0.909646
  outer loop
    vertex 5.483299174433238 6.824834523636644 -77.26382514679388
    vertex 8.342165877318491 7.663792878991583 -78.47398745568788
    vertex 7.772069892068566 6.087897634870683 -77.78951202843633
  endloop
endfacet
facet normal -0.326687 -0.255049 -0.910069
  outer loop
    vertex 4.927822213261375 5.262631967844053 -76.53723016958475
    vertex 7.772069892068566 6.087897634870683 -77.78951202843633
    vertex 7.190332714979542 4.50288379232639 -77.13648148187143
  endloop
endfacet
facet normal 0.22825 -0.322512 -0.918634
  outer loop
    vertex -2.583956649580422 5.935497595391753 -76.19108431291426
    vertex -4.738373104921038 4.41075775693623 -76.19108431291426
    vertex -4.927822213262852 5.262631967845226 -76.53723016958563
  endloop
endfacet
facet normal 0.367803 -0.278688 -0.887161
  outer loop
    vertex -4.738373104921038 4.41075775693623 -76.19108431291426
    vertex -6.654941618553281 3.331456641504269 -76.64661660723776
    vertex -4.927822213262852 5.262631967845226 -76.53723016958563
  endloop
endfacet
facet normal 0.332285 -0.201132 -0.921484
  outer loop
    vertex -4.738373104921038 4.41075775693623 -76.19108431291426
    vertex -6.10511314773399 2.152802156534069 -76.19108431291426
    vertex -6.654941618553281 3.331456641504269 -76.64661660723776
  endloop
endfacet
facet normal 0.322117 -0.236153 -0.916773
  outer loop
    vertex -4.927822213262852 5.262631967845226 -76.53723016958563
    vertex -6.654941618553281 3.331456641504269 -76.64661660723776
    vertex -7.190332714982516 4.502883792328729 -77.1364814818732
  endloop
endfacet
facet normal -0.332285 -0.201132 -0.921484
  outer loop
    vertex 6.105113147733991 2.152802156534067 -76.19108431291426
    vertex 4.73837310492105 4.410757756936218 -76.19108431291426
    vertex 6.654941618551791 3.331456641503094 -76.64661660723689
  endloop
endfacet
facet normal -0.367803 -0.278688 -0.887161
  outer loop
    vertex 4.73837310492105 4.410757756936218 -76.19108431291426
    vertex 4.927822213261375 5.262631967844053 -76.53723016958475
    vertex 6.654941618551791 3.331456641503094 -76.64661660723689
  endloop
endfacet
facet normal -0.22825 -0.322512 -0.918634
  outer loop
    vertex 4.73837310492105 4.410757756936218 -76.19108431291426
    vertex 2.583956649580444 5.935497595391744 -76.19108431291426
    vertex 4.927822213261375 5.262631967844053 -76.53723016958475
  endloop
endfacet
facet normal -0.322117 -0.236153 -0.916773
  outer loop
    vertex 6.654941618551791 3.331456641503094 -76.64661660723689
    vertex 4.927822213261375 5.262631967844053 -76.53723016958475
    vertex 7.190332714979542 4.50288379232639 -77.13648148187143
  endloop
endfacet
facet normal 0.0620657 -0.447026 -0.892365
  outer loop
    vertex -3.086118111419966 10.89960218627931 -78.47398745568788
    vertex -1.4398392603526e-14 11.32808248631599 -78.47398745568788
    vertex -1.545682841052147 9.699970552035992 -77.76589720497005
  endloop
endfacet
facet normal 2.42738e-16 -0.398828 -0.917026
  outer loop
    vertex -1.4398392603526e-14 11.32808248631599 -78.47398745568788
    vertex 1.545682841052133 9.699970552035994 -77.76589720497005
    vertex -1.545682841052147 9.699970552035992 -77.76589720497005
  endloop
endfacet
facet normal -0.0620657 -0.447026 -0.892365
  outer loop
    vertex -1.4398392603526e-14 11.32808248631599 -78.47398745568788
    vertex 3.086118111419936 10.89960218627932 -78.47398745568788
    vertex 1.545682841052133 9.699970552035994 -77.76589720497005
  endloop
endfacet
facet normal 2.63878e-16 -0.459222 -0.888321
  outer loop
    vertex -1.545682841052147 9.699970552035992 -77.76589720497005
    vertex 1.545682841052133 9.699970552035994 -77.76589720497005
    vertex 2.398621372814746e-15 8.467407659350892 -77.1287177672646
  endloop
endfacet
facet normal -0.0972291 -0.410352 -0.906729
  outer loop
    vertex 3.086118111419936 10.89960218627932 -78.47398745568788
    vertex 2.836116627800163 8.420754299375105 -77.32534571019244
    vertex 1.545682841052133 9.699970552035994 -77.76589720497005
  endloop
endfacet
facet normal -0.103595 -0.415691 -0.903587
  outer loop
    vertex 2.836116627800163 8.420754299375105 -77.32534571019244
    vertex 1.296904892094996 7.228913181763078 -76.60057471177051
    vertex 1.545682841052133 9.699970552035994 -77.76589720497005
  endloop
endfacet
facet normal -0.115762 -0.402662 -0.907999
  outer loop
    vertex 2.836116627800163 8.420754299375105 -77.32534571019244
    vertex 2.583956649580444 5.935497595391744 -76.19108431291426
    vertex 1.296904892094996 7.228913181763078 -76.60057471177051
  endloop
endfacet
facet normal -0.035608 -0.423332 -0.905274
  outer loop
    vertex 1.545682841052133 9.699970552035994 -77.76589720497005
    vertex 1.296904892094996 7.228913181763078 -76.60057471177051
    vertex 2.398621372814746e-15 8.467407659350892 -77.1287177672646
  endloop
endfacet
facet normal 0.115762 -0.402662 -0.907999
  outer loop
    vertex -2.583956649580422 5.935497595391753 -76.19108431291426
    vertex -2.836116627800167 8.420754299375105 -77.32534571019244
    vertex -1.296904892094983 7.228913181763083 -76.60057471177051
  endloop
endfacet
facet normal 0.103595 -0.415691 -0.903587
  outer loop
    vertex -2.836116627800167 8.420754299375105 -77.32534571019244
    vertex -1.545682841052147 9.699970552035992 -77.76589720497005
    vertex -1.296904892094983 7.228913181763083 -76.60057471177051
  endloop
endfacet
facet normal 0.0972291 -0.410352 -0.906729
  outer loop
    vertex -2.836116627800167 8.420754299375105 -77.32534571019244
    vertex -3.086118111419966 10.89960218627931 -78.47398745568788
    vertex -1.545682841052147 9.699970552035992 -77.76589720497005
  endloop
endfacet
facet normal 0.035608 -0.423332 -0.905274
  outer loop
    vertex -1.296904892094983 7.228913181763083 -76.60057471177051
    vertex -1.545682841052147 9.699970552035992 -77.76589720497005
    vertex 2.398621372814746e-15 8.467407659350892 -77.1287177672646
  endloop
endfacet
facet normal -0.0769964 -0.369763 -0.92593
  outer loop
    vertex 2.583956649580444 5.935497595391744 -76.19108431291426
    vertex 1.333316043045709e-14 6.473558810408087 -76.19108431291426
    vertex 1.296904892094996 7.228913181763078 -76.60057471177051
  endloop
endfacet
facet normal -9.7142e-16 -0.476589 -0.879126
  outer loop
    vertex 1.333316043045709e-14 6.473558810408087 -76.19108431291426
    vertex -1.296904892094983 7.228913181763083 -76.60057471177051
    vertex 1.296904892094996 7.228913181763078 -76.60057471177051
  endloop
endfacet
facet normal 0.0769964 -0.369763 -0.92593
  outer loop
    vertex 1.333316043045709e-14 6.473558810408087 -76.19108431291426
    vertex -2.583956649580422 5.935497595391753 -76.19108431291426
    vertex -1.296904892094983 7.228913181763083 -76.60057471177051
  endloop
endfacet
facet normal -8.05916e-16 -0.392262 -0.919854
  outer loop
    vertex 1.296904892094996 7.228913181763078 -76.60057471177051
    vertex -1.296904892094983 7.228913181763083 -76.60057471177051
    vertex 2.398621372814746e-15 8.467407659350892 -77.1287177672646
  endloop
endfacet
facet normal 0.403401 -0.160012 -0.900924
  outer loop
    vertex -6.10511314773399 2.152802156534069 -76.19108431291426
    vertex -7.362697388445673 2.152802156534067 -76.75418529381116
    vertex -6.654941618553281 3.331456641504269 -76.64661660723776
  endloop
endfacet
facet normal 0.388631 -0.150402 -0.909035
  outer loop
    vertex -7.362697388445673 2.152802156534067 -76.75418529381116
    vertex -7.921737259125531 3.33537645745003 -77.18884645464547
    vertex -6.654941618553281 3.331456641504269 -76.64661660723776
  endloop
endfacet
facet normal 0.409426 -0.137933 -0.901856
  outer loop
    vertex -7.362697388445673 2.152802156534067 -76.75418529381116
    vertex -8.617356773374013 2.152802156534067 -77.32377711174752
    vertex -7.921737259125531 3.33537645745003 -77.18884645464547
  endloop
endfacet
facet normal 0.384964 -0.200763 -0.900831
  outer loop
    vertex -6.654941618553281 3.331456641504269 -76.64661660723776
    vertex -7.921737259125531 3.33537645745003 -77.18884645464547
    vertex -7.190332714982516 4.502883792328729 -77.1364814818732
  endloop
endfacet
facet normal -0.409426 -0.137933 -0.901856
  outer loop
    vertex 8.617356773374013 2.152802156534067 -77.32377711174752
    vertex 7.362697388445587 2.152802156534067 -76.75418529381112
    vertex 7.921737259124037 3.335376457448856 -77.18884645464462
  endloop
endfacet
facet normal -0.388631 -0.150402 -0.909035
  outer loop
    vertex 7.362697388445587 2.152802156534067 -76.75418529381112
    vertex 6.654941618551791 3.331456641503094 -76.64661660723689
    vertex 7.921737259124037 3.335376457448856 -77.18884645464462
  endloop
endfacet
facet normal -0.403401 -0.160012 -0.900924
  outer loop
    vertex 7.362697388445587 2.152802156534067 -76.75418529381112
    vertex 6.105113147733991 2.152802156534067 -76.19108431291426
    vertex 6.654941618551791 3.331456641503094 -76.64661660723689
  endloop
endfacet
facet normal -0.384964 -0.200763 -0.900831
  outer loop
    vertex 7.921737259124037 3.335376457448856 -77.18884645464462
    vertex 6.654941618551791 3.331456641503094 -76.64661660723689
    vertex 7.190332714979542 4.50288379232639 -77.13648148187143
  endloop
endfacet
facet normal 0 -0 -1
  outer loop
    vertex -2.583956649580422 5.935497595391753 -76.19108431291426
    vertex -1.291978324790208 4.04414987596291 -76.19108431291426
    vertex -4.738373104921038 4.41075775693623 -76.19108431291426
  endloop
endfacet
facet normal -0 0 -1
  outer loop
    vertex -1.291978324790208 4.04414987596291 -76.19108431291426
    vertex -3.052556573866992 2.152802156534067 -76.19108431291426
    vertex -4.738373104921038 4.41075775693623 -76.19108431291426
  endloop
endfacet
facet normal 0 -0 -1
  outer loop
    vertex -1.291978324790208 4.04414987596291 -76.19108431291426
    vertex 6.217248937900877e-15 2.152802156534067 -76.19108431291426
    vertex -3.052556573866992 2.152802156534067 -76.19108431291426
  endloop
endfacet
facet normal 0 -0 -1
  outer loop
    vertex -4.738373104921038 4.41075775693623 -76.19108431291426
    vertex -3.052556573866992 2.152802156534067 -76.19108431291426
    vertex -6.10511314773399 2.152802156534069 -76.19108431291426
  endloop
endfacet
facet normal 0 0 -1
  outer loop
    vertex 6.217248937900877e-15 2.152802156534067 -76.19108431291426
    vertex 1.291978324790225 4.044149875962905 -76.19108431291426
    vertex 3.052556573866999 2.152802156534067 -76.19108431291426
  endloop
endfacet
facet normal 0 0 -1
  outer loop
    vertex 1.291978324790225 4.044149875962905 -76.19108431291426
    vertex 4.73837310492105 4.410757756936218 -76.19108431291426
    vertex 3.052556573866999 2.152802156534067 -76.19108431291426
  endloop
endfacet
facet normal 0 0 -1
  outer loop
    vertex 1.291978324790225 4.044149875962905 -76.19108431291426
    vertex 2.583956649580444 5.935497595391744 -76.19108431291426
    vertex 4.73837310492105 4.410757756936218 -76.19108431291426
  endloop
endfacet
facet normal 0 0 -1
  outer loop
    vertex 3.052556573866999 2.152802156534067 -76.19108431291426
    vertex 4.73837310492105 4.410757756936218 -76.19108431291426
    vertex 6.105113147733991 2.152802156534067 -76.19108431291426
  endloop
endfacet
facet normal 0 0 -1
  outer loop
    vertex -2.583956649580422 5.935497595391753 -76.19108431291426
    vertex 1.333316043045709e-14 6.473558810408087 -76.19108431291426
    vertex -1.291978324790208 4.04414987596291 -76.19108431291426
  endloop
endfacet
facet normal 0 -0 -1
  outer loop
    vertex 1.333316043045709e-14 6.473558810408087 -76.19108431291426
    vertex 1.291978324790225 4.044149875962905 -76.19108431291426
    vertex -1.291978324790208 4.04414987596291 -76.19108431291426
  endloop
endfacet
facet normal 0 0 -1
  outer loop
    vertex 1.333316043045709e-14 6.473558810408087 -76.19108431291426
    vertex 2.583956649580444 5.935497595391744 -76.19108431291426
    vertex 1.291978324790225 4.044149875962905 -76.19108431291426
  endloop
endfacet
facet normal 0 0 -1
  outer loop
    vertex -1.291978324790208 4.04414987596291 -76.19108431291426
    vertex 1.291978324790225 4.044149875962905 -76.19108431291426
    vertex 6.217248937900877e-15 2.152802156534067 -76.19108431291426
  endloop
endfacet
facet normal 0 0 1
  outer loop
    vertex 2.583956649580444 5.935497595391744 -43.80891568708574
    vertex 1.29197832479022 4.044149875962905 -43.80891568708574
    vertex 4.73837310492105 4.410757756936218 -43.80891568708574
  endloop
endfacet
facet normal -0 0 1
  outer loop
    vertex 1.29197832479022 4.044149875962905 -43.80891568708574
    vertex 3.052556573866994 2.152802156534067 -43.80891568708574
    vertex 4.73837310492105 4.410757756936218 -43.80891568708574
  endloop
endfacet
facet normal 0 0 1
  outer loop
    vertex 1.29197832479022 4.044149875962905 -43.80891568708574
    vertex -4.440892098500626e-15 2.152802156534067 -43.80891568708574
    vertex 3.052556573866994 2.152802156534067 -43.80891568708574
  endloop
endfacet
facet normal 0 0 1
  outer loop
    vertex 4.73837310492105 4.410757756936218 -43.80891568708574
    vertex 3.052556573866994 2.152802156534067 -43.80891568708574
    vertex 6.105113147733991 2.152802156534067 -43.80891568708574
  endloop
endfacet
facet normal 0 0 1
  outer loop
    vertex -4.440892098500626e-15 2.152802156534067 -43.80891568708574
    vertex -1.291978324790213 4.04414987596291 -43.80891568708574
    vertex -3.052556573866997 2.152802156534067 -43.80891568708574
  endloop
endfacet
facet normal 0 0 1
  outer loop
    vertex -1.291978324790213 4.04414987596291 -43.80891568708574
    vertex -4.738373104921038 4.41075775693623 -43.80891568708574
    vertex -3.052556573866997 2.152802156534067 -43.80891568708574
  endloop
endfacet
facet normal 0 0 1
  outer loop
    vertex -1.291978324790213 4.04414987596291 -43.80891568708574
    vertex -2.583956649580422 5.935497595391753 -43.80891568708574
    vertex -4.738373104921038 4.41075775693623 -43.80891568708574
  endloop
endfacet
facet normal 0 0 1
  outer loop
    vertex -3.052556573866997 2.152802156534067 -43.80891568708574
    vertex -4.738373104921038 4.41075775693623 -43.80891568708574
    vertex -6.10511314773399 2.152802156534069 -43.80891568708574
  endloop
endfacet
facet normal -0 0 1
  outer loop
    vertex -2.583956649580422 5.935497595391753 -43.80891568708574
    vertex -1.291978324790213 4.04414987596291 -43.80891568708574
    vertex 1.333316043045709e-14 6.473558810408087 -43.80891568708574
  endloop
endfacet
facet normal -0 0 1
  outer loop
    vertex -1.291978324790213 4.04414987596291 -43.80891568708574
    vertex 1.29197832479022 4.044149875962905 -43.80891568708574
    vertex 1.333316043045709e-14 6.473558810408087 -43.80891568708574
  endloop
endfacet
facet normal 0 0 1
  outer loop
    vertex -1.291978324790213 4.04414987596291 -43.80891568708574
    vertex -4.440892098500626e-15 2.152802156534067 -43.80891568708574
    vertex 1.29197832479022 4.044149875962905 -43.80891568708574
  endloop
endfacet
facet normal 0 0 1
  outer loop
    vertex 1.333316043045709e-14 6.473558810408087 -43.80891568708574
    vertex 1.29197832479022 4.044149875962905 -43.80891568708574
    vertex 2.583956649580444 5.935497595391744 -43.80891568708574
  endloop
endfacet
facet normal 0.280314 -0.339777 0.897762
  outer loop
    vertex -8.342165877318504 7.663792878991572 -41.52601254431212
    vertex -5.483299174433232 6.82483452363664 -42.73617485320612
    vertex -5.93877379600339 9.646575486496884 -41.52601254431212
  endloop
endfacet
facet normal 0.195646 -0.359691 0.912329
  outer loop
    vertex -5.483299174433232 6.82483452363664 -42.73617485320612
    vertex -2.836116627800166 8.420754299375103 -42.67465428980756
    vertex -5.93877379600339 9.646575486496884 -41.52601254431212
  endloop
endfacet
facet normal 0.212903 -0.387719 0.896854
  outer loop
    vertex -5.483299174433232 6.82483452363664 -42.73617485320612
    vertex -2.583956649580422 5.935497595391753 -43.80891568708574
    vertex -2.836116627800166 8.420754299375103 -42.67465428980756
  endloop
endfacet
facet normal 0.175392 -0.399299 0.899888
  outer loop
    vertex -5.93877379600339 9.646575486496884 -41.52601254431212
    vertex -2.836116627800166 8.420754299375103 -42.67465428980756
    vertex -3.086118111419966 10.89960218627931 -41.52601254431212
  endloop
endfacet
facet normal -0.175392 -0.399299 0.899888
  outer loop
    vertex 3.086118111419936 10.89960218627932 -41.52601254431212
    vertex 2.836116627800163 8.420754299375103 -42.67465428980756
    vertex 5.938773796003368 9.646575486496898 -41.52601254431212
  endloop
endfacet
facet normal -0.195646 -0.359691 0.912329
  outer loop
    vertex 2.836116627800163 8.420754299375103 -42.67465428980756
    vertex 5.483299174433236 6.824834523636643 -42.73617485320612
    vertex 5.938773796003368 9.646575486496898 -41.52601254431212
  endloop
endfacet
facet normal -0.212903 -0.387719 0.896854
  outer loop
    vertex 2.836116627800163 8.420754299375103 -42.67465428980756
    vertex 2.583956649580444 5.935497595391744 -43.80891568708574
    vertex 5.483299174433236 6.824834523636643 -42.73617485320612
  endloop
endfacet
facet normal -0.280314 -0.339777 0.897762
  outer loop
    vertex 5.938773796003368 9.646575486496898 -41.52601254431212
    vertex 5.483299174433236 6.824834523636643 -42.73617485320612
    vertex 8.342165877318491 7.663792878991583 -41.52601254431212
  endloop
endfacet
facet normal -0.412282 -0.139795 0.900267
  outer loop
    vertex 8.617356773374013 2.152802156534067 -42.67622288825248
    vertex 9.870136601668603 2.152802156534067 -42.10250656679469
    vertex 7.921737259124034 3.335376457448857 -42.81115354535538
  endloop
endfacet
facet normal -0.398753 -0.111521 0.910252
  outer loop
    vertex 9.870136601668603 2.152802156534067 -42.10250656679469
    vertex 9.183899648965399 3.337988205266209 -42.2579203550507
    vertex 7.921737259124034 3.335376457448857 -42.81115354535538
  endloop
endfacet
facet normal -0.415249 -0.122226 0.901459
  outer loop
    vertex 9.870136601668603 2.152802156534067 -42.10250656679469
    vertex 11.12164087226347 2.152802156534067 -41.52601254431212
    vertex 9.183899648965399 3.337988205266209 -42.2579203550507
  endloop
endfacet
facet normal -0.39251 -0.205686 0.896454
  outer loop
    vertex 7.921737259124034 3.335376457448857 -42.81115354535538
    vertex 9.183899648965399 3.337988205266209 -42.2579203550507
    vertex 7.19033271497954 4.502883792326393 -42.86351851812856
  endloop
endfacet
facet normal 0.415249 -0.122226 0.901459
  outer loop
    vertex -11.12164087226347 2.152802156534069 -41.52601254431212
    vertex -9.870136601668589 2.152802156534067 -42.1025065667947
    vertex -9.183899648966895 3.337988205267384 -42.25792035504985
  endloop
endfacet
facet normal 0.398753 -0.111521 0.910252
  outer loop
    vertex -9.870136601668589 2.152802156534067 -42.1025065667947
    vertex -7.921737259125527 3.335376457450033 -42.81115354535452
    vertex -9.183899648966895 3.337988205267384 -42.25792035504985
  endloop
endfacet
facet normal 0.412282 -0.139795 0.900267
  outer loop
    vertex -9.870136601668589 2.152802156534067 -42.1025065667947
    vertex -8.617356773374013 2.152802156534067 -42.67622288825248
    vertex -7.921737259125527 3.335376457450033 -42.81115354535452
  endloop
endfacet
facet normal 0.39251 -0.205686 0.896454
  outer loop
    vertex -9.183899648966895 3.337988205267384 -42.25792035504985
    vertex -7.921737259125527 3.335376457450033 -42.81115354535452
    vertex -7.19033271498251 4.50288379232873 -42.8635185181268
  endloop
endfacet
facet normal 0.368601 -0.254933 0.893948
  outer loop
    vertex -8.342165877318504 7.663792878991572 -41.52601254431212
    vertex -10.11447961993208 5.101250320730959 -41.52601254431212
    vertex -7.772069892070056 6.087897634871851 -42.21048797156276
  endloop
endfacet
facet normal 0.350048 -0.19552 0.916099
  outer loop
    vertex -10.11447961993208 5.101250320730959 -41.52601254431212
    vertex -9.183899648966895 3.337988205267384 -42.25792035504985
    vertex -7.772069892070056 6.087897634871851 -42.21048797156276
  endloop
endfacet
facet normal 0.426281 -0.145613 0.892794
  outer loop
    vertex -10.11447961993208 5.101250320730959 -41.52601254431212
    vertex -11.12164087226347 2.152802156534069 -41.52601254431212
    vertex -9.183899648966895 3.337988205267384 -42.25792035504985
  endloop
endfacet
facet normal 0.399077 -0.220242 0.890074
  outer loop
    vertex -7.772069892070056 6.087897634871851 -42.21048797156276
    vertex -9.183899648966895 3.337988205267384 -42.25792035504985
    vertex -7.19033271498251 4.50288379232873 -42.8635185181268
  endloop
endfacet
facet normal -0.426281 -0.145613 0.892794
  outer loop
    vertex 11.12164087226347 2.152802156534067 -41.52601254431212
    vertex 10.11447961993207 5.101250320730968 -41.52601254431212
    vertex 9.183899648965399 3.337988205266209 -42.2579203550507
  endloop
endfacet
facet normal -0.350048 -0.19552 0.916099
  outer loop
    vertex 10.11447961993207 5.101250320730968 -41.52601254431212
    vertex 7.772069892068568 6.087897634870687 -42.21048797156365
    vertex 9.183899648965399 3.337988205266209 -42.2579203550507
  endloop
endfacet
facet normal -0.368601 -0.254933 0.893948
  outer loop
    vertex 10.11447961993207 5.101250320730968 -41.52601254431212
    vertex 8.342165877318491 7.663792878991583 -41.52601254431212
    vertex 7.772069892068568 6.087897634870687 -42.21048797156365
  endloop
endfacet
facet normal -0.399077 -0.220242 0.890074
  outer loop
    vertex 9.183899648965399 3.337988205266209 -42.2579203550507
    vertex 7.772069892068568 6.087897634870687 -42.21048797156365
    vertex 7.19033271497954 4.502883792326393 -42.86351851812856
  endloop
endfacet
facet normal 0.232416 -0.341015 0.910874
  outer loop
    vertex -2.583956649580422 5.935497595391753 -43.80891568708574
    vertex -5.483299174433232 6.82483452363664 -42.73617485320612
    vertex -4.92782221326285 5.262631967845224 -43.46276983041437
  endloop
endfacet
facet normal 0.306448 -0.309682 0.900104
  outer loop
    vertex -5.483299174433232 6.82483452363664 -42.73617485320612
    vertex -7.772069892070056 6.087897634871851 -42.21048797156276
    vertex -4.92782221326285 5.262631967845224 -43.46276983041437
  endloop
endfacet
facet normal 0.301072 -0.28618 0.909646
  outer loop
    vertex -5.483299174433232 6.82483452363664 -42.73617485320612
    vertex -8.342165877318504 7.663792878991572 -41.52601254431212
    vertex -7.772069892070056 6.087897634871851 -42.21048797156276
  endloop
endfacet
facet normal 0.326687 -0.255049 0.910069
  outer loop
    vertex -4.92782221326285 5.262631967845224 -43.46276983041437
    vertex -7.772069892070056 6.087897634871851 -42.21048797156276
    vertex -7.19033271498251 4.50288379232873 -42.8635185181268
  endloop
endfacet
facet normal -0.301072 -0.28618 0.909646
  outer loop
    vertex 8.342165877318491 7.663792878991583 -41.52601254431212
    vertex 5.483299174433236 6.824834523636643 -42.73617485320612
    vertex 7.772069892068568 6.087897634870687 -42.21048797156365
  endloop
endfacet
facet normal -0.306448 -0.309682 0.900104
  outer loop
    vertex 5.483299174433236 6.824834523636643 -42.73617485320612
    vertex 4.927822213261372 5.262631967844052 -43.46276983041525
    vertex 7.772069892068568 6.087897634870687 -42.21048797156365
  endloop
endfacet
facet normal -0.232416 -0.341015 0.910874
  outer loop
    vertex 5.483299174433236 6.824834523636643 -42.73617485320612
    vertex 2.583956649580444 5.935497595391744 -43.80891568708574
    vertex 4.927822213261372 5.262631967844052 -43.46276983041525
  endloop
endfacet
facet normal -0.326687 -0.255049 0.910069
  outer loop
    vertex 7.772069892068568 6.087897634870687 -42.21048797156365
    vertex 4.927822213261372 5.262631967844052 -43.46276983041525
    vertex 7.19033271497954 4.502883792326393 -42.86351851812856
  endloop
endfacet
facet normal 0.332285 -0.201132 0.921484
  outer loop
    vertex -6.10511314773399 2.152802156534069 -43.80891568708574
    vertex -4.738373104921038 4.41075775693623 -43.80891568708574
    vertex -6.654941618553278 3.331456641504267 -43.35338339276223
  endloop
endfacet
facet normal 0.367803 -0.278688 0.887161
  outer loop
    vertex -4.738373104921038 4.41075775693623 -43.80891568708574
    vertex -4.92782221326285 5.262631967845224 -43.46276983041437
    vertex -6.654941618553278 3.331456641504267 -43.35338339276223
  endloop
endfacet
facet normal 0.22825 -0.322512 0.918634
  outer loop
    vertex -4.738373104921038 4.41075775693623 -43.80891568708574
    vertex -2.583956649580422 5.935497595391753 -43.80891568708574
    vertex -4.92782221326285 5.262631967845224 -43.46276983041437
  endloop
endfacet
facet normal 0.322117 -0.236153 0.916773
  outer loop
    vertex -6.654941618553278 3.331456641504267 -43.35338339276223
    vertex -4.92782221326285 5.262631967845224 -43.46276983041437
    vertex -7.19033271498251 4.50288379232873 -42.8635185181268
  endloop
endfacet
facet normal -0.22825 -0.322512 0.918634
  outer loop
    vertex 2.583956649580444 5.935497595391744 -43.80891568708574
    vertex 4.73837310492105 4.410757756936218 -43.80891568708574
    vertex 4.927822213261372 5.262631967844052 -43.46276983041525
  endloop
endfacet
facet normal -0.367803 -0.278688 0.887161
  outer loop
    vertex 4.73837310492105 4.410757756936218 -43.80891568708574
    vertex 6.65494161855179 3.331456641503095 -43.35338339276311
    vertex 4.927822213261372 5.262631967844052 -43.46276983041525
  endloop
endfacet
facet normal -0.332285 -0.201132 0.921484
  outer loop
    vertex 4.73837310492105 4.410757756936218 -43.80891568708574
    vertex 6.105113147733991 2.152802156534067 -43.80891568708574
    vertex 6.65494161855179 3.331456641503095 -43.35338339276311
  endloop
endfacet
facet normal -0.322117 -0.236153 0.916773
  outer loop
    vertex 4.927822213261372 5.262631967844052 -43.46276983041525
    vertex 6.65494161855179 3.331456641503095 -43.35338339276311
    vertex 7.19033271497954 4.502883792326393 -42.86351851812856
  endloop
endfacet
facet normal -0.0620657 -0.447026 0.892365
  outer loop
    vertex 3.086118111419936 10.89960218627932 -41.52601254431212
    vertex -1.4398392603526e-14 11.32808248631599 -41.52601254431212
    vertex 1.545682841052133 9.699970552035998 -42.23410279502995
  endloop
endfacet
facet normal 4.4502e-16 -0.398828 0.917026
  outer loop
    vertex -1.4398392603526e-14 11.32808248631599 -41.52601254431212
    vertex -1.545682841052147 9.699970552035994 -42.23410279502995
    vertex 1.545682841052133 9.699970552035998 -42.23410279502995
  endloop
endfacet
facet normal 0.0620657 -0.447026 0.892365
  outer loop
    vertex -1.4398392603526e-14 11.32808248631599 -41.52601254431212
    vertex -3.086118111419966 10.89960218627931 -41.52601254431212
    vertex -1.545682841052147 9.699970552035994 -42.23410279502995
  endloop
endfacet
facet normal 5.27755e-16 -0.459222 0.888321
  outer loop
    vertex 1.545682841052133 9.699970552035998 -42.23410279502995
    vertex -1.545682841052147 9.699970552035994 -42.23410279502995
    vertex 5.184791843549925e-16 8.46740765935089 -42.87128223273539
  endloop
endfacet
facet normal 0.0972291 -0.410352 0.906729
  outer loop
    vertex -3.086118111419966 10.89960218627931 -41.52601254431212
    vertex -2.836116627800166 8.420754299375103 -42.67465428980756
    vertex -1.545682841052147 9.699970552035994 -42.23410279502995
  endloop
endfacet
facet normal 0.103595 -0.415691 0.903587
  outer loop
    vertex -2.836116627800166 8.420754299375103 -42.67465428980756
    vertex -1.296904892094982 7.22891318176308 -43.39942528822949
    vertex -1.545682841052147 9.699970552035994 -42.23410279502995
  endloop
endfacet
facet normal 0.115762 -0.402662 0.907999
  outer loop
    vertex -2.836116627800166 8.420754299375103 -42.67465428980756
    vertex -2.583956649580422 5.935497595391753 -43.80891568708574
    vertex -1.296904892094982 7.22891318176308 -43.39942528822949
  endloop
endfacet
facet normal 0.035608 -0.423332 0.905274
  outer loop
    vertex -1.545682841052147 9.699970552035994 -42.23410279502995
    vertex -1.296904892094982 7.22891318176308 -43.39942528822949
    vertex 5.184791843549925e-16 8.46740765935089 -42.87128223273539
  endloop
endfacet
facet normal -0.115762 -0.402662 0.907999
  outer loop
    vertex 2.583956649580444 5.935497595391744 -43.80891568708574
    vertex 2.836116627800163 8.420754299375103 -42.67465428980756
    vertex 1.296904892094994 7.228913181763077 -43.39942528822949
  endloop
endfacet
facet normal -0.103595 -0.415691 0.903587
  outer loop
    vertex 2.836116627800163 8.420754299375103 -42.67465428980756
    vertex 1.545682841052133 9.699970552035998 -42.23410279502995
    vertex 1.296904892094994 7.228913181763077 -43.39942528822949
  endloop
endfacet
facet normal -0.0972291 -0.410352 0.906729
  outer loop
    vertex 2.836116627800163 8.420754299375103 -42.67465428980756
    vertex 3.086118111419936 10.89960218627932 -41.52601254431212
    vertex 1.545682841052133 9.699970552035998 -42.23410279502995
  endloop
endfacet
facet normal -0.035608 -0.423332 0.905274
  outer loop
    vertex 1.296904892094994 7.228913181763077 -43.39942528822949
    vertex 1.545682841052133 9.699970552035998 -42.23410279502995
    vertex 5.184791843549925e-16 8.46740765935089 -42.87128223273539
  endloop
endfacet
facet normal 0.0769964 -0.369763 0.92593
  outer loop
    vertex -2.583956649580422 5.935497595391753 -43.80891568708574
    vertex 1.333316043045709e-14 6.473558810408087 -43.80891568708574
    vertex -1.296904892094982 7.22891318176308 -43.39942528822949
  endloop
endfacet
facet normal -4.98164e-16 -0.476589 0.879126
  outer loop
    vertex 1.333316043045709e-14 6.473558810408087 -43.80891568708574
    vertex 1.296904892094994 7.228913181763077 -43.39942528822949
    vertex -1.296904892094982 7.22891318176308 -43.39942528822949
  endloop
endfacet
facet normal -0.0769964 -0.369763 0.92593
  outer loop
    vertex 1.333316043045709e-14 6.473558810408087 -43.80891568708574
    vertex 2.583956649580444 5.935497595391744 -43.80891568708574
    vertex 1.296904892094994 7.228913181763077 -43.39942528822949
  endloop
endfacet
facet normal -4.02958e-16 -0.392262 0.919854
  outer loop
    vertex -1.296904892094982 7.22891318176308 -43.39942528822949
    vertex 1.296904892094994 7.228913181763077 -43.39942528822949
    vertex 5.184791843549925e-16 8.46740765935089 -42.87128223273539
  endloop
endfacet
facet normal 0.409426 -0.137933 0.901856
  outer loop
    vertex -8.617356773374013 2.152802156534067 -42.67622288825248
    vertex -7.362697388445587 2.152802156534067 -43.24581470618889
    vertex -7.921737259125527 3.335376457450033 -42.81115354535452
  endloop
endfacet
facet normal 0.388631 -0.150402 0.909035
  outer loop
    vertex -7.362697388445587 2.152802156534067 -43.24581470618889
    vertex -6.654941618553278 3.331456641504267 -43.35338339276223
    vertex -7.921737259125527 3.335376457450033 -42.81115354535452
  endloop
endfacet
facet normal 0.403401 -0.160012 0.900924
  outer loop
    vertex -7.362697388445587 2.152802156534067 -43.24581470618889
    vertex -6.10511314773399 2.152802156534069 -43.80891568708574
    vertex -6.654941618553278 3.331456641504267 -43.35338339276223
  endloop
endfacet
facet normal 0.384964 -0.200763 0.900831
  outer loop
    vertex -7.921737259125527 3.335376457450033 -42.81115354535452
    vertex -6.654941618553278 3.331456641504267 -43.35338339276223
    vertex -7.19033271498251 4.50288379232873 -42.8635185181268
  endloop
endfacet
facet normal -0.403401 -0.160012 0.900924
  outer loop
    vertex 6.105113147733991 2.152802156534067 -43.80891568708574
    vertex 7.362697388445673 2.152802156534067 -43.24581470618885
    vertex 6.65494161855179 3.331456641503095 -43.35338339276311
  endloop
endfacet
facet normal -0.388631 -0.150402 0.909035
  outer loop
    vertex 7.362697388445673 2.152802156534067 -43.24581470618885
    vertex 7.921737259124034 3.335376457448857 -42.81115354535538
    vertex 6.65494161855179 3.331456641503095 -43.35338339276311
  endloop
endfacet
facet normal -0.409426 -0.137933 0.901856
  outer loop
    vertex 7.362697388445673 2.152802156534067 -43.24581470618885
    vertex 8.617356773374013 2.152802156534067 -42.67622288825248
    vertex 7.921737259124034 3.335376457448857 -42.81115354535538
  endloop
endfacet
facet normal -0.384964 -0.200763 0.900831
  outer loop
    vertex 6.65494161855179 3.331456641503095 -43.35338339276311
    vertex 7.921737259124034 3.335376457448857 -42.81115354535538
    vertex 7.19033271497954 4.502883792326393 -42.86351851812856
  endloop
endfacet
facet normal 0 1 0
  outer loop
    vertex 6.105113147733991 2.152802156534067 -36.19108431291426
    vertex 6.080171486782795 2.152802156534067 -37.84601095358341
    vertex 3.052556573866999 2.152802156534067 -36.19108431291426
  endloop
endfacet
facet normal 0 1 0
  outer loop
    vertex 6.080171486782795 2.152802156534067 -37.84601095358341
    vertex 3.027614912915801 2.152802156534067 -37.84601095358341
    vertex 3.052556573866999 2.152802156534067 -36.19108431291426
  endloop
endfacet
facet normal 0 1 0
  outer loop
    vertex 6.080171486782795 2.152802156534067 -37.84601095358341
    vertex 6.055229825831599 2.152802156534067 -39.50093759425256
    vertex 3.027614912915801 2.152802156534067 -37.84601095358341
  endloop
endfacet
facet normal 0 1 0
  outer loop
    vertex 3.052556573866999 2.152802156534067 -36.19108431291426
    vertex 3.027614912915801 2.152802156534067 -37.84601095358341
    vertex 6.217248937900877e-15 2.152802156534067 -36.19108431291426
  endloop
endfacet
facet normal 0 1 0
  outer loop
    vertex 6.217248937900877e-15 2.152802156534067 -36.19108431291426
    vertex -1.45802735403478 2.152802156534067 -38.45144015339576
    vertex -3.052556573866992 2.152802156534067 -36.19108431291426
  endloop
endfacet
facet normal 0 1 0
  outer loop
    vertex -1.45802735403478 2.152802156534067 -38.45144015339576
    vertex -4.510583927901779 2.152802156534067 -38.45144015339576
    vertex -3.052556573866992 2.152802156534067 -36.19108431291426
  endloop
endfacet
facet normal 0 1 0
  outer loop
    vertex -1.45802735403478 2.152802156534067 -38.45144015339576
    vertex -2.916054708069568 2.152802156534067 -40.71179599387727
    vertex -4.510583927901779 2.152802156534067 -38.45144015339576
  endloop
endfacet
facet normal 5.81924e-16 1 -3.75366e-16
  outer loop
    vertex -3.052556573866992 2.152802156534067 -36.19108431291426
    vertex -4.510583927901779 2.152802156534067 -38.45144015339576
    vertex -6.10511314773399 2.152802156534069 -36.19108431291426
  endloop
endfacet
facet normal -2.01788e-16 1 -9.28222e-16
  outer loop
    vertex -6.10511314773399 2.152802156534069 -36.19108431291426
    vertex -4.510583927901779 2.152802156534067 -38.45144015339576
    vertex -6.420883928244609 2.152802156534067 -38.03615741262826
  endloop
endfacet
facet normal 0 1 0
  outer loop
    vertex -4.510583927901779 2.152802156534067 -38.45144015339576
    vertex -4.826354708412399 2.152802156534067 -40.29651325310977
    vertex -6.420883928244609 2.152802156534067 -38.03615741262826
  endloop
endfacet
facet normal 0 1 0
  outer loop
    vertex -4.510583927901779 2.152802156534067 -38.45144015339576
    vertex -2.916054708069568 2.152802156534067 -40.71179599387727
    vertex -4.826354708412399 2.152802156534067 -40.29651325310977
  endloop
endfacet
facet normal 0 1 0
  outer loop
    vertex -6.420883928244609 2.152802156534067 -38.03615741262826
    vertex -4.826354708412399 2.152802156534067 -40.29651325310977
    vertex -6.736654708755228 2.152802156534067 -39.88123051234227
  endloop
endfacet
facet normal 0 1 0
  outer loop
    vertex -4.440892098500626e-15 2.152802156534067 -43.80891568708574
    vertex 1.118401751399489 2.152802156534067 -42.45777430185758
    vertex 3.052556573866994 2.152802156534067 -43.80891568708574
  endloop
endfacet
facet normal -0 1 0
  outer loop
    vertex 1.118401751399489 2.152802156534067 -42.45777430185758
    vertex 4.170958325266486 2.152802156534067 -42.45777430185758
    vertex 3.052556573866994 2.152802156534067 -43.80891568708574
  endloop
endfacet
facet normal 0 1 0
  outer loop
    vertex 1.118401751399489 2.152802156534067 -42.45777430185758
    vertex 2.236803502798983 2.152802156534067 -41.1066329166294
    vertex 4.170958325266486 2.152802156534067 -42.45777430185758
  endloop
endfacet
facet normal 0 1 0
  outer loop
    vertex 3.052556573866994 2.152802156534067 -43.80891568708574
    vertex 4.170958325266486 2.152802156534067 -42.45777430185758
    vertex 6.105113147733991 2.152802156534067 -43.80891568708574
  endloop
endfacet
facet normal 5.81924e-16 1 5.47904e-16
  outer loop
    vertex -6.10511314773399 2.152802156534069 -43.80891568708574
    vertex -4.510583927901779 2.152802156534067 -42.26035584048151
    vertex -3.052556573866997 2.152802156534067 -43.80891568708574
  endloop
endfacet
facet normal -0 1 0
  outer loop
    vertex -4.510583927901779 2.152802156534067 -42.26035584048151
    vertex -1.458027354034787 2.152802156534067 -42.26035584048151
    vertex -3.052556573866997 2.152802156534067 -43.80891568708574
  endloop
endfacet
facet normal 0 1 0
  outer loop
    vertex -4.510583927901779 2.152802156534067 -42.26035584048151
    vertex -2.916054708069568 2.152802156534067 -40.71179599387727
    vertex -1.458027354034787 2.152802156534067 -42.26035584048151
  endloop
endfacet
facet normal 0 1 0
  outer loop
    vertex -3.052556573866997 2.152802156534067 -43.80891568708574
    vertex -1.458027354034787 2.152802156534067 -42.26035584048151
    vertex -4.440892098500626e-15 2.152802156534067 -43.80891568708574
  endloop
endfacet
facet normal -0 1 0
  outer loop
    vertex -8.617356773374013 2.152802156534067 -42.67622288825248
    vertex -7.677005741064621 2.152802156534067 -41.27872670029738
    vertex -7.362697388445587 2.152802156534067 -43.24581470618889
  endloop
endfacet
facet normal 0 1 0
  outer loop
    vertex -7.677005741064621 2.152802156534067 -41.27872670029738
    vertex -6.420883928244609 2.152802156534067 -41.84507309971401
    vertex -7.362697388445587 2.152802156534067 -43.24581470618889
  endloop
endfacet
facet normal -0 1 0
  outer loop
    vertex -7.677005741064621 2.152802156534067 -41.27872670029738
    vertex -6.736654708755228 2.152802156534067 -39.88123051234227
    vertex -6.420883928244609 2.152802156534067 -41.84507309971401
  endloop
endfacet
facet normal -1.08566e-15 1 7.29965e-16
  outer loop
    vertex -7.362697388445587 2.152802156534067 -43.24581470618889
    vertex -6.420883928244609 2.152802156534067 -41.84507309971401
    vertex -6.10511314773399 2.152802156534069 -43.80891568708574
  endloop
endfacet
facet normal 0 1 -0
  outer loop
    vertex 6.105113147733991 2.152802156534067 -43.80891568708574
    vertex 6.080171486782795 2.152802156534067 -41.65492664066915
    vertex 7.362697388445673 2.152802156534067 -43.24581470618885
  endloop
endfacet
facet normal -0 1 0
  outer loop
    vertex 6.080171486782795 2.152802156534067 -41.65492664066915
    vertex 7.336293299602808 2.152802156534067 -41.08858024125252
    vertex 7.362697388445673 2.152802156534067 -43.24581470618885
  endloop
endfacet
facet normal 0 1 -0
  outer loop
    vertex 6.080171486782795 2.152802156534067 -41.65492664066915
    vertex 6.055229825831599 2.152802156534067 -39.50093759425256
    vertex 7.336293299602808 2.152802156534067 -41.08858024125252
  endloop
endfacet
facet normal 0 1 -0
  outer loop
    vertex 7.362697388445673 2.152802156534067 -43.24581470618885
    vertex 7.336293299602808 2.152802156534067 -41.08858024125252
    vertex 8.617356773374013 2.152802156534067 -42.67622288825248
  endloop
endfacet
facet normal 0 1 0
  outer loop
    vertex 2.236803502798983 2.152802156534067 -41.1066329166294
    vertex -0.3396256026352926 2.152802156534067 -40.90921445525333
    vertex 1.118401751399496 2.152802156534067 -38.64885861477183
  endloop
endfacet
facet normal 0 1 -0
  outer loop
    vertex -0.3396256026352926 2.152802156534067 -40.90921445525333
    vertex -1.45802735403478 2.152802156534067 -38.45144015339576
    vertex 1.118401751399496 2.152802156534067 -38.64885861477183
  endloop
endfacet
facet normal 0 1 0
  outer loop
    vertex -0.3396256026352926 2.152802156534067 -40.90921445525333
    vertex -2.916054708069568 2.152802156534067 -40.71179599387727
    vertex -1.45802735403478 2.152802156534067 -38.45144015339576
  endloop
endfacet
facet normal 0 1 0
  outer loop
    vertex 1.118401751399496 2.152802156534067 -38.64885861477183
    vertex -1.45802735403478 2.152802156534067 -38.45144015339576
    vertex 6.217248937900877e-15 2.152802156534067 -36.19108431291426
  endloop
endfacet
facet normal 0 1 0
  outer loop
    vertex 6.055229825831599 2.152802156534067 -39.50093759425256
    vertex 4.14601666431529 2.152802156534067 -40.30378525544099
    vertex 3.027614912915801 2.152802156534067 -37.84601095358341
  endloop
endfacet
facet normal 0 1 0
  outer loop
    vertex 4.14601666431529 2.152802156534067 -40.30378525544099
    vertex 1.118401751399496 2.152802156534067 -38.64885861477183
    vertex 3.027614912915801 2.152802156534067 -37.84601095358341
  endloop
endfacet
facet normal 0 1 0
  outer loop
    vertex 4.14601666431529 2.152802156534067 -40.30378525544099
    vertex 2.236803502798983 2.152802156534067 -41.1066329166294
    vertex 1.118401751399496 2.152802156534067 -38.64885861477183
  endloop
endfacet
facet normal 0 1 0
  outer loop
    vertex 3.027614912915801 2.152802156534067 -37.84601095358341
    vertex 1.118401751399496 2.152802156534067 -38.64885861477183
    vertex 6.217248937900877e-15 2.152802156534067 -36.19108431291426
  endloop
endfacet
facet normal 0 1 -0
  outer loop
    vertex -4.440892098500626e-15 2.152802156534067 -43.80891568708574
    vertex -1.458027354034787 2.152802156534067 -42.26035584048151
    vertex 1.118401751399489 2.152802156534067 -42.45777430185758
  endloop
endfacet
facet normal -0 1 0
  outer loop
    vertex -1.458027354034787 2.152802156534067 -42.26035584048151
    vertex -0.3396256026352926 2.152802156534067 -40.90921445525333
    vertex 1.118401751399489 2.152802156534067 -42.45777430185758
  endloop
endfacet
facet normal 0 1 -0
  outer loop
    vertex -1.458027354034787 2.152802156534067 -42.26035584048151
    vertex -2.916054708069568 2.152802156534067 -40.71179599387727
    vertex -0.3396256026352926 2.152802156534067 -40.90921445525333
  endloop
endfacet
facet normal 0 1 -0
  outer loop
    vertex 1.118401751399489 2.152802156534067 -42.45777430185758
    vertex -0.3396256026352926 2.152802156534067 -40.90921445525333
    vertex 2.236803502798983 2.152802156534067 -41.1066329166294
  endloop
endfacet
facet normal 0 1 0
  outer loop
    vertex -6.736654708755228 2.152802156534067 -39.88123051234227
    vertex -4.826354708412399 2.152802156534067 -40.29651325310977
    vertex -6.420883928244609 2.152802156534067 -41.84507309971401
  endloop
endfacet
facet normal 0 1 0
  outer loop
    vertex -4.826354708412399 2.152802156534067 -40.29651325310977
    vertex -4.510583927901779 2.152802156534067 -42.26035584048151
    vertex -6.420883928244609 2.152802156534067 -41.84507309971401
  endloop
endfacet
facet normal 0 1 0
  outer loop
    vertex -4.826354708412399 2.152802156534067 -40.29651325310977
    vertex -2.916054708069568 2.152802156534067 -40.71179599387727
    vertex -4.510583927901779 2.152802156534067 -42.26035584048151
  endloop
endfacet
facet normal 2.0376e-16 1 9.37294e-16
  outer loop
    vertex -6.420883928244609 2.152802156534067 -41.84507309971401
    vertex -4.510583927901779 2.152802156534067 -42.26035584048151
    vertex -6.10511314773399 2.152802156534069 -43.80891568708574
  endloop
endfacet
facet normal 0 1 0
  outer loop
    vertex 6.105113147733991 2.152802156534067 -43.80891568708574
    vertex 4.170958325266486 2.152802156534067 -42.45777430185758
    vertex 6.080171486782795 2.152802156534067 -41.65492664066915
  endloop
endfacet
facet normal 0 1 -0
  outer loop
    vertex 4.170958325266486 2.152802156534067 -42.45777430185758
    vertex 4.14601666431529 2.152802156534067 -40.30378525544099
    vertex 6.080171486782795 2.152802156534067 -41.65492664066915
  endloop
endfacet
facet normal 0 1 0
  outer loop
    vertex 4.170958325266486 2.152802156534067 -42.45777430185758
    vertex 2.236803502798983 2.152802156534067 -41.1066329166294
    vertex 4.14601666431529 2.152802156534067 -40.30378525544099
  endloop
endfacet
facet normal 0 1 0
  outer loop
    vertex 6.080171486782795 2.152802156534067 -41.65492664066915
    vertex 4.14601666431529 2.152802156534067 -40.30378525544099
    vertex 6.055229825831599 2.152802156534067 -39.50093759425256
  endloop
endfacet
facet normal 0 1 0
  outer loop
    vertex 6.055229825831599 2.152802156534067 -39.50093759425256
    vertex 7.580937424626455 2.152802156534067 -39.70056255655154
    vertex 7.336293299602808 2.152802156534067 -41.08858024125252
  endloop
endfacet
facet normal 0 1 0
  outer loop
    vertex 7.580937424626455 2.152802156534067 -39.70056255655154
    vertex 8.86200089839766 2.152802156534067 -41.2882052035515
    vertex 7.336293299602808 2.152802156534067 -41.08858024125252
  endloop
endfacet
facet normal 0 1 0
  outer loop
    vertex 7.580937424626455 2.152802156534067 -39.70056255655154
    vertex 9.106645023421311 2.152802156534067 -39.90018751885052
    vertex 8.86200089839766 2.152802156534067 -41.2882052035515
  endloop
endfacet
facet normal 0 1 0
  outer loop
    vertex 7.336293299602808 2.152802156534067 -41.08858024125252
    vertex 8.86200089839766 2.152802156534067 -41.2882052035515
    vertex 8.617356773374013 2.152802156534067 -42.67622288825248
  endloop
endfacet
facet normal 0 1 -0
  outer loop
    vertex -8.617356773374013 2.152802156534067 -42.67622288825248
    vertex -8.930143386690025 2.152802156534067 -41.32623449536047
    vertex -7.677005741064621 2.152802156534067 -41.27872670029738
  endloop
endfacet
facet normal 0 1 0
  outer loop
    vertex -8.930143386690025 2.152802156534067 -41.32623449536047
    vertex -7.989792354380633 2.152802156534067 -39.92873830740536
    vertex -7.677005741064621 2.152802156534067 -41.27872670029738
  endloop
endfacet
facet normal 0 1 -0
  outer loop
    vertex -8.930143386690025 2.152802156534067 -41.32623449536047
    vertex -9.242930000006037 2.152802156534067 -39.97624610246845
    vertex -7.989792354380633 2.152802156534067 -39.92873830740536
  endloop
endfacet
facet normal 0 1 -0
  outer loop
    vertex -7.677005741064621 2.152802156534067 -41.27872670029738
    vertex -7.989792354380633 2.152802156534067 -39.92873830740536
    vertex -6.736654708755228 2.152802156534067 -39.88123051234227
  endloop
endfacet
facet normal 0 1 -0
  outer loop
    vertex 11.12164087226347 2.152802156534067 -41.52601254431212
    vertex 10.11414294784239 2.152802156534067 -40.71310003158132
    vertex 11.12164087226347 2.152802156534067 -40
  endloop
endfacet
facet normal 0 1 0
  outer loop
    vertex 10.11414294784239 2.152802156534067 -40.71310003158132
    vertex 10.11414294784239 2.152802156534067 -39.1870874872692
    vertex 11.12164087226347 2.152802156534067 -40
  endloop
endfacet
facet normal 0 1 -0
  outer loop
    vertex 10.11414294784239 2.152802156534067 -40.71310003158132
    vertex 9.106645023421311 2.152802156534067 -39.90018751885052
    vertex 10.11414294784239 2.152802156534067 -39.1870874872692
  endloop
endfacet
facet normal 0 1 -0
  outer loop
    vertex 11.12164087226347 2.152802156534067 -40
    vertex 10.11414294784239 2.152802156534067 -39.1870874872692
    vertex 11.12164087226347 2.152802156534067 -38.47398745568788
  endloop
endfacet
facet normal 9.60237e-16 1 -1.16405e-15
  outer loop
    vertex -11.12164087226347 2.152802156534069 -38.47398745568788
    vertex -10.18228543613475 2.152802156534067 -39.22511677907816
    vertex -11.12164087226347 2.152802156534067 -40
  endloop
endfacet
facet normal 0 1 0
  outer loop
    vertex -10.18228543613475 2.152802156534067 -39.22511677907816
    vertex -10.18228543613475 2.152802156534067 -40.75112932339029
    vertex -11.12164087226347 2.152802156534067 -40
  endloop
endfacet
facet normal 0 1 0
  outer loop
    vertex -10.18228543613475 2.152802156534067 -39.22511677907816
    vertex -9.242930000006037 2.152802156534067 -39.97624610246845
    vertex -10.18228543613475 2.152802156534067 -40.75112932339029
  endloop
endfacet
facet normal 9.30801e-16 1 1.16405e-15
  outer loop
    vertex -11.12164087226347 2.152802156534067 -40
    vertex -10.18228543613475 2.152802156534067 -40.75112932339029
    vertex -11.12164087226347 2.152802156534069 -41.52601254431212
  endloop
endfacet
facet normal 0 1 0
  outer loop
    vertex 8.617356773374013 2.152802156534067 -37.32377711174752
    vertex 7.336293299602808 2.152802156534067 -38.41235735300005
    vertex 7.362697388445587 2.152802156534067 -36.75418529381112
  endloop
endfacet
facet normal 0 1 -0
  outer loop
    vertex 7.336293299602808 2.152802156534067 -38.41235735300005
    vertex 6.080171486782795 2.152802156534067 -37.84601095358341
    vertex 7.362697388445587 2.152802156534067 -36.75418529381112
  endloop
endfacet
facet normal 0 1 0
  outer loop
    vertex 7.336293299602808 2.152802156534067 -38.41235735300005
    vertex 6.055229825831599 2.152802156534067 -39.50093759425256
    vertex 6.080171486782795 2.152802156534067 -37.84601095358341
  endloop
endfacet
facet normal 0 1 0
  outer loop
    vertex 7.362697388445587 2.152802156534067 -36.75418529381112
    vertex 6.080171486782795 2.152802156534067 -37.84601095358341
    vertex 6.105113147733991 2.152802156534067 -36.19108431291426
  endloop
endfacet
facet normal -1.06288e-15 1 -7.80853e-16
  outer loop
    vertex -6.10511314773399 2.152802156534069 -36.19108431291426
    vertex -6.420883928244609 2.152802156534067 -38.03615741262826
    vertex -7.362697388445673 2.152802156534067 -36.75418529381115
  endloop
endfacet
facet normal 0 1 0
  outer loop
    vertex -6.420883928244609 2.152802156534067 -38.03615741262826
    vertex -7.677005741064621 2.152802156534067 -38.6025038120449
    vertex -7.362697388445673 2.152802156534067 -36.75418529381115
  endloop
endfacet
facet normal 0 1 0
  outer loop
    vertex -6.420883928244609 2.152802156534067 -38.03615741262826
    vertex -6.736654708755228 2.152802156534067 -39.88123051234227
    vertex -7.677005741064621 2.152802156534067 -38.6025038120449
  endloop
endfacet
facet normal 0 1 0
  outer loop
    vertex -7.362697388445673 2.152802156534067 -36.75418529381115
    vertex -7.677005741064621 2.152802156534067 -38.6025038120449
    vertex -8.617356773374013 2.152802156534067 -37.32377711174752
  endloop
endfacet
facet normal 0 1 0
  outer loop
    vertex 8.617356773374013 2.152802156534067 -42.67622288825248
    vertex 8.86200089839766 2.152802156534067 -41.2882052035515
    vertex 9.870136601668603 2.152802156534067 -42.10250656679469
  endloop
endfacet
facet normal -0 1 0
  outer loop
    vertex 8.86200089839766 2.152802156534067 -41.2882052035515
    vertex 10.11414294784239 2.152802156534067 -40.71310003158132
    vertex 9.870136601668603 2.152802156534067 -42.10250656679469
  endloop
endfacet
facet normal 0 1 0
  outer loop
    vertex 8.86200089839766 2.152802156534067 -41.2882052035515
    vertex 9.106645023421311 2.152802156534067 -39.90018751885052
    vertex 10.11414294784239 2.152802156534067 -40.71310003158132
  endloop
endfacet
facet normal 0 1 0
  outer loop
    vertex 9.870136601668603 2.152802156534067 -42.10250656679469
    vertex 10.11414294784239 2.152802156534067 -40.71310003158132
    vertex 11.12164087226347 2.152802156534067 -41.52601254431212
  endloop
endfacet
facet normal 0 1 0
  outer loop
    vertex -8.617356773374013 2.152802156534067 -37.32377711174752
    vertex -8.930143386690025 2.152802156534067 -38.65001160710799
    vertex -9.870136601668603 2.152802156534067 -37.89749343320531
  endloop
endfacet
facet normal 0 1 0
  outer loop
    vertex -8.930143386690025 2.152802156534067 -38.65001160710799
    vertex -10.18228543613475 2.152802156534067 -39.22511677907816
    vertex -9.870136601668603 2.152802156534067 -37.89749343320531
  endloop
endfacet
facet normal 0 1 0
  outer loop
    vertex -8.930143386690025 2.152802156534067 -38.65001160710799
    vertex -9.242930000006037 2.152802156534067 -39.97624610246845
    vertex -10.18228543613475 2.152802156534067 -39.22511677907816
  endloop
endfacet
facet normal 1.59177e-15 1 -3.74256e-16
  outer loop
    vertex -9.870136601668603 2.152802156534067 -37.89749343320531
    vertex -10.18228543613475 2.152802156534067 -39.22511677907816
    vertex -11.12164087226347 2.152802156534069 -38.47398745568788
  endloop
endfacet
facet normal 0 1 0
  outer loop
    vertex 11.12164087226347 2.152802156534067 -38.47398745568788
    vertex 10.11414294784239 2.152802156534067 -39.1870874872692
    vertex 9.870136601668589 2.152802156534067 -37.89749343320531
  endloop
endfacet
facet normal 0 1 0
  outer loop
    vertex 10.11414294784239 2.152802156534067 -39.1870874872692
    vertex 8.86200089839766 2.152802156534067 -38.61198231529902
    vertex 9.870136601668589 2.152802156534067 -37.89749343320531
  endloop
endfacet
facet normal 0 1 0
  outer loop
    vertex 10.11414294784239 2.152802156534067 -39.1870874872692
    vertex 9.106645023421311 2.152802156534067 -39.90018751885052
    vertex 8.86200089839766 2.152802156534067 -38.61198231529902
  endloop
endfacet
facet normal 0 1 0
  outer loop
    vertex 9.870136601668589 2.152802156534067 -37.89749343320531
    vertex 8.86200089839766 2.152802156534067 -38.61198231529902
    vertex 8.617356773374013 2.152802156534067 -37.32377711174752
  endloop
endfacet
facet normal 1.58838e-15 1 3.66894e-16
  outer loop
    vertex -11.12164087226347 2.152802156534069 -41.52601254431212
    vertex -10.18228543613475 2.152802156534067 -40.75112932339029
    vertex -9.870136601668589 2.152802156534067 -42.1025065667947
  endloop
endfacet
facet normal 0 1 0
  outer loop
    vertex -10.18228543613475 2.152802156534067 -40.75112932339029
    vertex -8.930143386690025 2.152802156534067 -41.32623449536047
    vertex -9.870136601668589 2.152802156534067 -42.1025065667947
  endloop
endfacet
facet normal -0 1 0
  outer loop
    vertex -10.18228543613475 2.152802156534067 -40.75112932339029
    vertex -9.242930000006037 2.152802156534067 -39.97624610246845
    vertex -8.930143386690025 2.152802156534067 -41.32623449536047
  endloop
endfacet
facet normal -0 1 0
  outer loop
    vertex -9.870136601668589 2.152802156534067 -42.1025065667947
    vertex -8.930143386690025 2.152802156534067 -41.32623449536047
    vertex -8.617356773374013 2.152802156534067 -42.67622288825248
  endloop
endfacet
facet normal 0 1 0
  outer loop
    vertex 8.617356773374013 2.152802156534067 -37.32377711174752
    vertex 8.86200089839766 2.152802156534067 -38.61198231529902
    vertex 7.336293299602808 2.152802156534067 -38.41235735300005
  endloop
endfacet
facet normal 0 1 0
  outer loop
    vertex 8.86200089839766 2.152802156534067 -38.61198231529902
    vertex 7.580937424626455 2.152802156534067 -39.70056255655154
    vertex 7.336293299602808 2.152802156534067 -38.41235735300005
  endloop
endfacet
facet normal 0 1 0
  outer loop
    vertex 8.86200089839766 2.152802156534067 -38.61198231529902
    vertex 9.106645023421311 2.152802156534067 -39.90018751885052
    vertex 7.580937424626455 2.152802156534067 -39.70056255655154
  endloop
endfacet
facet normal 0 1 0
  outer loop
    vertex 7.336293299602808 2.152802156534067 -38.41235735300005
    vertex 7.580937424626455 2.152802156534067 -39.70056255655154
    vertex 6.055229825831599 2.152802156534067 -39.50093759425256
  endloop
endfacet
facet normal 0 1 0
  outer loop
    vertex -6.736654708755228 2.152802156534067 -39.88123051234227
    vertex -7.989792354380633 2.152802156534067 -39.92873830740536
    vertex -7.677005741064621 2.152802156534067 -38.6025038120449
  endloop
endfacet
facet normal 0 1 -0
  outer loop
    vertex -7.989792354380633 2.152802156534067 -39.92873830740536
    vertex -8.930143386690025 2.152802156534067 -38.65001160710799
    vertex -7.677005741064621 2.152802156534067 -38.6025038120449
  endloop
endfacet
facet normal 0 1 0
  outer loop
    vertex -7.989792354380633 2.152802156534067 -39.92873830740536
    vertex -9.242930000006037 2.152802156534067 -39.97624610246845
    vertex -8.930143386690025 2.152802156534067 -38.65001160710799
  endloop
endfacet
facet normal 0 1 0
  outer loop
    vertex -7.677005741064621 2.152802156534067 -38.6025038120449
    vertex -8.930143386690025 2.152802156534067 -38.65001160710799
    vertex -8.617356773374013 2.152802156534067 -37.32377711174752
  endloop
endfacet
facet normal 0.936438 -0.319878 0.144089
  outer loop
    vertex -11.12164087226347 2.152802156534069 -41.52601254431212
    vertex -10.11447961993208 5.101250320730959 -41.52601254431212
    vertex -10.7199132475035 3.661818234535703 -40.78682850115064
  endloop
endfacet
facet normal 0.88355 -0.44562 -0.144089
  outer loop
    vertex -10.11447961993208 5.101250320730959 -41.52601254431212
    vertex -9.316844790137873 6.443745492588911 -40.78682850115063
    vertex -10.7199132475035 3.661818234535703 -40.78682850115064
  endloop
endfacet
facet normal 0.813873 -0.562893 0.144089
  outer loop
    vertex -10.11447961993208 5.101250320730959 -41.52601254431212
    vertex -8.342165877318504 7.663792878991572 -41.52601254431212
    vertex -9.316844790137873 6.443745492588911 -40.78682850115063
  endloop
endfacet
facet normal 0.88355 -0.44562 0.144089
  outer loop
    vertex -10.7199132475035 3.661818234535703 -40.78682850115064
    vertex -9.316844790137873 6.443745492588911 -40.78682850115063
    vertex -10.11447961993208 5.101250320730964 -40.04764445798914
  endloop
endfacet
facet normal -0.936438 -0.319878 -0.144089
  outer loop
    vertex 11.12164087226347 2.152802156534067 -38.47398745568788
    vertex 10.11447961993207 5.101250320730968 -38.47398745568788
    vertex 10.7199132475035 3.661818234535705 -39.21317149884936
  endloop
endfacet
facet normal -0.88355 -0.44562 0.144089
  outer loop
    vertex 10.11447961993207 5.101250320730968 -38.47398745568788
    vertex 9.316844790137868 6.443745492588917 -39.21317149884936
    vertex 10.7199132475035 3.661818234535705 -39.21317149884936
  endloop
endfacet
facet normal -0.813873 -0.562893 -0.144089
  outer loop
    vertex 10.11447961993207 5.101250320730968 -38.47398745568788
    vertex 8.342165877318491 7.663792878991583 -38.47398745568788
    vertex 9.316844790137868 6.443745492588917 -39.21317149884936
  endloop
endfacet
facet normal -0.88355 -0.44562 -0.144089
  outer loop
    vertex 10.7199132475035 3.661818234535705 -39.21317149884936
    vertex 9.316844790137868 6.443745492588917 -39.21317149884936
    vertex 10.11447961993208 5.101250320730968 -39.95235554201086
  endloop
endfacet
facet normal 0.629739 -0.763326 0.144089
  outer loop
    vertex -8.342165877318504 7.663792878991572 -41.52601254431212
    vertex -5.93877379600339 9.646575486496884 -41.52601254431212
    vertex -7.20896429491929 8.738208432588339 -40.78682850115062
  endloop
endfacet
facet normal 0.518782 -0.842677 -0.144089
  outer loop
    vertex -5.93877379600339 9.646575486496884 -41.52601254431212
    vertex -4.555731276399078 10.37163272363702 -40.78682850115062
    vertex -7.20896429491929 8.738208432588339 -40.78682850115062
  endloop
endfacet
facet normal 0.397966 -0.906014 0.144089
  outer loop
    vertex -5.93877379600339 9.646575486496884 -41.52601254431212
    vertex -3.086118111419966 10.89960218627931 -41.52601254431212
    vertex -4.555731276399078 10.37163272363702 -40.78682850115062
  endloop
endfacet
facet normal 0.518782 -0.842677 0.144089
  outer loop
    vertex -7.20896429491929 8.738208432588339 -40.78682850115062
    vertex -4.555731276399078 10.37163272363702 -40.78682850115062
    vertex -5.938773796003386 9.646575486496888 -40.04764445798914
  endloop
endfacet
facet normal 0.136087 -0.980163 0.144089
  outer loop
    vertex -3.086118111419966 10.89960218627931 -41.52601254431212
    vertex -1.4398392603526e-14 11.32808248631599 -41.52601254431212
    vertex -1.557860741943414 11.22045109278101 -40.78682850115062
  endloop
endfacet
facet normal 1.69345e-15 -0.989565 -0.144089
  outer loop
    vertex -1.4398392603526e-14 11.32808248631599 -41.52601254431212
    vertex 1.557860741943385 11.22045109278102 -40.78682850115062
    vertex -1.557860741943414 11.22045109278101 -40.78682850115062
  endloop
endfacet
facet normal -0.136087 -0.980163 0.144089
  outer loop
    vertex -1.4398392603526e-14 11.32808248631599 -41.52601254431212
    vertex 3.086118111419936 10.89960218627932 -41.52601254431212
    vertex 1.557860741943385 11.22045109278102 -40.78682850115062
  endloop
endfacet
facet normal 1.69253e-15 -0.989565 0.144089
  outer loop
    vertex -1.557860741943414 11.22045109278101 -40.78682850115062
    vertex 1.557860741943385 11.22045109278102 -40.78682850115062
    vertex -1.4398392603526e-14 11.32808248631599 -40.04764445798913
  endloop
endfacet
facet normal -0.398222 -0.906596 0.139654
  outer loop
    vertex 3.086118111419936 10.89960218627932 -41.52601254431212
    vertex 5.938773796003368 9.646575486496898 -41.52601254431212
    vertex 4.575162760480478 10.36307572740312 -40.76300627215606
  endloop
endfacet
facet normal -0.520694 -0.842243 -0.139654
  outer loop
    vertex 5.938773796003368 9.646575486496898 -41.52601254431212
    vertex 7.225329601717106 8.724681367438563 -40.76300627215606
    vertex 4.575162760480478 10.36307572740312 -40.76300627215606
  endloop
endfacet
facet normal -0.630144 -0.763817 0.139654
  outer loop
    vertex 5.938773796003368 9.646575486496898 -41.52601254431212
    vertex 8.342165877318491 7.663792878991583 -41.52601254431212
    vertex 7.225329601717106 8.724681367438563 -40.76300627215606
  endloop
endfacet
facet normal -0.520694 -0.842243 0.139654
  outer loop
    vertex 4.575162760480478 10.36307572740312 -40.76300627215606
    vertex 7.225329601717106 8.724681367438563 -40.76300627215606
    vertex 5.974893038825457 9.624245736231707 -40
  endloop
endfacet
facet normal -0.630144 -0.763817 -0.139654
  outer loop
    vertex 8.342165877318491 7.663792878991583 -38.47398745568788
    vertex 5.938773796003368 9.646575486496898 -38.47398745568788
    vertex 7.225329601717106 8.724681367438563 -39.23699372784394
  endloop
endfacet
facet normal -0.520694 -0.842243 0.139654
  outer loop
    vertex 5.938773796003368 9.646575486496898 -38.47398745568788
    vertex 4.575162760480478 10.36307572740312 -39.23699372784394
    vertex 7.225329601717106 8.724681367438563 -39.23699372784394
  endloop
endfacet
facet normal -0.398222 -0.906596 -0.139654
  outer loop
    vertex 5.938773796003368 9.646575486496898 -38.47398745568788
    vertex 3.086118111419936 10.89960218627932 -38.47398745568788
    vertex 4.575162760480478 10.36307572740312 -39.23699372784394
  endloop
endfacet
facet normal -0.520694 -0.842243 -0.139654
  outer loop
    vertex 7.225329601717106 8.724681367438563 -39.23699372784394
    vertex 4.575162760480478 10.36307572740312 -39.23699372784394
    vertex 5.974893038825457 9.624245736231707 -40
  endloop
endfacet
facet normal -0.814867 -0.563581 0.135529
  outer loop
    vertex 8.342165877318491 7.663792878991583 -41.52601254431212
    vertex 10.11447961993207 5.101250320730968 -41.52601254431212
    vertex 9.316844790137868 6.443745492588917 -40.73918404316149
  endloop
endfacet
facet normal -0.88463 -0.446164 -0.135529
  outer loop
    vertex 10.11447961993207 5.101250320730968 -41.52601254431212
    vertex 10.7199132475035 3.661818234535705 -40.73918404316149
    vertex 9.316844790137868 6.443745492588917 -40.73918404316149
  endloop
endfacet
facet normal -0.937582 -0.320269 0.135529
  outer loop
    vertex 10.11447961993207 5.101250320730968 -41.52601254431212
    vertex 11.12164087226347 2.152802156534067 -41.52601254431212
    vertex 10.7199132475035 3.661818234535705 -40.73918404316149
  endloop
endfacet
facet normal -0.88463 -0.446164 0.135529
  outer loop
    vertex 9.316844790137868 6.443745492588917 -40.73918404316149
    vertex 10.7199132475035 3.661818234535705 -40.73918404316149
    vertex 10.11447961993208 5.101250320730968 -39.95235554201086
  endloop
endfacet
facet normal -0.136253 -0.98136 -0.135529
  outer loop
    vertex 3.086118111419936 10.89960218627932 -38.47398745568788
    vertex -1.4398392603526e-14 11.32808248631599 -38.47398745568788
    vertex 1.557860741943385 11.22045109278102 -39.2608159568385
  endloop
endfacet
facet normal 1.6938e-15 -0.990773 0.135529
  outer loop
    vertex -1.4398392603526e-14 11.32808248631599 -38.47398745568788
    vertex -1.557860741943414 11.22045109278101 -39.2608159568385
    vertex 1.557860741943385 11.22045109278102 -39.2608159568385
  endloop
endfacet
facet normal 0.136253 -0.98136 -0.135529
  outer loop
    vertex -1.4398392603526e-14 11.32808248631599 -38.47398745568788
    vertex -3.086118111419966 10.89960218627931 -38.47398745568788
    vertex -1.557860741943414 11.22045109278101 -39.2608159568385
  endloop
endfacet
facet normal 1.6946e-15 -0.990773 -0.135529
  outer loop
    vertex 1.557860741943385 11.22045109278102 -39.2608159568385
    vertex -1.557860741943414 11.22045109278101 -39.2608159568385
    vertex -1.4398392603526e-14 11.32808248631599 -40.04764445798913
  endloop
endfacet
facet normal 0.398452 -0.907121 -0.135529
  outer loop
    vertex -3.086118111419966 10.89960218627931 -38.47398745568788
    vertex -5.93877379600339 9.646575486496884 -38.47398745568788
    vertex -4.555731276399078 10.37163272363702 -39.26081595683851
  endloop
endfacet
facet normal 0.519415 -0.843706 0.135529
  outer loop
    vertex -5.93877379600339 9.646575486496884 -38.47398745568788
    vertex -7.20896429491929 8.738208432588339 -39.26081595683851
    vertex -4.555731276399078 10.37163272363702 -39.26081595683851
  endloop
endfacet
facet normal 0.630508 -0.764259 -0.135529
  outer loop
    vertex -5.93877379600339 9.646575486496884 -38.47398745568788
    vertex -8.342165877318504 7.663792878991572 -38.47398745568788
    vertex -7.20896429491929 8.738208432588339 -39.26081595683851
  endloop
endfacet
facet normal 0.519415 -0.843706 -0.135529
  outer loop
    vertex -4.555731276399078 10.37163272363702 -39.26081595683851
    vertex -7.20896429491929 8.738208432588339 -39.26081595683851
    vertex -5.938773796003386 9.646575486496888 -40.04764445798914
  endloop
endfacet
facet normal 0.814867 -0.563581 -0.135529
  outer loop
    vertex -8.342165877318504 7.663792878991572 -38.47398745568788
    vertex -10.11447961993208 5.101250320730959 -38.47398745568788
    vertex -9.316844790137873 6.443745492588911 -39.26081595683851
  endloop
endfacet
facet normal 0.88463 -0.446164 0.135529
  outer loop
    vertex -10.11447961993208 5.101250320730959 -38.47398745568788
    vertex -10.7199132475035 3.661818234535703 -39.26081595683851
    vertex -9.316844790137873 6.443745492588911 -39.26081595683851
  endloop
endfacet
facet normal 0.937582 -0.320269 -0.135529
  outer loop
    vertex -10.11447961993208 5.101250320730959 -38.47398745568788
    vertex -11.12164087226347 2.152802156534069 -38.47398745568788
    vertex -10.7199132475035 3.661818234535703 -39.26081595683851
  endloop
endfacet
facet normal 0.88463 -0.446164 -0.135529
  outer loop
    vertex -9.316844790137873 6.443745492588911 -39.26081595683851
    vertex -10.7199132475035 3.661818234535703 -39.26081595683851
    vertex -10.11447961993208 5.101250320730964 -40.04764445798914
  endloop
endfacet
facet normal -0.338983 -0.940793 -0
  outer loop
    vertex 3.086118111419936 10.89960218627932 -38.47398745568788
    vertex 3.086118111419936 10.89960218627932 -40
    vertex 4.575162760480478 10.36307572740312 -39.23699372784394
  endloop
endfacet
facet normal -0.338983 -0.940793 0
  outer loop
    vertex 3.086118111419936 10.89960218627932 -40
    vertex 4.575162760480478 10.36307572740312 -40.76300627215606
    vertex 4.575162760480478 10.36307572740312 -39.23699372784394
  endloop
endfacet
facet normal -0.338983 -0.940793 -0
  outer loop
    vertex 3.086118111419936 10.89960218627932 -40
    vertex 3.086118111419936 10.89960218627932 -41.52601254431212
    vertex 4.575162760480478 10.36307572740312 -40.76300627215606
  endloop
endfacet
facet normal -0.4668 -0.884363 -0
  outer loop
    vertex 4.575162760480478 10.36307572740312 -39.23699372784394
    vertex 4.575162760480478 10.36307572740312 -40.76300627215606
    vertex 5.974893038825457 9.624245736231707 -40
  endloop
endfacet
facet normal 0.781293 -0.624164 -2.53261e-18
  outer loop
    vertex -8.342165877318504 7.663792878991572 -41.52601254431212
    vertex -8.3421658773185 7.663792878991576 -40
    vertex -9.316844790137873 6.443745492588911 -40.78682850115063
  endloop
endfacet
facet normal 0.781293 -0.624164 0
  outer loop
    vertex -8.3421658773185 7.663792878991576 -40
    vertex -9.316844790137873 6.443745492588911 -39.26081595683851
    vertex -9.316844790137873 6.443745492588911 -40.78682850115063
  endloop
endfacet
facet normal 0.781293 -0.624164 2.53261e-18
  outer loop
    vertex -8.3421658773185 7.663792878991576 -40
    vertex -8.342165877318504 7.663792878991572 -38.47398745568788
    vertex -9.316844790137873 6.443745492588911 -39.26081595683851
  endloop
endfacet
facet normal 0.859706 -0.510789 0
  outer loop
    vertex -9.316844790137873 6.443745492588911 -40.78682850115063
    vertex -9.316844790137873 6.443745492588911 -39.26081595683851
    vertex -10.11447961993208 5.101250320730964 -40.04764445798914
  endloop
endfacet
facet normal -0.781293 -0.624164 -0
  outer loop
    vertex 8.342165877318491 7.663792878991583 -38.47398745568788
    vertex 8.342165877318491 7.663792878991583 -40
    vertex 9.316844790137868 6.443745492588917 -39.21317149884936
  endloop
endfacet
facet normal -0.781293 -0.624164 0
  outer loop
    vertex 8.342165877318491 7.663792878991583 -40
    vertex 9.316844790137868 6.443745492588917 -40.73918404316149
    vertex 9.316844790137868 6.443745492588917 -39.21317149884936
  endloop
endfacet
facet normal -0.781293 -0.624164 -0
  outer loop
    vertex 8.342165877318491 7.663792878991583 -40
    vertex 8.342165877318491 7.663792878991583 -41.52601254431212
    vertex 9.316844790137868 6.443745492588917 -40.73918404316149
  endloop
endfacet
facet normal -0.859706 -0.510789 -0
  outer loop
    vertex 9.316844790137868 6.443745492588917 -39.21317149884936
    vertex 9.316844790137868 6.443745492588917 -40.73918404316149
    vertex 10.11447961993208 5.101250320730968 -39.95235554201086
  endloop
endfacet
facet normal -0.966343 -0.257258 0
  outer loop
    vertex 11.12164087226347 2.152802156534067 -41.52601254431212
    vertex 11.12164087226347 2.152802156534067 -40
    vertex 10.7199132475035 3.661818234535705 -40.73918404316149
  endloop
endfacet
facet normal -0.966343 -0.257258 0
  outer loop
    vertex 11.12164087226347 2.152802156534067 -40
    vertex 10.7199132475035 3.661818234535705 -39.21317149884936
    vertex 10.7199132475035 3.661818234535705 -40.73918404316149
  endloop
endfacet
facet normal -0.966343 -0.257258 0
  outer loop
    vertex 11.12164087226347 2.152802156534067 -40
    vertex 11.12164087226347 2.152802156534067 -38.47398745568788
    vertex 10.7199132475035 3.661818234535705 -39.21317149884936
  endloop
endfacet
facet normal -0.921783 -0.387707 0
  outer loop
    vertex 10.7199132475035 3.661818234535705 -40.73918404316149
    vertex 10.7199132475035 3.661818234535705 -39.21317149884936
    vertex 10.11447961993208 5.101250320730968 -39.95235554201086
  endloop
endfacet
facet normal 0.205465 -0.978664 0
  outer loop
    vertex -3.086118111419966 10.89960218627931 -38.47398745568788
    vertex -3.086118111419966 10.89960218627931 -40
    vertex -1.557860741943414 11.22045109278101 -39.2608159568385
  endloop
endfacet
facet normal 0.205465 -0.978664 0
  outer loop
    vertex -3.086118111419966 10.89960218627931 -40
    vertex -1.557860741943414 11.22045109278101 -40.78682850115062
    vertex -1.557860741943414 11.22045109278101 -39.2608159568385
  endloop
endfacet
facet normal 0.205465 -0.978664 0
  outer loop
    vertex -3.086118111419966 10.89960218627931 -40
    vertex -3.086118111419966 10.89960218627931 -41.52601254431212
    vertex -1.557860741943414 11.22045109278101 -40.78682850115062
  endloop
endfacet
facet normal 0.0689249 -0.997622 0
  outer loop
    vertex -1.557860741943414 11.22045109278101 -39.2608159568385
    vertex -1.557860741943414 11.22045109278101 -40.78682850115062
    vertex -1.4398392603526e-14 11.32808248631599 -40.04764445798913
  endloop
endfacet
facet normal 0.688034 -0.725679 -5.10006e-16
  outer loop
    vertex -8.342165877318504 7.663792878991572 -38.47398745568788
    vertex -8.3421658773185 7.663792878991576 -40
    vertex -7.20896429491929 8.738208432588339 -39.26081595683851
  endloop
endfacet
facet normal 0.688034 -0.725679 0
  outer loop
    vertex -8.3421658773185 7.663792878991576 -40
    vertex -7.20896429491929 8.738208432588339 -40.78682850115062
    vertex -7.20896429491929 8.738208432588339 -39.26081595683851
  endloop
endfacet
facet normal 0.688034 -0.725679 5.10006e-16
  outer loop
    vertex -8.3421658773185 7.663792878991576 -40
    vertex -8.342165877318504 7.663792878991572 -41.52601254431212
    vertex -7.20896429491929 8.738208432588339 -40.78682850115062
  endloop
endfacet
facet normal 0.5817 -0.813404 0
  outer loop
    vertex -7.20896429491929 8.738208432588339 -39.26081595683851
    vertex -7.20896429491929 8.738208432588339 -40.78682850115062
    vertex -5.938773796003386 9.646575486496888 -40.04764445798914
  endloop
endfacet
facet normal 0.966343 -0.257258 -8.25411e-16
  outer loop
    vertex -11.12164087226347 2.152802156534069 -38.47398745568788
    vertex -11.12164087226347 2.152802156534067 -40
    vertex -10.7199132475035 3.661818234535703 -39.26081595683851
  endloop
endfacet
facet normal 0.966343 -0.257258 0
  outer loop
    vertex -11.12164087226347 2.152802156534067 -40
    vertex -10.7199132475035 3.661818234535703 -40.78682850115064
    vertex -10.7199132475035 3.661818234535703 -39.26081595683851
  endloop
endfacet
facet normal 0.966343 -0.257258 8.25411e-16
  outer loop
    vertex -11.12164087226347 2.152802156534067 -40
    vertex -11.12164087226347 2.152802156534069 -41.52601254431212
    vertex -10.7199132475035 3.661818234535703 -40.78682850115064
  endloop
endfacet
facet normal 0.921783 -0.387707 0
  outer loop
    vertex -10.7199132475035 3.661818234535703 -39.26081595683851
    vertex -10.7199132475035 3.661818234535703 -40.78682850115064
    vertex -10.11447961993208 5.101250320730964 -40.04764445798914
  endloop
endfacet
facet normal -0.205465 -0.978664 0
  outer loop
    vertex 3.086118111419936 10.89960218627932 -41.52601254431212
    vertex 3.086118111419936 10.89960218627932 -40
    vertex 1.557860741943385 11.22045109278102 -40.78682850115062
  endloop
endfacet
facet normal -0.205465 -0.978664 0
  outer loop
    vertex 3.086118111419936 10.89960218627932 -40
    vertex 1.557860741943385 11.22045109278102 -39.2608159568385
    vertex 1.557860741943385 11.22045109278102 -40.78682850115062
  endloop
endfacet
facet normal -0.205465 -0.978664 0
  outer loop
    vertex 3.086118111419936 10.89960218627932 -40
    vertex 3.086118111419936 10.89960218627932 -38.47398745568788
    vertex 1.557860741943385 11.22045109278102 -39.2608159568385
  endloop
endfacet
facet normal -0.0689249 -0.997622 0
  outer loop
    vertex 1.557860741943385 11.22045109278102 -40.78682850115062
    vertex 1.557860741943385 11.22045109278102 -39.2608159568385
    vertex -1.4398392603526e-14 11.32808248631599 -40.04764445798913
  endloop
endfacet
facet normal 0.338101 -0.94111 0
  outer loop
    vertex -3.086118111419966 10.89960218627931 -41.52601254431212
    vertex -3.086118111419966 10.89960218627931 -40
    vertex -4.555731276399078 10.37163272363702 -40.78682850115062
  endloop
endfacet
facet normal 0.338101 -0.94111 0
  outer loop
    vertex -3.086118111419966 10.89960218627931 -40
    vertex -4.555731276399078 10.37163272363702 -39.26081595683851
    vertex -4.555731276399078 10.37163272363702 -40.78682850115062
  endloop
endfacet
facet normal 0.338101 -0.94111 0
  outer loop
    vertex -3.086118111419966 10.89960218627931 -40
    vertex -3.086118111419966 10.89960218627931 -38.47398745568788
    vertex -4.555731276399078 10.37163272363702 -39.26081595683851
  endloop
endfacet
facet normal 0.464312 -0.885672 0
  outer loop
    vertex -4.555731276399078 10.37163272363702 -40.78682850115062
    vertex -4.555731276399078 10.37163272363702 -39.26081595683851
    vertex -5.938773796003386 9.646575486496888 -40.04764445798914
  endloop
endfacet
facet normal -0.688713 -0.725034 0
  outer loop
    vertex 8.342165877318491 7.663792878991583 -41.52601254431212
    vertex 8.342165877318491 7.663792878991583 -40
    vertex 7.225329601717106 8.724681367438563 -40.76300627215606
  endloop
endfacet
facet normal -0.688713 -0.725034 0
  outer loop
    vertex 8.342165877318491 7.663792878991583 -40
    vertex 7.225329601717106 8.724681367438563 -39.23699372784394
    vertex 7.225329601717106 8.724681367438563 -40.76300627215606
  endloop
endfacet
facet normal -0.688713 -0.725034 0
  outer loop
    vertex 8.342165877318491 7.663792878991583 -40
    vertex 8.342165877318491 7.663792878991583 -38.47398745568788
    vertex 7.225329601717106 8.724681367438563 -39.23699372784394
  endloop
endfacet
facet normal -0.583984 -0.811765 0
  outer loop
    vertex 7.225329601717106 8.724681367438563 -40.76300627215606
    vertex 7.225329601717106 8.724681367438563 -39.23699372784394
    vertex 5.974893038825457 9.624245736231707 -40
  endloop
endfacet
facet normal 0.280314 -0.339777 -0.897762
  outer loop
    vertex -8.342165877318504 7.663792878991572 -38.47398745568788
    vertex -5.93877379600339 9.646575486496884 -38.47398745568788
    vertex -5.483299174433234 6.824834523636643 -37.26382514679388
  endloop
endfacet
facet normal 0.195646 -0.359691 -0.912329
  outer loop
    vertex -5.93877379600339 9.646575486496884 -38.47398745568788
    vertex -2.836116627800167 8.420754299375105 -37.32534571019244
    vertex -5.483299174433234 6.824834523636643 -37.26382514679388
  endloop
endfacet
facet normal 0.175392 -0.399299 -0.899888
  outer loop
    vertex -5.93877379600339 9.646575486496884 -38.47398745568788
    vertex -3.086118111419966 10.89960218627931 -38.47398745568788
    vertex -2.836116627800167 8.420754299375105 -37.32534571019244
  endloop
endfacet
facet normal 0.212903 -0.387719 -0.896854
  outer loop
    vertex -5.483299174433234 6.824834523636643 -37.26382514679388
    vertex -2.836116627800167 8.420754299375105 -37.32534571019244
    vertex -2.583956649580422 5.935497595391753 -36.19108431291425
  endloop
endfacet
facet normal -0.280314 -0.339777 -0.897762
  outer loop
    vertex 8.342165877318491 7.663792878991583 -38.47398745568788
    vertex 5.483299174433238 6.824834523636644 -37.26382514679388
    vertex 5.938773796003368 9.646575486496898 -38.47398745568788
  endloop
endfacet
facet normal -0.195646 -0.359691 -0.912329
  outer loop
    vertex 5.483299174433238 6.824834523636644 -37.26382514679388
    vertex 2.836116627800163 8.420754299375105 -37.32534571019244
    vertex 5.938773796003368 9.646575486496898 -38.47398745568788
  endloop
endfacet
facet normal -0.212903 -0.387719 -0.896854
  outer loop
    vertex 5.483299174433238 6.824834523636644 -37.26382514679388
    vertex 2.583956649580444 5.935497595391744 -36.19108431291425
    vertex 2.836116627800163 8.420754299375105 -37.32534571019244
  endloop
endfacet
facet normal -0.175392 -0.399299 -0.899888
  outer loop
    vertex 5.938773796003368 9.646575486496898 -38.47398745568788
    vertex 2.836116627800163 8.420754299375105 -37.32534571019244
    vertex 3.086118111419936 10.89960218627932 -38.47398745568788
  endloop
endfacet
facet normal -0.415249 -0.122226 -0.901459
  outer loop
    vertex 11.12164087226347 2.152802156534067 -38.47398745568788
    vertex 9.870136601668589 2.152802156534067 -37.89749343320531
    vertex 9.183899648965399 3.337988205266208 -37.74207964494929
  endloop
endfacet
facet normal -0.398753 -0.111521 -0.910252
  outer loop
    vertex 9.870136601668589 2.152802156534067 -37.89749343320531
    vertex 7.921737259124037 3.335376457448858 -37.18884645464462
    vertex 9.183899648965399 3.337988205266208 -37.74207964494929
  endloop
endfacet
facet normal -0.412282 -0.139795 -0.900267
  outer loop
    vertex 9.870136601668589 2.152802156534067 -37.89749343320531
    vertex 8.617356773374013 2.152802156534067 -37.32377711174752
    vertex 7.921737259124037 3.335376457448858 -37.18884645464462
  endloop
endfacet
facet normal -0.39251 -0.205686 -0.896454
  outer loop
    vertex 9.183899648965399 3.337988205266208 -37.74207964494929
    vertex 7.921737259124037 3.335376457448858 -37.18884645464462
    vertex 7.190332714979545 4.502883792326394 -37.13648148187143
  endloop
endfacet
facet normal 0.412282 -0.139795 -0.900267
  outer loop
    vertex -8.617356773374013 2.152802156534067 -37.32377711174752
    vertex -9.870136601668603 2.152802156534067 -37.89749343320531
    vertex -7.92173725912553 3.335376457450034 -37.18884645464548
  endloop
endfacet
facet normal 0.398753 -0.111521 -0.910252
  outer loop
    vertex -9.870136601668603 2.152802156534067 -37.89749343320531
    vertex -9.183899648966898 3.337988205267389 -37.74207964495015
    vertex -7.92173725912553 3.335376457450034 -37.18884645464548
  endloop
endfacet
facet normal 0.415249 -0.122226 -0.901459
  outer loop
    vertex -9.870136601668603 2.152802156534067 -37.89749343320531
    vertex -11.12164087226347 2.152802156534069 -38.47398745568788
    vertex -9.183899648966898 3.337988205267389 -37.74207964495015
  endloop
endfacet
facet normal 0.39251 -0.205686 -0.896454
  outer loop
    vertex -7.92173725912553 3.335376457450034 -37.18884645464548
    vertex -9.183899648966898 3.337988205267389 -37.74207964495015
    vertex -7.190332714982514 4.502883792328732 -37.1364814818732
  endloop
endfacet
facet normal 0.426281 -0.145613 -0.892794
  outer loop
    vertex -11.12164087226347 2.152802156534069 -38.47398745568788
    vertex -10.11447961993208 5.101250320730959 -38.47398745568788
    vertex -9.183899648966898 3.337988205267389 -37.74207964495015
  endloop
endfacet
facet normal 0.350048 -0.19552 -0.916099
  outer loop
    vertex -10.11447961993208 5.101250320730959 -38.47398745568788
    vertex -7.772069892070058 6.087897634871852 -37.78951202843723
    vertex -9.183899648966898 3.337988205267389 -37.74207964495015
  endloop
endfacet
facet normal 0.368601 -0.254933 -0.893948
  outer loop
    vertex -10.11447961993208 5.101250320730959 -38.47398745568788
    vertex -8.342165877318504 7.663792878991572 -38.47398745568788
    vertex -7.772069892070058 6.087897634871852 -37.78951202843723
  endloop
endfacet
facet normal 0.399077 -0.220242 -0.890074
  outer loop
    vertex -9.183899648966898 3.337988205267389 -37.74207964495015
    vertex -7.772069892070058 6.087897634871852 -37.78951202843723
    vertex -7.190332714982514 4.502883792328732 -37.1364814818732
  endloop
endfacet
facet normal -0.368601 -0.254933 -0.893948
  outer loop
    vertex 8.342165877318491 7.663792878991583 -38.47398745568788
    vertex 10.11447961993207 5.101250320730968 -38.47398745568788
    vertex 7.77206989206857 6.087897634870687 -37.78951202843634
  endloop
endfacet
facet normal -0.350048 -0.19552 -0.916099
  outer loop
    vertex 10.11447961993207 5.101250320730968 -38.47398745568788
    vertex 9.183899648965399 3.337988205266208 -37.74207964494929
    vertex 7.77206989206857 6.087897634870687 -37.78951202843634
  endloop
endfacet
facet normal -0.426281 -0.145613 -0.892794
  outer loop
    vertex 10.11447961993207 5.101250320730968 -38.47398745568788
    vertex 11.12164087226347 2.152802156534067 -38.47398745568788
    vertex 9.183899648965399 3.337988205266208 -37.74207964494929
  endloop
endfacet
facet normal -0.399077 -0.220242 -0.890074
  outer loop
    vertex 7.77206989206857 6.087897634870687 -37.78951202843634
    vertex 9.183899648965399 3.337988205266208 -37.74207964494929
    vertex 7.190332714979545 4.502883792326394 -37.13648148187143
  endloop
endfacet
facet normal 0.301072 -0.28618 -0.909646
  outer loop
    vertex -8.342165877318504 7.663792878991572 -38.47398745568788
    vertex -5.483299174433234 6.824834523636643 -37.26382514679388
    vertex -7.772069892070058 6.087897634871852 -37.78951202843723
  endloop
endfacet
facet normal 0.306448 -0.309682 -0.900104
  outer loop
    vertex -5.483299174433234 6.824834523636643 -37.26382514679388
    vertex -4.92782221326285 5.262631967845225 -36.53723016958563
    vertex -7.772069892070058 6.087897634871852 -37.78951202843723
  endloop
endfacet
facet normal 0.232416 -0.341015 -0.910874
  outer loop
    vertex -5.483299174433234 6.824834523636643 -37.26382514679388
    vertex -2.583956649580422 5.935497595391753 -36.19108431291425
    vertex -4.92782221326285 5.262631967845225 -36.53723016958563
  endloop
endfacet
facet normal 0.326687 -0.255049 -0.910069
  outer loop
    vertex -7.772069892070058 6.087897634871852 -37.78951202843723
    vertex -4.92782221326285 5.262631967845225 -36.53723016958563
    vertex -7.190332714982514 4.502883792328732 -37.1364814818732
  endloop
endfacet
facet normal -0.232416 -0.341015 -0.910874
  outer loop
    vertex 2.583956649580444 5.935497595391744 -36.19108431291425
    vertex 5.483299174433238 6.824834523636644 -37.26382514679388
    vertex 4.927822213261371 5.262631967844049 -36.53723016958475
  endloop
endfacet
facet normal -0.306448 -0.309682 -0.900104
  outer loop
    vertex 5.483299174433238 6.824834523636644 -37.26382514679388
    vertex 7.77206989206857 6.087897634870687 -37.78951202843634
    vertex 4.927822213261371 5.262631967844049 -36.53723016958475
  endloop
endfacet
facet normal -0.301072 -0.28618 -0.909646
  outer loop
    vertex 5.483299174433238 6.824834523636644 -37.26382514679388
    vertex 8.342165877318491 7.663792878991583 -38.47398745568788
    vertex 7.77206989206857 6.087897634870687 -37.78951202843634
  endloop
endfacet
facet normal -0.326687 -0.255049 -0.910069
  outer loop
    vertex 4.927822213261371 5.262631967844049 -36.53723016958475
    vertex 7.77206989206857 6.087897634870687 -37.78951202843634
    vertex 7.190332714979545 4.502883792326394 -37.13648148187143
  endloop
endfacet
facet normal 0.22825 -0.322512 -0.918634
  outer loop
    vertex -2.583956649580422 5.935497595391753 -36.19108431291425
    vertex -4.738373104921038 4.41075775693623 -36.19108431291425
    vertex -4.92782221326285 5.262631967845225 -36.53723016958563
  endloop
endfacet
facet normal 0.367803 -0.278688 -0.887161
  outer loop
    vertex -4.738373104921038 4.41075775693623 -36.19108431291425
    vertex -6.654941618553281 3.331456641504269 -36.64661660723776
    vertex -4.92782221326285 5.262631967845225 -36.53723016958563
  endloop
endfacet
facet normal 0.332285 -0.201132 -0.921484
  outer loop
    vertex -4.738373104921038 4.41075775693623 -36.19108431291425
    vertex -6.10511314773399 2.152802156534069 -36.19108431291426
    vertex -6.654941618553281 3.331456641504269 -36.64661660723776
  endloop
endfacet
facet normal 0.322117 -0.236153 -0.916773
  outer loop
    vertex -4.92782221326285 5.262631967845225 -36.53723016958563
    vertex -6.654941618553281 3.331456641504269 -36.64661660723776
    vertex -7.190332714982514 4.502883792328732 -37.1364814818732
  endloop
endfacet
facet normal -0.332285 -0.201132 -0.921484
  outer loop
    vertex 6.105113147733991 2.152802156534067 -36.19108431291426
    vertex 4.73837310492105 4.410757756936218 -36.19108431291425
    vertex 6.65494161855179 3.331456641503095 -36.64661660723689
  endloop
endfacet
facet normal -0.367803 -0.278688 -0.887161
  outer loop
    vertex 4.73837310492105 4.410757756936218 -36.19108431291425
    vertex 4.927822213261371 5.262631967844049 -36.53723016958475
    vertex 6.65494161855179 3.331456641503095 -36.64661660723689
  endloop
endfacet
facet normal -0.22825 -0.322512 -0.918634
  outer loop
    vertex 4.73837310492105 4.410757756936218 -36.19108431291425
    vertex 2.583956649580444 5.935497595391744 -36.19108431291425
    vertex 4.927822213261371 5.262631967844049 -36.53723016958475
  endloop
endfacet
facet normal -0.322117 -0.236153 -0.916773
  outer loop
    vertex 6.65494161855179 3.331456641503095 -36.64661660723689
    vertex 4.927822213261371 5.262631967844049 -36.53723016958475
    vertex 7.190332714979545 4.502883792326394 -37.13648148187143
  endloop
endfacet
facet normal 0.0620657 -0.447026 -0.892365
  outer loop
    vertex -3.086118111419966 10.89960218627931 -38.47398745568788
    vertex -1.4398392603526e-14 11.32808248631599 -38.47398745568788
    vertex -1.545682841052147 9.699970552035994 -37.76589720497005
  endloop
endfacet
facet normal 4.4502e-16 -0.398828 -0.917026
  outer loop
    vertex -1.4398392603526e-14 11.32808248631599 -38.47398745568788
    vertex 1.545682841052133 9.699970552035998 -37.76589720497005
    vertex -1.545682841052147 9.699970552035994 -37.76589720497005
  endloop
endfacet
facet normal -0.0620657 -0.447026 -0.892365
  outer loop
    vertex -1.4398392603526e-14 11.32808248631599 -38.47398745568788
    vertex 3.086118111419936 10.89960218627932 -38.47398745568788
    vertex 1.545682841052133 9.699970552035998 -37.76589720497005
  endloop
endfacet
facet normal 5.27755e-16 -0.459222 -0.888321
  outer loop
    vertex -1.545682841052147 9.699970552035994 -37.76589720497005
    vertex 1.545682841052133 9.699970552035998 -37.76589720497005
    vertex 5.184791843549926e-16 8.467407659350892 -37.1287177672646
  endloop
endfacet
facet normal -0.0972291 -0.410352 -0.906729
  outer loop
    vertex 3.086118111419936 10.89960218627932 -38.47398745568788
    vertex 2.836116627800163 8.420754299375105 -37.32534571019244
    vertex 1.545682841052133 9.699970552035998 -37.76589720497005
  endloop
endfacet
facet normal -0.103595 -0.415691 -0.903587
  outer loop
    vertex 2.836116627800163 8.420754299375105 -37.32534571019244
    vertex 1.296904892094994 7.228913181763074 -36.60057471177051
    vertex 1.545682841052133 9.699970552035998 -37.76589720497005
  endloop
endfacet
facet normal -0.115762 -0.402662 -0.907999
  outer loop
    vertex 2.836116627800163 8.420754299375105 -37.32534571019244
    vertex 2.583956649580444 5.935497595391744 -36.19108431291425
    vertex 1.296904892094994 7.228913181763074 -36.60057471177051
  endloop
endfacet
facet normal -0.035608 -0.423332 -0.905274
  outer loop
    vertex 1.545682841052133 9.699970552035998 -37.76589720497005
    vertex 1.296904892094994 7.228913181763074 -36.60057471177051
    vertex 5.184791843549926e-16 8.467407659350892 -37.1287177672646
  endloop
endfacet
facet normal 0.115762 -0.402662 -0.907999
  outer loop
    vertex -2.583956649580422 5.935497595391753 -36.19108431291425
    vertex -2.836116627800167 8.420754299375105 -37.32534571019244
    vertex -1.296904892094982 7.228913181763077 -36.60057471177051
  endloop
endfacet
facet normal 0.103595 -0.415691 -0.903587
  outer loop
    vertex -2.836116627800167 8.420754299375105 -37.32534571019244
    vertex -1.545682841052147 9.699970552035994 -37.76589720497005
    vertex -1.296904892094982 7.228913181763077 -36.60057471177051
  endloop
endfacet
facet normal 0.0972291 -0.410352 -0.906729
  outer loop
    vertex -2.836116627800167 8.420754299375105 -37.32534571019244
    vertex -3.086118111419966 10.89960218627931 -38.47398745568788
    vertex -1.545682841052147 9.699970552035994 -37.76589720497005
  endloop
endfacet
facet normal 0.035608 -0.423332 -0.905274
  outer loop
    vertex -1.296904892094982 7.228913181763077 -36.60057471177051
    vertex -1.545682841052147 9.699970552035994 -37.76589720497005
    vertex 5.184791843549926e-16 8.467407659350892 -37.1287177672646
  endloop
endfacet
facet normal -0.0769964 -0.369763 -0.92593
  outer loop
    vertex 2.583956649580444 5.935497595391744 -36.19108431291425
    vertex 1.333316043045709e-14 6.473558810408087 -36.19108431291425
    vertex 1.296904892094994 7.228913181763074 -36.60057471177051
  endloop
endfacet
facet normal -4.73256e-16 -0.476589 -0.879126
  outer loop
    vertex 1.333316043045709e-14 6.473558810408087 -36.19108431291425
    vertex -1.296904892094982 7.228913181763077 -36.60057471177051
    vertex 1.296904892094994 7.228913181763074 -36.60057471177051
  endloop
endfacet
facet normal 0.0769964 -0.369763 -0.92593
  outer loop
    vertex 1.333316043045709e-14 6.473558810408087 -36.19108431291425
    vertex -2.583956649580422 5.935497595391753 -36.19108431291425
    vertex -1.296904892094982 7.228913181763077 -36.60057471177051
  endloop
endfacet
facet normal -4.02958e-16 -0.392262 -0.919854
  outer loop
    vertex 1.296904892094994 7.228913181763074 -36.60057471177051
    vertex -1.296904892094982 7.228913181763077 -36.60057471177051
    vertex 5.184791843549926e-16 8.467407659350892 -37.1287177672646
  endloop
endfacet
facet normal 0.403401 -0.160012 -0.900924
  outer loop
    vertex -6.10511314773399 2.152802156534069 -36.19108431291426
    vertex -7.362697388445673 2.152802156534067 -36.75418529381115
    vertex -6.654941618553281 3.331456641504269 -36.64661660723776
  endloop
endfacet
facet normal 0.388631 -0.150402 -0.909035
  outer loop
    vertex -7.362697388445673 2.152802156534067 -36.75418529381115
    vertex -7.92173725912553 3.335376457450034 -37.18884645464548
    vertex -6.654941618553281 3.331456641504269 -36.64661660723776
  endloop
endfacet
facet normal 0.409426 -0.137933 -0.901856
  outer loop
    vertex -7.362697388445673 2.152802156534067 -36.75418529381115
    vertex -8.617356773374013 2.152802156534067 -37.32377711174752
    vertex -7.92173725912553 3.335376457450034 -37.18884645464548
  endloop
endfacet
facet normal 0.384964 -0.200763 -0.900831
  outer loop
    vertex -6.654941618553281 3.331456641504269 -36.64661660723776
    vertex -7.92173725912553 3.335376457450034 -37.18884645464548
    vertex -7.190332714982514 4.502883792328732 -37.1364814818732
  endloop
endfacet
facet normal -0.409426 -0.137933 -0.901856
  outer loop
    vertex 8.617356773374013 2.152802156534067 -37.32377711174752
    vertex 7.362697388445587 2.152802156534067 -36.75418529381112
    vertex 7.921737259124037 3.335376457448858 -37.18884645464462
  endloop
endfacet
facet normal -0.388631 -0.150402 -0.909035
  outer loop
    vertex 7.362697388445587 2.152802156534067 -36.75418529381112
    vertex 6.65494161855179 3.331456641503095 -36.64661660723689
    vertex 7.921737259124037 3.335376457448858 -37.18884645464462
  endloop
endfacet
facet normal -0.403401 -0.160012 -0.900924
  outer loop
    vertex 7.362697388445587 2.152802156534067 -36.75418529381112
    vertex 6.105113147733991 2.152802156534067 -36.19108431291426
    vertex 6.65494161855179 3.331456641503095 -36.64661660723689
  endloop
endfacet
facet normal -0.384964 -0.200763 -0.900831
  outer loop
    vertex 7.921737259124037 3.335376457448858 -37.18884645464462
    vertex 6.65494161855179 3.331456641503095 -36.64661660723689
    vertex 7.190332714979545 4.502883792326394 -37.13648148187143
  endloop
endfacet
facet normal 0 -0 -1
  outer loop
    vertex -2.583956649580422 5.935497595391753 -36.19108431291425
    vertex -1.291978324790208 4.04414987596291 -36.19108431291425
    vertex -4.738373104921038 4.41075775693623 -36.19108431291425
  endloop
endfacet
facet normal 3.63622e-16 3.41833e-15 -1
  outer loop
    vertex -1.291978324790208 4.04414987596291 -36.19108431291425
    vertex -3.052556573866992 2.152802156534067 -36.19108431291426
    vertex -4.738373104921038 4.41075775693623 -36.19108431291425
  endloop
endfacet
facet normal 0 3.75681e-15 -1
  outer loop
    vertex -1.291978324790208 4.04414987596291 -36.19108431291425
    vertex 6.217248937900877e-15 2.152802156534067 -36.19108431291426
    vertex -3.052556573866992 2.152802156534067 -36.19108431291426
  endloop
endfacet
facet normal 1.83122e-30 3.14684e-15 -1
  outer loop
    vertex -4.738373104921038 4.41075775693623 -36.19108431291425
    vertex -3.052556573866992 2.152802156534067 -36.19108431291426
    vertex -6.10511314773399 2.152802156534069 -36.19108431291426
  endloop
endfacet
facet normal 0 3.75681e-15 -1
  outer loop
    vertex 6.217248937900877e-15 2.152802156534067 -36.19108431291426
    vertex 1.291978324790225 4.044149875962905 -36.19108431291425
    vertex 3.052556573866999 2.152802156534067 -36.19108431291426
  endloop
endfacet
facet normal -3.63622e-16 3.41833e-15 -1
  outer loop
    vertex 1.291978324790225 4.044149875962905 -36.19108431291425
    vertex 4.73837310492105 4.410757756936218 -36.19108431291425
    vertex 3.052556573866999 2.152802156534067 -36.19108431291426
  endloop
endfacet
facet normal 0 0 -1
  outer loop
    vertex 1.291978324790225 4.044149875962905 -36.19108431291425
    vertex 2.583956649580444 5.935497595391744 -36.19108431291425
    vertex 4.73837310492105 4.410757756936218 -36.19108431291425
  endloop
endfacet
facet normal 0 3.14684e-15 -1
  outer loop
    vertex 3.052556573866999 2.152802156534067 -36.19108431291426
    vertex 4.73837310492105 4.410757756936218 -36.19108431291425
    vertex 6.105113147733991 2.152802156534067 -36.19108431291426
  endloop
endfacet
facet normal 7.74792e-30 3.75681e-15 -1
  outer loop
    vertex 6.217248937900877e-15 2.152802156534067 -36.19108431291426
    vertex -1.291978324790208 4.04414987596291 -36.19108431291425
    vertex 1.291978324790225 4.044149875962905 -36.19108431291425
  endloop
endfacet
facet normal 0 0 -1
  outer loop
    vertex -1.291978324790208 4.04414987596291 -36.19108431291425
    vertex 1.333316043045709e-14 6.473558810408087 -36.19108431291425
    vertex 1.291978324790225 4.044149875962905 -36.19108431291425
  endloop
endfacet
facet normal 0 0 -1
  outer loop
    vertex -1.291978324790208 4.04414987596291 -36.19108431291425
    vertex -2.583956649580422 5.935497595391753 -36.19108431291425
    vertex 1.333316043045709e-14 6.473558810408087 -36.19108431291425
  endloop
endfacet
facet normal 0 0 -1
  outer loop
    vertex 1.291978324790225 4.044149875962905 -36.19108431291425
    vertex 1.333316043045709e-14 6.473558810408087 -36.19108431291425
    vertex 2.583956649580444 5.935497595391744 -36.19108431291425
  endloop
endfacet
endsolid Created by Gmsh
